created_at;id_str;full_text;quote_count;reply_count;retweet_count;favorite_count;lang;user_id_str;conversation_id_str;username;tweet_url
Mon Mar 27 23:58:17 +0000 2023;1640503539687456769;"Thunderstorms Besok Suhu Udara di Rembang Tertinggi 89F dan Terendah 77F. by PT Amir Hajar Kilsi https://t.co/5j81A31XIt";0;0;0;0;in;1062896329553207296;1640503539687456769;AmirHajarKilsi;https://twitter.com/AmirHajarKilsi/status/1640503539687456769
Mon Mar 27 23:07:52 +0000 2023;1640490852748349454;"300 Guru TK Asal Rembang Hari Ini Datangi DPR, Bawa 7 Tuntutan https://t.co/LnNslDs9qB";0;0;0;0;in;1347138656587313156;1640490852748349454;FunderRei;https://twitter.com/FunderRei/status/1640490852748349454
Mon Mar 27 22:59:39 +0000 2023;1640488783517712388;"Seorang pria warga Pamotan, Rembang berinisial EP (22), diringkus tim Sat Reskrim Polres Rembang. Ia menjadi tersangka pengedaran uang palsu.  Baca selengkapnya:   https://t.co/u1I9eKhgBe";0;0;0;0;in;1438906379272548353;1640488783517712388;katakutipcom;https://twitter.com/katakutipcom/status/1640488783517712388
Mon Mar 27 22:57:01 +0000 2023;1640488121363238912;"Gelar Demo di DPR, Ratusan Guru TK Non PNS Rembang Akan Ajukan 7 Tuntutan #LengkapCepatBeritanya #BeritaTerkini #Berita #News #BeritaNasional . https://t.co/JDW21QXXoa";0;0;0;1;in;47274731;1640488121363238912;okezonenews;https://twitter.com/okezonenews/status/1640488121363238912
Mon Mar 27 22:51:16 +0000 2023;1640486674361909248;"Baja Perindo Gelar Sahur Bersama 300 Guru TK Kabupaten Rembang di Masjid Istiqlal #LengkapCepatBeritanya #BeritaTerkini #Berita #News #BeritaNasional . https://t.co/IJnici43fm";0;0;0;1;in;47274731;1640486674361909248;okezonenews;https://twitter.com/okezonenews/status/1640486674361909248
Mon Mar 27 22:33:13 +0000 2023;1640482130072580096;"@andrianrpratama @adriansyahyasin Rembang gak ono KRL mergane";0;0;0;0;in;1159850181086498816;1640224242628272129;carelct;https://twitter.com/carelct/status/1640482130072580096
Mon Mar 27 21:16:03 +0000 2023;1640462713196527616;"KH Bahauddin Nursalim atau yang biasa disapa Gus Baha mengungkap asal usul syariat Salat Tarawih yang dilaksanakan umat Muslim setiap malam bulan Ramadan. Pengasuh Pesantren Tahfidzul Qur’an Kabupaten Rembang ini menyebut jumhur (mayoritas) ulama telah… https://t.co/XqKXRmlKqw";0;0;1;4;in;46693036;1640462713196527616;inilahdotcom;https://twitter.com/inilahdotcom/status/1640462713196527616
Mon Mar 27 21:00:03 +0000 2023;1640458685276393472;"ternyata wong iki dapil kab. rembang juga 😂";0;0;0;0;in;237202804;1640267902032183296;marvianrizki;https://twitter.com/marvianrizki/status/1640458685276393472
Mon Mar 27 18:34:19 +0000 2023;1640422010869395459;"Setelah jadi manusia nomaden di palembang rembang, jadi anak mama di surabaya, sekarang dah jadi anak kos lagi wkwk";0;0;0;2;in;1353554006560268290;1640422010869395459;spammaniac1;https://twitter.com/spammaniac1/status/1640422010869395459
Mon Mar 27 17:05:48 +0000 2023;1640399733247328256;"@melongena_L @andrianrpratama @adriansyahyasin Gak kabeh wong rembang ki pinter slur 🙏";0;0;0;0;in;1587544290;1640224242628272129;arsanata_;https://twitter.com/arsanata_/status/1640399733247328256
Mon Mar 27 15:40:00 +0000 2023;1640378141133742082;"BMKG memprakirakan sejumlah daerah di Jawa Tengah memasuki musim kemarau pada pertengahan April mendatang. Saat ini Kabupaten Pekalongan, Pemalang, Tegal, Demak, Jepara, Kudus, Pati, dan Rembang, tengah memasuki pancaroba  #bmkg  Cc: @infomitigasi   https://t.co/4UtvE3taQT";0;0;1;1;in;902837643024539651;1640378141133742082;medcom_id;https://twitter.com/medcom_id/status/1640378141133742082
Mon Mar 27 15:36:59 +0000 2023;1640377381121585152;"Lihat postingan ini… “Sewa scissor lift di pati pemalang semarang kendal batang rembang jepara cilacap purwokerto klaten kudus “. https://t.co/1FKsnGftPR";0;0;1;0;in;125232432;1640377381121585152;nuvianrizal;https://twitter.com/nuvianrizal/status/1640377381121585152
Mon Mar 27 15:33:46 +0000 2023;1640376571986055174;"Seng tenang prinsipe wong Lanang nak wes duwe siji ora bakal ngelirik liyane. :)";0;0;0;0;in;1639274939420213255;1640376571986055174;rembang_kelaran;https://twitter.com/rembang_kelaran/status/1640376571986055174
Mon Mar 27 15:08:41 +0000 2023;1640370261387255809;"Bismillah ,,, Ingin mengucapkan Selamat/Duka atau ucapan lainnya kepada Kerabat anda dengan Karangan Bunga,,, Hubungi kami 🌷 ngolahan Florist🌹 📲085235370797 https://t.co/5D3xOrNIdB (Terpercaya,Amanah,)  lokasi pengiriman #rembang  #lasem";0;0;0;0;in;1607022790741487616;1640370261387255809;bunga_kudus;https://twitter.com/bunga_kudus/status/1640370261387255809
Mon Mar 27 15:04:38 +0000 2023;1640369241550655495;"@_Yowessabar_ 𝘖𝘳𝘢 𝘢𝘺𝘶 𝘰𝘳𝘢 𝘗𝘰𝘱𝘰 𝘚𝘪𝘯𝘨 𝘱𝘦𝘯𝘵𝘪𝘯𝘨 𝘯𝘦𝘬 𝘥𝘪𝘵𝘶𝘬𝘰𝘬𝘯𝘰 𝘣𝘢𝘥𝘰𝘨𝘢𝘯 𝘥𝘪𝘦𝘯𝘵𝘦𝘬𝘯𝘰.";0;0;0;0;in;1639274939420213255;1639375508340359168;rembang_kelaran;https://twitter.com/rembang_kelaran/status/1640369241550655495
Mon Mar 27 14:22:44 +0000 2023;1640358697334628354;"KOPI LELET RAJA SRUPUT kopi khas lasem *Dijamin original 100% * Kualitas terjamin Bubuk kopi halus Kopi robusta Kopi lelet khas lasem rembang  dibuat dari biji kopi pilihan dan cita rasa khas kopi lasem yang sudah melegenda sejak dahulu.  Kopi lelet https://t.co/fqELskcwO0 https://t.co/V0d1khBVOQ";0;0;6;5;in;1619860335699308544;1640358697334628354;pasaranku1;https://twitter.com/pasaranku1/status/1640358697334628354
Mon Mar 27 14:17:09 +0000 2023;1640357294155403264;"@hrdbacot EVITA NURSANTY anggota Komisi VI DPR RI dari fraksi pdip dapil jawa tengah III ( Kabupaten Blora, Grobogan, Pati, Rembang ) monggo yang warga blora grobogan pati dan rembang, tanggungjawab kalian yg dulu milih orang ini";0;0;0;0;in;234348722;1640244367825977347;Nov_ietha;https://twitter.com/Nov_ietha/status/1640357294155403264
Mon Mar 27 13:30:21 +0000 2023;1640345513324318720;"@kimoychiii @sifa_fauzia @hrdbacot @andre_rosiade @Evitanursanty Lebih tepatnya jateng 3 sebagian relnya nonaktif di rembang, blora (tidak termasuk rel aktif cepu) , pati , Grobogan (purwodadi relnya gak aktif) #cmiiw";0;0;0;0;in;1614027552888328199;1640328428674232321;NurraudhahHuse1;https://twitter.com/NurraudhahHuse1/status/1640345513324318720
Mon Mar 27 13:28:45 +0000 2023;1640345112529227777;"Jateng III : Kabupaten Pati, Kabupaten blora, Kabupaten rembang";0;0;0;0;in;69533951;1640345112529227777;bagaswidodo;https://twitter.com/bagaswidodo/status/1640345112529227777
Mon Mar 27 13:24:09 +0000 2023;1640343953970020352;"jaman saiki enak, jkt-sby cm 11 jam. mbiyeeennn thn 2016 ke bawah haduuuh sampe kudu nginep nang batang / rembang 😭 soale ga kuat kudu nyetir solo 20 jam. thx pak @jokowi sudah bikin tol transjawa ✊🏻 tolong tol nya diterusin soalnya leces itu macet pol pak, saestu";0;0;0;1;in;156882541;1640342227481157634;himechwaan;https://twitter.com/himechwaan/status/1640343953970020352
Mon Mar 27 13:01:11 +0000 2023;1640338176182202371;"→ Let's G° ¡ ╭─╼╭━╮╿╿╭━╮┑╿┍ ┠─╼╰━╯╽╽╰━╯╰┻╯ ┷  ✨ 𝐁𝐞𝐛 𝐕𝐢𝐨 | ᵇᵃˢᵉ ˢᵘʳᵃᵇᵃʸᵃ     💞 @queensnow101       💞 @Imissyyu    💞 @BebVvii  Schedule Today at Surabaya 28-29 Malang  29-31 Surabaya  - April 1 Rembang 2-3 Pati https://t.co/lMAvpYe4eP";0;0;0;0;tl;711225477738995712;1640338176182202371;callme__glo;https://twitter.com/callme__glo/status/1640338176182202371
Mon Mar 27 12:54:04 +0000 2023;1640336381766680576;"Dapil plat K/jateng 3 ini Minimal tau bekas kondisi stasiun aja dapil nya aja dah syukur... tuh bekas stasiun rembang banyak karaoke pantura disana, sm bekas stasiun blora banyak rental ps sm jadi terminal angkot...  😂🙏";0;1;0;0;in;1661818380;1640336381766680576;ndrp_nda;https://twitter.com/ndrp_nda/status/1640336381766680576
Mon Mar 27 12:47:11 +0000 2023;1640334653386285057;"155.KAKANWIL KEMENKUMHAM JATENG Dr A YUSPAHRUDDIN:  Tingkatkan Sinergitas, Rutan Rembang Teken MoU dengan RSI Arafah Rembang https://t.co/9S6mW4IQcJ #KemenkumhamJateng #AYuspahruddin #KumhamPasti @Kemenkumham_RI @kemenkumhamjtg";0;0;0;0;in;2526590341;1640334653386285057;rutankudus;https://twitter.com/rutankudus/status/1640334653386285057
Mon Mar 27 12:46:26 +0000 2023;1640334463086514181;"145.KAKANWIL KEMENKUMHAM JATENG Dr A YUSPAHRUDDIN:  Resmi! Rutan Rembang Teken MoU dengan RSI Arafah Rembang https://t.co/PSUIFFEqnq #KemenkumhamJateng #AYuspahruddin #KumhamPasti @Kemenkumham_RI @kemenkumhamjtg";0;0;0;0;in;2526590341;1640334463086514181;rutankudus;https://twitter.com/rutankudus/status/1640334463086514181
Mon Mar 27 12:46:23 +0000 2023;1640334450654584836;"144.KAKANWIL KEMENKUMHAM JATENG Dr A YUSPAHRUDDIN:  Resmi! Rutan Rembang Teken Kerjasama Dengan RSI Arafah Rembang https://t.co/pgbjP86UQe #KemenkumhamJateng #AYuspahruddin #KumhamPasti @Kemenkumham_RI @kemenkumhamjtg";0;0;0;0;in;2526590341;1640334450654584836;rutankudus;https://twitter.com/rutankudus/status/1640334450654584836
Mon Mar 27 12:33:25 +0000 2023;1640331185338597377;"Ohhh si ibu dari partai ono, dapil rembang";0;1;0;0;in;85563757;1640331185338597377;reni_triasari;https://twitter.com/reni_triasari/status/1640331185338597377
Mon Mar 27 12:24:25 +0000 2023;1640328923451133953;"@ayyoesh Kasi paham aja ibunya, maklum dapilnya dari daerah yang gak ada kereta kaya Rembang Pati, sama Blora Grobogan yang ada kereta tapi stasiunnya jauh dari kota";0;1;0;1;in;746828334;1640325179225280512;muharafiansyah;https://twitter.com/muharafiansyah/status/1640328923451133953
Mon Mar 27 12:07:41 +0000 2023;1640324711874973696;"@asmirzakovic @bejo_junior Non aktif Rembang - sulang - Blora Rembang - Lasem Demak - Purwodadi Purwodadi - Wirosari Wirosari - Kradenan Wirosari - Blora Blora - Cepu";0;3;2;2;in;1619443765;1640321219630350336;BisKota_;https://twitter.com/BisKota_/status/1640324711874973696
Mon Mar 27 12:04:54 +0000 2023;1640324008876052481;"@bejo_junior @BisKota_ oh iya ralat. Grobogan-Blora masih aktif. Pati-Rembang non aktif.";0;1;0;0;in;170144877;1640321219630350336;asmirzakovic;https://twitter.com/asmirzakovic/status/1640324008876052481
Mon Mar 27 11:43:15 +0000 2023;1640318560059949057;"@undtknow @nahar_gostu @andipetet @BonnieTriyana @fajarnugros @seringkluyuran Kudus Demak Jepara Jateng 2 Pati Rembang Blora Grobogan Jateng 3. mohon dimaklumi ya.... ga ada sepur d sini. Stasiun aja udah alih fungsi jadi karaoke. hehehehe....";2;3;0;0;in;170144877;1640256716939096064;asmirzakovic;https://twitter.com/asmirzakovic/status/1640318560059949057
Mon Mar 27 11:26:15 +0000 2023;1640314282259918848;"@cinderjaems rembang, jateng";0;0;0;0;in;1320250671656960000;1640286588730048512;1mintchoc0;https://twitter.com/1mintchoc0/status/1640314282259918848
Mon Mar 27 11:14:41 +0000 2023;1640311373220679681;"Cebong lu @Ndons_Back   Ganjar Andalkan Program Bapak Asuh Atasi Kemiskinan, Terbukti di Blora dan Rembang https://t.co/plH6h16sLP";2;8;3;10;in;1289954556411969537;1640311373220679681;Ndons_Back;https://twitter.com/Ndons_Back/status/1640311373220679681
Mon Mar 27 11:12:54 +0000 2023;1640310923859746824;"Andai yg setia di bayar  Pasti gua udah kaya🥲";0;0;0;0;in;1639274939420213255;1640310923859746824;rembang_kelaran;https://twitter.com/rembang_kelaran/status/1640310923859746824
Mon Mar 27 10:43:57 +0000 2023;1640303640085921792;"@andrianrpratama @adriansyahyasin Eh tetangga sebelah tenyata. Ya pantes org rembang gada kereta emng🤣";0;0;0;0;in;1622029260;1640224242628272129;aamiinkanya;https://twitter.com/aamiinkanya/status/1640303640085921792
Mon Mar 27 10:38:47 +0000 2023;1640302336445923329;"Partai 'Wong Cilik' dari Dapil Rembang dan sekitarnya. Sudah muak dengan orang-orang semacam ini. Minim pengetahuan dan empati.";0;0;0;1;in;89166165;1640302336445923329;iqbal_kautsar;https://twitter.com/iqbal_kautsar/status/1640302336445923329
Mon Mar 27 10:23:56 +0000 2023;1640298602282221570;"@gerbongbagasi Belio dapil rembang btw 😂";0;2;0;0;in;93610805;1640292588535296001;MDHFNK;https://twitter.com/MDHFNK/status/1640298602282221570
Mon Mar 27 10:14:06 +0000 2023;1640296127710007296;"Beli Handphone dengan Uang Palsu, Seorang Remaja di Rembang Ditangkap Polisi https://t.co/V3Fy0AJvfD";0;0;0;2;in;55507370;1640296127710007296;tvOneNews;https://twitter.com/tvOneNews/status/1640296127710007296
Mon Mar 27 10:04:12 +0000 2023;1640293633554518017;"Calling out to warga Dapil III Jateng (Blora,Grobogan, Pati, Rembang) yg merasa pernah memilih orang ini barangkali ada yg mau benerin jalan pikiran Ibu Ibu berambut sasak ini.  https://t.co/ERzhNhfzBP";0;1;1;1;in;131837905;1640293633554518017;JudeWikrama;https://twitter.com/JudeWikrama/status/1640293633554518017
Mon Mar 27 09:58:25 +0000 2023;1640292178789556224;"KAKANWIL KEMENKUMHAM JATENG Dr A YUSPAHRUDDIN:  Tingkatkan Sinergitas, Rutan Rembang Teken MoU dengan RSI Arafah Rembang https://t.co/gfalbPF4oF #KemenkumhamJateng #AYuspahruddin #KumhamPasti @Kemenkumham_RI @kemenkumhamjtg";0;0;0;0;in;2524075530;1640292178789556224;Bapas_Magelang;https://twitter.com/Bapas_Magelang/status/1640292178789556224
Mon Mar 27 09:57:59 +0000 2023;1640292072375869441;"dapil rembang ngomongin KRL, ngomongin pantura aja";0;0;0;1;in;305557578;1640292072375869441;stellasawo;https://twitter.com/stellasawo/status/1640292072375869441
Mon Mar 27 09:56:49 +0000 2023;1640291775456907267;"KAKANWIL KEMENKUMHAM JATENG Dr A YUSPAHRUDDIN:  Resmi! Rutan Rembang Teken MoU dengan RSI Arafah Rembang https://t.co/LOg89H4503 #KemenkumhamJateng #AYuspahruddin #KumhamPasti @Kemenkumham_RI @kemenkumhamjtg";0;0;0;0;in;2524075530;1640291775456907267;Bapas_Magelang;https://twitter.com/Bapas_Magelang/status/1640291775456907267
Mon Mar 27 09:56:38 +0000 2023;1640291730015797250;"KAKANWIL KEMENKUMHAM JATENG Dr A YUSPAHRUDDIN:  Resmi! Rutan Rembang Teken Kerjasama Dengan RSI Arafah Rembang https://t.co/tGwYIviAVo #KemenkumhamJateng #AYuspahruddin #KumhamPasti @Kemenkumham_RI @kemenkumhamjtg";0;0;0;0;in;2524075530;1640291730015797250;Bapas_Magelang;https://twitter.com/Bapas_Magelang/status/1640291730015797250
Mon Mar 27 09:55:54 +0000 2023;1640291545202200576;"KONFERENSI PERS TINDAK PIDANA PENGEDARAN UANG PALSU SATRESKRIM POLRES REMBANG.  #polri  #polresrembang  #kapolresrembang  #polripresisi https://t.co/543LsbsZ80";0;0;0;1;in;1536567484693852166;1640291545202200576;HumasResRembang;https://twitter.com/HumasResRembang/status/1640291545202200576
Mon Mar 27 09:37:29 +0000 2023;1640286913205796866;"KAKANWIL KEMENKUMHAM JATENG Dr A YUSPAHRUDDIN:  Tingkatkan Sinergitas, Rutan Rembang Teken MoU dengan RSI Arafah Rembang https://t.co/oJIhbwcGq3 #KemenkumhamJateng #AYuspahruddin #KumhamPasti @Kemenkumham_RI @kemenkumhamjtg,";0;0;0;0;in;2492210532;1640286913205796866;lapasklaten;https://twitter.com/lapasklaten/status/1640286913205796866
Mon Mar 27 09:36:58 +0000 2023;1640286781424934913;"KAKANWIL KEMENKUMHAM JATENG Dr A YUSPAHRUDDIN:  Resmi! Rutan Rembang Teken MoU dengan RSI Arafah Rembang https://t.co/tjX2Dim7Sk #KemenkumhamJateng #AYuspahruddin #KumhamPasti @Kemenkumham_RI @kemenkumhamjtg,";0;0;0;0;in;2492210532;1640286781424934913;lapasklaten;https://twitter.com/lapasklaten/status/1640286781424934913
Mon Mar 27 09:36:58 +0000 2023;1640286781194256385;"@Ard4nnA @SusiloELS @hrdbacot Dapil Jateng 3 Grobogan, Blora, Pati, Rembang. Di Grobogan kenceng banget nih orang, maklum kandang redbul";1;1;0;20;in;464409377;1640244367825977347;Anak__sehat;https://twitter.com/Anak__sehat/status/1640286781194256385
Mon Mar 27 09:36:53 +0000 2023;1640286759966883840;"KAKANWIL KEMENKUMHAM JATENG Dr A YUSPAHRUDDIN:  Resmi! Rutan Rembang Teken Kerjasama Dengan RSI Arafah Rembang https://t.co/cLW5NxGOba #KemenkumhamJateng #AYuspahruddin #KumhamPasti @Kemenkumham_RI @kemenkumhamjtg,";0;0;0;0;in;2492210532;1640286759966883840;lapasklaten;https://twitter.com/lapasklaten/status/1640286759966883840
Mon Mar 27 09:28:57 +0000 2023;1640284762760937472;"#BeritaJateng Jadwal Buka Puasa Kudus, Jepara, Pati, Blora, &amp  Rembang, Senin 27 Maret 2023 #jadwalbukapuasa #kudusraya https://t.co/2nzlm8R8rJ";0;0;0;0;in;79130206;1640284762760937472;jpnncom;https://twitter.com/jpnncom/status/1640284762760937472
Mon Mar 27 09:25:04 +0000 2023;1640283785278410752;"Jadwal Buka Puasa Kudus, Jepara, Pati, Blora, &amp  Rembang, Senin 27 Maret 2023 #jadwalbukapuasakudus https://t.co/2nzlm8R8rJ";0;0;0;0;in;79130206;1640283785278410752;jpnncom;https://twitter.com/jpnncom/status/1640283785278410752
Mon Mar 27 09:17:05 +0000 2023;1640281778467512324;"KAKANWIL KEMENKUMHAM JATENG Dr A YUSPAHRUDDIN:  Tingkatkan Sinergitas, Rutan Rembang Teken MoU dengan RSI Arafah Rembang https://t.co/QwAr2qltF7 #KemenkumhamJateng #AYuspahruddin #KumhamPasti @Kemenkumham_RI @kemenkumhamjtg";0;0;0;0;in;3811728372;1640281778467512324;rutanboyolali;https://twitter.com/rutanboyolali/status/1640281778467512324
Mon Mar 27 09:04:37 +0000 2023;1640278638691246081;"@ratiiih_ @adriansyahyasin warga Jateng dapil Jateng III Grobogan, Blora, Pati, Rembang inikah pilihan kalian kemarin? kok bisa ya orang kaya dia diberi kapasitas untuk mewakili rakyat🤔";0;0;0;1;in;1165654089767636992;1640224242628272129;fixxbar_;https://twitter.com/fixxbar_/status/1640278638691246081
Mon Mar 27 09:04:26 +0000 2023;1640278594080641026;"REMBANG 24 JAM ⏰️       + sedikit Kuduz ------------------------- Di masa sekarang tetep ga worth untuk menempuh jalanan Jakenan - Jaken - Batangan - X-ori https://t.co/mWlCLrR47B";0;1;0;0;in;49465717;1448259223406596107;tomikalaza;https://twitter.com/tomikalaza/status/1640278594080641026
Mon Mar 27 08:59:40 +0000 2023;1640277394861768704;"@fajarnugros dapil rembang itu";0;0;0;3;in;119217603;1640266865003106304;diazepam40mg;https://twitter.com/diazepam40mg/status/1640277394861768704
Mon Mar 27 08:55:12 +0000 2023;1640276270155182082;""Ceritanya mau meninjau tempat latihan di Setu Rembang yang tempat dingin itu,” tutur Taufik, dikutip https://t.co/2CQIJ0JWWi dari Instagram tumgrd, Selasa (21/3/2023). #PrabowoUntukIndonesia #IkutPakde Prabowo Subianto";0;1;0;0;in;1287936042750758912;1640276261854654464;mercifulove;https://twitter.com/mercifulove/status/1640276270155182082
Mon Mar 27 08:51:05 +0000 2023;1640275235995021314;"PLTU Tanjung Jati B mampu menghasilkan FABA sekitar 359.000 ton per tahun, sementara PLTU Rembang menghasilkan 67.000 ton per tahun dan PLTU Adipala sebanyak 80.000 ton.";0;1;0;0;in;1640154254659948544;1640274924031078400;kusuma__adi;https://twitter.com/kusuma__adi/status/1640275235995021314
Mon Mar 27 08:51:01 +0000 2023;1640275218043400196;"Khususnya di Jawa Tengah, PLN mengoperasikan PLTU Tanjung Jati B di Jepara, PLTU Rembang dan PLTU Adipala di Cilacap.";0;1;0;0;in;1640154254659948544;1640274924031078400;kusuma__adi;https://twitter.com/kusuma__adi/status/1640275218043400196
Mon Mar 27 08:46:43 +0000 2023;1640274135359135747;"@andrianrpratama @adriansyahyasin Oh dapil Rembang. Pantes belom pernah naik KRL.";0;0;0;0;in;53050891;1640224242628272129;annisalrazi;https://twitter.com/annisalrazi/status/1640274135359135747
Mon Mar 27 08:36:04 +0000 2023;1640271456079863808;"KAKANWIL KEMENKUMHAM JATENG Dr A YUSPAHRUDDIN: Tingkatkan Sinergitas, Rutan Rembang Teken MoU dengan RSI Arafah Rembang https://t.co/4OWNrgmoeB #KemenkumhamJateng #AYuspahruddin #KumhamPasti @Kemenkumham_RI @kemenkumhamjtg";0;0;0;0;in;2366534948;1640271456079863808;bapaspati;https://twitter.com/bapaspati/status/1640271456079863808
Mon Mar 27 08:35:56 +0000 2023;1640271422680612864;"KAKANWIL KEMENKUMHAM JATENG Dr A YUSPAHRUDDIN: Resmi! Rutan Rembang Teken MoU dengan RSI Arafah Rembang https://t.co/QR25YuFrFv #KemenkumhamJateng #AYuspahruddin #KumhamPasti @Kemenkumham_RI @kemenkumhamjtg";0;0;0;0;in;2366534948;1640271422680612864;bapaspati;https://twitter.com/bapaspati/status/1640271422680612864
Mon Mar 27 08:35:55 +0000 2023;1640271419560050689;"KAKANWIL KEMENKUMHAM JATENG Dr A YUSPAHRUDDIN: Resmi! Rutan Rembang Teken Kerjasama Dengan RSI Arafah Rembang https://t.co/zyHfmxuw1v #KemenkumhamJateng #AYuspahruddin #KumhamPasti @Kemenkumham_RI @kemenkumhamjtg";0;0;0;0;in;2366534948;1640271419560050689;bapaspati;https://twitter.com/bapaspati/status/1640271419560050689
Mon Mar 27 08:07:19 +0000 2023;1640264221555556352;"@adriansyahyasin Wah ibuke perwakilan rembang, kaya mudeng aja naik krl 🙄";0;2;0;0;in;1310918640988872709;1640224242628272129;karenpahaatas;https://twitter.com/karenpahaatas/status/1640264221555556352
Mon Mar 27 07:51:40 +0000 2023;1640260283624194048;"Video berisi perkelahian remaja di Rembang viral di media sosial. Polisi turun tangan mengecek video yang dinarasikan 'Marhaban Ya Gelutan' itu. https://t.co/nR19zVVnFj";0;1;1;0;in;1255722169;1640260283624194048;Prihati_utami;https://twitter.com/Prihati_utami/status/1640260283624194048
Mon Mar 27 07:51:29 +0000 2023;1640260236295696387;"Kamu tidak mengamalkan sesuatu karena takut Riya' (pamer) itu sama saja dengan kamu melakukan Riya' (pamer).   ~Al-Adzkar An Nawawiyah~  Leteh, Rembang, Ramadhan 1444 H";0;0;0;0;in;981265002458882048;1640260236295696387;pahlawan_lemahh;https://twitter.com/pahlawan_lemahh/status/1640260236295696387
Mon Mar 27 07:45:23 +0000 2023;1640258700593221632;"TIBAKE WONG REMBANG 🥲🥲🥲";0;0;0;0;in;1066506648380833792;1640258700593221632;_DiazaOA;https://twitter.com/_DiazaOA/status/1640258700593221632
Mon Mar 27 07:43:01 +0000 2023;1640258104167403525;"Pantai Indah Layur adalah sebuah objek wisata yang terletak di Desa Gedongmulyo, Kecamatan Lasem, Kabupaten Rembang. Di sana, wisatawan bisa menikmati suasana pantai dengan pemandangan pegunungan.  https://t.co/820nwdPIAl";0;0;0;0;in;1115596135287025664;1640258104167403525;tribunnewswiki;https://twitter.com/tribunnewswiki/status/1640258104167403525
Mon Mar 27 07:42:48 +0000 2023;1640258050773639170;"COD HP Pakai Uang Palsu, Remaja di Rembang Diringkus https://t.co/fJBIaDBZii";0;0;0;0;in;598959076;1640258050773639170;20detik;https://twitter.com/20detik/status/1640258050773639170
Mon Mar 27 07:40:05 +0000 2023;1640257366401904640;"@wtfiseji @chika_rizkia @adriansyahyasin Plot twist Ybs dari Dapil Jateng 3 Kabupaten Blora, Kabupaten Grobogan, Kabupaten Pati, dan Kabupaten Rembang.";0;0;0;3;in;289953394;1640224242628272129;jumadi097;https://twitter.com/jumadi097/status/1640257366401904640
Mon Mar 27 07:39:07 +0000 2023;1640257122465378305;"@andrianrpratama @adriansyahyasin dapil rembang cok ngomong kereta, ex stasiun rembang loh belakang e banyak karaoke wkkw";0;0;0;6;in;791178381245034496;1640224242628272129;ichikoo__;https://twitter.com/ichikoo__/status/1640257122465378305
Mon Mar 27 07:25:39 +0000 2023;1640253733874573313;"PLTU Tanjung Jati B mampu menghasilkan FABA sekitar 359.000 ton per tahun, sementara PLTU Rembang menghasilkan 67.000 ton per tahun dan PLTU Adipala sebanyak 80.000 ton.";0;1;0;0;in;1640192755770216448;1640253724210888705;menantui49;https://twitter.com/menantui49/status/1640253733874573313
Mon Mar 27 07:25:38 +0000 2023;1640253731437678592;"Khususnya di Jawa Tengah, PLN mengoperasikan PLTU Tanjung Jati B di Jepara, PLTU Rembang dan PLTU Adipala di Cilacap.";0;1;0;0;in;1640192755770216448;1640253724210888705;menantui49;https://twitter.com/menantui49/status/1640253731437678592
Mon Mar 27 07:23:08 +0000 2023;1640253102141112321;"PLTU Tanjung Jati B mampu menghasilkan FABA sekitar 359.000 ton per tahun, sementara PLTU Rembang menghasilkan 67.000 ton per tahun dan PLTU Adipala sebanyak 80.000 ton.";0;1;0;0;in;1640212124319502336;1640253092351586304;taatp97;https://twitter.com/taatp97/status/1640253102141112321
Mon Mar 27 07:23:08 +0000 2023;1640253099599368192;"Khususnya di Jawa Tengah, PLN mengoperasikan PLTU Tanjung Jati B di Jepara, PLTU Rembang dan PLTU Adipala di Cilacap.";0;1;0;0;in;1640212124319502336;1640253092351586304;taatp97;https://twitter.com/taatp97/status/1640253099599368192
Mon Mar 27 07:15:28 +0000 2023;1640251171511336960;"@pratamaadlian Dapil Rembang ngomong kereta komuter. Ditambah KAJJ aja gak ada jalur ke sana";0;1;0;0;in;137527891;1640242658504486913;hasaindrawan;https://twitter.com/hasaindrawan/status/1640251171511336960
Mon Mar 27 06:58:14 +0000 2023;1640246833829269504;"@andrianrpratama @adriansyahyasin Oalah dapil Rembang...";0;0;0;0;in;123302299;1640224242628272129;ilhamdhi;https://twitter.com/ilhamdhi/status/1640246833829269504
Mon Mar 27 06:57:38 +0000 2023;1640246683924860929;"@hrdbacot Bahan rapat cuma dr kertas, mana dia dapil jateng rembang. Sangat jauh dr "tau"  Apakah kita keos apakah kita keos bae";0;0;0;2;in;78008720;1640244367825977347;pentjitraan;https://twitter.com/pentjitraan/status/1640246683924860929
Mon Mar 27 06:55:29 +0000 2023;1640246142855426048;"KAKANWIL KEMENKUMHAM JATENG Dr A YUSPAHRUDDIN:  Tingkatkan Sinergitas, Rutan Rembang Teken MoU dengan RSI Arafah Rembang https://t.co/J2uJpaNwan #KemenkumhamJateng #AYuspahruddin #KumhamPasti @Kemenkumham_RI @kemenkumhamjtg";0;0;0;0;in;1620990708634243074;1640246142855426048;pati_humas;https://twitter.com/pati_humas/status/1640246142855426048
Mon Mar 27 06:52:11 +0000 2023;1640245312534237184;"Senin, 27 Maret 2023 Melaksanakan Kegiatan Apel Pagi setiap hari Senin di Halaman Kantor Kecamatan Rembang yang di ikuti seluruh Karyawan dan Karyawati Kecamatan Rembang dan Pendamping Desa. " Selamat Menjalankan Ibadah Puasa, MARHABAN YA RAMADHAN🙏🙏🙏" https://t.co/8jn8O7ORwZ";0;0;0;0;in;1636538444125175812;1640245312534237184;RembangYes44415;https://twitter.com/RembangYes44415/status/1640245312534237184
Mon Mar 27 06:51:33 +0000 2023;1640245154606108673;"Anggota Koramil 03/ Sulang dipimpin Peltu Janu melaksanakan kegiatan perawatan tanaman tebu dilahan Demplot Tebu Koramil 03/Sulang Kodim 0720/Rembang,di Desa Kaliombo Kecamatan Sulang. Senin, 27/03/23. https://t.co/EZMWK5DFYE";0;0;0;3;in;1542506449762664448;1640245154606108673;Warastra073;https://twitter.com/Warastra073/status/1640245154606108673
Mon Mar 27 06:48:57 +0000 2023;1640244497933291521;"Sabtu, 25 Maret 2023 Pelayanan publik Kecamatan Rembang MENYAPA: 1. Mudah akses 2. Efektif 3. Nyaman 4. Akurat 5. Prosedur sederhana 6. Akuntabel dalam kegiatan percepatan perekaman untuk pemula Untuk Rembang Gemilang " Selamat Menjalankan Ibadah Puasa,MARHABAN YA RAMADHAN🙏🙏🙏" https://t.co/28LhNbv5bb";0;0;0;0;in;1636538444125175812;1640244497933291521;RembangYes44415;https://twitter.com/RembangYes44415/status/1640244497933291521
Mon Mar 27 06:48:42 +0000 2023;1640244434175668224;"REMBANG - Serda Teguh Widodo Babinsa Tasikharjo dan Babinkamtibmas Komsos dengan Ibu Yanti Sekdes selaku Panitia rehab Musholla Al Huda tempat  Dusun Wates Desa  Tasikharjo https://t.co/lAdvIpI9Eu";0;0;0;3;in;1542506449762664448;1640244434175668224;Warastra073;https://twitter.com/Warastra073/status/1640244434175668224
Mon Mar 27 06:46:03 +0000 2023;1640243769017786368;"Guna mendukung Tupok sebagai seorang Babinsa serta terwujudnya Kemanunggalan TNI-Rakyat, Babinsa Koramil 13/Sedan, Kodim 0720/Rembang Koptu Sugianto secara rutin dan berkesinambungan laksanakan Komsos dengan masyarakat di Desa Sambong, Kec. Sedan Kab  Rembang, Senin (27/03/23). https://t.co/Kp75jGzyby";0;0;0;3;in;1542506449762664448;1640243769017786368;Warastra073;https://twitter.com/Warastra073/status/1640243769017786368
Mon Mar 27 06:45:28 +0000 2023;1640243620644294656;"KAKANWIL KEMENKUMHAM JATENG Dr A YUSPAHRUDDIN:  Tingkatkan Sinergitas, Rutan Rembang Teken MoU dengan RSI Arafah Rembang https://t.co/rhgQafjU7J #KemenkumhamJateng #AYuspahruddin #KumhamPasti @Kemenkumham_RI @kemenkumhamjtg";0;0;0;0;in;1025594486108303360;1640243620644294656;LapasWonogiri;https://twitter.com/LapasWonogiri/status/1640243620644294656
Mon Mar 27 06:44:22 +0000 2023;1640243346366160896;"KAKANWIL KEMENKUMHAM JATENG Dr A YUSPAHRUDDIN:  Resmi! Rutan Rembang Teken MoU dengan RSI Arafah Rembang https://t.co/tJKKbemFnU #KemenkumhamJateng #AYuspahruddin #KumhamPasti @Kemenkumham_RI @kemenkumhamjtg";0;0;0;0;in;1025594486108303360;1640243346366160896;LapasWonogiri;https://twitter.com/LapasWonogiri/status/1640243346366160896
Mon Mar 27 06:44:17 +0000 2023;1640243322945150976;"KAKANWIL KEMENKUMHAM JATENG Dr A YUSPAHRUDDIN:  Resmi! Rutan Rembang Teken Kerjasama Dengan RSI Arafah Rembang https://t.co/tGXNdu84KL #KemenkumhamJateng #AYuspahruddin #KumhamPasti @Kemenkumham_RI @kemenkumhamjtg";0;0;0;0;in;1025594486108303360;1640243322945150976;LapasWonogiri;https://twitter.com/LapasWonogiri/status/1640243322945150976
Mon Mar 27 06:41:48 +0000 2023;1640242699390586880;"KAKANWIL KEMENKUMHAM JATENG Dr A YUSPAHRUDDIN:  Tingkatkan Sinergitas, Rutan Rembang Teken MoU dengan RSI Arafah Rembang https://t.co/PEspq9FJZh #KemenkumhamJateng #AYuspahruddin #KumhamPasti @Kemenkumham_RI @kemenkumhamjtg";0;0;2;6;in;1220338940;1640242699390586880;LapsustikNK;https://twitter.com/LapsustikNK/status/1640242699390586880
Mon Mar 27 06:39:39 +0000 2023;1640242158602178560;"KAKANWIL KEMENKUMHAM JATENG Dr A YUSPAHRUDDIN:  Tingkatkan Sinergitas, Rutan Rembang Teken MoU dengan RSI Arafah Rembang https://t.co/m5agCMpArD #KemenkumhamJateng #AYuspahruddin #KumhamPasti @Kemenkumham_RI @kemenkumhamjtg";0;0;0;0;in;984261132553617408;1640242158602178560;lapas_sragen;https://twitter.com/lapas_sragen/status/1640242158602178560
Mon Mar 27 06:38:23 +0000 2023;1640241840074166273;"REMBANG - Bangun infrasruktur di desa, Babinsa Koramil 03/Sulang, Serda Sukri, dan warga laksanakan karya bakti pembuatan talud jalan sepanjang 80 meter sebagai penahan tanah agar tidak selalu longsor menutup saluran air, di Desa Sulang Kec. Sulang Selatan, Senin (27/03/23). https://t.co/mKaD2g0Xcp";0;0;0;3;in;1542506449762664448;1640241840074166273;Warastra073;https://twitter.com/Warastra073/status/1640241840074166273
Mon Mar 27 06:38:20 +0000 2023;1640241825704448000;"KAKANWIL KEMENKUMHAM JATENG Dr A YUSPAHRUDDIN:  Resmi! Rutan Rembang Teken MoU dengan RSI Arafah Rembang https://t.co/l4ESQfuQYe #KemenkumhamJateng #AYuspahruddin #KumhamPasti @Kemenkumham_RI @kemenkumhamjtg";0;0;0;0;in;984261132553617408;1640241825704448000;lapas_sragen;https://twitter.com/lapas_sragen/status/1640241825704448000
Mon Mar 27 06:38:11 +0000 2023;1640241788840710146;"KAKANWIL KEMENKUMHAM JATENG Dr A YUSPAHRUDDIN:  Resmi! Rutan Rembang Teken Kerjasama Dengan RSI Arafah Rembang https://t.co/ElNoj750UV #KemenkumhamJateng #AYuspahruddin #KumhamPasti @Kemenkumham_RI @kemenkumhamjtg";0;0;0;0;in;984261132553617408;1640241788840710146;lapas_sragen;https://twitter.com/lapas_sragen/status/1640241788840710146
Mon Mar 27 06:30:54 +0000 2023;1640239957355937795;"Anggota Kodim 0720/Rembang melaksanakan upacara bendera hari Senin tanggal 27/03/2023 di halaman Makodim 0720/Rembang dengan penuh khidmat. https://t.co/ziR5OjER8W";0;0;0;3;in;1542506449762664448;1640239957355937795;Warastra073;https://twitter.com/Warastra073/status/1640239957355937795
Mon Mar 27 06:20:38 +0000 2023;1640237372054056960;"KAKANWIL KEMENKUMHAM JATENG Dr A YUSPAHRUDDIN:  Tingkatkan Sinergitas, Rutan Rembang Teken MoU dengan RSI Arafah Rembang https://t.co/gzJexEFI47 #KemenkumhamJateng #AYuspahruddin #KumhamPasti @Kemenkumham_RI @kemenkumhamjtg";0;0;1;1;in;1003278557261381632;1640237372054056960;badiklatjateng;https://twitter.com/badiklatjateng/status/1640237372054056960
Mon Mar 27 06:11:14 +0000 2023;1640235005900365825;"KAKANWIL KEMENKUMHAM JATENG Dr A YUSPAHRUDDIN:  Tingkatkan Sinergitas, Rutan Rembang Teken MoU dengan RSI Arafah Rembang https://t.co/BGEB5sOim5 #KemenkumhamJateng #AYuspahruddin #KumhamPasti @Kemenkumham_RI @kemenkumhamjtg";0;0;0;0;in;1226712328344752131;1640235005900365825;LapasNk;https://twitter.com/LapasNk/status/1640235005900365825
Mon Mar 27 06:10:09 +0000 2023;1640234733387825152;"Beberapa pekan lalu beredar video  dari kanal Youtube tentang  dua kelompok masyarakat bertengkar dan hampir terjadi perkelahian karena memperebutkan klaim pengelolaan hutan di Rembang, Jawa Tengah. Mengapa bisa terjadi? https://t.co/dt6d8YCBdL";0;0;0;2;in;483310591;1640234733387825152;MongabayID;https://twitter.com/MongabayID/status/1640234733387825152
Mon Mar 27 06:06:33 +0000 2023;1640233827863003136;"KAKANWIL KEMENKUMHAM JATENG Dr A YUSPAHRUDDIN:  Tingkatkan Sinergitas, Rutan Rembang Teken MoU dengan RSI Arafah Rembang https://t.co/tBkBo1Stsj #KemenkumhamJateng #AYuspahruddin #KumhamPasti @Kemenkumham_RI @kemenkumhamjtg";0;0;0;0;in;1251324000724107265;1640233827863003136;rutanjepara;https://twitter.com/rutanjepara/status/1640233827863003136
Mon Mar 27 06:04:38 +0000 2023;1640233345123749888;"KAKANWIL KEMENKUMHAM JATENG Dr A YUSPAHRUDDIN:  Resmi! Rutan Rembang Teken MoU dengan RSI Arafah Rembang https://t.co/hctfzIPrLw #KemenkumhamJateng #AYuspahruddin #KumhamPasti @Kemenkumham_RI @kemenkumhamjtg";0;0;0;0;in;1251324000724107265;1640233345123749888;rutanjepara;https://twitter.com/rutanjepara/status/1640233345123749888
Mon Mar 27 06:04:31 +0000 2023;1640233316975796224;"KAKANWIL KEMENKUMHAM JATENG Dr A YUSPAHRUDDIN:  Resmi! Rutan Rembang Teken Kerjasama Dengan RSI Arafah Rembang https://t.co/7bOW6vzlgS #KemenkumhamJateng #AYuspahruddin #KumhamPasti @Kemenkumham_RI @kemenkumhamjtg";0;0;0;0;in;1251324000724107265;1640233316975796224;rutanjepara;https://twitter.com/rutanjepara/status/1640233316975796224
Mon Mar 27 05:55:07 +0000 2023;1640230950490759168;"155. KAKANWIL KEMENKUMHAM JATENG A YUSPAHRUDDIN : tingkatkan-sinergitas-rutan-rembang-teken-mou-dengan-rsi-arafah-rembang  https://t.co/84Pqfj7U1E";0;0;0;2;in;1630810871420289024;1640230950490759168;KaranganyarLp;https://twitter.com/KaranganyarLp/status/1640230950490759168
Mon Mar 27 05:33:13 +0000 2023;1640225440588783616;"145.KAKANWIL KEMENKUMHAM JATENG Dr A YUSPAHRUDDIN:  Resmi! Rutan Rembang Teken MoU dengan RSI Arafah Rembang https://t.co/AVQZhNAdyf #KemenkumhamJateng #AYuspahruddin #KumhamPasti @Kemenkumham_RI @kemenkumhamjtg";0;0;0;0;in;2519139013;1640225440588783616;RUTAN_BNA;https://twitter.com/RUTAN_BNA/status/1640225440588783616
Mon Mar 27 05:32:59 +0000 2023;1640225382292152323;"144.KAKANWIL KEMENKUMHAM JATENG Dr A YUSPAHRUDDIN:  Resmi! Rutan Rembang Teken Kerjasama Dengan RSI Arafah Rembang https://t.co/BINPV34xD6 #KemenkumhamJateng #AYuspahruddin #KumhamPasti @Kemenkumham_RI @kemenkumhamjtg";0;0;0;0;in;2519139013;1640225382292152323;RUTAN_BNA;https://twitter.com/RUTAN_BNA/status/1640225382292152323
Mon Mar 27 05:31:52 +0000 2023;1640225099965140994;"155.KAKANWIL KEMENKUMHAM JATENG Dr A YUSPAHRUDDIN:  Tingkatkan Sinergitas, Rutan Rembang Teken MoU dengan RSI Arafah Rembang https://t.co/SUOoA7FnMu #KemenkumhamJateng #AYuspahruddin #KumhamPasti @Kemenkumham_RI @kemenkumhamjtg";0;0;0;0;in;2519139013;1640225099965140994;RUTAN_BNA;https://twitter.com/RUTAN_BNA/status/1640225099965140994
Mon Mar 27 05:30:25 +0000 2023;1640224734003740673;"BMKG memprakirakan sejumlah daerah di Jawa Tengah memasuki musim kemarau pada pertengahan April mendatang. Saat ini Kabupaten Pekalongan, Pemalang, Tegal, Demak, Jepara, Kudus, Pati, dan Rembang, tengah memasuki pancaroba  #bmkg  Cc: @infomitigasi   https://t.co/4UtvE3tIGr";0;0;1;2;in;902837643024539651;1640224734003740673;medcom_id;https://twitter.com/medcom_id/status/1640224734003740673
Mon Mar 27 05:24:11 +0000 2023;1640223166747508736;"#TemanPemilih KPU Kabupaten Rembang mengikuti Rapat Pleno Rekapitulasi Verifikasi Administrasi Dukungan Minimal Pemilih Perbaikan Kedua dan Penentuan Sampel Verifikasi Faktual Kedua Dukungan Bakal Calon Anggota DPD (24/03)  #kpumelayani #pemiluserentak2024 https://t.co/GykHWQCTUX";0;0;0;1;in;1372767476564389892;1640223166747508736;KPUKabRembang;https://twitter.com/KPUKabRembang/status/1640223166747508736
Mon Mar 27 05:19:34 +0000 2023;1640222006959542272;"KAKANWIL KEMENKUMHAM JATENG Dr A YUSPAHRUDDIN:  Resmi! Rutan Rembang Teken Kerjasama Dengan RSI Arafah Rembang https://t.co/94BeXrhAeu #KemenkumhamJateng #AYuspahruddin #KumhamPasti @Kemenkumham_RI @kemenkumhamjtg";0;0;0;0;in;998781236096131074;1640222006959542272;rutansurakarta1;https://twitter.com/rutansurakarta1/status/1640222006959542272
Mon Mar 27 05:19:15 +0000 2023;1640221925455843330;"KAKANWIL KEMENKUMHAM JATENG Dr A YUSPAHRUDDIN:  Resmi! Rutan Rembang Teken MoU dengan RSI Arafah Rembang https://t.co/vUuV7pWGdb #KemenkumhamJateng #AYuspahruddin #KumhamPasti @Kemenkumham_RI @kemenkumhamjtg";0;0;0;0;in;998781236096131074;1640221925455843330;rutansurakarta1;https://twitter.com/rutansurakarta1/status/1640221925455843330
Mon Mar 27 05:17:37 +0000 2023;1640221515575873536;"KAKANWIL KEMENKUMHAM JATENG Dr A YUSPAHRUDDIN:  Tingkatkan Sinergitas, Rutan Rembang Teken MoU dengan RSI Arafah Rembang https://t.co/p28v3M73h1 #KemenkumhamJateng #AYuspahruddin #KumhamPasti @Kemenkumham_RI @kemenkumhamjtg";0;0;0;0;in;2524337431;1640221515575873536;SalatigaRutan;https://twitter.com/SalatigaRutan/status/1640221515575873536
Mon Mar 27 05:15:53 +0000 2023;1640221076381900801;"KAKANWIL KEMENKUMHAM JATENG Dr A YUSPAHRUDDIN:  Tingkatkan Sinergitas, Rutan Rembang Teken MoU dengan RSI Arafah Rembang https://t.co/bDiJAkKHkw #KemenkumhamJateng #AYuspahruddin #KumhamPasti @Kemenkumham_RI @kemenkumhamjtg";0;0;0;0;in;998781236096131074;1640221076381900801;rutansurakarta1;https://twitter.com/rutansurakarta1/status/1640221076381900801
Mon Mar 27 05:15:50 +0000 2023;1640221063643811844;"155.KAKANWIL KEMENKUMHAM JATENG Dr A YUSPAHRUDDIN:  Tingkatkan Sinergitas, Rutan Rembang Teken MoU dengan RSI Arafah Rembang https://t.co/P5Im9pkTy9 #KemenkumhamJateng #AYuspahruddin #KumhamPasti @Kemenkumham_RI @kemenkumhamjtg";0;0;0;0;in;1623823178857603073;1640221063643811844;Cilacapimigrasi;https://twitter.com/Cilacapimigrasi/status/1640221063643811844
Mon Mar 27 05:15:23 +0000 2023;1640220950875734016;"Minggu kedua sekolah start harini. Jammed boleh tahan sana sini sinun. Kit paler sis tgh hari rembang hantar anak, jalan jammed mcm ni raya ke apa ui";0;0;0;0;in;236051821;1640220950875734016;misssyahirahznl;https://twitter.com/misssyahirahznl/status/1640220950875734016
Mon Mar 27 05:01:48 +0000 2023;1640217532828356608;"@RJ_Carnation cantiknya rembang subuh";0;0;0;1;in;1251451531670417408;1640143610560794624;cikbulanrebel;https://twitter.com/cikbulanrebel/status/1640217532828356608
Mon Mar 27 04:57:52 +0000 2023;1640216543425617920;"Pada hari Senin tanggal 27 Maret 2023, pukul 09.30 Wib Anggota Polsek Sale Polres Rembang Ps. Kanit Samapta Aiptu Mardi dan Briptu Syehan A, SH pada saat melaksanakan patroli di Dukuh Tuder Desa Wonokerto membantu pengaturan lalu lintas. https://t.co/v23vZYjYOt";0;0;0;0;in;1587796074596794368;1640216543425617920;polseksale1;https://twitter.com/polseksale1/status/1640216543425617920
Mon Mar 27 04:50:15 +0000 2023;1640214626616102912;"Puasa Tak Jadi Penghalang Bagi WBP Rutan Rembang Untuk Berolahraga  Rembang, INFO PAS - Meskipun sedang menjalankan ibadah puasa di Bulan Ramadan, hal tersebut tidak menyurutkan semangat Warga Binaan Pemasyarakatan (WBP) Rutan Kelas IIB Rembang Kanwil Kemenkunham Jawa Tengah https://t.co/AFLKbjQZK2";0;1;0;0;in;1205365358632157192;1640214626616102912;rutanrembang_id;https://twitter.com/rutanrembang_id/status/1640214626616102912
Mon Mar 27 04:42:18 +0000 2023;1640212626943913984;"Astaga tengahari rembang ni.";0;1;0;2;in;2275685670;1640212626943913984;_Aimi_na;https://twitter.com/_Aimi_na/status/1640212626943913984
Mon Mar 27 04:22:58 +0000 2023;1640207762360770561;"KAKANWIL KEMENKUMHAM JATENG A YUSPAHRUDDIN:  Resmi! Rutan Rembang Teken Kerjasama Dengan RSI Arafah Rembang https://t.co/CU2LZO9y26 #KemenkumhamJateng #AYuspahruddin #KumhamPasti @Kemenkumham_RI @kemenkumhamjtg";0;0;0;0;in;1620990708634243074;1640207762360770561;pati_humas;https://twitter.com/pati_humas/status/1640207762360770561
Mon Mar 27 03:38:40 +0000 2023;1640196613619748865;"@subakkiee heheheee ya begitulahh ta aku kalo pulang sepanjang demak-rembang remuk jalannya";0;3;0;0;in;1239433202478927872;1640170179723415562;nggitullll;https://twitter.com/nggitullll/status/1640196613619748865
Mon Mar 27 03:37:29 +0000 2023;1640196313282392066;"Halo #SobATRBPN ,  Berikut kegiatan PELATARAN (Pelayanan Tanah Akhir Pekan) Kantor Pertanahan Kabupaten Rembang pada Minggu, 26 Maret 2023.  Jam pelayanan PELATARAN : Sabtu - Minggu 09.00 - 12.00  Bagi pemohon yang ingin mengurus sertipikatnya sendiri yaa..  #PELATARAN https://t.co/NPzD7mSB1E";0;0;0;0;in;1416195476097953795;1640196313282392066;AtrRembang;https://twitter.com/AtrRembang/status/1640196313282392066
Mon Mar 27 03:36:59 +0000 2023;1640196190288633859;"Berkualitas, Kemasan Makanan Rembang WA  081-3311-74400 #Kantong Kertas  #Kemasan Makanan  #Kemasan Plastik  #Kemasan Bisnis https://t.co/ex5rU8DpKr";0;0;0;0;in;1630062972235296768;1640196190288633859;k_kemasan;https://twitter.com/k_kemasan/status/1640196190288633859
Mon Mar 27 03:31:16 +0000 2023;1640194750711205888;"Berkualitas, Kemasan Produk Rembang WA  081-3311-74400 #Kemasan  #Kemasan Custom  #Kemasan Produk  #Lunch Box https://t.co/V7smBxG18d";0;0;0;0;in;1630062972235296768;1640194750711205888;k_kemasan;https://twitter.com/k_kemasan/status/1640194750711205888
Mon Mar 27 03:27:39 +0000 2023;1640193842174640128;"Siapa Bilang Hanya Bakso Malang yang Enak? Ini Dia 4 Warung Bakso Terlaris di Rembang! https://t.co/VNgK3Taf5b";0;0;0;0;in;1403702283997614080;1640193842174640128;DefiTantowi;https://twitter.com/DefiTantowi/status/1640193842174640128
Mon Mar 27 02:59:12 +0000 2023;1640186678659907586;"Personil Polsek Rembang hadir di tengah masyarakat, melaksanakan Patroli BLP Malam hari mengantisipasi tindak kriminalitas dan Ganguan kamtibmas serta memberi rasa aman dan nyaman kepada warga yang ada di wilayah kecamatan Rembang. https://t.co/QkUyb2ngaJ";0;0;0;0;in;1588025473547657216;1640186678659907586;POLSEKREMBANG3;https://twitter.com/POLSEKREMBANG3/status/1640186678659907586
Mon Mar 27 02:56:49 +0000 2023;1640186078949969920;"KAKANWIL KEMENKUMHAM JATENG A YUSPAHRUDDIN:  Perdana! Rutan Rembang Teken MoU dengan RSI Arafah Rembang https://t.co/LkqqFL6XHd #KemenkumhamJateng #AYuspahruddin #KumhamPasti @Kemenkumham_RI @kemenkumhamjtg";0;0;0;0;in;1506882903841849344;1640186078949969920;KakanimSKA;https://twitter.com/KakanimSKA/status/1640186078949969920
Mon Mar 27 02:49:23 +0000 2023;1640184210949537793;"Khususnya di Jawa Tengah, PLN mengoperasikan PLTU Tanjung Jati B di Jepara, PLTURembang dan PLTU Adipala di Cilacap. PLTU Tanjung Jati B mampu menghasilkan FABAsekitar 359.000 ton/ tahun, sementara PLTU Rembang menghasilkan 67.000 ton/tahun &amp  PLTU Adipala sebanyak 80.000 ton.";0;1;0;0;in;1639839492231274498;1640183634924806145;gwesha_;https://twitter.com/gwesha_/status/1640184210949537793
Mon Mar 27 02:34:42 +0000 2023;1640180513427316737;"Halo #SobATRBPN ,  Berikut kegiatan PELATARAN (Pelayanan Tanah Akhir Pekan) Kantor Pertanahan Kabupaten Rembang pada Sabtu, 25 Maret 2023.  Jam pelayanan PELATARAN : Sabtu - Minggu 09.00 - 12.00 https://t.co/Sqvez3syRL";0;1;0;0;in;1416195476097953795;1640180513427316737;AtrRembang;https://twitter.com/AtrRembang/status/1640180513427316737
Mon Mar 27 02:30:15 +0000 2023;1640179394026291200;"122.KAKANWIL KEMENKUMHAM JATENG A YUSPAHRUDDIN: Tingkatkan Sinergitas, Rutan Rembang Teken MoU dengan RSI Arafah Rembang https://t.co/ZBCDknHg3c #KemenkumhamJateng #AYuspahruddin #KumhamPasti @Kemenkumham_RI @kemenkumhamjtg";0;0;0;0;in;728753860982906881;1640179394026291200;rutantemanggung;https://twitter.com/rutantemanggung/status/1640179394026291200
Mon Mar 27 02:29:58 +0000 2023;1640179325537521668;"121.KAKANWIL KEMENKUMHAM JATENG A YUSPAHRUDDIN:  Resmi! Rutan Rembang Teken Kerjasama Dengan RSI Arafah Rembang https://t.co/iZb0yK5xwz #KemenkumhamJateng #AYuspahruddin #KumhamPasti @Kemenkumham_RI @kemenkumhamjtg";0;0;0;0;in;728753860982906881;1640179325537521668;rutantemanggung;https://twitter.com/rutantemanggung/status/1640179325537521668
Mon Mar 27 02:29:54 +0000 2023;1640179305434214401;"120.KAKANWIL KEMENKUMHAM JATENG A YUSPAHRUDDIN:  Perdana! Rutan Rembang Teken MoU dengan RSI Arafah Rembang https://t.co/QEiXy6nE8J #KemenkumhamJateng #AYuspahruddin #KumhamPasti @Kemenkumham_RI @kemenkumhamjtg";0;0;0;0;in;728753860982906881;1640179305434214401;rutantemanggung;https://twitter.com/rutantemanggung/status/1640179305434214401
Mon Mar 27 02:29:35 +0000 2023;1640179226539352065;"119.KAKANWIL KEMENKUMHAM JATENG A YUSPAHRUDDIN: Tingkatkan Kualitas Layanan Kesehatan, Rutan Rembang Teken MoU dengan RSI Arafah Rembang https://t.co/9ZhUBJBlux #KemenkumhamJateng #AYuspahruddin #KumhamPasti @Kemenkumham_RI @kemenkumhamjtg";0;0;0;0;in;728753860982906881;1640179226539352065;rutantemanggung;https://twitter.com/rutantemanggung/status/1640179226539352065
Mon Mar 27 02:19:01 +0000 2023;1640176567619043329;"DI MALIOBORO !, 0812-2353-6083 Guest House Hotel Dekat Malioboro Jogja Kabupaten Rembang https://t.co/5keoHXoRlv";0;0;0;1;in;1631497918762078208;1640176567619043329;Kesatriyanjogja;https://twitter.com/Kesatriyanjogja/status/1640176567619043329
Mon Mar 27 02:13:12 +0000 2023;1640175102921777153;"Dear @jntexpressid paket saya pake layanan jnd biar cepet sampai ini malah 3 hari belum sampai dari Rembang Semarang ..ku wa mau kuambil sendiri di gudang besar ga bisa katanya tapi ga diantar antar https://t.co/tdQllJxZks";0;0;0;0;in;1627697803;1640175102921777153;jandirdan;https://twitter.com/jandirdan/status/1640175102921777153
Mon Mar 27 02:11:22 +0000 2023;1640174644211613696;"Lowongan Kerja CV Harmoni Citra Warna Penempatan Semarang, Demak, Rembang, Blora, Cepu dan Sekitarnya  Info selengkapnya klik &gt &gt  https://t.co/M14nYVY9d5  #lokersemarang #lokersmg #lowongansemarang #lokersemar #semaker #lokercot #loker #semarang #lokerjateng #lokerjoglosemar #lo… https://t.co/6kHwutFaZE";0;0;0;0;in;380900111;1640174644211613696;lokersemarang;https://twitter.com/lokersemarang/status/1640174644211613696
Mon Mar 27 01:43:57 +0000 2023;1640167742757060609;"SOSIALISASI DAN PENDAMPINGAN PENERIMAAN BTT  Pemprov Jateng melalui BPBD Provinsi Jawa Tengah memberikan sosialisasi dan pendampingan penerimaan bantuan tak terduga Provinsi Jawa tengah bagi warga terdampak tanah gerak di Dukuh Grajen Desa Sumberejo Kec. Rembang Kab. Rembang https://t.co/gmr1QGycvF";0;1;0;7;in;241920110;1640167742757060609;bpbdjateng;https://twitter.com/bpbdjateng/status/1640167742757060609
Sun Mar 26 23:58:16 +0000 2023;1640141146591559680;"Scattered Thunderstorms Besok Suhu Udara di Rembang Tertinggi 88F dan Terendah 76F. by PT Amir Hajar Kilsi https://t.co/xzD4yP5ljf";0;0;0;0;in;1062896329553207296;1640141146591559680;AmirHajarKilsi;https://twitter.com/AmirHajarKilsi/status/1640141146591559680
Sun Mar 26 23:36:23 +0000 2023;1640135641437720576;"jual Stiker Mesin Cuci 2 Tabung Sailor Moon ~ https://t.co/zG9vVW4t88 #gresik #rembang #jepara #blitar #nganjuk #jember #jatim #bali";0;0;0;0;in;884468119409786886;1640135641437720576;NDALANKU;https://twitter.com/NDALANKU/status/1640135641437720576
Sun Mar 26 23:06:03 +0000 2023;1640128007674421249;"Satlantas Polres Rembang Tegur Sopir Truk Parkir di Bahu Jalan https://t.co/fN1Q54PHeg";0;0;0;0;in;4333530433;1640128007674421249;korlantas;https://twitter.com/korlantas/status/1640128007674421249
Sun Mar 26 21:07:03 +0000 2023;1640098060008316931;"Satlantas Polres Rembang Tegur Sopir Truk Parkir di Bahu Jalan https://t.co/0m6Epftc6i";0;0;0;0;in;220928916;1640098060008316931;PolantasID;https://twitter.com/PolantasID/status/1640098060008316931
Sun Mar 26 20:58:36 +0000 2023;1640095931780694016;"@pln_123 jam segini mati lampu wilyah Mrayun SALE REMBANG pusiiing pln oh pln";0;1;0;0;in;2921612095;1640095931780694016;neldilip29;https://twitter.com/neldilip29/status/1640095931780694016
Sun Mar 26 15:26:16 +0000 2023;1640012299372204032;"Kapolsek Rembang,Iptu Khaliman,SH, melaksanakan operasi miras, bersama anggota di Desa Losari,Rembang. https://t.co/HuZ2A41hdx";0;0;0;0;in;1579431518371340294;1640012299372204032;newhumasrembang;https://twitter.com/newhumasrembang/status/1640012299372204032
Sun Mar 26 15:24:45 +0000 2023;1640011918072238080;"KAKANWIL KEMENKUMHAM JATENG A YUSPAHRUDDIN: Resmi! Rutan Rembang Teken MoU dengan RSI Arafah Rembang  https://t.co/QR25YuFrFv #KemenkumhamJateng #AYuspahruddin #KumhamPasti @Kemenkumham_RI @kemenkumhamjtg";0;0;0;0;in;2366534948;1640011918072238080;bapaspati;https://twitter.com/bapaspati/status/1640011918072238080
Sun Mar 26 15:24:45 +0000 2023;1640011914544816128;"KAKANWIL KEMENKUMHAM JATENG A YUSPAHRUDDIN: Tingkatkan Sinergitas, Rutan Rembang Teken MoU dengan RSI Arafah Rembang  https://t.co/4OWNrgmoeB #KemenkumhamJateng #AYuspahruddin #KumhamPasti @Kemenkumham_RI @kemenkumhamjtg";0;0;0;0;in;2366534948;1640011914544816128;bapaspati;https://twitter.com/bapaspati/status/1640011914544816128
Sun Mar 26 15:24:44 +0000 2023;1640011910535065600;"KAKANWIL KEMENKUMHAM JATENG A YUSPAHRUDDIN: Resmi! Rutan Rembang Teken Kerjasama Dengan RSI Arafah Rembang  https://t.co/zyHfmxuw1v #KemenkumhamJateng #AYuspahruddin #KumhamPasti @Kemenkumham_RI @kemenkumhamjtg";0;0;0;0;in;2366534948;1640011910535065600;bapaspati;https://twitter.com/bapaspati/status/1640011910535065600
Sun Mar 26 15:24:43 +0000 2023;1640011907032817666;"KAKANWIL KEMENKUMHAM JATENG A YUSPAHRUDDIN: Perdana! Rutan Rembang Teken MoU dengan RSI Arafah Rembang  https://t.co/uqlIezy6jL #KemenkumhamJateng #AYuspahruddin #KumhamPasti @Kemenkumham_RI @kemenkumhamjtg";0;0;0;0;in;2366534948;1640011907032817666;bapaspati;https://twitter.com/bapaspati/status/1640011907032817666
Sun Mar 26 15:24:42 +0000 2023;1640011903559958531;"KAKANWIL KEMENKUMHAM JATENG A YUSPAHRUDDIN: Tingkatkan Kualitas Layanan Kesehatan, Rutan Rembang Teken MoU dengan RSI Arafah Rembang  https://t.co/NapgQqLS8h #KemenkumhamJateng #AYuspahruddin #KumhamPasti @Kemenkumham_RI @kemenkumhamjtg";0;0;0;0;in;2366534948;1640011903559958531;bapaspati;https://twitter.com/bapaspati/status/1640011903559958531
Sun Mar 26 15:20:27 +0000 2023;1640010834293424129;"Manjakan Warga Rembang, 50 Varian Menu Bukber di Fave Hotel Tak Bikin Kantong Jebol https://t.co/yCw5iQEQD6 via @KartiniTv";0;0;0;0;in;1350269296803368960;1640010834293424129;KartiniTv;https://twitter.com/KartiniTv/status/1640010834293424129
Sun Mar 26 15:19:24 +0000 2023;1640010569804812288;"Ramadan 2023 di Rembang, Warkop Dibatasi dan Karaoke Tutup https://t.co/Ah15Emf7Zx via @KartiniTv";0;0;0;0;in;1350269296803368960;1640010569804812288;KartiniTv;https://twitter.com/KartiniTv/status/1640010569804812288
Sun Mar 26 15:15:26 +0000 2023;1640009571984117761;"KAKANWIL KEMENKUMHAM JATENG A YUSPAHRUDDIN: Resmi! Rutan Rembang Teken MoU dengan RSI Arafah Rembang https://t.co/CtNm7sjh2K #KemenkumhamJateng #AYuspahruddin #KumhamPasti @Kemenkumham_RI @kemenkumhamjtg";0;0;0;0;in;1233617566725111810;1640009571984117761;lapas_tegal;https://twitter.com/lapas_tegal/status/1640009571984117761
Sun Mar 26 15:15:16 +0000 2023;1640009531412582412;"KAKANWIL KEMENKUMHAM JATENG A YUSPAHRUDDIN: Tingkatkan Sinergitas, Rutan Rembang Teken MoU dengan RSI Arafah Rembang https://t.co/X5pL0rvpn5 #KemenkumhamJateng #AYuspahruddin #KumhamPasti @Kemenkumham_RI @kemenkumhamjtg";0;0;0;0;in;1233617566725111810;1640009531412582412;lapas_tegal;https://twitter.com/lapas_tegal/status/1640009531412582412
Sun Mar 26 15:15:06 +0000 2023;1640009489834450944;"KAKANWIL KEMENKUMHAM JATENG A YUSPAHRUDDIN:  Resmi! Rutan Rembang Teken Kerjasama Dengan RSI Arafah Rembang https://t.co/Tg5JQf7gYT #KemenkumhamJateng #AYuspahruddin #KumhamPasti @Kemenkumham_RI @kemenkumhamjtg";0;0;0;0;in;1233617566725111810;1640009489834450944;lapas_tegal;https://twitter.com/lapas_tegal/status/1640009489834450944
Sun Mar 26 15:15:01 +0000 2023;1640009466962931714;"Temuan Miras dan Pekerja Di Bawah Umur, Rembang Masih Diwarnai Pekat di Malam Ramadan https://t.co/gXueIaW4SP via @KartiniTv";0;0;0;0;in;1350269296803368960;1640009466962931714;KartiniTv;https://twitter.com/KartiniTv/status/1640009466962931714
Sun Mar 26 15:14:57 +0000 2023;1640009448579280896;"KAKANWIL KEMENKUMHAM JATENG A YUSPAHRUDDIN:  Perdana! Rutan Rembang Teken MoU dengan RSI Arafah Rembang https://t.co/ZjIPeHwU17 #KemenkumhamJateng #AYuspahruddin #KumhamPasti @Kemenkumham_RI @kemenkumhamjtg";0;0;0;0;in;1233617566725111810;1640009448579280896;lapas_tegal;https://twitter.com/lapas_tegal/status/1640009448579280896
Sun Mar 26 15:12:25 +0000 2023;1640008814379548675;"Bulan Ramadan, Polres Rembang Akan Tindak Tegas Penjual Miras https://t.co/YFLi2FtZzp via @KartiniTv";0;0;0;0;in;1350269296803368960;1640008814379548675;KartiniTv;https://twitter.com/KartiniTv/status/1640008814379548675
Sun Mar 26 15:00:26 +0000 2023;1640005797827731456;"Selamat Malam Rembang , Gunakan 4 menit dan katakan padaku tentang cerita hidupmu sedetail mungkin!  Kode Referral Neo Bank : HA4YK2  DOJAEJUNGiscoming https://t.co/S62G9NOU5h";0;0;0;0;in;1565902685085515777;1640005797827731456;pemburuan6;https://twitter.com/pemburuan6/status/1640005797827731456
Sun Mar 26 14:59:16 +0000 2023;1640005504239038470;"@ryandrahmad Yak betul.. Rembang Kota Santri";0;0;0;0;in;362359221;1639980556934053888;pamanjonet;https://twitter.com/pamanjonet/status/1640005504239038470
Sun Mar 26 14:45:42 +0000 2023;1640002087621894145;"KAKANWIL KEMENKUMHAM JATENG A YUSPAHRUDDIN: Resmi! Rutan Rembang Teken MoU dengan RSI Arafah Rembang https://t.co/LOg89H4503 #KemenkumhamJateng #AYuspahruddin #KumhamPasti @Kemenkumham_RI @kemenkumhamjtg";0;0;0;0;in;2524075530;1640002087621894145;Bapas_Magelang;https://twitter.com/Bapas_Magelang/status/1640002087621894145
Sun Mar 26 14:45:35 +0000 2023;1640002061235548165;"KAKANWIL KEMENKUMHAM JATENG A YUSPAHRUDDIN: Tingkatkan Sinergitas, Rutan Rembang Teken MoU dengan RSI Arafah Rembang https://t.co/gfalbPF4oF #KemenkumhamJateng #AYuspahruddin #KumhamPasti @Kemenkumham_RI @kemenkumhamjtg";0;0;0;0;in;2524075530;1640002061235548165;Bapas_Magelang;https://twitter.com/Bapas_Magelang/status/1640002061235548165
Sun Mar 26 14:45:28 +0000 2023;1640002028629000197;"KAKANWIL KEMENKUMHAM JATENG A YUSPAHRUDDIN:  Resmi! Rutan Rembang Teken Kerjasama Dengan RSI Arafah Rembang https://t.co/tGwYIviAVo #KemenkumhamJateng #AYuspahruddin #KumhamPasti @Kemenkumham_RI @kemenkumhamjtg";0;0;0;0;in;2524075530;1640002028629000197;Bapas_Magelang;https://twitter.com/Bapas_Magelang/status/1640002028629000197
Sun Mar 26 14:45:19 +0000 2023;1640001993438822400;"KAKANWIL KEMENKUMHAM JATENG A YUSPAHRUDDIN:  Perdana! Rutan Rembang Teken MoU dengan RSI Arafah Rembang https://t.co/6tj8ZqJURk #KemenkumhamJateng #AYuspahruddin #KumhamPasti @Kemenkumham_RI @kemenkumhamjtg";0;0;0;0;in;2524075530;1640001993438822400;Bapas_Magelang;https://twitter.com/Bapas_Magelang/status/1640001993438822400
Sun Mar 26 14:45:03 +0000 2023;1640001925839220737;"KAKANWIL KEMENKUMHAM JATENG A YUSPAHRUDDIN:  Perdana! Rutan Rembang Teken MoU dengan RSI Arafah Rembang https://t.co/KBjxCwBNxr #KemenkumhamJateng #AYuspahruddin #KumhamPasti @Kemenkumham_RI @kemenkumhamjtg";0;0;0;0;in;2524075530;1640001925839220737;Bapas_Magelang;https://twitter.com/Bapas_Magelang/status/1640001925839220737
Sun Mar 26 14:44:56 +0000 2023;1640001895057195008;"KAKANWIL KEMENKUMHAM JATENG A YUSPAHRUDDIN: Tingkatkan Kualitas Layanan Kesehatan, Rutan Rembang Teken MoU dengan RSI Arafah Rembang https://t.co/XXE2tpsvcv #KemenkumhamJateng #AYuspahruddin #KumhamPasti @Kemenkumham_RI @kemenkumhamjtg";0;0;0;0;in;2524075530;1640001895057195008;Bapas_Magelang;https://twitter.com/Bapas_Magelang/status/1640001895057195008
Sun Mar 26 14:08:15 +0000 2023;1639992666741153799;"@vidyahahaa Main ke Rembang, Vid... Mumpung masih di Jgj 😁😁😁";0;1;0;0;in;49465717;1639448348573978624;tomikalaza;https://twitter.com/tomikalaza/status/1639992666741153799
Sun Mar 26 13:41:06 +0000 2023;1639985830138875910;"Buset  Nandu bumil dari Rembang ke Tuban 😵😵😵 Semoga Khusnul Khotimah";0;0;0;0;in;1604436024498696192;1639985830138875910;aLwyRBG10995;https://twitter.com/aLwyRBG10995/status/1639985830138875910
Sun Mar 26 13:27:04 +0000 2023;1639982299390550017;"Aku meneng mok kiro cidro, Giliran obah mok celuk boyo:'(";0;0;0;0;in;1639274939420213255;1639982299390550017;rembang_kelaran;https://twitter.com/rembang_kelaran/status/1639982299390550017
Sun Mar 26 13:01:41 +0000 2023;1639975911519838211;"123.KAKANWIL KEMENKUMHAM JATENG A YUSPAHRUDDIN: Resmi! Rutan Rembang Teken MoU dengan RSI Arafah Rembang https://t.co/jWtmUGa5rb #KemenkumhamJateng #AYuspahruddin #KumhamPasti @Kemenkumham_RI @kemenkumhamjtg";0;0;0;0;in;993663424306429952;1639975911519838211;purworejo_rutan;https://twitter.com/purworejo_rutan/status/1639975911519838211
Sun Mar 26 13:01:35 +0000 2023;1639975889155792899;"122.KAKANWIL KEMENKUMHAM JATENG A YUSPAHRUDDIN: Tingkatkan Sinergitas, Rutan Rembang Teken MoU dengan RSI Arafah Rembang https://t.co/f5XcvepRNW #KemenkumhamJateng #AYuspahruddin #KumhamPasti @Kemenkumham_RI @kemenkumhamjtg";0;0;0;0;in;993663424306429952;1639975889155792899;purworejo_rutan;https://twitter.com/purworejo_rutan/status/1639975889155792899
Sun Mar 26 13:01:29 +0000 2023;1639975861985193987;"121.KAKANWIL KEMENKUMHAM JATENG A YUSPAHRUDDIN:  Resmi! Rutan Rembang Teken Kerjasama Dengan RSI Arafah Rembang https://t.co/h7fEAzqXuA #KemenkumhamJateng #AYuspahruddin #KumhamPasti @Kemenkumham_RI @kemenkumhamjtg";0;0;0;0;in;993663424306429952;1639975861985193987;purworejo_rutan;https://twitter.com/purworejo_rutan/status/1639975861985193987
Sun Mar 26 13:01:20 +0000 2023;1639975824815190016;"120.KAKANWIL KEMENKUMHAM JATENG A YUSPAHRUDDIN:  Perdana! Rutan Rembang Teken MoU dengan RSI Arafah Rembang https://t.co/P19km0YWT9 #KemenkumhamJateng #AYuspahruddin #KumhamPasti @Kemenkumham_RI @kemenkumhamjtg";0;0;0;0;in;993663424306429952;1639975824815190016;purworejo_rutan;https://twitter.com/purworejo_rutan/status/1639975824815190016
Sun Mar 26 13:01:15 +0000 2023;1639975803919147010;"119.KAKANWIL KEMENKUMHAM JATENG A YUSPAHRUDDIN: Tingkatkan Kualitas Layanan Kesehatan, Rutan Rembang Teken MoU dengan RSI Arafah Rembang https://t.co/1vvuEFANsK #KemenkumhamJateng #AYuspahruddin #KumhamPasti @Kemenkumham_RI @kemenkumhamjtg";0;0;0;0;in;993663424306429952;1639975803919147010;purworejo_rutan;https://twitter.com/purworejo_rutan/status/1639975803919147010
Sun Mar 26 12:48:50 +0000 2023;1639972680131817472;"→ Let's G° ¡ ╭─╼╭━╮╿╿╭━╮┑╿┍ ┠─╼╰━╯╽╽╰━╯╰┻╯ ┷  ✨ 𝐁𝐞𝐛 𝐕𝐢𝐨 | ᵇᵃˢᵉ ˢᵘʳᵃᵇᵃʸᵃ     💞 @queensnow101       💞 @Imissyyu    💞 @BebVvii  Schedule Today at Surabaya 28-29 Malang  29-31 Surabaya  - April 1 Rembang 2-3 Pati https://t.co/5HlCswjBX4";0;0;0;0;tl;711225477738995712;1639972680131817472;callme__glo;https://twitter.com/callme__glo/status/1639972680131817472
Sun Mar 26 12:29:14 +0000 2023;1639967745168277505;"KAKANWIL KEMENKUMHAM JATENG A YUSPAHRUDDIN: Tingkatkan Sinergitas, Rutan Rembang Teken MoU dengan RSI Arafah Rembang https://t.co/ARynZoJd2V #KemenkumhamJateng #AYuspahruddin #KumhamPasti @Kemenkumham_RI @kemenkumhamjtg";0;0;0;0;in;1624410428;1639967745168277505;lapaspekalongan;https://twitter.com/lapaspekalongan/status/1639967745168277505
Sun Mar 26 12:29:00 +0000 2023;1639967689300135942;"KAKANWIL KEMENKUMHAM JATENG A YUSPAHRUDDIN:  Resmi! Rutan Rembang Teken Kerjasama Dengan RSI Arafah Rembang https://t.co/wfP6miPc1K #KemenkumhamJateng #AYuspahruddin #KumhamPasti @Kemenkumham_RI @kemenkumhamjtg";0;0;0;0;in;1624410428;1639967689300135942;lapaspekalongan;https://twitter.com/lapaspekalongan/status/1639967689300135942
Sun Mar 26 12:28:50 +0000 2023;1639967647675875328;"KAKANWIL KEMENKUMHAM JATENG A YUSPAHRUDDIN:  Perdana! Rutan Rembang Teken MoU dengan RSI Arafah Rembang https://t.co/qm9Xgbprr1 #KemenkumhamJateng #AYuspahruddin #KumhamPasti @Kemenkumham_RI @kemenkumhamjtg";0;0;0;0;in;1624410428;1639967647675875328;lapaspekalongan;https://twitter.com/lapaspekalongan/status/1639967647675875328
Sun Mar 26 12:28:41 +0000 2023;1639967606701711365;"KAKANWIL KEMENKUMHAM JATENG A YUSPAHRUDDIN: Tingkatkan Kualitas Layanan Kesehatan, Rutan Rembang Teken MoU dengan RSI Arafah Rembang https://t.co/yiJskO4BdF #KemenkumhamJateng #AYuspahruddin #KumhamPasti @Kemenkumham_RI @kemenkumhamjtg";0;0;0;0;in;1624410428;1639967606701711365;lapaspekalongan;https://twitter.com/lapaspekalongan/status/1639967606701711365
Sun Mar 26 12:05:15 +0000 2023;1639961709816446977;"Rembang - Anggota Koramil Sumber Kodim 0720/Rbg Pada hari Sabtu, 25 Maret 2023 mengikuti donor darah bersama Polsek beserta masyarakat sekitar, bertempat di kediaman Bapak H  Arifin, Desa Krikilan Kec. Sumber Kab. Rembang. Semoga setetes darah bermanfaat bagi orang banyak. Aamin https://t.co/WJPJLFTwEi";0;0;0;4;in;1542506449762664448;1639961709816446977;Warastra073;https://twitter.com/Warastra073/status/1639961709816446977
Sun Mar 26 11:54:32 +0000 2023;1639959015475286016;"Kangen Rembang";0;0;0;1;in;1176856581721321472;1639959015475286016;accalvi;https://twitter.com/accalvi/status/1639959015475286016
Sun Mar 26 11:47:37 +0000 2023;1639957273681494024;"@PartaiSocmed Bapaku ex Kepala Pajak kab. Rembang (th 90an). Usia skrg 89 th. Tmn2nya yg pamer uang haram udah pada mati. Beliau masih menikmati Durian meski jalan kaki pakai alat. Dia ketawa saat lihat baca berita akhir2 ini. Foto 17 Jan 23 https://t.co/1enDHjrvS7";7;56;59;746;in;1603611741518065664;1639925735929397249;TSugijana;https://twitter.com/TSugijana/status/1639957273681494024
Sun Mar 26 10:24:27 +0000 2023;1639936341470515202;"Tidak ada kata terlalu tua Untuk bermimpi dan tidak ada Yang terlalu muda untuk mulai mewujudkannya.";0;0;0;0;in;1639274939420213255;1639936341470515202;rembang_kelaran;https://twitter.com/rembang_kelaran/status/1639936341470515202
Sun Mar 26 10:12:04 +0000 2023;1639933225194901504;"@batitongbaine Tegal pekalongan pemalang rembang lasem  tuban ?";0;1;0;1;in;2421148961;1639923200661520384;___XpaiX___;https://twitter.com/___XpaiX___/status/1639933225194901504
Sun Mar 26 09:41:37 +0000 2023;1639925564596449280;"KAKANWIL KEMENKUMHAM JATENG A YUSPAHRUDDIN: Resmi! Rutan Rembang Teken MoU dengan RSI Arafah Rembang https://t.co/i8ZOJR9Whd #KemenkumhamJateng #AYuspahruddin #KumhamPasti @Kemenkumham_RI @kemenkumhamjtg";0;0;0;0;in;3811728372;1639925564596449280;rutanboyolali;https://twitter.com/rutanboyolali/status/1639925564596449280
Sun Mar 26 09:39:15 +0000 2023;1639924970472996865;"KAKANWIL KEMENKUMHAM JATENG A YUSPAHRUDDIN: Resmi! Rutan Rembang Teken MoU dengan RSI Arafah Rembang https://t.co/tjX2DilA2M #KemenkumhamJateng #AYuspahruddin #KumhamPasti @Kemenkumham_RI @kemenkumhamjtg,,";0;0;0;0;in;2492210532;1639924970472996865;lapasklaten;https://twitter.com/lapasklaten/status/1639924970472996865
Sun Mar 26 09:39:11 +0000 2023;1639924952437764098;"KAKANWIL KEMENKUMHAM JATENG A YUSPAHRUDDIN: Tingkatkan Sinergitas, Rutan Rembang Teken MoU dengan RSI Arafah Rembang https://t.co/oJIhbwcGq3 #KemenkumhamJateng #AYuspahruddin #KumhamPasti @Kemenkumham_RI @kemenkumhamjtg,,";0;0;0;0;in;2492210532;1639924952437764098;lapasklaten;https://twitter.com/lapasklaten/status/1639924952437764098
Sun Mar 26 09:39:07 +0000 2023;1639924936075771906;"KAKANWIL KEMENKUMHAM JATENG A YUSPAHRUDDIN:  Resmi! Rutan Rembang Teken Kerjasama Dengan RSI Arafah Rembang https://t.co/cLW5NxGOba #KemenkumhamJateng #AYuspahruddin #KumhamPasti @Kemenkumham_RI @kemenkumhamjtg,,";0;0;0;0;in;2492210532;1639924936075771906;lapasklaten;https://twitter.com/lapasklaten/status/1639924936075771906
Sun Mar 26 09:39:03 +0000 2023;1639924918690385920;"KAKANWIL KEMENKUMHAM JATENG A YUSPAHRUDDIN:  Perdana! Rutan Rembang Teken MoU dengan RSI Arafah Rembang,https://t.co/LL2R7OsjW7 #KemenkumhamJateng #AYuspahruddin #KumhamPasti @Kemenkumham_RI @kemenkumhamjtg,,";0;0;0;0;in;2492210532;1639924918690385920;lapasklaten;https://twitter.com/lapasklaten/status/1639924918690385920
Sun Mar 26 09:38:51 +0000 2023;1639924866953646080;"Pantura lhosss macet dari arah rembang sampe pati";0;0;0;0;in;1145743050951364608;1639924866953646080;Selera_muuu;https://twitter.com/Selera_muuu/status/1639924866953646080
Sun Mar 26 08:50:49 +0000 2023;1639912780320079872;"@tanyakanrl Tulip asli rembang ?";0;0;0;0;in;1459722405270622210;1639867307492261888;sourdinosourrrr;https://twitter.com/sourdinosourrrr/status/1639912780320079872
Sun Mar 26 08:45:50 +0000 2023;1639911527733170181;"@jumintenkoplak @1d1d111111 Rembang   mau sarung yang motif unik buat hadiah keponakan yg lebaran ini minta khitan. biar kelihatan unik aja kalo sarungnya motif unik https://t.co/ZdzN9rOJqU";0;0;0;0;in;1207929351771017217;1639868334366924800;MomoEdogawa;https://twitter.com/MomoEdogawa/status/1639911527733170181
Sun Mar 26 08:32:00 +0000 2023;1639908046502494209;"jasa make up artist Kabupaten Rembang https://t.co/Th60G2lQBf";0;0;0;0;in;1443275630317957123;1639908046502494209;gani_yudi;https://twitter.com/gani_yudi/status/1639908046502494209
Sun Mar 26 07:15:40 +0000 2023;1639888834828836864;"Dulu rumah kontrakan Kak @vidyahahaa kabongan kidul. Sekarang udah di renov bagus gini...  Ngga napak tilas ke Rembang, Kak? https://t.co/QRi2qKvmrg";0;2;0;0;in;49465717;1639448348573978624;tomikalaza;https://twitter.com/tomikalaza/status/1639888834828836864
Sun Mar 26 06:38:29 +0000 2023;1639879476787163137;"#TemanPemilih Berikut Laporan Coklit tanggal 22 februari - 4 Maret 2023 Desa Cangkring Rembang  #pemili2024 #PemiluSerentak2024 https://t.co/9iOyr2UaOw";0;0;0;0;in;2403022760;1639879476787163137;ppscngkrngrmbng;https://twitter.com/ppscngkrngrmbng/status/1639879476787163137
Sun Mar 26 06:38:01 +0000 2023;1639879358730096645;"#TemanPemilih Berikut Laporan Coklit tanggal 12 februari - 21 Februari 2023 Desa Cangkring Rembang  #pemili2024 #PemiluSerentak2024 https://t.co/fyoAvykhfj";0;0;0;0;in;2403022760;1639879358730096645;ppscngkrngrmbng;https://twitter.com/ppscngkrngrmbng/status/1639879358730096645
Sun Mar 26 06:30:41 +0000 2023;1639877512829497344;"@HizbutTembakau saiki sing enak ngendi? sopo ngeri riyaya sesuk aku iso dolan antarane Demak teko Rembang/Blora";0;1;0;1;in;1043491469183483904;1639871334858756097;IniBudi_08;https://twitter.com/IniBudi_08/status/1639877512829497344
Sun Mar 26 06:27:38 +0000 2023;1639876748035919872;"Kigelia africana terxta baxk di Alun-alun Kota Rembang 🌳 - cc @mvngadulu @dmwsdq https://t.co/BkNS1G8yV4";0;3;0;0;in;49465717;1639448348573978624;tomikalaza;https://twitter.com/tomikalaza/status/1639876748035919872
Sun Mar 26 06:05:41 +0000 2023;1639871221084078082;"Bhabinkamtibmas Polsek Rembang Aipda Harlan melaksanakan himbauan kepada pengunjung ATM untuk berhati hati setelah mengambil uang. , Minggu (26/03/23) #polrespurbalingga #humaspolrespurbalingga #polisi_indonesia #polisirepublikindonesia #polisiindonesia https://t.co/RVYhUfS2kx";0;0;0;0;in;1579431518371340294;1639871221084078082;newhumasrembang;https://twitter.com/newhumasrembang/status/1639871221084078082
Sun Mar 26 05:39:12 +0000 2023;1639864556662177792;"@rzqyrahma Perek lah Bayangna jajal ko umahe nang rembang, ming kota serasa ming pwt wkwk";0;0;0;0;in;1217490884565991424;1639270266722189313;BrianPriyadi;https://twitter.com/BrianPriyadi/status/1639864556662177792
Sun Mar 26 05:12:01 +0000 2023;1639857716339572736;"Dishanpan Prov Jateng menggelar Bazar Pangan Murah di Stadion Krida Kabupaten Rembang. Bazar Pangan Murah digelar untuk menyambut HBKN serta menjaga stabilisasi pasokan dan harga pangan, menjamin akses pangan dan keterjangkauan pangan masyarakat.   https://t.co/DH0tVYovd5";0;0;0;0;in;2712089911;1639857716339572736;DISHANPAN_JTG;https://twitter.com/DISHANPAN_JTG/status/1639857716339572736
Sun Mar 26 04:47:20 +0000 2023;1639851504785047554;"@HizbutTembakau Kemungkinan di akhir pemerintahan ini, hanya sampai Kudus atau Pati.  Rembang khabarnya ada masalah rute. Konsultannya takut sama kelompok² gak jelas.";0;1;0;0;in;1554072679204139009;1639785091223400449;Muhadjir_M;https://twitter.com/Muhadjir_M/status/1639851504785047554
Sun Mar 26 04:36:38 +0000 2023;1639848811119153152;"Personil Polsek Rembang hadir di tengah masyarakat, memberikan himbauan kamtibmas kepada pemuda di desa Pasarbanggi Rembang untuk berperan aktif menjaga situasi kamtibmas https://t.co/vpSf1cZol9";0;0;0;0;in;1588025473547657216;1639848811119153152;POLSEKREMBANG3;https://twitter.com/POLSEKREMBANG3/status/1639848811119153152
Sun Mar 26 04:15:44 +0000 2023;1639843551591944192;"@queerisy Dom rembang jateng";0;0;0;0;in;1582269139854692352;1639554155177185288;chadomchitt;https://twitter.com/chadomchitt/status/1639843551591944192
Sun Mar 26 03:37:32 +0000 2023;1639833938339463168;"@FWBSmg Rembang";0;0;0;0;in;1616590642142142466;1639732940623196160;antikataandai;https://twitter.com/antikataandai/status/1639833938339463168
Sun Mar 26 03:34:52 +0000 2023;1639833269465395206;"@mimiknenen Rembang";0;1;0;0;in;1616590642142142466;1639742238375948290;antikataandai;https://twitter.com/antikataandai/status/1639833269465395206
Sun Mar 26 03:28:17 +0000 2023;1639831612362997762;"Pada hari Minggu tanggal 26 Maret 2023, pukul 09.30 Wib Anggota Polsek Sale Polres Rembang Ps. KSPKT I Aiptu Eri Wibowo, SH dan Briptu Roni, SH membantu warga yang sedang melaksanakan kerja bakti memperbaiki paving di Masjid Baitus Shomad Desa Mrayun, Kecamatan Sale. https://t.co/DDsiJx5rsY";0;0;0;0;in;1587796074596794368;1639831612362997762;polseksale1;https://twitter.com/polseksale1/status/1639831612362997762
Sun Mar 26 02:27:09 +0000 2023;1639816226531840002;"@Widino Domisili rembang Jawa Tengah bang, pengen coba  😁";0;0;0;0;in;1139384719701733381;1639478351474868224;Cahsantri12;https://twitter.com/Cahsantri12/status/1639816226531840002
Sun Mar 26 02:20:39 +0000 2023;1639814592389091329;"Ini la namanya cerodek… Silap hari bulan bersepai kena sapu dengan lori 10 tayar… Konon lawa tukar lampu aftermarket kedai ah beng, tak sedor menyusahkan orang… Tengah hari rembang mana nak nampaknya lampu signal tu yeop… https://t.co/Yd6CN1rewR";0;0;0;0;in;47522353;1639814592389091329;izzat_syazwan;https://twitter.com/izzat_syazwan/status/1639814592389091329
Sun Mar 26 02:12:05 +0000 2023;1639812437452144640;"Pelaksanaan Kegiatan Operasi pekat / miras di wilayah Polsek Gunem Rembang.  #polri  #polresrembang  #kapolresrembang  #polripresisi https://t.co/QPTL0DlfTh";0;0;0;0;in;1536567484693852166;1639812437452144640;HumasResRembang;https://twitter.com/HumasResRembang/status/1639812437452144640
Sun Mar 26 01:56:06 +0000 2023;1639808411801120768;"Mbok tenani yha oke,mbok gawe dolanan yha manut.";0;0;0;0;in;1639274939420213255;1639808411801120768;rembang_kelaran;https://twitter.com/rembang_kelaran/status/1639808411801120768
Sun Mar 26 00:40:07 +0000 2023;1639789289772056577;"[2]dikemudikan lelaki inisial RDW (27) warga Banyuwangi menyerempet sepeda motor Revo dengan plat nomor K 3896 RW yang dikendarai Siswanto warga Rembang Jawa Tengah. Motor yang oleng usai diserempet bus, lalu menabrak pengayuh sepeda ontel.  AKP Mulya Sugiarto, Kasatlantas Polres";0;1;0;0;in;100132119;1639789097513545728;radiopatria;https://twitter.com/radiopatria/status/1639789289772056577
Sat Mar 25 23:58:17 +0000 2023;1639778762479882246;"Scattered Thunderstorms Besok Suhu Udara di Rembang Tertinggi 88F dan Terendah 76F. by PT Amir Hajar Kilsi https://t.co/ZqSfvQn5CV";0;0;0;0;in;1062896329553207296;1639778762479882246;AmirHajarKilsi;https://twitter.com/AmirHajarKilsi/status/1639778762479882246
Sat Mar 25 23:16:54 +0000 2023;1639768350107779072;"[Puisi] Rembang pagi https://t.co/nhgceb7H5h   fiksi ku yang pagi ini semoga semua senang membacanya";0;0;0;0;in;1053260838176403456;1639768350107779072;JumiantoSayid;https://twitter.com/JumiantoSayid/status/1639768350107779072
Sat Mar 25 22:46:55 +0000 2023;1639760803422437376;"Surya Bali.  Trayek Denpasar - Surabaya - Lamongan - Tuban - Rembang - Pati - Kudus - Demak - Jepara. https://t.co/NO3xd8h6bV";0;1;0;1;in;1684994214;1639287803006812160;koleksitiketbis;https://twitter.com/koleksitiketbis/status/1639760803422437376
Sat Mar 25 22:00:12 +0000 2023;1639749045722963969;"Ulama ahli Qur’an dan Tafsir asal Kab. Rembang, KH Ahmad Bahauddin Nursalim (Gus Baha), dalam suatu majelis pengajian kitab, menjelaskan tentang enam perkara sebagai kunci untuk membuka pintu Surga dan menutup pintu Neraka. Sayyidina Ali bin Abi Thalib… https://t.co/WDF4Zq3OZ5";0;0;3;7;in;46693036;1639749045722963969;inilahdotcom;https://twitter.com/inilahdotcom/status/1639749045722963969
Sat Mar 25 21:34:44 +0000 2023;1639742637942128640;"Razia Malam Ramadan, Petugas Temukan Miras hingga Pekerja di Bawah Umur #rembang #wartarembang  https://t.co/Bzp5QpmQj0 https://t.co/j0dl9iDhIE";0;0;0;0;in;2477890021;1639742637942128640;wartatimes;https://twitter.com/wartatimes/status/1639742637942128640
Sat Mar 25 21:33:04 +0000 2023;1639742218994081792;"@aditia_ptraa @iivansxx No komen kids🙏🏻mungkin ada rekomen dari wilayah rembang?";0;0;0;0;in;1217114041190993925;1639613672581664771;ahangole;https://twitter.com/ahangole/status/1639742218994081792
Sat Mar 25 21:08:01 +0000 2023;1639735914334404608;"Monev Tata kelola pemerintahan Desa dari Dinpermades Kab Rembang https://t.co/ADvgpcRlms";0;0;0;0;in;1123073415961665536;1639735914334404608;PMojowarno;https://twitter.com/PMojowarno/status/1639735914334404608
Sat Mar 25 19:55:23 +0000 2023;1639717637826682880;"@chaintodman @undipmenfess Demak plat nya H mas seh (karisidenan Semarang/KeDUngSePur minus Purwodadi karena pindah ke Muria raya : Kendal Demak Ungaran Salatiga Semarang Purwodadi) , kalau Plat K itu karisidenan Pati/Muria raya (Pati,Kudus,Jepara,Rembang,Blora,Grobogan)";0;0;0;11;in;1596996503947472897;1639523783341142016;Ariawan87degree;https://twitter.com/Ariawan87degree/status/1639717637826682880
Sat Mar 25 17:41:49 +0000 2023;1639684023550369792;"@garistengah_id Mbok ya sebelum benar2 memutuskan pensiun, mampir dulu ke PSIR Rembang.";0;1;1;2;in;999406369429110784;1639544761605558272;herjobi;https://twitter.com/herjobi/status/1639684023550369792
Sat Mar 25 16:38:21 +0000 2023;1639668050176925696;"Maimun Zubair adalah ulama besar Indonesia dan tokoh sepuh NU yang memimpin pondok pesantren Al Anwar di Rembang, Jawa Tengah. Mbah Moen wafat pada 6 Agustus 2019 lalu pada saat almarhum menjalankan rangkaian ibadah Haji.";0;1;0;0;in;1607411076676845572;1639667476068962304;actual4e4;https://twitter.com/actual4e4/status/1639668050176925696
Sat Mar 25 16:26:45 +0000 2023;1639665132002480128;"Maimun Zubair adalah ulama besar Indonesia dan tokoh sepuh NU yang memimpin pondok pesantren Al Anwar di Rembang, Jawa Tengah. Mbah Moen wafat pada 6 Agustus 2019 lalu pada saat almarhum menjalankan rangkaian ibadah Haji.";0;1;0;1;in;1607011572064595974;1639664815626125313;jelajah4e4;https://twitter.com/jelajah4e4/status/1639665132002480128
Sat Mar 25 16:12:12 +0000 2023;1639661467908866049;"Maimun Zubair adalah ulama besar Indonesia dan tokoh sepuh NU yang memimpin pondok pesantren Al Anwar di Rembang, Jawa Tengah. Mbah Moen wafat pada 6 Agustus 2019 lalu pada saat almarhum menjalankan rangkaian ibadah Haji.";0;1;0;0;in;1611571582409015296;1639661046129635328;Mawas4e4;https://twitter.com/Mawas4e4/status/1639661467908866049
Sat Mar 25 16:02:20 +0000 2023;1639658985744912384;"Latepost: Monitoring APBDes Taa 2022 dari Inspektorat Kab. Rembang. Mengecek pekerjaan fisik di TA. 2022.  @mbah_hafidz gus @bappedarembang @rembangkab @kominforebang @humasrembang @ganjar_owo @DISPERMADES_JTG https://t.co/qqeXV54ine";0;0;0;1;in;1123073415961665536;1639658985744912384;PMojowarno;https://twitter.com/PMojowarno/status/1639658985744912384
Sat Mar 25 15:14:46 +0000 2023;1639647015796875264;"Ora perlu ganteng,sek penting tulus.ucapane wong wedok sek bar nguntal dompleng sak solare.";0;0;0;0;in;1639274939420213255;1639647015796875264;rembang_kelaran;https://twitter.com/rembang_kelaran/status/1639647015796875264
Sat Mar 25 14:24:54 +0000 2023;1639634465797591040;"Selamat Menunaikan ibadah puasa, Ramadhan 1444 H.   @kpurembang @kpu_ri @bawaslu_rembang @gus.hanies @mbah_hafidz @hasirohhafidz @om_desti @ppk_kaliori @kpujateng https://t.co/oMkTnepOGW";0;0;0;0;in;1618811246652063744;1639634465797591040;PpsMojowarno;https://twitter.com/PpsMojowarno/status/1639634465797591040
Sat Mar 25 14:19:53 +0000 2023;1639633203219816450;"@Widino AKU MAUUUU, dom rembang jateng huhu mau bangett, kemaren aku baru nyoba sekali karena lagi diskon dan ternyata enyaakkkk pol, buat aku yang suka keju banget ini nagih sih😭😭😭 aku pengen lagii karena yang kemaren aku salah simpen, jamuran deh kejunya 😭😭😭";0;0;0;0;in;1524369055670423552;1639478351474868224;ruitherain;https://twitter.com/ruitherain/status/1639633203219816450
Sat Mar 25 13:14:31 +0000 2023;1639616755751612416;"@cak_surrrr Rembang ga banjir mas, cm elek wae dalane, lg d perbaiki";0;0;0;0;in;3074794933;1639531286061813760;irhid;https://twitter.com/irhid/status/1639616755751612416
Sat Mar 25 12:31:56 +0000 2023;1639606038780579840;"Owhh btw today dpt makan Murtabak order via @GrabMY aja! Xda masa lah nak p bratoq pjg panas2 rembang ptg td 😫😜 #syukurramadan #iftar #Puasa2023";0;1;0;0;in;607855683;1639606038780579840;yusurisan;https://twitter.com/yusurisan/status/1639606038780579840
Sat Mar 25 12:00:02 +0000 2023;1639598010308132864;"REMBANG – Babinsa Koramil 04/Sumber Kodim 0720/Rembang  Sertu Damirin melaksanakan kegiatan Komunikasi Sosial (Komsos) dengan masyarakat para pekerja yang sedang bekerja membangun rumah salah satu warga Desa Ronggomulyo, Kecamatan Sumber, Kabupaten Rembang, Sabtu (25/03/2023). https://t.co/9pjokCjSD3";0;0;0;3;in;1542506449762664448;1639598010308132864;Warastra073;https://twitter.com/Warastra073/status/1639598010308132864
Sat Mar 25 10:30:50 +0000 2023;1639575562162442240;"Tetap tenang di era orang orang ngabuburit bareng Ayang 😒";0;0;0;0;in;1639274939420213255;1639575562162442240;rembang_kelaran;https://twitter.com/rembang_kelaran/status/1639575562162442240
Sat Mar 25 10:13:47 +0000 2023;1639571270806409216;"@Widino aq jauh bisa dapet ngak ya domisili rembang jawa tengah";0;0;0;0;in;1515577696402694144;1639478351474868224;AimHeri;https://twitter.com/AimHeri/status/1639571270806409216
Sat Mar 25 09:20:03 +0000 2023;1639557748903010304;"Sekejap lewat hari ini  sesaat kukira masih pagi  ternyata masuk rembang senja..  Matahari jingga membayang di air muara   di kejauhan orang bershalawat dan menyiapkan hidangan berbuka..  Tidakkah kau merasakan nyaman tanpa alasan ?  Nikmat mana lagi yg hendak kau dustakan ? https://t.co/FvZjjwvngJ";0;0;16;75;in;959343318;1639557748903010304;flash_poem;https://twitter.com/flash_poem/status/1639557748903010304
Sat Mar 25 07:47:10 +0000 2023;1639534373921001473;"@dmwsdq Bukan Kak, itu aku nulis Tectona buat lucu lucuan aja... kerana di Rembang terkenalnya itu pohon di Wisma Tectona...  Nama aslinya: Kigelia africana  Kalau: Tectona grandis = pohon jati";0;0;1;0;in;49465717;1639448348573978624;tomikalaza;https://twitter.com/tomikalaza/status/1639534373921001473
Sat Mar 25 07:46:03 +0000 2023;1639534094395777024;"@rainfoerest @sukapelukkk @PasuruanFess Sama seperti jawaban dibawah kak. Ada raci, Bangil, Rembang. Tinggal kamu lebih nyaman dimana dan pertimbangan2 lainnya.";0;0;0;0;in;734183582;1639255179391557634;_romadhoonii;https://twitter.com/_romadhoonii/status/1639534094395777024
Sat Mar 25 06:44:35 +0000 2023;1639518624720498688;"@Nasikin_MA @felixsiauw Itu mas faizun orang Rembang tapi menetap di Jogja";0;0;0;1;in;1555024058349080576;1639461252945833984;nur03300704;https://twitter.com/nur03300704/status/1639518624720498688
Sat Mar 25 05:54:15 +0000 2023;1639505956722864135;"Personil Polsek Rembang hadir di tengah masyarakat melaksanakan pengamanan acara Gelar Pangan Murah dalam rangka Stabilitas Harga Pangan di stadion Krida Rembang https://t.co/xWDBsiSFwA";0;0;0;0;in;1588025473547657216;1639505956722864135;POLSEKREMBANG3;https://twitter.com/POLSEKREMBANG3/status/1639505956722864135
Sat Mar 25 05:40:38 +0000 2023;1639502530890829825;"Sejumlah warung kopi di Kabupaten Rembang diketahui masih nekat beroperasi saat bulan Ramadhan. Hal itu terungkap dalam kegiatan razia warkop dan kafe karaoke di Rembang, Jumat (25/3/2023) malam.   Baca selengkapnya:   https://t.co/rCbNV2F0c9";0;0;0;0;in;1438906379272548353;1639502530890829825;katakutipcom;https://twitter.com/katakutipcom/status/1639502530890829825
Sat Mar 25 05:11:58 +0000 2023;1639495315840724992;"Pada hari Sabtu tanggal 25 Maret 2023, pukul 11.40 Wib Anggota Polsek Sale Polres Rembang Ps. KSPKT III Aipda Wiharno dan Briptu Erwin Dwi Prasetyo membantu pengaturan lalu lintas karena sedang ada pengecoran bahu jalan di Jalan Raya Sale - Jatirogo. https://t.co/4VMu0YsHso";0;0;0;0;in;1587796074596794368;1639495315840724992;polseksale1;https://twitter.com/polseksale1/status/1639495315840724992
Sat Mar 25 05:01:02 +0000 2023;1639492565706870784;"filosofi sejarah harga sarong #batik #lasem tulis pesisir rembang tiga negeri #indonesia #batikfabric https://t.co/bbWWa5Hz2O";0;0;0;0;in;131185607;1639492565706870784;thebatikCOID;https://twitter.com/thebatikCOID/status/1639492565706870784
Sat Mar 25 04:14:49 +0000 2023;1639480934994157569;"march so far: dolan dadakan, ngonser, ngepameran seni, shooting pideo profil perusahaan, balik rembang bentar (wajib sebulan sekali sejak y-team), balik jogja, beli bakpo, kena marah, siap salah, dan minta maaf~ https://t.co/YJRdpE5knm";0;0;0;0;in;71472080;1639480934994157569;raplee;https://twitter.com/raplee/status/1639480934994157569
Sat Mar 25 02:48:47 +0000 2023;1639459283824959488;"Terimakasih mas sudah order massage (orang baik😘🙏🏻 Reall akun No klik👉link WA , https://t.co/TWT5EltoPG  Semoga,puas dengan  pelayanan service pijat Semua kembali ke’selera/  Thanks for Order massage(private🚗luar kota nya😘😘😘😘/kota rembang!#pijatrembang https://t.co/5FYBk6XlAw";0;0;0;0;in;1321583522;1639459283824959488;krismassage12;https://twitter.com/krismassage12/status/1639459283824959488
Sat Mar 25 02:04:31 +0000 2023;1639448143405408257;"#BeritaJateng  Jadwal Imsak dan Buka Puasa Kudus, Jepara, Pati, Blora, Rembang, 25 Maret 2023 #jadwalimsakdanbukapuasa #kudusraya  https://t.co/YEHJWzuseP";0;0;0;0;in;79130206;1639448143405408257;jpnncom;https://twitter.com/jpnncom/status/1639448143405408257
Sat Mar 25 02:00:01 +0000 2023;1639447012730101761;"Prinsip ku sekarang jadi diri sendiri Ngga perlu jadi orang lain Karna dokumen asli lebih penting dari pada fotocopy.";0;0;0;0;in;1639274939420213255;1639447012730101761;rembang_kelaran;https://twitter.com/rembang_kelaran/status/1639447012730101761
Sat Mar 25 01:28:25 +0000 2023;1639439057842257920;"SARANA GREENHOUSE DI REMBANG https://t.co/ec46Zxat2W via @YouTube";0;0;0;0;tl;1630771513275080705;1639439057842257920;FarmsMadani;https://twitter.com/FarmsMadani/status/1639439057842257920
Sat Mar 25 01:17:21 +0000 2023;1639436274774978560;"Rembang, Kafe Karaoke Harus Tutup dan Jam Operasional Warkop Dibatasi Selama Ramadhan https://t.co/9BE59PTds4";0;0;0;0;in;2477890021;1639436274774978560;wartatimes;https://twitter.com/wartatimes/status/1639436274774978560
Sat Mar 25 01:13:20 +0000 2023;1639435264325189632;"KAKANWIL KEMENKUMHAM JATENG A YUSPAHRUDDIN:  Suasana Sholat Tarawih di Dalam Rutan Rembang https://t.co/ntJAgeEzjq #KemenkumhamJateng #AYuspahruddin #KumhamPasti @Kemenkumham_RI @kemenkumhamjtg";0;0;0;0;in;1620990708634243074;1639435264325189632;pati_humas;https://twitter.com/pati_humas/status/1639435264325189632
Sat Mar 25 00:39:07 +0000 2023;1639426649820401669;"Kasih saran dong Cara move on dari orang yang sudah bikin kita sakit hati Bikin kita sedih,kecewa cara nya gimna";0;0;0;0;in;1639274939420213255;1639426649820401669;rembang_kelaran;https://twitter.com/rembang_kelaran/status/1639426649820401669
Fri Mar 24 23:58:14 +0000 2023;1639416364841730053;"Scattered Thunderstorms Besok Suhu Udara di Rembang Tertinggi 88F dan Terendah 76F. by PT Amir Hajar Kilsi https://t.co/YKAQCPrpMj";0;0;0;0;in;1062896329553207296;1639416364841730053;AmirHajarKilsi;https://twitter.com/AmirHajarKilsi/status/1639416364841730053
Fri Mar 24 21:56:25 +0000 2023;1639385705146351616;"Makanya jujur sy agak heran kenapako bisa naik jadi kaisar NA JELLE SKLI SIFATMU 😭😭.  Oklah rembang terpilih grgr cowonya naik jd kaisar. But, still. Out of all the people harus sekali kau berdua??😭😭";0;0;0;0;in;1220234619011776520;1639385705146351616;sh3rlockedd;https://twitter.com/sh3rlockedd/status/1639385705146351616
Fri Mar 24 21:31:20 +0000 2023;1639379395793268736;"@dwinucleo Iyo mas, kemaren juga ada rombongan jamaah umroh dari Rembang, Jateng . Udah sampai di Bandara Jogja, katanya tiket ke Saudi nya ga ada, biro nya kabur, sedih bgt";0;0;0;1;in;125202939;1639376693097025536;iyzulyuliant;https://twitter.com/iyzulyuliant/status/1639379395793268736
Fri Mar 24 21:18:57 +0000 2023;1639376276543918080;"Jangan lupa his partner in crime, ibu rembang tersayangnya 🤓☝🏻. Sudah jelle ketuanya sama rembangnya, jelle lagi premis IMC nya🥵🥵 masih moko";0;0;0;0;in;1220234619011776520;1639376276543918080;sh3rlockedd;https://twitter.com/sh3rlockedd/status/1639376276543918080
Fri Mar 24 21:12:02 +0000 2023;1639374538596290560;"Pengasuh Pesantren Tahfidzul Qur’an LP3IA Rembang, KH. Ahmad Bahauddin Nur Salim, baru-baru ini membahas tentang keberkahan menghafal Surah al-Mulk dalam sebuah pengajian. Ulama yang lebih dikenal dengan sebutan Gus Baha ini mengungkapkan bahwa Alquran… https://t.co/O1BGg6gKUy";0;0;0;1;in;46693036;1639374538596290560;inilahdotcom;https://twitter.com/inilahdotcom/status/1639374538596290560
Fri Mar 24 20:47:46 +0000 2023;1639368429395406848;"Lihat postingan ini… “Sewa boom lift di semarang kudus pati pemalang kendal batang rembang jepara “. https://t.co/4CIr00rCuR";0;0;1;0;in;125232432;1639368429395406848;nuvianrizal;https://twitter.com/nuvianrizal/status/1639368429395406848
Fri Mar 24 19:40:04 +0000 2023;1639351393688645634;"Jadwal Imsak dan Buka Puasa Kudus, Jepara, Pati, Blora, Rembang, 25 Maret 2023 #jadwalimsakdanbukapuasa https://t.co/YEHJWzuseP";0;0;0;0;in;79130206;1639351393688645634;jpnncom;https://twitter.com/jpnncom/status/1639351393688645634
Fri Mar 24 19:08:18 +0000 2023;1639343400213446657;"Esok mungkin dah biasa skit. Aku ni asal nak suap anak je mst laju je tgn nak ke mulut pasal nak rs panas ke tam 😂 adehh semalam nyaris2 ye nak telan hujung2 sudu tu. Bancuh air pun lahhhh. Kak yong pulak rajin mintak oren la sirap la tghri rembang 🥲";0;0;0;0;in;551832389;1639343400213446657;dinda14020907;https://twitter.com/dinda14020907/status/1639343400213446657
Fri Mar 24 17:26:53 +0000 2023;1639317877168943105;"Al-Ibriiz Terjemah al-Quran Bahasa Jawa  Karya KH. Bisri Mustofa, Rembang  - Latin, 1 jilid - Pegon, 3 jilid  Pemesanan ke https://t.co/d8p9GOkThx https://t.co/1upfA4PcVo";0;0;1;1;in;869309543397834752;1639317877168943105;santri_keliling;https://twitter.com/santri_keliling/status/1639317877168943105
Fri Mar 24 17:08:38 +0000 2023;1639313282136932353;"Peretas berhasil mencuri #Database milik #kabupatrn #rembang #Indonesia";0;0;0;0;in;73150879;1639313282136932353;syafuddin;https://twitter.com/syafuddin/status/1639313282136932353
Fri Mar 24 16:08:54 +0000 2023;1639298251659837440;"Kelaran? Yo pantes wong raiku koyo bar maghrib:)";0;0;0;0;in;1639274939420213255;1639298251659837440;rembang_kelaran;https://twitter.com/rembang_kelaran/status/1639298251659837440
Fri Mar 24 15:59:06 +0000 2023;1639295785681711104;"jauh jauh dari semarang ke rembang berangkat kelar praktikum cuma buat minta maaf doang, ini sih bukan pacar tapi calon suami😤😤 https://t.co/hs4kaPPNSN";0;1;0;0;in;1300143876288606208;1639295785681711104;anienhateu;https://twitter.com/anienhateu/status/1639295785681711104
Fri Mar 24 15:46:27 +0000 2023;1639292602758615040;"75.KAKANWIL KEMENKUMHAM JATENG A YUSPAHRUDDIN: Rutan Rembang tetap Fasilitasi WBP Dalam Laksanakan Sholat Tarawih di Bulan Ramadan https://t.co/fcAFCS4NcH #KemenkumhamJateng #AYuspahruddin #KumhamPasti @Kemenkumham_RI @kemenkumhamjtg";0;0;0;0;in;2526590341;1639292602758615040;rutankudus;https://twitter.com/rutankudus/status/1639292602758615040
Fri Mar 24 15:46:17 +0000 2023;1639292558563213312;"74.KAKANWIL KEMENKUMHAM JATENG A YUSPAHRUDDIN:  Walau Sedang Menjalani Pidana, WBP Rutan Rembang Tetap Laksanakan Salat Tarawih https://t.co/n9z8VxGXle #KemenkumhamJateng #AYuspahruddin #KumhamPasti @Kemenkumham_RI @kemenkumhamjtg";0;0;0;0;in;2526590341;1639292558563213312;rutankudus;https://twitter.com/rutankudus/status/1639292558563213312
Fri Mar 24 15:46:14 +0000 2023;1639292546672398337;"73.KAKANWIL KEMENKUMHAM JATENG A YUSPAHRUDDIN:  Suasana Sholat Tarawih di Dalam Rutan Rembang https://t.co/RwcoXFv4jW #KemenkumhamJateng #AYuspahruddin #KumhamPasti @Kemenkumham_RI @kemenkumhamjtg";0;0;0;0;in;2526590341;1639292546672398337;rutankudus;https://twitter.com/rutankudus/status/1639292546672398337
Fri Mar 24 15:46:11 +0000 2023;1639292535679127553;"72.KAKANWIL KEMENKUMHAM JATENG A YUSPAHRUDDIN: Antusiasme WBP Rutan Rembang Ikuti Pelaksanaan Sholat Tarawih di Dalam Rutan https://t.co/t3x60uqfq6 #KemenkumhamJateng #AYuspahruddin #KumhamPasti @Kemenkumham_RI @kemenkumhamjtg";0;0;0;0;in;2526590341;1639292535679127553;rutankudus;https://twitter.com/rutankudus/status/1639292535679127553
Fri Mar 24 15:31:46 +0000 2023;1639288905949147137;"Nek wong wedok nesu ojo mbok bales nesu, ojo mbok cueki, ojo mbok tinggal ngopi, maen game, wong wedok kui nek mong trimo kon poso ngomong betahe pol senajano koe ora salah tetep o jalok sepuro. ndang dipeluk, diambung mesti lak nesune langsung ilang :)";0;0;0;0;in;1639274939420213255;1639288905949147137;rembang_kelaran;https://twitter.com/rembang_kelaran/status/1639288905949147137
Fri Mar 24 15:09:31 +0000 2023;1639283305421082624;"pantura pati-rembang apa kabar?";0;0;0;0;in;1106614193342447616;1639283305421082624;hellodhito;https://twitter.com/hellodhito/status/1639283305421082624
Fri Mar 24 14:49:35 +0000 2023;1639278291205890049;"@AndisBrighter @fahriteguh1 Tau-tau nyampe Rembang";0;1;0;0;in;198862049;1639207346978299906;Dianiyoy;https://twitter.com/Dianiyoy/status/1639278291205890049
Fri Mar 24 14:43:55 +0000 2023;1639276865289351169;"75.Rutan Rembang tetap Fasilitasi WBP Dalam Laksanakan Sholat Tarawih di Bulan Ramadan https://t.co/Funyg2auUb";0;0;0;0;in;1205365358632157192;1639276865289351169;rutanrembang_id;https://twitter.com/rutanrembang_id/status/1639276865289351169
Fri Mar 24 14:42:28 +0000 2023;1639276499827040256;"74. Walau Sedang Menjalani Pidana, WBP Rutan Rembang Tetap Laksanakan Salat Tarawih https://t.co/nklxI98Koc";0;0;0;0;in;1205365358632157192;1639276499827040256;rutanrembang_id;https://twitter.com/rutanrembang_id/status/1639276499827040256
Fri Mar 24 14:42:15 +0000 2023;1639276446018416641;"73. Suasana Sholat Tarawih di Dalam Rutan Rembang https://t.co/bPMvqPd2h0";0;0;0;0;in;1205365358632157192;1639276446018416641;rutanrembang_id;https://twitter.com/rutanrembang_id/status/1639276446018416641
Fri Mar 24 14:42:04 +0000 2023;1639276400912859139;"72.Antusiasme WBP Rutan Rembang Ikuti Pelaksanaan Sholat Tarawih di Dalam Rutan https://t.co/z2lD99UPHP";0;0;0;0;in;1205365358632157192;1639276400912859139;rutanrembang_id;https://twitter.com/rutanrembang_id/status/1639276400912859139
Fri Mar 24 14:39:02 +0000 2023;1639275637641818114;"#FotoProfilBaru https://t.co/gw7jecpMiI";0;0;0;0;qme;1639274939420213255;1639275637641818114;rembang_kelaran;https://twitter.com/rembang_kelaran/status/1639275637641818114
Fri Mar 24 14:26:22 +0000 2023;1639272446585970690;"KAKANWIL KEMENKUMHAM JATENG A YUSPAHRUDDIN: Rutan Rembang tetap Fasilitasi WBP Dalam Laksanakan Sholat Tarawih di Bulan Ramadan https://t.co/l4mP6Bhvpl";0;0;0;0;in;1511633220168609800;1639272446585970690;htaufiq034;https://twitter.com/htaufiq034/status/1639272446585970690
Fri Mar 24 14:14:05 +0000 2023;1639269356575117313;"23 Maret 2023 Selamat ulang tahun yang ke 5 untuk Outlet Ok Bento Rembang Jawa Tengah 😍  Semoga selalu diberi kelancaran dan keberkahan 🤲 Aamiin YRA https://t.co/0Ocb01MIfP";0;0;0;0;in;806378320682172416;1639269356575117313;okbento_id;https://twitter.com/okbento_id/status/1639269356575117313
Fri Mar 24 14:05:55 +0000 2023;1639267301265473537;"Aku dah pernah beli. Secara dulu selalu lewat purwodadi kalo mau ke Rembang. Tapi aku wes keno onjo-onjone Cap Tiga Keong Produksi Juwana mbak.";0;2;0;1;in;18898789;1639267301265473537;sunthy;https://twitter.com/sunthy/status/1639267301265473537
Fri Mar 24 13:58:06 +0000 2023;1639265335181205505;"Satu-satunya gol semata wayangnya dicetak saat Persebaya 1927 menghajar PSIR Rembang dengan skor 5-2 di laga tanpa penonton di Stadion Jala Krida Bumimoro, Surabaya. Gol ini memanfaatkan umpan tendangan penjuru terukur yang diberikan oleh Andik Vermansah. #gorangancev";0;0;1;21;in;1210404106675712000;1639265326427783171;StatsRawon;https://twitter.com/StatsRawon/status/1639265335181205505
Fri Mar 24 12:58:06 +0000 2023;1639250236144254976;"@SyakirAhmd__ Panas rembang lak mata mesti kena sayup je kir.";0;1;0;1;in;1332653079804530693;1639192503671996416;__syazwann;https://twitter.com/__syazwann/status/1639250236144254976
Fri Mar 24 11:35:31 +0000 2023;1639229451967041536;"bener bener kena culture shock di rembang";0;0;0;0;in;1078084753381744641;1639229451967041536;allaboutberna;https://twitter.com/allaboutberna/status/1639229451967041536
Fri Mar 24 09:30:36 +0000 2023;1639198016908451840;"KAKANWIL KEMENKUMHAM JATENG A YUSPAHRUDDIN: Rutan Rembang tetap Fasilitasi WBP Dalam Laksanakan Sholat Tarawih di Bulan Ramadan https://t.co/NWud5ZkNSA #KemenkumhamJateng #AYuspahruddin #KumhamPasti @Kemenkumham_RI @kemenkumhamjtg";0;0;0;0;in;2366534948;1639198016908451840;bapaspati;https://twitter.com/bapaspati/status/1639198016908451840
Fri Mar 24 09:30:35 +0000 2023;1639198013431357440;"KAKANWIL KEMENKUMHAM JATENG A YUSPAHRUDDIN: Walau Sedang Menjalani Pidana, WBP Rutan Rembang Tetap Laksanakan Salat Tarawih https://t.co/aplmZdMA1I #KemenkumhamJateng #AYuspahruddin #KumhamPasti @Kemenkumham_RI @kemenkumhamjtg";0;0;0;0;in;2366534948;1639198013431357440;bapaspati;https://twitter.com/bapaspati/status/1639198013431357440
Fri Mar 24 09:30:35 +0000 2023;1639198010004623361;"KAKANWIL KEMENKUMHAM JATENG A YUSPAHRUDDIN: Suasana Sholat Tarawih di Dalam Rutan Rembang https://t.co/W5S4n18ftx #KemenkumhamJateng #AYuspahruddin #KumhamPasti @Kemenkumham_RI @kemenkumhamjtg";0;0;0;0;in;2366534948;1639198010004623361;bapaspati;https://twitter.com/bapaspati/status/1639198010004623361
Fri Mar 24 09:30:34 +0000 2023;1639198006485585923;"KAKANWIL KEMENKUMHAM JATENG A YUSPAHRUDDIN: Antusiasme WBP Rutan Rembang Ikuti Pelaksanaan Sholat Tarawih di Dalam Rutan https://t.co/FLS5Wo3M4W #KemenkumhamJateng #AYuspahruddin #KumhamPasti @Kemenkumham_RI @kemenkumhamjtg";0;0;0;0;in;2366534948;1639198006485585923;bapaspati;https://twitter.com/bapaspati/status/1639198006485585923
Fri Mar 24 09:20:31 +0000 2023;1639195477945241601;"KAKANWIL KEMENKUMHAM JATENG A YUSPAHRUDDIN: Rutan Rembang tetap Fasilitasi WBP Dalam Laksanakan Sholat Tarawih di Bulan Ramadan https://t.co/GlZd66fy2I #KemenkumhamJateng #AYuspahruddin #KumhamPasti @Kemenkumham_RI @kemenkumhamjtg,";0;0;0;0;in;2492210532;1639195477945241601;lapasklaten;https://twitter.com/lapasklaten/status/1639195477945241601
Fri Mar 24 09:03:39 +0000 2023;1639191233527701505;"@junimendo007 Kemaren aja pesenin baju kekecilan. Dia kan di Bandung, aku di Rembang. Makanya pengen lihat fotonya. Klo VC jg gitu aja gak jelas";0;1;0;1;in;1303615921550835712;1639187073164017665;RaniKancana;https://twitter.com/RaniKancana/status/1639191233527701505
Fri Mar 24 08:52:15 +0000 2023;1639188366150471685;"KAKANWIL KEMENKUMHAM JATENG A YUSPAHRUDDIN:  Suasana Sholat Tarawih di Dalam Rutan Rembang https://t.co/fHldFhWwyk #KemenkumhamJateng #AYuspahruddin #KumhamPasti @Kemenkumham_RI @kemenkumhamjtg";0;0;0;0;in;1624410428;1639188366150471685;lapaspekalongan;https://twitter.com/lapaspekalongan/status/1639188366150471685
Fri Mar 24 08:51:59 +0000 2023;1639188295858151424;"KAKANWIL KEMENKUMHAM JATENG A YUSPAHRUDDIN: Antusiasme WBP Rutan Rembang Ikuti Pelaksanaan Sholat Tarawih di Dalam Rutan https://t.co/BoaUKdPRIM #KemenkumhamJateng #AYuspahruddin #KumhamPasti @Kemenkumham_RI @kemenkumhamjtg";0;0;0;0;in;1624410428;1639188295858151424;lapaspekalongan;https://twitter.com/lapaspekalongan/status/1639188295858151424
Fri Mar 24 08:30:21 +0000 2023;1639182853228625920;"73.KAKANWIL KEMENKUMHAM JATENG A YUSPAHRUDDIN:  Suasana Sholat Tarawih di Dalam Rutan Rembang https://t.co/yzPjE2BUOA #KemenkumhamJateng #AYuspahruddin #KumhamPasti @Kemenkumham_RI @kemenkumhamjtg";0;0;0;0;in;993663424306429952;1639182853228625920;purworejo_rutan;https://twitter.com/purworejo_rutan/status/1639182853228625920
Fri Mar 24 08:30:18 +0000 2023;1639182839781662720;"72.KAKANWIL KEMENKUMHAM JATENG A YUSPAHRUDDIN: Antusiasme WBP Rutan Rembang Ikuti Pelaksanaan Sholat Tarawih di Dalam Rutan https://t.co/hUdPdycZw0 #KemenkumhamJateng #AYuspahruddin #KumhamPasti @Kemenkumham_RI @kemenkumhamjtg";0;0;0;0;in;993663424306429952;1639182839781662720;purworejo_rutan;https://twitter.com/purworejo_rutan/status/1639182839781662720
Fri Mar 24 08:21:41 +0000 2023;1639180670525374464;"rembang-srengenge 15 cm. jan kroso pol ndase mlethek2 kepanasen. subhanallah";0;0;0;0;in;1208076039202594816;1639180670525374464;seorangaku_;https://twitter.com/seorangaku_/status/1639180670525374464
Fri Mar 24 07:54:27 +0000 2023;1639173817154293760;"KAKANWIL KEMENKUMHAM JATENG A YUSPAHRUDDIN:  Suasana Sholat Tarawih di Dalam Rutan Rembang https://t.co/E4QSNyUogW #KemenkumhamJateng #AYuspahruddin #KumhamPasti @Kemenkumham_RI @kemenkumhamjtg";0;0;0;0;in;2524075530;1639173817154293760;Bapas_Magelang;https://twitter.com/Bapas_Magelang/status/1639173817154293760
Fri Mar 24 07:54:18 +0000 2023;1639173783377551361;"KAKANWIL KEMENKUMHAM JATENG A YUSPAHRUDDIN: Antusiasme WBP Rutan Rembang Ikuti Pelaksanaan Sholat Tarawih di Dalam Rutan https://t.co/jk9QYAAY26 #KemenkumhamJateng #AYuspahruddin #KumhamPasti @Kemenkumham_RI @kemenkumhamjtg";0;0;0;0;in;2524075530;1639173783377551361;Bapas_Magelang;https://twitter.com/Bapas_Magelang/status/1639173783377551361
Fri Mar 24 07:14:39 +0000 2023;1639163801554808833;"KAKANWIL KEMENKUMHAM JATENG A YUSPAHRUDDIN:  Suasana Sholat Tarawih di Dalam Rutan Rembang https://t.co/wYaRu65yRe #KemenkumhamJateng #AYuspahruddin #KumhamPasti @Kemenkumham_RI @kemenkumhamjtg";0;0;0;0;in;1506882903841849344;1639163801554808833;KakanimSKA;https://twitter.com/KakanimSKA/status/1639163801554808833
Fri Mar 24 07:14:29 +0000 2023;1639163760085729281;"KAKANWIL KEMENKUMHAM JATENG A YUSPAHRUDDIN: Antusiasme WBP Rutan Rembang Ikuti Pelaksanaan Sholat Tarawih di Dalam Rutan https://t.co/mYmeTi1b7y #KemenkumhamJateng #AYuspahruddin #KumhamPasti @Kemenkumham_RI @kemenkumhamjtg";0;0;0;0;in;1506882903841849344;1639163760085729281;KakanimSKA;https://twitter.com/KakanimSKA/status/1639163760085729281
Fri Mar 24 07:05:47 +0000 2023;1639161572668088320;"KAKANWIL KEMENKUMHAM JATENG A YUSPAHRUDDIN: Rutan Rembang tetap Fasilitasi WBP Dalam Laksanakan Sholat Tarawih di Bulan Ramadan https://t.co/Fz4JYadzbM #KemenkumhamJateng #AYuspahruddin #KumhamPasti @Kemenkumham_RI @kemenkumhamjtg";0;0;0;0;in;1340831250;1639161572668088320;LPKA_Kutoarjo;https://twitter.com/LPKA_Kutoarjo/status/1639161572668088320
Fri Mar 24 07:05:44 +0000 2023;1639161557652500481;"KAKANWIL KEMENKUMHAM JATENG A YUSPAHRUDDIN:  Walau Sedang Menjalani Pidana, WBP Rutan Rembang Tetap Laksanakan Salat Tarawih https://t.co/YJXIKRbxMz #KemenkumhamJateng #AYuspahruddin #KumhamPasti @Kemenkumham_RI @kemenkumhamjtg";0;0;0;0;in;1340831250;1639161557652500481;LPKA_Kutoarjo;https://twitter.com/LPKA_Kutoarjo/status/1639161557652500481
Fri Mar 24 06:54:30 +0000 2023;1639158731270393856;"Puasa saat Rembang lg terik teriknyaa 🔥";0;0;0;0;in;738234800;1639158731270393856;Nurinnnd;https://twitter.com/Nurinnnd/status/1639158731270393856
Fri Mar 24 06:41:40 +0000 2023;1639155501454991360;"jual Stiker Kompor 2 Tungku Frozen ~ https://t.co/vzOiiMbvsx  #pati #kudus #rembang #purwodadi #demak #cepu #blora #boyolali";0;0;0;0;de;4888331311;1639155501454991360;INIUKM;https://twitter.com/INIUKM/status/1639155501454991360
Fri Mar 24 06:35:05 +0000 2023;1639153847070490624;"@ch0cohazelmut Done ka ,bismillahirahmanirahim ✨PAKET A REMBANG https://t.co/WYMaNDhpMM";0;0;0;0;in;1204376355518894081;1639110917303726080;yyuuccaaa;https://twitter.com/yyuuccaaa/status/1639153847070490624
Fri Mar 24 06:12:56 +0000 2023;1639148273041813505;"REMBANG – Bahas hasil tangkapan ikan, Komsos merupakan metode pembinaan teritorial yang dilakukan oleh Babinsa dalam rangka membangun serta menjaga hubungan baik antara aparat kewilayahan dengan masyarakat yang ada di wilayah binaannya. https://t.co/DyJfcQqgAt";0;0;0;3;in;1542506449762664448;1639148273041813505;Warastra073;https://twitter.com/Warastra073/status/1639148273041813505
Fri Mar 24 06:11:27 +0000 2023;1639147898024910848;"Selamat KOPWAN Karya Mandiri Kelurahan Rembang yang telah melaksanakan Rapat Anggota Tahunan Tutup Buku 2022 pada hari Rabu, 22 Maret 2023.  Turut hadir dalam acara tersebut, Kepala Bidang Pemberdayaan Koperasi Dinas Koperasi, UKM dan Tenaga Kerja Kota Blitar Siti Mutmainah, SE. https://t.co/imRGYla8s9";0;0;0;0;in;1491815223912968192;1639147898024910848;dinkopukmnaker;https://twitter.com/dinkopukmnaker/status/1639147898024910848
Fri Mar 24 06:05:00 +0000 2023;1639146273206067202;"@mntllljellyy @tanyarlfes Tetanggane Rembang 😀";0;0;0;0;in;817431420016570368;1638922301734535168;estehbatu;https://twitter.com/estehbatu/status/1639146273206067202
Fri Mar 24 06:04:49 +0000 2023;1639146229371383808;"REMBANG - Turut membantu masyarakat yang menjadi binaannya, Sertu Karyono Babinsa Koramil 04/Sumber mendampingi petani menjemur hasil panen padi milik warga  binaan Desa Polbayem Kecamatan Sumber Kabupaten Rembang, Jumat (24/03/2023). https://t.co/IGySr9Okbn";0;0;0;3;in;1542506449762664448;1639146229371383808;Warastra073;https://twitter.com/Warastra073/status/1639146229371383808
Fri Mar 24 05:55:35 +0000 2023;1639143904489644032;"PLTU Tanjung Jati B mampu menghasilkan FABA sekitar 359.000 ton per tahun, sementara PLTU Rembang menghasilkan 67.000 ton per tahun dan PLTU Adipala sebanyak 80.000 ton.  #PLN #ManfaatFABAPLN  #FightingClimateChange #PanturaLestari #EnergiBaruTerbarukan #PLNUntukIndonesia https://t.co/QAdQGgr7BT";0;1;0;0;in;1269893790082318337;1639143866795446272;batubaradvd;https://twitter.com/batubaradvd/status/1639143904489644032
Fri Mar 24 05:55:32 +0000 2023;1639143894612074497;"Khususnya di Jawa Tengah, PLN mengoperasikan PLTU Tanjung Jati B di Jepara, PLTU Rembang dan PLTU Adipala di Cilacap.   #PLN #ManfaatFABAPLN  #FightingClimateChange #PanturaLestari #EnergiBaruTerbarukan #PLNUntukIndonesia #BUMNUntukASEAN2023 #IndonesiaUntukASEAN https://t.co/RoFCjtLlic";0;1;0;0;in;1269893790082318337;1639143866795446272;batubaradvd;https://twitter.com/batubaradvd/status/1639143894612074497
Fri Mar 24 05:54:28 +0000 2023;1639143623756509185;"Motoran budal rembang opo gak tambah ireng dop rainya 😂";0;0;0;1;in;1153011050;1639143623756509185;11_Alfiansyah;https://twitter.com/11_Alfiansyah/status/1639143623756509185
Fri Mar 24 05:52:13 +0000 2023;1639143057655500801;"PLTU Tanjung Jati B mampu menghasilkan FABA sekitar 359.000 ton per tahun, sementara PLTU Rembang menghasilkan 67.000 ton per tahun dan PLTU Adipala sebanyak 80.000 ton.  #PLN #ManfaatFABAPLN  #FightingClimateChange #PanturaLestari #EnergiBaruTerbarukan #PLNUntukIndonesia https://t.co/m5hCuuLI09";0;1;0;0;in;1631465228801302528;1639143022825979904;BaraBatu4;https://twitter.com/BaraBatu4/status/1639143057655500801
Fri Mar 24 05:52:11 +0000 2023;1639143049283657729;"Khususnya di Jawa Tengah, PLN mengoperasikan PLTU Tanjung Jati B di Jepara, PLTU Rembang dan PLTU Adipala di Cilacap.   #PLN #ManfaatFABAPLN  #FightingClimateChange #PanturaLestari #EnergiBaruTerbarukan #PLNUntukIndonesia #BUMNUntukASEAN2023 #IndonesiaUntukASEAN https://t.co/2ldF66S7mf";0;1;0;0;in;1631465228801302528;1639143022825979904;BaraBatu4;https://twitter.com/BaraBatu4/status/1639143049283657729
Fri Mar 24 05:30:00 +0000 2023;1639137465599418373;"Warga di Rembang ini kesulitan melintas gegara akses jalan terhalang tiang listrik https://t.co/tuBBJg5LI6";0;0;0;0;in;944180887171743745;1639137465599418373;inewsdotid;https://twitter.com/inewsdotid/status/1639137465599418373
Fri Mar 24 05:19:13 +0000 2023;1639134751285207040;"bakar line mat tengah hari rembang dia payung ayam gepuk. celaka betul hm";0;0;0;0;in;794959092007608320;1639134751285207040;bukanmyrulisme;https://twitter.com/bukanmyrulisme/status/1639134751285207040
Fri Mar 24 05:11:06 +0000 2023;1639132710714368002;"Harini @khairulaming datang dengan Ayam Gepuk gaissss di tengah hari rembang ni";0;0;0;0;in;66292950;1639132710714368002;nuyulhuda;https://twitter.com/nuyulhuda/status/1639132710714368002
Fri Mar 24 05:02:09 +0000 2023;1639130460340240384;"@bliblidotcom Rembang #BliMinBeliin #BlibliSelalu";0;0;0;1;in;1568077061864198145;1636010360686936065;silvianurrahmi;https://twitter.com/silvianurrahmi/status/1639130460340240384
Fri Mar 24 04:59:09 +0000 2023;1639129702425309184;"@Faizin_Merah @LaporGub_ @BPBD_Rembang @ganjarpranowo Segera kami Koordinasikan dengan @BPBD_Rembang dan kami yakin pemkab rembang melakukan percepatan penanganan benc dimaksud. Terimakasih";0;1;2;3;in;241920110;1639068561972031488;bpbdjateng;https://twitter.com/bpbdjateng/status/1639129702425309184
Fri Mar 24 04:53:57 +0000 2023;1639128394117054464;"Jumat Curhat Polsek Bulu Polres Rembang bersama pemerintah desa Mantingan Kec.Bulu Kab.Rembang  #kapolresrembang #polresrembang #polsekbulu #polripresisi @HumasResRembang https://t.co/ld25xoPVpk";0;0;0;0;in;1588145328909611008;1639128394117054464;bulu123_p;https://twitter.com/bulu123_p/status/1639128394117054464
Fri Mar 24 04:47:41 +0000 2023;1639126817511710720;"Yg dok rt porn siang2 tengah2 hari rembang ni ok ka tak ok...posa sebulan ja bang...stop la sat...sebulan ja pun...";0;0;0;5;in;1478086995859501057;1639126817511710720;chimmypaboo_;https://twitter.com/chimmypaboo_/status/1639126817511710720
Fri Mar 24 04:37:54 +0000 2023;1639124356965208064;"@estehbatu @tanyarlfes Rembang g si??soalnya aku PKL di rembang org2 sana ngomongnya gini semua, ibu kosku jg ,tiap diajak ngomong aku cuma ngah ngoh doang😭😭pernah beliau ngomong gini "sama ebesem sampun ditf ta mba kok njajan terus, lk dimarahin mamiem pie leh" gw cuma mringis aja krn g paham😭😭";0;1;0;0;in;1517846575338319872;1638922301734535168;berrybbluee;https://twitter.com/berrybbluee/status/1639124356965208064
Fri Mar 24 04:13:45 +0000 2023;1639118276373659648;"Rutan Rembang Tetap Fasilitasi WBP Dalam Melaksanakan Sholat Tarawih  Rembang, INFO PAS - Selama satu bulan mendatang, umat muslim akan menjalankan ibadah puasa, tak terkecuali bagi Warga Binaan Pemasyarakatan (WBP) Rutan Kelas IIB Rembang. https://t.co/mQ7HRvNZQ4";0;1;0;0;in;1205365358632157192;1639118276373659648;rutanrembang_id;https://twitter.com/rutanrembang_id/status/1639118276373659648
Fri Mar 24 04:10:22 +0000 2023;1639117426792210432;"Pada hari Jum'at tanggal 24 Maret 2023, pukul 09.30 Wib Anggota Polsek Sale Polres Rembang Ps. Kanit Propam Aipda Aritiyono, SH dan Bripka Aang Oktavianto, SH pada saat melaksankan Patroli di Indomaret Sale membantu orang menaikan barang belanjaan ke spm. https://t.co/9F1zOZbOk0";0;0;0;0;in;1587796074596794368;1639117426792210432;polseksale1;https://twitter.com/polseksale1/status/1639117426792210432
Fri Mar 24 03:39:31 +0000 2023;1639109661029961730;"Khususnya di Jawa Tengah, PLN mengoperasikan PLTU Tanjung Jati B di Jepara, PLTU Rembang dan PLTU Adipala di Cilacap. PLTU Tanjung Jati B mampu menghasilkan FABA sekitar 359.000 ton per tahun, #EnergiBaruTerbarukan #PLNUntukIndonesia #UnleashingEnergyandBeyond #BUMNUntukASEAN2023 https://t.co/YEasEYj7uw";0;0;0;0;in;1636580153978658817;1639108439753506818;rendysulistio_;https://twitter.com/rendysulistio_/status/1639109661029961730
Fri Mar 24 03:38:51 +0000 2023;1639109493220077568;"Jumat Curhat Polsek Sale, 24-3-2023 di Warkop milik sdr. Jaenuri Desa Sale, Kec. Sale, Kab. Rembang. https://t.co/Q28u9iE6AJ";0;0;0;1;in;1587796074596794368;1639109493220077568;polseksale1;https://twitter.com/polseksale1/status/1639109493220077568
Fri Mar 24 03:36:33 +0000 2023;1639108914334806018;"#TemanPemilih, selama Bulan Suci Ramadhan 1444 H, KPU Kabupaten Rembang tetap bekerja melayani masyarakat. Inilah jam kerja Pegawai KPU Kabupaten Rembang selama Bulan Ramadan.  #KPUMelayani #PemiluSerentak2024 https://t.co/MzMX92jMaB";0;0;0;0;in;1372767476564389892;1639108914334806018;KPUKabRembang;https://twitter.com/KPUKabRembang/status/1639108914334806018
Fri Mar 24 03:34:54 +0000 2023;1639108499237109762;"Repost Bhabinkamtibmas Polsek Rembang  Aipda Harlan Felani menyampaikan Kajian Kitab Fathul Qorib Pasal Puasa Ramadhan pada Kultum Bada Subuh di Mushola Darul Hijrah Desa Bodaskarangjati  #humaspoldajateng #humaspolrespurbalingga #humaspolri  #ditbinmaspoldajateng  #polisisantri https://t.co/6trD9hBQW0";0;0;0;0;in;1262917448010850304;1639108499237109762;Humas_ResPBG;https://twitter.com/Humas_ResPBG/status/1639108499237109762
Fri Mar 24 03:22:50 +0000 2023;1639105466579185666;"Sosialisai Gratifikasi, SPIP, dan Benturan Kepentingan Polres Rembang dalam rangka pembangunan Zona Integritas menuju WBK dan WBBM Polres Rembang Tahun 2023 https://t.co/G2tJL8yl7w";0;0;0;1;in;1536567484693852166;1639105466579185666;HumasResRembang;https://twitter.com/HumasResRembang/status/1639105466579185666
Fri Mar 24 02:58:28 +0000 2023;1639099333424599041;"PLTU Tanjung Jati B mampu menghasilkan FABA sekitar 359.000 ton per tahun, sementara PLTU Rembang menghasilkan 67.000 ton per tahun dan PLTU Adipala sebanyak 80.000 ton.  #PLN #ManfaatFABAPLN  #FightingClimateChange #PanturaLestari #EnergiBaruTerbarukan #PLNUntukIndonesia https://t.co/ZfeJu3RGXn";0;0;0;0;in;480904092;1639098546103394305;kartikawaraw;https://twitter.com/kartikawaraw/status/1639099333424599041
Fri Mar 24 02:57:36 +0000 2023;1639099114867818497;"Khususnya di Jawa Tengah, PLN mengoperasikan PLTU Tanjung Jati B di Jepara, PLTU Rembang dan PLTU Adipala di Cilacap  #PLN #ManfaatFABAPLN  #FightingClimateChange #PanturaLestari #EnergiBaruTerbarukan #PLNUntukIndonesia #UnleashingEnergyandBeyond #BUMNUntukASEAN2023 https://t.co/JucBBRID8P";0;0;0;0;in;480904092;1639098546103394305;kartikawaraw;https://twitter.com/kartikawaraw/status/1639099114867818497
Fri Mar 24 02:46:19 +0000 2023;1639096275705696257;"Anggota Polres Rembang mengikuti Zoom Meeting Pembinaan Rohani Islam KHATAMAN AL QUR'AN (JUZ 1) Bagi Pegawai Negeri Pada Polri Tingkat Polda Jateng di Masjid An-Nuraniyah Polres Rembang.   #polri #polresrembang  #kapolresrembang  #polripresisi https://t.co/RhdqtGk3vo";0;0;0;0;in;1536567484693852166;1639096275705696257;HumasResRembang;https://twitter.com/HumasResRembang/status/1639096275705696257
Fri Mar 24 02:12:09 +0000 2023;1639087677893910529;"@BPBD_Rembang @Faizin_Merah @ganjarpranowo Terimakasih infonya kakmin, monggo kak @Faizin_Merah";0;1;1;2;in;1082909804882882560;1639068561972031488;LaporGub_;https://twitter.com/LaporGub_/status/1639087677893910529
Fri Mar 24 02:08:29 +0000 2023;1639086755038240769;"@Faizin_Merah @ganjarpranowo @LaporGub_ 1. Penanganan darurat evakuasi warga dan pembuatan Huntara  2. Bantuan stimulus rumah terdampak melalui BTT provinsi, dan sudah tahap akhir penyerahan kepada masyarakat terdampak dan saat ini dalam tahap penyiapan lahan relokasi. Terima kasih";0;1;0;2;in;4619166920;1639068561972031488;BPBD_Rembang;https://twitter.com/BPBD_Rembang/status/1639086755038240769
Fri Mar 24 02:07:58 +0000 2023;1639086624977076224;"@Faizin_Merah @ganjarpranowo @LaporGub_ Ijin menjawab Pak Gub @ganjarpranowo 🙏🏻 Halo bapak @Faizin_Merah untuk bencana tanah gerak di Kabupaten Rembang sudah kami tangani bersama BPBD Provinsi Jawa Tengah. Adapun langkah-langkah penanganan yang telah kami lakukan adalah sebagai berikut :";0;0;0;1;in;4619166920;1639068561972031488;BPBD_Rembang;https://twitter.com/BPBD_Rembang/status/1639086624977076224
Fri Mar 24 01:53:51 +0000 2023;1639083072560984065;"Personil Polsek Rembang hadir di tengah masyarakat, memberikan himbauan kamtibmas kepada pedagang dan tukang parkir untuk tidak memarkirkan kendaraan di jalan agar tidak mengganggu arus lalulintas https://t.co/B3Ih06FqIz";0;0;0;0;in;1588025473547657216;1639083072560984065;POLSEKREMBANG3;https://twitter.com/POLSEKREMBANG3/status/1639083072560984065
Fri Mar 24 01:50:04 +0000 2023;1639082117182398467;"Personil Polsek Rembang hadir di tengah masyarakat, menyebrangkan anak sekolah di SMP N 1 Rembang untuk meminimalisir terjadinya kecelakaan lalulintas dan memberi rasa aman dan nyaman kepada pengguna jalan. https://t.co/3j3hA5Uuhe";0;0;0;0;in;1588025473547657216;1639082117182398467;POLSEKREMBANG3;https://twitter.com/POLSEKREMBANG3/status/1639082117182398467
Fri Mar 24 01:24:12 +0000 2023;1639075609472290816;"Segenap Pimpinan dan Pegawai Bappeda Rembang mengucapkan Selamat Menjalankan Ibadah Puasa Ramadhan 1444H.  Semoga berkah Ramadan mencurahkan hidup kita dengan kebahagiaan, kebersamaan, kemenangan dan bersinar dengan berkah Illahi. https://t.co/2cUflVjAYD";0;0;0;0;in;913216562856787968;1639075609472290816;bappedarembang;https://twitter.com/bappedarembang/status/1639075609472290816
Thu Mar 23 23:58:07 +0000 2023;1639053945061662720;"Scattered Thunderstorms Besok Suhu Udara di Rembang Tertinggi 89F dan Terendah 76F. by PT Amir Hajar Kilsi https://t.co/SoT3634kDY";0;0;0;0;in;1062896329553207296;1639053945061662720;AmirHajarKilsi;https://twitter.com/AmirHajarKilsi/status/1639053945061662720
Thu Mar 23 23:40:40 +0000 2023;1639049552887164928;"Himbauan Kamtibmas dibulan suci Ramadhan &amp  Pemberian Sarana Kontak Dalam Giat Haul Serta Khataman Yayasan Al Azizi di Desa Oro Oro Ombo Wetan Kecanatan Rembang Kabupaten Pasuruan, Dengan Pengasuh KH.sulthon Arifin  #AYOPAKAIMASKER #PATUHIPROTOKOLKESEHATAN #JOGOPASURUAN # https://t.co/dBVyYAfXg5";0;0;0;0;in;1445519994888933377;1639049552887164928;HumasPolsekgem1;https://twitter.com/HumasPolsekgem1/status/1639049552887164928
Thu Mar 23 23:25:00 +0000 2023;1639045610933481472;"WA 0819 5288 4742 Harga Genteng Morando Jatiwangi di Mrebet, Supplier Genteng Jatiwangi Plentong di Padamara, Supplier Genteng Morando Super Jatiwangi di Pengadegan, Tempat Beli Genteng Morando Glazur Jatiwangi di Purbalingga, Info Harga Genteng Jatiwangi di Rembang #gentengjtw";0;0;0;0;in;1621042317095493632;1639045610933481472;gentengmorando;https://twitter.com/gentengmorando/status/1639045610933481472
Thu Mar 23 22:50:01 +0000 2023;1639036808112791552;"Himbauan Kamtibmas dibulan suci Ramadhan &amp  Pemberian Sarana Kontak Dalam Giat Haul Serta Khataman Yayasan Al Azizi di Desa Oro Oro Ombo Wetan Kecanatan Rembang Kabupaten Pasuruan, Dengan Pengasuh KH.sulthon Arifin  #AYOPAKAIMASKER #PATUHIPROTOKOLKESEHATAN https://t.co/syln0Vao5V";0;0;0;0;in;1437265143054798853;1639036808112791552;polsek_bangil;https://twitter.com/polsek_bangil/status/1639036808112791552
Thu Mar 23 22:41:30 +0000 2023;1639034665502912515;"Jual Stiker Kulkas 1 Pintu Super Mario ~ https://t.co/Tq61dFe1Rs  #pati #kudus #rembang #purwodadi #demak #cepu #blora #boyolali";0;0;0;0;in;4888331311;1639034665502912515;INIUKM;https://twitter.com/INIUKM/status/1639034665502912515
Thu Mar 23 22:16:01 +0000 2023;1639028251044765696;"Himbauan Kamtibmas dibulan suci Ramadhan &amp  Pemberian Sarana Kontak Dalam Giat Haul Serta Khataman Yayasan Al Azizi di Desa Oro Oro Ombo Wetan Kecanatan Rembang Kabupaten Pasuruan, Dengan Pengasuh KH.sulthon Arifin  #AYOPAKAIMASKER #PATUHIPROTOKOLKESEHATAN #JOGOPASURUAN https://t.co/tzw5WlcSAV";0;0;0;1;in;1159048165166727171;1639028251044765696;haqi_d;https://twitter.com/haqi_d/status/1639028251044765696
Thu Mar 23 21:38:53 +0000 2023;1639018908253573120;"2/ Proses penulisan kitab Thariqatul Husul bermula ketika Kiai Sahal muda tengah berguru kepada Kiai Zubair Pesantren Sarang Rembang. Salah satu kitab yang didiskusikan adalah Ghoyatul Wushul karya Syekh Zakariya Al-Anshori ulama syafiiyah abad 9 Hijriyah.";0;1;1;5;in;1277080675;1639018901295235074;Lakpesdam_PBNU;https://twitter.com/Lakpesdam_PBNU/status/1639018908253573120
Thu Mar 23 22:02:21 +0000 2023;1639024810348130308;"pak gak usah urus neko2, urus saja jateng, jalannya banyak yang rusak, krmiskinan meningkat, jangan tik tokan terus, ingat kemacetan juanan-rembang yang berdampak rusaknya jalan2 kampung yang menjaddi alternatiff....napak lan masih gubernur, piala dunia sudah ada yang ngurus";0;0;0;0;in;4894940352;1639024810348130308;bbgsusilo01;https://twitter.com/bbgsusilo01/status/1639024810348130308
Thu Mar 23 21:35:45 +0000 2023;1639018118017327105;"Rembang - Babinsa Koramil 10/Gunem Serka Sudarsono melaksanakan Komsos bersama warga Desa Trembes membahas masalah kebersihan lingkungan dan tenggang rasa saling menghargai sesama tetangga. https://t.co/XytUzafO9A";0;0;0;3;in;1542506449762664448;1639018118017327105;Warastra073;https://twitter.com/Warastra073/status/1639018118017327105
Thu Mar 23 21:33:40 +0000 2023;1639017592420712449;"Rembang - Serma Kismanto  Babinsa Koramil 14/Sarang melaksanakan Komsos dengan pemuda Kalipang menyampaikan pesan agar menjaga kebersihan lingkungan  terkait pasca panen musim pancaroba. https://t.co/GrPe8hKG0p";0;0;0;3;in;1542506449762664448;1639017592420712449;Warastra073;https://twitter.com/Warastra073/status/1639017592420712449
Thu Mar 23 21:31:38 +0000 2023;1639017081567080450;"Rembang - Babinsa Desa Tahunan  Koramil 11/Sale Serma Mujahid melaksanakan Komsos dengan karyawan pekerja tambang galian C. https://t.co/JGVpwaF1ia";0;0;0;3;in;1542506449762664448;1639017081567080450;Warastra073;https://twitter.com/Warastra073/status/1639017081567080450
Thu Mar 23 21:28:47 +0000 2023;1639016363099586560;"@anang_batas @lantip Kota sing wangi   #tet  Rembang 7 rupa";0;0;0;0;in;537201239;1639013090577768448;inhuasudjarot;https://twitter.com/inhuasudjarot/status/1639016363099586560
Thu Mar 23 20:27:34 +0000 2023;1639000958897385472;"Kapan ya ada di kampus rembang…";0;0;0;0;in;1368908165329285122;1639000958897385472;takofresh2;https://twitter.com/takofresh2/status/1639000958897385472
Thu Mar 23 17:43:21 +0000 2023;1638959634324287488;"Rembang https://t.co/ia03lNxR5W";0;0;0;0;in;1636247198965833728;1638959634324287488;Novalwijaya022;https://twitter.com/Novalwijaya022/status/1638959634324287488
Thu Mar 23 17:27:26 +0000 2023;1638955625551122433;"Sinergitas TNI POLRI berikan manfaat untuk masyarakat. Anggota Polsek Sale Polres Rembang bersama dengan Koramil Sale malaksanakan gotong royong meratakan huruk/grosok di jalan Desa Sale, Kecamatan Sale, Kabupaten Rembang.  #polri #polresrembang  #kapolresrembang  #PolsekSale https://t.co/6pC0X6zZye";0;0;0;0;in;1536567484693852166;1638955625551122433;HumasResRembang;https://twitter.com/HumasResRembang/status/1638955625551122433
Thu Mar 23 16:28:03 +0000 2023;1638940681132720129;"Prabowo Kunjung Gus Mus di Rembang - FRAKSI GERINDRA https://t.co/BqFVIdhkYG #PrabowoUnggul #BangkitBersama";0;0;0;0;in;1110932693426954240;1638940681132720129;fathw25;https://twitter.com/fathw25/status/1638940681132720129
Thu Mar 23 15:12:04 +0000 2023;1638921562685595648;"@RiaKeynou @ganjarpranowo Barang sama Pak Hafidz bupati Rembang";0;1;0;1;in;308232072;1638733585384628224;the_hero77;https://twitter.com/the_hero77/status/1638921562685595648
Thu Mar 23 15:00:17 +0000 2023;1638918596310241280;"2/ Proses penulisan kitab Thariqatul Husul bermula ketika Kiai Sahal muda tengah berguru kepada Kiai Zubair Pesantren Sarang Rembang. Salah satu kitab yang didiskusikan adalah Ghoyatul Wushul karya Syekh Zakariya Al-Anshori ulama syafiiyah abad 9 Hijriyah.";0;1;0;1;in;1277080675;1638918589070860299;Lakpesdam_PBNU;https://twitter.com/Lakpesdam_PBNU/status/1638918596310241280
Thu Mar 23 14:29:47 +0000 2023;1638910919291056130;"→ Let's G° ¡ ╭─╼╭━╮╿╿╭━╮┑╿┍ ┠─╼╰━╯╽╽╰━╯╰┻╯ ┷  ✨ 𝐁𝐞𝐛 𝐕𝐢𝐨 | ᵇᵃˢᵉ ˢᵘʳᵃᵇᵃʸᵃ     💞 @queensnow101       💞 @Imissyyu    💞 @BebVvii  Schedule Today at Surabaya 28-29 Malang  29-31 Surabaya  - April 1 Rembang 2-3 Pati https://t.co/gVvi4fOjBM";0;0;0;0;tl;711225477738995712;1638910919291056130;callme__glo;https://twitter.com/callme__glo/status/1638910919291056130
Thu Mar 23 14:12:05 +0000 2023;1638906464613064704;"Duh! Pasar Kota Rembang Tak Kunjung Punya Pengolahan Air ... - Radar Kudus https://t.co/i0BxtIJqaJ";0;0;0;0;in;899479915;1638906464613064704;FilterAirJKT;https://twitter.com/FilterAirJKT/status/1638906464613064704
Thu Mar 23 14:03:34 +0000 2023;1638904321889939457;"tukang parkir rembang problematik banget anjir";0;0;0;0;in;1581476414091825153;1638904321889939457;browniesasin;https://twitter.com/browniesasin/status/1638904321889939457
Thu Mar 23 13:58:10 +0000 2023;1638902963887566850;"massif di pesisir Utara. Di Jawa Tengah, abarasi terjadi semakin massif mulai dari pantai sebelah timur, Rembang hingga Brebes. Di pesisir Utara Jawa Barat pun abrasi tidak kalah parah. Disepanjang pantai Rembang–Brebes rata-rata daratan yang terseret gelombang dan arus laut";0;1;0;0;in;1635142096641486848;1638902959454175233;SuprioGuntoro;https://twitter.com/SuprioGuntoro/status/1638902963887566850
Thu Mar 23 13:34:33 +0000 2023;1638897019862540291;"Polsek Rembang pantau beberapa lokasi memastikan situasi dalam keadaan kondusif  #polrespurbalingga #humaspolrespurbalingga #poldajatenghadir #polisi_indonesia #polisirepublikindonesia #polisiindonesia https://t.co/rKR4U3iiWC";0;0;0;0;in;1262917448010850304;1638897019862540291;Humas_ResPBG;https://twitter.com/Humas_ResPBG/status/1638897019862540291
Thu Mar 23 11:23:44 +0000 2023;1638864097885433857;"@mulkanjabariyan @pribumi666 Iya, cek saja yang kemarin di rembang sudah ketinggian berapa derajat, dan yang di jogja ketinggian berapa derajat. Hasilnya sudah lebih dari 5°.";0;0;0;0;in;1505635352731549696;1638504735685869569;Foamwatcher;https://twitter.com/Foamwatcher/status/1638864097885433857
Thu Mar 23 10:57:18 +0000 2023;1638857448407838721;"@unnesmenfess Aku lagi pulang di Rembang ini nder balik ke gunpat Minggu klo mau dm aj nder";0;0;0;0;in;1542106701167755271;1638855638561476615;Lilioshaa;https://twitter.com/Lilioshaa/status/1638857448407838721
Thu Mar 23 10:53:32 +0000 2023;1638856501090721792;"Aipda Harlan Felani Bhabinkamtibmas Polsek Rembang sampaikan pesan kamtibmas kepada warga agar selalu berhati-hati terhadap kejahatan dan tetap waspada  #polrespurbalingga #humaspolrespurbalingga #poldajatenghadir #polisi_indonesia #polisirepublikindonesia #polisiindonesia https://t.co/JuaWhkauvy";0;0;0;0;in;1262917448010850304;1638856501090721792;Humas_ResPBG;https://twitter.com/Humas_ResPBG/status/1638856501090721792
Thu Mar 23 10:50:07 +0000 2023;1638855638561476615;"-ness ada orang Rembang yang lagi pulang dan open jastip sirup kawista ngga? Sender pengen🥺";0;1;0;0;in;1187284958370398209;1638855638561476615;unnesmenfess;https://twitter.com/unnesmenfess/status/1638855638561476615
Thu Mar 23 10:24:29 +0000 2023;1638849187155689474;"Pulang kampung, mumpung libur 2 hari🖐🏻 #Rembang #Lasem https://t.co/JnREulAd6m";0;0;0;2;in;769549603012157440;1638849187155689474;anazawamisaki;https://twitter.com/anazawamisaki/status/1638849187155689474
Thu Mar 23 09:52:32 +0000 2023;1638841147312472066;"@uppd_rembang mohon info apakah aturan BBNKB gratis sudah diterapkan di Rembang?";0;2;0;1;in;1634711887215742976;1638838054814371842;budisulistijon0;https://twitter.com/budisulistijon0/status/1638841147312472066
Thu Mar 23 09:40:15 +0000 2023;1638838054814371842;"Info Pelayanan SAMSAT Rembang selama Bulan Ramadhan ,,,  #samsatrembang #bapenda  #inforembang https://t.co/9UiqsexDfw";0;1;0;0;in;2832824533;1638838054814371842;uppd_rembang;https://twitter.com/uppd_rembang/status/1638838054814371842
Thu Mar 23 09:05:07 +0000 2023;1638829216614731776;"@haecatsu ya kamu ke solo pas aku ke rembang 😔😔  ayoo kamu kapan pulkam ntar tak samperin 👉👈";0;1;0;0;in;1199277459109117952;1638669178227003393;cattoraon;https://twitter.com/cattoraon/status/1638829216614731776
Thu Mar 23 08:24:53 +0000 2023;1638819090440785922;"Segenap Keluarga Besar Kantor Pertanahan Kabupaten Rembang mengucapkan Selamat Menunaikan Ibadah Puasa Ramadhan 1444 H, untuk seluruh umat Islam di Indonesia.  Selamat menjalankan ibadah puasa, dan semoga di bulan yang penuh berkah ini kita semua mendapat ampunan dari Allah SWT. https://t.co/QFXVgNadlw";0;0;0;0;in;1416195476097953795;1638819090440785922;AtrRembang;https://twitter.com/AtrRembang/status/1638819090440785922
Thu Mar 23 07:21:34 +0000 2023;1638803156770635777;"@bliblidotcom Rembang #BliMinBeliin #BlibliSetiapHari";0;0;0;0;in;841262383;1633445208531828738;vinad_bumi;https://twitter.com/vinad_bumi/status/1638803156770635777
Thu Mar 23 07:08:28 +0000 2023;1638799860387418113;"@bliblidotcom Rembang #BliMinBeliin #BliBliSelalu";0;0;0;0;in;841262383;1636010360686936065;vinad_bumi;https://twitter.com/vinad_bumi/status/1638799860387418113
Thu Mar 23 06:21:06 +0000 2023;1638787938313203713;"082390177474 - "Badan Penanggulangan Bencana Daerah Rembang" https://t.co/hg2eGVYf0E";0;0;0;0;in;886482346290982912;1529267006268403712;txtdarirembang;https://twitter.com/txtdarirembang/status/1638787938313203713
Thu Mar 23 06:00:14 +0000 2023;1638782685786284033;"Pada hari Kamis tanggal 23 Maret 2023, pukul 11.00 Wib Anggota Polsek Sale Polres Rembang Ps. KSPKT I Aiptu Eri Wibowo, SH, Aiptu Lukman Zakaria dan Briptu Roni, SH pada saat melaksanakan patroli di Desa Gading membantu warga yang sedang kerja bakti membuat jalan desa. https://t.co/OBPtfxLZra";0;0;0;0;in;1587796074596794368;1638782685786284033;polseksale1;https://twitter.com/polseksale1/status/1638782685786284033
Thu Mar 23 05:35:16 +0000 2023;1638776406577680384;"Marhaban ya Ramadan. Semoga di bulan suci Ramadan ini penuh dengan keberkahan.  Kami segenap keluarga Badan Perwakilan Mahasiswa Universitas YPPI Rembang Mengucapkan:  "Selamat Menunaikan ibadah puasa tahun 1444H" https://t.co/LYFhyMeQAb";0;1;0;0;in;1621877674263343104;1638776406577680384;bpmuyrembang;https://twitter.com/bpmuyrembang/status/1638776406577680384
Thu Mar 23 05:29:34 +0000 2023;1638774970049531905;"Suarakan, Tuliskan, lalu Kirimkan Segala Bentuk Aspirasi baik berupa Kritik ataupun Saran kepada segenap Civitas Akademika Universitas YPPI Rembang dengan mengisi link form dibawah ini  https://t.co/1Cnf9gKsgq MahasiswaUYR2023";0;1;0;0;in;1621877674263343104;1638774871332372480;bpmuyrembang;https://twitter.com/bpmuyrembang/status/1638774970049531905
Thu Mar 23 05:22:51 +0000 2023;1638773281301073921;"Untuk Seluruh Keluarga Besar Mahasiswa Universitas YPPI REMBANG,  "Kami siap membantu &amp  Melayani berbagai Keluhan, Saran, Kritikan, dari Mahasiswa kepada pihak Kampus baik Rektorat,  Para Dosen, Karyawan, maupun kepada Organisasi Mahasiswa."~Komisi 3 Bidang Aspirasi dan Advokasi. https://t.co/swqvRDPQbW";0;1;0;0;in;1621877674263343104;1638773281301073921;bpmuyrembang;https://twitter.com/bpmuyrembang/status/1638773281301073921
Thu Mar 23 05:17:19 +0000 2023;1638771888980885510;"More Info:  Narahubung :+62812-1519-9501 (Dzar A)  E-mail : bpmuniversitasyppirembang@gmail.com Instagram : @bpmuyrembang Twitter : @bpmuyrembang  #bpmuyrembang #Universitasyppirembang #Abistyabimantara ______ Badan Perwakilan Mahasiswa Universitas YPPI Rembang 2023 https://t.co/CuSjNUACZN";0;0;0;0;in;1621877674263343104;1638771827182026756;bpmuyrembang;https://twitter.com/bpmuyrembang/status/1638771888980885510
Thu Mar 23 05:17:05 +0000 2023;1638771827182026756;"DOKUMENTASI RAPAT BEM X BPM X REKTOR TAHUN 2023  Diharapkan baik BEM, BPM, maupun PIHAK KAMPUS dapat saling bekerja sama dan bersatu  untuk mencapai apa yang telah dicita-citakan bersama di Universitas YPPI Rembang. https://t.co/1SDuDKqd4F";0;1;0;0;in;1621877674263343104;1638771827182026756;bpmuyrembang;https://twitter.com/bpmuyrembang/status/1638771827182026756
Thu Mar 23 05:10:14 +0000 2023;1638770104975638528;"08113377377 - "Perkumpulan Masyarakat Peduli Rembang" https://t.co/zusITCH7IB";0;0;0;0;in;886482346290982912;1529267006268403712;txtdarirembang;https://twitter.com/txtdarirembang/status/1638770104975638528
Thu Mar 23 04:51:43 +0000 2023;1638765443631693825;"Diguyur Hujan Deras, Atap Rumah Warga Rembang Ambruk https://t.co/2Jnt9WVjAQ";0;0;0;0;in;2392460208;1638765443631693825;jawapos;https://twitter.com/jawapos/status/1638765443631693825
Thu Mar 23 03:35:13 +0000 2023;1638746193135308800;"Sekilas wajahmu menghujam  Dalam benak mata yg memejam  Rasa yg dulu tajam   Kini temaram.  Kekasih, energimu, vibrasimu, auramu, kehadiranmu, pembawaanmu...membuatku bertekuk lutut sampai ke dasar bumi.  Kau memang tak terganti.   Rembang, 23Maret 2023.";0;2;1;7;in;1303615921550835712;1638746193135308800;RaniKancana;https://twitter.com/RaniKancana/status/1638746193135308800
Thu Mar 23 03:34:39 +0000 2023;1638746048763166725;"Personil Polsek Rembang hadir di tengah masyarakat memberikan himbauan kamtibmas kepada pemuda di desa Pasarbanggi untuk mengisi waktu luang dengan kegiatan yang positif dan berperan aktif menjaga situasi kamtibmas. https://t.co/I5B3ds5J49";0;0;0;0;in;1588025473547657216;1638746048763166725;POLSEKREMBANG3;https://twitter.com/POLSEKREMBANG3/status/1638746048763166725
Thu Mar 23 02:36:50 +0000 2023;1638731502312882176;"#rembang #dinbudparrembang #explorerembang #wisatarembang #rembangapaapaana";0;0;0;1;qht;1217729858190446592;1638731498244407298;dinbudpar_rbg;https://twitter.com/dinbudpar_rbg/status/1638731502312882176
Thu Mar 23 01:00:43 +0000 2023;1638707312214028289;"Semangat pagi bapak/ibu mohon izin share Jadwal Imsakiyah Ramadhan 1444 H / 2023 Wilayah Kabupaten Rembang. Terima kasih 🙏🏻  #Jadwalimsakiyah #ramadhan2023 https://t.co/MUoA91Uv8x";0;0;0;0;in;1560071478179418113;1638707312214028289;rsbhinabhakti;https://twitter.com/rsbhinabhakti/status/1638707312214028289
Wed Mar 22 23:58:16 +0000 2023;1638691593795567617;"PM Thunderstorms Besok Suhu Udara di Rembang Tertinggi 90F dan Terendah 76F. by PT Amir Hajar Kilsi https://t.co/0jNCNCJeZU";0;0;0;0;in;1062896329553207296;1638691593795567617;AmirHajarKilsi;https://twitter.com/AmirHajarKilsi/status/1638691593795567617
Wed Mar 22 23:40:31 +0000 2023;1638687128401096704;"@Widino @umbianakan Khas Rembang punya itu Banyak yg bilang kacang atom nya bisa mengalahkan rasa kacang merk 2 🐇 dan 🦅food 😇";0;0;0;0;in;242311841;1638473011958546433;juraganseto;https://twitter.com/juraganseto/status/1638687128401096704
Wed Mar 22 23:31:20 +0000 2023;1638684818383982593;"jual  Stiker Kulkas 1 Pintu Hello Kitty Music ~ https://t.co/Irp2Vxokvf #blora #cepu #jepara #pati #kudus #rembang #sragen #cilacap";0;0;0;0;in;962014446099996673;1638684818383982593;bantenstiker;https://twitter.com/bantenstiker/status/1638684818383982593
Wed Mar 22 21:22:55 +0000 2023;1638652501653331969;"Kapolsek Sarang bersama Camat Sarang dan Danramil Sarang menyambut kedatangan Bapak Bupati Rembang dlm rangka pembagian Sertifikat masal di Desa Sarangmeduro.  #humaspolresrembang #poldajateng #polresrembang #polseksarang #poskopresisi https://t.co/zl17uUpmXn";0;0;0;0;in;1588023917309939712;1638652501653331969;sektor_sarang;https://twitter.com/sektor_sarang/status/1638652501653331969
Wed Mar 22 20:37:04 +0000 2023;1638640963399856128;"KH. Ahmad Bahauddin Nur Salim, lebih dikenal sebagai Gus Baha, ulama ternama dalam bidang tafsir Al-Qur’an dan pengasuh Pondok Pesantren Tahfidzul Qur’an LP3IA Rembang, baru-baru ini mengadakan pengajian yang membahas tentang hikmah puasa di bulan… https://t.co/gxWJD18iqU";0;0;0;1;in;46693036;1638640963399856128;inilahdotcom;https://twitter.com/inilahdotcom/status/1638640963399856128
Wed Mar 22 16:26:13 +0000 2023;1638577833911160833;"@gotthesin orang gila ja bukak kedai chaketiaw siang² rembang mat";0;0;0;0;in;757631446722809856;1638574443860758528;estarossadness;https://twitter.com/estarossadness/status/1638577833911160833
Wed Mar 22 16:24:50 +0000 2023;1638577486253662209;"@Anggerp9 Soto rembang sok isuk well";0;1;0;0;in;1285409672543924224;1638576824434434048;fchrla_;https://twitter.com/fchrla_/status/1638577486253662209
Wed Mar 22 13:21:00 +0000 2023;1638531223835533314;"Bazar Ramadhan di Desa Kuangsan Kec. Kaliori Rembang yang diselenggarakan Karang Taruna dengan dukungan Pemdes Kuangsan. Sebuah agenda pemberdayaan masyarakat yang bisa meningkatkan pendapatan dan menghidupkan perekonomian warga Desa Kuangsan. Salam Aditya Karya Mahatva Yodha. https://t.co/cneWy1vFmE";0;3;0;0;in;368019027;1638531223835533314;abahrifan;https://twitter.com/abahrifan/status/1638531223835533314
Wed Mar 22 12:51:47 +0000 2023;1638523871086399488;"Semarang, Tegal, Kudus, Pati, Rembang~~~";0;0;0;0;in;1210175190098800641;1638523871086399488;chicnlit;https://twitter.com/chicnlit/status/1638523871086399488
Wed Mar 22 11:27:52 +0000 2023;1638502750907662336;"Sosialisasi dalam rangka kegiatan Redistribusi Tanah Objek Landreform Kantor Pertanahan Kab. Purbalingga tahun 2023 telah dilaksanakan di Aula Kantor Desa Panusupan, Kecamatan Rembang pada (Selasa, 21/03/2023).  #atrbpnpurbalingga #kantahkabpurbalingga https://t.co/UL6hkAlNTC";0;0;0;0;in;1276444189979316225;1638502750907662336;kantahkabpbg;https://twitter.com/kantahkabpbg/status/1638502750907662336
Wed Mar 22 11:11:02 +0000 2023;1638498515444957184;"Kapan jalan Pantura pati-rembang lancar jaya seperti setahun yg lalu lagi? -_-";0;0;0;0;in;1219986493545910273;1638498515444957184;RizkiBakti2;https://twitter.com/RizkiBakti2/status/1638498515444957184
Wed Mar 22 10:34:38 +0000 2023;1638489356817293312;"@Miduk17 Saya orang Pati Jawa Tengah dan antipati pada Ganjar. Sudah bertahun-tahun jalan menuju kampung halaman di Blora hancur. Kalau ndak percaya lewat saja dr Kudus ke Rembang. Pantura'saja hancur apalagi jalan Propinsi, jalan kabupaten, jalan kecamatan";0;0;0;0;in;1537006782240894976;1638365975618912256;SurosoSo8;https://twitter.com/SurosoSo8/status/1638489356817293312
Wed Mar 22 10:10:41 +0000 2023;1638483326729359360;"@nctzenbase versi rembang ada ga sih😭😭😭";0;0;0;0;in;1305681429527838720;1638192489495691268;beauttyme;https://twitter.com/beauttyme/status/1638483326729359360
Wed Mar 22 09:30:08 +0000 2023;1638473123900305408;"#TemanPemilih Segenap keluarga besar KPU Kabupaten Rembang mengucapkan selamat menunaikan Ibadah Puasa Ramadhan 1444 Hijriah.  #kpumelayani  #pemiluserentak2024 https://t.co/9HziswLoIf";0;0;0;0;in;1372767476564389892;1638473123900305408;KPUKabRembang;https://twitter.com/KPUKabRembang/status/1638473123900305408
Wed Mar 22 09:15:32 +0000 2023;1638469450054750208;"Tanggul Jebol, Serda Rofiq Babinsa Koramil Rembang Gerak Cepat Ke Lokasi https://t.co/uUwPtwwMdD";0;0;0;0;in;884586559751675904;1638469450054750208;ketiklagi;https://twitter.com/ketiklagi/status/1638469450054750208
Wed Mar 22 09:15:32 +0000 2023;1638469447529660417;"Tanggul Jebol, Serda Rofiq Babinsa Koramil Rembang Gerak Cepat Ke Lokasi https://t.co/fuRg82uB3J";0;0;0;0;in;878373997481607170;1638469447529660417;bnewsnet;https://twitter.com/bnewsnet/status/1638469447529660417
Wed Mar 22 08:00:58 +0000 2023;1638450684180987906;"@Babydoll_014 Dumbeg Rembang uenak seh https://t.co/WpINMmNArU";0;1;0;0;in;1598734220204994561;1638418349213503488;Mafiafifa_;https://twitter.com/Mafiafifa_/status/1638450684180987906
Wed Mar 22 07:29:48 +0000 2023;1638442839712620544;"@Mafiafifa_ Rembang😭";0;1;0;0;in;1614856642444820480;1638418349213503488;Babydoll_014;https://twitter.com/Babydoll_014/status/1638442839712620544
Wed Mar 22 07:23:45 +0000 2023;1638441317494816768;"Ada nak boleh balut pelam bulan2 puasa ni dengan Perlis panas rembang elok pagi2. Takut teringat Kopi pekat sama nanti.  Nak buat petang nak dekat berbuka takut letih bertarawih. Nyanye nyanye. 🫠";0;0;0;0;in;736860884;1638441317494816768;qusyairisazali;https://twitter.com/qusyairisazali/status/1638441317494816768
Wed Mar 22 07:18:56 +0000 2023;1638440105194176513;"Setuju. Segelas es batu + teh botol + panas rembang";0;1;0;0;in;311242574;1638440105194176513;ayocid;https://twitter.com/ayocid/status/1638440105194176513
Wed Mar 22 07:00:00 +0000 2023;1638435342016565250;"Situs Punjulharjo berada di Rembang, Jawa Tengah. Di masa kuno, Rembang memang dikenal sebagai kota pesisir yang mendukung kegiatan pelayaran.   Maka tinggalan kapal kuno di Punjulharjo merupakan bukti sahih atas hal itu.  #PerahuKuno #MozaikTirto  https://t.co/M5gLAdOPW9 https://t.co/WLXFCnCo37";0;0;1;3;in;4187275698;1638435342016565250;TirtoID;https://twitter.com/TirtoID/status/1638435342016565250
Wed Mar 22 06:35:18 +0000 2023;1638429124489515009;"📷: ig/ asli.rembang";0;0;0;0;hu;886482346290982912;1638428573060198400;txtdarirembang;https://twitter.com/txtdarirembang/status/1638429124489515009
Wed Mar 22 06:24:12 +0000 2023;1638426330277769217;"Personil Polsek Rembang hadir di tengah masyarakat, memberi himbauan kepada penjual ikan kering di desa Punjulharjo agar lebih kreatif dan inovatif mengolah hasil tangkapan ikan nelayan untuk meningkatkan nilai jualnya. https://t.co/H7PViSUAxY";0;0;0;0;in;1588025473547657216;1638426330277769217;POLSEKREMBANG3;https://twitter.com/POLSEKREMBANG3/status/1638426330277769217
Wed Mar 22 06:12:22 +0000 2023;1638423354431660032;"Pada hari Rabu tanggal 22 Maret 2023, pukul 09.30 Wib Anggota Polsek Sale Polres Rembang Bripka Yoto dan Briptu Erwin Dwi Prasetyo bersama dengan Koramil Sale malaksanakan gotong royong meratakan huruk/grosok di jalan Desa Sale, Kecamatan Sale, Kabupaten Rembang. https://t.co/mYtnbiHcLw";0;0;0;0;in;1587796074596794368;1638423354431660032;polseksale1;https://twitter.com/polseksale1/status/1638423354431660032
Wed Mar 22 05:35:52 +0000 2023;1638414166963941376;"Segenap Keluarga Besar Kantor Pertanahan Kabupaten Rembang mengucapkan Selamat Merayakan Hari Raya Nyepi Saka 1945. Semoga damainya Nyepi membawa ketenangan dan kebahagiaan.  #HariRayaNyepi #KementerianATRBPN  #KantahKabRembang  #ATRBPNKiniLebihBaik  #ATRBPNMajudanModern https://t.co/t1hk8dzubI";0;0;0;0;in;1416195476097953795;1638414166963941376;AtrRembang;https://twitter.com/AtrRembang/status/1638414166963941376
Wed Mar 22 05:47:06 +0000 2023;1638416996659499010;"Padiaaa duduk tengah2 panas rembang pun ghairah pakcik ni😭";0;0;0;0;in;955843875590914050;1638416996659499010;bimidul;https://twitter.com/bimidul/status/1638416996659499010
Wed Mar 22 04:48:54 +0000 2023;1638402349810196480;"@infoBMKG info perkiraan cuaca di hari ini Rabu tgl 22 maret 2023 dari Rembang, jawa tengah.";0;0;0;0;in;1493411922745913344;1638402349810196480;shuahanny;https://twitter.com/shuahanny/status/1638402349810196480
Wed Mar 22 04:19:06 +0000 2023;1638394847336996865;"Anggota bhabinkamtibmas polsek gunem Polres rembang Briptu Deni soraya melaksanakan giat blusukan kamtibmas di wilayah desa binaan.  #polripresisi #polresrembang https://t.co/cO11Q1mMKd";0;0;0;1;in;1257522262166523904;1638394847336996865;GunemPolsek;https://twitter.com/GunemPolsek/status/1638394847336996865
Wed Mar 22 04:03:44 +0000 2023;1638390980717211649;"@4nggi4 Nih lihat du Google  jepara pati kudus rembang namanya kerupuk Begenggek   😁 https://t.co/XaGvmiDEAF";0;1;0;0;in;2421148961;1638324470879498241;___XpaiX___;https://twitter.com/___XpaiX___/status/1638390980717211649
Wed Mar 22 03:38:59 +0000 2023;1638384751395602439;"@bliblidotcom Rembang  #BliMinBeliin #BlibliSelalu";0;0;0;0;in;910382207897710592;1636010360686936065;gus_goenroos;https://twitter.com/gus_goenroos/status/1638384751395602439
Wed Mar 22 03:36:50 +0000 2023;1638384211316072448;"[ Hari Raya Nyepi Saka 1945 ]  Halo sobat #budpar 🙌🏻 Selamat Merayakan Hari Raya Nyepi Saka 1945 bagi yang merayakannya. Semoga dalam keheningan Nyepi membawa ketenangan dan kebahagiaan.  https://t.co/QFQEdWEgQb #rembang #dinbudparrembang #explorerembang #wisatarembang https://t.co/p1jXbHZ1io";0;0;2;2;in;1217729858190446592;1638384211316072448;dinbudpar_rbg;https://twitter.com/dinbudpar_rbg/status/1638384211316072448
Wed Mar 22 03:27:28 +0000 2023;1638381856315019264;"KAKANWIL KEMENKUMHAM JATENG A YUSPAHRUDDIN: Rutan Kelas IIB Rembang Gelar Lelang Secara Tertutup, Yuk Kepoin Barang yang Dilelang https://t.co/EKRIMU5kc5 #KemenkumhamJateng #AYuspahruddin #KumhamPasti @Kemenkumham_RI @kemenkumhamjtg";0;0;0;0;in;2366534948;1638381856315019264;bapaspati;https://twitter.com/bapaspati/status/1638381856315019264
Wed Mar 22 03:27:27 +0000 2023;1638381848916283393;"KAKANWIL KEMENKUMHAM JATENG A YUSPAHRUDDIN: Tangis Haru Warnai Tausiyah dan Doa Bersama Rutan Rembang - https://t.co/6VaFwo2jTl #KemenkumhamJateng #AYuspahruddin #KumhamPasti @Kemenkumham_RI @kemenkumhamjtg";0;0;0;0;in;2366534948;1638381848916283393;bapaspati;https://twitter.com/bapaspati/status/1638381848916283393
Wed Mar 22 03:27:26 +0000 2023;1638381845380481028;"KAKANWIL KEMENKUMHAM JATENG A YUSPAHRUDDIN: Bagai Lautan Air Mata, Tangis Haru warnai Doa Bersama di Rutan Rembang - https://t.co/xhrvsFh7iP #KemenkumhamJateng #AYuspahruddin #KumhamPasti @Kemenkumham_RI @kemenkumhamjtg";0;0;0;0;in;2366534948;1638381845380481028;bapaspati;https://twitter.com/bapaspati/status/1638381845380481028
Wed Mar 22 03:27:25 +0000 2023;1638381841894998019;"KAKANWIL KEMENKUMHAM JATENG A YUSPAHRUDDIN: Sambut Bulan Suci Ramadan, Rutan Rembang Gelar Doa Bersama - https://t.co/331RmWEa5Z #KemenkumhamJateng #AYuspahruddin #KumhamPasti @Kemenkumham_RI @kemenkumhamjtg";0;0;0;0;in;2366534948;1638381841894998019;bapaspati;https://twitter.com/bapaspati/status/1638381841894998019
Wed Mar 22 02:36:16 +0000 2023;1638368970846916608;"@kucingvelvet2 @excikation Rembang";0;0;0;0;in;1161727347122302976;1638339878965612545;imanlier_;https://twitter.com/imanlier_/status/1638368970846916608
Wed Mar 22 02:30:15 +0000 2023;1638367456082407424;"09 30 Proses loading Pasuruann Rembang d3ngan lancar @RadioElshinta .//Agi https://t.co/luuYhGyyUF";0;0;0;0;in;1603724674118012928;1638367456082407424;GitoAja15;https://twitter.com/GitoAja15/status/1638367456082407424
Wed Mar 22 02:19:39 +0000 2023;1638364790086311936;"Ikhtiar mencegah abrasi di Pantai Rembang melalui tanam mangrove https://t.co/n6zfe6MVMH";0;0;0;0;in;1593242702342414336;1638364790086311936;ANTARA_JATENG;https://twitter.com/ANTARA_JATENG/status/1638364790086311936
Wed Mar 22 01:53:22 +0000 2023;1638358174314160128;"Sinergitas TNI-Polri-Kecamatan Kaliori  bersama BPBD dan masyarakat Desa Kuangsan melaksanakan kerja bakti pembuatan bronjong tanggul Daerah Aliran Sungai (DAS) Desa Kuangsan Kec Kaliori Polres Rembang   #polri #polripresisi #polresrembang #kapolresrembang #polsekkaliori https://t.co/lmDCFUVXSS";0;0;0;1;in;1536567484693852166;1638358174314160128;HumasResRembang;https://twitter.com/HumasResRembang/status/1638358174314160128
Wed Mar 22 01:47:53 +0000 2023;1638356794421673984;"Kepala Kepolisian Resor Rembang Beserta Staf dan Bhayangkari Mengucapkan Selamat Hari Raya Nyepi 22 Maret 2022.  #polri  #polresrembang  #kapolresrembang https://t.co/yWA8GbdhOR";0;0;0;1;in;1536567484693852166;1638356794421673984;HumasResRembang;https://twitter.com/HumasResRembang/status/1638356794421673984
Wed Mar 22 01:18:03 +0000 2023;1638349285954818048;"KAKANWIL KEMENKUMHAM JATENG A YUSPAHRUDDIN: Rutan Kelas IIB Rembang Gelar Lelang Secara Tertutup, Yuk Kepoin Barang yang Dilelang https://t.co/Z0Z91ddJ4l #KemenkumhamJateng #AYuspahruddin #KumhamPasti @Kemenkumham_RI @kemenkumhamjtg";0;0;0;0;in;2524075530;1638349285954818048;Bapas_Magelang;https://twitter.com/Bapas_Magelang/status/1638349285954818048
Wed Mar 22 01:17:49 +0000 2023;1638349226341183491;"KAKANWIL KEMENKUMHAM JATENG A YUSPAHRUDDIN: Tangis Haru Warnai Tausiyah dan Doa Bersama Rutan Rembang - https://t.co/4jkdUaAhaH #KemenkumhamJateng #AYuspahruddin #KumhamPasti @Kemenkumham_RI @kemenkumhamjtg";0;0;0;0;in;2524075530;1638349226341183491;Bapas_Magelang;https://twitter.com/Bapas_Magelang/status/1638349226341183491
Wed Mar 22 01:17:42 +0000 2023;1638349199099166727;"KAKANWIL KEMENKUMHAM JATENG A YUSPAHRUDDIN: Bagai Lautan Air Mata, Tangis Haru warnai Doa Bersama di Rutan Rembang - https://t.co/RirnErKfN2 #KemenkumhamJateng #AYuspahruddin #KumhamPasti @Kemenkumham_RI @kemenkumhamjtg";0;0;0;0;in;2524075530;1638349199099166727;Bapas_Magelang;https://twitter.com/Bapas_Magelang/status/1638349199099166727
Wed Mar 22 01:17:35 +0000 2023;1638349167759343616;"KAKANWIL KEMENKUMHAM JATENG A YUSPAHRUDDIN: Sambut Bulan Suci Ramadan, Rutan Rembang Gelar Doa Bersama - https://t.co/L76VPgrBa6 #KemenkumhamJateng #AYuspahruddin #KumhamPasti @Kemenkumham_RI @kemenkumhamjtg";0;1;0;0;in;2524075530;1638349167759343616;Bapas_Magelang;https://twitter.com/Bapas_Magelang/status/1638349167759343616
Wed Mar 22 00:52:29 +0000 2023;1638342853750579202;"Terbitnya matari di kaki langit tadi, kita masuk buruj baharu, yaitu حمل.  Depa kata, ghalibnya di Kedah akan ada waktu zenith/rembang, bayang-bayang hilang bila berdiri tengah terik. Orang tua-tua tegah berlama-lama tengah kawasan lapang kalau tetiba guruh nak hujan. Marbahaya. https://t.co/d4TBvPuW18";0;0;8;13;in;1313094499472556032;1638342853750579202;UdaShafiq;https://twitter.com/UdaShafiq/status/1638342853750579202
Tue Mar 21 23:58:10 +0000 2023;1638329183746113538;"AM Thunderstorms Besok Suhu Udara di Rembang Tertinggi 89F dan Terendah 76F. by PT Amir Hajar Kilsi https://t.co/WmuA2f5ZZR";0;0;0;0;in;1062896329553207296;1638329183746113538;AmirHajarKilsi;https://twitter.com/AmirHajarKilsi/status/1638329183746113538
Tue Mar 21 23:36:29 +0000 2023;1638323726369570816;"78.KAKANWIL KEMENKUMHAM JATENG A YUSPAHRUDDIN: Rutan Kelas IIB Rembang Gelar Lelang Secara Tertutup, Yuk Kepoin Barang yang Dilelang https://t.co/SwEZwgY8aO #KemenkumhamJateng #AYuspahruddin #KumhamPasti @Kemenkumham_RI @kemenkumhamjtg";0;0;0;0;in;2526590341;1638323726369570816;rutankudus;https://twitter.com/rutankudus/status/1638323726369570816
Tue Mar 21 23:36:17 +0000 2023;1638323677539471360;"76.KAKANWIL KEMENKUMHAM JATENG A YUSPAHRUDDIN: Tangis Haru Warnai Tausiyah dan Doa Bersama Rutan Rembang - https://t.co/Bd0abGIg9W #KemenkumhamJateng #AYuspahruddin #KumhamPasti @Kemenkumham_RI @kemenkumhamjtg";0;0;0;0;in;2526590341;1638323677539471360;rutankudus;https://twitter.com/rutankudus/status/1638323677539471360
Tue Mar 21 23:36:14 +0000 2023;1638323661781475328;"75.KAKANWIL KEMENKUMHAM JATENG A YUSPAHRUDDIN: Bagai Lautan Air Mata, Tangis Haru warnai Doa Bersama di Rutan Rembang - https://t.co/npJqUrzA25 #KemenkumhamJateng #AYuspahruddin #KumhamPasti @Kemenkumham_RI @kemenkumhamjtg";0;0;0;0;in;2526590341;1638323661781475328;rutankudus;https://twitter.com/rutankudus/status/1638323661781475328
Tue Mar 21 23:33:35 +0000 2023;1638322994920718336;"KAKANWIL KEMENKUMHAM JATENG A YUSPAHRUDDIN: Tangis Haru Warnai Tausiyah dan Doa Bersama Rutan Rembang - https://t.co/BUXQrYbtS2 #KemenkumhamJateng #AYuspahruddin #KumhamPasti @Kemenkumham_RI @kemenkumhamjtg,";0;0;0;0;in;2492210532;1638322994920718336;lapasklaten;https://twitter.com/lapasklaten/status/1638322994920718336
Tue Mar 21 23:33:31 +0000 2023;1638322981306007552;"Semarang - Rembang. https://t.co/Kmj8XmzV35";0;0;0;1;in;1301572665199661056;1638322981306007552;mbombom18;https://twitter.com/mbombom18/status/1638322981306007552
Tue Mar 21 23:33:31 +0000 2023;1638322977652740097;"KAKANWIL KEMENKUMHAM JATENG A YUSPAHRUDDIN: Bagai Lautan Air Mata, Tangis Haru warnai Doa Bersama di Rutan Rembang - https://t.co/1s2KfoqBDD #KemenkumhamJateng #AYuspahruddin #KumhamPasti @Kemenkumham_RI @kemenkumhamjtg,";0;0;0;0;in;2492210532;1638322977652740097;lapasklaten;https://twitter.com/lapasklaten/status/1638322977652740097
Tue Mar 21 23:26:18 +0000 2023;1638321162102124544;"199.KAKANWIL KEMENKUMHAM JATENG A YUSPAHRUDDIN:Tingkatkan Sinergitas, Rutan Rembang Teken MoU dengan RSI Arafah Rembang https://t.co/SUOoA7FnMu #KemenkumhamJateng #AYuspahruddin #KumhamPasti @Kemenkumham_RI @kemenkumhamjtg";0;0;0;0;in;2519139013;1638321162102124544;RUTAN_BNA;https://twitter.com/RUTAN_BNA/status/1638321162102124544
Tue Mar 21 23:25:50 +0000 2023;1638321046846865409;"198.KAKANWIL KEMENKUMHAM JATENG A YUSPAHRUDDIN:Resmi! Rutan Rembang Teken Kerjasama Dengan RSI Arafah Rembang https://kumparan com/humasrutanrembang/203TkTrOUf7?utm_source=Desktop&amp utm_medium=copy-to-clipboard&amp shareID=rVZvVxRPK8qN #KemenkumhamJateng #AYuspahruddin #KumhamPasti";0;0;0;0;in;2519139013;1638321046846865409;RUTAN_BNA;https://twitter.com/RUTAN_BNA/status/1638321046846865409
Tue Mar 21 23:25:24 +0000 2023;1638320938294075392;"197.KAKANWIL KEMENKUMHAM JATENG A YUSPAHRUDDIN:Perdana! Rutan Rembang Teken MoU dengan RSI Arafah Rembang - https://t.co/mr7mb4Ktzi #KemenkumhamJateng #AYuspahruddin #KumhamPasti @Kemenkumham_RI @kemenkumhamjtg";0;0;0;0;in;2519139013;1638320938294075392;RUTAN_BNA;https://twitter.com/RUTAN_BNA/status/1638320938294075392
Tue Mar 21 23:25:11 +0000 2023;1638320881079554048;"196KAKANWIL KEMENKUMHAM JATENG A YUSPAHRUDDIN:Tingkatkan Kualitas Layanan Kesehatan, Rutan Rembang Teken MoU dengan RSI Arafah Rembang - https://t.co/E2uuEE3hyo #KemenkumhamJateng #AYuspahruddin #KumhamPasti. @Kemenkumham_RI @kemenkumhamjtg";0;0;0;0;in;2519139013;1638320881079554048;RUTAN_BNA;https://twitter.com/RUTAN_BNA/status/1638320881079554048
Tue Mar 21 22:59:11 +0000 2023;1638314337239719939;"@tghhrtt @fajarnugros 11 12 sama pantura Pati–Rembang. 🫢";0;0;0;0;in;102868327;1637352859573551105;ahmadhanan_15;https://twitter.com/ahmadhanan_15/status/1638314337239719939
Tue Mar 21 21:17:49 +0000 2023;1638288827881234432;"@cobeh2022 Semen Rembang dan Wadas sudah cukup untuk tau siapa dia .";0;0;1;6;in;1605080302296403969;1638207145568264198;sopekbalap;https://twitter.com/sopekbalap/status/1638288827881234432
Tue Mar 21 19:14:19 +0000 2023;1638257748457684992;"196.KAKANWIL KEMENKUMHAM JATENG A YUSPAHRUDDIN:Tingkatkan Kualitas Layanan Kesehatan, Rutan Rembang Teken MoU dengan RSI Arafah Rembang - https://t.co/g43IuVWa5y #KemenkumhamJateng #AYuspahruddin #KumhamPasti @Kemenkumham_RI @kemenkumhamjtg";0;0;0;0;in;1226712328344752131;1638257748457684992;LapasNk;https://twitter.com/LapasNk/status/1638257748457684992
Tue Mar 21 19:13:42 +0000 2023;1638257593587224576;"KAKANWIL KEMENKUMHAM JATENG A YUSPAHRUDDIN:Perdana! Rutan Rembang Teken MoU dengan RSI Arafah Rembang - https://t.co/182gQ3C2AW #KemenkumhamJateng #AYuspahruddin #KumhamPasti @Kemenkumham_RI @kemenkumhamjtg";0;0;0;0;in;1226712328344752131;1638257593587224576;LapasNk;https://twitter.com/LapasNk/status/1638257593587224576
Tue Mar 21 19:12:48 +0000 2023;1638257367430361088;"198.KAKANWIL KEMENKUMHAM JATENG A YUSPAHRUDDIN:Resmi! Rutan Rembang Teken Kerjasama Dengan RSI Arafah Rembang https://kumparan com/humasrutanrembang/203TkTrOUf7?utm_source=Desktop&amp utm_medium=copy-to-clipboard&amp shareID=rVZvVxRPK8qN #KemenkumhamJateng #AYuspahruddin #KumhamPasti";0;0;0;0;in;1226712328344752131;1638257367430361088;LapasNk;https://twitter.com/LapasNk/status/1638257367430361088
Tue Mar 21 19:11:37 +0000 2023;1638257068166770688;"199.KAKANWIL KEMENKUMHAM JATENG A YUSPAHRUDDIN:Tingkatkan Sinergitas, Rutan Rembang Teken MoU dengan RSI Arafah Rembang https://t.co/BGEB5sOim5 #KemenkumhamJateng #AYuspahruddin #KumhamPasti @Kemenkumham_RI @kemenkumhamjtg";0;0;0;0;in;1226712328344752131;1638257068166770688;LapasNk;https://twitter.com/LapasNk/status/1638257068166770688
Tue Mar 21 18:11:26 +0000 2023;1638241925600772097;"Lihat postingan ini… “Sewa scissor lift di kendal batang rembang jepara jogja solo kudus pati pemalang semarang “. https://t.co/ppRybnoA0h";0;0;0;0;in;125232432;1638241925600772097;nuvianrizal;https://twitter.com/nuvianrizal/status/1638241925600772097
Tue Mar 21 18:00:03 +0000 2023;1638239059742175233;"PENGUMUMAN !!  Sehubungan dengan Hari Raya Nyepi Tahun 2023, maka dengan ini Pelayanan Kantor Pertanahan Kabupaten Rembang TUTUP SEMENTARA pada Rabu - Kamis tanggal 22 - 23 Maret 2023.  Dan BUKA KEMBALI pada Jum'at, 24 Maret 2023.  #KementerianATRBPN  #KantahKabRembang https://t.co/mskAUqXtZv";0;0;0;0;in;1416195476097953795;1638239059742175233;AtrRembang;https://twitter.com/AtrRembang/status/1638239059742175233
Tue Mar 21 17:36:23 +0000 2023;1638233102819663872;"Paket stiker kulkas 2 pintu fullbody ~ https://t.co/ZE2fLRhGRG  #blora #cepu #jepara #pati #kudus #rembang #sragen #cilacap";0;0;0;0;in;884468119409786886;1638233102819663872;NDALANKU;https://twitter.com/NDALANKU/status/1638233102819663872
Tue Mar 21 16:55:32 +0000 2023;1638222823067103232;"@windablora Ada yang menyapa,dr lereng gunung butak Rembang";0;0;0;1;in;1526241450404753408;1638097865686892544;Nokarno3;https://twitter.com/Nokarno3/status/1638222823067103232
Tue Mar 21 16:09:41 +0000 2023;1638211285421813760;"KAKANWIL KEMENKUMHAM JATENG A YUSPAHRUDDIN: Bagai Lautan Air Mata, Tangis Haru warnai Doa Bersama di Rutan Rembang - https://t.co/JiKTxwCusD";0;0;0;0;in;1624410428;1638211285421813760;lapaspekalongan;https://twitter.com/lapaspekalongan/status/1638211285421813760
Tue Mar 21 15:33:13 +0000 2023;1638202106833436681;"78.KAKANWIL KEMENKUMHAM JATENG A YUSPAHRUDDIN: Rutan Kelas IIB Rembang Gelar Lelang Secara Tertutup, Yuk Kepoin Barang yang Dilelang https://t.co/fEMnUMgCNw #KemenkumhamJateng #AYuspahruddin #KumhamPasti @Kemenkumham_RI @kemenkumhamjtg";0;0;0;0;in;993663424306429952;1638202106833436681;purworejo_rutan;https://twitter.com/purworejo_rutan/status/1638202106833436681
Tue Mar 21 15:33:07 +0000 2023;1638202080807759872;"76.KAKANWIL KEMENKUMHAM JATENG A YUSPAHRUDDIN: Tangis Haru Warnai Tausiyah dan Doa Bersama Rutan Rembang - https://t.co/uQR09aL6k8 #KemenkumhamJateng #AYuspahruddin #KumhamPasti @Kemenkumham_RI @kemenkumhamjtg";0;0;0;0;in;993663424306429952;1638202080807759872;purworejo_rutan;https://twitter.com/purworejo_rutan/status/1638202080807759872
Tue Mar 21 15:33:04 +0000 2023;1638202068178718722;"75.KAKANWIL KEMENKUMHAM JATENG A YUSPAHRUDDIN: Bagai Lautan Air Mata, Tangis Haru warnai Doa Bersama di Rutan Rembang - https://t.co/cl8P9LycP4 #KemenkumhamJateng #AYuspahruddin #KumhamPasti @Kemenkumham_RI @kemenkumhamjtg";0;0;0;0;in;993663424306429952;1638202068178718722;purworejo_rutan;https://twitter.com/purworejo_rutan/status/1638202068178718722
Tue Mar 21 15:32:59 +0000 2023;1638202049107197953;"74.KAKANWIL KEMENKUMHAM JATENG A YUSPAHRUDDIN: Sambut Bulan Suci Ramadan, Rutan Rembang Gelar Doa Bersama - https://t.co/wcdloDPYml #KemenkumhamJateng #AYuspahruddin #KumhamPasti @Kemenkumham_RI @kemenkumhamjtg";0;0;0;0;in;993663424306429952;1638202049107197953;purworejo_rutan;https://twitter.com/purworejo_rutan/status/1638202049107197953
Tue Mar 21 15:27:25 +0000 2023;1638200650189373440;"ini rembang apa bgt jalananya yaallah cape";0;2;0;5;in;1167960040994525184;1638200650189373440;cacabkncklt;https://twitter.com/cacabkncklt/status/1638200650189373440
Tue Mar 21 15:25:19 +0000 2023;1638200121308647424;"199.KAKANWIL KEMENKUMHAM JATENG A YUSPAHRUDDIN:Tingkatkan Sinergitas, Rutan Rembang Teken MoU dengan RSI Arafah Rembang https://t.co/f5XcveqpDu #KemenkumhamJateng #AYuspahruddin #KumhamPasti @Kemenkumham_RI @kemenkumhamjtg";0;0;0;0;in;993663424306429952;1638200121308647424;purworejo_rutan;https://twitter.com/purworejo_rutan/status/1638200121308647424
Tue Mar 21 15:25:16 +0000 2023;1638200108708945920;"198.KAKANWIL KEMENKUMHAM JATENG A YUSPAHRUDDIN:Resmi! Rutan Rembang Teken Kerjasama Dengan RSI Arafah Rembang https://t.co/h7fEAzrvk8 #KemenkumhamJateng #AYuspahruddin #KumhamPasti @Kemenkumham_RI @kemenkumhamjtg";0;0;0;0;in;993663424306429952;1638200108708945920;purworejo_rutan;https://twitter.com/purworejo_rutan/status/1638200108708945920
Tue Mar 21 15:25:09 +0000 2023;1638200075758505986;"197.KAKANWIL KEMENKUMHAM JATENG A YUSPAHRUDDIN:Perdana! Rutan Rembang Teken MoU dengan RSI Arafah Rembang - https://t.co/P19km0ZuIH #KemenkumhamJateng #AYuspahruddin #KumhamPasti @Kemenkumham_RI @kemenkumhamjtg";0;0;0;0;in;993663424306429952;1638200075758505986;purworejo_rutan;https://twitter.com/purworejo_rutan/status/1638200075758505986
Tue Mar 21 15:25:03 +0000 2023;1638200053218304002;"196.KAKANWIL KEMENKUMHAM JATENG A YUSPAHRUDDIN:Tingkatkan Kualitas Layanan Kesehatan, Rutan Rembang Teken MoU dengan RSI Arafah Rembang - https://t.co/1vvuEFBlii #KemenkumhamJateng #AYuspahruddin #KumhamPasti @Kemenkumham_RI @kemenkumhamjtg";0;0;0;0;in;993663424306429952;1638200053218304002;purworejo_rutan;https://twitter.com/purworejo_rutan/status/1638200053218304002
Tue Mar 21 14:38:57 +0000 2023;1638188453144973313;"KAKANWIL KEMENKUMHAM JATENG A YUSPAHRUDDIN: Tangis Haru Warnai Tausiyah dan Doa Bersama Rutan Rembang - https://t.co/JM891IBx6B #KemenkumhamJateng #AYuspahruddin #KumhamPasti @Kemenkumham_RI @kemenkumhamjtg";0;0;0;0;in;3811728372;1638188453144973313;rutanboyolali;https://twitter.com/rutanboyolali/status/1638188453144973313
Tue Mar 21 14:37:05 +0000 2023;1638187979696111617;"... pertama kali masuk TV buat cerdas cermat di TVRI, satu regu sama dua kakak kelas - SMP, terlalu keranjingan intrik bola lokal sampe kontakan + diajak PSIR Rembang, nribun gak pernah - SMA, dipaksa foto sama Awkarin di Inten Pasar Rebo ...  https://t.co/OsLAw4vuts";0;1;0;0;in;156122450;1638055219325194240;mrarvandy;https://twitter.com/mrarvandy/status/1638187979696111617
Tue Mar 21 14:06:38 +0000 2023;1638180317151502337;"#TemanPemilih KPU Rembang mengucapkan Selamat Hari Raya Nyepi Tahun Baru Saka 1945.  #KPUMelayani #pemiluserentak2024 https://t.co/zzZvUW4Mc9";0;0;0;0;in;1372767476564389892;1638180317151502337;KPUKabRembang;https://twitter.com/KPUKabRembang/status/1638180317151502337
Tue Mar 21 14:01:44 +0000 2023;1638179086098128899;"Rembang, NU Online Jateng Menteri Agama (Menag) Republik Indonesia KH Yaqut Cholil Qoumas atau yang akrab disapa Gus Yaqut mengatakan bahwa pendidikan di STAI Al Anwar Sarang Rembang lebih berkualitas. https://t.co/8AuMFxrRls @Ubaidullah_Sdq  @muzamilmahmud";0;0;1;1;in;1634440678058115072;1638179086098128899;nuojateng;https://twitter.com/nuojateng/status/1638179086098128899
Tue Mar 21 13:52:37 +0000 2023;1638176789427281922;"Isi 100g  Kopi lelet Rembang per bungkus 8500, kopi arabika tanjung per bungkus 7500.   Monggo diorder via DM😍🙏 https://t.co/drzrKAI6hV";0;0;4;5;in;1202075086909558784;1638176789427281922;miavita_store;https://twitter.com/miavita_store/status/1638176789427281922
Tue Mar 21 13:42:33 +0000 2023;1638174256394825738;"199.Tingkatkan Sinergitas, Rutan Rembang Teken MoU dengan RSI Arafah Rembang https://t.co/4VdJbe77BK";0;0;0;0;in;1205365358632157192;1638174256394825738;rutanrembang_id;https://twitter.com/rutanrembang_id/status/1638174256394825738
Tue Mar 21 13:42:22 +0000 2023;1638174212392390657;"197.Perdana! Rutan Rembang Teken MoU dengan RSI Arafah Rembang - https://t.co/68Bs9YRYtx";0;0;0;0;in;1205365358632157192;1638174212392390657;rutanrembang_id;https://twitter.com/rutanrembang_id/status/1638174212392390657
Tue Mar 21 13:42:15 +0000 2023;1638174182759604229;"196.Tingkatkan Kualitas Layanan Kesehatan, Rutan Rembang Teken MoU dengan RSI Arafah Rembang - https://t.co/hL1oiwM11f";0;0;0;0;in;1205365358632157192;1638174182759604229;rutanrembang_id;https://twitter.com/rutanrembang_id/status/1638174182759604229
Tue Mar 21 13:36:06 +0000 2023;1638172635992576006;"KAKANWIL KEMENKUMHAM JATENG A YUSPAHRUDDIN:Perdana! Rutan Rembang Teken MoU dengan RSI Arafah Rembang - https://t.co/qm9Xgbprr1 #KemenkumhamJateng #AYuspahruddin #KumhamPasti @Kemenkumham_RI @kemenkumhamjtg";0;0;0;0;in;1624410428;1638172635992576006;lapaspekalongan;https://twitter.com/lapaspekalongan/status/1638172635992576006
Tue Mar 21 13:35:53 +0000 2023;1638172578752925697;"KAKANWIL KEMENKUMHAM JATENG A YUSPAHRUDDIN:Tingkatkan Kualitas Layanan Kesehatan, Rutan Rembang Teken MoU dengan RSI Arafah Rembang - https://t.co/yiJskO4BdF #KemenkumhamJateng #AYuspahruddin #KumhamPasti @Kemenkumham_RI @kemenkumhamjtg";0;0;0;0;in;1624410428;1638172578752925697;lapaspekalongan;https://twitter.com/lapaspekalongan/status/1638172578752925697
Tue Mar 21 13:15:17 +0000 2023;1638167394295349248;"@pambudhi25 Rembang only mase 🙏🏼";0;0;0;0;en;742907112100003840;1638165334866931715;negatifdioda;https://twitter.com/negatifdioda/status/1638167394295349248
Tue Mar 21 12:44:58 +0000 2023;1638159764541800448;"@patinewscom Sering terjadi kecelakaan di Rembang Lasem..apa yang dilakukan polisi ???";0;0;0;0;in;1096796306;1634196257899167745;silvanusadiwiyo;https://twitter.com/silvanusadiwiyo/status/1638159764541800448
Tue Mar 21 12:42:46 +0000 2023;1638159211904503808;"5 Info ttg saya yg nga penting2 amat  -bisa ngupil dengan jempol -hobi kentut -namanya pernah masuk koran lokal rembang dan haenam untuk hal yang unfaedah -suka pia kering -ga suka dipijet karena gelian parah";0;0;0;0;in;404632588;1638159211904503808;baristeh;https://twitter.com/baristeh/status/1638159211904503808
Tue Mar 21 12:42:36 +0000 2023;1638159169240059904;"Rembang – Babinsa Koramil 02/Kaliori Serma Rusdianto melaksanakan pendampingan pemberian vaksinasi Lumpy Skin Disase hewan ternak sapi milik masyarakat oleh Tim Vaksinasi Dinas Pertanian dan Pangan Bidang Peternakan dan Keswan Kab. Rembang  di desa Dresikulon, Kaliori.  (21/3/23) https://t.co/SELckxXe2t";0;0;0;4;in;1542506449762664448;1638159169240059904;Warastra073;https://twitter.com/Warastra073/status/1638159169240059904
Tue Mar 21 12:30:01 +0000 2023;1638156002695471111;"2 Anak di bawah Umur Bobol Konter HP di Rembang Terekam CCTV #MediaIndonesia #ReferensiBangsa #BocahBobolToko https://t.co/y1DzEHgY2H";2;1;2;1;in;68930552;1638156002695471111;mediaindonesia;https://twitter.com/mediaindonesia/status/1638156002695471111
Tue Mar 21 12:15:37 +0000 2023;1638152380297678848;"Rembang - Kegiatan Kosmos, selain silaturahmi untuk mempererat hubungan TNI - rakyat juga untuk mengetahui perkembangan situasi di wilayah binaan. Hal tersebut ditegaskan Sertu Lilik Sugiharto Babinsa  Koramil 12/Kragan Kodim 0720/Rembang, (21/03/2023). https://t.co/QXLseg3r3D";0;0;0;3;in;1542506449762664448;1638152380297678848;Warastra073;https://twitter.com/Warastra073/status/1638152380297678848
Tue Mar 21 11:59:32 +0000 2023;1638148332840431618;"@delunashe @jawafess Pakem mbokem ki jawa tengah bagian blora rembang dan sekitarnya";0;1;0;1;in;1100192841114906625;1638144185919475712;noegrahaha;https://twitter.com/noegrahaha/status/1638148332840431618
Tue Mar 21 11:57:35 +0000 2023;1638147843918819328;"@Vikkristian12 @idextratime @Le_Figaro @lequipe Denger2 sih orang rembang";0;0;0;0;in;743696821122301952;1638125557262209024;BrianLautner;https://twitter.com/BrianLautner/status/1638147843918819328
Tue Mar 21 11:55:14 +0000 2023;1638147248730062850;"Perjalanan dr Semarang ke Rembang, bener2 diberkatin Tuhan banget.. Mulai dr drama salip kontainer sm pajero (anjing), ekspedisi jne dr arah berlawanan ambil lajur gue dan yg terakhir drama pecah ban 😭😭😭 Puji Tuhan masih selamat tanpa kenapa2 🙏🏻";0;2;0;1;in;187422461;1638147248730062850;JWilmartin;https://twitter.com/JWilmartin/status/1638147248730062850
Tue Mar 21 11:38:13 +0000 2023;1638142969453871104;"KAKANWIL KEMENKUMHAM JATENG A YUSPAHRUDDIN: Bagai Lautan Air Mata, Tangis Haru warnai Doa Bersama di Rutan Rembang - https://t.co/npJqUrzA25 #KemenkumhamJateng #AYuspahruddin #KumhamPasti @Kemenkumham_RI @kemenkumhamjtg";0;0;0;0;in;2526590341;1638142969453871104;rutankudus;https://twitter.com/rutankudus/status/1638142969453871104
Tue Mar 21 11:37:55 +0000 2023;1638142893717360641;"KAKANWIL KEMENKUMHAM JATENG A YUSPAHRUDDIN: Sambut Bulan Suci Ramadan, Rutan Rembang Gelar Doa Bersama - https://t.co/cyENSirNjz #KemenkumhamJateng #AYuspahruddin #KumhamPasti @Kemenkumham_RI @kemenkumhamjtg";0;0;0;0;in;2526590341;1638142893717360641;rutankudus;https://twitter.com/rutankudus/status/1638142893717360641
Tue Mar 21 10:48:20 +0000 2023;1638130412961816577;"@taevialuv @boboiboynoona @convomf Rembang.raci.kraton.....?";0;0;0;0;und;1481524238758838273;1637760926484164609;mat_gamping;https://twitter.com/mat_gamping/status/1638130412961816577
Tue Mar 21 09:57:11 +0000 2023;1638117541355847681;"@UGM_FESS ga balik nder, irit ongkos. balik lebaran🥹, sekalian nyari info yg mau barengan balik ke Rembang wkwk";0;0;0;0;in;1594628676007890945;1638049700397072384;diaryay3;https://twitter.com/diaryay3/status/1638117541355847681
Tue Mar 21 09:51:01 +0000 2023;1638115991493423104;"KAKANWIL KEMENKUMHAM JATENG A YUSPAHRUDDIN:Tingkatkan Sinergitas, Rutan Rembang Teken MoU dengan RSI Arafah Rembang https://t.co/oJIhbwcGq3 #KemenkumhamJateng #AYuspahruddin #KumhamPasti @Kemenkumham_RI @kemenkumhamjtg";0;0;0;0;in;2492210532;1638115991493423104;lapasklaten;https://twitter.com/lapasklaten/status/1638115991493423104
Tue Mar 21 09:50:53 +0000 2023;1638115958698156033;"KAKANWIL KEMENKUMHAM JATENG A YUSPAHRUDDIN:Resmi! Rutan Rembang Teken Kerjasama Dengan RSI Arafah Rembang https://kumparan com/humasrutanrembang/203TkTrOUf7?utm_source=Desktop&amp utm_medium=copy-to-clipboard&amp shareID=rVZvVxRPK8qN #KemenkumhamJateng #AYuspahruddin #KumhamPasti";0;0;0;0;in;2492210532;1638115958698156033;lapasklaten;https://twitter.com/lapasklaten/status/1638115958698156033
Tue Mar 21 09:50:32 +0000 2023;1638115866826117121;"KAKANWIL KEMENKUMHAM JATENG A YUSPAHRUDDIN:Perdana! Rutan Rembang Teken MoU dengan RSI Arafah Rembang - https://t.co/LL2R7OsjW7 #KemenkumhamJateng #AYuspahruddin #KumhamPasti @Kemenkumham_RI @kemenkumhamjtg";0;0;0;0;in;2492210532;1638115866826117121;lapasklaten;https://twitter.com/lapasklaten/status/1638115866826117121
Tue Mar 21 09:43:50 +0000 2023;1638114181236035585;"Terekam CCTV, Konter HP Laut Bonang Rembang Dibobol Pencuri https://t.co/k0wUdaLark via @KartiniTv";0;0;0;0;in;1350269296803368960;1638114181236035585;KartiniTv;https://twitter.com/KartiniTv/status/1638114181236035585
Tue Mar 21 09:01:07 +0000 2023;1638103434191597568;"Bupati Tiwi dan para pejabat Pemkab borong produk UMKM Kecamatan Rembang. https://t.co/7bGqWLORGl https://t.co/Ner70MNK00";0;0;0;0;in;991941293633716226;1638103434191597568;humpropbg;https://twitter.com/humpropbg/status/1638103434191597568
Tue Mar 21 08:50:20 +0000 2023;1638100719336312833;"#SobatJDIH, diinformasikan bahwa produk hukum berikut telah dapat didownload di web JDIH KPU:  Keputusan KPU Nomor 204 Tahun 2023  Link : https://t.co/9N3ZS6aazt  Terima Kasih. #jdihkpu #sobatjdih #kpumelayani #pemiluserentak2024 #produkhukumbaru https://t.co/aA4OndlMwX";0;0;0;0;in;1371262803751837700;1638100719336312833;JDIHKPU_REMBANG;https://twitter.com/JDIHKPU_REMBANG/status/1638100719336312833
Tue Mar 21 08:48:11 +0000 2023;1638100178837331970;"#SobatJDIH, diinformasikan bahwa produk hukum berikut telah dapat didownload di web JDIH KPU:  Keputusan KPU Nomor 201 Tahun 2023  Link : https://t.co/dxkCveB9tV  Terima Kasih. #jdihkpu #sobatjdih #kpumelayani #pemiluserentak2024 #produkhukumbaru https://t.co/3ueyy8RQ0Y";0;0;0;0;in;1371262803751837700;1638100178837331970;JDIHKPU_REMBANG;https://twitter.com/JDIHKPU_REMBANG/status/1638100178837331970
Tue Mar 21 08:47:59 +0000 2023;1638100125611622400;"#TemanPemilih KPU Kabupaten Rembang mengikuti Rapat Koordinasi Persiapan Penyusunan Daftar Pemilih Sementara (DPS) Pemilu Tahun 2024, yang diselenggarakan oleh KPU Provinsi Jawa Tengah di Aula Kantor KPU Provinsi Jawa Tengah. 20 - 21 Maret 2023  #kpumelayani  #pemiluserentak2024 https://t.co/kLTfh98oF0";0;0;0;0;in;1372767476564389892;1638100125611622400;KPUKabRembang;https://twitter.com/KPUKabRembang/status/1638100125611622400
Tue Mar 21 08:47:10 +0000 2023;1638099923450355712;"Lha iyo...andai benar, kok gak sungkan ambek habib Luthfie Pekalongan dan Gus Mus Rembang yai Yazid iki.   Tapi itu medianya 4nis sendiri, bisa jadi itu untuk membohongi basisnya.   Semua dikibulin kok, asal jadi PRESIDEN. &gt &gt ";0;0;0;0;in;154232650;1638099923450355712;dodokovic;https://twitter.com/dodokovic/status/1638099923450355712
Tue Mar 21 08:30:27 +0000 2023;1638095715153977346;"KAKANWIL KEMENKUMHAM JATENG A YUSPAHRUDDIN:Tingkatkan Sinergitas, Rutan Rembang Teken MoU dengan RSI Arafah Rembang https://t.co/4OWNrglQp3 #KemenkumhamJateng #AYuspahruddin #KumhamPasti @Kemenkumham_RI @kemenkumhamjtg";0;0;0;0;in;2366534948;1638095715153977346;bapaspati;https://twitter.com/bapaspati/status/1638095715153977346
Tue Mar 21 08:30:26 +0000 2023;1638095712117219328;"KAKANWIL KEMENKUMHAM JATENG A YUSPAHRUDDIN:Perdana! Rutan Rembang Teken MoU dengan RSI Arafah Rembang - https://t.co/uqlIezxyud #KemenkumhamJateng #AYuspahruddin #KumhamPasti @Kemenkumham_RI @kemenkumhamjtg";0;0;0;0;in;2366534948;1638095712117219328;bapaspati;https://twitter.com/bapaspati/status/1638095712117219328
Tue Mar 21 08:30:26 +0000 2023;1638095710204600321;"KAKANWIL KEMENKUMHAM JATENG A YUSPAHRUDDIN:Tingkatkan Kualitas Layanan Kesehatan, Rutan Rembang Teken MoU dengan RSI Arafah Rembang - https://t.co/NapgQqLkiJ #KemenkumhamJateng #AYuspahruddin #KumhamPasti @Kemenkumham_RI @kemenkumhamjtg";0;0;0;0;in;2366534948;1638095710204600321;bapaspati;https://twitter.com/bapaspati/status/1638095710204600321
Tue Mar 21 08:29:51 +0000 2023;1638095565023248384;"Jemput Bola Pelayanan Administrasi Kependudukan dalam rangka Roadshow Pemulihan Ekonomi Pasca Pandemi Covid-19 di Desa Sumampir, Kecamatan Rembang tanggal 21 Maret 2023.  #dukcapil #dukcapiljateng #dukcapilpurbalingga #purbalingga #pemkabpurbalingga https://t.co/FwzeJKdaNx";0;0;0;1;in;3278277853;1638095565023248384;DindukcapilPbg;https://twitter.com/DindukcapilPbg/status/1638095565023248384
Tue Mar 21 08:28:58 +0000 2023;1638095343119368194;"Inilah rekaman cctv yang memperlihatkan aksi pencurian toko ponsel di Jalan Kartini, Kab. Rembang, Jawa Tengah pada Minggu malam.  #pencurianhandphone #pencuriankonterhp #tokoponsel #pencurian #cctv #bocahmencurihp https://t.co/U4hj8DlU5Q";0;2;1;8;in;57261519;1638095343119368194;Metro_TV;https://twitter.com/Metro_TV/status/1638095343119368194
Tue Mar 21 08:27:14 +0000 2023;1638094907679342592;""Ceritanya mau meninjau tempat latihan di Setu Rembang yang tempat dingin itu,” tutur Taufik, dikutip https://t.co/2CQIJ0JWWi dari Instagram tumgrd, Selasa (21/3/2023). #PrabowoUntukIndonesia #IkutPakde Prabowo Subianto";0;1;0;0;in;1287936042750758912;1638094896828669952;mercifulove;https://twitter.com/mercifulove/status/1638094907679342592
Tue Mar 21 08:19:23 +0000 2023;1638092930081755136;"#TemanPemilih KPU Kabupaten Rembang menghadiri kegiatan Sosialisasi Pengawasan Partisipatif dengan Tema Kolaborasi Bawaslu dan Masyarakat Sipil dalam Membangun Kesadaran Politik,  oleh Bawaslu Rembang di Heritage Rumah Merah Lasem (21/03)  #kpumelayani  #pemiluserentak2024 https://t.co/f5iJwKmgE6";0;0;0;0;in;1372767476564389892;1638092930081755136;KPUKabRembang;https://twitter.com/KPUKabRembang/status/1638092930081755136
Tue Mar 21 08:09:51 +0000 2023;1638090530503659520;"Berharap gak hujan sore ini, dari Rembang sampai rumah,,, pliiissss 🥹";0;0;0;0;in;968475913;1638090530503659520;cahya_chan2;https://twitter.com/cahya_chan2/status/1638090530503659520
Tue Mar 21 08:07:38 +0000 2023;1638089974582218754;"#TemanPemilih Ketua KPU Rembang Mengikuti Rakor Lintas OPD Rumpun Pemerintahan dan Pembangunan Manusia Kabupaten Rembang di Aula Kantor Badan Perencanaan Daerah Kabupaten Rembang (21/3)  #kpumelayani  #pemiluserentak2024 https://t.co/DwVdT16Hkg";0;0;0;0;in;1372767476564389892;1638089974582218754;KPUKabRembang;https://twitter.com/KPUKabRembang/status/1638089974582218754
Tue Mar 21 07:57:50 +0000 2023;1638087505257074690;"#TemanPemilih KPU Kabupaten Rembang mengikuti Rapat Koordinasi dan Sosialisasi Juknis DIPA Tahun 2023 (Keputusan KPU No 87 Tahun 2023) di lingkungan KPU Provinsi Jawa Tengah dan KPU Kab/Kota se Jawa Tengah (20/3)  #KPUMelayani #pemiluserentak2024 https://t.co/Mb1Zkg3YIX";0;0;0;0;in;1372767476564389892;1638087505257074690;KPUKabRembang;https://twitter.com/KPUKabRembang/status/1638087505257074690
Tue Mar 21 07:37:08 +0000 2023;1638082298859106305;"199.KAKANWIL KEMENKUMHAM JATENG A YUSPAHRUDDIN:Tingkatkan Sinergitas, Rutan Rembang Teken MoU dengan RSI Arafah Rembang https://t.co/9S6mW4IQcJ #KemenkumhamJateng #AYuspahruddin #KumhamPasti @Kemenkumham_RI @kemenkumhamjtg";0;0;0;0;in;2526590341;1638082298859106305;rutankudus;https://twitter.com/rutankudus/status/1638082298859106305
Tue Mar 21 07:37:04 +0000 2023;1638082282702671878;"198. Resmi! Rutan Rembang Teken Kerjasama Dengan RSI Arafah Rembang https://kumparan com/humasrutanrembang/203TkTrOUf7?utm_source=Desktop&amp utm_medium=copy-to-clipboard&amp shareID=rVZvVxRPK8qN #KemenkumhamJateng #AYuspahruddin #KumhamPasti @Kemenkumham_RI @kemenkumhamjtg";0;0;0;0;in;2526590341;1638082282702671878;rutankudus;https://twitter.com/rutankudus/status/1638082282702671878
Tue Mar 21 07:36:46 +0000 2023;1638082207087747075;"197.KAKANWIL KEMENKUMHAM JATENG A YUSPAHRUDDIN:Perdana! Rutan Rembang Teken MoU dengan RSI Arafah Rembang - https://t.co/CvTMJPP8SN #KemenkumhamJateng #AYuspahruddin #KumhamPasti @Kemenkumham_RI @kemenkumhamjtg";0;0;0;0;in;2526590341;1638082207087747075;rutankudus;https://twitter.com/rutankudus/status/1638082207087747075
Tue Mar 21 07:36:44 +0000 2023;1638082196081889282;"196.KAKANWIL KEMENKUMHAM JATENG A YUSPAHRUDDIN:Tingkatkan Kualitas Layanan Kesehatan, Rutan Rembang Teken MoU dengan RSI Arafah Rembang - https://t.co/1SeYSIQOtb #KemenkumhamJateng #AYuspahruddin #KumhamPasti @Kemenkumham_RI @kemenkumhamjtg";0;0;0;0;in;2526590341;1638082196081889282;rutankudus;https://twitter.com/rutankudus/status/1638082196081889282
Tue Mar 21 07:26:36 +0000 2023;1638079644976185345;"@Irmuuun_ @ttmymoodb Rembang spesial D,M,W liyane ora 😂";0;0;0;0;in;1165669019715657730;1637654502227705856;selysell;https://twitter.com/selysell/status/1638079644976185345
Tue Mar 21 07:20:04 +0000 2023;1638078001626902529;"KAKANWIL KEMENKUMHAM JATENG A YUSPAHRUDDIN:Tingkatkan Sinergitas, Rutan Rembang Teken MoU dengan RSI Arafah Rembang https://t.co/gfalbPF4oF #KemenkumhamJateng #AYuspahruddin #KumhamPasti @Kemenkumham_RI @kemenkumhamjtg";0;0;0;0;in;2524075530;1638078001626902529;Bapas_Magelang;https://twitter.com/Bapas_Magelang/status/1638078001626902529
Tue Mar 21 07:19:01 +0000 2023;1638077738153283585;"KAKANWIL KEMENKUMHAM JATENG A YUSPAHRUDDIN:Perdana! Rutan Rembang Teken MoU dengan RSI Arafah Rembang - https://t.co/KBjxCwBNxr #KemenkumhamJateng #AYuspahruddin #KumhamPasti @Kemenkumham_RI @kemenkumhamjtg";0;0;0;0;in;2524075530;1638077738153283585;Bapas_Magelang;https://twitter.com/Bapas_Magelang/status/1638077738153283585
Tue Mar 21 07:18:53 +0000 2023;1638077706834440193;"KAKANWIL KEMENKUMHAM JATENG A YUSPAHRUDDIN:Tingkatkan Kualitas Layanan Kesehatan, Rutan Rembang Teken MoU dengan RSI Arafah Rembang - https://t.co/XXE2tpsvcv #KemenkumhamJateng #AYuspahruddin #KumhamPasti @Kemenkumham_RI @kemenkumhamjtg";0;0;0;0;in;2524075530;1638077706834440193;Bapas_Magelang;https://twitter.com/Bapas_Magelang/status/1638077706834440193
Tue Mar 21 07:16:24 +0000 2023;1638077079005855746;"Pecah! Tangis Haru Warnai Tausiyah dan Doa Bersama Sambut Bulan Suci Ramadan  Rembang, INFO PAS - Dalam menyambut datangnya Bulan Suci Ramadan, Rutan Kelas IIB Rembang Kanwil Kemkumham Jawa Tengah menyelenggarakan Tausiyah dan Doa Bersama di Lapangan, Selasa (21/3) pagi. https://t.co/NgjbGCRqAL";0;1;0;0;in;1205365358632157192;1638077079005855746;rutanrembang_id;https://twitter.com/rutanrembang_id/status/1638077079005855746
Tue Mar 21 07:00:46 +0000 2023;1638073146258632704;"KAKANWIL KEMENKUMHAM JATENG A YUSPAHRUDDIN:Tingkatkan Sinergitas, Rutan Rembang Teken MoU dengan RSI Arafah Rembang https://t.co/QwAr2qltF7 #KemenkumhamJateng #AYuspahruddin #KumhamPasti @Kemenkumham_RI @kemenkumhamjtg";0;0;0;0;in;3811728372;1638073146258632704;rutanboyolali;https://twitter.com/rutanboyolali/status/1638073146258632704
Tue Mar 21 06:48:58 +0000 2023;1638070175684612096;"KAKANWIL KEMENKUMHAM JATENG A YUSPAHRUDDIN:Tingkatkan Sinergitas, Rutan Rembang Teken MoU dengan RSI Arafah Rembang https://t.co/J2uJpaMYkP #KemenkumhamJateng #AYuspahruddin #KumhamPasti @Kemenkumham_RI @kemenkumhamjtg";0;0;0;0;in;1620990708634243074;1638070175684612096;pati_humas;https://twitter.com/pati_humas/status/1638070175684612096
Tue Mar 21 06:48:48 +0000 2023;1638070132089184257;"KAKANWIL KEMENKUMHAM JATENG A YUSPAHRUDDIN:Perdana! Rutan Rembang Teken MoU dengan RSI Arafah Rembang - https://t.co/hZksRAUt8i #KemenkumhamJateng #AYuspahruddin #KumhamPasti @Kemenkumham_RI @kemenkumhamjtg";0;0;0;0;in;1620990708634243074;1638070132089184257;pati_humas;https://twitter.com/pati_humas/status/1638070132089184257
Tue Mar 21 06:46:53 +0000 2023;1638069650260111362;"Berkualitas, Kemasan Makanan Rembang WA  081-3311-74400 #Paper Box  #Box Makanan  #Kantong Kertas  #Kemasan Makanan  #Kemasan Plastik  https://t.co/WsjxGxChkd https://t.co/OS0jVWJEPs";0;0;0;0;in;1630062972235296768;1638069650260111362;k_kemasan;https://twitter.com/k_kemasan/status/1638069650260111362
Tue Mar 21 06:38:28 +0000 2023;1638067533126455296;"Berkualitas, Kemasan Produk Rembang WA  081-3311-74400 #Kemasan  #Kemasan Custom  #Kemasan Produk  #Lunch Box  https://t.co/WsjxGxChkd https://t.co/V3ifBRqgZW";0;0;0;0;in;1630062972235296768;1638067533126455296;k_kemasan;https://twitter.com/k_kemasan/status/1638067533126455296
Tue Mar 21 06:37:03 +0000 2023;1638067176845484032;"@WagimanDeep212_ @ganjarpranowo ora ngandel bib... sale-pamotan-rembang-juwana rusak sejak bertahun tahun ndak ada perubahan.";0;0;0;1;in;2563324136;1638064418889289728;AgusIndhy;https://twitter.com/AgusIndhy/status/1638067176845484032
Tue Mar 21 06:22:21 +0000 2023;1638063479214202883;"Tak ada korban jiwa dalam kecelakaan antara pikap dan kereta api di perlintasan sebidang tanpa palang pintu di Desa Rembang Kecamatan Ngadiluwih. Tapi kengerian sangat terasa. Terutama bagi warga sekitar yang menjadi saksi mata. https://t.co/OuOzvxmase";0;0;0;0;in;1556509136749461507;1638063479214202883;jpradarkediri;https://twitter.com/jpradarkediri/status/1638063479214202883
Tue Mar 21 06:17:31 +0000 2023;1638062260819210240;"PLTU Tanjung Jati B mampu menghasilkan FABA sekitar 359.000 ton per tahun, sementara PLTU Rembang menghasilkan 67.000 ton per tahun dan PLTU Adipala sebanyak 80.000 ton.";0;1;0;0;in;1245638583244840962;1638062247787511808;naritamadesu;https://twitter.com/naritamadesu/status/1638062260819210240
Tue Mar 21 06:17:30 +0000 2023;1638062258965323776;"Khususnya di Jawa Tengah, PLN mengoperasikan PLTU Tanjung Jati B di Jepara, PLTU Rembang dan PLTU Adipala di Cilacap.";0;1;0;0;in;1245638583244840962;1638062247787511808;naritamadesu;https://twitter.com/naritamadesu/status/1638062258965323776
Tue Mar 21 05:54:08 +0000 2023;1638056375824822273;"Mendadak pengen main ke rembang";0;0;0;2;in;1428503237959688197;1638056375824822273;PakJimen;https://twitter.com/PakJimen/status/1638056375824822273
Tue Mar 21 05:51:35 +0000 2023;1638055736352870401;"Banyak yg ke Rembang dr Ungaran via Ngawai-Cepu-Blora-Rembang. Definisi ikut meramaikan jalan tol. 🤣";1;1;0;1;in;569621295;1638054927699419137;NugrohoEkoRav;https://twitter.com/NugrohoEkoRav/status/1638055736352870401
Tue Mar 21 05:49:36 +0000 2023;1638055237717233665;"Tapi jangan salah,  Pak Ganjar juga gak beda jauh. Jalan Pantura ke dan dari Rembang bener-bener tidak aman dilewati motor. Lubangnya bisa buat ternak lele.";0;1;1;1;in;569621295;1638054927699419137;NugrohoEkoRav;https://twitter.com/NugrohoEkoRav/status/1638055237717233665
Tue Mar 21 05:48:25 +0000 2023;1638054937434411008;"Perdana! Rutan Rembang Teken MoU dengan RSI Arafah Rembang https://t.co/7I6cAYlPtK";0;0;0;0;in;1125575653695221761;1638054937434411008;lapas_magelang;https://twitter.com/lapas_magelang/status/1638054937434411008
Tue Mar 21 05:47:49 +0000 2023;1638054788784070657;"Tingkatkan Kualitas Layanan Kesehatan, Rutan Rembang Teken MoU dengan RSI Arafah Rembang https://t.co/hkI4sT9EcD";0;0;0;0;in;1125575653695221761;1638054788784070657;lapas_magelang;https://twitter.com/lapas_magelang/status/1638054788784070657
Tue Mar 21 05:47:25 +0000 2023;1638054685205762051;"Tingkatkan Sinergitas, Rutan Rembang Teken MoU dengan RSI Arafah Rembang | Retizen  https://t.co/UGRWr3e2cx";0;0;0;0;in;1125575653695221761;1638054685205762051;lapas_magelang;https://twitter.com/lapas_magelang/status/1638054685205762051
Tue Mar 21 05:34:15 +0000 2023;1638051373966307329;"Njeglong di de grote postweg daerah Dresi, Rembang dengan kecepatan 90km/jam sungguh mantapp 👍🏽 Untung tidak oleng";0;0;0;0;in;1289833113820921856;1638051373966307329;widhi_kw;https://twitter.com/widhi_kw/status/1638051373966307329
Tue Mar 21 04:46:11 +0000 2023;1638039277694222337;"https://t.co/BaejTQx1ap";0;0;0;0;zxx;2832824533;1638039277694222337;uppd_rembang;https://twitter.com/uppd_rembang/status/1638039277694222337
Tue Mar 21 04:45:31 +0000 2023;1638039107212541952;"Mall Pelayanan Publik Rembang, padat merayap";0;0;0;0;in;96475483;1638039107212541952;Rozaq_ML;https://twitter.com/Rozaq_ML/status/1638039107212541952
Tue Mar 21 04:42:26 +0000 2023;1638038332780449794;"Pada hari Selasa tanggal 21 Maret 2023, pukul 10.30 Wib Anggota Polsek Sale Polres Rembang Bripka Aang Oktavianto, SH dan Briptu Syehan A, SH  pada saat melaksanakan patroli di Jalan Raya turut tanah Desa Wonokerto Sale - Jatirogo. https://t.co/CrVunDG6ku";0;0;0;0;in;1587796074596794368;1638038332780449794;polseksale1;https://twitter.com/polseksale1/status/1638038332780449794
Tue Mar 21 03:32:24 +0000 2023;1638020710106025985;"Khususnya di Jawa Tengah, PLN mengoperasikan PLTU Tanjung Jati B di Jepara, PLTU Rembang dan PLTU Adipala di Cilacap. PLTU Tanjung Jati B mampu menghasilkan FABA sekitar 359rb ton per tahun, sementara PLTU Rembang menghasilkan 67rb ton per tahun dan PLTU Adipala sebanyak 80rb ton";0;1;0;0;in;1252510731439755265;1638020704926048256;Mrexit1991;https://twitter.com/Mrexit1991/status/1638020710106025985
Tue Mar 21 03:15:35 +0000 2023;1638016477088612352;"Resmi! Rutan Rembang Teken MoU dengan RSI Arafah Rembang  Rembang, INFO PAS - Dalam rangka meningkatkan kualitas pelayanan kepada Warga Binaan Pemasyarakatan, Rutan Kelas IIB Rembang Kanwil Kemenkumham Jawa Tengah terus melakukan berbagai terobosan baru. https://t.co/MpDJGu3tCg";0;1;0;0;in;1205365358632157192;1638016477088612352;rutanrembang_id;https://twitter.com/rutanrembang_id/status/1638016477088612352
Tue Mar 21 03:04:28 +0000 2023;1638013679496228865;"INFO TEMPAT PKL, 0813-2134-9398 Tempat Prakerin lowongan magang smk rpl Kabupaten Rembang https://t.co/R1JpEtEkfX";0;0;0;0;in;1631499909546520579;1638013679496228865;EvolutionIT_01;https://twitter.com/EvolutionIT_01/status/1638013679496228865
Tue Mar 21 02:53:46 +0000 2023;1638010986828566529;"@bliblidotcom Rembang #BliMinBeliin #BlibliSelalu";0;0;0;0;in;2259910554;1636010360686936065;ongppaque;https://twitter.com/ongppaque/status/1638010986828566529
Tue Mar 21 02:35:31 +0000 2023;1638006394875170816;"Sinergitas TNI-Polri-Kecamatan Kaliori  bersama BPBD dan masyarakat Desa Kuangsan melaksanakan kerja bakti pembuatan bronjong tanggul Daerah Aliran Sungai (DAS) Desa Kuangsan Kec Kaliori Polres Rembang   #Polripresisi #Polresrembang #Polsekkaliori https://t.co/AcmDyMutHP";0;0;0;0;in;1587353744764641281;1638006394875170816;Sek_Kaliori;https://twitter.com/Sek_Kaliori/status/1638006394875170816
Tue Mar 21 02:34:40 +0000 2023;1638006178625253376;"hari ini bangett, di stasiun rembang🙏😊  #TXTRBG https://t.co/mpFME4taXl";1;0;0;2;in;886482346290982912;1638006178625253376;txtdarirembang;https://twitter.com/txtdarirembang/status/1638006178625253376
Tue Mar 21 01:47:43 +0000 2023;1637994363090518016;"@menfesssambat @undipmenfess Moh rembang i wisata jeglongan sewu og";0;1;0;2;in;1275012404380721152;1637852769213358080;arekworthless;https://twitter.com/arekworthless/status/1637994363090518016
Tue Mar 21 01:45:41 +0000 2023;1637993850668208128;"@arekworthless @undipmenfess Nebeng tekan rembang enthuk? wkwkwk";0;1;0;1;in;1204757954727006208;1637852769213358080;menfesssambat;https://twitter.com/menfesssambat/status/1637993850668208128
Tue Mar 21 01:42:59 +0000 2023;1637993174844190720;"Personil Polsek Rembang hadir di tengah masyarakat, menyebrangkan anak sekolah di SD N Tireman untuk meminimalisir terjadinya kecelakaan lalulintas dan memberi rasa aman dan nyaman kepada pengguna jalan. https://t.co/tnLKvWIZxE";0;0;0;0;in;1588025473547657216;1637993174844190720;POLSEKREMBANG3;https://twitter.com/POLSEKREMBANG3/status/1637993174844190720
Tue Mar 21 01:41:26 +0000 2023;1637992782416711680;"Halo Sobat Tangguh BPBD Kabupaten Rembang mengikuti Sosialisasi pengamanan pantai Kabupaten Rembang yang dilaksanakan oleh BBWS Pemali Juana bertempat di Balai Desa Kragan Kecamatan Kragan pada hari Jumat (17/03/23). https://t.co/sMyUPyFYRc";0;0;0;1;in;4619166920;1637992782416711680;BPBD_Rembang;https://twitter.com/BPBD_Rembang/status/1637992782416711680
Tue Mar 21 01:37:18 +0000 2023;1637991741595983872;"Halo Sobat Tangguh BPBD Kabupaten Rembang bersama Perum Perhutani KPH. Mantingan dan KPH. Kebonharjo melaksanakan Sosialisasi Kebencanaan, Kebakaran Hutan dan Lahan Balai Desa Tanjung Kecamatan Sulang, pada hari Jumat (17/03/23). https://t.co/1PGgd8ZEAe";0;0;0;1;in;4619166920;1637991741595983872;BPBD_Rembang;https://twitter.com/BPBD_Rembang/status/1637991741595983872
Tue Mar 21 01:27:48 +0000 2023;1637989352323301378;"Halo Sobat Tangguh Posko Damkar BPBD Kabupaten Rembang menerima kunjungan TK TRISULA KABONGAN LOR REMBANG KE POSKO DAMKAR siswa siswi TK Trisula, Kecamatan Rembang ingin belajar dan mengenal dunia pemadam kebakaran. pada hari Jumat, 17 Maret 2023 https://t.co/ZdHGaFKh0C";0;0;0;0;in;4619166920;1637989352323301378;BPBD_Rembang;https://twitter.com/BPBD_Rembang/status/1637989352323301378
Tue Mar 21 01:19:34 +0000 2023;1637987280043507712;"Tingkatkan Sinergitas, Perhutani Bersama Polres Rembang Adakan Pembinaan dan Pelatihan Polhut https://t.co/MQptkdGTWN";0;0;0;2;in;343820073;1637987280043507712;PerumPerhutani;https://twitter.com/PerumPerhutani/status/1637987280043507712
Tue Mar 21 01:16:37 +0000 2023;1637986537832091650;"Khususnya di Jateng, PLN mengoperasikan PLTU Tanjung Jati B di Jepara, PLTU Rembang dan PLTU Adipala di Cilacap. PLTU Tanjung Jati B mampu menghasilkan FABA sekitar 359.000 ton/thn, sementara PLTU Rembang menghasilkan 67.000 ton per tahun dan PLTU Adipala sebanyak 80.000 ton. https://t.co/sTaxYfIIXK";0;1;0;0;in;1364846779288543232;1637986513584816128;chitrarkn;https://twitter.com/chitrarkn/status/1637986537832091650
Tue Mar 21 01:10:14 +0000 2023;1637984932135079936;"Khususnya di Jateng, PLN mengoperasikan PLTU Tanjung Jati B di Jepara, PLTU Rembang dan PLTU Adipala di Cilacap. PLTU Tanjung Jati B mampu menghasilkan FABA sekitar 359.000 ton/thn, sementara PLTU Rembang menghasilkan 67.000 ton per tahun dan PLTU Adipala sebanyak 80.000 ton. https://t.co/qna1siZh4D";0;1;0;0;in;1252444441031278593;1637984902732734464;333Siska;https://twitter.com/333Siska/status/1637984932135079936
Mon Mar 20 23:58:04 +0000 2023;1637966769976487938;"Partly Cloudy Besok Suhu Udara di Rembang Tertinggi 89F dan Terendah 76F. by PT Amir Hajar Kilsi https://t.co/DftijGRxXp";0;0;0;0;in;1062896329553207296;1637966769976487938;AmirHajarKilsi;https://twitter.com/AmirHajarKilsi/status/1637966769976487938
Mon Mar 20 22:36:19 +0000 2023;1637946194545741824;"@rasjawa Coba deh di pantura jawa tengah bagian pati, juwana, rembang rusakj parah rahh, jalan alternatifnya pun rusak parahhhhhh";0;0;0;0;in;1035044560580173824;1637756033367166976;airenroseane;https://twitter.com/airenroseane/status/1637946194545741824
Mon Mar 20 18:28:01 +0000 2023;1637883708454600707;"@Tawakal32615407 @dkoeswoyo @kafiradikalis @ridwankamil sya org jawa tengah. tk kasih info ya, jalan dari blora menuju purwodadi hancur jalan dari pati menuju solo hancur jalan dari rembang menuju demak hancur. 😂 maneh lier mereun";0;1;0;0;in;1259023090970918912;1636192796150468608;zainuri50779141;https://twitter.com/zainuri50779141/status/1637883708454600707
Mon Mar 20 17:07:35 +0000 2023;1637863470145376256;"@uinwsfess untung aku wong rembang";0;0;0;0;in;1215111981243367425;1637731445123989504;myfutureeeeee;https://twitter.com/myfutureeeeee/status/1637863470145376256
Mon Mar 20 15:19:48 +0000 2023;1637836344289558530;"@disrespectmee @bbibubble @tanyakanrl Saiki wonge nek Rembang wkw";0;0;0;0;in;1223812415239770112;1637621232798699520;bassmilee;https://twitter.com/bassmilee/status/1637836344289558530
Mon Mar 20 14:57:59 +0000 2023;1637830855078072321;"@Faizin_Merah @ganjarpranowo @LaporGub_ Dari pemkab Rembang bagaimana? @rembangkab @HumasRembang";0;1;1;1;in;2228029288;1637486697805139968;putrapetir_007;https://twitter.com/putrapetir_007/status/1637830855078072321
Mon Mar 20 13:39:35 +0000 2023;1637811121372446720;"Rasane nyekeli tangane  cah wedok pie ?  Bosen nyekeli manok teros :)";0;0;0;0;in;1486669480595890179;1637811121372446720;Rembang_bs;https://twitter.com/Rembang_bs/status/1637811121372446720
Mon Mar 20 13:38:03 +0000 2023;1637810738365358083;"Kapolresta Pati sidak penanganan macet pantura naik trail sekaligus dengan humblenya bagikan ransum nasi bungkus dan minuman kepada temen-temen sopir yang terjebak macet di jalur Pantura Pati-Rembang. Semoga perbaikan jembatan Juwana dan perbaikan ruas jalan https://t.co/aTFInFIy5L";0;0;0;1;in;1483304170178621440;1637810738365358083;Polsek_Tayu86;https://twitter.com/Polsek_Tayu86/status/1637810738365358083
Mon Mar 20 13:36:42 +0000 2023;1637810398819753985;"Mbiyen ket cilik diajari wong tuoku ngadeg jejeg gede-gede malah sing ngadeg jejeg mong manuk'ku :)";0;0;0;0;in;1486669480595890179;1637810398819753985;Rembang_bs;https://twitter.com/Rembang_bs/status/1637810398819753985
Mon Mar 20 13:18:25 +0000 2023;1637805797190275072;"@gyuvieen Rembang 👍🏻";0;1;0;0;in;1604042287008604161;1637790389347422208;0115KJH;https://twitter.com/0115KJH/status/1637805797190275072
Mon Mar 20 13:07:42 +0000 2023;1637803100420595712;"Gak lama saya nunggu di Rembang akhirnya lewat juga bus arah Surabaya PO. Bus Harapan Kita (jawaban dr harapanku huhu) jurusan Cirebon-Probolinggo.. Bus nya bagus dan nyaman, gak sempat foto luar bus.. Sudah capek wkwk  Naik bus jam set 8 dan sampe di Sby jam set 2 dini hari https://t.co/BQMn0DRTz3";0;1;0;0;in;1859398465;1637772988547465216;syaviuddin;https://twitter.com/syaviuddin/status/1637803100420595712
Mon Mar 20 13:00:22 +0000 2023;1637801255790850048;"Akhirnya ibu2 pasar berhasil memberhentikan pick up dan supirnya mau memberi tumpangan ke rembang. Luamyan 21 KM..  Alhamdulillah, terimakasih ya pak https://t.co/gQM7BMAI4b";0;1;0;0;in;1859398465;1637772988547465216;syaviuddin;https://twitter.com/syaviuddin/status/1637801255790850048
Mon Mar 20 12:44:55 +0000 2023;1637797364294631424;"Beberapa kali ibu2 pasar di situ mencoba nebeng pick up dengan harapan bisa sampe Rembang kota, karena sebelum Rembang yaitu kec. Batangan sdang macet perbaikan jalan jdi muncul asumsi lgi klo bus itu lurus terus dari jakenan dan akan kembali ke pantura di pertigaan sblm kaliori";0;1;0;1;in;1859398465;1637772988547465216;syaviuddin;https://twitter.com/syaviuddin/status/1637797364294631424
Mon Mar 20 12:22:29 +0000 2023;1637791719004729347;"Bandung - Rembang 10 jam perjalanan 85% tidur ekekekekek";0;0;0;0;in;1088400382911377408;1637791719004729347;Possitivevictim;https://twitter.com/Possitivevictim/status/1637791719004729347
Mon Mar 20 12:20:16 +0000 2023;1637791162072285184;"Penyebab Jemaah Umrah Asal Rembang dan Magelang Terlantar di Bandara Kulon Progo https://t.co/avVb9AlvZL";0;0;0;0;in;223476605;1637791162072285184;tribunjogja;https://twitter.com/tribunjogja/status/1637791162072285184
Mon Mar 20 11:59:05 +0000 2023;1637785832395505665;"Khususnya di Jawa Tengah, PLN mengoperasikan PLTU Tanjung Jati B di Jepara, PLTU Rembang dan PLTU Adipala di Cilacap. PLTU Tanjung Jati B mampu menghasilkan FABA sekitar 359k ton per tahun, sementara PLTU Rembang menghasilkan 67k ton per tahun dan PLTU Adipala sebanyak 80k ton.";0;1;0;0;in;131262179;1637785810790674433;philip_tobing;https://twitter.com/philip_tobing/status/1637785832395505665
Mon Mar 20 11:51:21 +0000 2023;1637783885756121090;"@ganjarpranowo @bpbdjateng @ESDMJateng Ini yang kemaren saya sampaikan ke Pak @ganjarpranowo saat di Rembang setelah penutupan Musrenbangwil. Kami dari Pengurus Karang Taruna Kab. Rembang membantu penanganan teknik vegetasi di bantaran sungai &amp  kebutuhan sosial warga terutama rumah yang nyaris roboh membahayakan jiwa";0;0;4;4;in;368019027;1637658729008205825;abahrifan;https://twitter.com/abahrifan/status/1637783885756121090
Mon Mar 20 11:27:27 +0000 2023;1637777870935441408;"Jalur pantura Tuban-Rembang-Pati-Kudus dan juga ke Jepara memang tidak ada pilihan transportasi umum selain BUS. Tgl 17 Maret hari jum'at saya berangkat dari Surabaya ke Pati naik BUS Jaya Utama Patas jurusan sby-smg berangkat pukul 19.00 dengan lancar dan tanpa kendala https://t.co/ITfUfjKX42";0;2;0;0;in;1859398465;1637772988547465216;syaviuddin;https://twitter.com/syaviuddin/status/1637777870935441408
Mon Mar 20 11:01:57 +0000 2023;1637771453193150466;"Puluhan Jemaah Umrah Asal Rembang Batal Berangkat, 1 Oknum Perantara Ditahan Polisi  https://t.co/b54kbJnkxU";0;0;0;0;in;263711825;1637771453193150466;tribunjateng;https://twitter.com/tribunjateng/status/1637771453193150466
Mon Mar 20 10:54:47 +0000 2023;1637769648207986689;"Kalau di Rembang pengen nasi liwet (nasi liwet Jateng khas Solo) sepengetahuanku cuma malam aja, 1 tempat, di kidul prapatan Jaeni.  Kalau di Kudus kamu mau nasi liwet, bertebaran di berbagai sudut kalau pagi - siang hari.";0;0;0;0;in;49465717;1637769648207986689;tomikalaza;https://twitter.com/tomikalaza/status/1637769648207986689
Mon Mar 20 10:51:11 +0000 2023;1637768743957975040;"Rembang 2023 Banser https://t.co/0mMUqUn0BM";0;0;0;0;in;1218709030748602368;1553178470209171456;wahabi92013848;https://twitter.com/wahabi92013848/status/1637768743957975040
Mon Mar 20 10:35:54 +0000 2023;1637764898989150208;"Kapolresta Pati sidak penanganan macet pantura naik trail sekaligus dengan humblenya bagikan ransum nasi bungkus dan minuman kepada temen-temen sopir yang terjebak macet di jalur Pantura Pati-Rembang.  #PolriPresisi #PoldaJatengHadir #PolrestaPatiSahabatSejati https://t.co/2IMagwWqkp";0;0;0;1;in;1496707952517869568;1637764898989150208;RespatiSiehukum;https://twitter.com/RespatiSiehukum/status/1637764898989150208
Mon Mar 20 10:10:08 +0000 2023;1637758415396282369;"punya mengantuk la tadi masa otw balik rumah sampai sempat lena sat kt traffic light tadi..huh mgantuk sungguh panas rembang lani";0;0;0;0;in;1003773540;1637758415396282369;sheeradina;https://twitter.com/sheeradina/status/1637758415396282369
Mon Mar 20 09:12:06 +0000 2023;1637743807541432321;"sementara PLTU Rembang menghasilkan 67.000 ton per tahun dan PLTU Adipala sebanyak 80.000 ton. #PLN #ManfaatFABAPLN  #FightingClimateChange #PanturaLestari #EnergiBaruTerbarukan #PLNUntukIndonesia #UnleashingEnergyandBeyond #BUMNUntukASEAN2023 #IndonesiaUntukASEAN https://t.co/nAkOVTGaTh";0;1;0;0;in;1227378675282141184;1637743740466102273;pln_ntt;https://twitter.com/pln_ntt/status/1637743807541432321
Mon Mar 20 09:12:01 +0000 2023;1637743788960665600;"Khususnya di Jawa Tengah, PLN mengoperasikan PLTU Tanjung Jati B di Jepara, PLTU Rembang dan PLTU Adipala di Cilacap. PLTU Tanjung Jati B mampu menghasilkan FABA sekitar 359.000 ton per tahun, #PLN #ManfaatFABAPLN  #FightingClimateChange #PanturaLestari #EnergiBaruTerbarukan https://t.co/tg6gROYLyU";0;1;0;0;in;1227378675282141184;1637743740466102273;pln_ntt;https://twitter.com/pln_ntt/status/1637743788960665600
Mon Mar 20 08:59:03 +0000 2023;1637740522927456262;"Kecelakaan yang melibatkan kereta api (KA) terjadi di perlintasan tanpa palang pintu di Desa Rembang, Kecamatan Ngadiluwih, Kabupaten Kediri. Minggu malam (19/3), sekitar pukul 21.45, KA Rapih Dhoho menghantam pikap berpenumpang 4 orang. https://t.co/YtcYypAHXn";0;0;0;0;in;1556509136749461507;1637740522927456262;jpradarkediri;https://twitter.com/jpradarkediri/status/1637740522927456262
Mon Mar 20 08:07:58 +0000 2023;1637727667511508992;"Walaupun YB @FadhlinaSiddiq dah bagi 'green light' tak perlu pakai tali leher pergi sekolah, tapi ramai lagi tak biasa. Apapun tahniah YB sudi bagi pilihan. Kesian dekat budak-budak, panas rembang pakai tali leher.   Harapnya, lps ni sekolah kebangsaan juga buat benda yg sama. https://t.co/S8PtwQU9DV";0;0;0;0;in;1372458265141911554;1637727667511508992;DemiMalaiu;https://twitter.com/DemiMalaiu/status/1637727667511508992
Mon Mar 20 07:56:36 +0000 2023;1637724810225786880;"Hello Sobat Milenial ✨✨✨  “Orang mengerti BENAR tidak mau bicara, maka yang SALAH itu menjadi benar”, salah satu yang menginspirasi ayah Ganjar untuk aktif bermedia sosial adalah sosok Gus Mus (Rembang).  Panjang umur orang-orang hebat..!!! https://t.co/FkqykEEtDW";0;0;0;0;in;1514664626059104256;1637724810225786880;gmcjateng;https://twitter.com/gmcjateng/status/1637724810225786880
Mon Mar 20 07:36:05 +0000 2023;1637719647477981185;"Hingga pekan ketiga bulan Maret ini, total tercatat ada sebanyak 2.629 ekor sapi di Kabupaten Rembang yang terjangkit wabah penyakit mematikan tersebut.   Baca selengkapnya:   https://t.co/XfYwiWFOok";0;0;0;0;in;1438906379272548353;1637719647477981185;katakutipcom;https://twitter.com/katakutipcom/status/1637719647477981185
Mon Mar 20 07:26:32 +0000 2023;1637717241864282112;"38 Calon Jemaah Umroh Asal Rembang Jadi Korban Penipuan, Gagal Berangkat dan Terlantar di Bandara   https://t.co/MqSeJGWHge via @tribunjambiku";0;0;0;0;in;226039658;1637717241864282112;tribunjambiku;https://twitter.com/tribunjambiku/status/1637717241864282112
Mon Mar 20 07:07:09 +0000 2023;1637712362940809217;"PLTU Tanjung Jati B mampu menghasilkan FABA sekitar 359.000 ton per tahun, sementara PLTU Rembang menghasilkan 67.000 ton per tahun dan PLTU Adipala sebanyak 80.000 ton.  #PLN #ManfaatFABAPLN  #FightingClimateChange #PanturaLestari #EnergiBaruTerbarukan #PLNUntukIndonesia https://t.co/ajB1bSKoYo";0;0;0;0;in;1633009725628637185;1637711189567471616;Andrespermana7;https://twitter.com/Andrespermana7/status/1637712362940809217
Mon Mar 20 07:05:39 +0000 2023;1637711986976002048;"Khususnya di Jawa Tengah, PLN mengoperasikan PLTU Tanjung Jati B di Jepara, PLTU Rembang dan PLTU Adipala di Cilacap.   #PLN #ManfaatFABAPLN  #FightingClimateChange #PanturaLestari #EnergiBaruTerbarukan #PLNUntukIndonesia #BUMNUntukASEAN2023 #IndonesiaUntukASEAN https://t.co/Eai8uwdzHS";0;0;0;0;in;1633009725628637185;1637711189567471616;Andrespermana7;https://twitter.com/Andrespermana7/status/1637711986976002048
Mon Mar 20 06:38:24 +0000 2023;1637705130706604032;"Viral Puluhan Calon Jemaah Umrah Asal Rembang Terlantar di Bandara YIA, Berakhir Batal Berangkat https://t.co/bS2CfGtEm0";0;0;0;0;in;1255738688534790144;1637705130706604032;Tribun_Solo;https://twitter.com/Tribun_Solo/status/1637705130706604032
Mon Mar 20 06:32:40 +0000 2023;1637703686091849728;"Kapolresta Pati sidak penanganan macet pantura naik trail sekaligus dengan humblenya bagikan ransum nasi bungkus dan minuman kepada temen-temen sopir yang terjebak macet di jalur Pantura Pati-Rembang. Semoga perbaikan jembatan Juwana dan perbaikan ruas jalan di Batangan segera bi https://t.co/3cclTbAY2u";0;0;0;1;in;1308952503912861697;1637703686091849728;PatiSikeu;https://twitter.com/PatiSikeu/status/1637703686091849728
Mon Mar 20 06:27:38 +0000 2023;1637702419739197440;"38 Calon Jamaah Umrah Asal Rembang Jawa Tengah Terlantar Dibandara Yogyakarta Internasional Airport Kabupaten Kulon Progo  #Jamaahuumrah #Rembang #Kulonprogo #terlantar #BeritaJogja #TVRIYogyakarta #MediaPemersatuBangsa https://t.co/p71pDtcMDx";0;0;0;0;in;712482841628532737;1637702419739197440;tvriyogyakarta;https://twitter.com/tvriyogyakarta/status/1637702419739197440
Mon Mar 20 06:19:31 +0000 2023;1637700376236552193;"Kapolresta Pati sidak penanganan macet pantura naik trail sekaligus dengan humblenya bagikan ransum nasi bungkus dan minuman kepada temen-temen sopir yang terjebak macet di jalur Pantura Pati-Rembang. Semoga perbaikan jembatan Juwana https://t.co/S8rG0EpU72";0;0;0;1;in;1483591502865793026;1637700376236552193;Mujo14611743;https://twitter.com/Mujo14611743/status/1637700376236552193
Mon Mar 20 06:02:46 +0000 2023;1637696160193302528;"PLN NP melalui PLTU Rembang menyumbangkan 20 tetrapod dari Fly Ash Bottom Ash (FABA) atau limbah sisa pembakaran batubara PLTU guna menanggulangi abrasi pantai pada KEE Pasarbanggi, Rembang pada Kamis (16/3).";0;1;0;2;in;241395221;1637696155571085315;ptpln_np;https://twitter.com/ptpln_np/status/1637696160193302528
Mon Mar 20 05:57:40 +0000 2023;1637694877621448706;"PROMO Kemasan Acara Rembang WA 081-3311-74400  #GoodieBag #TasHampers #KemasanPaperbag #TasBelanja #SouvenirBag #KantongPlastik #TasKantongBelanja #TasSouvenir #TasSpunbond #KemasanAcara #TasAcara #TasBrand #TasBelanjaPlastik https://t.co/7ZftspFhcg";0;0;0;0;in;1624333235361845249;1637694877621448706;ShoppingBag57;https://twitter.com/ShoppingBag57/status/1637694877621448706
Mon Mar 20 05:56:14 +0000 2023;1637694516345069569;"PROMO Kemasan Acara Rembang WA 081-3311-74400  #GoodieBag #TasHampers #KemasanPaperbag #TasBelanja #SouvenirBag #KantongPlastik #TasKantongBelanja #TasSouvenir #TasSpunbond #KemasanAcara #TasAcara #TasBrand #TasBelanjaPlastik https://t.co/7Sr4BAAAeF";0;0;0;0;in;1624333235361845249;1637694516345069569;ShoppingBag57;https://twitter.com/ShoppingBag57/status/1637694516345069569
Mon Mar 20 05:37:35 +0000 2023;1637689822637854720;"Kapolresta Pati sidak penanganan macet pantura naik trail sekaligus dengan humblenya bagikan ransum nasi bungkus dan minuman kepada temen-temen sopir yang terjebak macet di jalur Pantura Pati-Rembang. Semoga perbaikan jembatan Juwana dan perbaikan ruas jalan di Batangan https://t.co/S2wGqA7ncL";0;0;0;1;in;1356081719682584576;1637689822637854720;FanyKemiri;https://twitter.com/FanyKemiri/status/1637689822637854720
Mon Mar 20 05:30:15 +0000 2023;1637687980319186945;"Kapolresta Pati sidak penanganan macet pantura naik trail sekaligus dengan humblenya bagikan ransum nasi bungkus dan minuman kepada temen-temen sopir yang terjebak macet di jalur Pantura Pati-Rembang. Semoga perbaikan jembatan Juwana dan perbaikan ruas jalan di Batangan s https://t.co/nAZyLuRaQb";0;0;0;1;in;1539470386781630465;1637687980319186945;PolsekTambkromo;https://twitter.com/PolsekTambkromo/status/1637687980319186945
Mon Mar 20 05:28:35 +0000 2023;1637687558984601600;"Kapolresta Pati sidak penanganan macet pantura naik trail sekaligus dengan humblenya bagikan ransum nasi bungkus dan minuman kepada temen-temen sopir yang terjebak macet di jalur Pantura Pati-Rembang.   #PolriPresisi #PoldaJatengHadir #PolrestaPatiSahabatSejati #ABA2000Update https://t.co/lrmJtghVrZ";0;0;0;1;in;1483283828974456837;1637687558984601600;Polsekpucakwan1;https://twitter.com/Polsekpucakwan1/status/1637687558984601600
Mon Mar 20 05:25:49 +0000 2023;1637686864537878529;"Kapolresta Pati sidak penanganan macet pantura naik trail sekaligus dengan humblenya bagikan ransum nasi bungkus dan minuman kepada temen-temen sopir yang terjebak macet di jalur Pantura Pati-Rembang.   -Polri Ingkang Presisi, Migunani Kagem Sedulur Pati- https://t.co/C25HolHiVi";0;0;0;1;in;1345522339673305094;1637686864537878529;siwasrespati01;https://twitter.com/siwasrespati01/status/1637686864537878529
Mon Mar 20 05:19:08 +0000 2023;1637685178863861761;"Kapolresta Pati sidak penanganan macet pantura naik trail sekaligus dengan humblenya bagikan ransum nasi bungkus dan minuman kepada temen-temen sopir yang terjebak macet di jalur Pantura Pati-Rembang. Semoga perbaikan jembatan Juwana dan perbaikan ruas jalan di Batangan segera https://t.co/tzBTidI9NQ";0;0;0;1;in;1440201821981528065;1637685178863861761;sidokkespati;https://twitter.com/sidokkespati/status/1637685178863861761
Mon Mar 20 05:18:45 +0000 2023;1637685082608771073;"Keluarga Besar PSHT SARANG REMBANG JAWA TENGAH BERDUKA mohon doanya https://t.co/A9ZBWnBMPm";0;0;0;1;in;1579230914919686145;1637685082608771073;GiekOfficial;https://twitter.com/GiekOfficial/status/1637685082608771073
Mon Mar 20 05:18:29 +0000 2023;1637685016477200384;"Kapolresta Pati sidak penanganan macet pantura sekaligus membagikan nasi bungkus dan minuman kepada sopir yang terjebak macet di jalur Pantura Pati-Rembang. Semoga perbaikan jembatan Juwana dan  jalan di Batangan segera selesai. Polri Ingkang Presisi, Migunani Kagem Sedulur Pati https://t.co/H9DaKUPCr6";0;0;0;1;in;1587418447994007552;1637685016477200384;polsekgembong81;https://twitter.com/polsekgembong81/status/1637685016477200384
Mon Mar 20 05:16:03 +0000 2023;1637684406197563392;"Kapolresta Pati sidak penanganan macet pantura naik trail sekaligus dengan humblenya bagikan ransum nasi bungkus dan minuman kepada temen-temen sopir yang terjebak macet di jalur Pantura Pati-Rembang. Semoga jembatan Juwana dan perbaikan ruas jalan di Batangan segera bisa selesai https://t.co/Ii0ekGB9ub";0;0;0;1;in;1481807650488991745;1637684406197563392;sabharapati;https://twitter.com/sabharapati/status/1637684406197563392
Mon Mar 20 05:15:49 +0000 2023;1637684344885215232;"Kapolresta Pati sidak penanganan macet pantura naik trail sekaligus dengan humblenya bagikan ransum nasi bungkus dan minuman kepada temen-temen sopir yang terjebak macet di jalur Pantura Pati-Rembang. Semoga perbaikan jembatan Juwana dan perbaikan ruas jalan di Batangan https://t.co/H6cogN8lut";0;0;0;2;in;1287682879170912256;1637684344885215232;PolsekJaken12;https://twitter.com/PolsekJaken12/status/1637684344885215232
Mon Mar 20 05:14:12 +0000 2023;1637683940109713410;"Kapolresta Pati sidak penanganan macet pantura naik trail sekaligus dengan humblenya bagikan ransum nasi bungkus dan minuman kepada temen-temen sopir yang terjebak macet di jalur Pantura Pati-Rembang. https://t.co/tb9md8aeQu";0;0;0;2;in;1313315094940459009;1637683940109713410;PolsekSukolilo3;https://twitter.com/PolsekSukolilo3/status/1637683940109713410
Mon Mar 20 05:13:52 +0000 2023;1637683855850348544;"Kapolresta Pati sidak penanganan macet pantura naik trail sekaligus dengan humblenya bagikan ransum nasi bungkus dan minuman kepada temen-temen sopir yang terjebak macet di jalur Pantura Pati-Rembang. Semoga perbaikan jembatan Juwana dan perbaikan ruas jalan di Batangan segera https://t.co/mgUKkEYj2S";0;0;0;1;in;1577572945454845954;1637683855850348544;Rony84193912;https://twitter.com/Rony84193912/status/1637683855850348544
Mon Mar 20 05:12:40 +0000 2023;1637683553977729026;"Arek Rembang Ini Raup Cuan dari Karya Desain yang Dipasarkan Online https://t.co/OVjanXBFYy";0;0;0;0;in;2392460208;1637683553977729026;jawapos;https://twitter.com/jawapos/status/1637683553977729026
Mon Mar 20 05:07:50 +0000 2023;1637682335935242243;"Fakta Soal Video Calon Jemaah Umrah Asal Rembang dan Magelang Terlantar di Bandara YIA https://t.co/r4ijfQTBmW lewat @BorobudurNews_";0;0;1;0;in;828503372969832448;1637682335935242243;BorobudurNews_;https://twitter.com/BorobudurNews_/status/1637682335935242243
Mon Mar 20 05:05:50 +0000 2023;1637681833386340353;"Kapolresta Pati sidak penanganan macet pantura naik trail sekaligus dengan humblenya bagikan ransum nasi bungkus dan minuman kepada temen-temen sopir yang terjebak macet di jalur Pantura Pati-Rembang. Semoga perbaikan jembatan Juwana dan perbaikan ruas jalan di Batangan https://t.co/esyrKDllkn";0;0;0;1;in;1589118267813085184;1637681833386340353;polsekmgyspati;https://twitter.com/polsekmgyspati/status/1637681833386340353
Mon Mar 20 04:58:38 +0000 2023;1637680023749664769;"Kapolresta Pati sidak penanganan macet pantura naik trail sekaligus dengan humblenya bagikan ransum nasi bungkus dan minuman kepada temen-temen sopir yang terjebak macet di jalur Pantura Pati-Rembang.  #PolriPresisi #PoldaJatengHadir #PolrestaPatiSahabatSejati #ABA2000Update https://t.co/HaRGw1ewEq";0;0;0;1;in;1483248252959232002;1637680023749664769;PolsekWinong;https://twitter.com/PolsekWinong/status/1637680023749664769
Mon Mar 20 04:39:53 +0000 2023;1637675303068921856;"Pada hari Senin tanggal 20 Maret 2023, pukul 10.40 Wib Anggota Polsek Sale Polres Rembang Ps. Kanit Samapta Aiptu Mardi, Aiptu Eri Wibowo, SH dan Briptu Brillyan Kholif A, SH pada saat melaksanakan patroli di Jalan Raya turut tanah Desa Sumbermulyo Sale - Jatirogo. https://t.co/IK559aDSGh";0;0;0;0;in;1587796074596794368;1637675303068921856;polseksale1;https://twitter.com/polseksale1/status/1637675303068921856
Mon Mar 20 04:35:00 +0000 2023;1637674073655500804;"-ness info travel dari UNNES - Rembang dong, barangkali ada yang tau, txh u";0;1;0;0;in;1187284958370398209;1637674073655500804;unnesmenfess;https://twitter.com/unnesmenfess/status/1637674073655500804
Mon Mar 20 04:33:48 +0000 2023;1637673772256989184;"@ManUtd_ID Ga ada Rembang... Skip";0;0;0;0;in;865328815970467840;1637435327777501184;D_Soebroto;https://twitter.com/D_Soebroto/status/1637673772256989184
Mon Mar 20 04:12:19 +0000 2023;1637668363987214336;"38 Calon Jemaah Umroh Asal Rembang Jadi Korban Penipuan, Gagal Beranhkat dan Terlantar di Bandara   https://t.co/MqSeJGWHge via @tribunjambiku   #calonJemaahUmroh #RenbangJawaTengah #yogyakarta";0;0;0;0;in;226039658;1637668363987214336;tribunjambiku;https://twitter.com/tribunjambiku/status/1637668363987214336
Mon Mar 20 03:19:22 +0000 2023;1637655040080117761;"@Kemenparekraf Semangat unt Desa Wisata Kab Rembang @bupati_rbg @GusHanies";0;0;0;0;in;1217729858190446592;1637372404426231808;dinbudpar_rbg;https://twitter.com/dinbudpar_rbg/status/1637655040080117761
Mon Mar 20 03:17:51 +0000 2023;1637654657337278464;"@Kemenparekraf Ayoooo wisata ke Rembang aja @bupati_rbg @GusHanies";0;0;0;0;in;1475665261898334209;1637372404426231808;Ratih_Fadevi;https://twitter.com/Ratih_Fadevi/status/1637654657337278464
Mon Mar 20 02:59:52 +0000 2023;1637650131431604224;"UPDATE ❗️ Kecelakaan maut terjadi di Jalur Pantura, Jawa Tengah, tepatnya di Desa Pasarbanggi, Kecamatan Rembang Kota, Jumat (10/03/2023) mengakibatkan 5 Orang meninggal dunia dan 17 orang lainnya mengalami luka-luka. https://t.co/XLnd8OeX2x";0;1;0;0;in;983645455048306688;1637650131431604224;PKemangkon;https://twitter.com/PKemangkon/status/1637650131431604224
Mon Mar 20 02:32:25 +0000 2023;1637643227301036034;"PLTU Tanjung Jati B mampu menghasilkan FABA sekitar 359.000 ton per tahun, sementara PLTU Rembang menghasilkan 67.000 ton per tahun dan PLTU Adipala sebanyak 80.000 ton.";0;0;0;0;in;2410111957;1637642564122857472;LuqmanYudha;https://twitter.com/LuqmanYudha/status/1637643227301036034
Mon Mar 20 02:32:12 +0000 2023;1637643171340636160;"Khususnya di Jawa Tengah, PLN mengoperasikan PLTU Tanjung Jati B di Jepara, PLTU Rembang dan PLTU Adipala di Cilacap.";0;2;0;0;in;2410111957;1637642564122857472;LuqmanYudha;https://twitter.com/LuqmanYudha/status/1637643171340636160
Mon Mar 20 02:29:17 +0000 2023;1637642438285361152;"#TemanPemilih KPU Kabupaten Rembang melaksanakan Apel Pagi pada Senin, 20 Maret 2023 bertempat di Kantor KPU Rembang. Apel Pagi dipimpin oleh  Anggota KPU Rembang Divisi Teknis, Moch. Zaenal Arifin, dan diikuti jajaran sekretariat KPU Rembang.  #KPUMelayani #PemiluSerentak2024 https://t.co/65dWYpujHc";0;0;0;0;in;1372767476564389892;1637642438285361152;KPUKabRembang;https://twitter.com/KPUKabRembang/status/1637642438285361152
Mon Mar 20 02:26:36 +0000 2023;1637641760548732928;"Personil Polsek Rembang hadir di tengah masyarakat, melaksanakan pengamanan dan pengawalan pawai dalam rangka menyambut Bulan Suci Ramadhan 1444 H / th 2023 TK dan SD Islam Terpadu  Al Furqon https://t.co/M1rKQDTZW7";0;0;0;0;in;1588025473547657216;1637641760548732928;POLSEKREMBANG3;https://twitter.com/POLSEKREMBANG3/status/1637641760548732928
Mon Mar 20 01:50:33 +0000 2023;1637632691079372802;"Berkualitas, Kemasan Makanan Rembang WA  081-3311-74400 #Paper Box  #Box Makanan  #Kantong Kertas  #Kemasan Makanan https://t.co/XFUuRhLYWV";0;0;0;0;in;1630062972235296768;1637632691079372802;k_kemasan;https://twitter.com/k_kemasan/status/1637632691079372802
Mon Mar 20 01:45:45 +0000 2023;1637631483086249984;"Berkualitas, Kemasan Produk Rembang WA  081-3311-74400 #Kemasan  #Kemasan Custom  #Kemasan Produk  #Lunch Box https://t.co/yH3zeVtPPP";0;0;0;0;in;1630062972235296768;1637631483086249984;k_kemasan;https://twitter.com/k_kemasan/status/1637631483086249984
Mon Mar 20 00:15:59 +0000 2023;1637608888605503490;"Personil Polsek Rembang hadir di tengah masyarakat, menyebrangkan anak sekolah di SD N Tireman untuk meminimalisir terjadinya kecelakaan lalulintas dan memberi rasa aman dan nyaman kepada pengguna jalan. https://t.co/jeqZ8KQpOv";0;0;0;0;in;1588025473547657216;1637608888605503490;POLSEKREMBANG3;https://twitter.com/POLSEKREMBANG3/status/1637608888605503490
Sun Mar 19 23:58:13 +0000 2023;1637604418039193602;"Partly Cloudy Besok Suhu Udara di Rembang Tertinggi 89F dan Terendah 76F. by PT Amir Hajar Kilsi https://t.co/w7NKiNGMv8";0;0;0;0;in;1062896329553207296;1637604418039193602;AmirHajarKilsi;https://twitter.com/AmirHajarKilsi/status/1637604418039193602
Sun Mar 19 23:36:23 +0000 2023;1637598926227529728;"jual Stiker Mesin Cuci 2 Tabung Sailor Moon ~ https://t.co/zG9vVW4t88 #gresik #rembang #jepara #blitar #nganjuk #jember #jatim #bali";0;0;0;0;in;884468119409786886;1637598926227529728;NDALANKU;https://twitter.com/NDALANKU/status/1637598926227529728
Sun Mar 19 18:01:24 +0000 2023;1637514623158210561;"@jakarta_alter2 @YayangPDG @_yayangpdg03 di rembang kak";0;0;0;0;in;1268564433980153858;1633867008222846979;HamdaniFadholi;https://twitter.com/HamdaniFadholi/status/1637514623158210561
Sun Mar 19 17:36:21 +0000 2023;1637508319668740096;"@radixwp @detik @jokowi @prabowo 🤦🤦🤦🤦🤦🤦 Ini saat alm mendoakan @prabowo dlm sesi doa, dlm rangka kunjungan @jokowi dan timsesnya ke ponpes Al Anwar Rembang... Sampai Romy dan @jokowi ke kamar pribadi Mbah Moen.. @tribunmedan https://t.co/Eb3LyRVytw";0;1;0;0;in;1326978767823261697;1637068942710808580;Nur06168340;https://twitter.com/Nur06168340/status/1637508319668740096
Sun Mar 19 17:29:40 +0000 2023;1637506637538951169;"Selamat kepada kakak-kakak IKADHA MAYAK komisariat Rembang yang telah menempuh Wisuda dengan jumlah 14 wisudawan dan wisudawati semoga ilmunya bermanfaat dan barokah...Aamiin https://t.co/zj54Msq8OL";0;0;0;8;in;1612128531508789248;1637506637538951169;HanifPutranda76;https://twitter.com/HanifPutranda76/status/1637506637538951169
Sun Mar 19 16:30:05 +0000 2023;1637491644537917446;"Gus Wagub : "Mulai Kabupaten Brebes hingga Kabupaten Rembang, merupakan potensi di bidang kelautan dan perikanan yang patut menjadi kebanggaan kita, Provinsi Jawa Tengah," #GusYasin #PanglimaSGN #SantriGayengNusantara #TajYasin #WagubJateng @TajYasinMZ https://t.co/Y8CT10bkuU";1;3;22;19;in;1594374715682230272;1637491644537917446;SgnBanjarnegara;https://twitter.com/SgnBanjarnegara/status/1637491644537917446
Sun Mar 19 16:29:20 +0000 2023;1637491452707233792;"Puluhan Jemaah Umrah Rembang Gagal Berangkat, Ingin Refund https://t.co/Ly34ERaXJu ......LGI2 MUSLIM KENA TIPU...SAMPAI KPN MAU JUAL AGAMA INI .... https://t.co/VWUA9L1FVu";1;2;5;8;in;982439595710152705;1637491452707233792;madularang;https://twitter.com/madularang/status/1637491452707233792
Sun Mar 19 16:12:52 +0000 2023;1637487311519612931;"30-an Jemaah Umrah Rembang Kena Tipu, Biro: Uang Belum Disetor https://t.co/JfnZkRAbSQ";0;0;0;0;in;240113510;1637487311519612931;detikTravel;https://twitter.com/detikTravel/status/1637487311519612931
Sun Mar 19 15:16:50 +0000 2023;1637473210940702726;"Puluhan Jemaah Umrah Rembang Gagal Berangkat, Ingin Refund https://t.co/YQVf0Dy4qG";0;0;0;0;in;240113510;1637473210940702726;detikTravel;https://twitter.com/detikTravel/status/1637473210940702726
Sun Mar 19 15:07:05 +0000 2023;1637470754475491329;"Di sana, kalian akan mendapati  2 lukisan Ulama Rembang yang terpampang di dinding warung.   Yakni, KH. Syahid atau yang misuwur dengan julukan Kiai Alhamdulillah dan Gus Baha. https://t.co/AFiMCGpGTv";0;0;0;0;in;1343967642;1637466725951365121;choo_lis;https://twitter.com/choo_lis/status/1637470754475491329
Sun Mar 19 15:03:47 +0000 2023;1637469925915914241;"Halo #SobATRBPN ,  Berikut kegiatan PELATARAN (Pelayanan Tanah Akhir Pekan) Kantor Pertanahan Kabupaten Rembang pada Minggu, 19 Maret 2023.  Jam pelayanan PELATARAN : Sabtu - Minggu 09.00 - 12.00  Bagi pemohon yang ingin mengurus sertipikatnya sendiri yaa..  #PELATARAN https://t.co/lmebtPn70Y";0;0;0;0;in;1416195476097953795;1637469925915914241;AtrRembang;https://twitter.com/AtrRembang/status/1637469925915914241
Sun Mar 19 15:01:41 +0000 2023;1637469397626548226;"Menu andalan di warung ini ialah lontong tahu, sate srepeh, dan tempe bungkus godong jati, yang tak lain adalah makanan khas Rembang. https://t.co/Z6E7Erfq84";0;1;0;0;in;1343967642;1637466725951365121;choo_lis;https://twitter.com/choo_lis/status/1637469397626548226
Sun Mar 19 14:51:04 +0000 2023;1637466725951365121;""Warung Makan Tenda Biru Pak Djafar" salah satu warung legendaris di Rembang.  Warung makan yang berada di Jl. Kartini no 21 itu, kini, dikelola oleh generasi ke empat.   Soal rasa, lidah saya tidak banyak cincong. Cocok.   Bumbu lontongnya sangat berasa, kental. Tidak eman-eman. https://t.co/3OG9gPUIcL";0;3;1;7;in;1343967642;1637466725951365121;choo_lis;https://twitter.com/choo_lis/status/1637466725951365121
Sun Mar 19 14:32:08 +0000 2023;1637461961377185792;"Gubernur Jawa Tengah, Ganjar Pranowo kembali melakukan sidak proyek pembangunan Jembatan Juwana Pati. Namun, sidak kali ini berbeda karena dilakukan malam hari, yakni pukul 22.25 WIB.  Usai memimpin Musrenbang Wilayah di Pendapa Kabupaten Rembang, Ganjar sowan ke sejumlah kiai. https://t.co/yphSpvM7uN";0;1;0;0;in;1479757801299738627;1637461961377185792;4_gp2024;https://twitter.com/4_gp2024/status/1637461961377185792
Sun Mar 19 14:28:48 +0000 2023;1637461122629644294;"Kira-kira apa yang dilakukan Ganjar Pranowo setelah hadir pada acara Musrenbang di Kabupaten Rembang??  #SahabatGanjar #Ganjar #ganjarpranowo https://t.co/VyaW5vOH2t";0;0;0;0;in;1479757801299738627;1637461122629644294;4_gp2024;https://twitter.com/4_gp2024/status/1637461122629644294
Sun Mar 19 14:12:47 +0000 2023;1637457091748306946;"@iffamanaf Time angin kuat okay laaa time tgh hari rembang tanpa angin. Oooooo senak kepala";0;1;0;0;in;1856862362;1636979791239991298;mellaothman;https://twitter.com/mellaothman/status/1637457091748306946
Sun Mar 19 13:45:02 +0000 2023;1637450105606512640;"@ekowboy2 Gak cuma Wadas Di Rembang Pati ada bukit kendeng dikeruk juga.pdhl bukit itu untuk menyimpan air yg dimanfaatkan petani";0;1;0;3;in;225759595;1637432855956692993;Grosir__sepatu;https://twitter.com/Grosir__sepatu/status/1637450105606512640
Sun Mar 19 12:05:03 +0000 2023;1637424944111030272;"Program Strategi Integrasi Menuju Pantura Lestari dimulai dari Rembang. https://t.co/6LUIQUdxi2";0;0;1;1;in;22126902;1637424944111030272;republikaonline;https://twitter.com/republikaonline/status/1637424944111030272
Sun Mar 19 10:53:41 +0000 2023;1637406985162465281;"panas rembang.";0;0;0;0;in;1090579170835320833;1637406985162465281;ZulkifleeFarhan;https://twitter.com/ZulkifleeFarhan/status/1637406985162465281
Sun Mar 19 10:52:36 +0000 2023;1637406711203131392;"1. Mikirin nasib artis adlh kegiatan paling tidak berguna di bumi ini. Artis tuh untuk digossipin, daripada yeay gossipin tetangga 😉 2. Jadi takut nikah, karena artis, kurang apa cantiknya ttp diselingkuhi? Silahkan tinjau kembali poin kesatu.  Selamat jelang rembang petang 🤗❤️";0;0;0;0;in;1316371043670351872;1637406711203131392;NaniTriani20;https://twitter.com/NaniTriani20/status/1637406711203131392
Sun Mar 19 09:29:31 +0000 2023;1637385803247796224;"Tetrapod mrupakn struktur peredam gelombang laut atau beton cor yg terbuat dari fly as (abu terbang) dan bottom as (abu dasar) atau Faba yg mrupakn sisa hasil pembakaran batu bara di ruang bakar PLTU Rembang yg trbukti mampu memecah gelombang air laut. #GanjarKunciRIMajuSejahtera https://t.co/UcaUWKYQOI";1;1;0;3;in;1354072148030091264;1637385396144476160;CahAngo45022699;https://twitter.com/CahAngo45022699/status/1637385803247796224
Sun Mar 19 09:27:54 +0000 2023;1637385396144476160;"Gubernur Jawa Tengah Ganjar Pranowo berencana mengadopsi tetrapod yang digunakan di pesisir Bonang, Rembang untuk dimanfaatkan di sepanjang garis Pantai Utara (Pantura) Jateng sebagai upaya mengurangi abrasi dan rob. #GanjarKunciRIMajuSejahtera https://t.co/9hD5retnPf";2;1;2;15;in;1354072148030091264;1637385396144476160;CahAngo45022699;https://twitter.com/CahAngo45022699/status/1637385396144476160
Sun Mar 19 09:14:16 +0000 2023;1637381967774908416;"Untuk mempercepat penguraian kemacetan Jalan Raya Rembang - Pati, Gubernur Jawa Tengah Ganjar Pranowo meminta percepatan pengerjaan perbaikan jembatan Juwana - Pati. https://t.co/EWhXphCRGc";0;0;0;0;in;69834086;1637381967774908416;IntanAyuArimbi;https://twitter.com/IntanAyuArimbi/status/1637381967774908416
Sun Mar 19 09:04:40 +0000 2023;1637379551998390272;"Kira-kira apa yang dilakukan PakbGanjar setelah hadir pada acara Musrenbang di Rembang..?  #SahabatGanjar #Ganjar #ganjarpranowo https://t.co/P4p8ghvxSC";0;1;17;35;in;506059176;1637379551998390272;Urrangawak;https://twitter.com/Urrangawak/status/1637379551998390272
Sun Mar 19 08:46:47 +0000 2023;1637375049417261056;"@cantikbgtyampun Rembang jawa tengah tp emang udah mau dkt sana";0;1;0;0;in;219234187;1637023103627976705;nahlabee_;https://twitter.com/nahlabee_/status/1637375049417261056
Sun Mar 19 08:23:51 +0000 2023;1637369277044129792;"@cantikbgtyampun Kayaknya di Rembang juga ada daerah gitu namanya 😅";0;1;0;0;in;219234187;1637023103627976705;nahlabee_;https://twitter.com/nahlabee_/status/1637369277044129792
Sun Mar 19 08:14:56 +0000 2023;1637367034232070145;"Tingkatkan Produktivitas Babinsa Koramil 12/Rembang Sambangi Pembudidaya Lele https://t.co/vIk7ohtGil";0;0;0;0;in;884586559751675904;1637367034232070145;ketiklagi;https://twitter.com/ketiklagi/status/1637367034232070145
Sun Mar 19 07:48:45 +0000 2023;1637360444674543617;"@Candra4smara @Irfan_Cowgan Banjir di Pati, Kudus dst, tidak surut bermigggu², jalan² rusak di pantura, macer berjam² di Pati - Juana - Rembang, longsor di G Kendeng, ini bukan klenik ini nyata.. tp cebongpun MINGKEM..";0;0;0;4;in;1586616353011949569;1637265438655774720;DenBeskap;https://twitter.com/DenBeskap/status/1637360444674543617
Sun Mar 19 07:31:31 +0000 2023;1637356108800204801;"Sidak lg Kli ini malam, 22.25 WIB.  Usai pimpin Musrenbang Wilayah di Rembang, Gub #GanjarPranowo  sowan ke bbrp kiai &amp  pulang lwt jl Pantura Timur.  Di Pati blio belok ke jembatan Juwana u/ melihat progres &amp  mastikan proyek jln sesuai harapan.  Moga lancar ya #sahabatganjar 🙏 https://t.co/ahG9f1ePhy";0;3;16;29;in;2669430458;1637356108800204801;Jelli_cent;https://twitter.com/Jelli_cent/status/1637356108800204801
Sun Mar 19 07:23:17 +0000 2023;1637354036058898432;"Ganjar Pranowo berencana mengadopsi tetrapod yang digunakan di pesisir Bonang, Rembang untuk dimanfaatkan di sepanjang garis Pantai Utara (Pantura) Jateng sebagai upaya mengurangi abrasi dan rob.  #GanjarKunciRIMajuSejahtera https://t.co/vXNa7eAeS3";0;0;0;0;in;1315432245813940224;1637354036058898432;blackadenium;https://twitter.com/blackadenium/status/1637354036058898432
Sun Mar 19 07:22:39 +0000 2023;1637353875597557763;"Putra Almaghfurlah KH Syahid Kemadu Rembang, Gus Obi' Didaulat jadi Ketua Syuriah NU Sulang. https://t.co/zDncCuJ3JB https://t.co/2PmgjdNDok";0;0;1;2;in;240299648;1637353875597557763;kang_tarom;https://twitter.com/kang_tarom/status/1637353875597557763
Sun Mar 19 07:03:38 +0000 2023;1637349090093858817;"Kira-kira apa yang dilakukan Ganjar Pranowo setelah hadir pada acara Musrenbang di Kabupaten Rembang??  #SahabatGanjar #Ganjar #ganjarpranowo https://t.co/k5xuIECjiu";0;0;1;4;in;2162133289;1637349090093858817;sahabatganjarid;https://twitter.com/sahabatganjarid/status/1637349090093858817
Sun Mar 19 06:35:33 +0000 2023;1637342024356737025;"Pada hari Minggu tanggal 19 Maret 2023, pukul 10.30 Wib Anggota Polsek Sale Polres Rembang Bripka Yoto dan Briptu Erwin Dwi Prasetyo pada saat melaksanakan patroli di Jalan Raya turut tanah Desa Sumbermulyo Kec. Sale - Jatirogo. https://t.co/goQmRR3ryr";0;0;0;1;in;1587796074596794368;1637342024356737025;polseksale1;https://twitter.com/polseksale1/status/1637342024356737025
Sun Mar 19 06:30:59 +0000 2023;1637340873410355200;"wisuda ke-6 STAI Al-Anwar Sarang Rembang. https://t.co/1cpeMHYFb7";0;1;0;5;in;1494151925792927752;1637340873410355200;DhiyaulMunawar1;https://twitter.com/DhiyaulMunawar1/status/1637340873410355200
Sun Mar 19 06:30:20 +0000 2023;1637340711417974785;"Kira-kira apa yang dilakukan Ganjar Pranowo setelah hadir pada acara Musrenbang di Kabupaten Rembang??  #SahabatGanjar #Ganjar #ganjarpranowo https://t.co/sADjeTBdLt";0;0;0;0;in;2503761613;1637340711417974785;IDSahabatGanjar;https://twitter.com/IDSahabatGanjar/status/1637340711417974785
Sun Mar 19 06:03:52 +0000 2023;1637334050145988608;"Gubernur Jawa Tengah, @ganjarpranowo kembali melakukan sidak proyek pembangunan Jembatan Juwana Pati. Namun, sidak kali ini berbeda karena dilakukan malam hari, yakni pukul 22.25 WIB.  Usai memimpin Musrenbang Wilayah di Pendapa Kabupaten Rembang, Ganjar sowan ke sejumlah kiai. https://t.co/N3SCPDkH0Z";0;1;0;2;in;1092638848872439808;1637334050145988608;PutriKirana_02;https://twitter.com/PutriKirana_02/status/1637334050145988608
Sun Mar 19 06:00:57 +0000 2023;1637333318260895744;"Personil Polsek Rembang hadir di tengah masyarakat, memberikan himbauan kamtibmas kepada warga desa Magersari untuk berperan aktif menjaga situasi kamtibmas kecamatan Rembang https://t.co/3FjYCfO6Yi";0;0;0;0;in;1588025473547657216;1637333318260895744;POLSEKREMBANG3;https://twitter.com/POLSEKREMBANG3/status/1637333318260895744
Sun Mar 19 05:57:48 +0000 2023;1637332523423506434;"Gubernur Jawa Tengah, Ganjar Pranowo kembali melakukan sidak proyek pembangunan Jembatan Juwana Pati. Namun, sidak kali ini berbeda karena dilakukan malam hari, yakni pukul 22.25 WIB.  Usai memimpin Musrenbang Wilayah di Pendapa Kabupaten Rembang, Ganjar sowan ke sejumlah kiai.… https://t.co/hpMIzUhgbh";0;0;4;4;in;1230994530083565568;1637332523423506434;sahabatganjar;https://twitter.com/sahabatganjar/status/1637332523423506434
Sun Mar 19 05:53:16 +0000 2023;1637331381255811073;"Kira-kira apa yang dilakukan @ganjarpranowo setelah hadir pada acara Musrenbang di Kabupaten Rembang??  #SahabatGanjar #Ganjar #ganjarpranowo https://t.co/RdmoWCZWQl";0;0;1;5;in;1092638848872439808;1637331381255811073;PutriKirana_02;https://twitter.com/PutriKirana_02/status/1637331381255811073
Sun Mar 19 05:35:56 +0000 2023;1637327019137732610;"164.KAKANWIL A YUSPAHRUDDIN KEMENKUMHAM JATENG: Peringati HBP Ke-59, Rutan Rembang Gelar Sepeda Santai Bersama https://t.co/cj12kwytVW #KemenkumhamJateng #AYuspahruddin #KumhamPasti @Kemenkumham_RI @kemenkumhamjtg";0;0;0;0;in;2526590341;1637327019137732610;rutankudus;https://twitter.com/rutankudus/status/1637327019137732610
Sun Mar 19 05:35:53 +0000 2023;1637327007905374208;"163.KAKANWIL A YUSPAHRUDDIN KEMENKUMHAM JATENG: Semarak Sepeda Santai Rutan Rembang Dalam Peringatan HBP Ke-59 https://t.co/BV9lTe4GdE #KemenkumhamJateng #AYuspahruddin #KumhamPasti @Kemenkumham_RI @kemenkumhamjtg";0;0;0;0;in;2526590341;1637327007905374208;rutankudus;https://twitter.com/rutankudus/status/1637327007905374208
Sun Mar 19 05:07:09 +0000 2023;1637319777525075968;"@ganjarpranowo kembali melakukan sidak proyek pembangunan Jembatan Juwana Pati.  Usai memimpin Musrenbang Wilayah di Pendapa Kabupaten Rembang, Ganjar sowan ke sejumlah kiai. Setelah itu, Ganjar pulang melewati jalan Pantura Timur. #GanjarPranowo #GanjarHebat https://t.co/s260Ql9Sb0";0;14;0;10;in;2828996989;1637319777525075968;TTSLongtong;https://twitter.com/TTSLongtong/status/1637319777525075968
Sun Mar 19 04:59:03 +0000 2023;1637317737839222784;"Personil Polsek Rembang hadir di tengah masyarakat, mendampingi Pemerintah desa Kutoharjo melaksanakan pembagian bantuan alat tangkap rajungan kepada nelayan desa Kutoharjo. https://t.co/0yuvejrTsg";0;0;0;0;in;1588025473547657216;1637317737839222784;POLSEKREMBANG3;https://twitter.com/POLSEKREMBANG3/status/1637317737839222784
Sun Mar 19 04:07:59 +0000 2023;1637304887871696897;""Di sini pihak kami [MTT] juga kaget dan merasa dirugikan oleh si oknum, karena pihak Mabari sudah membayar lunas semua kebutuhan ibadah,” ucapnya.  Sebelumnya rombongan calon umrah dari Rembang dan Magelang dipingpong dan terkatung-katung di Bandara YIA.";0;1;1;0;in;118371948;1637304864173887489;Harian_Jogja;https://twitter.com/Harian_Jogja/status/1637304887871696897
Sun Mar 19 03:17:54 +0000 2023;1637292285187567617;"Cerita Rombongan Jemaah Umrah Asal Rembang dan Magelang Terlantar di Bandara Kulon Progo Yogyakarta https://t.co/BSiSIC5FKv";0;0;0;0;in;223476605;1637292285187567617;tribunjogja;https://twitter.com/tribunjogja/status/1637292285187567617
Sun Mar 19 03:12:12 +0000 2023;1637290848630059008;"KAKANWIL A YUSPAHRUDDIN KEMENKUMHAM JATENG: Peringati HBP Ke-59, Rutan Rembang Gelar Sepeda Santai Bersama https://t.co/f3nyBmy3b0 #KemenkumhamJateng #AYuspahruddin #KumhamPasti @Kemenkumham_RI @kemenkumhamjtg";0;0;0;0;in;2366534948;1637290848630059008;bapaspati;https://twitter.com/bapaspati/status/1637290848630059008
Sun Mar 19 03:12:11 +0000 2023;1637290846419574784;"KAKANWIL A YUSPAHRUDDIN KEMENKUMHAM JATENG: Semarak Sepeda Santai Rutan Rembang Dalam Peringatan HBP Ke-59 https://t.co/n4ll8hqPAU #KemenkumhamJateng #AYuspahruddin #KumhamPasti @Kemenkumham_RI @kemenkumhamjtg";0;0;0;0;in;2366534948;1637290846419574784;bapaspati;https://twitter.com/bapaspati/status/1637290846419574784
Sun Mar 19 03:04:01 +0000 2023;1637288789344387075;"Kakanwil Musta'in Ahmad mendampingi Menag Yaqut Cholil Qoumas dalam wisuda VI STAI Al-Anwar Sarang Rembang,Sabtu (18/3).  Menag Yaqut menyatakan bahwa di pesantren, anak-anak bukan hanya diajarkan untuk menjadi pintar, namun diajarkan untuk menjadikan cara berpikir sebagai kunci. https://t.co/AKUgQ4NGIK";0;1;0;3;in;2989121466;1637288789344387075;KemenagJateng;https://twitter.com/KemenagJateng/status/1637288789344387075
Sun Mar 19 02:18:51 +0000 2023;1637277422671519745;"Bupati Rembang, Abdul Hafidz mengatakan, kondisi jalan di wilayah Rembang banyak mengalami kerusakan.  #SahabatGanjar #Ganjar #ganjarpranowo https://t.co/MtrC6PWE2W";0;0;1;6;in;1101696077147729920;1637277406015934466;03__nakula;https://twitter.com/03__nakula/status/1637277422671519745
Sun Mar 19 02:18:47 +0000 2023;1637277406015934466;"Gubernur Jawa Tengah Ganjar Pranowo banyak mendapatkan usulan terkait infrastruktur khususnya perbaikan jalan saat Musrenbang di wilayah Jekutibanglor (Kabupaten Jepara, Kudus, Pati, Rembang dan Blora), di Pendapa Kabupaten Rembang.  #SahabatGanjar #Ganjar #ganjarpranowo https://t.co/EvgNcxsSxm";0;1;2;33;in;1101696077147729920;1637277406015934466;03__nakula;https://twitter.com/03__nakula/status/1637277406015934466
Sun Mar 19 02:13:03 +0000 2023;1637275965234745344;"@convomf Rembang knows everything";0;0;0;0;en;881462655105376256;1637263908510793728;sffzhh;https://twitter.com/sffzhh/status/1637275965234745344
Sun Mar 19 02:02:44 +0000 2023;1637273367748431872;"Selamat Pagi Rembang.. Menu sarapan orang pesisir sudah ready.. asem2 tongkol buah pepaya, oseng2 vumi hitam, tempe+tongkol goreng, tak lupa sambal terong bakar.. https://t.co/rgfmCmPc4q";0;0;0;0;in;1166860081;1637273367748431872;saynam_way;https://twitter.com/saynam_way/status/1637273367748431872
Sun Mar 19 01:10:03 +0000 2023;1637260109540917248;"KAKANWIL A YUSPAHRUDDIN KEMENKUMHAM JATENG: Peringati HBP Ke-59, Rutan Rembang Gelar Sepeda Santai Bersama https://t.co/0AhYoc191C #AYuspahruddin #KumhamPasti @Kemenkumham_RI @kemenkumhamjtg";0;0;0;0;in;2492210532;1637260109540917248;lapasklaten;https://twitter.com/lapasklaten/status/1637260109540917248
Sun Mar 19 00:36:48 +0000 2023;1637251740952326146;"164.KAKANWIL A YUSPAHRUDDIN KEMENKUMHAM JATENG: Peringati HBP Ke-59, Rutan Rembang Gelar Sepeda Santai Bersama https://t.co/KZYjxijUxR #KemenkumhamJateng #AYuspahruddin #KumhamPasti @Kemenkumham_RI @kemenkumhamjtg";0;0;0;0;in;993663424306429952;1637251740952326146;purworejo_rutan;https://twitter.com/purworejo_rutan/status/1637251740952326146
Sun Mar 19 00:36:44 +0000 2023;1637251723340427265;"163.KAKANWIL A YUSPAHRUDDIN KEMENKUMHAM JATENG: Semarak Sepeda Santai Rutan Rembang Dalam Peringatan HBP Ke-59 https://t.co/rjdgPVyXLV #KemenkumhamJateng #AYuspahruddin #KumhamPasti @Kemenkumham_RI @kemenkumhamjtg";0;0;0;0;in;993663424306429952;1637251723340427265;purworejo_rutan;https://twitter.com/purworejo_rutan/status/1637251723340427265
Sun Mar 19 00:12:07 +0000 2023;1637245530043736066;"@RaniKancana Sungai karanggenang, Rembang..";0;1;0;1;in;1599548157167570946;1637220935265820672;hm1_uki;https://twitter.com/hm1_uki/status/1637245530043736066
Sun Mar 19 00:06:31 +0000 2023;1637244122020065280;"164. KAKANWIL KEMENMUMHAM JATENG A YUSPAHRUDDIN : peringati-hbp-ke-59-rutan-rembang-gelar-sepeda-santai-bersama  https://t.co/VPxanX7wQo";0;0;0;3;in;1630810871420289024;1637244122020065280;KaranganyarLp;https://twitter.com/KaranganyarLp/status/1637244122020065280
Sun Mar 19 00:06:08 +0000 2023;1637244024569593856;"163. KAKANWIL KEMENMUMHAM JATENG A YUSPAHRUDDIN : semarak-sepeda-santai-rutan-rembang-dalam-peringatan-hbp-ke-59  https://t.co/nH3fleYhSs";0;0;0;3;in;1630810871420289024;1637244024569593856;KaranganyarLp;https://twitter.com/KaranganyarLp/status/1637244024569593856
Sat Mar 18 23:58:06 +0000 2023;1637242001455235076;"Scattered Thunderstorms Besok Suhu Udara di Rembang Tertinggi 89F dan Terendah 75F. by PT Amir Hajar Kilsi https://t.co/g5VfGVhpxq";0;0;0;0;in;1062896329553207296;1637242001455235076;AmirHajarKilsi;https://twitter.com/AmirHajarKilsi/status/1637242001455235076
Sat Mar 18 23:52:17 +0000 2023;1637240537223958528;"@BisKota_ adakah followersnya yg punya kontak agen kencana rembang?";0;0;1;0;in;307392847;1637240537223958528;ossaosin;https://twitter.com/ossaosin/status/1637240537223958528
Sat Mar 18 23:40:00 +0000 2023;1637237447162732544;"KAKANWIL A YUSPAHRUDDIN KEMENKUMHAM JATENG: Peringati HBP Ke-59, Rutan Rembang Gelar Sepeda Santai Bersama https://t.co/UVgznzlt5A  #KemenkumhamJateng #AYuspahruddin #KumhamPasti @Kemenkumham_RI @kemenkumhamjtg";0;0;0;0;in;1594181621501960192;1637237447162732544;LapasPermisanNK;https://twitter.com/LapasPermisanNK/status/1637237447162732544
Sat Mar 18 23:39:39 +0000 2023;1637237361192083457;"KAKANWIL A YUSPAHRUDDIN KEMENKUMHAM JATENG: Semarak Sepeda Santai Rutan Rembang Dalam Peringatan HBP Ke-59 https://t.co/xTmKg6EjJ9  #KemenkumhamJateng #AYuspahruddin #KumhamPasti @Kemenkumham_RI @kemenkumhamjtg";0;0;0;0;in;1594181621501960192;1637237361192083457;LapasPermisanNK;https://twitter.com/LapasPermisanNK/status/1637237361192083457
Sat Mar 18 22:51:40 +0000 2023;1637225285329522688;"@eyank_utie Rembang Yank 🤗";0;1;0;3;in;1303615921550835712;1637220935265820672;RaniKancana;https://twitter.com/RaniKancana/status/1637225285329522688
Sat Mar 18 22:46:50 +0000 2023;1637224068008267776;"@cantikbgtyampun Rembang? Capek, Yas";0;1;0;0;in;219234187;1637023103627976705;nahlabee_;https://twitter.com/nahlabee_/status/1637224068008267776
Sat Mar 18 22:32:42 +0000 2023;1637220510932303873;"@blackyiee__ @tanyakanrl Bhs pantura nih..pati rembang hehe";0;0;0;0;in;1244971901606187008;1636566800031973381;WidiWah07765751;https://twitter.com/WidiWah07765751/status/1637220510932303873
Sat Mar 18 22:08:54 +0000 2023;1637214521453584384;"@djum__ Rembang punya";0;1;0;0;in;1377690196154621953;1637078358046691328;NK_project24;https://twitter.com/NK_project24/status/1637214521453584384
Sat Mar 18 22:06:32 +0000 2023;1637213927754051584;"aku Jane Yo seneng koe tapi yopie aah mboh lah";0;0;0;0;in;1486669480595890179;1637213927754051584;Rembang_bs;https://twitter.com/Rembang_bs/status/1637213927754051584
Sat Mar 18 22:00:54 +0000 2023;1637212507055206400;"Ojo lungo ya sayang? aku wes nyaman Karo awakmu, aku pengen awakmu dadi seng terakhir";0;0;0;0;in;1486669480595890179;1637212507055206400;Rembang_bs;https://twitter.com/Rembang_bs/status/1637212507055206400
Sat Mar 18 20:22:56 +0000 2023;1637187855373193216;"Sunan Bonang IV alias Sunan Bonang Demak, nama aslinya Sayyid Abdul Malik bin Maulana Ibrahim Pasujudan / Sunan Bonang Rembang bin Maulana Muhammad / Sunan Bonang Bawean bin Maulana Makhdum Ibrahim Sunan Bonang I Tuban, Makamnya ada di Desa Bonang Rejo, Kec. Bonang, Kab. Demak.";0;0;1;13;in;1242311310848581632;1637186707165712384;wong_jahil;https://twitter.com/wong_jahil/status/1637187855373193216
Sat Mar 18 20:22:21 +0000 2023;1637187708144750592;"Sunan Bonang III alias Sunan Bonang Rembang, nama aslinya Raden Ali Zainal Abidin As-Sajjad alias Maulana Ibrahim Pasujudan alias Sunan Bonang III bin Maulana Muhammmad Sunan Bonang II bin Maulana Makhdum Ibrahim Sunan Bonang I Makamnya ada di Desa Bonang, Kec Lasem, Kab. Rembang";0;1;1;13;in;1242311310848581632;1637186707165712384;wong_jahil;https://twitter.com/wong_jahil/status/1637187708144750592
Sat Mar 18 19:45:25 +0000 2023;1637178411633491969;"Selamat Pagi Rembang , Apakah kamu merasa masa kecilmu lebih bahagia dari kebanyakan orang?  Kode Referral Bibit : bonusdaftar  yukgabung kerenin indonesia https://t.co/37KskeGeUA";0;0;0;0;in;1565902685085515777;1637178411633491969;pemburuan6;https://twitter.com/pemburuan6/status/1637178411633491969
Sat Mar 18 18:14:33 +0000 2023;1637155546385223680;"164.KAKANWIL A YUSPAHRUDDIN KEMENKUMHAM JATENG: Peringati HBP Ke-59, Rutan Rembang Gelar Sepeda Santai Bersama https://t.co/Hnyw5MeZt3 #KemenkumhamJateng #AYuspahruddin #KumhamPasti @Kemenkumham_RI @kemenkumhamjtg";0;0;0;0;in;2524075530;1637155546385223680;Bapas_Magelang;https://twitter.com/Bapas_Magelang/status/1637155546385223680
Sat Mar 18 17:01:58 +0000 2023;1637137280359071749;"@_mardial_ Lah, mas bebek (Rembang)";0;0;0;0;in;1211545992555687937;1636918316718772224;dshalomm;https://twitter.com/dshalomm/status/1637137280359071749
Sat Mar 18 16:39:58 +0000 2023;1637131742304964609;"77.KAKANWIL KEMENKUMHAM JATENG A YUSPAHRUDDIN:  Satuan Operasional Kepatuhan Intenal Rutan Rembang Kini Resmi Dikukuhkan - https://t.co/tsdQTL4B54 #KemenkumhamJateng #AYuspahruddin #KumhamPasti @Kemenkumham_RI @kemenkumhamjtg";0;0;0;0;in;2524075530;1637131742304964609;Bapas_Magelang;https://twitter.com/Bapas_Magelang/status/1637131742304964609
Sat Mar 18 16:39:47 +0000 2023;1637131696662511621;"76.KAKANWIL KEMENKUMHAM JATENG A YUSPAHRUDDIN: Pengukuhan Anggota SatOps Patnal Rutan Rembang, Begini Pesan Karutan - https://t.co/Iaf5zizqV9 #KemenkumhamJateng #AYuspahruddin #KumhamPasti @Kemenkumham_RI @kemenkumhamjtg";0;0;0;0;in;2524075530;1637131696662511621;Bapas_Magelang;https://twitter.com/Bapas_Magelang/status/1637131696662511621
Sat Mar 18 16:32:42 +0000 2023;1637129911751303168;"163.KAKANWIL A YUSPAHRUDDIN KEMENKUMHAM JATENG: Semarak Sepeda Santai Rutan Rembang Dalam Peringatan HBP Ke-59 https://t.co/e9Q9TnS8MT #KemenkumhamJateng #AYuspahruddin #KumhamPasti @Kemenkumham_RI @kemenkumhamjtg";0;0;0;0;in;1226712328344752131;1637129911751303168;LapasNk;https://twitter.com/LapasNk/status/1637129911751303168
Sat Mar 18 16:29:35 +0000 2023;1637129128083324929;"164.KAKANWIL A YUSPAHRUDDIN KEMENKUMHAM JATENG: Peringati HBP Ke-59, Rutan Rembang Gelar Sepeda Santai Bersama https://t.co/dZQQiy7Lg8 #KemenkumhamJateng #AYuspahruddin #KumhamPasti @Kemenkumham_RI @kemenkumhamjtg";0;0;0;0;in;1226712328344752131;1637129128083324929;LapasNk;https://twitter.com/LapasNk/status/1637129128083324929
Sat Mar 18 16:16:50 +0000 2023;1637125921709916160;"9.KAKANWIL KEMENKUMHAM JATENG A YUSPAHRUDDIN: Usai Dikukuhkan, SatOps Patnal Rutan Rembang Resmi Bertugas - https://t.co/ah9vNCqGYK #KemenkumhamJateng #AYuspahruddin #KumhamPasti @Kemenkumham_RI @kemenkumhamjtg";0;0;0;0;in;2524075530;1637125921709916160;Bapas_Magelang;https://twitter.com/Bapas_Magelang/status/1637125921709916160
Sat Mar 18 16:16:36 +0000 2023;1637125861676843008;"8.KAKANWIL KEMENKUMHAM JATENG A YUSPAHRUDDIN:  SatOps Patnal Rutan Rembang Resmi Dikukuhkan - https://t.co/QKQHvagUJx #KemenkumhamJateng #AYuspahruddin #KumhamPasti @Kemenkumham_RI @kemenkumhamjtg";0;0;0;0;in;2524075530;1637125861676843008;Bapas_Magelang;https://twitter.com/Bapas_Magelang/status/1637125861676843008
Sat Mar 18 16:16:23 +0000 2023;1637125805607354368;"7.KAKANWIL KEMENKUMHAM JATENG A YUSPAHRUDDIN:  Satuan Operasional Kepatuhan Intenal Rutan Rembang Kini Resmi Dikukuhkan - https://t.co/GFA0CLYosa #KemenkumhamJateng #AYuspahruddin #KumhamPasti @Kemenkumham_RI @kemenkumhamjtg";0;0;0;0;in;2524075530;1637125805607354368;Bapas_Magelang;https://twitter.com/Bapas_Magelang/status/1637125805607354368
Sat Mar 18 16:15:50 +0000 2023;1637125667958689794;"6.KAKANWIL KEMENKUMHAM JATENG A YUSPAHRUDDIN: Pengukuhan Anggota SatOps Patnal Rutan Rembang, Begini Pesan Karutan - https://t.co/Iaf5zizqV9 #KemenkumhamJateng #AYuspahruddin #KumhamPasti @Kemenkumham_RI @kemenkumhamjtg";0;0;0;0;in;2524075530;1637125667958689794;Bapas_Magelang;https://twitter.com/Bapas_Magelang/status/1637125667958689794
Sat Mar 18 15:25:54 +0000 2023;1637113102562099200;"83.KAKANWIL KEMENKUMHAM JATENG A YUSPAHRUDDIN: Bersama TNI-Polri, Rutan Rembang Gelar Pemsyarakatan Bersih-Bersih - https://t.co/wT6u10aMNL? #KemenkumhamJateng #AYuspahruddin #KumhamPasti @Kemenkumham_RI @kemenkumhamjtg";0;0;0;0;in;2526590341;1637113102562099200;rutankudus;https://twitter.com/rutankudus/status/1637113102562099200
Sat Mar 18 15:25:51 +0000 2023;1637113090386055169;"82.KAKANWIL KEMENKUMHAM JATENG A YUSPAHRUDDIN: Peringati HBP Ke-59, Rutan Rembang Gelar Pemasyarakatan Bersih-Bersih - https://t.co/ATJXazbO4C #KemenkumhamJateng #AYuspahruddin #KumhamPasti @Kemenkumham_RI @kemenkumhamjtg";0;0;0;0;in;2526590341;1637113090386055169;rutankudus;https://twitter.com/rutankudus/status/1637113090386055169
Sat Mar 18 15:24:44 +0000 2023;1637112811359969280;"81.KAKANWIL KEMENKUMHAM JATENG A YUSPAHRUDDIN: Rutan Rembang Gelar Pemasyarakatan Bersih-Bersih Bareng TNI-Polri - https://t.co/LPAuwwoKyh #KemenkumhamJateng #AYuspahruddin #KumhamPasti @Kemenkumham_RI @kemenkumhamjtg";0;0;0;0;in;2526590341;1637112811359969280;rutankudus;https://twitter.com/rutankudus/status/1637112811359969280
Sat Mar 18 15:24:35 +0000 2023;1637112772881424385;"80.KAKANWIL KEMENKUMHAM JATENG A YUSPAHRUDDIN:  Rutan Rembang Gandeng TNI-Polri Gelar Pemasyarakatan Bersih-Bersih - https://t.co/IlgEbJdq5L #KemenkumhamJateng #AYuspahruddin #KumhamPasti @Kemenkumham_RI @kemenkumhamjtg";0;0;0;0;in;2526590341;1637112772881424385;rutankudus;https://twitter.com/rutankudus/status/1637112772881424385
Sat Mar 18 15:24:30 +0000 2023;1637112750932652032;"79.KAKANWIL KEMENKUMHAM JATENG A YUSPAHRUDDIN: Usai Dikukuhkan, SatOps Patnal Rutan Rembang Resmi Bertugas - https://t.co/a4EC5fRw1S #KemenkumhamJateng #AYuspahruddin #KumhamPasti @Kemenkumham_RI @kemenkumhamjtg";0;0;0;0;in;2526590341;1637112750932652032;rutankudus;https://twitter.com/rutankudus/status/1637112750932652032
Sat Mar 18 15:24:25 +0000 2023;1637112730669977600;"78.KAKANWIL KEMENKUMHAM JATENG A YUSPAHRUDDIN:  SatOps Patnal Rutan Rembang Resmi Dikukuhkan - https://t.co/GIFGj1eNb1 #KemenkumhamJateng #AYuspahruddin #KumhamPasti @Kemenkumham_RI @kemenkumhamjtg";0;0;0;0;in;2526590341;1637112730669977600;rutankudus;https://twitter.com/rutankudus/status/1637112730669977600
Sat Mar 18 15:24:21 +0000 2023;1637112714823897088;"77.KAKANWIL KEMENKUMHAM JATENG A YUSPAHRUDDIN:  Satuan Operasional Kepatuhan Intenal Rutan Rembang Kini Resmi Dikukuhkan - https://t.co/vUcjsdNQfF #KemenkumhamJateng #AYuspahruddin #KumhamPasti @Kemenkumham_RI @kemenkumhamjtg";0;0;0;0;in;2526590341;1637112714823897088;rutankudus;https://twitter.com/rutankudus/status/1637112714823897088
Sat Mar 18 15:24:16 +0000 2023;1637112691168018432;"76.KAKANWIL KEMENKUMHAM JATENG A YUSPAHRUDDIN: Pengukuhan Anggota SatOps Patnal Rutan Rembang, Begini Pesan Karutan - https://t.co/hcZkyWfRFL #KemenkumhamJateng #AYuspahruddin #KumhamPasti @Kemenkumham_RI @kemenkumhamjtg";0;0;0;0;in;2526590341;1637112691168018432;rutankudus;https://twitter.com/rutankudus/status/1637112691168018432
Sat Mar 18 15:06:08 +0000 2023;1637108129614659586;"VIRAL! PULUHAN CALON JEMAAH UMRAH DARI REMBANG TERLANTAR DI BANDARA YIA https://t.co/6fY2bNrCpM";0;0;0;0;in;223476605;1637108129614659586;tribunjogja;https://twitter.com/tribunjogja/status/1637108129614659586
Sat Mar 18 15:04:56 +0000 2023;1637107826668748800;"Halo #SobATRBPN ,  Berikut kegiatan PELATARAN (Pelayanan Tanah Akhir Pekan) Kantor Pertanahan Kabupaten Rembang pada Sabtu, 18 Maret 2023.  Jam pelayanan PELATARAN : Sabtu - Minggu 09.00 - 12.00  Bagi pemohon yang ingin mengurus sertipikatnya sendiri yaa..  #PELATARAN https://t.co/S73vAj7ld7";0;1;0;0;in;1416195476097953795;1637107826668748800;AtrRembang;https://twitter.com/AtrRembang/status/1637107826668748800
Sat Mar 18 15:02:40 +0000 2023;1637107257203916804;"Halo #SobATRBPN ,  Anda tidak punya waktu mengurus sertipikat pada hari kerja? Jangan khawatir! Kantor Pertanahan Kabupaten Rembang buka pada hari Sabtu - Minggu pukul 09.00 - 12.00 bagi masyarakat yang datang sendiri / tanpa dikuasakan yaaa  Yuk, urus sertipikatmu sendiri! https://t.co/fUimkiPiBG";0;0;0;0;in;1416195476097953795;1637107257203916804;AtrRembang;https://twitter.com/AtrRembang/status/1637107257203916804
Sat Mar 18 14:46:51 +0000 2023;1637103275966361601;"Selain Rembang, bantuan perbaikan jalan juga diberikan kepada daerah lain di seluruh Jawa Tengah https://t.co/Nwku76dwcE";0;0;0;0;in;903229236051247104;1637103275966361601;eradotid;https://twitter.com/eradotid/status/1637103275966361601
Sat Mar 18 14:46:31 +0000 2023;1637103191950262273;"Humblenya Kapolresta Pati saat terobos macet naik trail untuk bagikan ransum nasi bungkus dan minuman kepada temen-temen sopir yang terjebak macet di jalur Pantura Pati-Rembang. Semoga perbaikan jembatan Juwana dan perbaikan ruas jalan di Batangan segera bisa selesai. https://t.co/W1S41Aq50e";1;0;0;8;in;1415875812117520386;1637103191950262273;Polresta_Pati;https://twitter.com/Polresta_Pati/status/1637103191950262273
Sat Mar 18 14:35:05 +0000 2023;1637100316641607681;"Gubernur Jawa Tengah, Ganjar Pranowo kembali melakukan sidak proyek pembangunan Jembatan Juwana Pati.  Usai memimpin Musrenbang Wilayah di Pendapa Kabupaten Rembang, Ganjar sowan ke sejumlah kiai. Setelah itu, Ganjar pulang melewati jalan Pantura Timur yang biasa macet. https://t.co/qkOsWrAOoY";0;1;0;0;in;1479757801299738627;1637100316641607681;4_gp2024;https://twitter.com/4_gp2024/status/1637100316641607681
Sat Mar 18 14:32:30 +0000 2023;1637099665383632896;"Bupati Rembang, Abdul Hafidz mengatakan, kondisi jalan di wilayah Rembang banyak mengalami kerusakan. #SahabatGanjar #Ganjar #ganjarpranowo https://t.co/0pCn5pfTEG";0;0;0;0;in;1479757801299738627;1637099618692657152;4_gp2024;https://twitter.com/4_gp2024/status/1637099665383632896
Sat Mar 18 14:32:19 +0000 2023;1637099618692657152;"Gubernur Jawa Tengah Ganjar Pranowo banyak mendapatkan usulan terkait infrastruktur khususnya perbaikan jalan saat Musrenbang di wilayah Jekutibanglor (Kabupaten Jepara, Kudus, Pati, Rembang dan Blora), di Pendapa Kabupaten Rembang.  #SahabatGanjar #Ganjar #ganjarpranowo https://t.co/DWpM8WvvPC";0;1;0;0;in;1479757801299738627;1637099618692657152;4_gp2024;https://twitter.com/4_gp2024/status/1637099618692657152
Sat Mar 18 14:22:54 +0000 2023;1637097248491462656;"Ganjar Pranowo kembali melakukan sidak proyek pembangunan Jembatan Juwana Pati. Usai memimpin Musrenbang Wilayah di Pendapa Kabupaten Rembang, Ganjar sowan ke sejumlah kiai. Setelah itu, Ganjar pulang melewati jalan Pantura Timur yang biasa macet.  #sahabatganjar #ganjarpranowo https://t.co/ptrojtsYgv";0;0;0;1;in;3757343238;1637097248491462656;SahabatGanjarGK;https://twitter.com/SahabatGanjarGK/status/1637097248491462656
Sat Mar 18 14:10:30 +0000 2023;1637094126754856962;"@ZOO_FESS coba sambil dicari di komunitas jual beli kucing di fb nder, kalo di rembang ada pasar hewan juga coba di survey. bisa jadi dicuri krn mau dijual lagi. beberapa kasus di smg kucingnya ketemu di pasar kartini (pasar hewan)";0;1;0;0;in;1322069180;1637086545202257923;brightdaywinter;https://twitter.com/brightdaywinter/status/1637094126754856962
Sat Mar 18 14:02:04 +0000 2023;1637092006353866752;"Halo #SobATRBPN ,  Bapak Muh. Nurdin, S.T., M.T selaku Kepala Kantor Pertanahan Kabupaten Rembang beserta Bapak Sukur, A.Ptnh., M.H selaku Kepala Subbagian Tata Usaha, Bapak Zaenuri https://t.co/aGfvuWPXra., M.H selaku Kepala Seksi Survei dan Pemetaan, https://t.co/lXccJeXpwJ";0;1;0;0;in;1416195476097953795;1637092006353866752;AtrRembang;https://twitter.com/AtrRembang/status/1637092006353866752
Sat Mar 18 13:59:11 +0000 2023;1637091278591754241;"Gubernur Jawa Tengah Ganjar Pranowo banyak mendapatkan usulan terkait infrastruktur khususnya perbaikan jalan saat Musrenbang di wilayah Jekutibanglor (Kabupaten Jepara, Kudus, Pati, Rembang dan Blora), di Pendapa Kabupaten Rembang.  #SahabatGanjar #Ganjar #ganjarpranowo https://t.co/aFtjoF8jJc";0;0;0;1;in;3757343238;1637091278591754241;SahabatGanjarGK;https://twitter.com/SahabatGanjarGK/status/1637091278591754241
Sat Mar 18 13:18:59 +0000 2023;1637081162492379137;"DPD Jarnas ABW Kabupaten Rembang Jawa Tengah Terima SK Kepengurusan https://t.co/LQT9zogL2A";0;0;4;7;in;1443801854756880385;1637081162492379137;kba_news;https://twitter.com/kba_news/status/1637081162492379137
Sat Mar 18 13:15:18 +0000 2023;1637080235345862656;"@bliblidotcom Rembang #BliMinBeliin #BlibliSelalu";0;0;0;0;in;841262383;1636010360686936065;vinad_bumi;https://twitter.com/vinad_bumi/status/1637080235345862656
Sat Mar 18 12:58:50 +0000 2023;1637076093558734848;"Dah mula sakit kepala, tadi tak beringat duk berjemur bawah matahari rembang koi 12";0;0;0;0;in;1101756917930590208;1637076093558734848;syunotshu;https://twitter.com/syunotshu/status/1637076093558734848
Sat Mar 18 12:50:34 +0000 2023;1637074010411520002;"KAKANWIL A YUSPAHRUDDIN KEMENKUMHAM JATENG: Peringati HBP Ke-59, Rutan Rembang Gelar Sepeda Santai Bersama https://t.co/IgCcj25zOI #KemenkumhamJateng #AYuspahruddin #KumhamPasti @Kemenkumham_RI @kemenkumhamjtg";0;0;0;0;in;3811728372;1637074010411520002;rutanboyolali;https://twitter.com/rutanboyolali/status/1637074010411520002
Sat Mar 18 12:50:24 +0000 2023;1637073970892619778;"KAKANWIL A YUSPAHRUDDIN KEMENKUMHAM JATENG: Semarak Sepeda Santai Rutan Rembang Dalam Peringatan HBP Ke-59 https://t.co/t7J9f3xfnJ #KemenkumhamJateng #AYuspahruddin #KumhamPasti @Kemenkumham_RI @kemenkumhamjtg";0;0;0;0;in;3811728372;1637073970892619778;rutanboyolali;https://twitter.com/rutanboyolali/status/1637073970892619778
Sat Mar 18 12:49:01 +0000 2023;1637073623533117443;"Ganjar Pranowo kembali melakukan sidak proyek pembangunan Jembatan Juwana Pati. Usai memimpin Musrenbang Wilayah di Pendapa Kab.Rembang, Ganjar sowan ke sejumlah kiai. Saat tiba di Pati, Ganjar mendadak belok ke arah jembatan Juwana.   #SahabatGanjar #GanjarUntukIndonesia https://t.co/Mqy7gBg5VY";0;0;0;1;in;1441817047529242627;1637073623533117443;di_dimu54412940;https://twitter.com/di_dimu54412940/status/1637073623533117443
Sat Mar 18 12:47:11 +0000 2023;1637073160117039106;"KAKANWIL KEMENKUMHAM JATENG A YUSPAHRUDDIN: Bersama TNI-Polri, Rutan Rembang Gelar Pemsyarakatan Bersih-Bersih - https://t.co/5SfCSNGLz9? #KemenkumhamJateng #AYuspahruddin #KumhamPasti @Kemenkumham_RI @kemenkumhamjtg";0;0;0;0;in;2524075530;1637073160117039106;Bapas_Magelang;https://twitter.com/Bapas_Magelang/status/1637073160117039106
Sat Mar 18 12:47:05 +0000 2023;1637073136658321408;"KAKANWIL KEMENKUMHAM JATENG A YUSPAHRUDDIN: Peringati HBP Ke-59, Rutan Rembang Gelar Pemasyarakatan Bersih-Bersih - https://t.co/anA8gYpfI3 #KemenkumhamJateng #AYuspahruddin #KumhamPasti @Kemenkumham_RI @kemenkumhamjtg";0;0;0;0;in;2524075530;1637073136658321408;Bapas_Magelang;https://twitter.com/Bapas_Magelang/status/1637073136658321408
Sat Mar 18 12:46:56 +0000 2023;1637073097277964288;"KAKANWIL KEMENKUMHAM JATENG A YUSPAHRUDDIN: Rutan Rembang Gelar Pemasyarakatan Bersih-Bersih Bareng TNI-Polri - https://t.co/WKTgNIqn2O #KemenkumhamJateng #AYuspahruddin #KumhamPasti @Kemenkumham_RI @kemenkumhamjtg";0;0;0;0;in;2524075530;1637073097277964288;Bapas_Magelang;https://twitter.com/Bapas_Magelang/status/1637073097277964288
Sat Mar 18 12:46:51 +0000 2023;1637073075975098368;"KAKANWIL KEMENKUMHAM JATENG A YUSPAHRUDDIN:  Rutan Rembang Gandeng TNI-Polri Gelar Pemasyarakatan Bersih-Bersih - https://t.co/f6x8JbQ93K #KemenkumhamJateng #AYuspahruddin #KumhamPasti @Kemenkumham_RI @kemenkumhamjtg";0;0;0;0;in;2524075530;1637073075975098368;Bapas_Magelang;https://twitter.com/Bapas_Magelang/status/1637073075975098368
Sat Mar 18 12:46:46 +0000 2023;1637073056337399808;"KAKANWIL KEMENKUMHAM JATENG A YUSPAHRUDDIN: Usai Dikukuhkan, SatOps Patnal Rutan Rembang Resmi Bertugas - https://t.co/qkZDtovgYi #KemenkumhamJateng #AYuspahruddin #KumhamPasti @Kemenkumham_RI @kemenkumhamjtg";0;0;0;0;in;2524075530;1637073056337399808;Bapas_Magelang;https://twitter.com/Bapas_Magelang/status/1637073056337399808
Sat Mar 18 12:40:09 +0000 2023;1637071392373088257;"@cerammide rembang😭😔";0;0;0;0;in;1634803729814929409;1637045604986818562;blluezerr;https://twitter.com/blluezerr/status/1637071392373088257
Sat Mar 18 12:19:50 +0000 2023;1637066276433707009;"ミネラルザワールド横浜戦利品 クリスタルワークス@crystalworksjpさんからさらにも一つ インドネシアのカルサイト お花みたいなカルサイト可愛い～からの産地珍し～で即決でした Rembang City, East Java, Indonesia #ミネラルザワールド横浜 https://t.co/NCkYlPVrPJ";0;0;6;48;ja;914440619002679297;1637066276433707009;garakutazakka;https://twitter.com/garakutazakka/status/1637066276433707009
Sat Mar 18 11:53:28 +0000 2023;1637059642714116096;"Bupati Rembang, Abdul Hafidz mengatakan, kondisi jalan di wilayah Rembang banyak mengalami kerusakan.  #SahabatGanjar #Ganjar #ganjarpranowo https://t.co/01uD8FuNi0";0;0;0;1;in;1166532124121239552;1637059527127486465;ririn_said;https://twitter.com/ririn_said/status/1637059642714116096
Sat Mar 18 11:53:01 +0000 2023;1637059527127486465;"Gubernur Jawa Tengah @ganjarpranowo banyak mendapatkan usulan terkait infrastruktur khususnya perbaikan jalan saat Musrenbang di wilayah Jekutibanglor (Kabupaten Jepara, Kudus, Pati, Rembang dan Blora), di Pendapa Kabupaten Rembang. #SahabatGanjar #Ganjar #ganjarpranowo https://t.co/yqoucLlWfx";0;1;2;5;in;1166532124121239552;1637059527127486465;ririn_said;https://twitter.com/ririn_said/status/1637059527127486465
Sat Mar 18 11:32:51 +0000 2023;1637054452212584449;"pembakaran batu bara di PLTU.  Khususnya di Jawa Tengah, PLN mengoperasikan PLTU Tanjung Jati B di Jepara, PLTU Rembang dan PLTU Adipala di Cilacap. PLTU Tanjung Jati B mampu menghasilkan FABA sekitar 359.000 ton per tahun, sementara PLTU Rembang menghasilkan 67.000 ton per tahun";0;1;0;0;in;1389976771;1637053699184021504;BukanRizkyfbian;https://twitter.com/BukanRizkyfbian/status/1637054452212584449
Sat Mar 18 10:28:58 +0000 2023;1637038378322624513;"9.KAKANWIL KEMENKUMHAM JATENG A YUSPAHRUDDIN: Usai Dikukuhkan, SatOps Patnal Rutan Rembang Resmi Bertugas - https://t.co/a4EC5fRw1S #KemenkumhamJateng #AYuspahruddin #KumhamPasti @Kemenkumham_RI @kemenkumhamjtg";0;0;0;0;in;2526590341;1637038378322624513;rutankudus;https://twitter.com/rutankudus/status/1637038378322624513
Sat Mar 18 10:28:52 +0000 2023;1637038354171838466;"8.KAKANWIL KEMENKUMHAM JATENG A YUSPAHRUDDIN:  SatOps Patnal Rutan Rembang Resmi Dikukuhkan - https://t.co/GIFGj1eNb1 #KemenkumhamJateng #AYuspahruddin #KumhamPasti @Kemenkumham_RI @kemenkumhamjtg";0;0;0;0;in;2526590341;1637038354171838466;rutankudus;https://twitter.com/rutankudus/status/1637038354171838466
Sat Mar 18 10:28:50 +0000 2023;1637038342377447424;"7.KAKANWIL KEMENKUMHAM JATENG A YUSPAHRUDDIN:  Satuan Operasional Kepatuhan Intenal Rutan Rembang Kini Resmi Dikukuhkan - https://t.co/2HzaPpKEIj #KemenkumhamJateng #AYuspahruddin #KumhamPasti @Kemenkumham_RI @kemenkumhamjtg";0;0;0;0;in;2526590341;1637038342377447424;rutankudus;https://twitter.com/rutankudus/status/1637038342377447424
Sat Mar 18 10:28:47 +0000 2023;1637038330264297472;"6.KAKANWIL KEMENKUMHAM JATENG A YUSPAHRUDDIN: Pengukuhan Anggota SatOps Patnal Rutan Rembang, Begini Pesan Karutan - https://t.co/hcZkyWfRFL #KemenkumhamJateng #AYuspahruddin #KumhamPasti @Kemenkumham_RI @kemenkumhamjtg";0;0;0;0;in;2526590341;1637038330264297472;rutankudus;https://twitter.com/rutankudus/status/1637038330264297472
Sat Mar 18 10:15:31 +0000 2023;1637034991615082503;"@ABANGDUDA14 @SHBcrypto Ya th lembang Bandung ,,Lembang dgn Rembang beda 🤭🤭🤭🤭";0;0;0;1;in;844206338297159681;1636866233701392384;IInayaturahmah;https://twitter.com/IInayaturahmah/status/1637034991615082503
Sat Mar 18 10:06:48 +0000 2023;1637032800716214272;"17.06: Arus lalu lintas di kawasan Tugu Batik Rembang, Jawa Tengah terpantau ramai lancar. 📹AKM #ElshintaWeekend https://t.co/CueIXqqHPj";0;1;1;4;in;121640063;1637032800716214272;RadioElshinta;https://twitter.com/RadioElshinta/status/1637032800716214272
Sat Mar 18 09:50:34 +0000 2023;1637028712595206145;"@GusKevin4 @alisyarief Proyek wadas... Proyek semen rembang...";0;0;0;1;in;1294807791836651520;1636927135809142786;Paryonotikas1;https://twitter.com/Paryonotikas1/status/1637028712595206145
Sat Mar 18 09:46:54 +0000 2023;1637027789126922241;"@IInayaturahmah @SHBcrypto Oh maaf saya kira rembang bandung😀😀😀";0;1;0;1;in;1535967472859643904;1636866233701392384;ABANGDUDA14;https://twitter.com/ABANGDUDA14/status/1637027789126922241
Sat Mar 18 09:25:45 +0000 2023;1637022469335953408;"Parpol di Rembang Angkat Bicara Terkait Isu Penundaan Pemilu #nurfmrembang https://t.co/08OY0qfTFj";0;0;0;1;in;3063085603;1637022469335953408;nurfmrembang;https://twitter.com/nurfmrembang/status/1637022469335953408
Sat Mar 18 09:17:46 +0000 2023;1637020460138242050;"KAKANWIL KEMENKUMHAM JATENG A YUSPAHRUDDIN: Usai Dikukuhkan, SatOps Patnal Rutan Rembang Resmi Bertugas -  https://t.co/1NFvYMZRWg #KemenkumhamJateng #AYuspahruddin #KumhamPasti @Kemenkumham_RI @kemenkumhamjtg";0;0;0;0;in;2366534948;1637020460138242050;bapaspati;https://twitter.com/bapaspati/status/1637020460138242050
Sat Mar 18 09:17:46 +0000 2023;1637020457827221508;"KAKANWIL KEMENKUMHAM JATENG A YUSPAHRUDDIN: SatOps Patnal Rutan Rembang Resmi Dikukuhkan -  https://t.co/JFicoLvXiU #KemenkumhamJateng #AYuspahruddin #KumhamPasti @Kemenkumham_RI @kemenkumhamjtg";0;0;0;0;in;2366534948;1637020457827221508;bapaspati;https://twitter.com/bapaspati/status/1637020457827221508
Sat Mar 18 09:17:45 +0000 2023;1637020455423885315;"KAKANWIL KEMENKUMHAM JATENG A YUSPAHRUDDIN: Pengukuhan Anggota SatOps Patnal Rutan Rembang, Begini Pesan Karutan -  https://t.co/gWPflnP8nC #KemenkumhamJateng #AYuspahruddin #KumhamPasti @Kemenkumham_RI @kemenkumhamjtg";0;0;0;0;in;2366534948;1637020455423885315;bapaspati;https://twitter.com/bapaspati/status/1637020455423885315
Sat Mar 18 09:15:22 +0000 2023;1637019854678147073;"Gubernur Jawa Tengah Ganjar Pranowo memimpin langsung Musrenbangwil Jekutibanglor (Jepara, Kudus, Pati, Rembang dan Blora). Dalam Musrenbangwil tersebut, Gajar menerima lebih dari 14.717 usulan masyarakat.  #GanjarKunciRISejahtera https://t.co/ir5DtrC8wz";1;0;0;1;in;1315432245813940224;1637019854678147073;blackadenium;https://twitter.com/blackadenium/status/1637019854678147073
Sat Mar 18 09:13:27 +0000 2023;1637019372094124033;"KAKANWIL KEMENKUMHAM JATENG A YUSPAHRUDDIN: Bersama TNI-Polri, Rutan Rembang Gelar Pemsyarakatan Bersih-Bersih - https://t.co/PNJsw6bobF? #KemenkumhamJateng #AYuspahruddin #KumhamPasti @Kemenkumham_RI @kemenkumhamjtg,";0;0;0;0;in;2492210532;1637019372094124033;lapasklaten;https://twitter.com/lapasklaten/status/1637019372094124033
Sat Mar 18 09:13:23 +0000 2023;1637019354931003392;"KAKANWIL KEMENKUMHAM JATENG A YUSPAHRUDDIN: Peringati HBP Ke-59, Rutan Rembang Gelar Pemasyarakatan Bersih-Bersih - https://t.co/IAINIuyRO7 #KemenkumhamJateng #AYuspahruddin #KumhamPasti @Kemenkumham_RI @kemenkumhamjtg,";0;0;0;0;in;2492210532;1637019354931003392;lapasklaten;https://twitter.com/lapasklaten/status/1637019354931003392
Sat Mar 18 09:12:53 +0000 2023;1637019231559782400;"Ngelist kegiatan semingguan ini: Selasa, kegiatan rapat di RM. Rembang Rabu, kegiatan BdL di Kajoran dr pagi-siang, siang-sore Terapi ES Kamis, kegiatan rapat kurikulum dr pagi-siang, siang-sore rapat OPS Jumat, kegiatan di sekolah, sore terapi ES Sabtu, rapat OPS, sore kontrol";0;0;0;0;in;968475913;1637019231559782400;cahya_chan2;https://twitter.com/cahya_chan2/status/1637019231559782400
Sat Mar 18 09:11:22 +0000 2023;1637018847772569601;"KAKANWIL KEMENKUMHAM JATENG A YUSPAHRUDDIN: Usai Dikukuhkan, SatOps Patnal Rutan Rembang Resmi Bertugas - https://t.co/pHldnXc4L8 #KemenkumhamJateng #AYuspahruddin #KumhamPasti @Kemenkumham_RI @kemenkumhamjtg,";0;0;0;0;in;2492210532;1637018847772569601;lapasklaten;https://twitter.com/lapasklaten/status/1637018847772569601
Sat Mar 18 09:11:18 +0000 2023;1637018830592679936;"KAKANWIL KEMENKUMHAM JATENG A YUSPAHRUDDIN:  SatOps Patnal Rutan Rembang Resmi Dikukuhkan - https://t.co/jQd4Eq33va #KemenkumhamJateng #AYuspahruddin #KumhamPasti @Kemenkumham_RI @kemenkumhamjtg";0;0;0;0;in;2492210532;1637018830592679936;lapasklaten;https://twitter.com/lapasklaten/status/1637018830592679936
Sat Mar 18 09:11:14 +0000 2023;1637018814637305856;"KAKANWIL KEMENKUMHAM JATENG A YUSPAHRUDDIN:  Satuan Operasional Kepatuhan Intenal Rutan Rembang Kini Resmi Dikukuhkan - https://t.co/I0eAFWe5QW #KemenkumhamJateng #AYuspahruddin #KumhamPasti @Kemenkumham_RI @kemenkumhamjtg";0;0;0;0;in;2492210532;1637018814637305856;lapasklaten;https://twitter.com/lapasklaten/status/1637018814637305856
Sat Mar 18 08:56:58 +0000 2023;1637015224992641026;"KAKANWIL KEMENKUMHAM JATENG A YUSPAHRUDDIN: Bersama TNI-Polri, Rutan Rembang Gelar Pemsyarakatan Bersih-Bersih -  https://t.co/isNsrpD73b? #KemenkumhamJateng #AYuspahruddin #KumhamPasti @Kemenkumham_RI @kemenkumhamjtg";0;0;0;0;in;2366534948;1637015224992641026;bapaspati;https://twitter.com/bapaspati/status/1637015224992641026
Sat Mar 18 08:56:58 +0000 2023;1637015222622846976;"KAKANWIL KEMENKUMHAM JATENG A YUSPAHRUDDIN: Peringati HBP Ke-59, Rutan Rembang Gelar Pemasyarakatan Bersih-Bersih -  https://t.co/kPPlMXVrh9 #KemenkumhamJateng #AYuspahruddin #KumhamPasti @Kemenkumham_RI @kemenkumhamjtg";0;0;0;0;in;2366534948;1637015222622846976;bapaspati;https://twitter.com/bapaspati/status/1637015222622846976
Sat Mar 18 08:56:57 +0000 2023;1637015220336902145;"KAKANWIL KEMENKUMHAM JATENG A YUSPAHRUDDIN: Rutan Rembang Gelar Pemasyarakatan Bersih-Bersih Bareng TNI-Polri -  https://t.co/o0zkr7V7Wm #KemenkumhamJateng #AYuspahruddin #KumhamPasti @Kemenkumham_RI @kemenkumhamjtg";0;0;0;0;in;2366534948;1637015220336902145;bapaspati;https://twitter.com/bapaspati/status/1637015220336902145
Sat Mar 18 08:56:56 +0000 2023;1637015217908375554;"KAKANWIL KEMENKUMHAM JATENG A YUSPAHRUDDIN: Rutan Rembang Gandeng TNI-Polri Gelar Pemasyarakatan Bersih-Bersih -  https://t.co/MwKVDgsPoj #KemenkumhamJateng #AYuspahruddin #KumhamPasti @Kemenkumham_RI @kemenkumhamjtg";0;0;0;0;in;2366534948;1637015217908375554;bapaspati;https://twitter.com/bapaspati/status/1637015217908375554
Sat Mar 18 08:56:55 +0000 2023;1637015210258055171;"KAKANWIL KEMENKUMHAM JATENG A YUSPAHRUDDIN: Satuan Operasional Kepatuhan Intenal Rutan Rembang Kini Resmi Dikukuhkan -  https://t.co/Ou74T2MNgo #KemenkumhamJateng #AYuspahruddin #KumhamPasti @Kemenkumham_RI @kemenkumhamjtg";0;0;0;0;in;2366534948;1637015210258055171;bapaspati;https://twitter.com/bapaspati/status/1637015210258055171
Sat Mar 18 08:56:17 +0000 2023;1637015053391020034;"KAKANWIL KEMENKUMHAM JATENG A YUSPAHRUDDIN: Usai Dikukuhkan, SatOps Patnal Rutan Rembang Resmi Bertugas -  https://t.co/o2M6PiW819 #KemenkumhamJateng #AYuspahruddin #KumhamPasti @Kemenkumham_RI @kemenkumhamjtg";0;0;0;0;in;2366534948;1637015053391020034;bapaspati;https://twitter.com/bapaspati/status/1637015053391020034
Sat Mar 18 08:56:17 +0000 2023;1637015051176488960;"KAKANWIL KEMENKUMHAM JATENG A YUSPAHRUDDIN: SatOps Patnal Rutan Rembang Resmi Dikukuhkan -  https://t.co/YGbpHiAia0 #KemenkumhamJateng #AYuspahruddin #KumhamPasti @Kemenkumham_RI @kemenkumhamjtg";0;0;0;0;in;2366534948;1637015051176488960;bapaspati;https://twitter.com/bapaspati/status/1637015051176488960
Sat Mar 18 08:56:16 +0000 2023;1637015048982786049;"KAKANWIL KEMENKUMHAM JATENG A YUSPAHRUDDIN: Satuan Operasional Kepatuhan Intenal Rutan Rembang Kini Resmi Dikukuhkan -  https://t.co/3qM0ot7mRm #KemenkumhamJateng #AYuspahruddin #KumhamPasti @Kemenkumham_RI @kemenkumhamjtg";0;0;0;0;in;2366534948;1637015048982786049;bapaspati;https://twitter.com/bapaspati/status/1637015048982786049
Sat Mar 18 08:56:16 +0000 2023;1637015046692691968;"KAKANWIL KEMENKUMHAM JATENG A YUSPAHRUDDIN: Pengukuhan Anggota SatOps Patnal Rutan Rembang, Begini Pesan Karutan -  https://t.co/pwqpBRYfaf #KemenkumhamJateng #AYuspahruddin #KumhamPasti @Kemenkumham_RI @kemenkumhamjtg";0;0;0;0;in;2366534948;1637015046692691968;bapaspati;https://twitter.com/bapaspati/status/1637015046692691968
Sat Mar 18 08:36:34 +0000 2023;1637010091517050880;"@IInayaturahmah @SHBcrypto Oh rembang bandung.";0;1;0;1;in;1535967472859643904;1636866233701392384;ABANGDUDA14;https://twitter.com/ABANGDUDA14/status/1637010091517050880
Sat Mar 18 08:35:05 +0000 2023;1637009718471462913;"@ABANGDUDA14 @SHBcrypto Saya orang Rembang bang";0;1;0;1;in;844206338297159681;1636866233701392384;IInayaturahmah;https://twitter.com/IInayaturahmah/status/1637009718471462913
Sat Mar 18 08:03:37 +0000 2023;1637001799684231168;"Puluhan calon jemaah umrah itu ditipu oleh sebuah agen perjalanan paket umrah yang beralamat di Rembang, Jawa Tengah. #publisherstory #tugujogja https://t.co/ddqpId0w0m";0;0;0;1;in;759692754985242625;1637001799684231168;kumparan;https://twitter.com/kumparan/status/1637001799684231168
Sat Mar 18 07:43:53 +0000 2023;1636996831220740096;"KAKANWIL KEMENKUMHAM JATENG A YUSPAHRUDDIN: Usai Dikukuhkan, SatOps Patnal Rutan Rembang Resmi Bertugas - https://t.co/ZLp3bBupdz #KemenkumhamJateng #AYuspahruddin #KumhamPasti @Kemenkumham_RI @kemenkumhamjtg";0;0;0;0;in;1226712328344752131;1636996831220740096;LapasNk;https://twitter.com/LapasNk/status/1636996831220740096
Sat Mar 18 07:43:33 +0000 2023;1636996746911031297;"KAKANWIL KEMENKUMHAM JATENG A YUSPAHRUDDIN:  SatOps Patnal Rutan Rembang Resmi Dikukuhkan - https://t.co/12TNMxKVkj #KemenkumhamJateng #AYuspahruddin #KumhamPasti @Kemenkumham_RI @kemenkumhamjtg";0;0;0;0;in;1226712328344752131;1636996746911031297;LapasNk;https://twitter.com/LapasNk/status/1636996746911031297
Sat Mar 18 07:43:13 +0000 2023;1636996665759666176;"KAKANWIL KEMENKUMHAM JATENG A YUSPAHRUDDIN:  Satuan Operasional Kepatuhan Intenal Rutan Rembang Kini Resmi Dikukuhkan - https://t.co/2LYweBRJJ3 #KemenkumhamJateng #AYuspahruddin #KumhamPasti @Kemenkumham_RI @kemenkumhamjtg";0;0;0;0;in;1226712328344752131;1636996665759666176;LapasNk;https://twitter.com/LapasNk/status/1636996665759666176
Sat Mar 18 07:42:57 +0000 2023;1636996599388991495;"Udan e deres tenan Rep muleh rembang kok males nek bungur e 😇😇";0;0;0;0;in;1413436820063330304;1636996599388991495;ferrock91;https://twitter.com/ferrock91/status/1636996599388991495
Sat Mar 18 07:16:57 +0000 2023;1636990054253076480;"KAKANWIL KEMENKUMHAM JATENG A YUSPAHRUDDIN: Peringati HBP Ke-59, Rutan Rembang Gelar Pemasyarakatan Bersih-Bersih - https://t.co/ngYz0KEhIR #KemenkumhamJateng #AYuspahruddin #KumhamPasti @Kemenkumham_RI @kemenkumhamjtg";0;0;0;0;in;3811728372;1636990054253076480;rutanboyolali;https://twitter.com/rutanboyolali/status/1636990054253076480
Sat Mar 18 06:46:40 +0000 2023;1636982435169837057;"Ganjar banyak mendapatkan usulan terkait infrastruktur khususnya perbaikan jalan saat Musrenbang di wilayah Jekutibanglor di Pendapa Kabupaten Rembang.  Kiky Bencong Nakes Boti Pecat Daddies https://t.co/u6Lax6VfAa";0;0;1;1;in;1554701029949997056;1636982435169837057;Gabriel88675620;https://twitter.com/Gabriel88675620/status/1636982435169837057
Sat Mar 18 06:44:06 +0000 2023;1636981787921625088;"@malokalasem @KunciRembang dolan rembang yo ngrawon tah tuyuhan leh 😁😁";0;1;0;0;in;56637619;1636926381270638592;dusone;https://twitter.com/dusone/status/1636981787921625088
Sat Mar 18 06:26:59 +0000 2023;1636977480119758848;"Personil Polsek Rembang hadir di tengah masyarakat, memberi himbauan kamtibmas kepada pedagang pasar Rembang, ikut berperan aktif menjaga situasi kamtibmas serta menjaga ketertiban dan kebersihan pasar Rembang https://t.co/RxFVr4kLJj";0;0;0;0;in;1588025473547657216;1636977480119758848;POLSEKREMBANG3;https://twitter.com/POLSEKREMBANG3/status/1636977480119758848
