created_at;id_str;full_text;quote_count;reply_count;retweet_count;favorite_count;lang;user_id_str;conversation_id_str;username;tweet_url
Thu Oct 19 22:41:49 +0000 2023;1715136197344063945;"@OposisiCerdas Rekam jejaknya di benci warga Rempang....Di sukai penikmat 349 T. yg lainnya tidak di sukai Krn good job";0;0;0;0;in;1502368658290769920;1715018243184972235;donad4656;https://twitter.com/donad4656/status/1715136197344063945
Thu Oct 19 22:40:48 +0000 2023;1715135938882613680;"@repim83 Asal jangan org2 dari klompok DINASTI yg hanya ingin menang  &amp  berkuasa, appn alasannya, itu hayalah kjahatan besar yg mrusak nilai demokrasi yg untungkan diri, kluarga &amp  para oligarki pndukung yg slama ini bersamanya, jangan ada lagi investasi oligarki yg sakiti rakyat (Rempang)";0;0;0;0;in;1081371921864830976;1714643870351310876;TerunaPertiwi;https://twitter.com/TerunaPertiwi/status/1715135938882613680
Thu Oct 19 22:40:37 +0000 2023;1715135895467360501;"@TuaGilaReborn di bio ada bendera merah putih, eh malah jadi buzzer Tiongkok dan mendukung Rempang dijual ke RRC";0;0;0;0;in;1667460673436270594;1714946740049301879;elde_barge;https://twitter.com/elde_barge/status/1715135895467360501
Thu Oct 19 22:38:15 +0000 2023;1715135300601786569;"Bagian ome tv pemain sepak bola https://t.co/4OZXQ4dTOs  https://t.co/n7gmU1hoX7  https://t.co/vPOgckzYO0  https://t.co/rBZSfFrxXY  https://t.co/DCzqzwGQFd  Rempang Arhan Messi #MUFC #GOAT𓃵 #Netflix https://t.co/VLa01Jfry6";12;13;21;39;in;365065402;1715135300601786569;damienkimbrough;https://twitter.com/damienkimbrough/status/1715135300601786569
Thu Oct 19 22:26:52 +0000 2023;1715132435414003793;"Dino iki meh jumatan ning rembang moga wae ktmu gusmus trs lanjut solo";0;0;0;0;in;2949162048;1715132435414003793;legalpvnk;https://twitter.com/legalpvnk/status/1715132435414003793
Thu Oct 19 22:18:04 +0000 2023;1715130220083323249;"@rahmaniarbaftim @xix0_3 @stacitarpeta18 @St4ndWithMe @Abdoeljegger202 @AbdulRachimmks @AdamVelcro @Adribarza1 @Almudattsir @AlwiHusin @21_mozza Sekarang aja dia ngga bisa melindungi rakyat rempang";0;1;1;5;in;1486631613932834819;1715108919423680543;jari_droid;https://twitter.com/jari_droid/status/1715130220083323249
Thu Oct 19 22:13:21 +0000 2023;1715129033183412501;"@ZainabRasyidah Kebiadaban di Rempang dipamerkan Keserakahan di Wadas Kendeng diwariskan UU Ciptaneraka dilanjutkan Sementara petani menderita ketika harga beras naik JAMPUD.... ! https://t.co/HSpMCBAqir";0;0;0;1;in;1603637857654296576;1715117653776605406;SSukasim;https://twitter.com/SSukasim/status/1715129033183412501
Thu Oct 19 22:11:01 +0000 2023;1715128444017881519;"@kompascom Wadas Rempang";0;0;0;0;in;880901825750106112;1714918339095797997;iyok_26;https://twitter.com/iyok_26/status/1715128444017881519
Thu Oct 19 22:08:47 +0000 2023;1715127882958475739;"@VIVAcoid Wadas Rempang";0;0;0;0;in;880901825750106112;1714941772382777576;iyok_26;https://twitter.com/iyok_26/status/1715127882958475739
Thu Oct 19 22:08:07 +0000 2023;1715127715236561044;"@detikcom Wadas Rempang";0;0;0;0;in;880901825750106112;1714931894775664662;iyok_26;https://twitter.com/iyok_26/status/1715127715236561044
Thu Oct 19 22:06:13 +0000 2023;1715127237492793347;"@tvOneNews Mulaikkkk, petugas partai yg dulu juga bilang dulu miskin &amp  pernah digusur eehhh rempang juga digusur mana lebih kejam smpe tutup akses sekolah &amp  kesehatan";0;0;1;1;in;1616133528475041792;1714884982500683965;Tutik93287999;https://twitter.com/Tutik93287999/status/1715127237492793347
Thu Oct 19 22:05:57 +0000 2023;1715127168022564892;"@hasyimmah Mahfudz oMDo: kanjuruhan, wadas, rempang, 350T.";0;0;0;0;in;951952690111594496;1714799390769270992;NgilmuKantiLaku;https://twitter.com/NgilmuKantiLaku/status/1715127168022564892
Thu Oct 19 22:00:46 +0000 2023;1715125865091334293;"@RagilSemar Opungku gmn kabarnya gong,,  Update ya,,  Kangen nih,,  Pingin lihat buldozer di rempang..";0;1;0;1;in;1657769430934523906;1715110103299641444;PetaniSawitKT;https://twitter.com/PetaniSawitKT/status/1715125865091334293
Thu Oct 19 21:57:57 +0000 2023;1715125156681859526;"@daeng_embang Next daerah mana lagi nih yg akan di Rempang kan🤭";0;0;0;1;in;1578899563238170625;1714903006586851778;AdhiRyansah;https://twitter.com/AdhiRyansah/status/1715125156681859526
Thu Oct 19 21:51:21 +0000 2023;1715123496748245306;"@eindro76 @BosPurwa Jeritan Rempang Jeritan petani sawit Jeritan petani di tengah kenaikan harga beras JAMPUD !";0;0;0;0;in;1603637857654296576;1714896393528320047;SSukasim;https://twitter.com/SSukasim/status/1715123496748245306
Thu Oct 19 20:33:29 +0000 2023;1715103901618446717;"Update Pergeseran Warga Rempang, Sudah 52 KK Pindah ke Hunian Sementara https://t.co/dIgwLVWm6X #News #Berita #Kabar #Popular #klikwarta #InfoMasyarakat #viral #beritaterkini";0;0;0;0;in;823779030767833088;1715103901618446717;klikwarta_com;https://twitter.com/klikwarta_com/status/1715103901618446717
Thu Oct 19 20:21:33 +0000 2023;1715100896504484341;"Thohir ato gibran? Thohir gerak di blkng. Jika cebong pingin bgt, maju gibran, thohir ttp d blkg ngerjain semua urusan luhut. Reklamasi, moblis, hybrid pangan, proyek kanker dgn alasan cuaca panas &lt ------ berhubungan dgn rempang";0;0;0;1;in;621287495;1715100896504484341;Knowyourenemyz;https://twitter.com/Knowyourenemyz/status/1715100896504484341
Thu Oct 19 19:36:45 +0000 2023;1715089622416646348;"@killthedj Jika memang pure penolakan GP atas nama kemanusiaan dll, kenapa GP tidak menolak kekerasan di Wadas, Meruyan, Rempang?";0;0;0;0;in;560987687;1715082640930550275;maspiqi;https://twitter.com/maspiqi/status/1715089622416646348
Thu Oct 19 19:29:36 +0000 2023;1715087821210587149;"@Uki23 Orang rempang ngakak ga ya liat cuitan ini????";0;0;0;0;in;1531420107406454784;1714749319960752213;ecilox;https://twitter.com/ecilox/status/1715087821210587149
Thu Oct 19 19:18:03 +0000 2023;1715084914549502330;"Ingat bahwa @mohmahfudmd menganggap sebagian daerah yg dianggap fanatik dg Islam adalah daerah aliran keras. Iblis memang suka berperan seolah2 bagaikan malaikat yg baik, namun sebaliknya dia adalah makhluk yg paling kejam sehingga mampu melihat rakyat di Rempang terus menderita";0;0;0;0;in;1692149386426609664;1715084914549502330;tolol_bajingan;https://twitter.com/tolol_bajingan/status/1715084914549502330
Thu Oct 19 19:05:34 +0000 2023;1715081773846261823;"@M45Broo Karena yg di"jual" AMIN itu gagasan, isi otak dan prestasi  Ya kali yg di"jual" istri, buat narik simpati?? Mana prestasi? Wadas? Kanjuruhan? Rempang?  Receh bener.   #AniesMuhaimin2024 #AminPalingSiapUntukIndonesia";0;8;1;19;in;303620172;1715001612291506293;Radjahoki_pro;https://twitter.com/Radjahoki_pro/status/1715081773846261823
Thu Oct 19 18:58:26 +0000 2023;1715079979581747476;"@killthedj Jika memang anti terhadap segala bentuk penindasan mengapa dia diam ketika ada kasus Wadas, Meruyan, Rempang, dll.";1;3;0;1;in;560987687;1715074043727228957;maspiqi;https://twitter.com/maspiqi/status/1715079979581747476
Thu Oct 19 18:09:51 +0000 2023;1715067754049614096;"omeprazole LebihAdem LebihPakbowo imroatus alphard pagiii skck milkuat gilbran guru orang baik pilih orang baik mamat link shopee gofud capres angel eyes cegil renjun hotel sultan fisip ui bocah kpai ibu kota negara rempang  🛒https://t.co/dTeHTprilT https://t.co/l8KcOuGHgl";0;0;0;0;in;885412627169460224;1715067754049614096;koesuma22;https://twitter.com/koesuma22/status/1715067754049614096
Thu Oct 19 17:57:45 +0000 2023;1715064710146715858;"@Tita83079013 @jembersolo @jokowi Ngomong HUMANITER tapi mengusir rakyatnya sendiri di Rempang.";0;0;0;0;in;3367645213;1715003937089306669;inong911;https://twitter.com/inong911/status/1715064710146715858
Thu Oct 19 17:49:37 +0000 2023;1715062660499419561;"gilbran guru orang baik pilih orang baik mamat link shopee gofud capres mohaimin iskandar sore pengangguran ibu kota negara rempang school 2015 pramuka fokus real life pagi-pagi gen z cilacap cpns kebayoran lama whoosh 🔗https://t.co/z1FpIafA1R https://t.co/dxDqQGPKBo";0;0;0;0;in;885412627169460224;1715062660499419561;koesuma22;https://twitter.com/koesuma22/status/1715062660499419561
Thu Oct 19 17:44:02 +0000 2023;1715061256263201128;"riku kades megumi firli guru gemes petualangan sherina 2 angel eyes himawari minion cegil renjun hotel sultan fisip ui bocah kpai ibu kota negara rempang school 2015 pramuka fokus real life capres  🔗https://t.co/ggoYoLQWnb https://t.co/7Jn8o4ouXw";0;0;0;0;in;885412627169460224;1715061256263201128;koesuma22;https://twitter.com/koesuma22/status/1715061256263201128
Thu Oct 19 17:36:24 +0000 2023;1715059335435546717;"Pelda Nurwahid, Anggota dari Koramil 12/Rembang Hadiri Pembagian Bantuan Pangan Program Pemerintah dalam Penurunan Stunting https://t.co/6BhsEDH8ZV";0;0;0;0;in;1698297307744333824;1715059335435546717;radarnkri306;https://twitter.com/radarnkri306/status/1715059335435546717
Thu Oct 19 17:28:36 +0000 2023;1715057372761321695;"@ekowboy2 CAWAPRES NYA pendukung Penggusuran Rempang..  CAPRESNYA HOBBY NONTON FILM PORNO..   Nggak bahaya tah...? 🤣😂";0;1;0;0;in;555944814;1715037837857583574;mariadi63425147;https://twitter.com/mariadi63425147/status/1715057372761321695
Thu Oct 19 17:28:03 +0000 2023;1715057236236742877;"📍Barix coffee and barber, Rembang. https://t.co/StI49xdaW3";0;1;0;1;en;1182488235508813825;1672148052185092096;elelwayy;https://twitter.com/elelwayy/status/1715057236236742877
Thu Oct 19 17:27:55 +0000 2023;1715057200543215882;"@DarsAlexandra1 @patualanggaAsse coba liat ini bang pandangan Anies soal rempang  https://t.co/CXUD8k26lx";0;1;0;1;in;303620172;1715012930574647701;Radjahoki_pro;https://twitter.com/Radjahoki_pro/status/1715057200543215882
Thu Oct 19 17:06:06 +0000 2023;1715051711033946454;"@txtdrpemerintah Aku akan ingat omongan dia soal Rempang  F*ck";0;0;0;0;in;113381564;1714943405187629541;setia_purnama;https://twitter.com/setia_purnama/status/1715051711033946454
Thu Oct 19 16:56:55 +0000 2023;1715049398256971836;"@brother_djon Saya pilih Orang yg tdk punya cacat akhlak di masa lalu, dan bebas dari perkacungan aseng dan asing , apalagi Dikacungin sama nenek tua...  Orangnya cerdas, tegas, berpihak pada rakyat , tdk menindas rakyat rempang,wadas, dan yg lainnya dgn alasan investasi dan tata kota ...";0;0;0;0;in;1349352585669484544;1714485498415374830;suryolaksono97;https://twitter.com/suryolaksono97/status/1715049398256971836
Thu Oct 19 16:40:16 +0000 2023;1715045210949066938;"Pelda Nurwahid, Anggota dari Koramil 12/Rembang Hadiri Pembagian Bantuan Pangan Program Pemerintah dalam Penurunan Stunting https://t.co/Np5mT4a0nm";0;0;0;0;in;1605445136107728896;1715045210949066938;Patrolihukum301;https://twitter.com/Patrolihukum301/status/1715045210949066938
Thu Oct 19 16:39:11 +0000 2023;1715044935177806227;"@PDI_Perjuangan soal rempang dia kemana aja. sudah menginjak harkat melayu";0;0;0;0;in;1528034774601715712;1714625094818079126;ArfiChaniago;https://twitter.com/ArfiChaniago/status/1715044935177806227
Thu Oct 19 16:31:24 +0000 2023;1715042977188573566;"@OposisiCerdas Memang betul,rekam jejak yg jelas soal duit 349 triliun di mengkeu,dan tanah rempang.";0;0;0;3;in;1468914431090315268;1715018243184972235;PeriArdian2;https://twitter.com/PeriArdian2/status/1715042977188573566
Thu Oct 19 16:30:16 +0000 2023;1715042693058060417;"@DisyaAgusti GaMau berubah ya pajak akan di berlakukan di semua lini , pertalite akan langka akhirnya wajib Pertamax , gas melon 🍈 bakal lenyap , kasus Wadas , kasus Rempang akan lanjut. Mau di lanjutkan??? Serius";0;3;0;1;in;1064548633440215040;1714931196663316965;eagle_warriors;https://twitter.com/eagle_warriors/status/1715042693058060417
Thu Oct 19 16:29:58 +0000 2023;1715042618110103852;"#AniesMuhaimin2024 Rempang";0;0;0;1;in;1670070721186529280;1715042618110103852;joko_ngiboel;https://twitter.com/joko_ngiboel/status/1715042618110103852
Thu Oct 19 16:29:37 +0000 2023;1715042530818146694;"#AniesMuhaimin2024 Rempang";0;0;0;0;in;1670070721186529280;1715042530818146694;joko_ngiboel;https://twitter.com/joko_ngiboel/status/1715042530818146694
Thu Oct 19 16:28:52 +0000 2023;1715042339125874824;"@Nicho_Silalahi Idiot melebihi kerbau ini anak babi hutan, yg mengusir orang rempang dr tanah mrk sapa anjing idiot🙄 Kau itu cuma smpah peduli apa dgn warga rempang";0;0;0;0;in;1198814304369139712;1714492768742228135;freddyarjuna;https://twitter.com/freddyarjuna/status/1715042339125874824
Thu Oct 19 16:20:00 +0000 2023;1715040107911430177;"💚 gaes, absen dong yg dom nya di pulau Jawa. Mana aja yg udah hujan?   Sender dom Rembang, Jateng masih gerah banget 😭";0;8;0;1;in;1331650559518990336;1715040107911430177;tanyakanrl;https://twitter.com/tanyakanrl/status/1715040107911430177
Thu Oct 19 16:17:00 +0000 2023;1715039352529797518;"@jokowi Rempang gimana co 🙂";0;0;0;0;in;1590645566219767808;1714949968119976036;abcderis21;https://twitter.com/abcderis21/status/1715039352529797518
Thu Oct 19 16:13:09 +0000 2023;1715038384257921341;"Kasus rempang adalah perampasan tanah rakyat berkedok investasi oleh para cukong bos pejabar² dan politisi partai. Dimana kah Suara orang² yg selalu teriak saya NKRI harga mati kini dipertanyakan @PdiperjuanganP https://t.co/lhN8BJ1RB0";1;2;36;74;in;1129672753651388416;1715038384257921341;H4T14K4LN4L42;https://twitter.com/H4T14K4LN4L42/status/1715038384257921341
Thu Oct 19 16:12:37 +0000 2023;1715038251613106683;"@Tan_Mar3M CAWAPRES NYA pendukung Penggusuran Rempang..  CAPRESNYA HOBBY NONTON FILM PORNO..   Nggak bahaya tah...? 🤣😂  https://t.co/d6KpaBPwv8";0;1;0;2;in;555944814;1715026601698890193;mariadi63425147;https://twitter.com/mariadi63425147/status/1715038251613106683
Thu Oct 19 16:12:22 +0000 2023;1715038187607994586;"#AniesMuhaimin2024 Rempang";0;0;0;0;in;1670070721186529280;1715038187607994586;joko_ngiboel;https://twitter.com/joko_ngiboel/status/1715038187607994586
Thu Oct 19 16:11:25 +0000 2023;1715037947916091446;"@Cabekiloan @GunRomli Ybs dg pengetahuan hukumnya bukan membela masy rempang justru membela kepentingan Tommy Winata.";0;0;0;0;in;303620172;1714819664923308541;Radjahoki_pro;https://twitter.com/Radjahoki_pro/status/1715037947916091446
Thu Oct 19 16:08:15 +0000 2023;1715037151916953831;"@VIVAcoid Ratu adil??? Adilnya dimana?? Emang seadil apa saat ganjar 2 periode jd gubernur di jateng??? Kendeng, wadas apa kabar?! Mpud: kasus rempang, harun masiku, duit 349T, hukuman koruptor di sunat besar2an bahkan ada yg di vonis bebas etc piye kui?? Ratu amburadul";0;0;0;4;in;894085686470483968;1714997480260248028;wahyu_djanti88;https://twitter.com/wahyu_djanti88/status/1715037151916953831
Thu Oct 19 16:06:06 +0000 2023;1715036609622814916;"@uinwsfess Bar unnes, undip, uin ws, semarang ono opo tohhh";0;0;0;0;in;365897354;1714869457309589599;sasasasyaaa;https://twitter.com/sasasasyaaa/status/1715036609622814916
Thu Oct 19 15:56:16 +0000 2023;1715034137177006335;"Rempang semakin berkembang . Bahlil Kawal Investasi  #HIPMIRempang  https://t.co/unCC6UyCoP";0;0;0;0;in;1618269484737007626;1715034137177006335;Dianmonikah;https://twitter.com/Dianmonikah/status/1715034137177006335
Thu Oct 19 15:55:44 +0000 2023;1715034000505659460;"@IND0_Update @MataNajwa @Metro_TV @tvOneNews Proyek Rempang Eco Park adalah contoh bagaimana investasi dapat menjadi alat untuk melestarikan alam sambil menciptakan lapangan kerja dan pertumbuhan ekonomi. Bahlil Kawal Investasi #HIPMIRempang";0;0;0;0;in;865195581987147776;1714923582747533425;bqeautie;https://twitter.com/bqeautie/status/1715034000505659460
Thu Oct 19 15:54:31 +0000 2023;1715033693985951966;"@IND0_Update @MataNajwa @Metro_TV @tvOneNews Kami sangat bangga dengan inisiatif pro-investasi yang diambil oleh Menteri Bahlil dan pihak HIPMI. Proyek Rempang Eco Park adalah bukti nyata bahwa investasi dapat memberikan manfaat jangka panjang bagi lingkungan dan masyarakat. Bahlil Kawal Investasi #HIPMIRempang";0;0;0;0;in;2955367609;1714923582747533425;syqmbol;https://twitter.com/syqmbol/status/1715033693985951966
Thu Oct 19 15:53:56 +0000 2023;1715033548644827598;"@IND0_Update @MataNajwa @Metro_TV @tvOneNews Menteri Bahlil telah memainkan peran yang sangat positif dalam mengawasi proyek Rempang Eco Park. Bahlil Kawal Investasi #HIPMIRempang";0;0;0;0;in;2955280278;1714923582747533425;whosbabyy_;https://twitter.com/whosbabyy_/status/1715033548644827598
Thu Oct 19 15:53:15 +0000 2023;1715033377408180535;"@IND0_Update @MataNajwa @Metro_TV @tvOneNews Dukungan investasi adalah kunci bagi pertumbuhan ekonomi yang berkelanjutan, dan inisiatif seperti Rempang Eco Park Bahlil Kawal Investasi #HIPMIRempang";0;0;0;0;in;759887858857631744;1714923582747533425;lkemonade;https://twitter.com/lkemonade/status/1715033377408180535
Thu Oct 19 15:51:48 +0000 2023;1715033011161641369;"@IND0_Update @MataNajwa @Metro_TV @tvOneNews Selamat kepada Dukung Investasi, HIPMI, dan Menteri Bahlil atas kolaborasi yang luar biasa dalam mengawal proyek Rempang Eco Park. Bahlil Kawal Investasi #HIPMIRempang";0;0;0;0;in;2987842936;1714923582747533425;reczkless;https://twitter.com/reczkless/status/1715033011161641369
Thu Oct 19 15:51:10 +0000 2023;1715032851102814371;"@IND0_Update @MataNajwa @Metro_TV @tvOneNews Pendekatan holistik Dukung Investasi dan HIPMI terhadap proyek Rempang Eco Park sangat menginspirasi. Bahlil Kawal Investasi #HIPMIRempang";0;0;0;0;in;2757498095;1714923582747533425;luminree;https://twitter.com/luminree/status/1715032851102814371
Thu Oct 19 15:50:24 +0000 2023;1715032661163376684;"@NarasiNewsroom pendekar hkm, pmbela wong cilik,   perppu ciptaker sakiti ati buruh pekerja a.k.a wong cilik,  kanjuruhan dianggap pelanggarn ham biasa, sakiti ati kluarga korban,  wrga asli rempang sakit ati dianggap tdk ada, tpi diikutkn pemiu,  dlu, sikap bgitu, "benturan psikologis" kah ?...";0;0;0;0;in;1501420747549736960;1714963937257808317;low_lowi;https://twitter.com/low_lowi/status/1715032661163376684
Thu Oct 19 15:50:21 +0000 2023;1715032648907891034;"@IND0_Update @MataNajwa @Metro_TV @tvOneNews Kerjasama antara Dukung Investasi, HIPMI, dan Menteri Bahlil dalam mengawal realisasi proyek Rempang Eco Park adalah bukti nyata bahwa investasi dan pelestarian lingkungan bisa berjalan seiring. Bahlil Kawal Investasi #HIPMIRempang";0;0;0;0;in;878593042629963776;1714923582747533425;activeily;https://twitter.com/activeily/status/1715032648907891034
Thu Oct 19 15:49:48 +0000 2023;1715032509824799047;"@IND0_Update @MataNajwa @Metro_TV @tvOneNews Apresiasi tinggi untuk Dukung Investasi dan HIPMI yang mendukung proyek Rempang Eco Park. Langkah ini tidak hanya menciptakan peluang investasi, tetapi juga memperkuat pelestarian alam. Bahlil Kawal Investasi #HIPMIRempang";0;0;0;0;in;1426546488285356045;1714923582747533425;repitl;https://twitter.com/repitl/status/1715032509824799047
Thu Oct 19 15:48:55 +0000 2023;1715032286947852567;"@IND0_Update @MataNajwa @Metro_TV @tvOneNews Sangat menggembirakan melihat Dukung Investasi dan HIPMI bersatu dalam apresiasi terhadap Menteri Bahlil, yang dengan tekunnya mengawal realisasi proyek Rempang Eco Park. Bahlil Kawal Investasi #HIPMIRempang";0;0;0;0;in;2757620373;1714923582747533425;melrburn;https://twitter.com/melrburn/status/1715032286947852567
Thu Oct 19 15:46:11 +0000 2023;1715031597207212350;"@IND0_Update @MataNajwa @Metro_TV @tvOneNews HIPMI memperlihatkan komitmen nyata terhadap investasi dan pembangunan ekonomi dengan mendukung proyek Rempang Eco Park dan menghargai kerja keras Menteri Bahlil.  Bahlil Kawal Investasi #HIPMIRempang";0;0;0;0;in;878499116350935041;1714923582747533425;bhetween;https://twitter.com/bhetween/status/1715031597207212350
Thu Oct 19 15:44:31 +0000 2023;1715031180318572670;"@Radjahoki_pro @GunRomli KANJURUHAN BANG... REMPANG URUSAN MENTERI INVESTASI WKWK";0;1;0;0;in;953394866762887170;1714819664923308541;Cabekiloan;https://twitter.com/Cabekiloan/status/1715031180318572670
Thu Oct 19 15:44:31 +0000 2023;1715031177441251594;"@IND0_Update @MataNajwa @Metro_TV @tvOneNews Terima kasih kepada HIPMI atas dukungan dan apresiasinya terhadap upaya Menteri Bahlil dalam mengawal proyek Rempang Eco Park.  Bahlil Kawal Investasi #HIPMIRempang";0;0;0;0;in;2756663021;1714923582747533425;lhabirin;https://twitter.com/lhabirin/status/1715031177441251594
Thu Oct 19 15:43:51 +0000 2023;1715031012483493919;"@IND0_Update @MataNajwa @Metro_TV @tvOneNews Apresiasi tinggi untuk HIPMI yang mendukung investasi ini dengan penuh semangat! Kerja keras Menteri Bahlil dalam mengawal realisasi proyek Rempang Eco Park patut diacungi jempol. Bahlil Kawal Investasi #HIPMIRempang";0;0;0;0;in;2759102327;1714923582747533425;flowuing;https://twitter.com/flowuing/status/1715031012483493919
Thu Oct 19 15:39:29 +0000 2023;1715029913689075962;"Rempang semakin berkembang . Bahlil Kawal Investasi  #HIPMIRempang  https://t.co/UpjttYgDsb";0;0;0;0;in;1619334575511212035;1715029913689075962;japasala;https://twitter.com/japasala/status/1715029913689075962
Thu Oct 19 15:38:21 +0000 2023;1715029629306839326;"adil palalo rempang aja dia melipir ngumpet";0;0;0;0;in;268279513;1715029629306839326;alabedjo;https://twitter.com/alabedjo/status/1715029629306839326
Thu Oct 19 15:38:08 +0000 2023;1715029571526127735;"Rempang Eco City adalah cerita nyata tentang perubahan positif. Bersama Hipmi dan Menteri Bahlil Lahadalia, kami melangkah maju, membangun komunitas yang kuat dan mandiri. Bahlil Kawal Investasi #HIPMIRempang https://t.co/hLaTKHvEEB";0;0;0;0;in;865195581987147776;1715029571526127735;bqeautie;https://twitter.com/bqeautie/status/1715029571526127735
Thu Oct 19 15:36:59 +0000 2023;1715029285118066726;"Keberhasilan Rempang Eco City bukan kebetulan, melainkan hasil dari dedikasi Hipmi dan Menteri Bahlil Lahadalia.  Bahlil Kawal Investasi #HIPMIRempang https://t.co/YgULWEMYSx";0;0;0;0;in;2950964072;1715029285118066726;bugpati;https://twitter.com/bugpati/status/1715029285118066726
Thu Oct 19 15:36:55 +0000 2023;1715029266071708126;"#AniesMuhaimin2024 Rempang";0;0;0;0;in;1670070721186529280;1715029266071708126;joko_ngiboel;https://twitter.com/joko_ngiboel/status/1715029266071708126
Thu Oct 19 15:36:09 +0000 2023;1715029072815026436;"Di Rempang Eco City, Hipmi dan Menteri Bahlil Lahadalia melukiskan cerita keberhasilan. Mereka bukan hanya membuka peluang kerja, tetapi juga membuka jalan bagi mimpi-mimpi masyarakat lokal. 💫🚀 Bahlil Kawal Investasi #HIPMIRempang https://t.co/iw96Dps7bd";0;0;0;0;in;2955367609;1715029072815026436;syqmbol;https://twitter.com/syqmbol/status/1715029072815026436
Thu Oct 19 15:34:58 +0000 2023;1715028777359790569;"#AniesMuhaimin2024 Rempang";0;0;0;0;in;1670070721186529280;1715028777359790569;joko_ngiboel;https://twitter.com/joko_ngiboel/status/1715028777359790569
Thu Oct 19 15:33:53 +0000 2023;1715028502146421049;"Menyuarakan harapan, membangun masa depan di Rempang Eco City. Bersama, mereka bukan hanya menciptakan investasi, tetapi juga membawa kemakmuran untuk semua. 🌟 Bahlil Kawal Investasi #HIPMIRempang https://t.co/UTX1qO7CwC";0;0;0;0;in;759887858857631744;1715028502146421049;lkemonade;https://twitter.com/lkemonade/status/1715028502146421049
Thu Oct 19 15:32:53 +0000 2023;1715028250467184641;"#AniesMuhaimin2024 Rempang";0;0;0;0;in;1670070721186529280;1715028250467184641;joko_ngiboel;https://twitter.com/joko_ngiboel/status/1715028250467184641
Thu Oct 19 15:32:47 +0000 2023;1715028225506898351;"@pokameamemew @caratstalk kamu rembang sebelah mana?";0;1;0;0;in;1322167505721413636;1714238111209697707;wwderland;https://twitter.com/wwderland/status/1715028225506898351
Thu Oct 19 15:31:10 +0000 2023;1715027819351433405;"#AniesMuhaimin2024 Rempang";0;0;3;3;in;1670070721186529280;1715027819351433405;joko_ngiboel;https://twitter.com/joko_ngiboel/status/1715027819351433405
Thu Oct 19 15:31:09 +0000 2023;1715027815090069769;"@IND0_Update @MataNajwa @Metro_TV @tvOneNews Bahlil Kawal Investasi proyek rempang? Mantap banget sesuai janji ga cuma omong doang 💃🏻 #HIPMIRempang";0;0;0;0;in;2759128552;1714923582747533425;nuvmber;https://twitter.com/nuvmber/status/1715027815090069769
Thu Oct 19 15:29:44 +0000 2023;1715027459224326326;"Investasi Rempang Eco City adalah bukti nyata kerjasama yang berhasil antara Hipmi dan Menteri Investasi Bahlil Lahadalia. Bersama, kami membawa perubahan positif bagi masyarakat dan ekonomi lokal. Bahlil Kawal Investasi #HIPMIRempang https://t.co/RozV7YMrWc";0;0;0;0;in;2987842936;1715027459224326326;reczkless;https://twitter.com/reczkless/status/1715027459224326326
Thu Oct 19 15:29:02 +0000 2023;1715027281691938896;"Hipmi menghadirkan harapan bagi masyarakat Rempang dengan pelatihan keterampilan dan peluang kerja. Dalam sinergi dengan pemerintah, kami membuka pintu bagi pertumbuhan ekonomi yang adil dan berkesinambungan. Bahlil Kawal Investasi #HIPMIRempang https://t.co/rI3vpAkjDf";0;0;0;0;in;2757498095;1715027281691938896;luminree;https://twitter.com/luminree/status/1715027281691938896
Thu Oct 19 15:28:58 +0000 2023;1715027265904693340;"@Uki23 Tapi ketika rakyat pulau Rempang mau digusur malah bilang "mosok urusan kayak gini harus presiden yang turun tangan" artinya apa bang Messi. 🤔🤔";0;0;0;1;in;243998004;1714749319960752213;Ar_910;https://twitter.com/Ar_910/status/1715027265904693340
Thu Oct 19 15:28:55 +0000 2023;1715027253942517871;"#AniesMuhaimin2024 Rempang";0;0;0;0;in;1670070721186529280;1715027253942517871;joko_ngiboel;https://twitter.com/joko_ngiboel/status/1715027253942517871
Thu Oct 19 15:28:33 +0000 2023;1715027162624098314;"Menteri Investasi Bahlil Lahadalia dan Hipmi bekerja bersama untuk menciptakan lingkungan investasi yang inklusif dan berkelanjutan di Rempang Eco City. Bersama kita membangun masa depan yang lebih baik untuk semua! Bahlil Kawal Investasi #HIPMIRempang https://t.co/wBZmrm2Ben";0;0;0;0;in;878593042629963776;1715027162624098314;activeily;https://twitter.com/activeily/status/1715027162624098314
Thu Oct 19 15:28:00 +0000 2023;1715027024388272159;"Hipmi berkomitmen untuk mendukung investasi Rempang Eco City dengan membantu meningkatkan keterampilan warga. Kolaborasi kami dengan pemerintah adalah kunci kesuksesan, membuka jalan bagi kemajuan bersama. Bahlil Kawal Investasi #HIPMIRempang https://t.co/eZlG0ZVwPR";0;0;0;0;in;1426546488285356045;1715027024388272159;repitl;https://twitter.com/repitl/status/1715027024388272159
Thu Oct 19 15:27:25 +0000 2023;1715026875477889494;"Keberhasilan investasi Rempang Eco City adalah cerminan dari kerja keras Hipmi dan Menteri Investasi Bahlil Lahadalia.  Bahlil Kawal Investasi #HIPMIRempang https://t.co/bsnwEs21qO";0;0;0;0;in;2757620373;1715026875477889494;melrburn;https://twitter.com/melrburn/status/1715026875477889494
Thu Oct 19 15:27:24 +0000 2023;1715026872571150755;"@IND0_Update @MataNajwa @Metro_TV @tvOneNews Bahlil Kawal Investasi soal rempang? Widiiihhh mantul bener #HIPMIRempang";0;0;0;0;in;514173806;1714923582747533425;devaninurkhalis;https://twitter.com/devaninurkhalis/status/1715026872571150755
Thu Oct 19 15:26:11 +0000 2023;1715026566626066857;"#AniesMuhaimin2024 Rempang";0;0;0;0;in;1670070721186529280;1715026566626066857;joko_ngiboel;https://twitter.com/joko_ngiboel/status/1715026566626066857
Thu Oct 19 15:25:17 +0000 2023;1715026339001176339;"@Rizkihadi @yudiharahap46 Semoga bisa membantu penduduk pulau rempang yg sudah tinggal lama di sana tp masih blm punya sertifikat";0;1;0;1;in;227669145;1714913533870424447;HariIniWinda;https://twitter.com/HariIniWinda/status/1715026339001176339
Thu Oct 19 15:24:45 +0000 2023;1715026205056123381;"Hipmi dan Menteri Investasi Bahlil Lahadalia menggandeng tangan untuk membawa keberkahan investasi Rempang ke masyarakat. Dengan peningkatan keterampilan, kami membuka pintu kesempatan bagi semua. Bahlil Kawal Investasi #HIPMIRempang https://t.co/LP96lfhe5H";0;0;0;0;in;878499116350935041;1715026205056123381;bhetween;https://twitter.com/bhetween/status/1715026205056123381
Thu Oct 19 15:22:50 +0000 2023;1715025721364816061;"@IND0_Update @MataNajwa @Metro_TV @tvOneNews Bahlil Kawal Investasi rempang nih wah wah wah pasti di dukung dan di apresiasi  #HIPMIRempang";0;0;0;0;in;840956973956841473;1714923582747533425;irosze;https://twitter.com/irosze/status/1715025721364816061
Thu Oct 19 15:21:58 +0000 2023;1715025506305998881;"Hipmi dan Menteri Investasi Bahlil Lahadalia: Memperkuat kerjasama untuk investasi Rempang Eco City.  Bahlil Kawal Investasi #HIPMIRempang https://t.co/CCaFoEA3gY";0;0;0;0;in;2756663021;1715025506305998881;lhabirin;https://twitter.com/lhabirin/status/1715025506305998881
Thu Oct 19 15:21:26 +0000 2023;1715025369567535215;"Belum habis sedihku inget lagu lancang kuning bergema waktu case rempang, sekarang sudah sedih lagi lihat bayi-bayi, anak-anak jadi korban di palestina. Allah… ya Allah…";0;0;0;0;in;81846005;1715025369567535215;khotijaa;https://twitter.com/khotijaa/status/1715025369567535215
Thu Oct 19 15:21:21 +0000 2023;1715025348381884421;"Menteri Investasi Bahlil Lahadalia dan Hipmi berkolaborasi membangun Rempang Eco City. Keberhasilan investasi ini tak hanya untuk investor, tapi juga bagi warga lokal. Mari bersama-sama menciptakan kesejahteraan! Bahlil Kawal Investasi #HIPMIRempang https://t.co/1C81yOZv0W";0;0;0;0;in;2759102327;1715025348381884421;flowuing;https://twitter.com/flowuing/status/1715025348381884421
Thu Oct 19 15:20:14 +0000 2023;1715025067439226942;"Hipmi mendukung penuh investasi Rempang Eco City yang diperjuangkan oleh Menteri Investasi Bahlil Lahadalia. Bersama-sama, kami siap membantu mewujudkan masa depan cerah bagi masyarakat dan perekonomian Indonesia. Bahlil Kawal Investasi  #HIPMIRempang  https://t.co/5DcPbZbtQ1";0;0;0;0;in;887484958192926720;1715025067439226942;awwahebot;https://twitter.com/awwahebot/status/1715025067439226942
Thu Oct 19 15:19:38 +0000 2023;1715024918235287989;"#AniesMuhaimin2024 Rempang";0;0;0;1;in;1670070721186529280;1715024918235287989;joko_ngiboel;https://twitter.com/joko_ngiboel/status/1715024918235287989
Thu Oct 19 15:16:28 +0000 2023;1715024118343700956;"Pelatihan2 yg diberikan HIPMI niscaya akan membawa dampak postif bagi masyarakat Rempang  Bahlil Kawal Investasi #HIPMIRempang  https://t.co/G0PCHp6EK8";0;0;0;0;in;130078179;1715024118343700956;DianaRosalina;https://twitter.com/DianaRosalina/status/1715024118343700956
Thu Oct 19 15:15:05 +0000 2023;1715023772049457429;"Widiihh pak Bahlil Kawal Investasi Rempang nih pasti dapat banyak dukungan  #HIPMIRempang  https://t.co/vhqEaJ1sA2";0;0;0;0;in;891731809792380931;1715023772049457429;miptra;https://twitter.com/miptra/status/1715023772049457429
Thu Oct 19 15:13:38 +0000 2023;1715023408461947143;"#AniesMuhaimin2024 Rempang";0;0;0;0;in;1670070721186529280;1715023408461947143;joko_ngiboel;https://twitter.com/joko_ngiboel/status/1715023408461947143
Thu Oct 19 15:12:27 +0000 2023;1715023111186481229;"#AniesMuhaimin2024 Rempang";0;0;0;0;in;1670070721186529280;1715023111186481229;joko_ngiboel;https://twitter.com/joko_ngiboel/status/1715023111186481229
Thu Oct 19 15:10:31 +0000 2023;1715022624299036795;"Pak Bahlil Kawal Investasi soal rempang. Waahh akhirnya ada jalan terang #HIPMIRempang  https://t.co/YHowqjf1Fi";0;0;0;0;in;2758688547;1715022624299036795;bosapn;https://twitter.com/bosapn/status/1715022624299036795
Thu Oct 19 15:10:28 +0000 2023;1715022608910205288;"@IND0_Update @MataNajwa @Metro_TV @tvOneNews Semoga kolaborasi HIPMI dan pemerintah membawa dampat positif bagi investasi di Rempang  Bahlil Kawal Investasi #HIPMIRempang";0;0;0;0;in;130078179;1714923582747533425;DianaRosalina;https://twitter.com/DianaRosalina/status/1715022608910205288
Thu Oct 19 15:08:58 +0000 2023;1715022230772650222;"@NenkMonica @datuakrajoangek dia yang mulai dia yang tunaikan...jangan bermain dengan perubahan.";0;0;0;0;in;1607576414043406336;1714883793952383209;dnm_operational;https://twitter.com/dnm_operational/status/1715022230772650222
Thu Oct 19 15:08:13 +0000 2023;1715022044386247133;"#AniesMuhaimin2024 Rempang";0;0;0;0;in;1670070721186529280;1715022044386247133;joko_ngiboel;https://twitter.com/joko_ngiboel/status/1715022044386247133
Thu Oct 19 15:07:20 +0000 2023;1715021819915481341;"@savicali Aku biasa aja, Cak Lha gak ada terobosan berarti kok Tlg tanyakan ke semua capres - cawapres yg ada nantinya terkait omnibus law, Rempang, perpanjangan masa jabatan komisioner KPK, soal twk KPK n Kanjuruhan";0;0;0;0;in;1191101533;1714556564990984602;sukaestehpanas;https://twitter.com/sukaestehpanas/status/1715021819915481341
Thu Oct 19 15:05:26 +0000 2023;1715021344180752716;"Ayo terus dukung pak bahlil atasi Rempang . Bahlil Kawal Investasi  #HIPMIRempang  https://t.co/rSCG3cNXRw";0;0;0;0;in;1694635486277771264;1715021344180752716;cindinoe0;https://twitter.com/cindinoe0/status/1715021344180752716
Thu Oct 19 15:04:22 +0000 2023;1715021074004668842;"@detikcom JARAH... biar sama ma Jokowi yg menjarah tanah rakyat Rempang";0;0;0;0;in;1052105541118451712;1714931894775664662;Rian82638936;https://twitter.com/Rian82638936/status/1715021074004668842
Thu Oct 19 15:02:55 +0000 2023;1715020712224960864;"#AniesMuhaimin2024 Rempang";0;0;0;0;in;1670070721186529280;1715020712224960864;joko_ngiboel;https://twitter.com/joko_ngiboel/status/1715020712224960864
Thu Oct 19 15:01:44 +0000 2023;1715020411300458848;"@kompascom Saking seringnya berjanji jika-maka, sekelas Kompas sampe salah tahun 🤣 https://t.co/4Kd90ssUBq";0;0;0;0;in;1097021784212135936;1715013579286737241;AntiPengPeng;https://twitter.com/AntiPengPeng/status/1715020411300458848
Thu Oct 19 15:00:51 +0000 2023;1715020190059307311;"@jawafess Rembang - Rembang - Rempang";0;0;0;0;in;3164025877;1714991539162890735;IlyasThoha;https://twitter.com/IlyasThoha/status/1715020190059307311
Thu Oct 19 15:00:45 +0000 2023;1715020162917970074;"#AniesMuhaimin2024 Rempang";0;0;0;0;in;1670070721186529280;1715020162917970074;joko_ngiboel;https://twitter.com/joko_ngiboel/status/1715020162917970074
Thu Oct 19 14:59:27 +0000 2023;1715019836466868667;"@jokowi Rempang Pye bos?";0;0;1;0;ht;1238690036490461185;1714949968119976036;GajahOl19695894;https://twitter.com/GajahOl19695894/status/1715019836466868667
Thu Oct 19 14:59:11 +0000 2023;1715019768720511026;"@Miduk17 Bagi kami bangsa Melayu si Mahfud adalah bagian PENIPU yg menjual tanah MARWAH Melayu REMPANG";0;0;0;0;in;1493571978132803584;1714852711920021927;Michaelpase79;https://twitter.com/Michaelpase79/status/1715019768720511026
Thu Oct 19 14:58:29 +0000 2023;1715019593348243838;"@mariadi63425147 @Tan_Mar3M 🤣🤣 Lu masih bicara Rempang  Warga asli rempang nya sedang berpesta   Nah Lo siapa ? Tolol https://t.co/SiItEgm0Zq";0;0;0;0;in;1661687620106358784;1714923183260966991;akbar2913018658;https://twitter.com/akbar2913018658/status/1715019593348243838
Thu Oct 19 14:58:15 +0000 2023;1715019535307481429;"#AniesMuhaimin2024 Rempang";0;0;0;0;in;1670070721186529280;1715019535307481429;joko_ngiboel;https://twitter.com/joko_ngiboel/status/1715019535307481429
Thu Oct 19 14:57:09 +0000 2023;1715019257250300261;"#AniesMuhaimin2024 Rempang";0;0;0;0;in;1670070721186529280;1715019257250300261;joko_ngiboel;https://twitter.com/joko_ngiboel/status/1715019257250300261
Thu Oct 19 14:56:23 +0000 2023;1715019064006046020;"@SukoharjoTf @willsarana Justru dari semua yang udah pasti maju, dua orang ini yang paling banyak bermasalah, wadas? Kanjuruan yang gak ada kabar? Rempang? 349 T? Masih banyak masalah lainnya kalo mau diinget2";0;0;0;5;in;167796481;1714926253017550997;diantaratitik;https://twitter.com/diantaratitik/status/1715019064006046020
Thu Oct 19 14:55:57 +0000 2023;1715018954899603912;"Menteri hebat dalam atasi rempang. Bahlil Kawal Investasi  #HIPMIRempang  https://t.co/Y3Ao38saiN";0;0;0;0;in;1694605568059822081;1715018954899603912;miracacaz;https://twitter.com/miracacaz/status/1715018954899603912
Thu Oct 19 14:55:25 +0000 2023;1715018820715516321;"Wah kok jadi lupa sama kasus rempang ni, yukkk jangan lupa sama saudara kita d rempang";0;0;0;0;in;412814373;1715018820715516321;Andreya32ry;https://twitter.com/Andreya32ry/status/1715018820715516321
Thu Oct 19 14:52:37 +0000 2023;1715018117041275282;"@IND0_Update @MataNajwa @Metro_TV @tvOneNews Semenjak ada pak bahlil semakin berkembang Rempang . Bahlil Kawal Investasi #HIPMIRempang";0;0;0;0;in;1694607710896226304;1714923582747533425;muliaanisac;https://twitter.com/muliaanisac/status/1715018117041275282
Thu Oct 19 14:51:27 +0000 2023;1715017825491046756;"#AniesMuhaimin2024 Rempang";0;0;0;0;in;1670070721186529280;1715017825491046756;joko_ngiboel;https://twitter.com/joko_ngiboel/status/1715017825491046756
Thu Oct 19 14:49:40 +0000 2023;1715017377262559590;"#AniesMuhaimin2024 Rempang";0;0;0;0;in;1670070721186529280;1715017377262559590;joko_ngiboel;https://twitter.com/joko_ngiboel/status/1715017377262559590
Thu Oct 19 14:45:58 +0000 2023;1715016445594386552;"#AniesMuhaimin2024 Rempang";0;0;3;11;in;1670070721186529280;1715016445594386552;joko_ngiboel;https://twitter.com/joko_ngiboel/status/1715016445594386552
Thu Oct 19 14:45:25 +0000 2023;1715016306351820868;"#AniesMuhaimin2024 Rempang";0;0;0;0;in;1670070721186529280;1715016306351820868;joko_ngiboel;https://twitter.com/joko_ngiboel/status/1715016306351820868
Thu Oct 19 14:44:03 +0000 2023;1715015963903775113;"#AniesMuhaimin2024 Rempang";0;0;0;0;in;1670070721186529280;1715015963903775113;joko_ngiboel;https://twitter.com/joko_ngiboel/status/1715015963903775113
Thu Oct 19 14:43:51 +0000 2023;1715015910187225127;"#AniesMuhaimin2024 Rempang";0;0;0;0;in;1670070721186529280;1715015910187225127;joko_ngiboel;https://twitter.com/joko_ngiboel/status/1715015910187225127
Thu Oct 19 14:42:58 +0000 2023;1715015688279273813;"#AniesMuhaimin2024 Rempang";0;0;0;0;in;1670070721186529280;1715015688279273813;joko_ngiboel;https://twitter.com/joko_ngiboel/status/1715015688279273813
Thu Oct 19 14:40:14 +0000 2023;1715015003005436064;"@febridiansyah @PartaiSocmed @prabowo @susipudjiastuti Anies bnyk Retrolika, kurang ketegasan.  Imin mencla menclo mencari keuntungan diri sendiri&amp Pendukungnya  Ganjar Pemendam Emosi, yg suatu saat akan lebih brutal dari saat ini yg sedang kita alami! Iya2 didepan mata, dibelakang bisa main tangan. dia mesin PDIP! rempang nasibnya?!";0;1;0;0;in;4487703920;1714984703672111429;b3nzsatria;https://twitter.com/b3nzsatria/status/1715015003005436064
Thu Oct 19 14:36:10 +0000 2023;1715013979842785763;"@aly_benzema Memang sih pak rasa keadilan di negri ini benar2 hilang ketika rakyat di gusur dari tanah kelahirannya demi proyek oligarki. Seperti Wadas, kendeng, Rempang, dll";0;0;0;0;in;1626939492962816000;1714674678097395933;HasimSuhastra;https://twitter.com/HasimSuhastra/status/1715013979842785763
Thu Oct 19 14:35:51 +0000 2023;1715013900025151806;"Peningkatan keterampilan warga lokal Rempang melalui program upskilling merupakan investasi jangka panjang. Dengan keterampilan yang tinggi, mereka menjadi sumber daya manusia yang sangat bernilai bagi investor. #HIPMIRempang Bahlil Kawal Investasi https://t.co/rvhQKN8y4e";0;0;0;0;in;1646512522546253824;1715013900025151806;blackhawkku2;https://twitter.com/blackhawkku2/status/1715013900025151806
Thu Oct 19 14:35:30 +0000 2023;1715013809822220698;"Kasus Pulau Rempang masih bergulir. Tim Advokasi Solidaritas Nasional untuk Rempang memasukkan gugatan praperadilan terhadap kepolisian terkait 30 warga yang masih ditahan sejak 11 September. #VideoBerita #AdadiKompas   https://t.co/vYjz68LaBR";1;0;0;1;in;255866913;1715013809822220698;hariankompas;https://twitter.com/hariankompas/status/1715013809822220698
Thu Oct 19 14:35:18 +0000 2023;1715013761780822228;"HIPMI dan pemerintah bekerja keras dalam upskilling warga lokal Rempang. Dengan keterampilan yg lebih baik, mereka tidak hanya memiliki kesempatan kerja yg lebih besar tetapi juga memberikan kontribusi lebih besar dalam pertumbuhan investasi. #HIPMIRempang Bahlil Kawal Investasi https://t.co/azMhEfdCcv";0;0;0;0;in;1646512522546253824;1715013761780822228;blackhawkku2;https://twitter.com/blackhawkku2/status/1715013761780822228
Thu Oct 19 14:34:00 +0000 2023;1715013433396248900;"@mohmahfudmd @RestyCayah Mending urus gusuran Rempang saja sampai kelar, pak?";0;0;0;0;in;1344503046127058944;971069724619689984;VeraCru20633017;https://twitter.com/VeraCru20633017/status/1715013433396248900
Thu Oct 19 14:27:49 +0000 2023;1715011875673718819;"@IND0_Update @MataNajwa @Metro_TV @tvOneNews apresiasi kinerja Pak Bahlil Kawal Investasi Rempang #HIPMIRempang";0;0;0;0;in;1541292051975008257;1714923582747533425;cangkirrrkopii;https://twitter.com/cangkirrrkopii/status/1715011875673718819
Thu Oct 19 14:26:59 +0000 2023;1715011665711034668;"@Miduk17 @GunRomli @ganjariancom @ganjarpranowo @mohmahfudmd @ekokuntadhi1 @MazdjoPray @islah_bahrawi Anak kandung rakyat,kalau benar anak kandung rakyat tidak akan ada kejadian seperti diwadas,rempang. Kadi rakyat yg mana ? Rakyat oligarcy iya";0;0;0;0;in;1603570633379840000;1714897828903035275;BangRus23;https://twitter.com/BangRus23/status/1715011665711034668
Thu Oct 19 14:25:50 +0000 2023;1715011377935642782;"Pak Bahlil Kawal Investasi Rempang agar ekonomi masyarakat tumbuh #HIPMIRempang https://t.co/93JoqKPXPg";0;0;0;0;in;1541292051975008257;1715011377935642782;cangkirrrkopii;https://twitter.com/cangkirrrkopii/status/1715011377935642782
Thu Oct 19 14:21:09 +0000 2023;1715010200519024971;"HIPMI, Ketua Bidang Maritim, Kelautan, dan Perikanan BPP, Fathul Nugroho, bersiap untuk mendukung investasi Rempang dgn menggelar pelatihan keterampilan bagi warga. Kolaborasi ini menjadi langkah nyata dalam membangun keberlanjutan investasi. #HIPMIRempang Bahlil Kawal Investasi https://t.co/inJr2lpSCK";0;0;0;0;in;1645633704520474625;1715010200519024971;thomaslabar2;https://twitter.com/thomaslabar2/status/1715010200519024971
Thu Oct 19 14:20:21 +0000 2023;1715009996612858283;"semangat terus Pak Bahlil Kawal Investasi Rempang nya #HIPMIRempang https://t.co/bsOW1GV9UZ";0;0;0;0;in;1541292051975008257;1715009996612858283;cangkirrrkopii;https://twitter.com/cangkirrrkopii/status/1715009996612858283
Thu Oct 19 14:19:50 +0000 2023;1715009866497163703;"@IND0_Update @MataNajwa @Metro_TV @tvOneNews Keberlanjutan investasi Rempang adalah hasil dari dedikasi Pak Bahlil dlm merangkul warga &amp  UMKM sebagai rekan penting dalam proses pembangunan. Dengan pendekatan inklusif ini, proyek ini menjadi contoh inspiratif bagi investasi di Indonesia. #HIPMIRempang Bahlil Kawal Investasi";0;0;0;0;in;1645633704520474625;1714923582747533425;thomaslabar2;https://twitter.com/thomaslabar2/status/1715009866497163703
Thu Oct 19 14:17:54 +0000 2023;1715009382482948361;"@ernestprakasa Sama kayak cawapres yang berjanji menegakkan hukum disaat Masih Dan sudah jabat menkopolhukam 5 tahun, disisi lain harun masiki aja ga di senggol, tragedi kanjuruhan nguap, rempang di anggap pengosongan, konflik agraria, omnibus law, kasus triliyunan yang cuma di spill. Prestasi";0;0;0;0;in;347223764;1714958741257552151;emfahmifzl;https://twitter.com/emfahmifzl/status/1715009382482948361
Thu Oct 19 14:16:59 +0000 2023;1715009151309602870;"Pak Bahlil menjadikan partisipasi warga dan UMKM sebagai fokus utama dalam investasi Rempang. Kemitraan yang erat ini menciptakan pertumbuhan ekonomi yang merata dan berkelanjutan bagi seluruh komunitas lokal. #HIPMIRempang Bahlil Kawal Investasi https://t.co/Ez9RQdLzNK";0;0;0;0;in;1645633704520474625;1715009151309602870;thomaslabar2;https://twitter.com/thomaslabar2/status/1715009151309602870
Thu Oct 19 14:16:04 +0000 2023;1715008920136360246;"@CNNIndonesia Rakyat ente yg di rempang noh di urusin, sok bener ngutuk2in negara laen";0;0;0;0;in;1176707920546926592;1714946963224031433;GeorgeMarthin91;https://twitter.com/GeorgeMarthin91/status/1715008920136360246
Thu Oct 19 14:15:54 +0000 2023;1715008879648743778;"@oaseminang Makelar ikn penjual rempang😁😂👌";0;0;0;2;in;1704116159665389568;1714868064511279131;anonimman137997;https://twitter.com/anonimman137997/status/1715008879648743778
Thu Oct 19 14:11:17 +0000 2023;1715007717792981269;"@IND0_Update @MataNajwa @Metro_TV @tvOneNews Top banget Pak Bahlil Kawal Investasi Rempang #HIPMIRempang";0;0;0;0;in;1300723228667596801;1714923582747533425;bridgeblue39;https://twitter.com/bridgeblue39/status/1715007717792981269
Thu Oct 19 14:10:58 +0000 2023;1715007638096969941;"@PDI_Perjuangan Apa? Pembela wong cilik? kM 50, Wadas, Rempang, semua ttg nistanya jadi wong cilik yg ditindas penguasa dan Mahfud ikut menginjak mereka dengan legal opionnya. Jangan mengolok-olok hukum dengan menyebutnya sebagai pendekar hukum ya!";0;0;0;0;in;133705052;1714625094818079126;luthfiehakim;https://twitter.com/luthfiehakim/status/1715007638096969941
Thu Oct 19 14:10:25 +0000 2023;1715007499525562642;"@mohmahfudmd @RestyCayah bagaimana pernyataan bpk ttg plau rempang trsbt "ketika 2022 investor dtg ternyata tanah trsebut sdh ditempati , kenyataannya masyarakat pulau rempang sdh menempati sblm indonesia terbentuk dan berdiri, dan bgaimana pernyataan yg ±300T tu wahai mahfud kan membuat keresahan rakyat";0;0;0;1;in;1604356242121830400;971069724619689984;wil_don15;https://twitter.com/wil_don15/status/1715007499525562642
Thu Oct 19 14:06:18 +0000 2023;1715006461259198890;"@iwanfals Bikin lagu rempang bang iwan";0;0;0;0;in;2413599426;1714777490487709787;imronjambi74;https://twitter.com/imronjambi74/status/1715006461259198890
Thu Oct 19 14:05:19 +0000 2023;1715006213765967905;"@panca66 🤣🤣 Lai Da😋.  Datuak ambo urang Demokrat mah. anggota dewan di piaman😀";0;0;0;0;in;1097021784212135936;1714958076405764191;AntiPengPeng;https://twitter.com/AntiPengPeng/status/1715006213765967905
Thu Oct 19 13:46:55 +0000 2023;1715001583359135757;"HIPMI mengapresiasi Bahlil Kawal  Investasi Rempang yang dinilai bisa merangkul warga untuk melanjutkan proyek tersebut https://t.co/h4403SGucE";0;0;0;0;in;1300723228667596801;1715001583359135757;bridgeblue39;https://twitter.com/bridgeblue39/status/1715001583359135757
Thu Oct 19 13:43:32 +0000 2023;1715000731013709839;"Ehh presiden sini malah ngurus perang negara lain yg bukan urusannya. Omdo pula 😂  Bela Palestina silahkan, tapi konkrit ga?  IKN belum kelar, rempang ancur.. IQ masyarakat jg tambah ancur.. Ngapain presiden urus kayak gituan.. Cukup menteri aja, atau jubir Kemlu";0;0;0;0;in;470961216;1715000731013709839;lookeyman;https://twitter.com/lookeyman/status/1715000731013709839
Thu Oct 19 13:35:25 +0000 2023;1714998689150943544;"@savicali masalah rempang kata penggusuran jd pengosongan wilayah ini sama kayak kata lemari es diganti kulkas";0;0;0;0;in;1555714146431541253;1714556564990984602;NikenHa81433123;https://twitter.com/NikenHa81433123/status/1714998689150943544
Thu Oct 19 13:34:40 +0000 2023;1714998500323377404;""Cubit satu sakit semua, tergores satu tergores semua"  Aliansi Masyarakat Peduli Rempang  #TolakPenggusuranRempang  #CCTVRempang   https://t.co/2QkSewfbps";0;1;27;55;in;2908675710;1714998500323377404;blank0429;https://twitter.com/blank0429/status/1714998500323377404
Thu Oct 19 13:27:26 +0000 2023;1714996679311819207;"@hmdnrrfnaauia iku onok terusane jane  quotes by Darmaji - Rembang";0;0;0;0;in;998451893813657601;1714977078452556101;Bakulkeju;https://twitter.com/Bakulkeju/status/1714996679311819207
Thu Oct 19 13:23:08 +0000 2023;1714995600067031171;"@jokowi Rempang...jok";0;0;1;0;in;1630977747312087041;1714949968119976036;g_juaranya;https://twitter.com/g_juaranya/status/1714995600067031171
Thu Oct 19 13:20:35 +0000 2023;1714994957512229328;"@zoelfick Apanya akhir yg manis?  TGIPF Kanjuruhan? Revisi UU KPK? UU omnibuslaw? Represi aparat hukum?  Penyelesaian konflik Papua? Rempang?  349T?  Ribut mulu, akhirnya cuman jadi pengamat. Mentei rasa pengamat. Saat nyalon baru curhat kalo hukum peelu ditegakan, haduh.  Ini saja dulu";0;0;0;0;in;1627613239508074497;1714913495693889553;dehery13;https://twitter.com/dehery13/status/1714994957512229328
Thu Oct 19 13:18:06 +0000 2023;1714994332657504378;"@NcangBeni @Tan_Mar3M Udh nini nini? 😯";0;0;0;0;in;1097021784212135936;1714988420181975392;AntiPengPeng;https://twitter.com/AntiPengPeng/status/1714994332657504378
Thu Oct 19 13:16:43 +0000 2023;1714993983645196320;"Kepala BP Batam, Muhammad Rudi, menyambut baik progres pergeseran terhadap warga terdampak pengembangan Rempang Eco-City yang jumlahnya terus bertambah hingga saat ini. #taudarikepripedia  https://t.co/l5tneTUoUb";0;0;0;0;in;1093636091003817984;1714993983645196320;kepripediacom;https://twitter.com/kepripediacom/status/1714993983645196320
Thu Oct 19 13:14:30 +0000 2023;1714993428252213713;"@WijangWiji3214 Keren, di Rempang ini ya ?";0;2;0;0;in;1603708128146513920;1714508237503136037;ulok_32;https://twitter.com/ulok_32/status/1714993428252213713
Thu Oct 19 13:13:03 +0000 2023;1714993061888159942;"Kabar Rempang.";0;0;0;0;in;1693308019873091584;1714993061888159942;nocontextsosmed;https://twitter.com/nocontextsosmed/status/1714993061888159942
Thu Oct 19 13:11:21 +0000 2023;1714992631456174167;"Lah hutan we di babat abis , pulau Rempang we didol . Tambang emas we infestor asing , pie to iki pak mud Ki . Lagi peyok PO yo";0;0;0;0;in;901695916578488320;1714992631456174167;Destriawan92;https://twitter.com/Destriawan92/status/1714992631456174167
Thu Oct 19 13:10:06 +0000 2023;1714992318598778974;"@Tan_Mar3M Ajeng mens-nya gak kelar2 🤪 https://t.co/zFQyzLyHNj";0;1;1;2;in;1097021784212135936;1714988420181975392;AntiPengPeng;https://twitter.com/AntiPengPeng/status/1714992318598778974
Thu Oct 19 13:03:42 +0000 2023;1714990709303087423;"@Naz_lira Setuju banget buk, kita bisa lihat dari kasus wadas,dan Rempang. Bapak2 itu kayaknya tdk punya hati jika menurut dia atas nama negara. Dan lagi bapk  mprof itu berguna buat membungkam suara kritis umat islam itulah kayaknya mengapa beliau yg diambil. Mudah2 an pak Anis yg mimpin";0;0;0;6;in;1603570633379840000;1714944820572278970;BangRus23;https://twitter.com/BangRus23/status/1714990709303087423
Thu Oct 19 13:03:34 +0000 2023;1714990673416671272;"@IND0_Update @MataNajwa @Metro_TV @tvOneNews Bgus pak, HIPMI mendukung bapak mengkawal investasi di rempang  #HIPMIRempang";0;0;0;0;in;1491185952068300800;1714923582747533425;ImuihRafi;https://twitter.com/ImuihRafi/status/1714990673416671272
Thu Oct 19 13:01:59 +0000 2023;1714990276568391908;"HIPMI mendukung pak bahlil dalam kawal investasi di rempang  #HIPMIRempang https://t.co/WBUuvgnBh8";0;0;0;0;in;1491185952068300800;1714990276568391908;ImuihRafi;https://twitter.com/ImuihRafi/status/1714990276568391908
Thu Oct 19 13:01:47 +0000 2023;1714990227016806432;"@NinzExe07 Salut buat Emak Rempang https://t.co/V6TYrghx3w";0;0;1;3;in;1573192848530231296;1714980627475550668;Kebenaran_70;https://twitter.com/Kebenaran_70/status/1714990227016806432
Thu Oct 19 13:01:21 +0000 2023;1714990117902000149;"@pokameamemew @caratstalk eh rembang juga yaa??";0;1;0;0;in;1322167505721413636;1714238111209697707;wwderland;https://twitter.com/wwderland/status/1714990117902000149
Thu Oct 19 13:00:42 +0000 2023;1714989951430148359;"@innajustitia99 @rizkadwimm Kerja dibandung apa rembang kamu?";0;0;0;0;in;561748743;1714565075649098034;danangbayu26;https://twitter.com/danangbayu26/status/1714989951430148359
Thu Oct 19 12:59:29 +0000 2023;1714989648173535381;"DPR dukung upaya menteri investasi negara. Bahlil Kawal Investasi memberikan hak warga yang terdampak proyek rempang eco city #HIPMIREMPANG  https://t.co/dzi3m1dYZ4";0;0;0;0;in;1641694264571887616;1714989648173535381;rizkaalimiyah;https://twitter.com/rizkaalimiyah/status/1714989648173535381
Thu Oct 19 12:59:02 +0000 2023;1714989534268768303;"DPR mendukung upaya menteri investasi negara. Bahlil Kawal Investasi memberikan hak warga yang terdampak proyek rempang eco city #HIPMIRempang https://t.co/QrH2m5qbHU";0;0;0;0;in;1641694264571887616;1714989534268768303;rizkaalimiyah;https://twitter.com/rizkaalimiyah/status/1714989534268768303
Thu Oct 19 12:56:10 +0000 2023;1714988811959291976;"Tim Advokasi Solidaritas Nasional untuk Rempang Ajukan Praperadilan untuk 30 Tahanan Kasus Rempang  #rempang https://t.co/J469I9Sa1N";0;0;0;0;in;1522419250044215296;1714988811959291976;edisi_co;https://twitter.com/edisi_co/status/1714988811959291976
Thu Oct 19 12:53:18 +0000 2023;1714988092875223360;"Upaya ini ditempuh setelah beberapa upaya hukum dilakukan sebelumnya, salah satunya permohonan penangguhan penahanan. Namun upaya tersebut belum dapat respon sampai saat ini.  #rempang  https://t.co/tIauUKIgxY";0;0;0;0;in;1522419250044215296;1714988092875223360;edisi_co;https://twitter.com/edisi_co/status/1714988092875223360
Thu Oct 19 12:51:38 +0000 2023;1714987671913980145;"BP Batam Kembali Umumkan 9 KK Warga Terdampak Rempang Eco City Bergeser ke Hunian Sementara https://t.co/33hOADoqpP";0;0;0;0;in;1643093405302652928;1714987671913980145;PhotoBnp77308;https://twitter.com/PhotoBnp77308/status/1714987671913980145
Thu Oct 19 12:51:02 +0000 2023;1714987519836864534;"@KompasTV Anda 4 tahun di Menkopolhukam ngapain aja, kanjuruan Rempang itu apa pak..? Ngakak";0;0;0;0;in;1146419316717322240;1714674219634798868;adinda2307;https://twitter.com/adinda2307/status/1714987519836864534
Thu Oct 19 12:50:06 +0000 2023;1714987286675542202;"Update Pergeseran Warga Rempang, Sudah 52 KK Pindah ke Hunian Sementara https://t.co/AOtVPwOMh2 lewat @WartaKepri";0;0;0;0;in;4401199034;1714987286675542202;WartaKepri;https://twitter.com/WartaKepri/status/1714987286675542202
Thu Oct 19 12:50:03 +0000 2023;1714987272083480736;"Permohonan penangguhan penahanan tak direspon polisi, Tim Advokasi Solidaritas Nasional Untuk Rempang ajukan gugatan Praperadilan.  #rempang https://t.co/uukCAyYBsz";0;0;0;0;in;1693308019873091584;1714987272083480736;nocontextsosmed;https://twitter.com/nocontextsosmed/status/1714987272083480736
Thu Oct 19 12:49:40 +0000 2023;1714987178487628162;"Investasi rempang yang di kawal pak bahlil berjalan baik  https://t.co/U7zhEOfT81  #HIPMIRempang";0;0;0;0;in;1555235338385506305;1714987178487628162;Adamarsyadd;https://twitter.com/Adamarsyadd/status/1714987178487628162
Thu Oct 19 12:49:01 +0000 2023;1714987012334436673;"DPR dukung pak bahlil dalam kasus rempang   #HIPMIRempang https://t.co/gxXBlucYds";0;0;0;0;in;1555235338385506305;1714987012334436673;Adamarsyadd;https://twitter.com/Adamarsyadd/status/1714987012334436673
Thu Oct 19 12:48:29 +0000 2023;1714986879962202172;"@IND0_Update @MataNajwa @Metro_TV @tvOneNews Banyak apresiasi yg di dapat Pak Bahlil dr DPR atas kinerjanya menangani rempang #HIPMIRempang";0;0;0;0;in;1579830219363405824;1714923582747533425;Gendon0909;https://twitter.com/Gendon0909/status/1714986879962202172
Thu Oct 19 12:47:46 +0000 2023;1714986697350676875;"Pak bahlil kawal investasi rempang dengan sangat baik dan konsisten   #HIPMIRempang  https://t.co/M0hE0j0dbz";0;0;0;0;in;1579830219363405824;1714986697350676875;Gendon0909;https://twitter.com/Gendon0909/status/1714986697350676875
Thu Oct 19 12:46:36 +0000 2023;1714986406643421630;"@IND0_Update @MataNajwa @Metro_TV @tvOneNews Good job pak bahlil dalam menangani kasus rempang #HIPMIRempang";0;0;0;0;in;1568227681690595328;1714923582747533425;Kayumanis09;https://twitter.com/Kayumanis09/status/1714986406643421630
Thu Oct 19 12:45:37 +0000 2023;1714986158487462336;"Investasi rempang yg di tangani pak Bahlil pastikan kesejahteraan  https://t.co/5gb0COvnhO  #HIPMIRempang";0;0;0;0;in;1568227681690595328;1714986158487462336;Kayumanis09;https://twitter.com/Kayumanis09/status/1714986158487462336
Thu Oct 19 12:44:45 +0000 2023;1714985940291354893;"Komitmen bahlil dalam menangani kasus rempang terbaik  #HIPMIRempang https://t.co/hpO8t81bbd";0;0;0;0;in;1568227681690595328;1714985940291354893;Kayumanis09;https://twitter.com/Kayumanis09/status/1714985940291354893
Thu Oct 19 12:43:49 +0000 2023;1714985706085548280;"@del_paijo Jokowi yg rambutnya item juga jahaad !!!  Laskar FPI dibantai Kanjuruhan dibantai Wadas dibantai Rempang diusir  Cina dicium pantatnya";0;0;0;0;in;1637187601;1714631277104844935;HanyaOrgDewasa;https://twitter.com/HanyaOrgDewasa/status/1714985706085548280
Thu Oct 19 12:43:20 +0000 2023;1714985580977869061;"@strike_bravo_b Udah dibilang, investasi Xinyi Glass ini gak masuk akal, mereka katanya investasi ratusan triliun rupiah di Rempang doang tapi net worth mereka gak sampai sebanyak itu. Itu mereka mau investasi gitu berapa lama?  Hebatnya Kemenkomarves nya setuju ama hal yang gak masuk akal gini.";0;1;0;0;in;2801772327;1714790650003304897;jonathanferiza;https://twitter.com/jonathanferiza/status/1714985580977869061
Thu Oct 19 12:42:57 +0000 2023;1714985485490389221;"@IND0_Update @MataNajwa @Metro_TV @tvOneNews Proaktifitas Menteri Investasi Bahlil Lahadalia sangat menginspirasi. Ia tidak hanya memantau investasi Rempang, tetapi juga membawa semangat baru dalam menciptakan solusi yang adil dan berkelanjutan bagi semua pihak yang terlibat. #HIPMIRempang Bahlil Kawal Investasi";0;0;0;0;in;1641964802527617027;1714923582747533425;lumpiarebung1;https://twitter.com/lumpiarebung1/status/1714985485490389221
Thu Oct 19 12:42:25 +0000 2023;1714985352254148796;"Dalam mengawal investasi Rempang, pak Bahlil membuktikan bahwa proaktifitas adalah kunci kesuksesan. Dgn komunikasi yg baik dan cerdas, ia menciptakan kondisi yg mendukung pertumbuhan ekonomi &amp  kesejahteraan masyarakat. #HIPMIRempang Bahlil Kawal Investasi https://t.co/mCk8q8jN8q";0;0;0;0;in;1641964802527617027;1714985352254148796;lumpiarebung1;https://twitter.com/lumpiarebung1/status/1714985352254148796
Thu Oct 19 12:41:57 +0000 2023;1714985234905919879;"Update Pergeseran Warga Rempang, Sudah 52 KK Pindah ke Hunian Sementara https://t.co/AOtVPwOMh2";0;0;0;0;in;4401199034;1714985234905919879;WartaKepri;https://twitter.com/WartaKepri/status/1714985234905919879
Thu Oct 19 12:41:10 +0000 2023;1714985039258341445;"Tim Advokasi Ajukan Praperadilan Penahanan 30 Warga Rempang https://t.co/QUSllxUwLU";0;0;1;0;in;1216815734233264128;1714985039258341445;IDNTimesSumut;https://twitter.com/IDNTimesSumut/status/1714985039258341445
Thu Oct 19 12:40:59 +0000 2023;1714984989719409054;"@savicali Mahfud oMDo, dari kanjuruhan, 350T, omnibus law, sampai rempang";0;0;0;0;in;951952690111594496;1714556564990984602;NgilmuKantiLaku;https://twitter.com/NgilmuKantiLaku/status/1714984989719409054
Thu Oct 19 12:40:26 +0000 2023;1714984853320749093;"Menteri Investasi Bahlil Lahadalia telah membuktikan proaktifitasnya dalam mengawal investasi Rempang. Keberhasilan ini adalah hasil dari kerja keras, komitmen, dan kesungguhan beliau dalam menciptakan kesepakatan yang adil dan berkelanjutan. #HIPMIRempang Bahlil Kawal Investasi https://t.co/EA0P2M8SS1";0;0;0;0;in;1641964802527617027;1714984853320749093;lumpiarebung1;https://twitter.com/lumpiarebung1/status/1714984853320749093
Thu Oct 19 12:37:30 +0000 2023;1714984116549218770;"@IND0_Update @MataNajwa @Metro_TV @tvOneNews Bahlil Lahadalia adalah contoh nyata pemimpin proaktif yang selalu berada di garis depan untuk memastikan investasi Rempang berjalan baik. Dukungan dan dedikasinya membawa dampak positif bagi masyarakat dan investor. #HIPMIRempang Bahlil Kawal Investasi";0;0;0;0;in;1574269426001510401;1714923582747533425;topisupermanku;https://twitter.com/topisupermanku/status/1714984116549218770
Thu Oct 19 12:37:29 +0000 2023;1714984110727540881;"@IND0_Update @MataNajwa @Metro_TV @tvOneNews sangat bagus HIMPI mendukung pak bahlil dalam mengkawal investasi yang ada di rempang  #HIPMIRempang";0;0;0;0;in;1495215176957952000;1714923582747533425;Imuih8;https://twitter.com/Imuih8/status/1714984110727540881
Thu Oct 19 12:34:58 +0000 2023;1714983476481696097;"Keberhasilan investasi Rempang tak terlepas dari proaktifitas Menteri Bahlil. Dengan konsistensinya dalam memastikan kesepakatan yg adil, ia membuktikan bahwa investasi yg sukses memperhatikan kepentingan semua pihak. #HIPMIRempang Bahlil Kawal Investasi https://t.co/510sdTLyIm";0;0;0;0;in;1574269426001510401;1714983476481696097;topisupermanku;https://twitter.com/topisupermanku/status/1714983476481696097
Thu Oct 19 12:34:44 +0000 2023;1714983420634501495;"https://t.co/rWoPlXX01E  Pak Bahlil tetap kawal investasi yang ada pada rempang  #HIPMIRempang";0;0;0;0;in;1495215176957952000;1714983420634501495;Imuih8;https://twitter.com/Imuih8/status/1714983420634501495
Thu Oct 19 12:33:58 +0000 2023;1714983223795855801;"HIPMI siap memberikan perhatian besar dan siap kawal pak Bahlil dalam investasi di rempang  #HIPMIRempang https://t.co/63Rwk4SmiD";0;0;0;0;in;1495215176957952000;1714983223795855801;Imuih8;https://twitter.com/Imuih8/status/1714983223795855801
Thu Oct 19 12:33:19 +0000 2023;1714983063774748934;"Pak Bahlil teladan proaktifitas dan integritas. Beliau tidak hanya mengawal investasi Rempang, tetapi jg memastikan terciptanya kesepakatan antara warga setempat dan investor. Kami bersyukur memiliki pemimpin yg konsisten dlm memajukan negeri. #HIPMIRempang Bahlil Kawal Investasi https://t.co/5IQhUMF8Ai";0;0;0;0;in;1574269426001510401;1714983063774748934;topisupermanku;https://twitter.com/topisupermanku/status/1714983063774748934
Thu Oct 19 12:31:51 +0000 2023;1714982691962343906;"@MichelAdam7__ Bukan jadi rempang, tapi jadi palestina klo palesgin dikuasai israil tapi klo Indonesia dikuasai komunis cina";0;0;0;1;in;3221311422;1714812811719938125;denbagusarjuna2;https://twitter.com/denbagusarjuna2/status/1714982691962343906
Thu Oct 19 12:30:01 +0000 2023;1714982230572093649;"@IND0_Update @MataNajwa @Metro_TV @tvOneNews Dgn ketekunan &amp  dedikasi, Menteri Investasi Bahlil Lahadalia terus mengawal investasi Rempang untuk memberikan manfaat maksimal kpd masyarakat dan investor. Kami mengapresiasi proaktifnya dalam menciptakan solusi yg menguntungkan semua pihak. #HIPMIRempang Bahlil Kawal Investasi";0;0;0;0;in;1577993589766131712;1714923582747533425;mylilprincess20;https://twitter.com/mylilprincess20/status/1714982230572093649
Thu Oct 19 12:29:08 +0000 2023;1714982010056565217;"HIPMI yakin investasi Rempang akan menciptakan efek domino positif dalam pertumbuhan ekonomi nasional. Kami bangga menjadi bagian dari dukungan ini bersama Menteri Investasi Bahlil Lahadalia. Bersama, kita wujudkan masa depan yang lebih cerah. #HIPMIRempang Bahlil Kawal Investasi https://t.co/CzkUHdVZ20";0;0;0;0;in;1577993589766131712;1714982010056565217;mylilprincess20;https://twitter.com/mylilprincess20/status/1714982010056565217
Thu Oct 19 12:28:46 +0000 2023;1714981917479887270;"HIPMI melihat investasi Rempang sebagai langkah maju dalam membangun ekonomi yang inklusif dan berkelanjutan. Kami mendukung penuh inisiatif Menteri Investasi Bahlil Lahadalia dalam memastikan keberhasilan proyek ini. #HIPMIRempang Bahlil Kawal Investasi https://t.co/nqT8nkvSkg";0;0;0;0;in;1577993589766131712;1714981917479887270;mylilprincess20;https://twitter.com/mylilprincess20/status/1714981917479887270
Thu Oct 19 12:28:33 +0000 2023;1714981860617625687;"@GunRomli masalahnya tau saja kan ndak cukup om gun. pak mahfud pasti tau apa yg diharapkan dari keluarga korban insiden kanjuruhan, misalnya, pak ganjar pasti tau apa yg dikehendaki warga wadas dan kelompok penolak tambang dan pabrik semen di Rembang dan Pati. tau dong....";0;0;0;0;in;197101589;1714923261816127542;insahu;https://twitter.com/insahu/status/1714981860617625687
Thu Oct 19 12:27:24 +0000 2023;1714981571168772154;"@savicali - Rempang - Kanjuruan  Tambahin dong mbak";0;0;0;0;in;1682032311028846592;1714556564990984602;ends7777777;https://twitter.com/ends7777777/status/1714981571168772154
Thu Oct 19 12:27:02 +0000 2023;1714981482576650241;"HIPMI berkomitmen mendukung investasi Rempang yang dipantau ketat oleh Menteri Investasi Bahlil Lahadalia. Keberhasilan proyek ini adalah bukti nyata kolaborasi yang solid untuk memajukan perekonomian dan kesejahteraan masyarakat. #HIPMIRempang Bahlil Kawal Investasi https://t.co/kcdp1xm3cC";0;0;0;0;in;1553361867900600321;1714981482576650241;stoolkhaki;https://twitter.com/stoolkhaki/status/1714981482576650241
Thu Oct 19 12:26:43 +0000 2023;1714981400066342991;"HIPMI memiliki keyakinan bahwa investasi di Rempang akan menciptakan lapangan pekerjaan, meningkatkan pendapatan daerah, dan memberdayakan masyarakat. Dukungan Bahlil Lahadalia sangat berarti dalam mewujudkan visi ini. #HIPMIRempang Bahlil Kawal Investasi https://t.co/Zrhaw6bWCg";0;0;0;0;in;1553361867900600321;1714981400066342991;stoolkhaki;https://twitter.com/stoolkhaki/status/1714981400066342991
Thu Oct 19 12:25:43 +0000 2023;1714981148697440366;"@IND0_Update @MataNajwa @Metro_TV @tvOneNews Semoga berjalan sesuai arahan pak bahlil selalu kawal investasi Rempang Eco City yang nantinya bisa berdampak luas bagi masyarakat pulau rempang #HIPMIRempang";0;0;0;0;in;293426921;1714923582747533425;obet_tebo;https://twitter.com/obet_tebo/status/1714981148697440366
Thu Oct 19 12:25:10 +0000 2023;1714981011350786205;"@IND0_Update @MataNajwa @Metro_TV @tvOneNews HIPMI melihat investasi Rempang sebagai peluang emas bagi pengembangan ekonomi nasional dan kesejahteraan masyarakat sekitar. Bersama Bahlil Lahadalia, kami mendukung penuh agar proyek ini mencapai hasil terbaik. #HIPMIRempang Bahlil Kawal Investasi";0;0;0;0;in;1579710223899856896;1714923582747533425;semurdagingku;https://twitter.com/semurdagingku/status/1714981011350786205
Thu Oct 19 12:24:56 +0000 2023;1714980951267352721;"Tahun 2023 kita melihat sederet peristiwa yang merampas hak sebagai warga negara. Melalui Diksusi Publik kita mengajak seluruh komponen masyarakat hadir.   Seruyan, Rempang, Pakel, Wadas, dan banyak lagi, adalah bukti kekerasan yang dilakukan negara.  Kalian Semua di Undang! https://t.co/PEov3gKGYc";0;0;4;6;in;1214919012255035392;1714980951267352721;kaderhijaumu;https://twitter.com/kaderhijaumu/status/1714980951267352721
Thu Oct 19 12:24:47 +0000 2023;1714980915011842409;"HIPMI optimis bahwa investasi Rempang akan menjadi pendorong pertumbuhan ekonomi nasional. Dukungan Menteri Investasi Bahlil Lahadalia sangat berarti dalam memastikan proyek ini sukses dan memberikan manfaat bagi semua. #HIPMIRempang Bahlil Kawal Investasi https://t.co/H7CKImn3eD";0;0;0;1;in;1579710223899856896;1714980915011842409;semurdagingku;https://twitter.com/semurdagingku/status/1714980915011842409
Thu Oct 19 12:24:43 +0000 2023;1714980898574422432;"Program Menteri Bahlil Kawal Investasi proyek Rempang Eco City bisa mendorong pembangunan infrastruktur disana jadi makin efektif. #HIPMIRempang  https://t.co/3aLFmTWcJW";0;0;0;0;in;293426921;1714980898574422432;obet_tebo;https://twitter.com/obet_tebo/status/1714980898574422432
Thu Oct 19 12:24:26 +0000 2023;1714980827652837425;"HIPMI melihat masa depan cerah dalam investasi Rempang. Proyek ini tidak hanya membawa kemajuan ekonomi, tetapi juga meningkatkan kesejahteraan masyarakat sekitar. Bersama, kita menjadikan visi ini menjadi kenyataan. #HIPMIRempang Bahlil Kawal Investasi https://t.co/1XlQcyto2R";0;0;0;0;in;1579710223899856896;1714980827652837425;semurdagingku;https://twitter.com/semurdagingku/status/1714980827652837425
Thu Oct 19 12:24:05 +0000 2023;1714980739278876897;"@ekowboy2 sorry to say bro @Adiprayitno_20 anda tbukti bego..kapal ini jd berlayar kami tdk mw ngikutin anda krn tdk mau indo jd termiskin, terstunting,tertinggi putus skolah,upah buruh kecil sbgm data BPS.kami mw skandal 349T yg diungkap mahfud (skrg kicep) tuntas,Rempang ckup yg trakhir!";0;0;0;0;in;57978866;1714974793513205843;fefadly;https://twitter.com/fefadly/status/1714980739278876897
Thu Oct 19 12:24:01 +0000 2023;1714980722543595583;"Lama saya duduk berbicara dengan bang burhan sore itu.  Saya bertanya apa rasanya memenjarakan mantan Gubernur pak ismeth om?  Dan apa rasanya menjadi maestro perlawanan rempang? Beliau jawab panggilan hati 😆";0;1;0;0;in;1344939179289890816;1714980722543595583;Taufiqkardians1;https://twitter.com/Taufiqkardians1/status/1714980722543595583
Thu Oct 19 12:23:45 +0000 2023;1714980654063223226;"Dengan pak bahlil terus kawal investasi dalam negeri, diharapkan perkembangan proyek rempang eco-city bisa membawa manfaat berkelanjutan bagi semua pihak yang terlibat. #HIPMIRempang https://t.co/if7Buwyhpq";0;0;0;0;in;293426921;1714980654063223226;obet_tebo;https://twitter.com/obet_tebo/status/1714980654063223226
Thu Oct 19 12:23:39 +0000 2023;1714980627475550668;"Bismillah  Kabar baru nih dari emak² tangguh di Kampung Tua Rempang.  Tetap Semangat mempertahankan Kampung Tua Mereka. Pokoknya... No Oligarki‼️ Oligarki tidak boleh masuk Rempang, begitu kata mereka. (19/10/2023)  Allahu Akbar ☝️ https://t.co/qecn24KbDX";0;1;57;88;in;1651123026203901952;1714980627475550668;NinzExe07;https://twitter.com/NinzExe07/status/1714980627475550668
Thu Oct 19 12:23:12 +0000 2023;1714980514535461306;"@IND0_Update @MataNajwa @Metro_TV @tvOneNews HIPMI percaya bahwa investasi di Rempang akan membuka peluang baru bagi perekonomian nasional. Kami mendukung sepenuhnya upaya Menteri Investasi Bahlil Lahadalia dalam mengawal proyek ini menuju kesuksesan. #HIPMIRempang Bahlil Kawal Investasi";0;0;0;0;in;1579708797077303296;1714923582747533425;buntilparia;https://twitter.com/buntilparia/status/1714980514535461306
Thu Oct 19 12:22:49 +0000 2023;1714980419396083847;"HIPMI yakin investasi Rempang akan membawa dampak positif besar bagi ekonomi nasional dan daerah. Dengan keyakinan ini, kita bersama mendukung agar proyek ini sukses dan masyarakat sekitar dapat merasakan manfaatnya. #HIPMIRempang Bahlil Kawal Investasi https://t.co/ZtZu1pEafJ";0;0;0;0;in;1579708797077303296;1714980419396083847;buntilparia;https://twitter.com/buntilparia/status/1714980419396083847
Thu Oct 19 12:22:32 +0000 2023;1714980346817855995;"@mohmahfudmd? Menolak lupa Perrpu UUCK, kekerasan di Papua, Kanjuruhan, Rempang, &amp  begitu banyak kekerasan oleh aparat negara yg dibiarkannya";0;0;0;0;in;175442007;1714980346817855995;ecosocrights;https://twitter.com/ecosocrights/status/1714980346817855995
Thu Oct 19 12:22:24 +0000 2023;1714980313108185422;"HIPMI bersama Menteri Investasi Bahlil Lahadalia menegaskan komitmen dalam mendukung investasi Rempang Eco City. Dengan kerja sama yang solid, kita akan membangun ekonomi yang inklusif dan berkelanjutan untuk semua. #HIPMIRempang Bahlil Kawal Investasi https://t.co/fJDRLNF1xD";0;0;0;0;in;1579708797077303296;1714980313108185422;buntilparia;https://twitter.com/buntilparia/status/1714980313108185422
Thu Oct 19 12:20:42 +0000 2023;1714979886555976021;"@IND0_Update @MataNajwa @Metro_TV @tvOneNews HIPMI bangga melihat perhatian Menteri Investasi Bahlil Lahadalia terhadap proyek Rempang Eco City. Kami siap berkolaborasi untuk menciptakan lingkungan bisnis yang kondusif dan berdaya saing. #HIPMIRempang Bahlil Kawal Investasi";0;0;0;0;in;1601024453910986753;1714923582747533425;botolpinkeu1;https://twitter.com/botolpinkeu1/status/1714979886555976021
Thu Oct 19 12:16:47 +0000 2023;1714978899518697577;"HIPMI optimis bahwa investasi Rempang Eco City yang dipantau secara ketat oleh Menteri Investasi Bahlil Lahadalia akan menjadi pendorong pertumbuhan ekonomi lokal. Dukungan penuh untuk keberlanjutan proyek ini! #HIPMIRempang Bahlil Kawal Investasi https://t.co/LMW9Gefp64";0;0;0;0;in;1601024453910986753;1714978899518697577;botolpinkeu1;https://twitter.com/botolpinkeu1/status/1714978899518697577
Thu Oct 19 12:16:16 +0000 2023;1714978770904576108;"HIPMI berkomitmen utk mendukung investasi Rempang Eco City yg dikawal oleh Menteri Investasi Bahlil Lahadalia. Dgn kerjasama yg solid, proyek ini akan menciptakan dampak yg signifikan bagi masyarakat dan pengusaha muda. #HIPMIRempang Bahlil Kawal Investasi https://t.co/KmTdfiMY9Z";0;0;0;0;in;1601024453910986753;1714978770904576108;botolpinkeu1;https://twitter.com/botolpinkeu1/status/1714978770904576108
Thu Oct 19 12:15:53 +0000 2023;1714978672841801973;"@CNNIndonesia Anda sendiri dikutuk oleh warga Rempang😄";0;0;0;6;in;2287655107;1714946963224031433;harmenn_syah;https://twitter.com/harmenn_syah/status/1714978672841801973
Thu Oct 19 12:13:50 +0000 2023;1714978157013725497;"@IND0_Update @MataNajwa @Metro_TV @tvOneNews HIPMI mengapresiasi peran Menteri Investasi Bahlil Lahadalia dalam pengawalan proyek Rempang Eco City. Keberhasilan investasi ini akan menciptakan lapangan pekerjaan dan memajukan ekonomi daerah. #HIPMIRempang Bahlil Kawal Investasi";0;0;0;0;in;1598355406023458816;1714923582747533425;poplightku;https://twitter.com/poplightku/status/1714978157013725497
Thu Oct 19 12:12:45 +0000 2023;1714977888309760278;"@cesar1st @ernestprakasa @aby_surmadi Siapa bang? Pak mahfud maksudny? Rempang kan dia juga tau tuh sejarahny. Apakabar rempang sekarang ya?";0;0;0;0;in;1324246656561278976;1714958741257552151;gapunyahobby;https://twitter.com/gapunyahobby/status/1714977888309760278
Thu Oct 19 12:11:25 +0000 2023;1714977549854593308;"Lalu bagaimana kasus Rempang? Pak Mahfud sebagai Menkopolhukam tentu bisa saja membela rakyat Rempang. Tapi pak Jokowi, menko marves dan menteri Investasi kan ingin ada investasi besar besaran di Indonesia. Presiden yang harusnya mikir apakah investasi ini merugikan rakyat.";0;1;0;0;in;558402914;1714976277508378859;SiahaanSabeth;https://twitter.com/SiahaanSabeth/status/1714977549854593308
Thu Oct 19 12:10:10 +0000 2023;1714977237324398892;"@Odiieahmad @ernestprakasa Knp ga dia urusin dulu aja itu rempang.. jauh2 amat rubah hukum di indonesia kalo jadi wapres. Buktikan dengan fakta yg ada";0;0;0;1;in;1324246656561278976;1714958741257552151;gapunyahobby;https://twitter.com/gapunyahobby/status/1714977237324398892
Thu Oct 19 12:07:09 +0000 2023;1714976475223634013;"Bahlil Kawal Investasi , dukung terus buat yg terbaik warga rempang #HIPMIRempang  https://t.co/orz8h3e7Jf";0;0;0;0;in;1651098670488780800;1714976475223634013;fredayena;https://twitter.com/fredayena/status/1714976475223634013
Thu Oct 19 12:07:06 +0000 2023;1714976463039103011;"@muchlis_ar warga rempang z melawan ketika tanah kelahiran ny mau d ambil ..";0;0;0;0;in;1605154707420241920;1714638108485198076;aih_aria;https://twitter.com/aih_aria/status/1714976463039103011
Thu Oct 19 11:56:46 +0000 2023;1714973865435402749;"@PDI_Perjuangan Ga bela rempang?wkwk";0;0;0;0;in;1183615136994480128;1714625094818079126;danirifay;https://twitter.com/danirifay/status/1714973865435402749
Thu Oct 19 11:54:59 +0000 2023;1714973413541089551;"HIPMI bersama Menteri Investasi Bahlil Lahadalia siap mendukung proyek Rempang Eco City. Keberhasilan investasi ini akan membuka peluang baru bagi pengusaha muda dan mendukung pertumbuhan ekonomi regional. #HIPMIRempang Bahlil Kawal Investasi https://t.co/BeMkRy9GuD";0;0;0;0;in;1598355406023458816;1714973413541089551;poplightku;https://twitter.com/poplightku/status/1714973413541089551
Thu Oct 19 11:54:32 +0000 2023;1714973303188636050;"HIPMI mendukung penuh langkah Menteri Investasi Bahlil Lahadalia dalam mengawal investasi Rempang Eco City. Bersama-sama, kita membangun masa depan yang berkelanjutan dan memberi dampak positif bagi perekonomian lokal. #HIPMIRempang Bahlil Kawal Investasi  https://t.co/q2dnUOUxmO";0;0;0;0;in;1598355406023458816;1714973303188636050;poplightku;https://twitter.com/poplightku/status/1714973303188636050
Thu Oct 19 11:53:16 +0000 2023;1714972984547725331;"@PDI_Perjuangan Pendekar hukum pembela wong cilik, sampe warga rempang mau digusur dan di buldoser pun mahfud diam gak berkutik... Banyak kasus hukum yg terjadi, tp pendekarnya jg gak berkutik...";0;0;0;1;in;1559172541427507200;1714625094818079126;kimthejenggot;https://twitter.com/kimthejenggot/status/1714972984547725331
Thu Oct 19 11:53:04 +0000 2023;1714972932559306892;"@IND0_Update @MataNajwa @Metro_TV @tvOneNews HIPMI bangga melihat perhatian Menteri Investasi Bahlil Lahadalia terhadap proyek Rempang Eco City. Keterlibatan aktifnya dalam pengawasan proyek ini menunjukkan komitmen pemerintah dalam mendukung investasi berkelanjutan. #HIPMIRempang Bahlil Kawal Investasi";0;0;0;0;in;1574257961530433536;1714923582747533425;loncengsapiku;https://twitter.com/loncengsapiku/status/1714972932559306892
Thu Oct 19 11:52:15 +0000 2023;1714972725272510523;"@Tengkode1 @Ratat4x @deddysitorus @elisa_jkt @NasDem Setelah kejadian penggusuran mahfud mengeluarkan statement bahwa itu bukan penggusuran tp pengosongan lahan, selanjutny beliau blg bhw org di pulau rempang br menghuni setelah tahun 2000  https://t.co/b8S3Wv8h8T";0;1;0;0;in;99301725;1714656697896374605;m_husni_m;https://twitter.com/m_husni_m/status/1714972725272510523
Thu Oct 19 11:51:41 +0000 2023;1714972583987401013;"HIPMI yakin bahwa investasi Rempang Eco City akan membuka peluang besar bagi pengusaha muda. Dengan dukungan Menteri Investasi Bahlil Lahadalia, proyek ini diawasi secara ketat, menjanjikan keberlanjutan dan keberhasilan. #HIPMIRempang Bahlil Kawal Investasi https://t.co/J3qOgPBBre";0;0;0;0;in;1574257961530433536;1714972583987401013;loncengsapiku;https://twitter.com/loncengsapiku/status/1714972583987401013
Thu Oct 19 11:50:36 +0000 2023;1714972312032997809;"@TretanMuslim @mohmahfudmd tp selama jadi menteri gk ada gunanya .bnyk kasus djaman doi menteri ..gk ada penyelesaian..terakhir kasus rempang";0;0;0;0;in;409855106;1714846708914671651;joesebutirpasir;https://twitter.com/joesebutirpasir/status/1714972312032997809
Thu Oct 19 11:50:30 +0000 2023;1714972287026483357;"HIPMI turut mendukung investasi Rempang Eco City yang digawangi oleh Menteri Investasi Bahlil Lahadalia. Keberhasilan proyek ini bukan hanya sekadar investasi, tapi juga peningkatan kesejahteraan bagi masyarakat lokal. #HIPMIRempang Bahlil Kawal Investasi https://t.co/VqgfESZKvr";0;0;0;0;in;1574257961530433536;1714972287026483357;loncengsapiku;https://twitter.com/loncengsapiku/status/1714972287026483357
Thu Oct 19 11:50:13 +0000 2023;1714972216595787934;"@IND0_Update @MataNajwa @Metro_TV @tvOneNews Patut diapresiasi juga tindakan HIPMI ini, ikut Pak Bahlil Kawal Investasi Rempang #HIPMIRempang";0;0;0;0;in;446702105;1714923582747533425;aBTS_twt;https://twitter.com/aBTS_twt/status/1714972216595787934
Thu Oct 19 11:49:52 +0000 2023;1714972126959304990;"@Indonesiaguyub @KompasTV Wapres ora mutu. Rakyat indonesia gk goblok. Dia yg selama ini merem terhadap pelanggaran HAM termasuk rempang. Malah menyalahkan penduduk Rempang yg notabene sudah jadi masyarakat adat turun temurun.";0;0;0;0;in;105059149;1714674219634798868;avghr;https://twitter.com/avghr/status/1714972126959304990
Thu Oct 19 11:49:17 +0000 2023;1714971980230013118;"@CNNIndonesia Dulu waktu kampanye teriak kemerdekaan palestina.sekaramg sudah 2 periode cuman ngutuk. Rakyat rempang,kalimantan, papua, lombok, bali korban kebijakan ngawur berdalih psn itu saja diurusi dulu pak";0;0;0;0;in;1131341345505783808;1714946963224031433;MrGood24235537;https://twitter.com/MrGood24235537/status/1714971980230013118
Thu Oct 19 11:46:39 +0000 2023;1714971319832617330;"@elisa_jkt sepakat sis  maput hanya sangar di sosmed SEBELUM dia menjabat menkopolhukam  saat dia menjabat Menkopolhukam... hadoooo  MLEMPEM  intimidasi minoritas rempang kanjuruhan dll termasuk yg cw lawan pemda sumatra kapan hari itu  payah payah";0;0;0;0;in;1051432770755411968;1714656697896374605;0pp4_lee;https://twitter.com/0pp4_lee/status/1714971319832617330
Thu Oct 19 11:46:16 +0000 2023;1714971220456968425;"Aku sangat lah sedih saat melihat tingkah ku seperti bajingan.";0;0;0;0;in;1700998856371273728;1714971220456968425;rem76176;https://twitter.com/rem76176/status/1714971220456968425
Thu Oct 19 11:46:02 +0000 2023;1714971163611513022;"@AndiePeci Tragedi kanjuruhan, rempang, wadas, dago elos, dan masih banyak yg lain.  Rakyat sudah muak 👊";0;0;0;1;in;315076585;1714898412200735182;dhindaputra;https://twitter.com/dhindaputra/status/1714971163611513022
Thu Oct 19 11:37:22 +0000 2023;1714968981478748176;"@IND0_Update @MataNajwa @Metro_TV @tvOneNews Bahlil Kawal Investasi untuk rempang #HIPMIRempang";0;0;0;0;in;1664887904999706625;1714923582747533425;wahyuditirta44;https://twitter.com/wahyuditirta44/status/1714968981478748176
Thu Oct 19 11:30:19 +0000 2023;1714967208198336751;"@Ratat4x @m_husni_m @deddysitorus @elisa_jkt @NasDem Nahhh,itu yg benar. Tanyakan kenapa kadernya gak mampu menangani masalah Rempang.";0;0;1;1;in;1420667639228030983;1714656697896374605;Tengkode1;https://twitter.com/Tengkode1/status/1714967208198336751
Thu Oct 19 11:23:42 +0000 2023;1714965542002729075;"@jokowi Ga usah jauh jauh ke Gaza Pak konflik di Rempang dan beberapa daerah di Indonesia di tindak lanjuti dulu";0;0;1;1;in;884624198395600896;1714949968119976036;esti_joko;https://twitter.com/esti_joko/status/1714965542002729075
Thu Oct 19 11:19:55 +0000 2023;1714964590503870684;"@m_husni_m @Ratat4x @deddysitorus @elisa_jkt @NasDem Ini statement beliau tentang rempang, bagian mananya yg menurut ente mendukung aksi anarkis aparat? Mending ente tanya tuh ketua DPW nasdem Kepri yg juga walikota Batam, kenapa masalah Rempang begitu runyam! https://t.co/nQMgAsYM0p";0;1;1;1;in;1420667639228030983;1714656697896374605;Tengkode1;https://twitter.com/Tengkode1/status/1714964590503870684
Thu Oct 19 11:19:18 +0000 2023;1714964436598047169;"@nioscenics Bikin video sambil tepuk rembang pls 😭😭😭";0;0;0;0;in;948377090893660160;1714963599247221074;seisriro;https://twitter.com/seisriro/status/1714964436598047169
Thu Oct 19 11:15:59 +0000 2023;1714963599247221074;"I left my heart in Rembang. ❤️ https://t.co/GZTil8QPvu";0;3;0;0;en;1384503554182770695;1714963599247221074;nioscenics;https://twitter.com/nioscenics/status/1714963599247221074
Thu Oct 19 11:14:05 +0000 2023;1714963122744946850;"@jokowi Rempang jadi di geser pa?";0;1;0;0;in;302039283;1714949968119976036;jogjaplaza;https://twitter.com/jogjaplaza/status/1714963122744946850
Thu Oct 19 11:05:34 +0000 2023;1714960980302786780;"@jokowi Tindakan kekerasan yg terjadi di Rempang adalah planggaran hukum dan Ham yg dilakukan pemerintahan 🤭";0;0;2;2;in;1548650282417999872;1714949968119976036;JoniGinting20;https://twitter.com/JoniGinting20/status/1714960980302786780
Thu Oct 19 11:03:55 +0000 2023;1714960563221180430;"Bimtek Perbenihan Kacang Hijau Untuk Peningkatan Kapasitas Petani di Rembang https://t.co/24ah3e1eCM";0;0;0;0;in;854601896518012928;1714960563221180430;bsipanekakacang;https://twitter.com/bsipanekakacang/status/1714960563221180430
Thu Oct 19 11:01:23 +0000 2023;1714959924558700833;"@txtdrpemerintah Warga Rempang: "nyindir diri sendiri?"";0;0;0;1;in;1252434807029547011;1714943405187629541;pastibisaaa_;https://twitter.com/pastibisaaa_/status/1714959924558700833
Thu Oct 19 10:56:59 +0000 2023;1714958820429250618;"@Tengkode1 @Ratat4x @deddysitorus @elisa_jkt @NasDem Ini bkn lg ngomongin tanggung jawab siapa, tp lg ngomongin pak mahfud ngapain dan berada di pihak siapa, di rempang itu jls pelanggaran ham, tp statement pak mahfud malah dukung aksi yg dilakukan aparat";0;3;0;0;in;99301725;1714656697896374605;m_husni_m;https://twitter.com/m_husni_m/status/1714958820429250618
Thu Oct 19 10:56:17 +0000 2023;1714958642230055107;"@Tendy_KeyBass @HusinShihab @mohmahfudmd @ganjarpranowo Pasti kau cemburu toh..... Urus saja capresmu. Jgn lupa ke Wadas atau Rempang";0;0;0;0;in;806739138108006400;1714472050742726836;TerrangThamrin;https://twitter.com/TerrangThamrin/status/1714958642230055107
Thu Oct 19 10:51:13 +0000 2023;1714957368340185291;"@smokybae @txtdrpemerintah Penyelesaian Konflik Papua? Yang ada malah makim ga beres bukan mereda.  Soal Rempang? Malah menuduh masyarakat yg tinggal di sana.  Dari periode sebelumnya, harus diakui periode skrg itu aparat makin represif.  Sudah diberi kesempatan 1 periode";0;1;0;3;in;1627613239508074497;1714943405187629541;dehery13;https://twitter.com/dehery13/status/1714957368340185291
Thu Oct 19 10:51:00 +0000 2023;1714957311943590033;"Labuan Bajo sudah merasakan tipu-tipu Investasi cukong Properti. Jangan sampai Rempang mengalami hal yang sama. Bersama kita jaga Rempang. https://t.co/0kMxRel5QC";1;0;3;2;in;213168371;1714957311943590033;AH_SiregarXIX;https://twitter.com/AH_SiregarXIX/status/1714957311943590033
Thu Oct 19 10:50:33 +0000 2023;1714957200668672141;"@jokowi Kalo kekerasan yg dialami warga rempang gimana tu mint";0;0;0;0;in;1426887455265812483;1714949968119976036;itsquaileggs;https://twitter.com/itsquaileggs/status/1714957200668672141
Thu Oct 19 10:49:52 +0000 2023;1714957028693836280;"Rempang: punten?!";0;0;0;0;in;1426887455265812483;1714957028693836280;itsquaileggs;https://twitter.com/itsquaileggs/status/1714957028693836280
Thu Oct 19 10:49:51 +0000 2023;1714957025803931929;"Aku sih sangat mendukung proses investasi di pulau Rempang Bahlil Kawal Investasi  #HIPMIRempang  https://t.co/A5QhBmjiGg";0;0;0;0;in;1664891806897823746;1714957025803931929;garingfandi;https://twitter.com/garingfandi/status/1714957025803931929
Thu Oct 19 10:48:41 +0000 2023;1714956728834625922;"@IND0_Update @MataNajwa @Metro_TV @tvOneNews Semangat pak Bahlil Kawal Investasi Rempang eco city , dan sehat selalu  #HIPMIRempang";0;0;0;0;in;1664891806897823746;1714923582747533425;garingfandi;https://twitter.com/garingfandi/status/1714956728834625922
Thu Oct 19 10:47:06 +0000 2023;1714956329998238150;"@bengkeldodo @Gerindra @P4P4B0W0_2024 @prabowo @prabowoisme @Ndons_Back @BANGSAygSUJUD @are_inismyname @Kimberley_2024 @MIrvanDarwin1 @AndreasSolusi @Abaaah Untuk keseluruhan jateng kirang faham mas, untuk jateng timur, rembang, jepara, kudus, demak saya yakin Ganjar tidak akan menang dengan telak, tinggal kabupaten kulo (pati) yg merahnya masih kuat, pilgub kemaren ganjar menang karena faktor Gus Yasinnya #SungkemMasku";0;0;0;0;in;802454752386809856;1714873823542349935;zein_aniq;https://twitter.com/zein_aniq/status/1714956329998238150
Thu Oct 19 10:40:41 +0000 2023;1714954716613116158;"@jokowi Ekhemzz Rempang Ekhemzz Kajuruhan";0;0;0;1;lt;1694131649989271552;1714949968119976036;just_be_shadow;https://twitter.com/just_be_shadow/status/1714954716613116158
Thu Oct 19 10:36:35 +0000 2023;1714953686802424179;"Sebanyak 52 KK warga Rempang sudah pindah ke hunian sementara yang terletak di empat lokasi berbeda. https://t.co/ucWsGe0qWb";0;0;0;0;in;238091066;1714953686802424179;InvestorID;https://twitter.com/InvestorID/status/1714953686802424179
Thu Oct 19 10:35:27 +0000 2023;1714953401904357759;"@elisa_jkt Bapak presiden apa jawabannya saat di tanya Rempang? Kog nanya saya. Apakah itu jawaban presiden?";0;0;0;0;in;558402914;1714656697896374605;SiahaanSabeth;https://twitter.com/SiahaanSabeth/status/1714953401904357759
Thu Oct 19 10:34:36 +0000 2023;1714953184165413300;"Update Pergeseran Warga Rempang, Sudah 52 KK Pindah ke Hunian Sementara https://t.co/PAfMbYD7WJ";0;0;0;1;in;154102750;1714953184165413300;Beritasatu;https://twitter.com/Beritasatu/status/1714953184165413300
Thu Oct 19 10:33:43 +0000 2023;1714952964790702206;"@Ratat4x @m_husni_m @deddysitorus @elisa_jkt @NasDem Rempang itu tanggung jawab siapa? Menkopolhukam atau kepala daerah tsb? Gak usah pake sumpah2 segala tong, wkwkwwk....";0;0;0;0;in;1420667639228030983;1714656697896374605;Tengkode1;https://twitter.com/Tengkode1/status/1714952964790702206
Thu Oct 19 10:31:44 +0000 2023;1714952465022648605;"@m_husni_m @Ratat4x @deddysitorus @elisa_jkt @NasDem Kapasitas Menkopolhukam atas rempang apa tong? Bukankah penggusuran,  relokasi dan ganti rugi adalah tanggung jawab kepala daerah setempat?";0;1;0;0;in;1420667639228030983;1714656697896374605;Tengkode1;https://twitter.com/Tengkode1/status/1714952465022648605
Thu Oct 19 10:31:37 +0000 2023;1714952434555273459;"Wah, Pak Bahlil sampai Kawal Investasi rempang dengan mendekati warga rempang secara humanis #HIPMIRempang  https://t.co/2bu9sP4Q0N";0;0;0;0;in;1361609778225504257;1714952434555273459;its_tsy;https://twitter.com/its_tsy/status/1714952434555273459
Thu Oct 19 10:29:47 +0000 2023;1714951972955292068;"@jokowi Rempang dan wadas ???";0;0;0;0;in;2481602298;1714949968119976036;DidingNurislam;https://twitter.com/DidingNurislam/status/1714951972955292068
Thu Oct 19 10:27:46 +0000 2023;1714951465197097254;"@tvOneNews Harapan masa depan dia, anak nya dan suaminya yg terlibat bts dan cucu cicitnya, rakyat liat aja rempang";0;0;0;0;in;1576980275946754048;1714931220604498294;ruangngupi;https://twitter.com/ruangngupi/status/1714951465197097254
Thu Oct 19 10:25:11 +0000 2023;1714950816061411630;"rilis lagi 🤗 .  langsung otw Rembang https://t.co/Zg8kSOD7zF";0;0;2;15;in;514316521;1714950816061411630;pamungkasbudhi;https://twitter.com/pamungkasbudhi/status/1714950816061411630
Thu Oct 19 10:25:02 +0000 2023;1714950779285721131;"@kompascom Milih baju aja bingung gmn mimpin negeri nanti suruh pilih lg bantai rakyat rempang apa piting aja 🤣";0;0;0;0;in;1576980275946754048;1714600015824597050;ruangngupi;https://twitter.com/ruangngupi/status/1714950779285721131
Thu Oct 19 10:23:13 +0000 2023;1714950319258611749;"giat KP IX-1004   Memberikan Himbauan atau Binmas kepada para pemancing agar berhati-hati saat mancing dipinggiran dermaga TPI Tasikagung Rembang. mengingatkan kepada para pemancing supaya tidak mencari ikan dengan senapan angin.   KOMANDAN KP IX-1004 BRIPKA ACMAD JAMI'ANTO https://t.co/845pSCo9yn";0;0;0;0;in;953252507362340865;1714950319258611749;PolairJateng;https://twitter.com/PolairJateng/status/1714950319258611749
Thu Oct 19 10:23:23 +0000 2023;1714950363349197110;"The following names are the causes and brains behind the armed conflict Papua &amp  Rempang, namely: Luhut Panjaitan, Mahfud MD &amp  Prabowo Subianto so remember not to cloose leader who bring Conflict for Indonesian Civil Society, especially Papuan People.@jubidotcom @KPU_ID #Knpbnews";0;0;0;2;en;1687584522769149952;1714950363349197110;Maria3287527771;https://twitter.com/Maria3287527771/status/1714950363349197110
Thu Oct 19 10:22:51 +0000 2023;1714950230591090719;"SAT POLAIRUD POLRES REMBANG   koordinasi dan mediasi konflik nelayan bertempat di aula lantai 2 PPP bajomulyo kec. Juana kab. Pati supaya selalu damai dilaut.  Kasat Polairud Res Rembang AKP SUKAMTO, S.H. https://t.co/cPRdfz2XhW";0;0;0;0;in;953252507362340865;1714950230591090719;PolairJateng;https://twitter.com/PolairJateng/status/1714950230591090719
Thu Oct 19 10:21:10 +0000 2023;1714949803715735988;"@Bravo_munte @tifsembiring Kunjungan seorng dubas tidak bisa menjadi ukuran.. kecuali anda membawa data perjanjian apa yg di hasilkan dari pertemuan itu.. semisal hgu 190 th di IKN misalnya, atau pabrik kaca di pulau rempang yg penuh kebohongan itu mislanya..🤷";0;0;0;0;in;1645622530621968385;1714600966316835186;Arie_gin2;https://twitter.com/Arie_gin2/status/1714949803715735988
Thu Oct 19 10:19:36 +0000 2023;1714949409400918329;"@CSzipel_ masyarakat Rempang mendapatkan hak dan kesejahteraan akan meningkat  #HIPMIRempang";0;0;0;0;in;1593068243052163072;1714923086607454625;vpenoozy;https://twitter.com/vpenoozy/status/1714949409400918329
Thu Oct 19 10:19:11 +0000 2023;1714949304543220202;"#AniesMuhaimin2024 Rempang";0;0;0;0;in;1670070721186529280;1714949304543220202;joko_ngiboel;https://twitter.com/joko_ngiboel/status/1714949304543220202
Thu Oct 19 10:14:36 +0000 2023;1714948153345298516;"@VIVAcoid Harapan seperti yang terjadi di rempang, di wadas ya";0;0;0;0;in;347223764;1714925627168772429;emfahmifzl;https://twitter.com/emfahmifzl/status/1714948153345298516
Thu Oct 19 10:12:14 +0000 2023;1714947558290956311;"@lonely_ranger93 @ahmahmNiam @zhil_arf Ya tapi banyak kasus lain yang ngambang di bawah dia, spt rempang, kanjuruhan, dll. Aparat penegak hukum kan kewenangan beliau tapi ya tahu apa saya soal 🤷‍♂️";0;0;0;0;in;321776209;1714648828861882521;hnfdn;https://twitter.com/hnfdn/status/1714947558290956311
Thu Oct 19 10:12:09 +0000 2023;1714947535050272918;"#AniesMuhaimin2024 Rempang";0;0;0;0;in;1670070721186529280;1714947535050272918;joko_ngiboel;https://twitter.com/joko_ngiboel/status/1714947535050272918
Thu Oct 19 10:08:55 +0000 2023;1714946724039713276;"Update Kabar Warga Rempang,  52 KK Tempati Hunian Sementara https://t.co/BLX1GK5fUI lewat @Berita Terkini Hari Ini, Kabar Akurat Independen Terpercaya -Independennews.com";0;0;0;0;in;1019731621;1714946724039713276;independennews1;https://twitter.com/independennews1/status/1714946724039713276
Thu Oct 19 10:08:47 +0000 2023;1714946690359435473;"Wajib bgt di apresiasi kinerja pak pak Bahlil, semoga Terealisasi ya pak untuk Investasi pembangunan Eco Park di Rempang segera selesai Agar perekonomian disana makin stabil #HIPMIRempang https://t.co/FFKOVfTf6c";0;0;0;0;in;1588794509973856256;1714946690359435473;hanietoms;https://twitter.com/hanietoms/status/1714946690359435473
Thu Oct 19 10:03:45 +0000 2023;1714945421251092633;"Semoga terealisasi pak untuk program investasi dan pembangunan Eco Park di Rempang! Semangat terus pak sampe tuntas biar ekonomi di sana makin membaik dan stabil  #HIPMIRempang https://t.co/vw5K6NORp1";0;0;0;0;in;1588794509973856256;1714945421251092633;hanietoms;https://twitter.com/hanietoms/status/1714945421251092633
Thu Oct 19 10:02:44 +0000 2023;1714945165029433401;"Kue Yopia merupakan jajanan asal daerah Lasem Rembang. Jajanan ini rupanya akulturasi dari kuliner Tiongkok dan Jawa https://t.co/8VqtAxalBf";0;0;0;0;in;1567067705962037251;1714945165029433401;Rembangnews_;https://twitter.com/Rembangnews_/status/1714945165029433401
Thu Oct 19 10:01:18 +0000 2023;1714944807041466489;"Musim Kemarau, Dintanpan Rembang sarankan para petani memiliki cara untuk menampung air saat hujan turun. Hal yang dimaksudkan adalah dengan membuat embung, long storage, hingga sumur tanah dangkal https://t.co/C3Ry6Jd1XN";0;0;0;0;in;1567067705962037251;1714944807041466489;Rembangnews_;https://twitter.com/Rembangnews_/status/1714944807041466489
Thu Oct 19 10:00:17 +0000 2023;1714944550614229459;"Bahlil Kawal Investasi rempang dengan cara bekerjasama dengan pemerintah   #HIPMIRempang https://t.co/xMDO89NeCx";0;0;0;0;in;1641685485625171970;1714944550614229459;sapirabella775;https://twitter.com/sapirabella775/status/1714944550614229459
Thu Oct 19 10:00:01 +0000 2023;1714944481907069090;"Bangkit bersama menteri BKPM demi wujudkan rempang eco city Bahlil Kawal Investasi #HIPMIRempang https://t.co/oLke7ieF8p";0;0;0;0;in;2758984659;1714944481907069090;tewlling;https://twitter.com/tewlling/status/1714944481907069090
Thu Oct 19 09:56:23 +0000 2023;1714943569247748121;"@IND0_Update @MataNajwa @Metro_TV @tvOneNews Menteri Bahlil Kawal Investasi rempang dengan cara bekerjasama dengan pemerintah. #HIPMIRempang";0;0;0;0;in;1641685485625171970;1714923582747533425;sapirabella775;https://twitter.com/sapirabella775/status/1714943569247748121
Thu Oct 19 09:56:20 +0000 2023;1714943554517344262;"@IND0_Update @MataNajwa @Metro_TV @tvOneNews Wah semangat pak, banyak yang dukung bapak untuk Investasi dan Realisasi Proyek Rempang Eco Park #HIPMIRempang";0;0;0;0;in;1588794509973856256;1714923582747533425;hanietoms;https://twitter.com/hanietoms/status/1714943554517344262
Thu Oct 19 09:55:50 +0000 2023;1714943430437294507;"Menteri Bahlil Kawal Investasi rempang dengan cara bekerjasama dengan pemerintah. #HIPMIRempang https://t.co/1bqQIOJgo1";0;0;0;0;in;1641685485625171970;1714943430437294507;sapirabella775;https://twitter.com/sapirabella775/status/1714943430437294507
Thu Oct 19 09:55:49 +0000 2023;1714943425261568134;"neng kota panas, balik rembang full kudanan😵‍💫";0;0;0;0;in;1356299246572457985;1714943425261568134;boyemha;https://twitter.com/boyemha/status/1714943425261568134
Thu Oct 19 09:55:48 +0000 2023;1714943422270943656;"Memberikan kontribusi nyata untuk masyarakat Rempang Bahlil Kawal Investasi  #HIPMIRempang https://t.co/Nd02qN4n5N";0;0;0;0;in;1644367186704871424;1714943422270943656;leoniimoet;https://twitter.com/leoniimoet/status/1714943422270943656
Thu Oct 19 09:55:07 +0000 2023;1714943249876693065;"Bahlil Kawal Investasi Rempang karena dengan kebijakan dan langkah2 untuk proyek tersebut dg mengutamakan hak2 warga Rempang yg tidak  ad yg perlu dirugikan bagi Pemerintah maupun Warga Rempang tsb. #HIPMIRempang https://t.co/mkcXevAI7N";0;0;0;0;in;1644808104582983682;1714943249876693065;saturaksaa;https://twitter.com/saturaksaa/status/1714943249876693065
Thu Oct 19 09:53:03 +0000 2023;1714942728486953173;"@IND0_Update @MataNajwa @Metro_TV @tvOneNews DPR dukung menteri investasi negara. Bahlil Kawal Investasi memberikan hak warga yang terdampak proyek rempang eco city #HIPMIRempang";0;0;0;0;in;1641699251007926272;1714923582747533425;lindawatigrng;https://twitter.com/lindawatigrng/status/1714942728486953173
Thu Oct 19 09:52:42 +0000 2023;1714942641249685651;"DPR dukung menteri investasi negara. Bahlil Kawal Investasi memberikan hak warga yang terdampak proyek rempang eco city #HIPMIRempang https://t.co/XYOQYC1p9k";0;0;0;0;in;1641699251007926272;1714942641249685651;lindawatigrng;https://twitter.com/lindawatigrng/status/1714942641249685651
Thu Oct 19 09:52:39 +0000 2023;1714942627530059840;"Pemerintah sangat mendukung langkah2 yg dilakukan bahlil untuk proyek Rempang, krn kebijakan tsb warga pulau Rempang akhirnya berbalik mendukung proyek di Pulau Rempang tersebut Bahlil Kawal Investasi #HIPMIRempang https://t.co/R4brlW7tyy";0;0;0;0;in;1644808104582983682;1714942627530059840;saturaksaa;https://twitter.com/saturaksaa/status/1714942627530059840
Thu Oct 19 09:51:42 +0000 2023;1714942387913621735;"Bahlil Kawal Investasi memang sangat bagus untuk warga rempang sehingga hak hak warga yang terdampak tetap terpenuhi #HIPMIRempang https://t.co/zeY78lIaju";0;0;0;0;in;1513504198876602375;1714942387913621735;anythingnich;https://twitter.com/anythingnich/status/1714942387913621735
Thu Oct 19 09:48:04 +0000 2023;1714941477183422722;"@GunRomli pasangan serasi wadas - rempang";0;0;0;0;in;1630723054023364608;1714578593098154217;NikelRestar;https://twitter.com/NikelRestar/status/1714941477183422722
Thu Oct 19 09:47:44 +0000 2023;1714941393691709601;"hipmi apresiasi pro aktif Bahlil Kawal Investasi nih guys bakal deketi warga Rempang secara humanis #HIPMIRempang  https://t.co/ivfR7hApfz https://t.co/KIxb1nfdNN";0;0;0;0;in;1588693083922628608;1714941393691709601;caca3ca;https://twitter.com/caca3ca/status/1714941393691709601
Thu Oct 19 09:46:52 +0000 2023;1714941172911907062;"Membacakan Nyaring https://t.co/Oi8jl0lCIn #MovingEp17 Narnia Azizah KDRT Abimana #MyLovelyLiarEp14 #TXTxDior #____ Halo-Halo Bandung Rempang https://t.co/LnKJzhAoBi https://t.co/WZK8dblIAv https://t.co/Q9lHo7lwmP https://t.co/dTzgpKSfik";0;0;0;0;in;1361969770346602501;1714941172911907062;donnymarthen;https://twitter.com/donnymarthen/status/1714941172911907062
Thu Oct 19 09:46:22 +0000 2023;1714941047552544800;"wah guys DPR bakal dukung langkah Bahlil Kawal Investasi  hak warga Rempang yang terdampak investasi nihh  #HIPMIRempang  https://t.co/uaeYv4lhks https://t.co/orI7XGYSuW";0;0;0;0;in;1410064505451663363;1714941047552544800;rklvel;https://twitter.com/rklvel/status/1714941047552544800
Thu Oct 19 09:41:59 +0000 2023;1714939943548760130;"Kita berkomitmen untuk terus mendukung investasi berkelanjutan! HIPMI mengucapkan terima kasih kepada Menteri Bahlil yang telah memantau proyek Rempang Eco Park dengan tekun.    Bahlil Kawal Investasi #HIPMIRempang https://t.co/RiAyXEoFpD";0;0;0;0;in;1702915989497839616;1714939943548760130;barahazia;https://twitter.com/barahazia/status/1714939943548760130
Thu Oct 19 09:40:41 +0000 2023;1714939616896385359;"@IND0_Update @MataNajwa @Metro_TV @tvOneNews Yang penting jangan sampai hak masyarakat Rempang tersisihkan Bahlil Kawal Investasi  #HIPMIRempang";0;0;0;1;in;920898956959268865;1714923582747533425;deczide;https://twitter.com/deczide/status/1714939616896385359
Thu Oct 19 09:39:52 +0000 2023;1714939413934080231;"Banyak dukungan terhadap Rempang Eco City juga karena nilai kesejahteraan masyarakat akan meningkat Bahlil Kawal Investasi  #HIPMIRempang https://t.co/eWq1H6NWIQ";0;0;0;1;in;920898956959268865;1714939413934080231;deczide;https://twitter.com/deczide/status/1714939413934080231
Thu Oct 19 09:38:54 +0000 2023;1714939168894423061;"Kunci kesuksesan dari investasi ini adalah kepedulian terhadap masyarakat Rempang  Bahlil Kawal Investasi  #HIPMIRempang https://t.co/i32a6FD0Tb";0;0;0;1;in;920898956959268865;1714939168894423061;deczide;https://twitter.com/deczide/status/1714939168894423061
Thu Oct 19 09:38:31 +0000 2023;1714939072865812844;"@floreskekinian2 Pendekatan secara harmonis yang dilakukan kepada para masyarakat rempang merupakan bukti bahwa Bahlil Kawal Investasi dengan cara tepat #HIPMIRempang";0;0;0;0;in;1702907818238705664;1714923087442153861;nindya_lovin;https://twitter.com/nindya_lovin/status/1714939072865812844
Thu Oct 19 09:37:34 +0000 2023;1714938833954025620;"@VIVAcoid bersih apanya, yg satu masalah wadas yang satu lgi masalah rempang";0;0;0;0;in;890601049714638848;1714925627168772429;travistimothy00;https://twitter.com/travistimothy00/status/1714938833954025620
Thu Oct 19 09:37:21 +0000 2023;1714938780183150938;"@CSzipel_ Semangat untuk Kawal Investasi Rempang Pak Bahlil, kami percaya dengan kemampuan bapak dan membawa sinergis yang sangat baik untuk warga di Rempang  #HIPMIRempang";0;0;0;0;in;1683366581789917184;1714923086607454625;syahila_ps;https://twitter.com/syahila_ps/status/1714938780183150938
Thu Oct 19 09:36:21 +0000 2023;1714938527786623155;"@IND0_Update @MataNajwa @Metro_TV @tvOneNews Dukung Bahlil Kawal Investasi untuk proyek Rempang Eco Park #HIPMIRempang";0;0;0;0;in;3274659116;1714923582747533425;its_rsmnr;https://twitter.com/its_rsmnr/status/1714938527786623155
Thu Oct 19 09:36:06 +0000 2023;1714938464654032989;"@floreskekinian2 Wah Pak Bahlil dapet kepercayaan serta dukungan loh terkait investasi di Rempang Bahlil Kawal Investasi #HIPMIRempang";0;0;0;0;in;1704732092725383168;1714923087442153861;catlovyer;https://twitter.com/catlovyer/status/1714938464654032989
Thu Oct 19 09:36:04 +0000 2023;1714938457246810316;"Montessori for Multiple Intelligences https://t.co/CV1Zs9iVeS Narnia #MovingEp17 Azizah Abimana KDRT #MyLovelyLiarEp14 #TXTxDior #____ Rempang https://t.co/NtA4GCfLgU https://t.co/FJYSAgtk8b https://t.co/1eXbcZmary https://t.co/t478gaJI4C";0;0;0;0;in;1361969770346602501;1714938457246810316;donnymarthen;https://twitter.com/donnymarthen/status/1714938457246810316
Thu Oct 19 09:35:56 +0000 2023;1714938424023769506;"@floreskekinian2 Yang dilakukan Pak Bahljl sudah tepat dan layak dapet dukungan dlm handle investasi di Rempang  Bahlil Kawal Investasi #HIPMIRempang";0;0;0;0;in;1704505275133067264;1714923087442153861;fhoryou;https://twitter.com/fhoryou/status/1714938424023769506
Thu Oct 19 09:35:34 +0000 2023;1714938328787853331;"@floreskekinian2 Yang dilakukan Pak Bahljl sudah tepat dan layak dapet dukungan dlm handle investasi di Rempang  Bahlil Kawal Investasi #HIPMIRempang";0;0;0;0;in;1701901915548733440;1714923087442153861;confwirm;https://twitter.com/confwirm/status/1714938328787853331
Thu Oct 19 09:34:32 +0000 2023;1714938067998679361;"Perjanjian sepihak apa lagi yg dibuat ke CHINA Pak @jokowi?  terakhir Kemaren hampir 200 Tahun #Rempang di kasih ke China  Sekarang Wilayah Indonesia mana lagi yg sampean sodorin  untuk di Kusain CHINA??  Mending tidur pak, Daripada kerja nggak ada hasilnya.. https://t.co/9rqJK1Csl5";0;0;0;0;in;2408810690;1714938067998679361;TheUncleDee;https://twitter.com/TheUncleDee/status/1714938067998679361
Thu Oct 19 09:33:40 +0000 2023;1714937850272297155;"@BosPurwa @mohmahfudmd 17 ribu pulau dan konon kabarnya ribuan pulau merupakan pulau kosong, kenapa ga bangun pulau kosong, kenapa malah gusur warga Rempang. Situ sihat ke?";0;0;1;1;in;1603515902019850241;1714703182788784165;trieslove88;https://twitter.com/trieslove88/status/1714937850272297155
Thu Oct 19 09:33:26 +0000 2023;1714937790956507261;"@IND0_Update @MataNajwa @Metro_TV @tvOneNews Keren emang pak Bahlil Kawal Investasi di Rempang. Gak main main kinerja nya pak bahlil. #HIPMIRempang";0;0;0;0;in;1688798499381628928;1714923582747533425;kim_hanss;https://twitter.com/kim_hanss/status/1714937790956507261
Thu Oct 19 09:33:01 +0000 2023;1714937688942575625;"@floreskekinian2 tetap dukung pak bahlil dan otak cerdasnya dalam program Bahlil Kawal Investasi  dan rempang eco city #HIPMIRempang";0;0;0;0;in;1661867106017878019;1714923087442153861;metawinsekala;https://twitter.com/metawinsekala/status/1714937688942575625
Thu Oct 19 09:32:34 +0000 2023;1714937575528636926;"@floreskekinian2 intruksi Bahlil Kawal Investasi untuk Eco Rempang ini langkah yg tepat banget hingga di proyek ini  bisa berjalan lancar dan hak masyarakat terpenuhi #HIPMIRempang";0;0;0;0;in;1707015247792631808;1714923087442153861;_alfarovic;https://twitter.com/_alfarovic/status/1714937575528636926
Thu Oct 19 09:32:27 +0000 2023;1714937547292623360;"@IND0_Update @MataNajwa @Metro_TV @tvOneNews pak Bahlil Kawal Investasi rempang dengan berkolaborasi dengan pemerintah semoga berjalan lancar dan sukses #HIPMIRempang";0;0;0;0;in;1674084880085557249;1714923582747533425;TinaArianaLbc;https://twitter.com/TinaArianaLbc/status/1714937547292623360
Thu Oct 19 09:32:23 +0000 2023;1714937527864606867;"@CSzipel_ Good news, Proyek Rempang ini makin berjalan dengan baik. Himpunan Pengusaha Muda Indonesia bantu Bahlil Kawal Investasi #HIPMIRempang";0;0;0;0;in;1346742700230418433;1714923086607454625;blubrryice;https://twitter.com/blubrryice/status/1714937527864606867
Thu Oct 19 09:32:16 +0000 2023;1714937501348196852;"@floreskekinian2 keren banget lihat Bahlil Kawal Investasi  bersama dengan rempang eco city yg lagi digarap yagesya #HIPMIRempang";0;0;0;0;in;1639185454095564801;1714923087442153861;AxisChand;https://twitter.com/AxisChand/status/1714937501348196852
Thu Oct 19 09:32:02 +0000 2023;1714937440790851830;"pak Bahlil Kawal Investasi rempang dengan berkolaborasi dengan pemerintah semoga berjalan lancar dan sukses #HIPMIRempang https://t.co/GQF32gnCXj";0;0;0;0;in;1674084880085557249;1714937440790851830;TinaArianaLbc;https://twitter.com/TinaArianaLbc/status/1714937440790851830
Thu Oct 19 09:31:06 +0000 2023;1714937205519782076;"Berita terbaru mengenai pak Bahlil Kawal Investasi rempang #HIPMIRempang  https://t.co/CBdimEt5HS";0;0;0;0;in;1674084880085557249;1714937205519782076;TinaArianaLbc;https://twitter.com/TinaArianaLbc/status/1714937205519782076
Thu Oct 19 09:30:47 +0000 2023;1714937125341442186;"@IND0_Update @MataNajwa @Metro_TV @tvOneNews Bahlil Kawal Investasi tentang realisasi proyek ini Semoga selalu amanah, dan mendatangkan hak-hak masyarakat Rempang  #HIPMIRempang";0;0;0;1;in;1455475190872231945;1714923582747533425;iloveyousomuach;https://twitter.com/iloveyousomuach/status/1714937125341442186
Thu Oct 19 09:29:36 +0000 2023;1714936829420704171;"@IND0_Update @MataNajwa @Metro_TV @tvOneNews Pak Bahlil Kawal Investasi di Rempang. Mudah2an awal Indonesia makin maju. #HIPMIRempang";0;0;0;0;in;1681156778812387329;1714923582747533425;Diifiaputri;https://twitter.com/Diifiaputri/status/1714936829420704171
Thu Oct 19 09:28:44 +0000 2023;1714936610809409927;"@CSzipel_ Bahlil berhasil meyakinkan dan merangkul warga bahwa kepastian investasi ini akan membawa berkah 'ekonomi' kepada warga Rempang sehingga selaras komitmen dengan HIPMI #HIPMIRempang";0;0;0;0;in;1701002952646029313;1714923086607454625;MoeyZara;https://twitter.com/MoeyZara/status/1714936610809409927
Thu Oct 19 09:27:50 +0000 2023;1714936384103035347;"@IND0_Update @MataNajwa @Metro_TV @tvOneNews Kalo HIMPI aja mengapresiasi cara Bahlil Kawal Investasi yg ada di Rempang, berarti beliau hebat bgt #HIPMIRempang";0;0;0;0;in;1483457568223956992;1714923582747533425;wiwwill_;https://twitter.com/wiwwill_/status/1714936384103035347
Thu Oct 19 09:27:42 +0000 2023;1714936350376620194;"@IND0_Update @MataNajwa @Metro_TV @tvOneNews Bahlil Kawal Investasi di Rempang, mantap emang kinerja pak Bahlil  #HIPMIRempang";0;0;0;0;in;1688764467407106049;1714923582747533425;just_doriii;https://twitter.com/just_doriii/status/1714936350376620194
Thu Oct 19 09:27:33 +0000 2023;1714936312724361550;"@IND0_Update @MataNajwa @Metro_TV @tvOneNews Menteri Bahlil Kawal Investasi rempang dengan berkolaborasi dengan pemerintah semoga berjalan lancar #HIPMIRempang";0;0;0;0;in;1576056427436683264;1714923582747533425;DaraSyafika;https://twitter.com/DaraSyafika/status/1714936312724361550
Thu Oct 19 09:27:07 +0000 2023;1714936205035667906;"Menteri Bahlil Kawal Investasi rempang dengan berkolaborasi dengan pemerintah semoga berjalan lancar #HIPMIRempang https://t.co/ffUSSt1OMI";0;0;0;0;in;1576056427436683264;1714936205035667906;DaraSyafika;https://twitter.com/DaraSyafika/status/1714936205035667906
Thu Oct 19 09:26:49 +0000 2023;1714936126295921140;"@IND0_Update @MataNajwa @Metro_TV @tvOneNews komitmen besar dengan harapan Bahlil Kawal Investasi di rempang sukses #HIPMIRempang";0;0;0;0;in;1702901617081913344;1714923582747533425;iknowm_;https://twitter.com/iknowm_/status/1714936126295921140
Thu Oct 19 09:26:41 +0000 2023;1714936094188589091;"@IND0_Update @MataNajwa @Metro_TV @tvOneNews Manta, pak Bahlil Kawal Investasi rempang dan dapat dukungan penuh dari HIPMI #HIPMIRempang";0;0;0;0;in;1304248304377589760;1714923582747533425;___justasusual;https://twitter.com/___justasusual/status/1714936094188589091
Thu Oct 19 09:26:40 +0000 2023;1714936092095562012;"@IND0_Update @MataNajwa @Metro_TV @tvOneNews Patut diapresiasi juga tindakan HIPMI ini, ikut Pak Bahlil Kawal Investasi Rempang #HIPMIRempang";0;0;0;0;in;1235544051954286595;1714923582747533425;bubysss;https://twitter.com/bubysss/status/1714936092095562012
Thu Oct 19 09:26:25 +0000 2023;1714936025431380351;"@IND0_Update @MataNajwa @Metro_TV @tvOneNews keren banget kinerja Pak Bahlil, semangat Pak Bahlil Kawal Investasi Rempang #HIPMIRempang";0;0;0;0;in;1238319388467445760;1714923582747533425;Sunflowwweer;https://twitter.com/Sunflowwweer/status/1714936025431380351
Thu Oct 19 09:26:06 +0000 2023;1714935948981764135;"@CSzipel_ @IND0_Update Potensi besar untuk Rempang Bahlil Kawal Investasi  #HIPMIRempang";0;0;0;0;in;1686059671399104512;1714923086607454625;dzikri_anw4r;https://twitter.com/dzikri_anw4r/status/1714935948981764135
Thu Oct 19 09:25:48 +0000 2023;1714935871777157372;"Gak ada yg manfaat utk rakyat boro2 bela sdr2 kita di Rempang malah disuruh serahkan tanah tumpah darah mrk .. klo jadi pemimpin makin zolim sm rakyat";0;0;0;0;in;290520589;1714935871777157372;yudar30;https://twitter.com/yudar30/status/1714935871777157372
Thu Oct 19 09:25:36 +0000 2023;1714935821831405571;"Sinergi antara Hipmi dan pemerintah adalah kunci keberhasilan investasi di Rempang. Bersama, kita raih kesuksesan bersama! Bahlil Kawal Investasi  #HIPMIRempang https://t.co/2flSZT5Z9Z";0;0;0;0;in;865195581987147776;1714935821831405571;bqeautie;https://twitter.com/bqeautie/status/1714935821831405571
Thu Oct 19 09:25:01 +0000 2023;1714935676125556906;"Hipmi berkomitmen untuk meningkatkan keterampilan warga Rempang lewat pelatihan. Investasi ini membawa kesempatan baru. Bahlil Kawal Investasi  #HIPMIRempang https://t.co/GUiqppRdmN";0;0;0;0;in;2950964072;1714935676125556906;bugpati;https://twitter.com/bugpati/status/1714935676125556906
Thu Oct 19 09:24:53 +0000 2023;1714935643082813598;"@IND0_Update @MataNajwa @Metro_TV @tvOneNews Pak Bahlil Kawal Investasi terus pak di proyek rempang eco park, kita semua dukung bapak🥰 #HIPMIRempang";0;0;0;0;in;1684301647479185408;1714923582747533425;aprilioreyga;https://twitter.com/aprilioreyga/status/1714935643082813598
Thu Oct 19 09:24:51 +0000 2023;1714935634648072638;"Hipmi memiliki keyakinan bahwa investasi Rempang ini akan berjalan sesuai harapan, berdampak positif bagi perekonomian nasional dan daerah sejalan komitmen Bahlil Kawal Investasi #HIPMIRempang https://t.co/sYJTEx9H95";0;0;0;0;in;1702911089791651840;1714935634648072638;Biandzz_;https://twitter.com/Biandzz_/status/1714935634648072638
Thu Oct 19 09:24:39 +0000 2023;1714935583414612237;"@CSzipel_ terbaik dalam kasus Rempang sehingga damai Bahlil Kawal Investasi #HIPMIRempang";0;0;0;0;in;1607449127784443906;1714923086607454625;manalagii_mana;https://twitter.com/manalagii_mana/status/1714935583414612237
Thu Oct 19 09:24:16 +0000 2023;1714935486702309649;"@nyonyahsyuuper @hanni_priangan Rembang - Jateng";0;0;0;0;in;1029910838;1714903129286975565;palupifm;https://twitter.com/palupifm/status/1714935486702309649
Thu Oct 19 09:24:14 +0000 2023;1714935475704930781;"Keterlibatan warga sebagai subjek pembangunan adalah langkah tepat dalam investasi Rempang. Bersama, kita ciptakan win-win solution! Bahlil Kawal Investasi  #HIPMIRempang https://t.co/USuShhk11Q";0;0;0;0;in;2955367609;1714935475704930781;syqmbol;https://twitter.com/syqmbol/status/1714935475704930781
Thu Oct 19 09:24:08 +0000 2023;1714935450547445987;"@CSzipel_ Selama Bahlil Kawal Investasi yg ada di Rempang, beliau tidak lupa sama janji yg pernah dijanjikan kepada masyarakat sekitar sana. Mantap! #HIPMIRempang";0;0;0;0;in;1237981752464773120;1714923086607454625;hatexxrodrigo;https://twitter.com/hatexxrodrigo/status/1714935450547445987
Thu Oct 19 09:23:38 +0000 2023;1714935324877746361;"Banyak pihak mengapresiasi kinerja Bahlil Kawal Investasi  serta pemenuhan hak-hak yg harus didapatkan warga di Pulau rempang  #HIPMIRempang https://t.co/KL7xeZNjcA";0;0;0;0;in;1703993035531636736;1714935324877746361;sandrniz;https://twitter.com/sandrniz/status/1714935324877746361
Thu Oct 19 09:23:29 +0000 2023;1714935287888138549;"Hipmi apresiasi peran Menteri Bahlil dalam menjaga keberlangsungan investasi Rempang. Sukses investasi adalah kunci masa depan cerah. Bahlil Kawal Investasi  #HIPMIRempang https://t.co/nfRAbdjlkP";0;0;0;0;in;2955280278;1714935287888138549;whosbabyy_;https://twitter.com/whosbabyy_/status/1714935287888138549
Thu Oct 19 09:23:12 +0000 2023;1714935215632929097;"Sikap humanis pak Bahlil Kawal Investasi di rempang dapat dukungan penuh dan HIPMI Pastikan ekonomi masyarakat nya tumbuh #HIPMIRempang  https://t.co/SJq7yuRCxh";0;0;0;0;in;1304248304377589760;1714935215632929097;___justasusual;https://twitter.com/___justasusual/status/1714935215632929097
Thu Oct 19 09:22:30 +0000 2023;1714935041267224828;"@CSzipel_ memang patut diapresisasi kinerja Bahlil Kawal Investasi yang bisa memenuhi hak warga rempang #HIPMIRempang";0;0;0;0;in;1706940256707338240;1714923086607454625;sugarcozt;https://twitter.com/sugarcozt/status/1714935041267224828
Thu Oct 19 09:22:29 +0000 2023;1714935037781807218;"Investasi Rempang Eco Park terus kita dukung bersama, karena Menteri Bahlil Kawal Investasi dengan penuh dedikasi Bahlil Kawal Investasi  #HIPMIRempang https://t.co/MbeS3Jx4HP";0;0;0;0;in;759887858857631744;1714935037781807218;lkemonade;https://twitter.com/lkemonade/status/1714935037781807218
Thu Oct 19 09:22:28 +0000 2023;1714935034271195448;"Dukung Investasi, HIPMI Apresiasi Menteri Bahlil Kawal Realisasi Proyek Rempang Eco Park #HIPMIRempang https://t.co/TxJp8NXfRu";0;0;0;0;in;1629687859358896130;1714935034271195448;patriciayunit;https://twitter.com/patriciayunit/status/1714935034271195448
Thu Oct 19 09:22:14 +0000 2023;1714934972942082332;"Menteri Bahlil juga konsisten memperjuangkan warga dilibatkan sebagai subjek pembangunan dalam investasi Rempang, sejalan dengan regulasi yang ada bahwa investor harus merangkul mitra usaha lokal (UMKM) dan menyerap tenaga kerja lokal. #HIPMIRempang https://t.co/aPZ8fH7b5Z";0;0;0;0;in;1598847234283798528;1714934972942082332;dwiimelinda29;https://twitter.com/dwiimelinda29/status/1714934972942082332
Thu Oct 19 09:21:47 +0000 2023;1714934862464106781;"@IND0_Update @MataNajwa @Metro_TV @tvOneNews Pak bahlil siap kawal pembangunan rempang sampai tuntas #HIPMIRempang";0;0;0;0;in;1343527954588999680;1714923582747533425;Maelanii86;https://twitter.com/Maelanii86/status/1714934862464106781
Thu Oct 19 09:21:40 +0000 2023;1714934833523372188;"@CSzipel_ Investasi Rempang Eco City ini dapet dukungan kuat dari #HIPMIRempang dan Menteri Bahlil Kawal Investasi dengan fokus pada peningkatan keterampilan warga setempat untuk mencapai manfaat ekonomi dan sosial yang lebih besar";0;0;0;0;in;1688779033901940736;1714923086607454625;safijinn;https://twitter.com/safijinn/status/1714934833523372188
Thu Oct 19 09:21:14 +0000 2023;1714934724266021265;"HIPMI apresiasi pro aktif pada kinerja  Bahlil Kawal Investasi di Rempang #HIPMIRempang https://t.co/AtTy4UWZrn";0;0;0;0;in;1692222532471209984;1714934724266021265;lulabyone;https://twitter.com/lulabyone/status/1714934724266021265
Thu Oct 19 09:21:01 +0000 2023;1714934669215764510;"Investasi di Rempang Eco City: Masa Depan yang Menjanjikan. Hipmi Siap Berkolaborasi untuk Kesejahteraan Daerah. Bahlil Kawal Investasi  #HIPMIRempang https://t.co/XGoJUEpmTE";0;0;0;0;in;878593042629963776;1714934669215764510;activeily;https://twitter.com/activeily/status/1714934669215764510
Thu Oct 19 09:20:54 +0000 2023;1714934639658463349;"@IND0_Update @MataNajwa @Metro_TV @tvOneNews Keren pak Bahlil yang bisa memberikan hak buat warga rempang yang terdampak investasi,  Bahlil Kawal Investasi  #HIPMIRempang";0;0;0;0;in;1691297112720650240;1714923582747533425;whifflecream;https://twitter.com/whifflecream/status/1714934639658463349
Thu Oct 19 09:20:52 +0000 2023;1714934631651533290;"@CSzipel_ @IND0_Update Potensi peningkatan ekonomi masyarakat di Rempang akan meningkat Bahlil Kawal Investasi  #HIPMIRempang";0;0;0;0;in;2758639912;1714923086607454625;4riphin;https://twitter.com/4riphin/status/1714934631651533290
Thu Oct 19 09:20:37 +0000 2023;1714934569194095082;"@CSzipel_ sampai saat ini kami percaya pak Bahlil Kawal Investasi dengan solusi yang terbaik untuk warga rempang #HIPMIRempang";0;0;0;0;in;1702227076064157696;1714923086607454625;kukgerukk_;https://twitter.com/kukgerukk_/status/1714934569194095082
Thu Oct 19 09:20:20 +0000 2023;1714934496150290683;"Keren nih pak bahlil sampe dapet apresiasi dari HIPMI  ketika Bahlil Kawal Investasi di rempang  #HIPMIRempang https://t.co/JOBXyC1K1E";0;0;0;0;in;1600010876014460934;1714934496150290683;exoblaugrana;https://twitter.com/exoblaugrana/status/1714934496150290683
Thu Oct 19 09:20:19 +0000 2023;1714934491016577188;"Dukung Investasi Rempang Eco Park! Hipmi Apresiasi Menteri Bahlil atas Konsistensi dalam Kawal Investasi. Bahlil Kawal Investasi  #HIPMIRempang https://t.co/zOWFBqaiJZ";0;0;0;0;in;1426546488285356045;1714934491016577188;repitl;https://twitter.com/repitl/status/1714934491016577188
Thu Oct 19 09:20:08 +0000 2023;1714934447282462938;"@IND0_Update @MataNajwa @Metro_TV @tvOneNews banyak yg mendukung pak Bahlil Kawal Investasi proyek rempang ini, dan semoga kolaborasi dengan himpi juga bisa meningkatkan keterampilan masyarakat untuk meningkatkan perekonomian #HIPMIRempang";0;0;0;0;in;1539866508540932098;1714923582747533425;tiscoleonexx;https://twitter.com/tiscoleonexx/status/1714934447282462938
Thu Oct 19 09:19:57 +0000 2023;1714934398884401351;"Pro aktif Menteri Investasi Bahlil Lahadalia yang konsisten mengawal dan memastikan investasi ini bisa berjalan baik. Bahlil – sebagai perwakilan pemerintah - berhasil menghadirkan ‘win-win solution’ antara warga Rempang dan investor. #HIPMIRempang https://t.co/KlIolXN96Z";0;0;0;0;in;1486958550090137600;1714934398884401351;sellbuypocaa;https://twitter.com/sellbuypocaa/status/1714934398884401351
Thu Oct 19 09:19:42 +0000 2023;1714934338503184609;"@IND0_Update @MataNajwa @Metro_TV @tvOneNews Semoga cepat terselesaikan proyek rempang eco-city ini #HIPMIRempang";0;0;0;0;in;1685917081915760640;1714923582747533425;indana_68;https://twitter.com/indana_68/status/1714934338503184609
Thu Oct 19 09:19:39 +0000 2023;1714934322346803559;"@floreskekinian2 Apresiasi tertinggi krn Bahlil Kawal Investasi dan ikut ambil andil dalam pembangunan Rempang Eco City #HIPMIRempang";0;0;0;0;in;1547201147181494272;1714923087442153861;rennyren94;https://twitter.com/rennyren94/status/1714934322346803559
Thu Oct 19 09:18:50 +0000 2023;1714934118268670258;"@IND0_Update @MataNajwa @Metro_TV @tvOneNews Alhamdulillah pak Bahlil Kawal Investasi di rempang  #HIPMIRempang";0;0;0;0;in;1643228827391528962;1714923582747533425;HTuvelly3212;https://twitter.com/HTuvelly3212/status/1714934118268670258
Thu Oct 19 09:18:27 +0000 2023;1714934022714114466;"@IND0_Update @MataNajwa @Metro_TV @tvOneNews Bahlil Kawal Investasi udah ngikutin berita Rempang dari awal sampai akhir semoga dampak positif segera dirasakan  #HIPMIRempang";0;0;0;0;in;1606085973527629825;1714923582747533425;Pujiant35198159;https://twitter.com/Pujiant35198159/status/1714934022714114466
Thu Oct 19 09:18:27 +0000 2023;1714934020205953371;"@IND0_Update @MataNajwa @Metro_TV @tvOneNews semangat dan sukses terus pak Bahlil Kawal Investasi ini demi kesejahteraan warga rempang #HIPMIRempang";0;0;0;0;in;1693954418918727680;1714923582747533425;abrahamcie;https://twitter.com/abrahamcie/status/1714934020205953371
Thu Oct 19 09:18:23 +0000 2023;1714934005936853007;"@henrysubiakto Kasus Rempang saja bukti dia tidak memihak kepada Rakyat... Sekarang bicara" keadilan hukum buat rakyat, padahal dia masih menjabat Menkopolhukam. Tapi nanti klu sdh duduk lupa lagi bilang rakyat bukan digusur tapi digeser...";0;0;0;1;in;2979469087;1714595376286794053;GengkiIshak;https://twitter.com/GengkiIshak/status/1714934005936853007
Thu Oct 19 09:18:22 +0000 2023;1714934000228372965;"@IND0_Update @MataNajwa @Metro_TV @tvOneNews Semangat terus pak bahlil untuk warga rempang #HIPMIRempang";0;0;0;0;in;1685917961620770816;1714923582747533425;azkianabila67;https://twitter.com/azkianabila67/status/1714934000228372965
Thu Oct 19 09:18:22 +0000 2023;1714933999578370259;"@IND0_Update @MataNajwa @Metro_TV @tvOneNews peduli rakyat rempang emang pas Bahlil Kawal Investasi #HIPMIRempang";0;0;0;0;in;1696648593656954881;1714923582747533425;LambAdrian75567;https://twitter.com/LambAdrian75567/status/1714933999578370259
Thu Oct 19 09:18:11 +0000 2023;1714933956859318663;"@IND0_Update @MataNajwa @Metro_TV @tvOneNews Wahh mantap banget loh sampai HIPMI memberikan Apresiasi kepada Menteri Bahlil Kawal Investasi dalam Proyek Rempang Eco Park #HIPMIRempang";0;0;0;0;in;1576368578248384512;1714923582747533425;irawati_gurning;https://twitter.com/irawati_gurning/status/1714933956859318663
Thu Oct 19 09:18:09 +0000 2023;1714933946948157775;"@CSzipel_ Terimakasih utk pembangunan Rempang Eco City dan Bahlil Kawal Investasi, semoga bisa berjalan sesuai apa yang diharapkan #HIPMIRempang";0;0;0;0;in;1547202296085327872;1714923086607454625;ckamxy;https://twitter.com/ckamxy/status/1714933946948157775
Thu Oct 19 09:18:02 +0000 2023;1714933919404191788;"@IND0_Update @MataNajwa @Metro_TV @tvOneNews dengan banyak dukungan kepada pak Bahlil Kawal Investasi di rempang, tentunya memudahkan serta memperlancar proyek rempang eco city #HIPMIRempang";0;0;0;0;in;1248220986492596226;1714923582747533425;ekonoil;https://twitter.com/ekonoil/status/1714933919404191788
Thu Oct 19 09:17:32 +0000 2023;1714933790483873938;"@IND0_Update @MataNajwa @Metro_TV @tvOneNews HIPMI rempang percaya pak bahlil #HIPMIRempang";0;0;0;0;in;1685926961435361280;1714923582747533425;zulvasyakira68;https://twitter.com/zulvasyakira68/status/1714933790483873938
Thu Oct 19 09:17:24 +0000 2023;1714933759253135542;"Investasi Berkelanjutan: Dampak Positif bagi Rempang dan Keterampilan Lokal Bahlil Kawal Investasi  #HIPMIRempang https://t.co/dG6NuNltAm";0;0;0;0;in;2987842936;1714933759253135542;reczkless;https://twitter.com/reczkless/status/1714933759253135542
Thu Oct 19 09:17:21 +0000 2023;1714933743377641675;"@IND0_Update @MataNajwa @Metro_TV @tvOneNews Bahlil Kawal Investasi di rempang dengan dukungan penuh DPR dan HIPMI #HIPMIRempang";0;0;0;0;in;1703658059598647296;1714923582747533425;Bblightr;https://twitter.com/Bblightr/status/1714933743377641675
Thu Oct 19 09:17:19 +0000 2023;1714933736859643998;"sukses terus untuk Bahlil Kawal Investasi untuk terus  membangun Rempang eco city #HIPMIRempang https://t.co/pDlnaGYPG1";0;0;0;0;in;1682138992945537027;1714933736859643998;inooochan29;https://twitter.com/inooochan29/status/1714933736859643998
Thu Oct 19 09:17:11 +0000 2023;1714933704957784416;"HIPMI memberikan Apresiasi kepada Menteri Bahlil Kawal Investasi dalam Proyek Rempang Eco Park #HIPMIRempang https://t.co/kmGQwmyg6R";0;0;0;0;in;1576368578248384512;1714933704957784416;irawati_gurning;https://twitter.com/irawati_gurning/status/1714933704957784416
Thu Oct 19 09:16:52 +0000 2023;1714933622015414590;"Rempang eco city itu terobosan yang menarik menurut saya, gimana tidak pak bahlil aja sampe terjun dan mengawasi, mantap lah   Bahlil Kawal Investasi #HIPMIRempang";0;0;0;0;in;1444832081582833665;1714933622015414590;PPilanti;https://twitter.com/PPilanti/status/1714933622015414590
Thu Oct 19 09:16:39 +0000 2023;1714933568282264027;"Sukses Investasi Rempang: Peran Proaktif Menteri Bahlil dan Kolaborasi Bahlil Kawal Investasi  #HIPMIRempang https://t.co/FTpaeM6ihN";0;0;0;0;in;2757498095;1714933568282264027;luminree;https://twitter.com/luminree/status/1714933568282264027
Thu Oct 19 09:16:26 +0000 2023;1714933516771962944;"hayuu dukung Bahlil Kawal Investasi untuk terus  membangun Rempang eco city #HIPMIRempang https://t.co/GZ8lS0RRQQ";0;0;0;0;in;1647752546075967488;1714933516771962944;ngabchan29;https://twitter.com/ngabchan29/status/1714933516771962944
Thu Oct 19 09:16:24 +0000 2023;1714933506693071358;"@IND0_Update @MataNajwa @Metro_TV @tvOneNews HIPMI juga beri dukungan terhadap Bahlil Kawal Investasi di Rempang #HIPMIRempang";0;0;0;0;in;1668458293793267712;1714923582747533425;Guenandow;https://twitter.com/Guenandow/status/1714933506693071358
Thu Oct 19 09:16:01 +0000 2023;1714933407996854278;"@IND0_Update @MataNajwa @Metro_TV @tvOneNews Aku sih sangat mendukung proses investasi di pulau Rempang Bahlil Kawal Investasi  #HIPMIRempang";0;0;0;0;in;2758709019;1714923582747533425;1ndrian;https://twitter.com/1ndrian/status/1714933407996854278
Thu Oct 19 09:15:52 +0000 2023;1714933370470490563;"@IND0_Update @MataNajwa @Metro_TV @tvOneNews kerenn emangg perealisasian Investasi rempang eco city yang Bahlil Kawal ini patut diapresiasi👍 #HIPMIRempang";0;0;0;0;in;1692563067522203648;1714923582747533425;AgsDinda;https://twitter.com/AgsDinda/status/1714933370470490563
Thu Oct 19 09:15:39 +0000 2023;1714933316284256625;"@IND0_Update @MataNajwa @Metro_TV @tvOneNews Pak Bahlil Kawal Investasi Rempang pelan" akhirnya mau pindah ya warga nya #HIPMIRempang";0;0;0;0;in;1596838338367229952;1714923582747533425;sintasant;https://twitter.com/sintasant/status/1714933316284256625
Thu Oct 19 09:15:13 +0000 2023;1714933210076065869;"@Uki23 Kuwalat nggusur rempang Menggusur = perbuatan yang dilaknat @SolidRempang @kaesangb @PartaiPSI";0;0;0;0;in;1146293807786397697;1714749319960752213;Afgan772;https://twitter.com/Afgan772/status/1714933210076065869
Thu Oct 19 09:14:44 +0000 2023;1714933088047059297;"HIPMI memberikan Apresiasi kepada Menteri Bahlil Kawal Investasi Proyek Rempang Eco Park #HIPMIRempang https://t.co/HuyBP3YhLA";0;0;0;0;in;1576368578248384512;1714933088047059297;irawati_gurning;https://twitter.com/irawati_gurning/status/1714933088047059297
Thu Oct 19 09:13:42 +0000 2023;1714932828964847772;"@CSzipel_ Mantap Pak Bahlil Kawal Investasi dan memenuhi hak hak warga rempang. Sukses teruss.  #HIPMIRempang";0;0;0;0;in;268248556;1714923086607454625;karen_buana;https://twitter.com/karen_buana/status/1714932828964847772
Thu Oct 19 09:13:37 +0000 2023;1714932807536128137;"marii kita dukung Bahlil Kawal Investasi untuk terus  membangun Rempang eco city #HIPMIRempang https://t.co/J6EdyeiVoB";0;0;0;0;in;1647761620419108864;1714932807536128137;linonotknow;https://twitter.com/linonotknow/status/1714932807536128137
Thu Oct 19 09:13:34 +0000 2023;1714932791518064685;"Memperkuat Investasi Rempang: Sinergi Menteri Bahlil dan Hipmi Bahlil Kawal Investasi  #HIPMIRempang https://t.co/KmBA3eb8R6";0;0;0;0;in;2757620373;1714932791518064685;melrburn;https://twitter.com/melrburn/status/1714932791518064685
Thu Oct 19 09:13:23 +0000 2023;1714932746546749473;"@IND0_Update @MataNajwa @Metro_TV @tvOneNews mantap pak Bahlil Kawal Investasi di rempang, semoga di lancarkan kan pak #HIPMIRempang";0;0;0;0;in;1702222288660340736;1714923582747533425;Cukurukuk77;https://twitter.com/Cukurukuk77/status/1714932746546749473
Thu Oct 19 09:13:19 +0000 2023;1714932730805555234;"@IND0_Update @MataNajwa @Metro_TV @tvOneNews Mantap sekali Pak Bahlil Kawal Investasi Proyek Rempang Eco City #HIPMIRempang";0;0;0;0;in;1448192232813596674;1714923582747533425;luqozade;https://twitter.com/luqozade/status/1714932730805555234
Thu Oct 19 09:13:11 +0000 2023;1714932697209163983;"@IND0_Update @MataNajwa @Metro_TV @tvOneNews Wajib diapresiasi usaha Pak Bahlil Kawal Investasi Rempang  #HIPMIRempang";0;0;0;0;in;1136796202500907008;1714923582747533425;kiankwemari;https://twitter.com/kiankwemari/status/1714932697209163983
Thu Oct 19 09:13:00 +0000 2023;1714932652682408072;"@IND0_Update @MataNajwa @Metro_TV @tvOneNews Turut bangga dengan Pak Bahlil Kawal Investasi Rempang #HIPMIRempang";0;0;0;0;in;1448463913486471170;1714923582747533425;lembaiyung;https://twitter.com/lembaiyung/status/1714932652682408072
Thu Oct 19 09:12:55 +0000 2023;1714932631136256256;"Apresiasi pak Bahlil berikan hak pada warga rempang yang terkena dampak investasi. Bahlil Kawal Investasi  #HIPMIRempang https://t.co/mm3iVVE8We";0;0;0;0;in;1170307922473078784;1714932631136256256;cerivvfx;https://twitter.com/cerivvfx/status/1714932631136256256
Thu Oct 19 09:12:49 +0000 2023;1714932605387464929;"@IND0_Update @MataNajwa @Metro_TV @tvOneNews Keren sekali usaha Pak Bahlil Kawal Investasi Proyek Rempang Eco City #HIPMIRempang";0;0;0;0;in;1448251519711645696;1714923582747533425;flawslight;https://twitter.com/flawslight/status/1714932605387464929
Thu Oct 19 09:12:43 +0000 2023;1714932577864446212;"@IND0_Update @MataNajwa @Metro_TV @tvOneNews Yakin dehhh klo proyek Rempang Eco City nih bakal berhasil krn Bahlil Kawal Investasi #HIPMIRempang";0;0;0;0;in;1553404628779159552;1714923582747533425;biasabiasaw;https://twitter.com/biasabiasaw/status/1714932577864446212
Thu Oct 19 09:12:39 +0000 2023;1714932561242423594;"@IND0_Update @MataNajwa @Metro_TV @tvOneNews Salut dengan usaha Pak Bahlil Kawal Investasi Proyek Rempang Eco City #HIPMIRempang";0;0;0;0;in;1447192299759276036;1714923582747533425;cutiebyoma;https://twitter.com/cutiebyoma/status/1714932561242423594
Thu Oct 19 09:12:25 +0000 2023;1714932503235248515;"Upaya Pak Bahlil Kawal Investasi di Rempang terus mendapatkan apresiasi dari berbagai pihak.  #HIPMIRempang  https://t.co/9bjsQarVvK";0;0;0;0;in;1620604303839993856;1714932503235248515;beastybi1;https://twitter.com/beastybi1/status/1714932503235248515
Thu Oct 19 09:12:25 +0000 2023;1714932502119563539;"Sinergi dan kolaborasi antara Hipmi dan pemerintah diyakini akan membawa dampak positif bagi investasi di Rempang dengan adanya Bahlil Kawal Investasi #HIPMIRempang https://t.co/YVn4Pem0mK";0;0;0;0;in;1707280316409499649;1714932502119563539;iairfanyi;https://twitter.com/iairfanyi/status/1714932502119563539
Thu Oct 19 09:12:23 +0000 2023;1714932497379930319;"HIPMI memiliki keyakinan bahwa investasi Rempang ini akan berjalan sesuai harapan, berdampak positif bagi perekonomian nasional dan daerah, serta bisa membawa kesejahteraan bagi masyarakat sekitar. Intinya masa depan investasi di Rempang ini menjanjikan.  #HIPMIRempang https://t.co/VNbVHGktFR";0;0;0;0;in;1211165126759337985;1714932497379930319;Jaejemno;https://twitter.com/Jaejemno/status/1714932497379930319
Thu Oct 19 09:12:02 +0000 2023;1714932406409679330;"Dukung terus Bahlil Kawal Investasi Rempang Eco City #HIPMIRempang https://t.co/DVI2KzyBrf";0;0;0;0;in;866242956306530304;1714932406409679330;harfony;https://twitter.com/harfony/status/1714932406409679330
Thu Oct 19 09:11:28 +0000 2023;1714932264902308166;"@IND0_Update @MataNajwa @Metro_TV @tvOneNews Karena Bahlil Kawal Investasi, jd semakin yakin kalo Rempang Eco City bakal berhasil #HIPMIRempang";0;0;0;0;in;1547203590246150145;1714923582747533425;skincareygy;https://twitter.com/skincareygy/status/1714932264902308166
Thu Oct 19 09:11:18 +0000 2023;1714932222795657282;"Bahlil Kawal Investasi Rempang ECO City bareng HIPMI #HIPMIRempang https://t.co/4vDtldfvrF";0;0;0;0;in;1684601225743048704;1714932222795657282;Jen_syie;https://twitter.com/Jen_syie/status/1714932222795657282
Thu Oct 19 09:11:15 +0000 2023;1714932208971215169;"@floreskekinian2 Pak Bahlil Kawal Investasi di Rempang ini sangat baik dari mulai pendekatan hingga memberikan solusi terbaik bagi masyarakat sekitar. Semangat dan sukses selalu pak #HIPMIRempang";0;0;0;0;in;1656275092798865409;1714923087442153861;Mosinoci;https://twitter.com/Mosinoci/status/1714932208971215169
Thu Oct 19 09:11:15 +0000 2023;1714932208484634925;"@IND0_Update @MataNajwa @Metro_TV @tvOneNews Bahlil Kawal Investasi , emang keren bapak satu ini, perhatian banget sama warga rempang, bener2 berusaha memenuhi hak2 warga  #HIPMIRempang";0;0;0;0;in;1650978329762349056;1714923582747533425;holes_hunt79281;https://twitter.com/holes_hunt79281/status/1714932208484634925
Thu Oct 19 09:11:13 +0000 2023;1714932203225014403;"Dukung Bahlil Kawal Investasi Rempang Eco city, semoga bisa bermanfaat untuk masyarakat rempang #HIPMIRempang https://t.co/PgrK2PogWf";0;0;0;0;in;4916810679;1714932203225014403;hopisoul;https://twitter.com/hopisoul/status/1714932203225014403
Thu Oct 19 09:11:12 +0000 2023;1714932196925141139;"semoga pak bahlil amanah dalam menjalankan tugas nya dan bisa mensejahterakan warga rempang Bahlil Kawal Investasi #HIPMIRempang https://t.co/mpTquKKVNb";0;0;0;0;in;1571515134862053377;1714932196925141139;erhazle;https://twitter.com/erhazle/status/1714932196925141139
Thu Oct 19 09:11:10 +0000 2023;1714932187957784804;"Yuukk dukung program  Bahlil Kawal Investasi agar UKM di rempang bisa meningkat #HIPMIRempang https://t.co/DfiWIxElhR";0;0;0;0;in;1378394753415274496;1714932187957784804;NisaTaqwani;https://twitter.com/NisaTaqwani/status/1714932187957784804
Thu Oct 19 09:11:09 +0000 2023;1714932185361461734;"Himpunan Pengusaha Muda Indonesia (Hipmi) memberikan perhatian besar terhadap investasi Rempang Eco City yang terus dikawal oleh Menteri Investasi Bahlil Lahadalia sejak awal hingga saat ini dan siap membantu menyukseskan investasi ini. #HIPMIRempang https://t.co/OFs5JYaun2";0;0;0;0;in;1392040171579723776;1714932185361461734;caticatcute;https://twitter.com/caticatcute/status/1714932185361461734
Thu Oct 19 09:11:05 +0000 2023;1714932166692659247;"@IND0_Update @MataNajwa @Metro_TV @tvOneNews HIPMI dan Pemetintahan sangat mengapresiasi kinerja Bahlil dan dukung Bahlil Kawal Investasi di Proyek Rempang tsb. #HIPMIRempang";0;0;0;0;in;1628976457665122304;1714923582747533425;TigaRaksa05;https://twitter.com/TigaRaksa05/status/1714932166692659247
Thu Oct 19 09:11:04 +0000 2023;1714932166000570568;"@IND0_Update @MataNajwa @Metro_TV @tvOneNews Semangat untuk Kawal Investasi Rempang Pak Bahlil kami percaya dengan kemampuan bapak dan membawa dampak yang sangat baik untuk warga sekitar #HIPMIRempang";0;0;0;0;in;1579259406134685696;1714923582747533425;O707AM;https://twitter.com/O707AM/status/1714932166000570568
Thu Oct 19 09:10:39 +0000 2023;1714932058295050327;"Hipmi telah  memberikan perhatian besar terhadap investasi Rempang Eco City yang terus dikawal oleh Menteri Investasi Bahlil Lahadalia sejak awal hingga saat ini dan siap membantu menyukseskan investasi ini, semoga bisa berjalan lancar &amp  bermanfaat utk semua pihak. #HIPMIRempang https://t.co/OoJK4SEzdd";0;0;0;0;in;1011788465506119680;1714932058295050327;fafauzizi23;https://twitter.com/fafauzizi23/status/1714932058295050327
Thu Oct 19 09:10:38 +0000 2023;1714932053651898777;"@kkng_bbh @wonhaefoods Terserah dong Fans burik renjun aja yang tomlol yg uda taraf pemyembah berhala Daripada bela renjun mending bela Palestina, rempang, Ukraina, Wadas kek";0;1;0;0;in;1648354065460649985;1714473024140071148;meong99x;https://twitter.com/meong99x/status/1714932053651898777
Thu Oct 19 09:10:29 +0000 2023;1714932017874579807;"pendekatan secara humanis oleh bapak bahlil pada warga rempang sungguh sangat bagus. semoga rencana ini bisa berjalan dengan lancar.  Bahlil Kawal Investasi #HIPMIRempang https://t.co/O8ILtmF9Z5";0;0;0;0;in;1705180286915649536;1714932017874579807;softestl;https://twitter.com/softestl/status/1714932017874579807
Thu Oct 19 09:10:17 +0000 2023;1714931965055664355;"Himpunan Pengusaha Muda Indonesia (HIPMI) yakin jika Rempang Eco City akan berhasil dan berjalan sesuai dengan yang diharapkan, hal ini dikarenakan Bahlil Kawal Investasi tersebut #HIPMIRempang https://t.co/wET4IOBDW5";0;0;0;0;in;1245516621843533825;1714931965055664355;cckmln;https://twitter.com/cckmln/status/1714931965055664355
Thu Oct 19 09:10:16 +0000 2023;1714931964011319710;"@CSzipel_ Semangat trs pakk Bahlil Kawal Investasi Rempang. semoga kolaborasi dengan HIPMI berdampak positif untuk masyarakat setempat. #HIPMIRempang";0;0;0;0;in;1429009461591429124;1714923086607454625;alfimiesec;https://twitter.com/alfimiesec/status/1714931964011319710
Thu Oct 19 09:10:06 +0000 2023;1714931921351037336;"https://t.co/V0hfzpyM9h warga Pulau Rempang yang terkena dampak pembangunan  Rempang Eco City untuk tidak khawatir dengan kompensasi yang diberikan pemerintah.  Bahlil Kawal Investasi #HIPMIRempang";0;0;0;0;in;1512970351323480072;1714931921351037336;rectorist;https://twitter.com/rectorist/status/1714931921351037336
Thu Oct 19 09:10:03 +0000 2023;1714931906637410351;"Hipmi telah  memberikan perhatian besar terhadap investasi Rempang Eco City yang terus dikawal oleh Menteri Investasi Bahlil Lahadalia sejak awal hingga saat ini dan siap membantu menyukseskan investasi ini, semoga bisa berjalan lancar &amp  bermanfaat utk semua pihak. #HIPMIRempang https://t.co/kdKSVrlNKG";0;0;0;0;in;1609877841130459138;1714931906637410351;fauziah23fzh;https://twitter.com/fauziah23fzh/status/1714931906637410351
Thu Oct 19 09:10:00 +0000 2023;1714931896940122191;"HIPMI menyampaikan Rempang Eco City merupakan win-win solution dikarenakan diprediksi akan berhasil dan sukses. Selain itu Bahlil Kawal Investasi dari awal ide ini muncul bahkan sampai sekarang pelaksanaannya, sehingga akan berhasil sesuai dengan apa yang diharapkan #HIPMIRempang https://t.co/PRQ7lUIVbL";0;0;0;0;in;1277958530440413185;1714931896940122191;ckamxg;https://twitter.com/ckamxg/status/1714931896940122191
Thu Oct 19 09:09:51 +0000 2023;1714931856624566336;"@CSzipel_ Kerja keras Menteri Bahlil dalam mendukung investasi dan hak-hak warga Rempang patut diacungi jempol! #HIPMIRempang";0;0;0;0;in;1569217155450961926;1714923086607454625;zubyyzu;https://twitter.com/zubyyzu/status/1714931856624566336
Thu Oct 19 09:09:45 +0000 2023;1714931834440831094;"https://t.co/FUye7wx1kb warga Pulau Rempang yang terkena dampak pembangunan  Rempang Eco City untuk tidak khawatir dengan kompensasi yang diberikan pemerintah.  Bahlil Kawal Investasi #HIPMIRempang";0;0;0;0;in;1532644942136299520;1714931834440831094;rapbattlesss;https://twitter.com/rapbattlesss/status/1714931834440831094
Thu Oct 19 09:09:42 +0000 2023;1714931821883052453;"@floreskekinian2 bersyukur pak Bahlil Kawal Investasi utk rempang menambah banyak dampak positif yang di rasakan  #HIPMIRempang";0;0;0;0;in;1599417442702618627;1714923087442153861;strawberii7;https://twitter.com/strawberii7/status/1714931821883052453
Thu Oct 19 09:09:40 +0000 2023;1714931810898215118;"Bahlil Kawal Investasi di Rempang Eco City mulai dari ide awal hingga pelaksanaannya diyakini merupakan hal yang positif dan diharapkan dapat berjalan sesuai dengan yang diinginkan #HIPMIRempang https://t.co/tnGvVgWdMn";0;0;0;0;in;1535627683219902466;1714931810898215118;urfvrtppl;https://twitter.com/urfvrtppl/status/1714931810898215118
Thu Oct 19 09:09:22 +0000 2023;1714931735312650736;"https://t.co/laOHu8GCSs warga Pulau Rempang yang terkena dampak pembangunan  Rempang Eco City untuk tidak khawatir dengan kompensasi yang diberikan pemerintah.  Bahlil Kawal Investasi #HIPMIRempang";0;0;0;0;in;1579259406134685696;1714931735312650736;O707AM;https://twitter.com/O707AM/status/1714931735312650736
Thu Oct 19 09:09:20 +0000 2023;1714931730082378181;"Skill Lokal Meningkat, Investasi Rempang Semakin Berkembang! Sinergi Hipmi dan Pemerintah Membawa Manfaat Bersama. 🚀🔝 Bahlil Kawal Investasi  #HIPMIRempang https://t.co/9eovzsbBjd";0;0;0;0;in;878499116350935041;1714931730082378181;bhetween;https://twitter.com/bhetween/status/1714931730082378181
Thu Oct 19 09:09:15 +0000 2023;1714931708322279692;"Bahlil Kawal Investasi di Pulau Rempang dan Juga ingin memanjukan UMKM lokal di pulau tersebut krn dg akan menarik investor yh bs menaikkan ekonomi di pulau tersebut #HIPMIRempang https://t.co/S23wkwSrqg";0;0;0;0;in;1628976457665122304;1714931708322279692;TigaRaksa05;https://twitter.com/TigaRaksa05/status/1714931708322279692
Thu Oct 19 09:09:07 +0000 2023;1714931671391465789;"Dpr dukung langkah Bahlil Kawal Investasi dan berikan hak warga rempang #HIPMIRempang https://t.co/B7rSbcysyE";0;0;0;0;in;1606787304085151746;1714931671391465789;baikkk65;https://twitter.com/baikkk65/status/1714931671391465789
Thu Oct 19 09:09:01 +0000 2023;1714931647395909700;"@IND0_Update @MataNajwa @Metro_TV @tvOneNews Ayo dukung dan bersinergi bersama #HIPMIRempang untuk membangun Rempang eco-city. Bahlil Kawal Investasi";0;0;0;0;in;1686820015100878848;1714923582747533425;riqbaal838;https://twitter.com/riqbaal838/status/1714931647395909700
Thu Oct 19 09:08:41 +0000 2023;1714931562532454806;"@IND0_Update @MataNajwa @Metro_TV @tvOneNews Ikut senang melihat Bahlil Kawal Investasi  Rempang Eco City melalui langkah-langkah konkretnya, apalagi proyek pembangunan ini mendapat dukungan penuh dari #HIPMIRempang";0;0;0;0;in;1663192107069378560;1714923582747533425;certtfer;https://twitter.com/certtfer/status/1714931562532454806
Thu Oct 19 09:08:40 +0000 2023;1714931559860781515;"@IND0_Update @MataNajwa @Metro_TV @tvOneNews Teruskan pak Bahlil Kawal Investasi. Rempang bener2 harus mendapat pwrhatian penuh. #HIPMIRpempang";0;0;0;0;in;80524241;1714923582747533425;endhaibara;https://twitter.com/endhaibara/status/1714931559860781515
Thu Oct 19 09:08:39 +0000 2023;1714931557759373315;"@IND0_Update @MataNajwa @Metro_TV @tvOneNews Setuju sekali proyek Rempang memang harus dikawal untuk kesejahteraan masyarakat  Bahlil Kawal Investasi #HIPMIRempang";0;0;0;0;in;1656941857883164672;1714923582747533425;nathankim84386;https://twitter.com/nathankim84386/status/1714931557759373315
Thu Oct 19 09:08:38 +0000 2023;1714931551996457071;"Hipmi telah  memberikan perhatian besar terhadap investasi Rempang Eco City yang terus dikawal oleh Menteri Investasi Bahlil Lahadalia sejak awal hingga saat ini dan siap membantu menyukseskan investasi ini, semoga bisa berjalan lancar &amp  bermanfaat utk semua pihak. #HIPMIRempang https://t.co/18YM2B9Cq8";0;0;0;0;in;126817209;1714931551996457071;fafauzizi;https://twitter.com/fafauzizi/status/1714931551996457071
Thu Oct 19 09:08:33 +0000 2023;1714931531956027759;"@IND0_Update @MataNajwa @Metro_TV @tvOneNews Semangat untuk Kawal Investasi Rempang Pak Bahlil kami percaya dengan kemampuan bapak dan membawa dampak yang sangat baik untuk warga sekitar #HIPMIRempang";0;0;0;0;in;1653609680521035778;1714923582747533425;ciwahiwa;https://twitter.com/ciwahiwa/status/1714931531956027759
Thu Oct 19 09:08:22 +0000 2023;1714931486787330258;"HIPMI Mendorong Pembangunan Rempang Eco Park Himpunan Pengusaha Muda Indonesia (HIPMI) dengan penuh semangat mendukung investasi dalam proyek Rempang Eco Park. Bahlil Kawal Investasi #HIPMIRempang https://t.co/uFPgNiOwBJ";0;0;0;0;in;1679895283793289216;1714931486787330258;AdettSatr;https://twitter.com/AdettSatr/status/1714931486787330258
Thu Oct 19 09:08:09 +0000 2023;1714931431582154884;"HIPMI apresiasi pak Bahlil Kawal Investasi Rempang Ecopark   #HIPMIRempang https://t.co/fH1lbHnx18";0;0;0;0;in;571574457;1714931431582154884;_sasanjaya;https://twitter.com/_sasanjaya/status/1714931431582154884
Thu Oct 19 09:07:54 +0000 2023;1714931367275049191;"Bahlil Kawal Investasi dan aktif dektai warga rempang secara humanis #HIPMIRempang https://t.co/7J9aMsXGeh";0;0;0;0;in;1178504988600893441;1714931367275049191;__justasusual;https://twitter.com/__justasusual/status/1714931367275049191
Thu Oct 19 09:07:48 +0000 2023;1714931342142841018;"@IND0_Update @MataNajwa @Metro_TV @tvOneNews Bahlil Kawal Investasi ... Semoga warga rempang semakin sejahterah  #HIPMIRempang";0;0;0;1;in;1661422897897025537;1714923582747533425;KafiNurH;https://twitter.com/KafiNurH/status/1714931342142841018
Thu Oct 19 09:07:46 +0000 2023;1714931331921215772;"@floreskekinian2 Keren pak Bahlil yang bisa memberikan hak buat warga Rempang Eco City yang terdampak investasi, Bahlil Kawal Investasi #HIPMIRempang";0;0;0;0;in;1696078194389180416;1714923087442153861;yukizaraa;https://twitter.com/yukizaraa/status/1714931331921215772
Thu Oct 19 09:07:34 +0000 2023;1714931284513108322;"Setelah mendapat dukungan dari DPR sekarang HIPMI juga ikut mengapresiasi Pro aktif pak menteri dalam mendekati warga Rempang. #HIPMIRempang https://t.co/3UdloPOJED";0;0;0;0;in;1612083591210766336;1714931284513108322;kokom1619;https://twitter.com/kokom1619/status/1714931284513108322
Thu Oct 19 09:07:25 +0000 2023;1714931247401906417;"@IND0_Update @MataNajwa @Metro_TV @tvOneNews Sukses terus Pak Bahlil Kawal Investasi Rempang. semoga kolaborasi dengan HIPMI berjalan dengan lancar dan berdampak positif untuk masyarakat setempat.   #HIPMIRempang";0;0;0;0;in;962102396;1714923582747533425;mooncookiest;https://twitter.com/mooncookiest/status/1714931247401906417
Thu Oct 19 09:07:20 +0000 2023;1714931226434506841;"@IND0_Update @MataNajwa @Metro_TV @tvOneNews Keren nih Pak Bahlil Kawal Investasi, semoga proyek Rempang eco park berjalan lancar.  #HIPMIRempang";0;0;0;0;in;1658440615900905473;1714923582747533425;captainjeno423;https://twitter.com/captainjeno423/status/1714931226434506841
Thu Oct 19 09:07:19 +0000 2023;1714931221959176343;"HIPMI Rempang ikut dukung Bahlil Kawal Investasi di proyek Rempang. Karena proyek tersebut dianggap akan berhasil dan menguntungkan baik pemerintah maupun warga Rempang sendiri.   #HIPMIRempang https://t.co/PvlmwHZAtC";0;0;0;0;in;1628976457665122304;1714931221959176343;TigaRaksa05;https://twitter.com/TigaRaksa05/status/1714931221959176343
Thu Oct 19 09:07:18 +0000 2023;1714931217295098035;"Rempang Eco Park: Menjanjikan, Berkelanjutan, dan Menguntungkan! Terima Kasih Menteri Bahlil dan Hipmi atas Dukungannya. 🌱🏢 Bahlil Kawal Investasi  #HIPMIRempang https://t.co/hHBDZNYj6l";0;0;0;0;in;2756663021;1714931217295098035;lhabirin;https://twitter.com/lhabirin/status/1714931217295098035
Thu Oct 19 09:07:15 +0000 2023;1714931204758335499;"@floreskekinian2 Bahlil Kawal Investasi #HIPMIRempang yakin, investasi Rempang akan membawa kemaslahatan untuk rakyat";0;0;0;0;in;1678715692307341312;1714923087442153861;diarysamvatku;https://twitter.com/diarysamvatku/status/1714931204758335499
Thu Oct 19 09:07:07 +0000 2023;1714931171153637830;"@IND0_Update @MataNajwa @Metro_TV @tvOneNews Alhamdulillah HIPMI punya peran penting untuk proyek rempang eco park Bahlil Kawal Investasi #HIPMIRempang";0;0;0;0;in;1569488223222788097;1714923582747533425;putraprtm01;https://twitter.com/putraprtm01/status/1714931171153637830
Thu Oct 19 09:06:46 +0000 2023;1714931081001283815;"Bahlil Kawal Investasi rempang jadi meningkatkan kesejahteraan masyarakat jadi lbh baik, mantap deh Pak 👍 #HIPMIRempang  https://t.co/XAFcuB72Kr";0;0;0;0;in;601152183;1714931081001283815;iculz7;https://twitter.com/iculz7/status/1714931081001283815
Thu Oct 19 09:06:37 +0000 2023;1714931045190271105;"@IND0_Update @MataNajwa @Metro_TV @tvOneNews Semangat pak Bahlil Kawal Investasi Rempang eco city #HIPMIRempang";0;0;0;0;in;1671798732944457730;1714923582747533425;EleaFralea;https://twitter.com/EleaFralea/status/1714931045190271105
Thu Oct 19 09:06:35 +0000 2023;1714931034243125302;"@IND0_Update @MataNajwa @Metro_TV @tvOneNews #HIPMIRempang apresiasi kinerja Pak Bahlil Kawal Investasi sehubungan Rempang Eco City";0;0;0;0;in;1695133561005961216;1714923582747533425;marigrowup;https://twitter.com/marigrowup/status/1714931034243125302
Thu Oct 19 09:06:33 +0000 2023;1714931026047426575;"@floreskekinian2 Dari awal Pak Bahlil Kawal Investasi di pulau rempang keren banget sih... Untuk pendekatannya yang humanis, mendengarkan apa yang di inginkan rakyat. Salut banget #HIPMIRempang";0;0;0;0;in;775262565479829504;1714923087442153861;tjieeeci;https://twitter.com/tjieeeci/status/1714931026047426575
Thu Oct 19 09:06:32 +0000 2023;1714931023920910684;"Dengan Rempang Eco City menjadikan kampung dengan nilai kesejahteraan yang tinggi Bahlil Kawal Investasi  #HIPMIRempang  https://t.co/OlUHaKlNcH";0;0;0;1;in;880993326601654272;1714931023920910684;4ortea;https://twitter.com/4ortea/status/1714931023920910684
Thu Oct 19 09:06:28 +0000 2023;1714931006292246934;"@IND0_Update @MataNajwa @Metro_TV @tvOneNews Sukses terus Pak Bahlil semoga kolaborasi dengan HIPMI berjalan dengan lancar dan berdampak positif untuk masyarakat setempat. Semangat pakk Kawal Investasi Rempang #HIPMIRempang";0;0;0;0;in;1652638956314578944;1714923582747533425;peaglerush;https://twitter.com/peaglerush/status/1714931006292246934
Thu Oct 19 09:06:21 +0000 2023;1714930978647683186;"@floreskekinian2 Kinerja pak Bahlil Kawal Investasi selalu totalitas sehingga hak hak masyarakat Rempang terpenuhi dengan baik #HIPMIRempang";0;0;0;0;in;2759085339;1714923087442153861;Azizielatiffa;https://twitter.com/Azizielatiffa/status/1714930978647683186
Thu Oct 19 09:06:00 +0000 2023;1714930888067191170;"Dengan peningkatan keterampilan maka warga rempang akan memperoleh kesempatan yg lebih besar dalam penyerapan kerja yg tersedia dg keberadaan investasi.  @detikcom  @bahlillahadalia  Bahlil Kawal Investasi  #HIPMIRempang  https://t.co/nS8PzIgkUN";0;0;9;9;in;1686231112128069632;1714930888067191170;sitiiraudhah;https://twitter.com/sitiiraudhah/status/1714930888067191170
Thu Oct 19 09:05:49 +0000 2023;1714930842676707405;"Investasi Rempang Eco City, Harapan Bagi Perekonomian Nasional! HIPMI Siap Berkolaborasi dan Meningkatkan Keterampilan Warga Lokal. 🙌💪 Bahlil Kawal Investasi  #HIPMIRempang https://t.co/JvllqmQcWj";0;0;0;0;in;2759102327;1714930842676707405;flowuing;https://twitter.com/flowuing/status/1714930842676707405
Thu Oct 19 09:05:49 +0000 2023;1714930842676699575;"Setuju sekali dengan pak Bahlil yang melakukan pendekatan humanis dalam proyek Rempang kali ini. Memang penerintahpun harus memanusiakan masyarakat Bahlil Kawal Investasi #HIPMIRempang https://t.co/lk9r0ek5sd";0;0;0;0;in;1489087854915457029;1714930842676699575;a_roisatu;https://twitter.com/a_roisatu/status/1714930842676699575
Thu Oct 19 09:05:41 +0000 2023;1714930807545139260;"Bahlil Kawal Investasi  Rempang Eco City dengan cara merangkul warga sekitar melalui pendekatan humanis, untuk mendukung investasi ini #HIPMIRempang siap berkolaborasi dengan pemerintah untuk meningkatkan keterampilan warga Rempang lewat pelatihan https://t.co/kwRYfOU0gm";0;0;0;0;in;1663176057124704259;1714930807545139260;Arsaraku;https://twitter.com/Arsaraku/status/1714930807545139260
Thu Oct 19 09:05:35 +0000 2023;1714930783042040181;"Pemerintah dan HIPMI mengapresiasi kinerja Bahlil krn membuat warga mendukung proyek Rempang. Bahlil Kawal Investasi #HIPMIRempang https://t.co/iokWgTKlM3";0;0;0;0;in;1636583139555561472;1714930783042040181;chanhyung29;https://twitter.com/chanhyung29/status/1714930783042040181
Thu Oct 19 09:05:34 +0000 2023;1714930779703345291;"@IND0_Update @MataNajwa @Metro_TV @tvOneNews Semakin byk yg mendukung pak Bahlil Kawal Investasi di Rempang Eco City, semakin cepat realisasinya. Dan makin meningkat kesejahteraan ekonomi rakyat disana.  #HIPMIRempang";0;0;0;1;in;1647078933362507777;1714923582747533425;5ky_licious;https://twitter.com/5ky_licious/status/1714930779703345291
Thu Oct 19 09:05:34 +0000 2023;1714930778491216007;"Dengan adanya proyek Rempang Eco Park warga lokal mendapat kesempatan untuj kerja,HIPMI dan pemerintah akan berkolaborasi agar warga bisa mendapatkan pelatihan Bahlil Kawal Investasi #HIPMIRempang https://t.co/F74GHzt24B";0;0;0;0;in;1554350865196417025;1714930778491216007;Mallalaaa;https://twitter.com/Mallalaaa/status/1714930778491216007
Thu Oct 19 09:05:31 +0000 2023;1714930767498014929;"Masyarakat Rempang tetap dipenuhi hak haknya, salah satunya dibangunkan UKM Center untuk meningkatkan keterampilan mereka Bahlil Kawal Investasi  #HIPMIRempang https://t.co/mKbh9BJGvu";0;0;0;1;in;880993326601654272;1714930767498014929;4ortea;https://twitter.com/4ortea/status/1714930767498014929
Thu Oct 19 09:05:26 +0000 2023;1714930744991404213;"Bahlil Kawal Investasi, Dalam upaya mendukung investasi ini, Hipmi siap berkolaborasi dengan pemerintah untuk meningkatkan keterampilan warga Rempang lewat pelatihan. #HIPMIRempang https://t.co/spr9UH8jLa";0;0;0;0;in;1655505050033348608;1714930744991404213;choco_muffin20;https://twitter.com/choco_muffin20/status/1714930744991404213
Thu Oct 19 09:05:24 +0000 2023;1714930739089924248;"@floreskekinian2 betul, melihat bahwa pak Bahlil selalu ingat untuk melibatkan masyarakat pada pembangunan investasi Rempang ini. dukung Bahlil Kawal Investasi #HIPMIRempang";0;0;0;0;in;1678747305070170112;1714923087442153861;imsupershysuper;https://twitter.com/imsupershysuper/status/1714930739089924248
Thu Oct 19 09:05:22 +0000 2023;1714930729648628128;"@CSzipel_ #HIPMIRempang siap berkolaborasi dengan masyarakat terkait Rempang Eco City Bahlil Kawal Investasi";0;0;0;0;in;1695144086813151233;1714923086607454625;skyshoooblu;https://twitter.com/skyshoooblu/status/1714930729648628128
Thu Oct 19 09:05:20 +0000 2023;1714930721637412865;"@CSzipel_ Kinerja pak Bahlil Kawal Investasi bener-bener harus diapresiasi, beliau teguh memenuhi hak-hak warga Rempang #HIPMIRempang";0;0;0;0;in;763242465511878656;1714923086607454625;Diaaania;https://twitter.com/Diaaania/status/1714930721637412865
Thu Oct 19 09:05:18 +0000 2023;1714930711554330741;"@CSzipel_ sumpah kita sbg warga hrs bgt dukung Pak Bahlil Kawal Investasi, rempang eco city jayaa  #HIPMIRempang";0;0;0;0;in;1620765639303643137;1714923086607454625;pinkeumamba;https://twitter.com/pinkeumamba/status/1714930711554330741
Thu Oct 19 09:05:15 +0000 2023;1714930701739639101;"@CSzipel_ kinerja pak Bahlil emang luar biasa untuk Kawal Investasi Rempang #HIPMIRempang";0;0;0;0;in;1676212592577220608;1714923086607454625;Bernbex77;https://twitter.com/Bernbex77/status/1714930701739639101
Thu Oct 19 09:05:09 +0000 2023;1714930673159749887;"HIPMI siap berkolaborasi dg pemerintah untuk mendukung investasi di pulau rempang dengan meningkatkan ketrampilan warga melalui pelatihan. Bahlil Kawal Investasi #HIPMIRempang https://t.co/qU72WM7JkC";0;0;0;0;in;1680123321155993601;1714930673159749887;daniielsaa;https://twitter.com/daniielsaa/status/1714930673159749887
Thu Oct 19 09:05:00 +0000 2023;1714930637768192473;"Dalam upaya mendukung investasi rempang, #HIPMIRempang siap melakukan kolaborasi dengan pemerintah untuk meningkatkan keterampilan warga rempang lewat pelatihan.  @bahlillahadalia  @mediaindonesia  Bahlil Kawal Investasi https://t.co/B5XqMJF8Zl";0;0;0;0;in;1686289519451271170;1714930637768192473;AyraWarda;https://twitter.com/AyraWarda/status/1714930637768192473
Thu Oct 19 09:05:00 +0000 2023;1714930637478764982;"Himpunan Pengusaha Muda Indonesia (HIPMI) dukung penuh pak @bahlillahadalia sebagai perwakilan pemerintah untuk mengembangkan pulau rempang yang punya potensi besar untuk ekonomi baru Indonesia. #HIPMIRempang Bahlil Kawal Investasi @jokowi @pak";0;0;0;0;in;1256306009951199233;1714930637478764982;Hanumpratiwi16;https://twitter.com/Hanumpratiwi16/status/1714930637478764982
Thu Oct 19 09:05:00 +0000 2023;1714930637105479916;"#HIPMIRempang mengapresiasi komitmen Bahlil Kawal Investasi di Rempang Eco-City. Menurutnya langkah pak Bahlil yg proaktif menghadirkan win² solution. @ganjarpranowo  @anie";0;0;0;1;in;1685534221509836800;1714930637105479916;WHikmahnabilah;https://twitter.com/WHikmahnabilah/status/1714930637105479916
Thu Oct 19 09:05:00 +0000 2023;1714930637075792078;"#HIPMIRempang siap bersinergi dengan Pak Menteri Bahlil Kawal Investasi pengembangan Rempang EcoCity segera  terealisasi. @jokowi @mah";0;0;1;1;in;1686220715073454080;1714930637075792078;Cahaya616;https://twitter.com/Cahaya616/status/1714930637075792078
Thu Oct 19 09:05:00 +0000 2023;1714930637055136187;"HIPMI mendukung penuh pembangunan proyek Rempang Eco City, karena terdapat banyak manfaat yang akan dirasakan oleh Indonesia, khususnya warga di Pulau Rempang.  Bahlil Kawal Investasi #HIPMIRempang  @jpnncom  https://t.co/iFWRUtKFxQ";0;0;0;1;in;1685946613783801857;1714930637055136187;ChuiRanda;https://twitter.com/ChuiRanda/status/1714930637055136187
Thu Oct 19 09:05:00 +0000 2023;1714930637017342147;"warga Pulau Rempang yang terkena dampak pembangunan  Rempang Eco City untuk tidak khawatir dengan kompensasi yang diberikan pemerintah.  Bahlil Kawal Investasi #HIPMIRempang  @PoskotaJ @poskota_jateng  https://t.co/myP67s3dD3";0;0;0;0;in;1685941798978588672;1714930637017342147;Adamsadew4;https://twitter.com/Adamsadew4/status/1714930637017342147
Thu Oct 19 09:05:00 +0000 2023;1714930636912554280;"#HIPMIRempang mengapresiasi kinerja Bahlil Kawal Investasi di pulau Rempang sangat proaktif mengingat pengembangan rempang terus  mengalami progres yang meningkat. @bahlillahadalia   @jokowi";0;0;0;0;in;1686222554644860928;1714930636912554280;AskaraBast40876;https://twitter.com/AskaraBast40876/status/1714930636912554280
Thu Oct 19 09:05:00 +0000 2023;1714930636840947759;"Diakui Fathul, HIPMI siap berkolaborasi dengan pemerintah dan juga investor di Pulau Rempang.  Bahlil Kawal Investasi  #HIPMIRempang  @jpnncom  https://t.co/sSE9ghJPY4";0;0;0;0;in;1685950900991668224;1714930636840947759;s4ntisulis;https://twitter.com/s4ntisulis/status/1714930636840947759
Thu Oct 19 09:05:00 +0000 2023;1714930636820042107;"Mari dukung pengembangan Rempang Eco-City untuk ciptakan tenaga kerja masyarakat lokal. #HIPMIRempang Bahlil Kawal Investasi @sandiuno @hnu";0;0;0;0;in;1686820015100878848;1714930636820042107;riqbaal838;https://twitter.com/riqbaal838/status/1714930636820042107
Thu Oct 19 09:05:00 +0000 2023;1714930636790620166;"Kita yakin bahwa investasi rempang akan berjalan sesuai harapan.  @bahlillahadalia  @mediaindonesia  Bahlil Kawal Investasi  #HIPMIRempang https://t.co/cjkJL1feft";0;0;4;4;in;1686231112128069632;1714930636790620166;sitiiraudhah;https://twitter.com/sitiiraudhah/status/1714930636790620166
Thu Oct 19 09:05:00 +0000 2023;1714930636786663810;"Kita apresiasi langkah menteri @bahlillahadalia yg turun tangan untuk melakukan pendekatan secara humanis ke warga rempang.  @kompascom  @okezonenews  Bahlil Kawal Investasi  #HIPMIRempang https://t.co/Bq9D9FUwxu";0;0;4;4;in;1686281581219176448;1714930636786663810;saarahmaghfirah;https://twitter.com/saarahmaghfirah/status/1714930636786663810
Thu Oct 19 09:05:00 +0000 2023;1714930636761485639;"Selain memberikan Apresiasi kepada Menteri Bahlil Kawal Investasi atas pendekatan Pak Bahlil melakukan sosialisasi, #HIPMIRempang siap memberikan pelatihan Wirausaha untuk warga Rempang yg terdampak. @sandiuno  @ridwan";0;0;0;2;in;1686817863213191168;1714930636761485639;thesabiani;https://twitter.com/thesabiani/status/1714930636761485639
Thu Oct 19 09:05:00 +0000 2023;1714930636757348617;"BP Batam siap menjadi wadah untuk meningkatkan produktivitas warga Rempang  #HIPMIRempang https://t.co/3cau61serQ";0;0;0;0;in;1685655572295905280;1714930636757348617;SrikandiAkbar;https://twitter.com/SrikandiAkbar/status/1714930636757348617
Thu Oct 19 09:05:00 +0000 2023;1714930636740305006;"keseriusan pemerintah kepada warga Rempang terlihat dari langkah-langkah konkret @bahlillahadalia  yang terus melakukan pendekatan dengan warga.  Bahlil Kawal Investasi  #HIPMIRempang https://t.co/yjLOifkrLQ";0;0;0;1;in;1685955206100791296;1714930636740305006;Rani_7asica;https://twitter.com/Rani_7asica/status/1714930636740305006
Thu Oct 19 09:05:00 +0000 2023;1714930636727750696;"Rempang eco city akan berdampak positif bagi perekonomian nasional maupun daerah, serta bisa membawa kesejahteraan bagi masyarakat sekitar.  @bahlillahadalia  @tribunnews  Bahlil Kawal Investasi  #HIPMIRempang https://t.co/lS2gy2StZW";0;0;0;0;in;1686246359433891840;1714930636727750696;RayaaaSafira;https://twitter.com/RayaaaSafira/status/1714930636727750696
Thu Oct 19 09:05:00 +0000 2023;1714930636677407119;"Selain fokus terhadap pembangunan, pak bahlil juga akan pastikan untuk memenuhi hak-hak warga rempang yang terdampak investasi @detikcom @bahlillahadalia   Bahlil Kawal Investasi #HIPMIRempang https://t.co/DPplMIhAhS";0;0;0;0;in;1343524935910637568;1714930636677407119;Nabilaha86;https://twitter.com/Nabilaha86/status/1714930636677407119
Thu Oct 19 09:05:00 +0000 2023;1714930636664758358;"pemerintah akan memberikan jaminan hak bagi warga Pulau Rempang yang terkena dampak pembangunan proyek.  Bahlil Kawal Investasi #HIPMIRempang  @SMN_Channel @VICE  https://t.co/Pl1wdwNsMx";0;0;0;0;in;1685946613783801857;1714930636664758358;ChuiRanda;https://twitter.com/ChuiRanda/status/1714930636664758358
Thu Oct 19 09:04:58 +0000 2023;1714930628393923046;"@CSzipel_ Semangat yang luar biasa, Bahlil Kawal Investasi demi mensejahterakan warga Rempang #HIPMIRempang";0;0;0;0;in;1355029286940413954;1714923086607454625;ootdwanitahijab;https://twitter.com/ootdwanitahijab/status/1714930628393923046
Thu Oct 19 09:04:53 +0000 2023;1714930607824998647;"Saya setuju dengan #HIPMIRempang yang memberikan apresiasi atas usaha humanis Pak Bahlil Kawal Investasi di Rempang Eco City https://t.co/xSN3EnxtfG";0;0;0;0;in;1620604303839993856;1714930607824998647;beastybi1;https://twitter.com/beastybi1/status/1714930607824998647
Thu Oct 19 09:04:51 +0000 2023;1714930598111002938;"@IND0_Update @MataNajwa @Metro_TV @tvOneNews Sinergi antara Bahlil dan #HIPMIRempang untuk pengembangan Rempang Eco-City Bahlil Kawal Investasi";0;0;0;0;in;1686817863213191168;1714923582747533425;thesabiani;https://twitter.com/thesabiani/status/1714930598111002938
Thu Oct 19 09:04:46 +0000 2023;1714930580373283248;"@CSzipel_ Peran pro aktiv Bahlil Kawal Investasi dengan konsisten mendapatkan hasil yang baik bagi warga Rempang dan investor #HIPMIRempang";0;0;0;0;in;1706476445068120064;1714923086607454625;Roselinami;https://twitter.com/Roselinami/status/1714930580373283248
Thu Oct 19 09:04:44 +0000 2023;1714930571057701363;"Rempang tidak ada AMDAL...harusnya segera dilepas tahanan yang ditangkepin";0;0;0;0;in;1514845309423144963;1714930571057701363;DwiSufianto;https://twitter.com/DwiSufianto/status/1714930571057701363
Thu Oct 19 09:04:41 +0000 2023;1714930558927843734;"Bahlil Kawal Investasi, Sinergi dan kolaborasi antara Hipmi dan pemerintah diyakini akan membawa dampak positif bagi investasi di Rempang. #HIPMIRempang https://t.co/bf13YPE9rH";0;0;0;0;in;1646785191338442752;1714930558927843734;_pietweety_;https://twitter.com/_pietweety_/status/1714930558927843734
Thu Oct 19 09:04:39 +0000 2023;1714930548530135142;"HIPMI mengapresiasi menteri Bahlil dalam proyek Rempang Eco Park dan meyakini bahwa investasi akan berjalan lancar dan mensejahterakan warga sekitar Bahlil Kawal Investasi #HIPMIRempang https://t.co/0l2gn4sMQB";0;0;0;0;in;1694705948299063296;1714930548530135142;deetataa;https://twitter.com/deetataa/status/1714930548530135142
Thu Oct 19 09:04:38 +0000 2023;1714930546885943486;"@IND0_Update @MataNajwa @Metro_TV @tvOneNews Semoga lancar pembangunan Rempang eco city Bahlil Kawal Investasi #HIPMIRempang";0;0;0;0;in;1680068914255138818;1714923582747533425;Narendra_palama;https://twitter.com/Narendra_palama/status/1714930546885943486
Thu Oct 19 09:04:32 +0000 2023;1714930519375503674;"@CSzipel_ Alhamdulillah warga Rempang juga bisa terpenuhi hak-hak nya, semoga projek pak Bahlil Kawal Investasi bisa lancar terus #HIPMIRempang";0;0;0;0;in;1403910653950128133;1714923086607454625;intobluesea;https://twitter.com/intobluesea/status/1714930519375503674
Thu Oct 19 09:04:27 +0000 2023;1714930500039766444;"@floreskekinian2 Bener banget itu kalau pak  Bahlil Kawal Investasi #HIPMIRempang sehingga para warga rempang akan mendapat hal yang semestinya";0;0;0;0;in;1599051650253041666;1714923087442153861;gumihoho_2;https://twitter.com/gumihoho_2/status/1714930500039766444
Thu Oct 19 09:04:22 +0000 2023;1714930479462494224;"@CSzipel_ karena proyek ini diperuntukkan untuk masyarakat, maka pak Bahlil ga henti2nya buat melibatkan masyarakat ke proyek investasi Rempang ini .. Bahlil Kawal Investasi #HIPMIRempang";0;0;0;0;in;1674397645220237312;1714923086607454625;sukasukagwehjya;https://twitter.com/sukasukagwehjya/status/1714930479462494224
Thu Oct 19 09:04:17 +0000 2023;1714930455907364898;"@IND0_Update @MataNajwa @Metro_TV @tvOneNews Keren HIPMI apresiasi Menteri Bahlil Kawal Investasi proyek rempang #HIPMIRempang";0;0;0;0;in;1676215980870213635;1714923582747533425;Sstaryou_;https://twitter.com/Sstaryou_/status/1714930455907364898
Thu Oct 19 09:04:13 +0000 2023;1714930441348870543;"Selalu amazed dengan kerja nyata pak Bahlil yang secara langsung ke Pulau Rempang untuk melakukan pendekatan ke warga agar warga mengerti dan secara sukarela pindah ke lokasi baru yang disediakan oleh pemerintah. Mari kita dukung dan kawal inivestasi ini. #HIPMIRempang https://t.co/cT2aqybRhT";0;0;0;1;in;1303395306600423426;1714930441348870543;visusarius;https://twitter.com/visusarius/status/1714930441348870543
Thu Oct 19 09:04:02 +0000 2023;1714930394355961976;"@CSzipel_ Hipmi pastikan investasi Rempang eco city berjalan baik dengan Bahlil Kawal Investasi meningkatkan ekonomi #HIPMIRempang";0;0;0;0;in;1706479391856046080;1714923086607454625;DoniPra88;https://twitter.com/DoniPra88/status/1714930394355961976
Thu Oct 19 09:04:00 +0000 2023;1714930385971454147;"Investasi proyek eco city di rempang manfaatnya akan dirasakan warga rempang secara khusus karena akan membantu mengurangi pengangguran.  @GATRA_com  @liputan6dotcom  Bahlil Kawal Investasi  #HIPMIRempang  https://t.co/meiRNhRy7q";0;0;0;0;in;1686291325308784640;1714930385971454147;syahirasyafaa;https://twitter.com/syahirasyafaa/status/1714930385971454147
Thu Oct 19 09:04:00 +0000 2023;1714930385937891499;"Pak bahlil akan pastikan untuk memberikan hak-hak warga rempang yang terdampak dalam pembangunan rempang Eco-city.  @bahlillahadalia @jokowi @detikcom   Bahlil Kawal Investasi #HIPMIRempang https://t.co/zCPO7PXD0S";0;0;0;0;in;1685924578332430336;1714930385937891499;divanaila68;https://twitter.com/divanaila68/status/1714930385937891499
Thu Oct 19 09:04:00 +0000 2023;1714930385287778458;"Pro aktif yang dilakukan menteri satu ini kepada para warga rempang mendapatkan apresiasi dari berbagai pihak.  Bahlil Kawal Investasi #HIPMIRempang @jawapos https://t.co/VlfVPrh2EQ";0;0;0;0;in;1685605010523226112;1714930385287778458;Ratnoseti4wan;https://twitter.com/Ratnoseti4wan/status/1714930385287778458
Thu Oct 19 09:04:00 +0000 2023;1714930385241382955;"#HIPMIRempang investasi di Rempang Eco-City menarik minat besar negara ASEAN karena dampak positif dari investasi ini adalah mampu menyerap 30rb tenaga kerja secara langsung. Bahlil Kawal Investasi @hnurwahid @dedimul";0;0;0;1;in;1686817863213191168;1714930385241382955;thesabiani;https://twitter.com/thesabiani/status/1714930385241382955
Thu Oct 19 09:04:00 +0000 2023;1714930385187196948;"Ini tentu menjadi opsi besar untuk masyarakat rempang,karena melihat adanya kesejahteraan dan kebutuhan,bisa menjadi solusi tentu dengan adanya #HIPMIRempang ini. Bahlil Kawal Investasi https://t.co/5vtBIX87L1";0;0;0;0;in;1685576369554776065;1714930385187196948;UL_Pauols;https://twitter.com/UL_Pauols/status/1714930385187196948
Thu Oct 19 09:04:00 +0000 2023;1714930385174532471;"Dukung penuh Pak Menteri Bahlil Kawal Investasi, pengembangan Kawasan Rempang Eco-City menjadi kawasan ekonomi baru dan dapat menyerap tenaga kerja bahkan ribuan tenaga kerja. #HIPMIRempang @ganjarpranowo @prabowo @anies";0;0;0;0;in;1256306009951199233;1714930385174532471;Hanumpratiwi16;https://twitter.com/Hanumpratiwi16/status/1714930385174532471
Thu Oct 19 09:04:00 +0000 2023;1714930385174343995;"Mari kita dukung Pulau Rempang  yang akan dijadikan Eco-City sehingga dapat memberikan manfaat lebih banyak untuk warga setempat seperti yang diharapkan #HIPMIRempang Bahlil Kawal Investasi @bahlillahadalia @jokowi";0;0;0;0;in;1685534221509836800;1714930385174343995;WHikmahnabilah;https://twitter.com/WHikmahnabilah/status/1714930385174343995
Thu Oct 19 09:04:00 +0000 2023;1714930385157788057;"HIPMI apresiasi pendekatan pak bahlil yang pro aktif terhadap warga rempang @bahlillahadalia @kompascom  Bahlil Kawal Investasi  #HIPMIRempang https://t.co/noUJDOLVFV";0;0;0;0;in;1685926961435361280;1714930385157788057;zulvasyakira68;https://twitter.com/zulvasyakira68/status/1714930385157788057
Thu Oct 19 09:04:00 +0000 2023;1714930385141014752;"Kita apresiasi langkah menteri @bahlillahadalia yg turun tangan mengawal proyek eco city dan selalu mengedepankan pendekatan humanis kepada warga rempang.  @jpnncom  @kompascom  Bahlil Kawal Investasi  #HIPMIRempang  https://t.co/MjPpWjSdrP";0;0;0;0;in;1686289519451271170;1714930385141014752;AyraWarda;https://twitter.com/AyraWarda/status/1714930385141014752
Thu Oct 19 09:04:00 +0000 2023;1714930385136591305;"Pak bahlil pastikan akan memberika hak-hak warga rempang yang terdampak investasi @jawapos @bahlillahadalia  Bahlil Kawal Investasi  #HIPMIRempang  https://t.co/dyJFxFpXrN";0;0;0;0;in;1685926961435361280;1714930385136591305;zulvasyakira68;https://twitter.com/zulvasyakira68/status/1714930385136591305
Thu Oct 19 09:04:00 +0000 2023;1714930385136579030;"Sinergi dan kolaborasi antara Hipmi dan pemerintah diyakini akan membawa dampak positif bagi investasi di Rempang. Bahlil Kawal Rempang  #HIPMIRempang";0;0;0;0;in;1685926961435361280;1714930385136579030;zulvasyakira68;https://twitter.com/zulvasyakira68/status/1714930385136579030
Thu Oct 19 09:04:00 +0000 2023;1714930385132683401;"Dari awal kita yakin bahwa investasi yg ada di pulau rempang akan sangat membantu pertumbuhan ekonomi warga rempang.  @poskota  @rmol_id  Bahlil Kawal Investasi  #HIPMIRempang  https://t.co/MX1ssTTgdt";0;0;0;0;in;1686246359433891840;1714930385132683401;RayaaaSafira;https://twitter.com/RayaaaSafira/status/1714930385132683401
Thu Oct 19 09:04:00 +0000 2023;1714930385115652365;"Ada beberapa biaya yang akan diberikan pemerintah untuk warga Rempang terdampak, seperti uang tunggu dan uang sewa rumah atau kontrakan.  Bahlil Kawal Investasi  #HIPMIRempang  @jawapos  https://t.co/6gCBqsWF0f";0;0;0;1;in;1685605010523226112;1714930385115652365;Ratnoseti4wan;https://twitter.com/Ratnoseti4wan/status/1714930385115652365
Thu Oct 19 09:04:00 +0000 2023;1714930385115615237;"DPR @DPR_RI akan terus dukung pak bahlil untuk memberikan hak warga rempang yang terdampak investasi.  @tribunnews  Bahlil Kawal Investasi #HIPMIRempang https://t.co/qSiSQl7Xa6";0;0;0;0;in;1685917961620770816;1714930385115615237;azkianabila67;https://twitter.com/azkianabila67/status/1714930385115615237
Thu Oct 19 09:04:00 +0000 2023;1714930385107472556;"Bahlil Kawal Investasi tuh emang harus didukung banget di masa-masa kek gini, nah dgn memberikan hak² warga rempang pengembangan ini  dapat berjalan dgn lancar.  #HIPMIRempang @bahlillahadalia  @Ganjar https://t.co/qjLfTA7PRa";0;0;0;1;in;1686820015100878848;1714930385107472556;riqbaal838;https://twitter.com/riqbaal838/status/1714930385107472556
Thu Oct 19 09:04:00 +0000 2023;1714930385065226571;"Bahlil Kawal Investasi di Rempang terus mengalami peningkatan. upaya Bahlil yang terus melakukan pendekatan didukung penuh oleh #HIPMIRempang @ganjarpranowo @prabowo";0;0;0;0;in;1686222554644860928;1714930385065226571;AskaraBast40876;https://twitter.com/AskaraBast40876/status/1714930385065226571
Thu Oct 19 09:04:00 +0000 2023;1714930385056924083;"Pemerintah melalui kementerian @bkpm @bahlillahadalia terus berupaya memenuhi hak warga yg terdampak proyek rempang eco city.  @mediaindonesia  @indozonemedia  Bahlil Kawal Investasi  #HIPMIRempang https://t.co/12bLt0eoOR";0;0;5;5;in;1686281581219176448;1714930385056924083;saarahmaghfirah;https://twitter.com/saarahmaghfirah/status/1714930385056924083
Thu Oct 19 09:04:00 +0000 2023;1714930385056886887;"Kita apresiasi langkah persuasif dilakukan menteri @bahlillahadalia dalam mendekati warga rempang.  @CNNIndonesia  @Beritasatu  Bahlil Kawal Investasi  #HIPMIRempang https://t.co/Nv03J1Jqvt";0;0;6;6;in;1686231112128069632;1714930385056886887;sitiiraudhah;https://twitter.com/sitiiraudhah/status/1714930385056886887
Thu Oct 19 09:04:00 +0000 2023;1714930385040155115;"Pencapaian pengembangan Rempang Eco-City tidak lepas dari upaya Pak Bahlil Kawal Investasi yg proaktif melakukan pendekatan yg humanis dan persuasif mendapatkan apresiasi dari #HIPMIRempang @PartaiPerindo @Nasde";0;0;0;1;in;1686820015100878848;1714930385040155115;riqbaal838;https://twitter.com/riqbaal838/status/1714930385040155115
Thu Oct 19 09:04:00 +0000 2023;1714930385027792959;"Dukung Investasi Rembang Eco City, HIPMI Pastikan Ekonomi Masyarakat Tumbuh. Mantap HIPMI @bahlillahadalia @poskotanetwork Bahlil Kawal Investasi  #HIPMIRempang   https://t.co/56XeO2JsJN";0;0;0;0;in;1343527954588999680;1714930385027792959;Maelanii86;https://twitter.com/Maelanii86/status/1714930385027792959
Thu Oct 19 09:04:00 +0000 2023;1714930385023639821;"Komitmen Pak Menteri Bahlil Kawal Investasi di Kawasan Rempang mendapat dukungan dari HIPMI (Himpunan Pengusaha Muda Indonesia) menilai pengembangan Rempang EcoCity dapat memberikan banyak manfaat bagi ekonomi baru indonesia. #HIPMIRempang @bahlillahadalia @luhut";0;0;1;1;in;1686220715073454080;1714930385023639821;Cahaya616;https://twitter.com/Cahaya616/status/1714930385023639821
Thu Oct 19 09:04:00 +0000 2023;1714930385019425212;"Pemerintah terus memastikan hak-hak warga rempang terpenuhi seperti hunian sementara, uang bulanan perorangan, dan uang per KK untuk kontrakan.  @bahlillahadalia  @kompascom  Bahlil Kawal Investasi  #HIPMIRempang https://t.co/UMbRR5yKhH";0;0;0;0;in;1686280534182563840;1714930385019425212;nursalmaaa2;https://twitter.com/nursalmaaa2/status/1714930385019425212
Thu Oct 19 09:04:00 +0000 2023;1714930385014927673;"Dengan mendukung investasi rempang, HIPMI yakin nilai kesejahteraan masyarakat akan meningkat.  @bahlillahadalia  Bahlil Kawal Investasi  #HIPMIRempang https://t.co/D2SX4uzBdG";0;0;0;0;in;1685917961620770816;1714930385014927673;azkianabila67;https://twitter.com/azkianabila67/status/1714930385014927673
Thu Oct 19 09:04:00 +0000 2023;1714930384989790371;"Luar biasa memang pendekatan pak mentri dengan warga rempang banyak di apresiasi @jokowi @TRANSTV_CORP  Bahlil Kawal Investasi  #HIPMIRempang https://t.co/6mXp5Fy2LA";0;0;0;0;in;1571354287527301120;1714930384989790371;Adellla22;https://twitter.com/Adellla22/status/1714930384989790371
Thu Oct 19 09:04:00 +0000 2023;1714930384973262973;"Harus dikawal terus pak bahlil @bahlillahadalia jangan sampai warga rempang tidak menerima hak-haknya @kompascom @DPR_RI  Bahlil Kawal Investasi #HIPMIRempang https://t.co/f7evqrUKsU";0;0;0;0;in;1685917961620770816;1714930384973262973;azkianabila67;https://twitter.com/azkianabila67/status/1714930384973262973
Thu Oct 19 09:03:58 +0000 2023;1714930379310948673;"@floreskekinian2 Sip, Bareng pak Bahlil Kawal Investasi Rempang Eco City. Ekonomi berkembang, rakyat pun senang.  #HIPMIRempang";0;0;0;0;in;1594540539097251841;1714923087442153861;DumpsYelly;https://twitter.com/DumpsYelly/status/1714930379310948673
Thu Oct 19 09:03:52 +0000 2023;1714930351708201019;"Dukung Investasi Berkelanjutan! HIPMI Memberikan Apresiasi pada Menteri Bahlil yang Konsisten Kawal Investasi Rempang Eco Park. 💼🌳 Bahlil Kawal Investasi  #HIPMIRempang https://t.co/YWtXygAGx0";0;0;0;0;in;887484958192926720;1714930351708201019;awwahebot;https://twitter.com/awwahebot/status/1714930351708201019
Thu Oct 19 09:03:52 +0000 2023;1714930350194127235;"Pemerintah dan HIPMI mrmgapresiasi kinerja Bahlil krn telahbmembuat warga Rempang yg awalnya menolak proyek tersebut , sekarang berbalik mendukung proyek Rempang. Bahlil Kawal Investasi #HIPMIRempang https://t.co/E3zhSI2847";0;0;0;0;in;1618273731637575682;1714930350194127235;ophawoy;https://twitter.com/ophawoy/status/1714930350194127235
Thu Oct 19 09:03:48 +0000 2023;1714930333945303193;"Tumbuhkan investasi, wujudkan perubahan! HIPMI mengucapkan terima kasih kepada Menteri Bahlil yang dengan tekun mengawal proyek Rempang Eco Park. @liputan6dotcom  Bahlil Kawal Investasi #HIPMIRempang https://t.co/MzeMxu8rOh";0;0;0;0;in;1325020898294837249;1714930333945303193;WildanTzy23;https://twitter.com/WildanTzy23/status/1714930333945303193
Thu Oct 19 09:03:47 +0000 2023;1714930329662963901;"Bahlil Kawal Investasi Rempang dengan melakukan pendekatan secara humanis yg membuat warga mau sedikit demi sedikit mengikuti pemerintah untuk pindah ke tempat baru #HIPMIRempang https://t.co/pTRQGpJ6vr";0;0;0;0;in;2371240028;1714930329662963901;WilianaAnata;https://twitter.com/WilianaAnata/status/1714930329662963901
Thu Oct 19 09:03:36 +0000 2023;1714930283936637232;"Kami bersama untuk mendukung investasi berkelanjutan! HIPMI memberikan apresiasi kepada Menteri Bahlil yang dengan tekun mengawal proyek Rempang Eco Park. @bahlillahadalia  Bahlil Kawal Investasi #HIPMIRempang";0;0;0;0;in;1325020898294837249;1714930283936637232;WildanTzy23;https://twitter.com/WildanTzy23/status/1714930283936637232
Thu Oct 19 09:03:35 +0000 2023;1714930282896498783;"Hipmi memiliki keyakinan bahwa Bahlil Kawal Investasi Rempang ini akan berjalan sesuai harapan, berdampak positif bagi perekonomian nasional dan daerah.  #HIPMIRempang https://t.co/pWK1sJGaxu";0;0;0;0;in;1658443473434071040;1714930282896498783;reinbowchoco;https://twitter.com/reinbowchoco/status/1714930282896498783
Thu Oct 19 09:03:33 +0000 2023;1714930271529980063;"Kami solid untuk mendorong investasi berkelanjutan! HIPMI mengucapkan terima kasih kepada Menteri Bahlil yang dengan tekun mengawal proyek Rempang Eco Park. @prabowo  Bahlil Kawal Investasi #HIPMIRempang";0;0;0;0;in;1325020898294837249;1714930271529980063;WildanTzy23;https://twitter.com/WildanTzy23/status/1714930271529980063
Thu Oct 19 09:03:30 +0000 2023;1714930259358060710;"Kami bersama untuk mendorong investasi berkelanjutan! HIPMI memberikan penghargaan kepada Menteri Bahlil yang memantau proyek Rempang Eco Park dengan tekun. https://t.co/kJET8TsRL6 @kumparan  Bahlil Kawal Investasi #HIPMIRempang";0;0;0;0;in;1325020898294837249;1714930259358060710;WildanTzy23;https://twitter.com/WildanTzy23/status/1714930259358060710
Thu Oct 19 09:03:29 +0000 2023;1714930253901283444;"Menteri Bahlil konsisten memperjuangkan warga dilibatkan sebagai subjek pembangunan dalam investasi Rempang, sejalan dengan regulasi yang ada bahwa investor harus merangkul mitra usaha lokal (UMKM) dan menyerap tenaga kerja lokal. Bahlil Kawal Investasi #HIPMIRempang https://t.co/wN5OLSN7IO";0;0;0;0;in;1594552452829044737;1714930253901283444;yoshemaung_;https://twitter.com/yoshemaung_/status/1714930253901283444
Thu Oct 19 09:03:27 +0000 2023;1714930247605617151;"Kami teguh dalam mendukung investasi berkelanjutan! HIPMI mengucapkan terima kasih kepada Menteri Bahlil yang tekun mengawal proyek Rempang Eco Park. https://t.co/vN76usrbng @aniesbaswedan  Bahlil Kawal Investasi #HIPMIRempang";0;0;0;0;in;1325020898294837249;1714930247605617151;WildanTzy23;https://twitter.com/WildanTzy23/status/1714930247605617151
Thu Oct 19 09:03:24 +0000 2023;1714930234796236838;"Optimalkan investasi, bangun masa depan! HIPMI memberikan apresiasi kepada Menteri Bahlil yang gigih mengawal proyek Rempang Eco Park. https://t.co/svgW2Zv59F @ganjarpranowo  Bahlil Kawal Investasi #HIPMIRempang";0;0;0;0;in;1325020898294837249;1714930234796236838;WildanTzy23;https://twitter.com/WildanTzy23/status/1714930234796236838
Thu Oct 19 09:03:19 +0000 2023;1714930212188950559;"Sukses investasi, tumbuh bersama! HIPMI menghargai Menteri Bahlil yang dengan tekun mengawal realisasi proyek Rempang Eco Park. @detikcom  Bahlil Kawal Investasi #HIPMIRempang https://t.co/NM2fWPuFIV";0;0;2;2;in;1325020898294837249;1714930212188950559;WildanTzy23;https://twitter.com/WildanTzy23/status/1714930212188950559
Thu Oct 19 09:03:17 +0000 2023;1714930205247381883;"Semoga usaha dan kerja keras Bahlil Kawal Investasi untuk pembangunan Rempang eco city lancar #HIPMIRempang https://t.co/LXJc5Zd1jP";0;0;0;0;in;1680785859677941767;1714930205247381883;amarisbaraja;https://twitter.com/amarisbaraja/status/1714930205247381883
Thu Oct 19 09:03:16 +0000 2023;1714930199333421439;"Menyokong investasi, membangun masa depan! HIPMI memberikan apresiasi kepada Menteri Bahlil yang gigih mengawal proyek Rempang Eco Park. @jokowi  Bahlil Kawal Investasi #HIPMIRempang https://t.co/cVxhWJ7Gim";0;0;1;1;in;1325020898294837249;1714930199333421439;WildanTzy23;https://twitter.com/WildanTzy23/status/1714930199333421439
Thu Oct 19 09:03:13 +0000 2023;1714930189699035284;"Sebagai perwakilan pemerintah Bahlil Kawal Investasi  Rempang Eco City dengan konsisten  dan selalu memastikan investasi ini bisa berjalan dengan baik. #HIPMIRempang yakin bahwa investasi Rempang ini akan berdampak positif bagi perekonomian nasional dan daerah https://t.co/J1p0KrLj7s";0;0;0;0;in;1653049221535399937;1714930189699035284;Diamoen;https://twitter.com/Diamoen/status/1714930189699035284
Thu Oct 19 09:03:11 +0000 2023;1714930181797019816;"Komitmen kuat untuk investasi berkelanjutan! HIPMI memberikan penghargaan kepada Menteri Bahlil yang tekun mengawal proyek Rempang Eco Park. @kompascom  Bahlil Kawal Investasi #HIPMIRempang https://t.co/JCMDGYX7iG";0;0;1;0;in;1325020898294837249;1714930181797019816;WildanTzy23;https://twitter.com/WildanTzy23/status/1714930181797019816
Thu Oct 19 09:03:10 +0000 2023;1714930175673299426;"@IND0_Update @MataNajwa @Metro_TV @tvOneNews Sinergi dan kolaborasi antara Hipmi dan pemerintah diyakini akan membawa dampak positif bagi investasi di Rempang.Bahlil Kawal Investasi  #HIPMIRempang";0;0;0;0;in;1685880068663554049;1714923582747533425;Jamalud_H;https://twitter.com/Jamalud_H/status/1714930175673299426
Thu Oct 19 09:03:08 +0000 2023;1714930168891073001;"Kami kompak untuk mendukung investasi! HIPMI mengapresiasi Menteri Bahlil yang dengan tekun mengawal proyek Rempang Eco Park. @ganjarpranowo  Bahlil Kawal Investasi #HIPMIRempang https://t.co/GDlxdWJBdP";0;0;8;8;in;1685827027088404481;1714930168891073001;michael52119713;https://twitter.com/michael52119713/status/1714930168891073001
Thu Oct 19 09:03:05 +0000 2023;1714930154034831569;"Hipmi memberikan perhatian besar terhadap investasi Rempang Eco City yang  dikawal oleh  Bahlil Lahadalia yang siap membantu menyukseskan investasi ini. Bahlil Kawal Investasi #HIPMIRempang https://t.co/6SbNAnYXLA";0;0;0;0;in;1605104248588734465;1714930154034831569;nichanii_;https://twitter.com/nichanii_/status/1714930154034831569
Thu Oct 19 09:03:03 +0000 2023;1714930147869286628;"Bahlil Kawal Investasi juga sangat konsisten dalam proyek Rempang eco city semoga lancar #HIPMIRempang https://t.co/pjIiD7i3GJ";0;0;0;0;in;1680785859677941767;1714930147869286628;amarisbaraja;https://twitter.com/amarisbaraja/status/1714930147869286628
Thu Oct 19 09:03:00 +0000 2023;1714930134162288849;"Harusnya warga Rempang berterimakasih dengan adanya ecocity karena akan mengurangi tingkat pengangguran. Bahlil Kawal Investasi  #HIPMIRempang";0;0;0;0;in;1685627103210074112;1714930134162288849;sarlamalia;https://twitter.com/sarlamalia/status/1714930134162288849
Thu Oct 19 09:03:00 +0000 2023;1714930134103580929;"Menteri yang pandai berkomunikasi secara humanis ya pak Bahlil, menteri yang proaktif untuk pengembangan Rempang Eco-City ya Pak Bahlil Kawal Investasi. #HIPMIRempang @bahlillahadalia https://t.co/SDB8E91WyU";0;0;0;0;in;1686222554644860928;1714930134103580929;AskaraBast40876;https://twitter.com/AskaraBast40876/status/1714930134103580929
Thu Oct 19 09:03:00 +0000 2023;1714930133763797280;"Saya juga setuju dengan langkah-langkah pak bahlil untuk berikan hak warga rempang yang terdampak investasi Bahlil Kawal Investasi  #HIPMIRempang https://t.co/IHUs7y5tp3";0;0;0;0;in;1685924578332430336;1714930133763797280;divanaila68;https://twitter.com/divanaila68/status/1714930133763797280
Thu Oct 19 09:03:00 +0000 2023;1714930133705117901;"Menteri Bahlil mendapat apresiasi dari HIPMI atas keberhasilannya melakukan negosiasi secara humanis dengan warga Rempang  #HIPMIRempang https://t.co/F6elxvlZlR";0;0;0;0;in;1685655572295905280;1714930133705117901;SrikandiAkbar;https://twitter.com/SrikandiAkbar/status/1714930133705117901
Thu Oct 19 09:03:00 +0000 2023;1714930133692223557;"Perlahan-lahan masyarakat rempang melihat adanya harapan yang baru dengan apa yg di lakukan Pak Bahlil ini,tentu hal lain karena kesejahteraan masyarakat yg paling utama. Bahlil Kawal Investasi #HIPMIRempang https://t.co/J6UHmI6yDw";0;0;0;0;in;1685713177294880768;1714930133692223557;G_aw4n;https://twitter.com/G_aw4n/status/1714930133692223557
Thu Oct 19 09:03:00 +0000 2023;1714930133608419381;"Bahlil memang sangat baik dalam menghadapi banyak hal seperti kasus Rempang, kita hormat sama beliau. Bahlil Kawal Investasi #HIPMIRempang";0;0;0;0;in;1642189904594743302;1714930133608419381;litakumalasaari;https://twitter.com/litakumalasaari/status/1714930133608419381
Thu Oct 19 09:03:00 +0000 2023;1714930133604372963;"Investasi rempang eco-city akan pastikan ekonomi masyarakat akan tumbuh dan maju Bahlil Kawal Investasi  #HIPMIRempang  https://t.co/HyJ0klKFly";0;0;0;0;in;1685924578332430336;1714930133604372963;divanaila68;https://twitter.com/divanaila68/status/1714930133604372963
Thu Oct 19 09:03:00 +0000 2023;1714930133570560314;"HIPMI pastikan dengan mendukung investasi rempang, ekonomi masyarakat akan tumbuh.  @bahlillahadalia @jokowi  Bahlil Kawal Investasi  #HIPMIRempang  https://t.co/NElUGaSidA";0;0;0;0;in;1685926961435361280;1714930133570560314;zulvasyakira68;https://twitter.com/zulvasyakira68/status/1714930133570560314
Thu Oct 19 09:03:00 +0000 2023;1714930133503742191;"#HIPMIRempang aja sudah siap bersinergi mensukseskan Investasi Rempang Eco-City. Mari bantu Pak Bahlil kawal Investasi demi ekonomi baru. @jpnncom @kompas  https://t.co/szcB9SzVUl";0;0;0;0;in;1686220715073454080;1714930133503742191;Cahaya616;https://twitter.com/Cahaya616/status/1714930133503742191
Thu Oct 19 09:03:00 +0000 2023;1714930133503463550;"Alhamdulilah menteri @bahlillahadalia berhasil meyakinkan dan merangkul warga bahwa kepastian investasi di rempang akan membawa berkah bagi warga sekitar.  @tribunnews  @republikaonline  Bahlil Kawal Investasi  #HIPMIRempang https://t.co/AKasGFesdv";0;0;0;0;in;1686291325308784640;1714930133503463550;syahirasyafaa;https://twitter.com/syahirasyafaa/status/1714930133503463550
Thu Oct 19 09:03:00 +0000 2023;1714930133482779025;"#HIPMIRempang meyakini dgn jumlah investasi 381T pengembangan Rempang EcoCity dapat memberikan kesejahteraan masyarakat pulau rempang khususnya dalam penyerapan tenaga kerja. Bahlil Kawal Investasi @bahlillahadalia  @susi https://t.co/dXl6Mu8MjL";0;0;0;0;in;1686220715073454080;1714930133482779025;Cahaya616;https://twitter.com/Cahaya616/status/1714930133482779025
Thu Oct 19 09:03:00 +0000 2023;1714930133478609320;"HIPMI yakin dengan mendukung Investasi Rempang akan mensejahterakan masyarakat sekitar dan meningkatkan ekonomi masyarakat rempang.  @bahlillahadalia  @kompascom @DPP_PKB  Bahlil Kawal Investasi  #HIPMIRempang https://t.co/0SRCb7YEue";0;0;0;0;in;1685917961620770816;1714930133478609320;azkianabila67;https://twitter.com/azkianabila67/status/1714930133478609320
Thu Oct 19 09:03:00 +0000 2023;1714930133478347049;"Saya setuju langkah pak bahlil untu berikan hak warga rempang yang terdampak investasi @bahlillahadalia @jokowi  Bahlil Kawal Investasi  #HIPMIRempang https://t.co/I38cJC1yLs";0;0;0;0;in;1685917081915760640;1714930133478347049;indana_68;https://twitter.com/indana_68/status/1714930133478347049
Thu Oct 19 09:03:00 +0000 2023;1714930133465727190;"DPR mendukung upaya Bahlil guna meningkatkan pembangunan serta perekonomian nasional dan warga Rempang  #HIPMIRempang https://t.co/kloXv0Vgdu";0;0;0;0;in;1685654472855629824;1714930133465727190;SisilSusann;https://twitter.com/SisilSusann/status/1714930133465727190
Thu Oct 19 09:03:00 +0000 2023;1714930133457400036;"Dpr akan dukung terus langkah pak bahlil dalam memenuhi hak warga rempang yang terdampak dalam pembangunan rempang eco-city Bahlil kawal investasi #HIPMIRempang  https://t.co/aqTyLWgK0T";0;0;0;0;in;1685917081915760640;1714930133457400036;indana_68;https://twitter.com/indana_68/status/1714930133457400036
Thu Oct 19 09:03:00 +0000 2023;1714930133453438980;"Kami ajukan jempol terhadap Bahlil yang sudah sukses. Merangkul Rempang. Bahlil Kawal Investasi  #HIPMIRempang https://t.co/AJ5ymxwBXY";0;0;0;0;in;1685644965869944832;1714930133453438980;marisasali24709;https://twitter.com/marisasali24709/status/1714930133453438980
Thu Oct 19 09:03:00 +0000 2023;1714930133445046602;"Saya juga setuju dengan langkah pak Bahlil terkait masyarakat warga di Pulau Rempang yang terkena dampak langsung dari rencana investasi Eco City, terutama terkait dengan apa yang disebut uang tunggu dan uang sewa. #HIPMIRempang Bahlil Kawal Investasi @pks https://t.co/XdQytbSUG6";0;0;0;0;in;1256306009951199233;1714930133445046602;Hanumpratiwi16;https://twitter.com/Hanumpratiwi16/status/1714930133445046602
Thu Oct 19 09:03:00 +0000 2023;1714930133444825259;"Hingga saat ini upaya Pak Menteri Bahlil Kawal Investasi di Rempang Eco-City tetap konsisten memberikan hak² warga yang terdampak seperti Rumah Hunian, uang saku danlain2 dan itu mendapat dukungan dr @DPR_RI  @jawapos @CNN https://t.co/35zhUflNpg";0;0;0;0;in;1686820015100878848;1714930133444825259;riqbaal838;https://twitter.com/riqbaal838/status/1714930133444825259
Thu Oct 19 09:03:00 +0000 2023;1714930133427945612;"Banyak pujian yang datang untuk bahlil lantaran keberhasilannya dalam merangkul Rempang. Bahlil Kawal Investasi  #HIPMIRempang";0;0;0;0;in;1685631064944091136;1714930133427945612;Suryalanaa;https://twitter.com/Suryalanaa/status/1714930133427945612
Thu Oct 19 09:03:00 +0000 2023;1714930133424087529;"Nilai kesejahteraan masyarakat rempang akan meningkat jika dukung investasi rempang eco-city  @bahlillahadalia @detikcom  Bahlil Kawal Investasi  #HIPMIRempang https://t.co/uvaMOzoxLS";0;0;0;0;in;1343524935910637568;1714930133424087529;Nabilaha86;https://twitter.com/Nabilaha86/status/1714930133424087529
Thu Oct 19 09:03:00 +0000 2023;1714930133423837640;"Yesh Pak Bahlil Kawal Investasi siap bersinergi dengan #HIPMIRempang untuk pengembangan Rempang Eco-City siap melakukan pelatihan keterampilan warga yang terdampak. @PartaiSocmed @pks https://t.co/DQ259yJhWN";0;0;5;5;in;1686222554644860928;1714930133423837640;AskaraBast40876;https://twitter.com/AskaraBast40876/status/1714930133423837640
Thu Oct 19 09:03:00 +0000 2023;1714930133403062471;"Kita apresiasi kepada #HIPMIRempang yg terus mengawal dan mendukung langkah menteri @bahlillahadalia mensukseskan rempang eco city.  @detikcom  @kompascom  Bahlil Kawal Investasi https://t.co/LckLOOler8";0;0;0;0;in;1686231112128069632;1714930133403062471;sitiiraudhah;https://twitter.com/sitiiraudhah/status/1714930133403062471
Thu Oct 19 09:03:00 +0000 2023;1714930133365064020;"Dengan investasi rempang, kesejahteraan masyarakat rempang akan meningkat.  Bahlil Kawal Investasi  #HIPMIRempang  https://t.co/HqsKkNxQsJ";0;0;0;0;in;1343524935910637568;1714930133365064020;Nabilaha86;https://twitter.com/Nabilaha86/status/1714930133365064020
Thu Oct 19 09:03:00 +0000 2023;1714930133361164612;"Bahlil sampai saat terus mengkawal investasi Rempang agar terus maju. Bahlil Kawal Investasi  #HIPMIRempang  https://t.co/vrbLQ1ff13";0;0;0;0;in;1685627103210074112;1714930133361164612;sarlamalia;https://twitter.com/sarlamalia/status/1714930133361164612
Thu Oct 19 09:03:00 +0000 2023;1714930133356740662;"Pak Bahlil Kawal Investasi untuk sampai kepada masyarakat rempang. #HIPMIRempang @tvOneNews https://t.co/p30s00hLDk";0;0;0;0;in;1685576369554776065;1714930133356740662;UL_Pauols;https://twitter.com/UL_Pauols/status/1714930133356740662
Thu Oct 19 09:03:00 +0000 2023;1714930133335736542;"Bahlil Kawal Investasi membawa positif bagi investasi Rempang #HIPMIRempang https://t.co/j3BKs2SVMF";0;0;0;0;in;1653938680036495360;1714930133335736542;miekuahgaring;https://twitter.com/miekuahgaring/status/1714930133335736542
Thu Oct 19 09:03:00 +0000 2023;1714930133327356068;"Kami sebagai masyarakat juga sangat mengapresiasi pendekatan pak mentri dengan warga rempang @jokowi @TVRINasional  Bahlil Kawal Investasi  #HIPMIRempang https://t.co/2UuRO2NPNJ";0;0;0;0;in;1571127459445346304;1714930133327356068;Suteja222;https://twitter.com/Suteja222/status/1714930133327356068
Thu Oct 19 09:03:00 +0000 2023;1714930133302427655;"Dpr dukung upaya bahlil untuk berikan hak warga yang terdampak dalam proyek rempang eco-city Bahlil Kawal Investasi  #HIPMIRempang  https://t.co/KJXHngt31T";0;0;0;0;in;1685924578332430336;1714930133302427655;divanaila68;https://twitter.com/divanaila68/status/1714930133302427655
Thu Oct 19 09:03:00 +0000 2023;1714930133281255706;"Pak Bahlil @bahlillahadalia akan terus kawal pembangunan rempang eco-city.  @detikcom   Bahlil Kawal Investasi #HIPMIRempang https://t.co/flmbnH2AzC";0;0;0;0;in;1685917081915760640;1714930133281255706;indana_68;https://twitter.com/indana_68/status/1714930133281255706
Thu Oct 19 09:03:00 +0000 2023;1714930133230850254;"Dalam upaya mendukung investasi Rempang, Hipmi siap berkolaborasi dengan pemerintah untuk meningkatkan keterampilan warga Rempang lewat pelatihan. Hal ini ditegaskan oleh Ketua Bidang Maritim, Kelautan, dan Perikanan BPP Hipmi Fathul Nugroho. Bahlil Kawal Investasi #HIPMIRempang";0;0;0;0;in;1343524935910637568;1714930133230850254;Nabilaha86;https://twitter.com/Nabilaha86/status/1714930133230850254
Thu Oct 19 09:03:00 +0000 2023;1714930133189202095;"@floreskekinian2 Pendekatan harmonis Menteri Bahlil terhadap masyarakat Rempang adalah contoh nyata dari komitmen totalitasnya terhadap investasi. Kita dukung Bahlil Kawal Investasi yg berkelanjutan. #HIPMIRempang";0;0;0;0;in;1596392582862737409;1714923087442153861;cindyfatikas7;https://twitter.com/cindyfatikas7/status/1714930133189202095
Thu Oct 19 09:02:58 +0000 2023;1714930126323101931;"Kami bersatu untuk mendukung investasi berkelanjutan! HIPMI mengapresiasi Menteri Bahlil yang dengan tekun mengawal proyek Rempang Eco Park. @PKSejahtera  Bahlil Kawal Investasi #HIPMIRempang";0;0;0;0;in;1685827027088404481;1714930126323101931;michael52119713;https://twitter.com/michael52119713/status/1714930126323101931
Thu Oct 19 09:02:56 +0000 2023;1714930115514388558;"@floreskekinian2 Bahlil Kawal Investasi di Rempang. Pak Bahlil juga melakukan pendekatan yang harmonis dan pasti akan tetap memastikan masyarakat Rempang mendapatkan haknya #HIPMIRempang";0;0;0;0;in;1685624021378072576;1714923087442153861;wrikaww;https://twitter.com/wrikaww/status/1714930115514388558
Thu Oct 19 09:02:55 +0000 2023;1714930113933111644;"Tumbuhkan investasi, wujudkan kemajuan! HIPMI mengucapkan terima kasih kepada Menteri Bahlil yang gigih mengawal proyek Rempang Eco Park.  @PDI_Perjuangan  Bahlil Kawal Investasi #HIPMIRempang";0;0;0;0;in;1685827027088404481;1714930113933111644;michael52119713;https://twitter.com/michael52119713/status/1714930113933111644
Thu Oct 19 09:02:54 +0000 2023;1714930110846136436;"HIPMI dan Bahlil siap berkolaborasi untuk meningkatkan keterampilan warga Rempang lewat pelatihan-pelatihan keterampilan yang dapat meningkatkan skill mereka.   Bahlil Kawal Investasi #HIPMIRempang https://t.co/f7CuQiDETO";0;0;0;0;in;1677320096694321154;1714930110846136436;NinaNonaAlo;https://twitter.com/NinaNonaAlo/status/1714930110846136436
Thu Oct 19 09:02:53 +0000 2023;1714930103283839147;"Tumbuhkan investasi, bangun masa depan! HIPMI memberikan apresiasi kepada Menteri Bahlil yang dengan tekun mengawasi proyek Rempang Eco Park. https://t.co/4LTezwKmTI @kumparan  Bahlil Kawal Investasi #HIPMIRempang";0;0;0;0;in;1685827027088404481;1714930103283839147;michael52119713;https://twitter.com/michael52119713/status/1714930103283839147
Thu Oct 19 09:02:52 +0000 2023;1714930100398125061;"Menjalankan komitmennya perihal investasi Rempang Pak Bahlil Kawal Investasi agar bisa berjalan dengan baik dan juga sesuai yang diharapkan, semuanya dilakukan beliau melalui pendekatan serta merangkul warga di wilayah sekitar yang terdampak #HIPMIRempang https://t.co/a9O4kNr5u9";0;0;0;0;in;1583343198059261952;1714930100398125061;sanwani1110;https://twitter.com/sanwani1110/status/1714930100398125061
Thu Oct 19 09:02:49 +0000 2023;1714930089006334141;"@IND0_Update @MataNajwa @Metro_TV @tvOneNews dengan turunnya Bahlil Kawal Investasi untuk masyarakat rempang yang terdampak semoga akan segera terselesaikan #HIPMIRempang";0;0;0;0;in;1688488656020152322;1714923582747533425;LibasApa;https://twitter.com/LibasApa/status/1714930089006334141
Thu Oct 19 09:02:49 +0000 2023;1714930086187864303;"Komitmen untuk investasi berkelanjutan! HIPMI memberikan penghargaan kepada Menteri Bahlil yang gigih mengawal proyek Rempang Eco Park. https://t.co/wj8pxLOWXN @jokowi  Bahlil Kawal Investasi #HIPMIRempang";0;0;0;0;in;1685827027088404481;1714930086187864303;michael52119713;https://twitter.com/michael52119713/status/1714930086187864303
Thu Oct 19 09:02:46 +0000 2023;1714930074494066894;"Tumbuhkan investasi, wujudkan perubahan! HIPMI memberikan apresiasi kepada Menteri Bahlil yang gigih mengawal proyek Rempang Eco Park. https://t.co/V317HAs8kh  Bahlil Kawal Investasi #HIPMIRempang";0;0;0;0;in;1685827027088404481;1714930074494066894;michael52119713;https://twitter.com/michael52119713/status/1714930074494066894
Thu Oct 19 09:02:43 +0000 2023;1714930063572111526;"Kita bersama-sama mendorong investasi yang berkelanjutan! HIPMI memberikan penghargaan kepada Menteri Bahlil yang dengan penuh tekun mengawasi proyek Rempang Eco Park.https://t.co/eeNytsXlJb @aniesbaswedan  Bahlil Kawal Investasi #HIPMIRempang";0;0;0;0;in;1685827027088404481;1714930063572111526;michael52119713;https://twitter.com/michael52119713/status/1714930063572111526
Thu Oct 19 09:02:43 +0000 2023;1714930062792024135;"Kami bersama memajukan investasi berkelanjutan! HIPMI memberikan apresiasi kepada Menteri Bahlil yang dengan tekun mengawal proyek Rempang Eco Park. @liputan6dotcom  Bahlil Kawal Investasi #HIPMIRempang https://t.co/F9TjwBuCrA";0;0;0;0;in;1685827027088404481;1714930062792024135;michael52119713;https://twitter.com/michael52119713/status/1714930062792024135
Thu Oct 19 09:02:43 +0000 2023;1714930061911146648;"Selain pemerintah, HIPMI jg mengapresiasi Bahlil saat menyelesaikan kasus Rempang  Bahlil Kawal Investasi #HIPMIRempang https://t.co/cKJu6URsjZ";0;0;0;0;in;1237970176420675584;1714930061911146648;itsmeejuu;https://twitter.com/itsmeejuu/status/1714930061911146648
Thu Oct 19 09:02:41 +0000 2023;1714930053627445402;"@CSzipel_ Bahlil Kawal Investasi dan akan memastikan masyarakat Rempang mendapatkan hak dan kesejahteraan akan meningkat  #HIPMIRempang";0;0;0;0;in;1685629482827489280;1714923086607454625;devsaryy;https://twitter.com/devsaryy/status/1714930053627445402
Thu Oct 19 09:02:40 +0000 2023;1714930051433796086;"Kami kokoh dalam mendukung investasi! HIPMI menghargai Menteri Bahlil yang dengan tekun mengawal proyek Rempang Eco Park.  @kompascom  Bahlil Kawal Investasi #HIPMIRempang https://t.co/WPqUwhW4pH";0;0;0;0;in;1685827027088404481;1714930051433796086;michael52119713;https://twitter.com/michael52119713/status/1714930051433796086
Thu Oct 19 09:02:37 +0000 2023;1714930037273878866;"Kami solid dalam mendukung investasi berkelanjutan! HIPMI memberikan apresiasi kepada Menteri Bahlil yang dengan tekun mengawal proyek Rempang Eco Park. @detikcom  Bahlil Kawal Investasi #HIPMIRempang https://t.co/L7hZlwOsrR";0;0;0;0;in;1685827027088404481;1714930037273878866;michael52119713;https://twitter.com/michael52119713/status/1714930037273878866
Thu Oct 19 09:02:36 +0000 2023;1714930035537363118;"Di sisi lain warga juga sangat bersyukur atas pembangunan Rempang eco city karna adanya lapangan pekerjaan untuk masyarakat dan bisa meningkatkan skill Bahlil Kawal Investasi #HIPMIRempang https://t.co/fZgN0bm4ae";0;0;0;0;in;1680068914255138818;1714930035537363118;Narendra_palama;https://twitter.com/Narendra_palama/status/1714930035537363118
Thu Oct 19 09:02:34 +0000 2023;1714930024472797344;"Bahlil Kawal Investasi #HIPMIRempang yakin kalau investasi Rempang akan berjalan baik https://t.co/7wb7qxXiUU";0;0;0;0;in;1695701695693819904;1714930024472797344;dapurkonenk;https://twitter.com/dapurkonenk/status/1714930024472797344
Thu Oct 19 09:02:33 +0000 2023;1714930022765711693;"@IND0_Update @MataNajwa @Metro_TV @tvOneNews Dukung terus Bahlil Kawal Investasi Rempang Eco-City selama tidak merugikan masyarakat Rempang.  #HIPMIRempang";0;0;0;0;in;1194885365993050112;1714923582747533425;changsub92;https://twitter.com/changsub92/status/1714930022765711693
Thu Oct 19 09:02:31 +0000 2023;1714930012586217491;"Kami teguh dalam mendukung investasi berkelanjutan! HIPMI mengucapkan terima kasih kepada Menteri Bahlil yang tekun mengawal proyek Rempang Eco Park. @prabowo  Bahlil Kawal Investasi #HIPMIRempang https://t.co/1BQzENVrde";0;0;0;0;in;1685829905026809856;1714930012586217491;urrboys146252;https://twitter.com/urrboys146252/status/1714930012586217491
Thu Oct 19 09:02:24 +0000 2023;1714929984224284700;"Bahlil Kawal Investasi dan DPR juga mendukung langkah beliau memberikan hak warga rempang  #HIPMIRempang https://t.co/bo4cdfVcRZ";0;0;0;0;in;1469368603782705154;1714929984224284700;shopeezone_id;https://twitter.com/shopeezone_id/status/1714929984224284700
Thu Oct 19 09:02:24 +0000 2023;1714929983632921070;"Sangat patut di apresiasi Bahlil Kawal Investasi pembangunan Rempang eco city juga sangat di percayai kepada pa bahlil  #HIPMIRempang https://t.co/QZtrDO6blw";0;0;0;0;in;1680068914255138818;1714929983632921070;Narendra_palama;https://twitter.com/Narendra_palama/status/1714929983632921070
Thu Oct 19 09:02:21 +0000 2023;1714929972060762615;"Bahlil Kawal Investasi #HIPMIRempang memiliki keyakinan bahwa investasi Rempang ini akan berjalan sesuai harapan https://t.co/WDJP7NVm00";0;0;0;0;in;1706535678476234752;1714929972060762615;FikaHitin;https://twitter.com/FikaHitin/status/1714929972060762615
Thu Oct 19 09:02:21 +0000 2023;1714929972048249138;"Menteri Bahlil mendapat apresiasi karena secara langsung turun ke pulau Rempang untuk melakukan pendekatan dgn warga  https://t.co/4nzYEoBrVb  Bahlil Kawal Investasi #HIPMIRempang https://t.co/z4A0LOQgER";0;0;0;0;in;273281319;1714929972048249138;FriskaFang;https://twitter.com/FriskaFang/status/1714929972048249138
Thu Oct 19 09:02:21 +0000 2023;1714929970668282183;"Sinergi untuk investasi berkelanjutan! HIPMI memberikan apresiasi kepada Menteri Bahlil atas pengawasan proyek Rempang Eco Park. @golkar_id  Bahlil Kawal Investasi #HIPMIRempang";0;0;0;0;in;1685829905026809856;1714929970668282183;urrboys146252;https://twitter.com/urrboys146252/status/1714929970668282183
Thu Oct 19 09:02:18 +0000 2023;1714929959133978974;"Kami bersama-sama memajukan investasi berkelanjutan! HIPMI memberikan apresiasi kepada Menteri Bahlil yang memantau proyek Rempang Eco Park dengan penuh komitmen. @PKSejahtera  Bahlil Kawal Investasi #HIPMIRempang";0;0;0;0;in;1685829905026809856;1714929959133978974;urrboys146252;https://twitter.com/urrboys146252/status/1714929959133978974
Thu Oct 19 09:02:17 +0000 2023;1714929953618502136;"Langkah pak Bahlil Kawal Investasi selanjutnya adalah memastikan bahwa hak masyarakat Rempang selalu terpenuhi   #HIPMIRempang https://t.co/c3940r3Eqq";0;0;0;0;in;1455475190872231945;1714929953618502136;iloveyousomuach;https://twitter.com/iloveyousomuach/status/1714929953618502136
Thu Oct 19 09:02:17 +0000 2023;1714929951995232338;"@IND0_Update @MataNajwa @Metro_TV @tvOneNews Hipmi memberikan perhatian besar dan Bahlil Kawal Investasi Rempang Eco City dan meningkatkan ekonomi #HIPMIRempang";0;0;0;0;in;1706480627653263361;1714923582747533425;BagasAdita6;https://twitter.com/BagasAdita6/status/1714929951995232338
Thu Oct 19 09:02:15 +0000 2023;1714929946983109045;"Tumbuhkan investasi, wujudkan perubahan! HIPMI memberikan apresiasi kepada Menteri Bahlil yang gigih mengawasi proyek Rempang Eco Park. https://t.co/pZh2OGogkm  Bahlil Kawal Investasi #HIPMIRempang";0;0;0;0;in;1685829905026809856;1714929946983109045;urrboys146252;https://twitter.com/urrboys146252/status/1714929946983109045
Thu Oct 19 09:02:14 +0000 2023;1714929942222578089;"Bahlil Kawal Investasi, yakin kalau rempang eco city bakal terus maju  #HIPMIRempang https://t.co/kFFmVWNyuN";0;0;0;0;in;1889991073;1714929942222578089;fatzars;https://twitter.com/fatzars/status/1714929942222578089
Thu Oct 19 09:02:13 +0000 2023;1714929936535007353;"@IND0_Update @MataNajwa @Metro_TV @tvOneNews Semangat pak Bahlil Kawal Investasi yang ada di Rempang. Tolong pastikan bahwa masyarakat Rempang benar-benar mendapatkan hak nya #HIPMIRempang";0;0;0;0;in;1685630731870216192;1714923582747533425;siskaadwiw;https://twitter.com/siskaadwiw/status/1714929936535007353
Thu Oct 19 09:02:13 +0000 2023;1714929935058714789;"Semangat investasi, harapan masa depan! HIPMI memberikan penghargaan kepada Menteri Bahlil yang dengan tekun mengawasi proyek Rempang Eco Park. https://t.co/2y4u6InRpH  @ganjarpranowo  Bahlil Kawal Investasi #HIPMIRempang";0;0;0;0;in;1685829905026809856;1714929935058714789;urrboys146252;https://twitter.com/urrboys146252/status/1714929935058714789
Thu Oct 19 09:02:11 +0000 2023;1714929928037421460;"Langkah menteri bahlil trus mendapat dukungan dari HIPMI untuk terus membangun Rempang Eco City yang dapat mensejahterakan masyarakat sekitar Bahlil Kawal Investasi #HIPMIRempang https://t.co/0xDvrZByfP";0;0;0;0;in;1337908272699863041;1714929928037421460;Eileee6;https://twitter.com/Eileee6/status/1714929928037421460
Thu Oct 19 09:02:06 +0000 2023;1714929908491948284;"@IND0_Update @MataNajwa @Metro_TV @tvOneNews Wah selalu salut baget sama Pak menteri Bahlil Kawal Investasi yang totalitas dalam kinerjanya salah satunya dalam melakukan pendekatan humanis dengan warna rempang #HIPMIRempang";0;0;0;0;in;1564111750630236160;1714923582747533425;Hhaeshtic;https://twitter.com/Hhaeshtic/status/1714929908491948284
Thu Oct 19 09:02:06 +0000 2023;1714929907770560518;"Kami bangga mendukung investasi berkelanjutan! HIPMI mengucapkan terima kasih kepada Menteri Bahlil yang dengan tekun mengawal proyek Rempang Eco Park.  @kumparan  Bahlil Kawal Investasi #HIPMIRempang https://t.co/2wokmNJ0WM";0;0;0;0;in;1685829905026809856;1714929907770560518;urrboys146252;https://twitter.com/urrboys146252/status/1714929907770560518
Thu Oct 19 09:02:06 +0000 2023;1714929906810028249;"Kami kompak untuk mendukung investasi berkelanjutan! Terima kasih Menteri Bahlil atas peran krusial dalam memantau proyek Rempang Eco Park. https://t.co/BQayMG89tL @aniesbaswedan  Bahlil Kawal Investasi #HIPMIRempang";0;0;0;0;in;1685829905026809856;1714929906810028249;urrboys146252;https://twitter.com/urrboys146252/status/1714929906810028249
Thu Oct 19 09:02:05 +0000 2023;1714929903454544029;"dengan usaha pak Bahlil Kawal Investasi di tanah Rempang semoga masyarakat bisa menerima dan masyarakat juga sejahtera #HIPMIRempang https://t.co/WWCZUVqY6X";0;0;0;0;in;1679753175337943041;1714929903454544029;Hasusy_1;https://twitter.com/Hasusy_1/status/1714929903454544029
Thu Oct 19 09:02:03 +0000 2023;1714929893765747096;"Kami kokoh dalam mendukung investasi! HIPMI mengapresiasi Menteri Bahlil yang dengan tekun mengawasi proyek Rempang Eco Park. @MataNajwa  Bahlil Kawal Investasi #HIPMIRempang https://t.co/dor1qRFwz6";0;0;0;0;in;1685829905026809856;1714929893765747096;urrboys146252;https://twitter.com/urrboys146252/status/1714929893765747096
Thu Oct 19 09:02:00 +0000 2023;1714929882327826441;"Langkah menteri Pak @bahlillahadalia dalam memberikan hak² warga rempang dinilai proaktif terhadap masyarakat. Tak Heran #HIPMIRempang mengapresiasi. @officialinews_ @detik  https://t.co/0XtVWJ5QxV";0;0;0;1;in;1686820015100878848;1714929882327826441;riqbaal838;https://twitter.com/riqbaal838/status/1714929882327826441
Thu Oct 19 09:02:00 +0000 2023;1714929882281718046;"#HIPMIRempang pastikan ekonomi tumbuh jika dukung investasi rempang eco-city Bahlil Kawal Investasi  https://t.co/PdQiA2nEzt";0;0;0;0;in;1685917081915760640;1714929882281718046;indana_68;https://twitter.com/indana_68/status/1714929882281718046
Thu Oct 19 09:02:00 +0000 2023;1714929882138824782;"Pemerintah tentunya harus melindungi hak warga rempang yang terdampak proyek investasi ini @jokowi @TRANSTV_CORP  Bahlil Kawal Investasi  #HIPMIRempang https://t.co/2oUffJWvnK";0;0;0;0;in;1571354287527301120;1714929882138824782;Adellla22;https://twitter.com/Adellla22/status/1714929882138824782
Thu Oct 19 09:02:00 +0000 2023;1714929881971130377;"HIPMI memiliki keyakinan bahwa investasi Rempang ini akan berjalan sesuai harapan, berdampak positif bagi perekonomian nasional dan daerah, serta bisa membawa kesejahteraan bagi masyarakat sekitar. @bahlillahadalia @detikcom  Bahlil Kawal Investasi  #HIPMIRempang";0;0;0;0;in;1685917081915760640;1714929881971130377;indana_68;https://twitter.com/indana_68/status/1714929881971130377
Thu Oct 19 09:02:00 +0000 2023;1714929881958736245;"Menteri Bahlil medukung hak warga Rempang, disambut dan didukung penuh oleh DPR  #HIPMIRempang https://t.co/ugCOHJ35xB";0;0;0;0;in;1685653565615001600;1714929881958736245;Dimas_Andreeee;https://twitter.com/Dimas_Andreeee/status/1714929881958736245
Thu Oct 19 09:02:00 +0000 2023;1714929881945923889;"Karena dengan pemikiran yang luas untuk kesejahteraan masyarakat rempang Pak Bahlil Kawal Investasi dan terjun langsung untuk mengantisipasinya,karena dengan tindakan ini juga akan baik untuk sebuah kebutuhan masyarakat rempang. #HIPMIRempang @officialinews_  @liputan6dotcom https://t.co/njC43P9ZUb";0;0;0;0;in;1685963167221121024;1714929881945923889;Imut_neng0;https://twitter.com/Imut_neng0/status/1714929881945923889
Thu Oct 19 09:02:00 +0000 2023;1714929881895796813;"Dalam proses pendekatan dengan warga rempang, kita patut acungkan jempol lantaran menteri @bahlillahadalia konsisten dengan pendekatan humanisnya.  @republikaonline  @rmol_id  Bahlil Kawal Investasi  #HIPMIRempang https://t.co/fimXbYH8jG";0;0;0;0;in;1686280534182563840;1714929881895796813;nursalmaaa2;https://twitter.com/nursalmaaa2/status/1714929881895796813
Thu Oct 19 09:02:00 +0000 2023;1714929881887519193;"Masyarakat rempang sudah seharusnya dilindungi haknya oleh pemerintah @jokowi @Metro_TV  Bahlil Kawal Investasi  #HIPMIRempang https://t.co/mgCWnyqy7g";0;0;0;0;in;1571142045745713155;1714929881887519193;Citraaaaa22;https://twitter.com/Citraaaaa22/status/1714929881887519193
Thu Oct 19 09:02:00 +0000 2023;1714929881887203505;"Dalam konteks Pulau Rempang, adanya #HIPMIRempang Eco City dengan sendirinya memudahkan warga di sana untuk tak perlu hijrah ke tempat lain  Bahlil Kawal Investasi  @mediaindonesia   https://t.co/S8tcGmvcA1";0;0;5;6;in;1685856048329228288;1714929881887203505;Rey1Chan_;https://twitter.com/Rey1Chan_/status/1714929881887203505
Thu Oct 19 09:02:00 +0000 2023;1714929881874677775;"Keseriusan pemerintah kepada warga rempang terlihat dari langkah-langkah konkrit yg dilakukan menteri @bahlillahadalia dalam melakukan pendekatan kepada warga.  @GATRA_com  @okezonenews  Bahlil Kawal Investasi  #HIPMIRempang  https://t.co/967wBeZQfo";0;0;0;0;in;1686289519451271170;1714929881874677775;AyraWarda;https://twitter.com/AyraWarda/status/1714929881874677775
Thu Oct 19 09:02:00 +0000 2023;1714929881849417983;"Pemerintah melalui BP Batam menyiapkan UKM center guna memperkuat keterampilan warga rempang.  @bahlillahadalia  @detikcom  Bahlil Kawal Investasi  #HIPMIRempang https://t.co/EgD20KbDbD";0;0;0;0;in;1686246359433891840;1714929881849417983;RayaaaSafira;https://twitter.com/RayaaaSafira/status/1714929881849417983
Thu Oct 19 09:02:00 +0000 2023;1714929881807552551;"Kami mendukung penuh atas kinerja pak mentri, sehingga investasi rempang berjalan dengan lancar @jokowi @KompasTV  Bahlil Kawal Investasi  #HIPMIRempang https://t.co/4NVyTHMF66";0;0;0;0;in;1571127459445346304;1714929881807552551;Suteja222;https://twitter.com/Suteja222/status/1714929881807552551
Thu Oct 19 09:02:00 +0000 2023;1714929881803342268;"DPR Dukung Upaya Bahlil Berikan Hak Warga Terdampak Proyek Rempang Eco City @bahlillahadalia @jokowi  Bahlil Kawal Investasi  #HIPMIRempang  https://t.co/0FYfP9aIXc";0;0;0;0;in;1343527954588999680;1714929881803342268;Maelanii86;https://twitter.com/Maelanii86/status/1714929881803342268
Thu Oct 19 09:02:00 +0000 2023;1714929881794957679;"Iya patut kita berikan Apresiasi kepada Pak Bahlil selaku aktor penting dalam berjalannya #HIPMIRempang ini,perlahan-lahan masyarakat rempang akan sangat tertarik dengan adanya suatu yang baru dan kebutuhan yg baru. Bahlil Kawal Investasi @MetroTVToday  https://t.co/7QPlFUu2ae";0;0;0;0;in;1685586565484232705;1714929881794957679;Eril_de5;https://twitter.com/Eril_de5/status/1714929881794957679
Thu Oct 19 09:02:00 +0000 2023;1714929881757442379;"Kita apresiasi upaya yg terus dilakukan menteri @bahlillahadalia dalam memberikan hak warga rempang yg terdampak proyek strategis nasional.  @jawapos  @liputan6dotcom  Bahlil Kawal Investasi  #HIPMIRempang  https://t.co/ki2bYQAUrk";0;0;0;0;in;1686281581219176448;1714929881757442379;saarahmaghfirah;https://twitter.com/saarahmaghfirah/status/1714929881757442379
Thu Oct 19 09:02:00 +0000 2023;1714929881740665115;"Pak bahlil @bahlillahadalia akan terus mengawal pembangunan Rempang Eco-city sekaligus memenuhi hak - hak warga setempat dalam kebijakannya.  @detikcom @PDI_Perjuangan @FiersaBesari @DPR_RI   Bahlil Kawal Investasi #HIPMIRempang https://t.co/Dh77WLV07R";0;0;0;0;in;1343527954588999680;1714929881740665115;Maelanii86;https://twitter.com/Maelanii86/status/1714929881740665115
Thu Oct 19 09:02:00 +0000 2023;1714929881740628003;"Melindungi hak masyarakat rempang merupakan hal yang penting berdasarkan pancasila @jokowi @KompasTV  Bahlil Kawal Investasi  #HIPMIRempang https://t.co/tUinOlb613";0;0;0;0;in;1571354287527301120;1714929881740628003;Adellla22;https://twitter.com/Adellla22/status/1714929881740628003
Thu Oct 19 09:02:00 +0000 2023;1714929881706877159;"Dari dampak ini kita bisa melihat betapa antusiasnya yang lain juga mendukung progres ini,peran Pak Bahlil Kawal Investasi dalam rempang cuukup vital sekali. #HIPMIRempang @TVRINasional  @CNNIndonesia https://t.co/c2LrF5GPiX";0;0;0;0;in;1685956097457487873;1714929881706877159;1_wahh;https://twitter.com/1_wahh/status/1714929881706877159
Thu Oct 19 09:02:00 +0000 2023;1714929881702891675;"#HIPMIRempang siap bersinergi untuk melatihan keterampilan Warga Rempang yang terdampak memperkuat komitmen Bahlil Kawal Investasi. @Gerindra @demok https://t.co/xQpACI4APL";0;0;0;0;in;1256306009951199233;1714929881702891675;Hanumpratiwi16;https://twitter.com/Hanumpratiwi16/status/1714929881702891675
Thu Oct 19 09:02:00 +0000 2023;1714929881702637698;"#HIPMIRempang mengapresiasi Menteri Bahlil yang telah beberapa kali turun secara langsung ke Pulau Rempang untuk melakukan pendekatan secara humanis ke warga untuk secara sukarela bergeser ke lokasi baru. Bahlil Kawal Investasi @Batamne https://t.co/27eamu5Et1";0;0;0;0;in;1685534221509836800;1714929881702637698;WHikmahnabilah;https://twitter.com/WHikmahnabilah/status/1714929881702637698
Thu Oct 19 09:02:00 +0000 2023;1714929881694269912;"Yes, saya juga mendukung #HIPMIRempang, dengan nilai investasi   yg ditaksir 381 T Rempang EcoCity melalui Bahlil Kawal Investasi diyakini dapat memberikan  ekslasi bagipleningkatan kualitas hidup&amp  kesejahteraan warga rempang. @poskotanetwork @kumparan https://t.co/YkzRINHY8R";0;0;0;0;in;1256306009951199233;1714929881694269912;Hanumpratiwi16;https://twitter.com/Hanumpratiwi16/status/1714929881694269912
Thu Oct 19 09:02:00 +0000 2023;1714929881690316953;"Wah kece banget nih program dari #HIPMIRempang Tujuannya jelas dan sejalan dengan komitmen Bahlil Kawal Investasi di pulau Rempang. @PKSejahtera  @PAN https://t.co/DabE3yKVgE";0;0;0;1;in;1686817863213191168;1714929881690316953;thesabiani;https://twitter.com/thesabiani/status/1714929881690316953
Thu Oct 19 09:02:00 +0000 2023;1714929881690014125;"Hak masyarakat rempang tentunya harus di penuhi agar tidak menciderai perasaan masyarakat @jokowi @KompasTV  Bahlil Kawal Investasi  #HIPMIRempang https://t.co/aa3Pr7CAZS";0;0;0;0;in;1571138029754130433;1714929881690014125;Nurdinn22;https://twitter.com/Nurdinn22/status/1714929881690014125
Thu Oct 19 09:02:00 +0000 2023;1714929881681907822;"Pendekatan pak bahlil yang dekati warga rempang secara harmonis patut diapresiasi @bahlillahadalia @kompascom Bahlil Kawal Investasi  #HIPMIRempang https://t.co/nMM9W6BP6s";0;0;0;0;in;1685917081915760640;1714929881681907822;indana_68;https://twitter.com/indana_68/status/1714929881681907822
Thu Oct 19 09:02:00 +0000 2023;1714929881660940333;"Dengan seiringnya waktu langkah ini terus berprogres secara aktif karena Pak Bahlil cukup memprioritaskan rempang city,patut kota berikan apresiasi untuknya. Bahlil Kawal Investasi #HIPMIRempang @KompasTV  @tvOneNews https://t.co/moZymAJ4QF";0;0;0;0;in;1685959878073024512;1714929881660940333;Iyam_77;https://twitter.com/Iyam_77/status/1714929881660940333
Thu Oct 19 09:02:00 +0000 2023;1714929881656824207;"Pak @bahlillahadalia akan kawal terus pembangunan rempang eco-city.  @jokowi @detikcom   Bahlil Kawal Investasi #HIPMIRempang https://t.co/lDojMHmOXi";0;0;0;0;in;1685926961435361280;1714929881656824207;zulvasyakira68;https://twitter.com/zulvasyakira68/status/1714929881656824207
Thu Oct 19 09:02:00 +0000 2023;1714929881648123953;"Bahlil Kawal Investasi kepada masyarakat Pulau Rempang bisa diterima, sekaligus menjadi jawaban atas informasi hoax di tengah-tengah masyarakat.  #HIPMIRempang  https://t.co/0iwt5pGGlA";0;0;0;0;in;1685925353100099584;1714929881648123953;Har1ess;https://twitter.com/Har1ess/status/1714929881648123953
Thu Oct 19 09:02:00 +0000 2023;1714929881639956971;"Pemerintah dalam hal ini harus melindungi hak warga rempang yang terdampak proyek EcoCity @jokowi @KompasTV  Bahlil Kawal Investasi  #HIPMIRempang https://t.co/RRw1IfoRy9";0;0;0;0;in;1571132689620824064;1714929881639956971;AlexFirman22;https://twitter.com/AlexFirman22/status/1714929881639956971
Thu Oct 19 09:02:00 +0000 2023;1714929881610391574;"prestasi Pak Bahlil Kawal Investasi tuh keren bgt, tidak hanya pandai melihat peluang beliau juga pandai melakukan pendekatan yang humanis dan persuasif kpd warga Rempang. #HIPMIRempang @FiersaBesari https://t.co/TYlpElVJ6L";0;0;1;1;in;1686220715073454080;1714929881610391574;Cahaya616;https://twitter.com/Cahaya616/status/1714929881610391574
Thu Oct 19 09:02:00 +0000 2023;1714929881572933919;"Kita yakin bahwa investasi yg ada di pulau rempang akan meningkatkan pertumbuhan ekonomi warga rempang.  @poskotanetwork  @Beritasatu  Bahlil Kawal Investasi  #HIPMIRempang  https://t.co/Dx29YVIlII";0;0;0;0;in;1686231112128069632;1714929881572933919;sitiiraudhah;https://twitter.com/sitiiraudhah/status/1714929881572933919
Thu Oct 19 09:01:59 +0000 2023;1714929878930473105;"Bergerak maju bersama investasi! HIPMI mengucapkan terima kasih kepada Menteri Bahlil yang dengan penuh dedikasi mengawal proyek Rempang Eco Park. @PDI_Perjuangan  Bahlil Kawal Investasi #HIPMIRempang https://t.co/x5ZeWQjxXH";0;0;0;0;in;1685829905026809856;1714929878930473105;urrboys146252;https://twitter.com/urrboys146252/status/1714929878930473105
Thu Oct 19 09:01:58 +0000 2023;1714929872970416580;"Bahlil Kawal Investasi Rempang Eco City bersama Himpunan Pengusaha Muda Indonesia (Hipmi) yang memberikan perhatian besar sejak awal hingga saat ini  #HIPMIRempang https://t.co/hwOo6WVZ3E";0;0;0;0;in;1694157988699983872;1714929872970416580;cacaaahay_;https://twitter.com/cacaaahay_/status/1714929872970416580
Thu Oct 19 09:01:56 +0000 2023;1714929867073139100;"@IND0_Update @MataNajwa @Metro_TV @tvOneNews Maju terus pak kami selalu dukung pak Bahlil Kawal Investasi rempang ini. #HIPMIRempang";0;0;0;0;in;1517019943732015104;1714923582747533425;pithtwn1;https://twitter.com/pithtwn1/status/1714929867073139100
Thu Oct 19 09:01:55 +0000 2023;1714929862039986309;"Bahlil Kawal Investasi  #HIPMIRempang memberikan perhatian besar terhadap investasi Rempang Eco City https://t.co/1pn6l4IuVA";0;0;0;0;in;1706610347107627008;1714929862039986309;NikitaArmi86863;https://twitter.com/NikitaArmi86863/status/1714929862039986309
Thu Oct 19 09:01:55 +0000 2023;1714929861524087097;"Pak Bahlil selalu mendukung investasi yang ada di Rembang dan selalu memastikan kesejahteraan masyarakat Rempang akan meningkat   Bahlil Kawal Investasi #HIPMIRempang  https://t.co/2K4sX6MAdO";0;0;0;0;in;1693940923233935360;1714929861524087097;feralutfya;https://twitter.com/feralutfya/status/1714929861524087097
Thu Oct 19 09:01:54 +0000 2023;1714929858772660327;"Kinerja Bahlil utk proyek Rempang benar2 didukung oleh pemerintah. Berkat kepiawaiannya dalam menyelesaikan masalah Rempang, sehingga warga setuju utk diteruskannya proyek ini. Bahlil Kawal Investasi #HIPMIRempang https://t.co/zJi3QdE0MS";0;0;0;0;in;1618272683552305158;1714929858772660327;MissAmel05;https://twitter.com/MissAmel05/status/1714929858772660327
Thu Oct 19 09:01:53 +0000 2023;1714929851596239262;"Pembangunan Rempang eco city ini juga sangat bermanfaat untuk warga sekitar karna adanya lapangan pekerja untuk warga Bahlil Kawal Investasi #HIPMIRempang https://t.co/TT6lTHd4eo";0;0;0;0;in;1675783639769153537;1714929851596239262;AdaraSyaura;https://twitter.com/AdaraSyaura/status/1714929851596239262
Thu Oct 19 09:01:50 +0000 2023;1714929841777324034;"@floreskekinian2 Bukan sekedar janji belaka, Bahlil Kawal Investasi sampai warga Rempang mendapatkan hak nya #HIPMIRempang";0;0;0;0;in;1591318545744687104;1714923087442153861;neng_nin50;https://twitter.com/neng_nin50/status/1714929841777324034
Thu Oct 19 09:01:50 +0000 2023;1714929841517264916;"Menyokong investasi berkelanjutan adalah komitmen kami! HIPMI mengapresiasi Menteri Bahlil yang terus mengawal proyek Rempang Eco Park.  @kompascom  Bahlil Kawal Investasi #HIPMIRempang https://t.co/trGNenkA7N";0;0;0;0;in;1685904891930460160;1714929841517264916;DanielM03499272;https://twitter.com/DanielM03499272/status/1714929841517264916
Thu Oct 19 09:01:45 +0000 2023;1714929821506314277;"@CSzipel_ Wajib banget warga Rempang memenuhi hak-hak mereka sebagai warga negara, supaya Pak Bahlil Kawal Investasi Rempang Eco City berjalan dengan baik  #HIPMIRempang";0;0;0;0;in;1639250660029009921;1714923086607454625;apibara_987;https://twitter.com/apibara_987/status/1714929821506314277
Thu Oct 19 09:01:45 +0000 2023;1714929819568464030;"Tumbuhkan investasi, bangun masa depan! HIPMI memberikan apresiasi kepada Menteri Bahlil yang tekun mengawal realisasi proyek Rempang Eco Park.  @PKSejahtera  Bahlil Kawal Investasi #HIPMIRempang";0;0;0;0;in;1685904891930460160;1714929819568464030;DanielM03499272;https://twitter.com/DanielM03499272/status/1714929819568464030
Thu Oct 19 09:01:45 +0000 2023;1714929818956136611;"@IND0_Update @MataNajwa @Metro_TV @tvOneNews Saya senantiasa mendukung pak Bahlil Kawal Investasi Rempang Eco City yang sempat tertunda  #HIPMIRempang";0;0;0;0;in;1620604303839993856;1714923582747533425;beastybi1;https://twitter.com/beastybi1/status/1714929818956136611
Thu Oct 19 09:01:42 +0000 2023;1714929808940179916;"Sebagai rakyat biasa gua juga mau dukung Pak Bahlil Kawal Investasi di Rempang supaya masyarakat juga bisa merasakan dampak positif dari adanya project tersebut  #HIPMIRempang https://t.co/VJpa0mPayq";0;0;0;0;in;1663711403486900224;1714929808940179916;jojoparv_;https://twitter.com/jojoparv_/status/1714929808940179916
Thu Oct 19 09:01:42 +0000 2023;1714929806549422216;"Kami berdiri teguh untuk mendukung investasi! HIPMI memberikan apresiasi kepada Menteri Bahlil yang memantau dengan sungguh-sungguh proyek Rempang Eco Park. @MataNajwa  Bahlil Kawal Investasi #HIPMIRempang";0;0;0;0;in;1685904891930460160;1714929806549422216;DanielM03499272;https://twitter.com/DanielM03499272/status/1714929806549422216
Thu Oct 19 09:01:37 +0000 2023;1714929786366448019;"Kami komitmen untuk mendukung investasi berkelanjutan! HIPMI menghargai Menteri Bahlil yang telah mengawal proyek Rempang Eco Park dengan penuh dedikasi. https://t.co/PBiynTbDiY  Bahlil Kawal Investasi #HIPMIRempang";0;0;0;0;in;1685904891930460160;1714929786366448019;DanielM03499272;https://twitter.com/DanielM03499272/status/1714929786366448019
Thu Oct 19 09:01:37 +0000 2023;1714929785779237162;"BP Batam siapkan UKM Center untuk menyiapkan warga sekitar Rempang  Bahlil Kawal Investasi #HIPMIRempang https://t.co/8KZaA976T8";0;0;0;0;in;872554422319988736;1714929785779237162;lirikann;https://twitter.com/lirikann/status/1714929785779237162
Thu Oct 19 09:01:34 +0000 2023;1714929774815244395;"Pembangunan Rempang eco city ini juga sangat membawa dampak baik untuk warga krna pemerintah merencanakan untuk meningkatkan keterampilan warga Bahlil Kawal Investasi #HIPMIRempang https://t.co/4yX0lWmsiY";0;0;0;0;in;1675783639769153537;1714929774815244395;AdaraSyaura;https://twitter.com/AdaraSyaura/status/1714929774815244395
Thu Oct 19 09:01:32 +0000 2023;1714929764811882500;"Tumbuhkan investasi, bangun masa depan! HIPMI memberikan apresiasi kepada Menteri Bahlil yang tekun mengawal proyek Rempang Eco Park. https://t.co/o8i1stR8YP @Gerindra  Bahlil Kawal Investasi #HIPMIRempang";0;0;0;0;in;1685904891930460160;1714929764811882500;DanielM03499272;https://twitter.com/DanielM03499272/status/1714929764811882500
Thu Oct 19 09:01:31 +0000 2023;1714929761200619905;"Warga Rempang memang berhak untuk mendapatkan hak mereka. Maka dengan itu pak Bahlil memberikan hal mereka dengan semestinya   Bahlil Kawal Investasi #HIPMIRempang https://t.co/rhjJwPiQlP";0;0;0;0;in;1694657826302697472;1714929761200619905;retnonury;https://twitter.com/retnonury/status/1714929761200619905
Thu Oct 19 09:01:29 +0000 2023;1714929752019214409;"Kami bersama mendukung investasi berkelanjutan! HIPMI mengapresiasi Menteri Bahlil atas pengawasannya terhadap proyek Rempang Eco Park. https://t.co/mVTUVOYWBl  Bahlil Kawal Investasi #HIPMIRempang";0;0;0;0;in;1685904891930460160;1714929752019214409;DanielM03499272;https://twitter.com/DanielM03499272/status/1714929752019214409
Thu Oct 19 09:01:28 +0000 2023;1714929749766935000;"Selagi Pak Bahlil Kawal Investasi beliau juga turut perkuat keterampilan warga Rempang melalui pelatihan... Langkah ini perlu diapresiasi sih #HIPMIRempang https://t.co/W7kJoQP2E2";0;0;0;0;in;1550867905524289536;1714929749766935000;jjuniarka;https://twitter.com/jjuniarka/status/1714929749766935000
Thu Oct 19 09:01:26 +0000 2023;1714929741554430178;"@CSzipel_ Semangat luar biasa, Bahlil Kawal Investasi demi mensejahterakan warga Rempang #HIPMIRempang";0;0;0;0;in;1591312447344087040;1714923086607454625;23nownow;https://twitter.com/23nownow/status/1714929741554430178
Thu Oct 19 09:01:26 +0000 2023;1714929739583111321;"Semangat investasi, harapan masa depan! HIPMI mengucapkan terima kasih kepada Menteri Bahlil yang memastikan kelancaran proyek Rempang Eco Park.  https://t.co/bx8NjzTZlX  Bahlil Kawal Investasi #HIPMIRempang";0;0;0;0;in;1685904891930460160;1714929739583111321;DanielM03499272;https://twitter.com/DanielM03499272/status/1714929739583111321
Thu Oct 19 09:01:26 +0000 2023;1714929738433929381;"Sinergi untuk investasi berkelanjutan! HIPMI memberikan apresiasi kepada Menteri Bahlil atas pengawasannya terhadap proyek Rempang Eco Park. @kumparan  Bahlil Kawal Investasi #HIPMIRempang https://t.co/lypffyQmwR";0;0;0;0;in;1685904891930460160;1714929738433929381;DanielM03499272;https://twitter.com/DanielM03499272/status/1714929738433929381
Thu Oct 19 09:01:24 +0000 2023;1714929731186167978;"Bahlil berhasil meyakinkan dan merangkul warga rempang bahwa investasi ini bakal membawa dampak baik bagi mereka. Bahkan mendapatkan acungan jempol dari Himpunan Pemuda Indonesia (HIPMI).  Bahlil Kawal Investasi #HIPMIRempang https://t.co/zVAznRnLh1";0;0;0;0;in;58412532;1714929731186167978;v12n;https://twitter.com/v12n/status/1714929731186167978
Thu Oct 19 09:01:24 +0000 2023;1714929729948823689;"Bahlil Kawal Investasi yg terjadi di Pulau Rempang dan memastikan bahwa pemerintah benar-benar memberikan jaminan hak kepada rakyat Rempang yg terkena dampak pembangunan proyek Rempang Eco Park #HIPMIRempang https://t.co/6PijV4Url4";0;0;0;0;in;1029414642819330050;1714929729948823689;arinnssi;https://twitter.com/arinnssi/status/1714929729948823689
Thu Oct 19 09:01:23 +0000 2023;1714929727788794042;"@IND0_Update @MataNajwa @Metro_TV @tvOneNews Inisiatif menteri Bahlil Kawal Investasi proyek Rempang Eco Park patut diacungi jempol. Kita bersama-sama mendukung investasi yang berkelanjutan. #HIPMIRempang";0;0;0;0;in;1596344063803826176;1714923582747533425;ahmdbryan;https://twitter.com/ahmdbryan/status/1714929727788794042
Thu Oct 19 09:01:23 +0000 2023;1714929725297299583;"Optimalkan investasi, wujudkan kemajuan! HIPMI memberikan apresiasi kepada Menteri Bahlil yang gigih mengawal proyek Rempang Eco Park. @prabowo  Bahlil Kawal Investasi #HIPMIRempang https://t.co/tjwgu47ohy";0;0;0;0;in;1685904891930460160;1714929725297299583;DanielM03499272;https://twitter.com/DanielM03499272/status/1714929725297299583
Thu Oct 19 09:01:20 +0000 2023;1714929713037345236;"Kami berdiri kokoh untuk mendorong investasi! HIPMI memberikan penghargaan kepada Menteri Bahlil yang teliti mengawasi proyek Rempang Eco Park. @ganjarpranowo  Bahlil Kawal Investasi #HIPMIRempang https://t.co/bGVq3YKUfD";0;0;0;0;in;1685904891930460160;1714929713037345236;DanielM03499272;https://twitter.com/DanielM03499272/status/1714929713037345236
Thu Oct 19 09:01:16 +0000 2023;1714929696121798938;"Mantap banget lihat pak Bahlil Kawal Investasi. Selalu mengutamakan hak warga Rempang. Good job sukses selalu  #HIPMIRempang https://t.co/y6S1TeLgw8";0;0;0;0;in;1198378664544456704;1714929696121798938;julisunmaulany;https://twitter.com/julisunmaulany/status/1714929696121798938
Thu Oct 19 09:01:14 +0000 2023;1714929689364766851;"Tumbuhkan investasi, bangun masa depan! HIPMI memberikan apresiasi kepada Menteri Bahlil yang tekun mengawal proyek Rempang Eco Park.  @MataNajwa  Bahlil Kawal Investasi #HIPMIRempang https://t.co/LOeesal5Lb";0;0;0;0;in;1685912330843160576;1714929689364766851;ArkhanMaji32054;https://twitter.com/ArkhanMaji32054/status/1714929689364766851
Thu Oct 19 09:01:08 +0000 2023;1714929666191249426;"Pak Bahlil Kawal Investasi sangat patut di acungi jempol kinerja oa bahlil karna dapat merangkul warga untuk pembangunan Rempang eco city #HIPMIRempang https://t.co/MsDA2MnuA4";0;0;0;0;in;1671798732944457730;1714929666191249426;EleaFralea;https://twitter.com/EleaFralea/status/1714929666191249426
Thu Oct 19 09:01:08 +0000 2023;1714929664551276870;"Himpunan Pengusaha Muda Indonesia (HIMPI) beserta Bahlil Kawal Investasi guna mendukung penuh pembangunan proyek Rempang Eco City karena dirasa memiliki banyak manfaatnya, diantaranya bagi masyarakat Rempang #HIPMIRempang https://t.co/aPhcYTPbp6";0;0;0;0;in;1686070660706234368;1714929664551276870;sIe3pyhaed;https://twitter.com/sIe3pyhaed/status/1714929664551276870
Thu Oct 19 09:01:06 +0000 2023;1714929657714471030;"Hendrick Lewerissa anggota komisi VI DPR sangat menyetujui langkah yang dilakukan oleh menteri Bahlil Kawal Investasi terkait warga yang terkena dampak Rempang eco city #HIPMIRempang https://t.co/Kvs0jVV5mv";0;0;0;0;in;1497521502727507968;1714929657714471030;Jualanilay;https://twitter.com/Jualanilay/status/1714929657714471030
Thu Oct 19 09:01:06 +0000 2023;1714929654161940699;"Sinergi untuk investasi berkelanjutan! HIPMI memberikan apresiasi kepada Menteri Bahlil atas pengawasannya terhadap proyek Rempang Eco Park. @aniesbaswedan  Bahlil Kawal Investasi #HIPMIRempang";0;0;0;0;in;1685912330843160576;1714929654161940699;ArkhanMaji32054;https://twitter.com/ArkhanMaji32054/status/1714929654161940699
Thu Oct 19 09:01:03 +0000 2023;1714929643319677085;"@IND0_Update @MataNajwa @Metro_TV @tvOneNews Bersama Menteri Bahlil kawal investasi rempang dengan berkolaborasi dengan pemerintah semoga berjalan lancar #HIPMIRempang https://t.co/pqr2L9jwqW";0;0;0;0;in;1674775247822921728;1714923582747533425;Milantsyaaa83;https://twitter.com/Milantsyaaa83/status/1714929643319677085
Thu Oct 19 09:01:03 +0000 2023;1714929641709064277;"Kami komitmen untuk mendukung investasi berkelanjutan! HIPMI menghargai Menteri Bahlil yang telah mengawal proyek Rempang Eco Park dengan penuh dedikasi. @liputan6dotcom  Bahlil Kawal Investasi #HIPMIRempang";0;0;0;0;in;1685912330843160576;1714929641709064277;ArkhanMaji32054;https://twitter.com/ArkhanMaji32054/status/1714929641709064277
Thu Oct 19 09:01:02 +0000 2023;1714929641134420028;"semoga dengan Bahlil Kawal Investasi warga rempang dengan humanis dapat membuat warga sekitar agar lebih aman dan dapat segera kondusif  #HIPMIRempang https://t.co/qo6h1KHFUx";0;0;0;0;in;1664956735021518848;1714929641134420028;Aduhrekiki;https://twitter.com/Aduhrekiki/status/1714929641134420028
Thu Oct 19 09:01:01 +0000 2023;1714929637078519948;"HIPMI beri apresiasi pro aktif Bahlil Kawal Investasi dan yakin bahwa investasi rempang ini akan berjalan dengan lancar #HIPMIRempang https://t.co/pP4DhiGILn";0;0;0;0;in;1656246848582205441;1714929637078519948;watersunflow;https://twitter.com/watersunflow/status/1714929637078519948
Thu Oct 19 09:01:01 +0000 2023;1714929634880770553;"selalu peduli warga rempang mantap Bahlil Kawal Investasi #HIPMIRempang https://t.co/ftkTozNFsf";0;0;0;0;in;1696649790488977408;1714929634880770553;MarquesP96770;https://twitter.com/MarquesP96770/status/1714929634880770553
Thu Oct 19 09:01:00 +0000 2023;1714929631571451978;"Bahlil Kawal Investasi Rempang Eco Park sekaligus memberikan hak warga yang terdampak #HIPMIRempang https://t.co/LtgqgsRJKz https://t.co/CPVhk6rk6a";0;0;0;0;in;1251780695090847744;1714929631571451978;pataragf;https://twitter.com/pataragf/status/1714929631571451978
Thu Oct 19 09:01:00 +0000 2023;1714929631445582044;"Mantap sikap Pak Bahlil Kawal Investasi Rempang yg akan berdampak positif bagi perekonomian nasional dan daerah #HIPMIRempang https://t.co/VqgdTbNujv";0;0;0;0;in;1448463913486471170;1714929631445582044;lembaiyung;https://twitter.com/lembaiyung/status/1714929631445582044
Thu Oct 19 09:01:00 +0000 2023;1714929631261004243;"Wah akhirnya #HIPMIRempang siap bersinergi melakukan pelatihan kewirausahaan untuk warga rempang. Bahlil Kawal Investasi @Batamnewscom @luhut https://t.co/snNxkSG7SW";0;0;0;0;in;1686220715073454080;1714929631261004243;Cahaya616;https://twitter.com/Cahaya616/status/1714929631261004243
Thu Oct 19 09:01:00 +0000 2023;1714929631206514973;"Bahlil Kawal Investasi agar berjalan kancar. Btw proyek ini juga bermanfaat untuk tingkatkan kesejahteraan warga di Rempang  #HIPMIRempang  https://t.co/dyfrnvUGep";0;0;0;0;in;1668465204173377536;1714929631206514973;Gueanndii;https://twitter.com/Gueanndii/status/1714929631206514973
Thu Oct 19 09:01:00 +0000 2023;1714929630702948492;"Menteri Bahlil Kawal Investasi untuk mewujudkan Rempang Eco City dan pemenuhan hak-hak masyarakatnya.   #HIPMIRempang  https://t.co/0l1Ofhp22L";0;0;0;0;in;1384073365137215489;1714929630702948492;_punyayoongi;https://twitter.com/_punyayoongi/status/1714929630702948492
Thu Oct 19 09:01:00 +0000 2023;1714929630694584502;"Bahlil Kawal Investasi dan akan berikan hak warga rempang yang terdampak proyek rempang eco city #HIPMIRempang https://t.co/moecltc464";0;0;0;0;in;2962388694;1714929630694584502;refizned;https://twitter.com/refizned/status/1714929630694584502
Thu Oct 19 09:01:00 +0000 2023;1714929630602297533;"Dalam upaya mendukung investasi ini, Hipmi siap berkolaborasi nih dengan pemerintah untuk meningkatkan keterampilan warga Rempang lewat pelatihan. prabowo @Gerindra @kompascom @corbuzier  Bahlil Kawal Investasi #HIPMIRempang https://t.co/dyQLKjTcCL";0;0;0;0;in;1685882143136952320;1714929630602297533;Hidayat_syar;https://twitter.com/Hidayat_syar/status/1714929630602297533
Thu Oct 19 09:01:00 +0000 2023;1714929630581280798;"Kita terus dukung langkah-langkah pak bahlil untuk kesejahteraan masyarakat pulang rempang dengan adanya investasi Rempang Eco City.  Bahlil Kawal Investasi #HIPMIRempang https://t.co/ZWsgLprcTT";0;0;0;0;in;1285190463918497793;1714929630581280798;chmllo;https://twitter.com/chmllo/status/1714929630581280798
Thu Oct 19 09:01:00 +0000 2023;1714929630518628483;"Saya setuju dengan langkah-langkah yang telah dilakukan dan yang akan dilakukan oleh pemerintah terkait warga masyarakat di Pulau Rempang. Bahlil Kawal Investasi  #HIPMIRempang";0;0;0;0;in;1642230569915514880;1714929630518628483;Sagu_28;https://twitter.com/Sagu_28/status/1714929630518628483
Thu Oct 19 09:01:00 +0000 2023;1714929630518395022;"kesejahteraan masyarakat dinilai HIPMI akan meningkat dengan adanya proyek rempang eco city  Bahlil Kawal Investasi  #HIPMIRempang  https://t.co/hZIk8dK3Qq";0;0;0;0;in;1668762359320678400;1714929630518395022;Guediyas;https://twitter.com/Guediyas/status/1714929630518395022
Thu Oct 19 09:01:00 +0000 2023;1714929630468301306;"dengan adanya Investasi rempang eco city yang selalu Bahlil Kawal ini, menjadikan warga lokal mendapatkan kesempatan kerja #HIPMIRempang https://t.co/o8qdvQFVpd";0;0;0;0;in;1692563067522203648;1714929630468301306;AgsDinda;https://twitter.com/AgsDinda/status/1714929630468301306
Thu Oct 19 09:01:00 +0000 2023;1714929630463836458;"dengan kolaborasi antara hipmi dengan pemerintah maka berdampak pada peningkatan keterampilan warga rempang melalui pelatihan Bahlil Kawal Investasi #HIPMIRempang https://t.co/2Bx2mIKTK2";0;0;0;0;in;1693954418918727680;1714929630463836458;abrahamcie;https://twitter.com/abrahamcie/status/1714929630463836458
Thu Oct 19 09:01:00 +0000 2023;1714929630438621262;"DPR dukung upaya menteri investasi negara, pak Bahlil Kawal Investasi memberikan hak warga yang terdampak proyek rempang eco city #HIPMIRempang  https://t.co/yiZOqIfC6c";0;0;0;0;in;2756639477;1714929630438621262;kemvarau;https://twitter.com/kemvarau/status/1714929630438621262
Thu Oct 19 09:01:00 +0000 2023;1714929630417997971;"Pendekatan Menteri Investasi memang luar biasa bagus di dalam upaya menyelesaikan masalah Rempang secara humanis dan memastikan investasi di sana berjalan dengan baik.  Bahlil Kawal Investasi  #HIPMIRempang @kompascom   https://t.co/FRyaDc349S";0;0;5;5;in;1685921838373945345;1714929630417997971;Vyondyta;https://twitter.com/Vyondyta/status/1714929630417997971
Thu Oct 19 09:01:00 +0000 2023;1714929630417920450;"Menteri @bahlillahadalia terus membuat terobosan guna membantu warga yg terdampak proyek rempang eco city dengan perkuat keterampilan warga.  @liputan6dotcom  @tribunnews  Bahlil Kawal Investasi  #HIPMIRempang https://t.co/QfmJwU4kLn";0;0;0;0;in;1686281581219176448;1714929630417920450;saarahmaghfirah;https://twitter.com/saarahmaghfirah/status/1714929630417920450
Thu Oct 19 09:01:00 +0000 2023;1714929630413807667;"https://t.co/14WCODx8Np  Semoga Ekonomi Masyarakat tumbuh dengan adanya Rempang Eco city Bahlil Kawal Investasu #HIPMIRempang";0;0;0;0;in;1685843654404112384;1714929630413807667;lizarahmayanti5;https://twitter.com/lizarahmayanti5/status/1714929630413807667
Thu Oct 19 09:01:00 +0000 2023;1714929630396690624;"Mantap usaha Pak Bahlil Kawal Investasi Proyek Rempang Eco Park #HIPMIRempang https://t.co/rhTmzzwldq";0;0;0;0;in;1448192232813596674;1714929630396690624;luqozade;https://twitter.com/luqozade/status/1714929630396690624
Thu Oct 19 09:01:00 +0000 2023;1714929630384443546;"Setuju, Dukung Bahlil Kawal Investasi dengan mengutamakan masyarakat memberikan hak² warga rempang yang terdampak. @bahlillahadalia    @hnurwahid  #HIPMIRempang https://t.co/FvreP7ORsT";0;0;0;1;in;1686817863213191168;1714929630384443546;thesabiani;https://twitter.com/thesabiani/status/1714929630384443546
Thu Oct 19 09:01:00 +0000 2023;1714929630380208273;"DPR juga mendukung terhadap langkah Bahlil atas warga Rempang. Bahlil Kawal Investasi  #HIPMIRempang https://t.co/E3Mx2P3w6N";0;0;0;0;in;1685631064944091136;1714929630380208273;Suryalanaa;https://twitter.com/Suryalanaa/status/1714929630380208273
Thu Oct 19 09:01:00 +0000 2023;1714929630338052272;"Bahlil Kawal Investasi di Rempang.  Kawal terus pak, semangat ya pak #HIPMIRempang   https://t.co/8n1bGH355C";0;0;0;0;in;544195781;1714929630338052272;MegaYantu;https://twitter.com/MegaYantu/status/1714929630338052272
Thu Oct 19 09:01:00 +0000 2023;1714929630333788177;"Bahlil Kawal Investasi di Rempang. Pak Bahlil pasti mampu mengawal investasi ini dengan baik #HIPMIRempang  https://t.co/FxFlLrSCQ6";0;0;0;0;in;1667150712248336385;1714929630333788177;dikaidris2;https://twitter.com/dikaidris2/status/1714929630333788177
Thu Oct 19 09:01:00 +0000 2023;1714929630325710932;"udah ga diragukan kalo pak Bahlil Kawal Investasi di rempang, pastinya diharapkan dapat meningkatkan kesejahteraan masyarakat #HIPMIRempang  https://t.co/LxIn59NYXe";0;0;0;0;in;1539866508540932098;1714929630325710932;tiscoleonexx;https://twitter.com/tiscoleonexx/status/1714929630325710932
Thu Oct 19 09:01:00 +0000 2023;1714929630321217758;"HIPMI siap berkolaborasi dengan Pemerintah dan juga investor di Pulau Rempang. Salah satu bentuknya, dengan memberikan pelatihan kewirausahaan bagi warga terdampak. #HIPMIRempang Bahlil Kawal Investasi @prabowo @dedi https://t.co/Mw9wf31NSn";0;0;0;0;in;1685534221509836800;1714929630321217758;WHikmahnabilah;https://twitter.com/WHikmahnabilah/status/1714929630321217758
Thu Oct 19 09:01:00 +0000 2023;1714929630304780365;"Warga rempang jangan khawatir atas kompensasi yg terdampak proyek strategis nasional, karena menteri @bahlillahadalia akan memenuhi hak warga yg terkena proyek eco city.  @jpnncom  @rmol_id  Bahlil Kawal Investasi  #HIPMIRempang  https://t.co/3r0Lcwg9Lg";0;0;0;0;in;1686280534182563840;1714929630304780365;nursalmaaa2;https://twitter.com/nursalmaaa2/status/1714929630304780365
Thu Oct 19 09:01:00 +0000 2023;1714929630296310265;"Bahlil Kawal Investasi tanpa lupakan hak² warga yang terdampak proyek Rempang Eco City  #HIPMIRempang  https://t.co/FUtRViDF8W";0;0;0;0;in;1617381487963418624;1714929630296310265;Gueershaa;https://twitter.com/Gueershaa/status/1714929630296310265
Thu Oct 19 09:01:00 +0000 2023;1714929630296305730;"Bahlil Lahadalia memastikan pemerintah akan memberikan jaminan hak bagi warga Pulau Rempang yang terkena dampak pembangunan proyek Rempang Eco City. Jadi kita kawal terus pak bahlil Bahlil Kawal Investasi #HIPMIRempang https://t.co/ekIBnxGZDB";0;0;0;0;in;1517019943732015104;1714929630296305730;pithtwn1;https://twitter.com/pithtwn1/status/1714929630296305730
Thu Oct 19 09:01:00 +0000 2023;1714929630287646908;"mantap. hak² warga yang terdampak proyek Rempang Eco City juga diberikan  Bahlil Kawal Investasi  #HIPMIRempang  https://t.co/0G2T0N6bnI";0;0;0;0;in;1668443887424397313;1714929630287646908;Guedhikaa;https://twitter.com/Guedhikaa/status/1714929630287646908
Thu Oct 19 09:01:00 +0000 2023;1714929630279336270;"HIPMI sangat mendukubg langkah Bahlil Kawal Investasi Rempang #HIPMIRempang  https://t.co/KVhw6xplMN";0;0;0;0;in;1620590548951388161;1714929630279336270;Guejenoo;https://twitter.com/Guejenoo/status/1714929630279336270
Thu Oct 19 09:01:00 +0000 2023;1714929630279287065;"Hipmi berikan dukungan kepada investasi rempang Eco City dan memastikan ekonomi masyarakat tumbuh Bahlil Kawal Investasi  #HIPMIRempang  https://t.co/BEJmTKt063";0;0;0;0;in;1702031138091601920;1714929630279287065;iamwin__a;https://twitter.com/iamwin__a/status/1714929630279287065
Thu Oct 19 09:01:00 +0000 2023;1714929630195716140;"Turut bangga dengan usaha Pak Bahlil Kawal Investasi Proyek Rempang Eco City #HIPMIRempang https://t.co/hlBD1KA2yZ";0;0;0;0;in;1448251519711645696;1714929630195716140;flawslight;https://twitter.com/flawslight/status/1714929630195716140
Thu Oct 19 09:01:00 +0000 2023;1714929630191477209;"kesejahteraan masyarakat akan meningkat dengan adanya investasi Rempang Eco City  Bahlil Kawal Investasi  #HIPMIRempang  https://t.co/9jiA45w7ze";0;0;0;0;in;1639794869937012737;1714929630191477209;Gueeddi;https://twitter.com/Gueeddi/status/1714929630191477209
Thu Oct 19 09:01:00 +0000 2023;1714929630145392734;"Dengan dibangunnya proyek rempang EcoCity ini akan meningkatkan nilai kesejahteraan masyarakat @jokowi @Metro_TV  Bahlil Kawal Investasi  #HIPMIRempang https://t.co/CYeCwKt0F5";0;0;0;0;in;1571142045745713155;1714929630145392734;Citraaaaa22;https://twitter.com/Citraaaaa22/status/1714929630145392734
Thu Oct 19 09:01:00 +0000 2023;1714929630136893810;"HIPMI sangat mendukung Bahlil Kawal Investasi di rempang  #HIPMIRempang  https://t.co/00YkVPfROu";0;0;0;0;in;1599933261324566528;1714929630136893810;Aleyirra;https://twitter.com/Aleyirra/status/1714929630136893810
Thu Oct 19 09:01:00 +0000 2023;1714929630115729626;"HIPMI sangat mendukung Bahlil Kawal Investasi di Rempang untuk tingkatkan kesejahteraan masyarakat  #HIPMIRempang  https://t.co/vC3eeQPs1R";0;0;0;0;in;1620602400548716544;1714929630115729626;Guefariss;https://twitter.com/Guefariss/status/1714929630115729626
Thu Oct 19 09:01:00 +0000 2023;1714929630107283476;"Bahlil Kawal Investasi rempang eco city #HIPMIRempang pastikan kesejahteraan masyarakat meningkat  https://t.co/DCl1tNEIcq";0;0;0;0;in;1629086658196029440;1714929630107283476;titiacitoy;https://twitter.com/titiacitoy/status/1714929630107283476
Thu Oct 19 09:01:00 +0000 2023;1714929630103351574;"Mantap nih selalu dukung Pak Bahlil Kawal Investasi Proyek Rempang Eco City #HIPMIRempang https://t.co/uvLQXWPjqg";0;0;0;0;in;1447192299759276036;1714929630103351574;cutiebyoma;https://twitter.com/cutiebyoma/status/1714929630103351574
Thu Oct 19 09:01:00 +0000 2023;1714929630103150859;"HIPMI siap berkolaborasi dengan pemerintah dan juga investor di Pulau Rempang dengan memberikan pelatihan kewirausahaan bagi warga terdampak  #HIPMIRempang  https://t.co/zpT36qROzu";0;0;0;0;in;1628969431643860992;1714929630103150859;bagindaratuuu_;https://twitter.com/bagindaratuuu_/status/1714929630103150859
Thu Oct 19 09:01:00 +0000 2023;1714929630090862594;"Sudah saatnya warga Pulau Rempang bersinergi dengan pemerintah dalam mendukung pertumbuhan ekonomi #HIPMIRempang https://t.co/5JXraaPy2a";0;0;0;0;in;1621486488033832963;1714929630090862594;aquariuzxxx;https://twitter.com/aquariuzxxx/status/1714929630090862594
Thu Oct 19 09:01:00 +0000 2023;1714929630090846403;"Upaya pendekatan warga Rempang oleh menteri Bahlil berbuah manis  #HIPMIRempang https://t.co/uxtArajnot";0;0;0;0;in;1685653565615001600;1714929630090846403;Dimas_Andreeee;https://twitter.com/Dimas_Andreeee/status/1714929630090846403
Thu Oct 19 09:01:00 +0000 2023;1714929630086361533;"Bahlil Kawal Investasi ! DPR dukung upaya bahlil berikan hak warga yang terdampak proyek rempang eco city #HIPMIRempang   https://t.co/JeWXcRp32v";0;0;0;0;in;2473850421;1714929630086361533;ViviCidev;https://twitter.com/ViviCidev/status/1714929630086361533
Thu Oct 19 09:01:00 +0000 2023;1714929630082114025;"dengan bantuan yang hipmi berikan yaitu peningkatan keterampilan, maka warga lokal rempang akan memperoleh kesempatan lebih dalam penyerapan kerja dengan Investasi yang Bahlil Kawal ini #HIPMIRempang https://t.co/8OUFP7LNMo";0;0;0;0;in;1694127000557060096;1714929630082114025;Niardani19;https://twitter.com/Niardani19/status/1714929630082114025
Thu Oct 19 09:01:00 +0000 2023;1714929630074069396;"semoga dengan adanya investasi Rempang, bisa tingkatkan pertumbuhan ekonomi masyarakat  Bahlil Kawal Investasi  #HIPMIRempang  https://t.co/F1hk7tyt5M";0;0;0;0;in;1639790175260921856;1714929630074069396;Guedikdik;https://twitter.com/Guedikdik/status/1714929630074069396
Thu Oct 19 09:01:00 +0000 2023;1714929630074003940;"Pusat (BPP) Himpunan Pengusaha Muda Indonesia (HIPMI) Fathul Nugroho mengatakan, pihaknya mendukung penuh pembangunan proyek Rempang Eco City.  Bahlil Kawal Investasi  #HIPMIRempang  https://t.co/MeHzZTJpgG";0;0;0;0;in;1194885365993050112;1714929630074003940;changsub92;https://twitter.com/changsub92/status/1714929630074003940
Thu Oct 19 09:01:00 +0000 2023;1714929630069539003;"Hipmi memberikan dukungan kepada investasi rempang Eco City dan pastikan kesejahteraan masyarakat meningkat Bahlil Kawal Investasi  #HIPMIRempang  https://t.co/W5CPJeFZxz";0;0;0;0;in;1244486612370591745;1714929630069539003;fairybubie;https://twitter.com/fairybubie/status/1714929630069539003
Thu Oct 19 09:01:00 +0000 2023;1714929630069534788;"Upaya Bahlil untuk memberikan hak warga Rempang didukung penuh oleh DPR  #HIPMIRempang https://t.co/MQN0eXbSYS";0;0;0;0;in;1685655572295905280;1714929630069534788;SrikandiAkbar;https://twitter.com/SrikandiAkbar/status/1714929630069534788
Thu Oct 19 09:01:00 +0000 2023;1714929630052852075;"DPR sangat mendukung langkah Bahlil Kawal Investasi dan lakukan oendekatan yang humanis pada masyarakat Rempang  #HIPMIRempang  https://t.co/SxPtM4CSgv";0;0;0;0;in;1598328517724602368;1714929630052852075;Meirraa_;https://twitter.com/Meirraa_/status/1714929630052852075
Thu Oct 19 09:01:00 +0000 2023;1714929630052778358;"Wah ini sih program keren banget nih melalui pelatihan keterampilan dari #HIPMIRempang sejalan dengan komitmen pak Bahlil Kawal Investasi di Rempang. @DediMulyadi71 @ridwan https://t.co/9Z3AP2l9xC";0;0;0;1;in;1686820015100878848;1714929630052778358;riqbaal838;https://twitter.com/riqbaal838/status/1714929630052778358
Thu Oct 19 09:01:00 +0000 2023;1714929630044696948;"mantap banget kalo hipmi dukung Bahlil Kawal Investasi di pulau rempang, bisa berkolaborasi meningkatkan keterampilan masyarakat untuk meningkatkan kesejahteraan ekonomi #HIPMIRempang  https://t.co/sXOWOsmNjJ";0;0;0;0;in;1248220986492596226;1714929630044696948;ekonoil;https://twitter.com/ekonoil/status/1714929630044696948
Thu Oct 19 09:01:00 +0000 2023;1714929630023758072;"@IND0_Update @MataNajwa @Metro_TV @tvOneNews pasti dukung juga karena ini juga untuk warga rempang lebih baik kedepannya  Bahlil Kawal Investasi #HIPMIRempang";0;0;0;0;in;1690206767979044864;1714923582747533425;meowsmilest;https://twitter.com/meowsmilest/status/1714929630023758072
Thu Oct 19 09:01:00 +0000 2023;1714929630023680153;"@IND0_Update @MataNajwa @Metro_TV @tvOneNews Hak hak Masyarakat Rempang tetap dipenuhi agar Rempang Eco City tetap berjalan dengan baik Bahlil Kawal Investasi  #HIPMIRempang";0;0;0;1;in;1558377103376019456;1714923582747533425;kendalikan;https://twitter.com/kendalikan/status/1714929630023680153
Thu Oct 19 09:01:00 +0000 2023;1714929630019264576;"HIPMI mendukung dan akan support investasi di Rempang Eco City utk meningkatkan kesejahteraan rakyat, bersama Pak Bahlil Kawal Investasi. #HIPMIRempang   https://t.co/LcUuNz8QWS";0;0;0;1;in;1647078933362507777;1714929630019264576;5ky_licious;https://twitter.com/5ky_licious/status/1714929630019264576
Thu Oct 19 09:01:00 +0000 2023;1714929630015320454;"https://t.co/eYlvXgnUyV  semoga yaa dengan Rempang Eco City kesejahteraan masyakat meningkat. Pak Bahlil Kawal Investasi nya terus ya Pak. #HIPMIRempang";0;0;0;0;in;1687045892799664128;1714929630015320454;fahasa_;https://twitter.com/fahasa_/status/1714929630015320454
Thu Oct 19 09:01:00 +0000 2023;1714929629998563628;"#HIPMIRempang setuju dan dukung upaya Bahlil Kawal Investasi jadikan Rempang Eco city sangat megah dan kondusif  https://t.co/NfyZBX90uS";0;0;0;0;in;1685919774499655680;1714929629998563628;Lien9a;https://twitter.com/Lien9a/status/1714929629998563628
Thu Oct 19 09:01:00 +0000 2023;1714929629998485958;"Lewat pendekatan humanis Bahlil, pemerintah dan warga satu suara soal investasi Rempang Eco City. manfaat besar yang akan dirasakan oleh masyarakat Rempang dari keberadaan dan hidupnya ekonomi   Bahlil Kawal Investasi  #HIPMIRempang @detikcom   https://t.co/WTHARYPgF0";0;0;5;6;in;1685925353100099584;1714929629998485958;Har1ess;https://twitter.com/Har1ess/status/1714929629998485958
Thu Oct 19 09:01:00 +0000 2023;1714929629998272727;"Super keren ... Bahlil Kawal Investasi , berikut upaya beliau dalam berikan hak warga yang terdampak proyek rempang eco city #HIPMIRempang   https://t.co/A5IHXeC2xp";0;0;0;0;in;1670020583910969344;1714929629998272727;NurShafiy1011;https://twitter.com/NurShafiy1011/status/1714929629998272727
Thu Oct 19 09:01:00 +0000 2023;1714929629990137909;"Bahlil berhasil meyakinkan dan merangkul warga rempang bahwa kepastian investasi ini akan membawa berkah ‘ekonomi’ kepada mereka. Dalam proses dan pendekatannya, Bahlil patut diacungi jempol lantaran dia konsisten dengan pendekatan humanisnya. Bahlil Kawal Investasi #HIPMIRempang";0;0;0;0;in;1685924578332430336;1714929629990137909;divanaila68;https://twitter.com/divanaila68/status/1714929629990137909
Thu Oct 19 09:01:00 +0000 2023;1714929629985992889;"Masyarakat harus dilibatkan dalam pembangunan proyek rempang ecocity ini @jokowi @TRANSTV_CORP  Bahlil Kawal Investasi  #HIPMIRempang https://t.co/WHchzqCHNX";0;0;0;0;in;1571354287527301120;1714929629985992889;Adellla22;https://twitter.com/Adellla22/status/1714929629985992889
Thu Oct 19 09:01:00 +0000 2023;1714929629977514305;"Tiada tanding pak Bahlil Kawal Investasi berikan win win solution terbaik untuk warga Rempang dan semua akan berdampak positif  #HIPMIRempang  https://t.co/xMVKhutx9V";0;0;0;0;in;1657958590584590336;1714929629977514305;KarinAulia866;https://twitter.com/KarinAulia866/status/1714929629977514305
Thu Oct 19 09:01:00 +0000 2023;1714929629977309263;"Hak masyarakat rempang tentunya harus dilindungi pemerintah  @jokowi @KompasTV  Bahlil Kawal Investasi  #HIPMIRempang https://t.co/Vp0yuLm6jT";0;0;0;0;in;1571132689620824064;1714929629977309263;AlexFirman22;https://twitter.com/AlexFirman22/status/1714929629977309263
Thu Oct 19 09:01:00 +0000 2023;1714929629973324023;"Menteri @bahlillahadalia terus berupaya melibatkan warga rempang sebagai subjek pembangunan dalam investasi rempang.  @Beritasatu  @republikaonline  Bahlil Kawal Investasi  #HIPMIRempang https://t.co/1qDxK9ZvbE";0;0;0;0;in;1686289519451271170;1714929629973324023;AyraWarda;https://twitter.com/AyraWarda/status/1714929629973324023
Thu Oct 19 09:01:00 +0000 2023;1714929629973082191;"Bahlil Kawal Investasi dan DPR juga mendukung langkah beliau memberikan hak warga rempang  #HIPMIRempang https://t.co/TnbXpTxkyA";0;0;0;0;in;1666631886243000321;1714929629973082191;shopip09;https://twitter.com/shopip09/status/1714929629973082191
Thu Oct 19 09:01:00 +0000 2023;1714929629968875700;"investasi rempang eco city ini akan membawa kesejahteraan bagi masyarakat di rempang, terimakasih Bahlil sudah Kawal Investasi sampai sejauh ini #HIPMIRempang https://t.co/nXp7RNzfb1";0;0;0;0;in;1369637073821474834;1714929629968875700;nihakunsambatan;https://twitter.com/nihakunsambatan/status/1714929629968875700
Thu Oct 19 09:01:00 +0000 2023;1714929629964783827;"Hal ini juga dapat memperoleh kesempatan kerja yang layak di daerahnya sendiri. Rempang akan semakin tertata rapi dan maju.   Bahlil Kawal Investasi  #HIPMIRempang  https://t.co/v2OmEW6NOE";0;0;0;0;in;1685864952555610112;1714929629964783827;W5kalan;https://twitter.com/W5kalan/status/1714929629964783827
Thu Oct 19 09:01:00 +0000 2023;1714929629960786004;"@IND0_Update @MataNajwa @Metro_TV @tvOneNews Berharap terwujudnya Rempang Eco City yang bisa mensejahtetakan masyarakat Rempang  Bahlil Kawal Investasi  #HIPMIRempang";0;0;0;1;in;1558375078278025217;1714923582747533425;JagaragaFirman1;https://twitter.com/JagaragaFirman1/status/1714929629960786004
Thu Oct 19 09:01:00 +0000 2023;1714929629960532351;"dengan Rempang Eco City HIPMI nilai kesejahteraan masyarakat akan meningkat  Bahlil Kawal Investasi  #HIPMIRempang  https://t.co/S0pfA32o56";0;0;0;0;in;1599927381158137857;1714929629960532351;Bezhnia;https://twitter.com/Bezhnia/status/1714929629960532351
Thu Oct 19 09:01:00 +0000 2023;1714929629956301004;"kerenn banget kalau hipmi mau bantu juga untuk Investasi yang Bahlil Kawal ini, maka kesempatan untuk mewujudkan kesejahteraan di rempang akan semakin cepat #HIPMIRempang https://t.co/g2IpMHuoYj";0;0;0;0;in;1693967682557952000;1714929629956301004;aloxsen76;https://twitter.com/aloxsen76/status/1714929629956301004
Thu Oct 19 09:01:00 +0000 2023;1714929629952094638;"Semuanya ngedukung Pak Bahlil Kawal Investasi di Pulau Rempang🥂 #HIPMIRempang  https://t.co/WSq4lN0cmw";0;0;0;0;in;1685905462867410945;1714929629952094638;alexasuaa;https://twitter.com/alexasuaa/status/1714929629952094638
Thu Oct 19 09:01:00 +0000 2023;1714929629939515843;"Kolaborasi HIPMI dan Bahlil kawal investasi Rempang Eco City untuk meningkatkan nilai kesejahteraan masyarakat #HIPMIRempang  https://t.co/GYucL9nB88";0;0;0;0;in;1097470626523049984;1714929629939515843;gureumsaaa;https://twitter.com/gureumsaaa/status/1714929629939515843
Thu Oct 19 09:01:00 +0000 2023;1714929629935567023;"kesejahteraan masyarakat sekitar akan meningkat dengan adanya proyek Rempang Eco City  Bahlil Kawal Investasi  #HIPMIRempang  https://t.co/ivz0OnUbzb";0;0;0;0;in;1668458293793267712;1714929629935567023;Guenandow;https://twitter.com/Guenandow/status/1714929629935567023
Thu Oct 19 09:01:00 +0000 2023;1714929629931164145;"Banyak hal baik jika investasi di rempang ini berjalan dengan baik, lanjutkan @jokowi @tvOneNews  Bahlil Kawal Investasi  #HIPMIRempang https://t.co/4qFUwJfgS7";0;0;0;0;in;1571138029754130433;1714929629931164145;Nurdinn22;https://twitter.com/Nurdinn22/status/1714929629931164145
Thu Oct 19 09:01:00 +0000 2023;1714929629918597429;"Masa depan investasi di rempang sangat menjanjikan bagi peningkatan ekonomi sekitar.  @bahlillahadalia  @liputan6dotcom  Bahlil Kawal Investasi  #HIPMIRempang https://t.co/PqleMWok0p";0;0;0;0;in;1686246359433891840;1714929629918597429;RayaaaSafira;https://twitter.com/RayaaaSafira/status/1714929629918597429
Thu Oct 19 09:01:00 +0000 2023;1714929629918539902;"Janji pemerintah melalui kementerian @bkpm @bahlillahadalia terhadap warga yg terdampak proyek rempang eco city pasti terpenuhi hak mereka.  @jawapos  @tempodotco  Bahlil Kawal Investasi  #HIPMIRempang  https://t.co/reBJTcSqas";0;0;0;0;in;1686231112128069632;1714929629918539902;sitiiraudhah;https://twitter.com/sitiiraudhah/status/1714929629918539902
Thu Oct 19 09:01:00 +0000 2023;1714929629579096101;"Tumbuhkan investasi, bangun masa depan! HIPMI memberikan apresiasi kepada Menteri Bahlil yang gigih mengawal proyek Rempang Eco Park. https://t.co/hFFcIDHBOd  Bahlil Kawal Investasi #HIPMIRempang";0;0;0;0;in;1685912330843160576;1714929629579096101;ArkhanMaji32054;https://twitter.com/ArkhanMaji32054/status/1714929629579096101
Thu Oct 19 09:00:57 +0000 2023;1714929617591791903;"Kami bersatu untuk mendorong investasi yang berkelanjutan! HIPMI mengucapkan terima kasih kepada Menteri Bahlil yang tekun mengawasi proyek Rempang Eco Park.  https://t.co/zbh2569WY8  Bahlil Kawal Investasi #HIPMIRempang";0;0;0;0;in;1685912330843160576;1714929617591791903;ArkhanMaji32054;https://twitter.com/ArkhanMaji32054/status/1714929617591791903
Thu Oct 19 09:00:56 +0000 2023;1714929612256649254;"@floreskekinian2 salut sama pak bahlil yang bisa meyakinkan warga rempang dengan pendekatan humanisnya Bahlil Kawal Investasi #HIPMIRempang";0;0;0;0;in;1690666219840647169;1714923087442153861;hopesforlife;https://twitter.com/hopesforlife/status/1714929612256649254
Thu Oct 19 09:00:55 +0000 2023;1714929610293674246;"Dlm mendukung investasi proyek Rempang Eco Park, pak Bahlil Kawal Investasi dan HIMPI yg berkolaborasi dgn pemerintah siap untuk menjngkatkan keterampilan masyarakat Rempang setempat #HIPMIRempang https://t.co/ZTIAynBWBQ";0;0;0;0;in;1535587852142059520;1714929610293674246;twinkeililstar;https://twitter.com/twinkeililstar/status/1714929610293674246
Thu Oct 19 09:00:54 +0000 2023;1714929606275502587;"Solidaritas untuk investasi berkelanjutan! HIPMI menghargai Menteri Bahlil yang dengan sungguh-sungguh mengawal proyek Rempang Eco Park. https://t.co/zDlDWP6OlR  Bahlil Kawal Investasi #HIPMIRempang";0;0;0;0;in;1685912330843160576;1714929606275502587;ArkhanMaji32054;https://twitter.com/ArkhanMaji32054/status/1714929606275502587
Thu Oct 19 09:00:52 +0000 2023;1714929597043835058;"Update Pergeseran Warga Rempang, Sudah 52 KK Pindah ke Hunian Sementara https://t.co/bLH8KXKDk1";0;0;0;0;in;224204467;1714929597043835058;batamtoday;https://twitter.com/batamtoday/status/1714929597043835058
Thu Oct 19 09:00:52 +0000 2023;1714929596511187288;"Bahlil Kawal Investasi rempang eco city dan trus berikan hak-hak warga disana   #HIPMIRempang";0;0;0;0;in;740042234;1714929596511187288;vouydka;https://twitter.com/vouydka/status/1714929596511187288
Thu Oct 19 09:00:51 +0000 2023;1714929594594480235;"Kami bersama-sama mendukung investasi berkelanjutan! Terima kasih kepada Menteri Bahlil yang dengan tekun mengawal realisasi proyek Rempang Eco Park.  https://t.co/u7bNraHW53  Bahlil Kawal Investasi #HIPMIRempang";0;0;0;0;in;1685912330843160576;1714929594594480235;ArkhanMaji32054;https://twitter.com/ArkhanMaji32054/status/1714929594594480235
Thu Oct 19 09:00:51 +0000 2023;1714929594099503324;"Bahlil Kawal Investasi untuk pembangunan di Rempang. Dengan berkomitmen untuk memperkuat keterampilan warga, pak Bahlil mendirikan UKM center untuk para warga Rempang  #HIPMIRempang https://t.co/5hyxH931cB";0;0;0;0;in;1695060086182350849;1714929594099503324;anggi__sar;https://twitter.com/anggi__sar/status/1714929594099503324
Thu Oct 19 09:00:50 +0000 2023;1714929589951365481;"Pendekatan secara harmonis yang dilakukan kepada para masyarakat rempang merupakan bukti bahwa Bahlil Kawal Investasi secara totalitas #HIPMIRempang https://t.co/cPN9Ljw6sb";0;0;0;0;in;1567434960348524545;1714929589951365481;raacuun_shopee;https://twitter.com/raacuun_shopee/status/1714929589951365481
Thu Oct 19 09:00:50 +0000 2023;1714929587690656068;"pak menteri Bahlil Kawal Investasi tuh ternyata buat memperjuangkan hak warga pulau rempang ya, keren deh #HIPMIRempang https://t.co/YA6chRdzo7";0;0;0;0;in;1516336298466103298;1714929587690656068;xfebruari;https://twitter.com/xfebruari/status/1714929587690656068
Thu Oct 19 09:00:49 +0000 2023;1714929585404719294;"Semangat investasi, harapan masa depan! HIPMI mengucapkan terima kasih kepada Menteri Bahlil yang memastikan kelancaran proyek Rempang Eco Park. @prabowo  Bahlil Kawal Investasi #HIPMIRempang https://t.co/tkK62CTJma";0;0;0;0;in;1685912330843160576;1714929585404719294;ArkhanMaji32054;https://twitter.com/ArkhanMaji32054/status/1714929585404719294
Thu Oct 19 09:00:49 +0000 2023;1714929584465162543;"@IND0_Update @MataNajwa @Metro_TV @tvOneNews Bahlil Kawal Investasi #HIPMIRempang Kawal yuk agar warga Rempang dapat hak nya";0;0;0;0;in;1628979524087205895;1714923582747533425;AngsaAtuk;https://twitter.com/AngsaAtuk/status/1714929584465162543
Thu Oct 19 09:00:46 +0000 2023;1714929572192649460;"Hendrick Lewerissa anggota komisi VI DPR sangat menyetujui langkah yang dilakukan oleh menteri Bahlil Kawal Investasi terkait warga yang terkena dampak Rempang eco city #HIPMIRempang https://t.co/RNTSY9G7cz";0;0;0;0;in;1498928452031762437;1714929572192649460;tobokiyowo;https://twitter.com/tobokiyowo/status/1714929572192649460
Thu Oct 19 09:00:45 +0000 2023;1714929569927749827;"Kami bersama mendukung investasi berkelanjutan! HIPMI mengapresiasi Menteri Bahlil atas pengawasannya terhadap proyek Rempang Eco Park. @detikcom  Bahlil Kawal Investasi #HIPMIRempang https://t.co/MEYHZpaSVw";0;0;0;0;in;1685912330843160576;1714929569927749827;ArkhanMaji32054;https://twitter.com/ArkhanMaji32054/status/1714929569927749827
Thu Oct 19 09:00:44 +0000 2023;1714929561765613591;"Bahlil Kawal Investasi Rempang Eco City bersama dengan Himpunan Pengusaha Muda Indonesia (HIPMI), HIPMI memberikan perhatian yg besar dan siap membantu menyukseskan investasi mega ini #HIPMIRempang";0;0;0;0;in;1479482961359560705;1714929561765613591;xpvisizor;https://twitter.com/xpvisizor/status/1714929561765613591
Thu Oct 19 09:00:42 +0000 2023;1714929555243479082;"Teguh dalam mendukung investasi berkelanjutan! HIPMI menghargai Menteri Bahlil yang memantau proyek Rempang Eco Park dengan penuh komitmen. @ganjarpranowo  Bahlil Kawal Investasi #HIPMIRempang https://t.co/Vk3gQdB2UX";0;0;7;7;in;1685912330843160576;1714929555243479082;ArkhanMaji32054;https://twitter.com/ArkhanMaji32054/status/1714929555243479082
Thu Oct 19 09:00:38 +0000 2023;1714929539690967306;"Kita berkomitmen untuk mendukung investasi berkelanjutan! HIPMI mengucapkan terima kasih kepada Menteri Bahlil yang telah memantau proyek Rempang Eco Park dengan tekun. @ganjarpranowo  Bahlil Kawal Investasi #HIPMIRempang https://t.co/4KUYCQApYq";0;0;8;7;in;1685928614783844352;1714929539690967306;martisnalonso;https://twitter.com/martisnalonso/status/1714929539690967306
Thu Oct 19 09:00:33 +0000 2023;1714929519193391382;"Himpunan Pengusaha Muda Indonesia (HIPMI) dukung Investasi dan apresiasi tindakan Bahlil Kawal Investasi Rempang Eco City. Upaya dukungan atas proyek ini, HIPMI siap kolaborasi dengan pemerintah untuk meningkatkan keterampilan dan integritas warga melalui pelatihan #HIPMIRempang";0;0;0;0;in;1480392573633978369;1714929519193391382;xcourtneyyiee;https://twitter.com/xcourtneyyiee/status/1714929519193391382
Thu Oct 19 09:00:31 +0000 2023;1714929507516477611;"Bahlil Kawal Investasi drngan memastikan pemerintah akan memberikan perhatian serius kepada warga Rempang sebagaimana yang telah dituangkan dalam Perpres soal ganti rugi hak warga Rempang yang terkena dampak investasi.  #HIPMIRempang https://t.co/WuI5jXJ9aN";0;0;0;0;in;1694712168028176384;1714929507516477611;skyzyzyy;https://twitter.com/skyzyzyy/status/1714929507516477611
Thu Oct 19 09:00:30 +0000 2023;1714929504941150353;"Bahlil kawal  infestasi rempang supaya berdampak baik bagi ekonomi nasional dan daerah, dan dapat membawa kesejahteraan bagi masyarakat rempang dan sekitarnya.  Bahlil kawal infestasi #HIPMIRempang https://t.co/pk4LhrXruN";0;0;0;0;in;1420937627956518921;1714929504941150353;Aysaa70397797;https://twitter.com/Aysaa70397797/status/1714929504941150353
Thu Oct 19 09:00:28 +0000 2023;1714929496061862095;"Komitmen untuk investasi berkelanjutan! HIPMI memberikan apresiasi kepada Menteri Bahlil yang memantau proyek Rempang Eco Park dengan penuh dedikasi. @jokowi  Bahlil Kawal Investasi #HIPMIRempang";0;0;0;0;in;1685928614783844352;1714929496061862095;martisnalonso;https://twitter.com/martisnalonso/status/1714929496061862095
Thu Oct 19 09:00:26 +0000 2023;1714929489476804703;"Pak Bahlil Kawal Investasi dan hipmi mempercayai pembangunan Rempang eco city kepada pak bahlil #HIPMIRempang  https://t.co/oWk7DVkoLM";0;0;0;0;in;1670744599827222528;1714929489476804703;danica_alasya;https://twitter.com/danica_alasya/status/1714929489476804703
Thu Oct 19 09:00:25 +0000 2023;1714929484724646260;"Kami bersama-sama mengawal perjalanan investasi! HIPMI mengucapkan terima kasih kepada Menteri Bahlil atas dedikasinya dalam memantau proyek Rempang Eco Park. @kompascom  Bahlil Kawal Investasi #HIPMIRempang";0;0;0;0;in;1685928614783844352;1714929484724646260;martisnalonso;https://twitter.com/martisnalonso/status/1714929484724646260
Thu Oct 19 09:00:23 +0000 2023;1714929476445110590;"Bahlil Kawal Investasi Rempang dan memastikan kesejahteraan masyarakat meningkat dan mendukung penuh agar ekonomi masyarakat setempat bertumbuh dan berkembang https://t.co/nNHv6HUKBG #HIPMIRempang";0;0;0;0;in;1601777092538298368;1714929476445110590;yinpowi;https://twitter.com/yinpowi/status/1714929476445110590
Thu Oct 19 09:00:23 +0000 2023;1714929473920106671;"Kami bersatu untuk mendukung investasi yang berkelanjutan! HIPMI menghargai dedikasi Menteri Bahlil dalam memantau proyek Rempang Eco Park. https://t.co/D7AbOivATK  Bahlil Kawal Investasi #HIPMIRempang";0;0;0;0;in;1685928614783844352;1714929473920106671;martisnalonso;https://twitter.com/martisnalonso/status/1714929473920106671
Thu Oct 19 09:00:23 +0000 2023;1714929473865531783;"the best banget kalo Bahlil Kawal Investasi pastinya berjalan dengan lancar dan membawa manfaat buat  masyarakat rempang #HIPMIRempang https://t.co/vGrRIGB4xr";0;0;0;0;in;1417151420663357440;1714929473865531783;madivesss;https://twitter.com/madivesss/status/1714929473865531783
Thu Oct 19 09:00:22 +0000 2023;1714929471684571567;"Pak bahlil memang pantas utk diapresiasi atas kerja kerasnya dalam upaya pendekatan terhadap warga rempang   Bahlil Kawal Investasi #HIPMIRempang https://t.co/PTQWmUYmpX";0;0;0;0;in;1667397993434316800;1714929471684571567;bellaardila0001;https://twitter.com/bellaardila0001/status/1714929471684571567
Thu Oct 19 09:00:21 +0000 2023;1714929468463337732;"langkah dari menteri Bahlil dalam investasi proyek rempang eco park mendapat dukungan dari himpunan pengusaha muda Indonesia (HIPMI) agar terus membangun dan memperjuangkan kesejahteraan masyarakat sekitar yang menjanjikan. Bahlil Kawal Investasi #HIPMIRempang https://t.co/VojStUqHIz";0;0;0;0;in;1337903876679168000;1714929468463337732;rasbbaa;https://twitter.com/rasbbaa/status/1714929468463337732
Thu Oct 19 09:00:20 +0000 2023;1714929462910034001;"Tumbuhkan investasi, bangun masa depan! HIPMI mengucapkan terima kasih kepada Menteri Bahlil yang aktif mengawal proyek Rempang Eco Park. https://t.co/bqyjh67gOU  Bahlil Kawal Investasi #HIPMIRempang";0;0;0;0;in;1685928614783844352;1714929462910034001;martisnalonso;https://twitter.com/martisnalonso/status/1714929462910034001
Thu Oct 19 09:00:19 +0000 2023;1714929460385132673;"@IND0_Update @MataNajwa @Metro_TV @tvOneNews Semangat Pak Bahlil Kawal Investasi Rempang Eco City #HIPMIRempang";0;0;0;0;in;1251780695090847744;1714923582747533425;pataragf;https://twitter.com/pataragf/status/1714929460385132673
Thu Oct 19 09:00:17 +0000 2023;1714929452352979284;"Transformasi ekonomi melalui investasi berkelanjutan! HIPMI memberikan penghargaan kepada Menteri Bahlil yang gigih mengawal proyek Rempang Eco Park. https://t.co/tiXVBSwmQY  Bahlil Kawal Investasi #HIPMIRempang";0;0;0;0;in;1685928614783844352;1714929452352979284;martisnalonso;https://twitter.com/martisnalonso/status/1714929452352979284
Thu Oct 19 09:00:15 +0000 2023;1714929441019945215;"Sukses investasi, tumbuh bersama! HIPMI mengapresiasi Menteri Bahlil atas pengawasan proyek Rempang Eco Park. @MataNajwa  Bahlil Kawal Investasi #HIPMIRempang https://t.co/dM22YkEMkJ";0;0;0;0;in;1685928614783844352;1714929441019945215;martisnalonso;https://twitter.com/martisnalonso/status/1714929441019945215
Thu Oct 19 09:00:15 +0000 2023;1714929440306893050;"Tumbuhkan ekonomi melalui investasi berkelanjutan! HIPMI memberikan apresiasi kepada Menteri Bahlil yang aktif mengawal proyek Rempang Eco Park. https://t.co/jBZgdqZZ2c  Bahlil Kawal Investasi #HIPMIRempang";0;0;0;0;in;1685928614783844352;1714929440306893050;martisnalonso;https://twitter.com/martisnalonso/status/1714929440306893050
Thu Oct 19 09:00:13 +0000 2023;1714929435533828551;"Dalam gerakan Bahlil Kawal Investasi DPR beri dukungan untuk memberikan hak warga Rempang yang terdampak oleh investasi,dengan emberikan ganti rugi kepada warga Pulau Rempang yang terdampak Proyek Strategis Nasional (PSN) Rempang Eco City. #HIPMIRempang https://t.co/wxgGPhPTy4";0;0;0;0;in;1316943545626886144;1714929435533828551;thxsoo7;https://twitter.com/thxsoo7/status/1714929435533828551
Thu Oct 19 09:00:12 +0000 2023;1714929427518509316;"Kami solid untuk mendukung investasi! Terima kasih Menteri Bahlil atas komitmennya dalam mengawal proyek Rempang Eco Park. @prabowo  Bahlil Kawal Investasi #HIPMIRempang https://t.co/clehjMUyYk";0;0;0;0;in;1685928614783844352;1714929427518509316;martisnalonso;https://twitter.com/martisnalonso/status/1714929427518509316
Thu Oct 19 09:00:09 +0000 2023;1714929415812251747;"Kami berdiri teguh mendukung investasi berkelanjutan! Terima kasih kepada Menteri Bahlil yang gigih mengawasi proyek Rempang Eco Park. @aniesbaswedan  Bahlil Kawal Investasi #HIPMIRempang https://t.co/N488s84w5d";0;0;0;0;in;1685928614783844352;1714929415812251747;martisnalonso;https://twitter.com/martisnalonso/status/1714929415812251747
Thu Oct 19 09:00:08 +0000 2023;1714929412414804097;"Bahlil Kawal Investasi #HIPMIRempang  HIPMI memberikan perhatian besar terhadap investasi Rempang Eco City yang terus dikawal oleh Menteri Investasi Lahadalia sejak awal hingga saat ini dan siap membantu menyukseskan investasi ini. Intinya investasi di Rempang ini menjanjikan. https://t.co/J1ribErNnC";0;0;0;0;in;91485614;1714929412414804097;beautika;https://twitter.com/beautika/status/1714929412414804097
Thu Oct 19 09:00:07 +0000 2023;1714929410019864600;"HIPMI berikan Apresiasi Menteri Bahlil Kawal Investasi Rempang Eco City, berkat pendekatan yang dilakukan secara humanis oleh warga #HIPMIRempang https://t.co/ZEhaKAYRUu";0;0;0;0;in;1489454616064315396;1714929410019864600;ilaaatag;https://twitter.com/ilaaatag/status/1714929410019864600
Thu Oct 19 09:00:07 +0000 2023;1714929408375689622;"apresiasi yg sebesar besarnya deh buat pak Bahlil Kawal Investasi untuk warga rempang #HIPMIRempang https://t.co/T9g0DGGJJW";0;0;0;0;in;1688572798791561216;1714929408375689622;Yeuhxyx;https://twitter.com/Yeuhxyx/status/1714929408375689622
Thu Oct 19 09:00:05 +0000 2023;1714929399743848492;"Dpr dukung langkah pak bahlil untuk berikan hak warga rempang yang terdapat investasi ,keren nih  Bahlil Kawal Investasi #HIPMIRempang https://t.co/MQONLvHeBX";0;0;0;0;in;1618464217857937412;1714929399743848492;FrinaPutri2;https://twitter.com/FrinaPutri2/status/1714929399743848492
Thu Oct 19 09:00:04 +0000 2023;1714929396291948812;"Perkiraan tentang masa depan Investasi Rempang sangat menjanjikan, Himpunan Pengusaha Muda Indonesia bersama Bahlil Kawal Investasi Rempang Eco City dan selalu memastikan bahwa Investasi ini akan berjalan sesuai dengan harapan #HIPMIRempang";0;0;0;0;in;1496289446383128578;1714929396291948812;frnsxociaty;https://twitter.com/frnsxociaty/status/1714929396291948812
Thu Oct 19 09:00:04 +0000 2023;1714929393972256989;"Mantap !!! Indonesia semakin melangkah, Sinergi dan kolaborasi antara Hipmi dan pemerintah @bahlillahadalia diyakini akan membawa dampak positif bagi investasi di Rempang. @detikcom Bahlil Kawal Investasi  #HIPMIRempang  https://t.co/Bmrawczw2w";0;0;0;0;in;1686235381820506113;1714929393972256989;RSuhedar20;https://twitter.com/RSuhedar20/status/1714929393972256989
Thu Oct 19 09:00:04 +0000 2023;1714929393921900586;"Hipmi apresiasi Bahlil Kawal Investasi dan bisa dekati warga rempang secara humanis #HIPMIRempang https://t.co/fKaGtWgjoC";0;0;0;0;in;1698634613181341696;1714929393921900586;cutiebyeoli;https://twitter.com/cutiebyeoli/status/1714929393921900586
Thu Oct 19 09:00:03 +0000 2023;1714929393540218893;"Bersama kita #HIPMIRempang dukung pengembangan dan pembangunan Eco-City di kawasan Rempang dan lanjutkan pendekatan Bahlil Kawal Investasi. @bahlillahadalia @luhutdam";0;0;0;1;in;1686817863213191168;1714929393540218893;thesabiani;https://twitter.com/thesabiani/status/1714929393540218893
Thu Oct 19 09:00:03 +0000 2023;1714929393498239201;"Investasi rempang akan berdampak positif terhadap laju pertumbuhan perekonomian warga rempang.  Bahlil Kawal Investasi  #HIPMIRempang";0;0;0;0;in;1686289519451271170;1714929393498239201;AyraWarda;https://twitter.com/AyraWarda/status/1714929393498239201
Thu Oct 19 09:00:03 +0000 2023;1714929393376616907;"Mantap pak Bahlil memang selalu aktif dalam selesaikan Rempang. Luar biasa dengan cara humanisnya!. prabowo @Gerindra @kompascom @corbuzier Bahlil Kawal Investasi  #HIPMIRempang https://t.co/0IVn5H1P6L";0;0;1;2;in;1685880068663554049;1714929393376616907;Jamalud_H;https://twitter.com/Jamalud_H/status/1714929393376616907
Thu Oct 19 09:00:03 +0000 2023;1714929393267532061;"#HIPMIRempang yakin dengan masa depan yang cerah dari investasi Rempang, berharap proyek ini akan memberi manfaat bagi ekonomi nasional dan daerah serta kesejahteraan masyarakat akhirnya Bahlil Kawal Investasi   https://t.co/lV841flwQT https://t.co/RlbSpUhJr2";0;0;0;0;in;1689213180357365760;1714929393267532061;vietamyp;https://twitter.com/vietamyp/status/1714929393267532061
Thu Oct 19 09:00:03 +0000 2023;1714929393171071236;"Projek Eco City akan berdampak positif utk perkembangan ekonomi Rempang  Bahlil Kawal Investasi  #HIPMIRempang";0;0;0;0;in;1319182816429576193;1714929393171071236;ousykismen;https://twitter.com/ousykismen/status/1714929393171071236
Thu Oct 19 09:00:03 +0000 2023;1714929393020084310;"Upaya Bahlil untuk memberikan hak warga Rempang didukung penuh oleh DPR  #HIPMIRempang https://t.co/zqBBekDZO5";0;0;0;0;in;1685654472855629824;1714929393020084310;SisilSusann;https://twitter.com/SisilSusann/status/1714929393020084310
Thu Oct 19 09:00:03 +0000 2023;1714929393020072110;"Saya dukung terus langkah pak Bahlil, apalagi soal berikan hak kepada warga rempang yang terdampak. prabowo @Gerindra @kompascom @corbuzier Bahlil Kawal Investasi  #HIPMIRempang https://t.co/EkdoirjPPr";0;0;0;0;in;1685877183825469440;1714929393020072110;Nurlaila_jami;https://twitter.com/Nurlaila_jami/status/1714929393020072110
Thu Oct 19 09:00:03 +0000 2023;1714929392869146641;"wih mantep Bahlil Kawal Investasi dan yakin masa depan investasi di Rempang menjanjikan #HIPMIRempang https://t.co/Gqx7FMEyUI";0;0;0;0;in;1694356821065248768;1714929392869146641;vanyadista;https://twitter.com/vanyadista/status/1714929392869146641
Thu Oct 19 09:00:03 +0000 2023;1714929392693244119;"Banyak yg ikut menyerukan mendukung Investasi @bahlillahadalia salah satunya HIPMI, HIMPI percaya pertumbuhan ekonomi &amp  penyerapan lapangan kerja akan buat Rempang maju, @detikcom  Bahlil Kawal Investasi  #HIPMIRempang https://t.co/pzTByZTeYH";0;0;0;0;in;817362465839136771;1714929392693244119;Rizkamelyaaa;https://twitter.com/Rizkamelyaaa/status/1714929392693244119
Thu Oct 19 09:00:03 +0000 2023;1714929392600649973;"Senang lihat Rempang skrng aman dan kembali kondusif, pak @bahlillahadalia menjalankan tugas dngn baik, dgn ttp memperjuangkan hak2 warga, banyk yg apresiasi &amp  mendukung hingga siap kolaborasi spt HIMPI  @detikcom  Bahlil Kawal Investasi  #HIPMIRempang https://t.co/NK0heI3vCH";0;0;0;0;in;1686219945045356544;1714929392600649973;azuhimasha90;https://twitter.com/azuhimasha90/status/1714929392600649973
Thu Oct 19 09:00:03 +0000 2023;1714929392470704311;"kegiatan yang positif untuk warga rempang dengan adanya ukm center ini Bahlil Kawal Investasi  #HIPMIRempang https://t.co/U6MHTCcw6d";0;0;0;0;in;1714118970226483200;1714929392470704311;glowdenhour;https://twitter.com/glowdenhour/status/1714929392470704311
Thu Oct 19 09:00:03 +0000 2023;1714929392416149678;"Terkait pembangunan di Pulau rempang banyak isu yang tak elok didengar namun berkat campur tangan bahlil maka di sana sudah kondusif Bahlil Kawal Investasi  #HIPMIRempang https://t.co/QI42cXj2JX";0;0;0;0;in;1685560492126003200;1714929392416149678;irwanku15;https://twitter.com/irwanku15/status/1714929392416149678
Thu Oct 19 09:00:03 +0000 2023;1714929392315695329;"Intinya masa depan investasi di Rempang ini menjanjikan, kita harus dukung langkah pak @bahlillahadalia ini, warga disanapun jg 70% sudah setuju dan bersedia relokasi, @detikcom @jokowi Bahlil Kawal Investasi  #HIPMIRempang  https://t.co/M370c9urrN";0;0;0;0;in;817362465839136771;1714929392315695329;Rizkamelyaaa;https://twitter.com/Rizkamelyaaa/status/1714929392315695329
Thu Oct 19 09:00:03 +0000 2023;1714929392273760370;"Bahlil Kawal Investasi Rempang dan #HIPMIRempang siap berkolaborasi dengan pemerintah untuk meningkatkan keterampilan warga lewat pelatihan, lanjutkeun https://t.co/zJkwMYcAlC";0;0;0;0;in;1612733764819636224;1714929392273760370;DespainDebra;https://twitter.com/DespainDebra/status/1714929392273760370
Thu Oct 19 09:00:03 +0000 2023;1714929392269533244;"Proyek strategis nasional di Rempang ini sangat penting untuk negara. Bahlil Kawal Investasi  #HIPMIRempang";0;0;0;0;in;2758402395;1714929392269533244;Lusianhah;https://twitter.com/Lusianhah/status/1714929392269533244
Thu Oct 19 09:00:03 +0000 2023;1714929392252494278;"Potensi yang dimiliki pulau Rempang sangat luar biasa. Maka dari itu, pemerintah melakukan investasi untuk menggali potensi peningkatan ekonomi.  Bahlil Kawal Investasi  #HIPMIRempang";0;0;0;0;in;1686059671399104512;1714929392252494278;dzikri_anw4r;https://twitter.com/dzikri_anw4r/status/1714929392252494278
Thu Oct 19 09:00:03 +0000 2023;1714929392235987241;"@IND0_Update @MataNajwa @Metro_TV @tvOneNews Bahlil Kawal Investasi rempang ini supaya semua nya baik baik. #HIPMIRempang";0;0;0;0;in;1698243579582570496;1714923582747533425;rifkarifana5;https://twitter.com/rifkarifana5/status/1714929392235987241
Thu Oct 19 09:00:03 +0000 2023;1714929392118608080;"Bisa dilihat keseriusan pemerintah kepada warga Rempang terlihat dari langkah konkret Menteri @bahlillahadalia yg terus melakukan pendekatan dgn cara melakukan kunjungan berulang kali ke Rempang. Menteri yg benar2 turun langsung 👍 @MataNajwa Bahlil Kawal Investasi  #HIPMIRempang https://t.co/mqo0SLfPKL";0;0;0;0;in;1685991308329140224;1714929392118608080;ony_rahmat;https://twitter.com/ony_rahmat/status/1714929392118608080
Thu Oct 19 09:00:03 +0000 2023;1714929392105967673;"Investasi Rempang bisa jadi contoh utk kedepan, Kondusifitas investasi di Indonesia yg sedang tinggi harus dijaga, karena kita juga berkompetisi dengan negara lain dalam menarik FDI, @detikcom @bahlillahadalia Bahlil Kawal Investasi  #HIPMIRempang https://t.co/nNE7PSOdYm";0;0;0;0;in;1686013756302659584;1714929392105967673;Daniswara83;https://twitter.com/Daniswara83/status/1714929392105967673
Thu Oct 19 09:00:03 +0000 2023;1714929392030232636;"Investasi Rempang yang akhirnya bisa berjalan dengan baik tentunya berkat kinerja Pak Bahlil Kawal Investasi di wilayah tersebut &amp  kondisi disanapun kini sudah jauh lebih baik, masyarakat di sekitarpun secara perlahan bersedia untuk mengikuti arahan dari pemerintah #HIPMIRempang https://t.co/HudHlltbkR";0;0;0;0;in;1645594397399203840;1714929392030232636;satrioitsme;https://twitter.com/satrioitsme/status/1714929392030232636
Thu Oct 19 09:00:03 +0000 2023;1714929392026112384;"Saat ini masyarakat Rempang sebgian sudah ada yg mengikuti intruksi pemerintah terkait projek Eco City  Bahlil Kawal Investasi  #HIPMIRempang";0;0;0;0;in;1352122233343209475;1714929392026112384;qurniyan;https://twitter.com/qurniyan/status/1714929392026112384
Thu Oct 19 09:00:03 +0000 2023;1714929392009568346;"Kita dukung HIPMI dalam melakukan pelatihan kewirausahaan untuk masyarakat Rempang. @PartaiPerindo  Bahlil Kawal Investasi  #HIPMIRempang";0;0;0;0;in;2758639912;1714929392009568346;4riphin;https://twitter.com/4riphin/status/1714929392009568346
Thu Oct 19 09:00:03 +0000 2023;1714929391883690107;"@IND0_Update @MataNajwa @Metro_TV @tvOneNews Ga perlu yang diragukan lagi kalau Bahlil Kawal Investasi rempang ini mah. #HIPMIRempang";0;0;0;0;in;1698465961978875904;1714923582747533425;mariodennyx;https://twitter.com/mariodennyx/status/1714929391883690107
Thu Oct 19 09:00:03 +0000 2023;1714929391829131287;"Pak Bahlil Kawal Investasi yang sempat tertunda di Rempang, tapi alhamdulillah #HIPMIRempang ini mendukung pergerakan beliau sampai DPR apresiasi hasil kinerjanya untuk Rempang Eco City https://t.co/WsNrRTrJnu";0;0;0;0;in;1364093243051241474;1714929391829131287;ADwaekki;https://twitter.com/ADwaekki/status/1714929391829131287
Thu Oct 19 09:00:03 +0000 2023;1714929391824716206;"Sangat patut diapresiasi Pak Bahlil Kawal Investasi Rempang #HIPMIRempang https://t.co/Rr0OK28vPB";0;0;0;0;in;1447192299759276036;1714929391824716206;cutiebyoma;https://twitter.com/cutiebyoma/status/1714929391824716206
Thu Oct 19 09:00:03 +0000 2023;1714929391799529890;"Pak Bahlil sebagai perwakilan pemerintah  berhasil menghadirkan ‘win-win solution’ antara warga Rempang dan investor.prabowo @Gerindra @kompascom @corbuzier  Bahlil Kawal Investasi #HIPMIRempang https://t.co/a3HAQcJqfT";0;0;0;0;in;1685892221969862658;1714929391799529890;wulanjumaejang;https://twitter.com/wulanjumaejang/status/1714929391799529890
Thu Oct 19 09:00:03 +0000 2023;1714929391770509552;"Bahlil Kawal Investasi Rempang Eco City sehingga DPR memberikan dukungan dan memberikan hak warga Rempang yang terdampak investasi #HIPMIRempang https://t.co/rwES5sjSmV";0;0;0;0;in;1702031138091601920;1714929391770509552;iamwin__a;https://twitter.com/iamwin__a/status/1714929391770509552
Thu Oct 19 09:00:03 +0000 2023;1714929391766049249;"@IND0_Update @MataNajwa @Metro_TV @tvOneNews #HIPMIRempang beneran membawa dampak besar untuk Pak Bahlil Kawal Investasi Rempang Eco City yang sempat tertunda sampai bisa jalan kembali";0;0;0;0;in;1620784415004573704;1714923582747533425;haesolang;https://twitter.com/haesolang/status/1714929391766049249
Thu Oct 19 09:00:03 +0000 2023;1714929391765991690;"HIMPI yakin dengan nilai investasi mencapai 381 T berpotensi menyerap tenaga kerja yg cukup signifikan serta menumbuhkan perekonomian masyarakat. Gua jg Setuju!!! Ini jalan lurus menuju pertumbuhan ekonomi di Rempang @bahlillahadalia @jokowi Bahlil Kawal Investasi  #HIPMIRempang https://t.co/mQCo87tOSc";0;0;0;0;in;1686013756302659584;1714929391765991690;Daniswara83;https://twitter.com/Daniswara83/status/1714929391765991690
Thu Oct 19 09:00:03 +0000 2023;1714929391757852879;"Berita positif lagi berkat Pak Bahlil Kawal Investasi bersama #HIPMIRempang ini menjadi lampu hijau untuk kesuksesan pulau Rempang di masa depan nanti  https://t.co/YbgDcJB6mf";0;0;0;0;in;1668799219313049600;1714929391757852879;ConanE4869_;https://twitter.com/ConanE4869_/status/1714929391757852879
Thu Oct 19 09:00:03 +0000 2023;1714929391745032318;"Bahlil Kawal Investasi di pulau rempang yang di gadang" mencapai 381 triliun. #HIPMIRempang pun akan ikut berkolaborasi dengan pemerintah dan investor. https://t.co/HRiiOgfFQe";0;0;0;0;in;918901321;1714929391745032318;forYou1506;https://twitter.com/forYou1506/status/1714929391745032318
Thu Oct 19 09:00:03 +0000 2023;1714929391677907107;"HIPMI dan pemerintah bersinergi memberikan kontribusi nyata untuk masyarakat Rempang. @bahlil Bahlil Kawal Investasi  #HIPMIRempang";0;0;0;0;in;1686059671399104512;1714929391677907107;dzikri_anw4r;https://twitter.com/dzikri_anw4r/status/1714929391677907107
Thu Oct 19 09:00:03 +0000 2023;1714929391673745711;"Masyarakat rempang yg sukarela dan ikhlas direlokasi karena mereka sadar bahwa Rempang Eco City akan membuat ekonomi warga sekitar lebih baik.  Bahlil Kawal Investasi  #HIPMIRempang";0;0;0;0;in;1686291325308784640;1714929391673745711;syahirasyafaa;https://twitter.com/syahirasyafaa/status/1714929391673745711
Thu Oct 19 09:00:03 +0000 2023;1714929391665582399;"Kita patut apresiasi atas dukungan HIPMI untuk proyek strategis nasional yang dilaksanakan di Rempang. Bahlil Kawal Investasi  #HIPMIRempang";0;0;0;0;in;2757839416;1714929391665582399;Okt4viano;https://twitter.com/Okt4viano/status/1714929391665582399
Thu Oct 19 09:00:03 +0000 2023;1714929391665356892;"Apresiasi setinggi-tingginya untuk pak @bahlillahadalia diberikan oleh HIPMI. Tidak hanya apresiasi, pembekalan serta pelatihan kewirausahaan untuk masyarakat Rempang yang terdampak. @DPR_RI  Bahlil Kawal Investasi  #HIPMIRempang https://t.co/XNvX0ErIox";0;0;0;0;in;2757839416;1714929391665356892;Okt4viano;https://twitter.com/Okt4viano/status/1714929391665356892
Thu Oct 19 09:00:03 +0000 2023;1714929391615332408;"Kita sangat optimis bahwa dengan adanya pengembangan Rempang maka akan menjadikan mesin ekonomi baru di Indonesia, dan hal itu mampu terealisasi dengan baik. Bahlil Kawal Investasi  #HIPMIRempang";0;0;0;0;in;1686291325308784640;1714929391615332408;syahirasyafaa;https://twitter.com/syahirasyafaa/status/1714929391615332408
Thu Oct 19 09:00:03 +0000 2023;1714929391611036109;"Aku sangat optimis, Rempang akan menjadi mesin ekonomi baru Indonesia juga bakal meningkatkan pertumbuhan ekonomi daerah ke depannya. @DPR_RI @bahlillahadalia  Bahlil Kawal Investasi  #HIPMIRempang https://t.co/12rMvKr8WW";0;0;0;0;in;2758728094;1714929391611036109;Dha_mayanti;https://twitter.com/Dha_mayanti/status/1714929391611036109
Thu Oct 19 09:00:03 +0000 2023;1714929391598186800;"Semua warga rempang yg ditemui menteri Bahlil memberikan dukungan agar mega proyek Rempang Eco City bisa segera dilanjutkan.  Bahlil Kawal Investasi  #HIPMIRempang";0;0;0;0;in;1686280534182563840;1714929391598186800;nursalmaaa2;https://twitter.com/nursalmaaa2/status/1714929391598186800
Thu Oct 19 09:00:03 +0000 2023;1714929391568859380;"sudah saatnya warga Pulau Rempang bersinergi dengan pemerintah dalam mendukung pertumbuhan ekonomi. @bahlillahadalia @CNNIndonesia  Bahlil Kawal Investasi  #HIPMIRempang https://t.co/FfGwWTGY3y";0;0;0;0;in;2757839416;1714929391568859380;Okt4viano;https://twitter.com/Okt4viano/status/1714929391568859380
Thu Oct 19 09:00:03 +0000 2023;1714929391556505810;"Patut diapresiasi Bentuk keseriusan HIPMI dalam mendukung pembangunan di pulau Rempang. @PKSejahtera  Bahlil Kawal Investasi  #HIPMIRempang";0;0;0;0;in;2758639912;1714929391556505810;4riphin;https://twitter.com/4riphin/status/1714929391556505810
Thu Oct 19 09:00:03 +0000 2023;1714929391556313543;"Warga Rempang yg kena dampak utk tdk khawatir dgn kompensasi yang diberikan pemerintah, pak @bahlillahadalia berikan perhatian serius warga Rempang sesuai tertuang dlm Perpres soal ganti rugi hak warga Rempang yg terkena dampak investasi Bahlil Kawal Investasi  #HIPMIRempang https://t.co/XPoA0HVkns";0;0;0;0;in;1686039048140562432;1714929391556313543;jamilefebriani;https://twitter.com/jamilefebriani/status/1714929391556313543
Thu Oct 19 09:00:03 +0000 2023;1714929391472705865;"Hipmi sampai apresiasi pak Bahlil karena keaktifan beliau dalam dekati warga rempang secara humanis. prabowo @Gerindra @kompascom @corbuzier Bahlil Kawal Investasi  #HIPMIRempang https://t.co/TKUWzRMsHJ";0;0;5;4;in;1685892221969862658;1714929391472705865;wulanjumaejang;https://twitter.com/wulanjumaejang/status/1714929391472705865
Thu Oct 19 09:00:03 +0000 2023;1714929391472451763;"Menteri Bahlil menegaskan bahwa beliau mendukung penuh agar segala proses penanganan yang dilakukan dalam kasus Rempang ini agar bisa dilaksanakan dengan cara tanpa kekerasan sedikit pun. Bahlil Kawal Investasi  #HIPMIRempang";0;0;0;0;in;1686246359433891840;1714929391472451763;RayaaaSafira;https://twitter.com/RayaaaSafira/status/1714929391472451763
Thu Oct 19 09:00:03 +0000 2023;1714929391434875283;"ooohh ternyata HIPMI yakin dan dukung kalo inves proyek Rempang Eco Park nih bakal positif buat perekononian nasional.. bagus juga nih #HIPMIRempang https://t.co/mofjhc0j1B";0;0;0;0;in;1699984595012419584;1714929391434875283;adambimana;https://twitter.com/adambimana/status/1714929391434875283
Thu Oct 19 09:00:03 +0000 2023;1714929391430697296;"Jelas bahwa dengan pelaksanaan pengembangan Kawasan Rempang akan disertai dengan penciptaan banyaknya lapangan pekerjaan, yang mana menjadikan masyarakat sekitar memiliki pendapatan yang meningkat. Bahlil Kawal Investasi  #HIPMIRempang";0;0;0;0;in;1686281581219176448;1714929391430697296;saarahmaghfirah;https://twitter.com/saarahmaghfirah/status/1714929391430697296
Thu Oct 19 09:00:03 +0000 2023;1714929391376216171;"Menteri Bahlil Kawal Investasi Proyek Rempang Eco Park #HIPMIRempang https://t.co/ugeDgi3hUi";0;0;0;0;in;1251780695090847744;1714929391376216171;pataragf;https://twitter.com/pataragf/status/1714929391376216171
Thu Oct 19 09:00:03 +0000 2023;1714929391351066745;"Dalam hal ini HIMPI siap mendukung pemerintah demi kemajuan ekonomi Rempang   Bahlil Kawal Investasi  #HIPMIRempang";0;0;0;0;in;1686331146207150080;1714929391351066745;Aryadik70367839;https://twitter.com/Aryadik70367839/status/1714929391351066745
Thu Oct 19 09:00:03 +0000 2023;1714929391287898412;"ada beberapa biaya yang akan diberikan pemerintah untuk warga Rempang terdampak. Bahlil Kawal Investasi  #HIPMIRempang";0;0;0;0;in;1685889205921263617;1714929391287898412;Aisyah_juma;https://twitter.com/Aisyah_juma/status/1714929391287898412
Thu Oct 19 09:00:03 +0000 2023;1714929391254307157;"Kami yakin Bahlil Kawal Investasi #HIPMIRempang akan sukses, memberi berkah bagi ekonomi nasional, daerah, dan kesejahteraan masyarakat sekitar. Masa depan cerah di Rempang https://t.co/MAx8hgczLB";0;0;0;0;in;1572917104986427392;1714929391254307157;yang40752422;https://twitter.com/yang40752422/status/1714929391254307157
Thu Oct 19 09:00:03 +0000 2023;1714929391187161102;"Pak Bahlil Kawal Investasi di rempang #HIPMIRempang https://t.co/QYX0UOC7Ds";0;0;0;0;in;1633691007366868992;1714929391187161102;HanaAul73128989;https://twitter.com/HanaAul73128989/status/1714929391187161102
Thu Oct 19 09:00:03 +0000 2023;1714929391174635684;"Kita harus berterima kasih kepada menteri Bahlil yg berhasil meyakinkan warga rempang bahwa investasi Rempang Eco City akan berdampak positif terhadap ekonomi warga setempat.  Bahlil Kawal Investasi  #HIPMIRempang";0;0;0;0;in;1686246359433891840;1714929391174635684;RayaaaSafira;https://twitter.com/RayaaaSafira/status/1714929391174635684
Thu Oct 19 09:00:03 +0000 2023;1714929391082369237;"Berupaya memberikan layanan terbaik bagi pertumbuhan indonesia dalam jangka panjang. DPR Dukung Upaya Bahlil Berikan Hak Warga Terdampak Proyek Rempang Eco City  https://t.co/WIcUQ3lKPz Bahlil Kawal Investasi  #HIPMIRempang";0;0;0;0;in;1685639903282163712;1714929391082369237;lalasifaa;https://twitter.com/lalasifaa/status/1714929391082369237
Thu Oct 19 09:00:03 +0000 2023;1714929391011061902;"warga rempang mendapat pelatihan ketrampilan dengan agar nantinya bisa bekerja pada proyek investasi ini merupakan salah satu solusi yang dihadirkan. Bahlil Kawal Investasi #HIPMIRempang https://t.co/euud3Ihrc2";0;0;0;0;in;45344238;1714929391011061902;bisamenangdong;https://twitter.com/bisamenangdong/status/1714929391011061902
Thu Oct 19 09:00:03 +0000 2023;1714929390939681144;"Banyak pelatihan yang diberikan pemerintah melalui BP Batam untuk menambah keterampilan masyarakat Rempang. @Official_MNCTV @PartaiSocmed  Bahlil Kawal Investasi  #HIPMIRempang https://t.co/ESuZNwTDO6";0;0;0;0;in;2757839416;1714929390939681144;Okt4viano;https://twitter.com/Okt4viano/status/1714929390939681144
Thu Oct 19 09:00:03 +0000 2023;1714929390935748668;"Ga hanya Himpi yg berterima kasih dn ucapkan apresiasi, saya sbg masyarakat jg demikian, investasi ini baik utk masa depan Rempang utk bisa punya daya saing spt kota2 besar dinegara tetangga @bahlillahadalia @detikcom Bahlil Kawal Investasi  #HIPMIRempang https://t.co/ZDEGHe13SN";0;0;0;0;in;1685991308329140224;1714929390935748668;ony_rahmat;https://twitter.com/ony_rahmat/status/1714929390935748668
Thu Oct 19 09:00:03 +0000 2023;1714929390835175598;"Banyak pihak berharap bahwa Investasi Rempang akan berjalan sesuai harapan, agar masyarakat Rempang bisa meningkatkan perekonomian mereka Bahlil Kawal Investasi  #HIPMIRempang https://t.co/lQeCk3Yzt1";0;0;0;1;in;1558375078278025217;1714929390835175598;JagaragaFirman1;https://twitter.com/JagaragaFirman1/status/1714929390835175598
Thu Oct 19 09:00:03 +0000 2023;1714929390730273270;"Pak Bahlil Kawal Investasi dan memberikan dampak positif bagi investasi di Rempang. #HIPMIRempang https://t.co/gBtoiUz57N";0;0;0;0;in;1635815575602728961;1714929390730273270;bakpiyu;https://twitter.com/bakpiyu/status/1714929390730273270
Thu Oct 19 09:00:03 +0000 2023;1714929390659010874;"Investasi yang di Bahlil Kawal ini sudah berjalan dengan sangat baik dan menghadirkan win-win solution antara warga di rempang dengan investornya #HIPMIRempang https://t.co/isvhgkb9xx";0;0;0;0;in;1692563067522203648;1714929390659010874;AgsDinda;https://twitter.com/AgsDinda/status/1714929390659010874
Thu Oct 19 09:00:03 +0000 2023;1714929390658949180;"@IND0_Update @MataNajwa @Metro_TV @tvOneNews Bahlil Kawal Investasi rempang eco city, #HIPMIRempang pastikan kesejahteraan rakyat meningkat";0;0;0;0;in;1629086658196029440;1714923582747533425;titiacitoy;https://twitter.com/titiacitoy/status/1714929390658949180
Thu Oct 19 09:00:03 +0000 2023;1714929390604161115;"Bahlil Kawal Investasi, berikan hak warga rempang yang terdampak investasi #HIPMIRempang https://t.co/zY178cwjgV";0;0;0;0;in;2473850421;1714929390604161115;ViviCidev;https://twitter.com/ViviCidev/status/1714929390604161115
Thu Oct 19 09:00:03 +0000 2023;1714929390541472085;"Slalu dukung Bahlil Kawal Investasi untuk terus  membangun Rempang eco city #HIPMIRempang https://t.co/GfO5Cg7uQl";0;0;0;0;in;1670744599827222528;1714929390541472085;danica_alasya;https://twitter.com/danica_alasya/status/1714929390541472085
Thu Oct 19 09:00:03 +0000 2023;1714929390537048369;"Pemerintah merancang pelatihan untuk warga lokal agar dapat meningkatkan keterampilan yang ada pada diri setiap warga Rempang  Bahlil Kawal Investasi #HIPMIRempang https://t.co/2oFClYtMu0";0;0;0;0;in;2758516505;1714929390537048369;denyuuut;https://twitter.com/denyuuut/status/1714929390537048369
Thu Oct 19 09:00:03 +0000 2023;1714929390503530817;"Bahlil Kawal Investasi yang ada di rempang adalah suatu langkah yang sangat tepat banget.  #HIPMIRempang https://t.co/hsiQdni7Zq";0;0;0;0;in;1698194460247830528;1714929390503530817;Dindaxx26;https://twitter.com/Dindaxx26/status/1714929390503530817
Thu Oct 19 09:00:03 +0000 2023;1714929390499643433;"Untuk memperkuat perekonomian dan mendukung Rempang Eco City, HIPMI siap berkolaborasi dengan Pak Bahlil mengawal investasi disana.  #HIPMIRempang https://t.co/5qTDDjdD90";0;0;0;1;in;1647078933362507777;1714929390499643433;5ky_licious;https://twitter.com/5ky_licious/status/1714929390499643433
Thu Oct 19 09:00:03 +0000 2023;1714929390465790091;"Dalam hal ini banyak yang mendukung bahwa Rempang Eco City adalah Investasi terbaik untuk masa depan Bahlil Kawal Investasi  #HIPMIRempang  https://t.co/VeTkBY9ycS";0;0;0;1;in;1558375078278025217;1714929390465790091;JagaragaFirman1;https://twitter.com/JagaragaFirman1/status/1714929390465790091
Thu Oct 19 09:00:03 +0000 2023;1714929390297968962;"Warga di Pulau Rempang akan mendapatkan ganti rugi yang sangat adil dan sesuai sebagaimana aset yang mereka miliki selama ini. Bahlil Kawal Investasi  #HIPMIRempang";0;0;0;0;in;1686246359433891840;1714929390297968962;RayaaaSafira;https://twitter.com/RayaaaSafira/status/1714929390297968962
Thu Oct 19 09:00:03 +0000 2023;1714929390243684522;"HIPMI siap memberikan pelatihan kewirausahaan bagi masyarakat terdampak untuk meningkatkan kesejahteraan ekonomi masyarakat Rempang. @prabowo @PDemokrat  Bahlil Kawal Investasi  #HIPMIRempang https://t.co/dbOvV6IT7V";0;0;0;0;in;1686059671399104512;1714929390243684522;dzikri_anw4r;https://twitter.com/dzikri_anw4r/status/1714929390243684522
Thu Oct 19 09:00:03 +0000 2023;1714929390235128146;"himpunan pengusaha muda indonesia atau sering disebut HIPMI mendukung penuh proyek rempang eco city, semangat Pak Bahlil Kawal Investasi  #HIPMIRempang https://t.co/FnCTvF1kMb";0;0;0;0;in;1299131432099442689;1714929390235128146;rinsoomolto;https://twitter.com/rinsoomolto/status/1714929390235128146
Thu Oct 19 09:00:03 +0000 2023;1714929390231183391;"HIPMI mendukung penuh serta akan berperan memberikan kontribusi dengan mengadakan pelatihan kewirausahaan untuk masyarakat Rempang. @NasDem @aniesbaswedan  Bahlil Kawal Investasi  #HIPMIRempang https://t.co/JTzdxEoQUK";0;0;0;0;in;1686059671399104512;1714929390231183391;dzikri_anw4r;https://twitter.com/dzikri_anw4r/status/1714929390231183391
Thu Oct 19 09:00:03 +0000 2023;1714929390222496255;"Dengan adanya hal ini bisa memberi dampak ekonomi yg positif bagi warga Rempang  @bahli  Bahlil Kawal Investasi  #HIPMIRempang https://t.co/r8y2kRc1H8";0;0;0;0;in;1352122233343209475;1714929390222496255;qurniyan;https://twitter.com/qurniyan/status/1714929390222496255
Thu Oct 19 09:00:03 +0000 2023;1714929390189150441;"HIMPI dukung Eco City di Rempang pastikan ekonomi tumbuh dengan pesat  @bahlillahadalia  Bahlil Kawal Investasi  #HIPMIRempang  https://t.co/fyqFIB43Hr";0;0;0;0;in;1313709409424424960;1714929390189150441;ahmaditele;https://twitter.com/ahmaditele/status/1714929390189150441
Thu Oct 19 09:00:03 +0000 2023;1714929390180511951;"Tentunya dalam Bahlil Kawal Investasi ini hak-hak masyarakat Rempang harus terpenuhi agar perekonomian bisa tetap tumbuh   #HIPMIRempang  https://t.co/fHQkuiLaXr";0;0;0;0;in;1558377803460284418;1714929390180511951;bahagianye;https://twitter.com/bahagianye/status/1714929390180511951
Thu Oct 19 09:00:03 +0000 2023;1714929390172148060;"Keren loh sampai DPR aja dukung aksi menteri Bahlil dalam hal Kawal Investasi rempang eco park  #HIPMIRempang https://t.co/QngGRiOIfY";0;0;0;0;in;1607748358185316355;1714929390172148060;xo123xoa;https://twitter.com/xo123xoa/status/1714929390172148060
Thu Oct 19 09:00:03 +0000 2023;1714929390146965789;"good news banget ternyata Menteri Bahlil sedang Kawal Investasi Rempang Eco city. Semoga kedepannya makin lancar yaah untuk membantu rakyat #HIPMIRempang https://t.co/XIbaQAXvWD";0;0;0;0;in;1699998850252206080;1714929390146965789;jejefawzi;https://twitter.com/jejefawzi/status/1714929390146965789
Thu Oct 19 09:00:03 +0000 2023;1714929390101123224;"Keren banget pak Bahlil Kawal Investasi Rempang #HIPMIRempang https://t.co/ZkE3WHugxS";0;0;0;0;in;1662670404983586816;1714929390101123224;aufajinan25;https://twitter.com/aufajinan25/status/1714929390101123224
Thu Oct 19 09:00:03 +0000 2023;1714929389962412223;"Bahlil Kawal Investasi #HIPMIRempang DPR dukung langkah beliau berikan hak warga Rempang yan terdampak investasi https://t.co/Fn6Eaxk1Wr";0;0;0;0;in;1356223836;1714929389962412223;nandaekautari;https://twitter.com/nandaekautari/status/1714929389962412223
Thu Oct 19 09:00:02 +0000 2023;1714929389610090561;"Karena kesejahteraan masyarakat Rempang adalah utama. Maka dari itu pengembangan potensi ekonomi masyarakat Rempang diutamakan. @bahlillahadalia @Official_MNCTV  Bahlil Kawal Investasi  #HIPMIRempang https://t.co/a9cdt3RK6H";0;0;0;0;in;2758639912;1714929389610090561;4riphin;https://twitter.com/4riphin/status/1714929389610090561
Thu Oct 19 09:00:02 +0000 2023;1714929389580824716;"Bahlil Kawal Investasi rempang ini dapat apresiasi dari banyak pihak, mantap bener ini langkah bagus.  #HIPMIRempang https://t.co/7ExvUqbzmu";0;0;0;1;in;1699074036700229632;1714929389580824716;anurita107;https://twitter.com/anurita107/status/1714929389580824716
Thu Oct 19 09:00:02 +0000 2023;1714929389526303009;"Langkah tepat yang diambil oleh Bahlil Kawal Investasi rempang ini, supaya cepat selesai dan warga bisa menikmati nya. #HIPMIRempang https://t.co/n156vuShC8";0;0;0;0;in;1699072681864536064;1714929389526303009;Jorstexx;https://twitter.com/Jorstexx/status/1714929389526303009
Thu Oct 19 09:00:02 +0000 2023;1714929389417189830;"Bahlil selaku menteri investasi sangat mendorong percepatan pembangunan di pulau rempang Bahlil Kawal Investasi  #HIPMIRempang";0;0;0;0;in;1686337552993886208;1714929389417189830;LestiRapuh59;https://twitter.com/LestiRapuh59/status/1714929389417189830
Thu Oct 19 09:00:02 +0000 2023;1714929389345841509;"Dampak dari Pak Bahlil Kawal Investasi bersama #HIPMIRempang ini bikin warga Rempang aman dalam melakukan usaha mereka disana. Bahkan HIPMI apresiasi kerja beliau https://t.co/9Rf41QHico";0;0;0;0;in;1668658393261944832;1714929389345841509;vvy9154;https://twitter.com/vvy9154/status/1714929389345841509
Thu Oct 19 09:00:02 +0000 2023;1714929389337481635;"langkah Bahlil Kawal Investasi di rempang eco city ini tentunya akan membawa dampak besar khusus pertumbuhan ekonomi masyarakat sekitar #HIPMIRempang https://t.co/GHl57OXHti";0;0;0;0;in;1539866508540932098;1714929389337481635;tiscoleonexx;https://twitter.com/tiscoleonexx/status/1714929389337481635
Thu Oct 19 09:00:02 +0000 2023;1714929389325144208;"Bentuk keseriusan HIPMI dalam mendukung pembangunan proyek strategis nasional di Rempang adalah dengan memberikan pelatihan kewirausahaan untuk masyarakat Rempang. @DPR_RI @PartaiSocmed  Bahlil Kawal Investasi  #HIPMIRempang https://t.co/F3U7UCAHmm";0;0;0;0;in;2758639912;1714929389325144208;4riphin;https://twitter.com/4riphin/status/1714929389325144208
Thu Oct 19 09:00:02 +0000 2023;1714929389249728720;"Bahlil Kawal Investasi di Rempang. Sekarang beliau memperkuat keterampilan para warga di sana #HIPMIRempang https://t.co/7GfXkRkCrp";0;0;0;0;in;1667301724296736768;1714929389249728720;saputradani6789;https://twitter.com/saputradani6789/status/1714929389249728720
Thu Oct 19 09:00:02 +0000 2023;1714929389236781368;"menteri Bahlil Kawal Investasi proyek rempang eco park patut diacungi jempol lantaran konsisten #HIPMIRempang https://t.co/TbQfY50SkY";0;0;0;0;in;1564559757775478785;1714929389236781368;bigwinmOx;https://twitter.com/bigwinmOx/status/1714929389236781368
Thu Oct 19 09:00:02 +0000 2023;1714929389220335731;"Warga rempang sendiri berkemungkinan untuk mendapatkan pendapatan yang meningkat jika proyek Rempang Eco City terlaksana.  Bahlil Kawal Investasi  #HIPMIRempang";0;0;0;0;in;1686280534182563840;1714929389220335731;nursalmaaa2;https://twitter.com/nursalmaaa2/status/1714929389220335731
Thu Oct 19 09:00:02 +0000 2023;1714929389207507417;"HIPMI apresiasi proaktif menteri Bahlil dalam prosesnya meyakinkan warga Rempang untuk mendukung pembangunan  Rempang Eco-City dengan pendekatan secara humanis.  Bahlil Kawal Investasi  #HIPMIRempang https://t.co/KXgwPBx4HC";0;0;0;0;in;1194885365993050112;1714929389207507417;changsub92;https://twitter.com/changsub92/status/1714929389207507417
Thu Oct 19 09:00:02 +0000 2023;1714929389119340678;"Karena kosistensi yg di bangun Bahlil terhadap Rakyat Rempang memberi dampak yg baik utk projek Eco City  Bahlil Kawal Investasi  #HIPMIRempang";0;0;0;0;in;1302829819885883394;1714929389119340678;bayanganmeu;https://twitter.com/bayanganmeu/status/1714929389119340678
Thu Oct 19 09:00:02 +0000 2023;1714929389001961557;"Bahlil Kawal Investasi di pulau rempang, tidak hanya itu #HIPMIRempang siap berkolaborasi dengan pemerintah untuk memberikan pelatihan kewirausahaan bagi warga terdampak. https://t.co/npfqgkKu96";0;0;0;0;in;1702772970719240192;1714929389001961557;Slowlife07_;https://twitter.com/Slowlife07_/status/1714929389001961557
Thu Oct 19 09:00:02 +0000 2023;1714929388926681282;"investasi Rempang ini akan berjalan sesuai harapan, berdampak positif bagi perekonomian nasional dan daerah, serta bisa membawa kesejahteraan bagi masyarakat sekitar. Bahlil Kawal Investasi  #HIPMIRempang";0;0;0;0;in;1685877183825469440;1714929388926681282;Nurlaila_jami;https://twitter.com/Nurlaila_jami/status/1714929388926681282
Thu Oct 19 09:00:02 +0000 2023;1714929388905705792;"Bahlil Kawal Investasi pulau rempang, pak bahlil pun akan memberikan hak warga rempang yang terkena dampak, seperti uang tunggu dan uang sewa rumah yang masing" 1,2juta perorang dan 1,2juta untuk sewa rumah perkepala keluarga. #HIPMIRempang https://t.co/SVt566VHJw";0;0;0;0;in;1702346241747918848;1714929388905705792;Pikaachu94_;https://twitter.com/Pikaachu94_/status/1714929388905705792
Thu Oct 19 09:00:02 +0000 2023;1714929388867997870;"Bener bngt sih, dari awal gua sngt dukung Rempang eco city @bahlillahadalia ini, Nilai investasinya mencapai 381 T dengan potensi penyerapan tenaga kerja. Insyaallah Ini sangat bermanfaat bagi pertumbuhan ekonomi kita @detikcom Bahlil Kawal Investasi  #HIPMIRempang https://t.co/5aZ0CNtEau";0;0;0;0;in;1686013756302659584;1714929388867997870;Daniswara83;https://twitter.com/Daniswara83/status/1714929388867997870
Thu Oct 19 09:00:02 +0000 2023;1714929388846981571;"#HIPMIRempang berkomitmen untuk berkolaborasi dengan pemerintah dalam meningkatkan keterampilan penduduk Rempang melalui pelatihan, menawarkan lebih banyak peluang kerja didukung dengan Bahlil Kawal Investasi  #HIPMIRempang  https://t.co/SfRPKiOuHJ https://t.co/ttjUWohJCm";0;0;0;0;in;1697484617127972864;1714929388846981571;machiaffo;https://twitter.com/machiaffo/status/1714929388846981571
Thu Oct 19 09:00:02 +0000 2023;1714929388842819883;"Bahlil Kawal Investasi agar berjalan dengan baik serta menyiapkan ukm center nantinya untuk warga rempang #HIPMIRempang https://t.co/QxJFzFuaKv";0;0;0;0;in;1616370414162448384;1714929388842819883;wannbeyourgfjar;https://twitter.com/wannbeyourgfjar/status/1714929388842819883
Thu Oct 19 09:00:02 +0000 2023;1714929388830294520;"Menteri @bahlillahadalia jg konsisten memperjuangkan warga dilibatkan sbg subjek pembangunan dalam investasi Rempang, sejalan dengan regulasi yang ada bahwa investor harus merangkul UMKM dan menyerap tenaga kerja lokal. TOP!! @kumparan Bahlil Kawal Investasi  #HIPMIRempang https://t.co/RIu8H154Oo";0;0;0;0;in;1299743857484075010;1714929388830294520;mikel_sirait;https://twitter.com/mikel_sirait/status/1714929388830294520
Thu Oct 19 09:00:02 +0000 2023;1714929388825772301;"Bahlil Kawal Investasi rempang dapat apreasi yang bagus banget dari hipmi, maju terus pakkkk #HIPMIRempang https://t.co/rRRgPDgz8E";0;0;0;0;in;1698550892382052352;1714929388825772301;laylamiya886;https://twitter.com/laylamiya886/status/1714929388825772301
Thu Oct 19 09:00:02 +0000 2023;1714929388750585989;"Kita apresiasi menteri Bahlil yg terus memilih pendekatan humanis, persuasif, merangkul dan mengayomi masyarakat rempang.  Bahlil Kawal Investasi  #HIPMIRempang";0;0;0;0;in;1686246359433891840;1714929388750585989;RayaaaSafira;https://twitter.com/RayaaaSafira/status/1714929388750585989
Thu Oct 19 09:00:02 +0000 2023;1714929388679315513;"HIPMI sudah dukung penuh untuk Rempang, apalagi Pak Bahlil Kawal Investasi dengan #HIPMIRempang demi masa depan rakyat Rempang di pulaunya itu selalu bikin kagum   https://t.co/S2I5uiVack";0;0;0;0;in;1656934222144368640;1714929388679315513;CPhantom99;https://twitter.com/CPhantom99/status/1714929388679315513
Thu Oct 19 09:00:02 +0000 2023;1714929388658307496;"Bukan hanya sekedar dukungan pada investasi yang dijalankan, tapi Bahlil Kawal Investasi dan merangkul, meyakinkan warga, dan mengusahakan yang terbaik agar warga Rempang mendapat hak mereka #HIPMIRempang https://t.co/zjtTWERXoH";0;0;0;0;in;1582310645386850305;1714929388658307496;aureliaptria;https://twitter.com/aureliaptria/status/1714929388658307496
Thu Oct 19 09:00:02 +0000 2023;1714929388591161766;"Adanya proyek Rempang Eco City itu juga akan semakin membuka lapangan pekerjaan batu untuk seluruh masyarakat di Kepulauan Riau, utamanya adalah masyarakat di sekitaran kawasan industri itu. Bahlil Kawal Investasi  #HIPMIRempang";0;0;0;0;in;1686291325308784640;1714929388591161766;syahirasyafaa;https://twitter.com/syahirasyafaa/status/1714929388591161766
Thu Oct 19 09:00:02 +0000 2023;1714929388393767396;"Pak Bahlil  konsisten dalam memperjuangkan warga dilibatkan sebagai subjek pembangunan dalam investasi Rempang. prabowo @Gerindra @kompascom @corbuzier Bahlil Kawal Investasi  #HIPMIRempang https://t.co/QADIHy8rhJ";0;0;0;0;in;1685882143136952320;1714929388393767396;Hidayat_syar;https://twitter.com/Hidayat_syar/status/1714929388393767396
Thu Oct 19 09:00:02 +0000 2023;1714929388368941266;"Pendekatan yang humanis dalam penanganan investasi Rempang banyak pihak yang mengapresiasi pak Bahlil Kawal Investasi  #HIPMIRempang https://t.co/e1gP2uOnDe";0;0;0;0;in;1558377803460284418;1714929388368941266;bahagianye;https://twitter.com/bahagianye/status/1714929388368941266
Thu Oct 19 09:00:02 +0000 2023;1714929388360274131;"Rempang Eco City akan meningkatkan adanya pertumbuhan perekonomian di daerah ke depannya.  Bahlil Kawal Investasi  #HIPMIRempang";0;0;0;0;in;1686281581219176448;1714929388360274131;saarahmaghfirah;https://twitter.com/saarahmaghfirah/status/1714929388360274131
Thu Oct 19 09:00:02 +0000 2023;1714929388318327137;"Bahlil Kawal Investasi ,smoga hak hak smua warga Rempang terpenuhi  #HIPMIRempang https://t.co/ytQ1hV5twT";0;0;0;0;in;1669362231287623688;1714929388318327137;hany_fanny;https://twitter.com/hany_fanny/status/1714929388318327137
Thu Oct 19 09:00:02 +0000 2023;1714929388309909849;"Sampai saat ini sedikit demi sedikit masyarakat Rempang sudah mengikuti untruksi pemerintah   Bahlil Kawal Investasi  #HIPMIRempang";0;0;0;0;in;1302829819885883394;1714929388309909849;bayanganmeu;https://twitter.com/bayanganmeu/status/1714929388309909849
Thu Oct 19 09:00:02 +0000 2023;1714929388305694864;"program kolaborasi  Hipmi dan pemerintah dalam membuat ukm center untuk warga rempang pasti akan berdampak positif Bahlil Kawal Investasi  #HIPMIRempang https://t.co/zNJBaYbDFM";0;0;0;0;in;1678637971891957760;1714929388305694864;rinvoure;https://twitter.com/rinvoure/status/1714929388305694864
Thu Oct 19 09:00:02 +0000 2023;1714929388272136409;"Ke depan kawasan Rempang menjadikan Indonesia memiliki daya saing yang tinggi di kawasan Asia Tenggara.  Bahlil Kawal Investasi  #HIPMIRempang";0;0;0;0;in;1686289519451271170;1714929388272136409;AyraWarda;https://twitter.com/AyraWarda/status/1714929388272136409
Thu Oct 19 09:00:02 +0000 2023;1714929388267962556;"Pak Bahlil Kawal Investasi dan dekati warga Rempang secara humanis #HIPMIRempang https://t.co/8FxMfJA6oC";0;0;0;0;in;1316278507;1714929388267962556;AmamiRie;https://twitter.com/AmamiRie/status/1714929388267962556
Thu Oct 19 09:00:02 +0000 2023;1714929388234375218;"Demi keamanan dan kenyamanan di pulau rempang bahlil selaku menteri investasi terjun langsung ke lapangan untuk memastikan jalannya proyek di pulau rempang Rempang Aman  #DukungBahlil";0;0;0;0;in;1686339392892534784;1714929388234375218;raturahayu29;https://twitter.com/raturahayu29/status/1714929388234375218
Thu Oct 19 09:00:02 +0000 2023;1714929388205318542;"@IND0_Update @MataNajwa @Metro_TV @tvOneNews Bahlil Kawal Investasi ini emang bagus banget sih apalagi buat warga rempang kedepan nya. #HIPMIRempang";0;0;0;0;in;1699023800145420288;1714923582747533425;Dodtomx;https://twitter.com/Dodtomx/status/1714929388205318542
Thu Oct 19 09:00:02 +0000 2023;1714929388180119644;"Ga hanya Himpi yg berterima kasih dn ucapkan apresiasi, saya sbg masyarakat jg demikian, investasi ini baik utk masa depan Rempang utk bisa punya daya saing spt kota2 besar dinegara tetangga @bahlillahadalia @detikcom Bahlil Kawal Investasi  #HIPMIRempang https://t.co/exJjIpH6t5";0;0;0;0;in;1299730025143349248;1714929388180119644;YantiFebriii;https://twitter.com/YantiFebriii/status/1714929388180119644
Thu Oct 19 09:00:02 +0000 2023;1714929388171726885;"Langkah yg tepat Bahlil Kawal Investasi Rempang dengan memberikan dampak yg baik bagi warga sekitar Rempang #HIPMIRempang https://t.co/GCLAhoJYsH";0;0;0;0;in;1531991662196846593;1714929388171726885;shopilifeid;https://twitter.com/shopilifeid/status/1714929388171726885
Thu Oct 19 09:00:02 +0000 2023;1714929388142358916;"Keputusan Jokowi Utus Bahlil Tangani Masalah di Pulau Rempang Didukung Kalangan Pakar Bahlil Kawal Investasi  #HIPMIRempang";0;0;0;0;in;1685630497492508673;1714929388142358916;riniiandrianaa;https://twitter.com/riniiandrianaa/status/1714929388142358916
Thu Oct 19 09:00:02 +0000 2023;1714929387944996931;"Investasi yang Bahlil Kawal ini sangat berdampak positif bagi perekonomian di rempang #HIPMIRempang https://t.co/UzBP6fuLUT";0;0;0;0;in;1694132613618003968;1714929387944996931;Marsellani34;https://twitter.com/Marsellani34/status/1714929387944996931
Thu Oct 19 09:00:02 +0000 2023;1714929387941089329;"Proyek strategis nasional banyak manfaat yang akan dirasakan oleh Indonesia, khususnya warga Rempang. @tvOneNews @Gerindra  @golkar Bahlil Kawal Investasi  #HIPMIRempang https://t.co/ntIP1YUJc5";0;0;0;0;in;1686059671399104512;1714929387941089329;dzikri_anw4r;https://twitter.com/dzikri_anw4r/status/1714929387941089329
Thu Oct 19 09:00:02 +0000 2023;1714929387932717433;"Berkat bahlil pulau rempang saat ini kondisinya sudah tertib aman dan terkendali Bahlil Kawal Investasi  #HIPMIRempang";0;0;0;0;in;1686337552993886208;1714929387932717433;LestiRapuh59;https://twitter.com/LestiRapuh59/status/1714929387932717433
Thu Oct 19 09:00:02 +0000 2023;1714929387785666626;"Sinergi dan kolaborasi antara Hipmi dan pemerintah saya yakin akan membawa dampak positif bagi investasi di Rempang. Bahlil Kawal Investasi  #HIPMIRempang";0;0;0;0;in;1685882143136952320;1714929387785666626;Hidayat_syar;https://twitter.com/Hidayat_syar/status/1714929387785666626
Thu Oct 19 09:00:02 +0000 2023;1714929387781722226;"Komitmen Bahlil Kawal Investasi diharapkan akan membawa keberkahan dalam perekonomian masyarakat Rempang dan pemerintah memastikan bahwa hak-hak masyarakat terpenuhi #HIPMIRempang https://t.co/7lMXdy7skZ";0;0;0;0;in;1573849165422940160;1714929387781722226;zonaakbary;https://twitter.com/zonaakbary/status/1714929387781722226
Thu Oct 19 09:00:02 +0000 2023;1714929387735293983;"Setuju bgt sih sama HIPMI yg mendukung penuh proyek Rempang Eco City, bersama2 bersinergi dengan pemerintah dalam mendukung pertumbuhan ekonomi  Bahlil Kawal Investasi #HIPMIRempang https://t.co/VLF7Zj0cca";0;0;0;0;in;1538578413216497664;1714929387735293983;bukantapasha;https://twitter.com/bukantapasha/status/1714929387735293983
Thu Oct 19 09:00:02 +0000 2023;1714929387710074945;"Bahlil Kawal Investasi rembang Eko city dipastikan berjalan baik dan positif #HIPMIRempang https://t.co/07TqWWm3IA";0;0;0;0;in;1698537025623003136;1714929387710074945;nurulnazmi507;https://twitter.com/nurulnazmi507/status/1714929387710074945
Thu Oct 19 09:00:02 +0000 2023;1714929387613913248;"Win-win solution yang diutarakan bukan hanya sekedar janji belaka, tapi nyatanya Bahlil Kawal Investasi dan bantu berikan hak warga Rempang yang terkena dampaknya #HIPMIRempang https://t.co/lhcCPkRoMs";0;0;0;0;in;167617538;1714929387613913248;kannakinni;https://twitter.com/kannakinni/status/1714929387613913248
Thu Oct 19 09:00:02 +0000 2023;1714929387613696386;"Menteri @bahlillahadalia jg konsisten memperjuangkan warga dilibatkan sbg subjek pembangunan dalam investasi Rempang, sejalan dengan regulasi yang ada bahwa investor harus merangkul UMKM dan menyerap tenaga kerja lokal. TOP!! @kumparan Bahlil Kawal Investasi  #HIPMIRempang https://t.co/AcKKayQcoi";0;0;0;0;in;1686207555171946497;1714929387613696386;sintajejee;https://twitter.com/sintajejee/status/1714929387613696386
Thu Oct 19 09:00:02 +0000 2023;1714929387546800152;"Yuk mari sama² kita bersinergi mendukung pengembangan Rempang Ecocity untuk meningkatkan sosial ekonomi  masyarakat kota batam dan khususnya pulau rempang. #HIPMIRempang Bahlil Kawal Investasi @ridwankamil @mohmahfudmd";0;0;0;0;in;1256306009951199233;1714929387546800152;Hanumpratiwi16;https://twitter.com/Hanumpratiwi16/status/1714929387546800152
Thu Oct 19 09:00:02 +0000 2023;1714929387530019191;"DPR dukung langkah Pak Menteri Bahlil berikan hak² para warga yg terdampak Investasi Rempang Eco-City. #HIPMIRempang Bahlil Kawal Investasi https://t.co/oYhOqhtWTp";0;0;0;0;in;1256306009951199233;1714929387530019191;Hanumpratiwi16;https://twitter.com/Hanumpratiwi16/status/1714929387530019191
Thu Oct 19 09:00:02 +0000 2023;1714929387513033118;"Bahlil Kawal Investasi rempang dan dekati warga secara humanis ini yang layak dicontoh buat lain.  #HIPMIRempang https://t.co/kYmd7Wii4F";0;0;0;0;in;1699073232354365440;1714929387513033118;Felcelxx;https://twitter.com/Felcelxx/status/1714929387513033118
Thu Oct 19 09:00:02 +0000 2023;1714929387433570340;"Dengan Bahlil Kawal Investasi dan bantuan Hipmi diharapkan investasi rempang berjalan dengan lancar #HIPMIRempang https://t.co/9nPV8mxYvy";0;0;0;0;in;1510872771995537408;1714929387433570340;Sari_zip;https://twitter.com/Sari_zip/status/1714929387433570340
Thu Oct 19 09:00:02 +0000 2023;1714929387391349198;"Gua salut sama kerja keras Pak @bahlillahadalia , beliau berhasil meyakinkan &amp  merangkul warga bahwa kepastian investasi ini akan membawa berkah ekonomi kpd mereka. Rempang Eco Park bisa membuka ekonomi baru @detikcom  Bahlil Kawal Investasi  #HIPMIRempang https://t.co/BZER31xppR";0;0;0;0;in;1685991308329140224;1714929387391349198;ony_rahmat;https://twitter.com/ony_rahmat/status/1714929387391349198
Thu Oct 19 09:00:02 +0000 2023;1714929387357827075;"HIMPI memberikan perhatian besar terhadap investasi Rempang Eco City yg terus dikawal oleh Menteri Investasi @bahlillahadalia sejak awal hingga saat ini dan siap membantu menyukseskan investasi ini. @detikcom  Bahlil Kawal Investasi  #HIPMIRempang  https://t.co/5Fzs9w8JIb";0;0;0;0;in;1299730025143349248;1714929387357827075;YantiFebriii;https://twitter.com/YantiFebriii/status/1714929387357827075
Thu Oct 19 09:00:02 +0000 2023;1714929387252985949;"Bahlil Kawal Investasi #HIPMIRempang  Kita pun mendukung langkah beliau untuk berikan hak warga Rempang yg terdampak investasi https://t.co/wmkc7rSMyL";0;0;0;0;in;1667372431361867776;1714929387252985949;NLaninaya;https://twitter.com/NLaninaya/status/1714929387252985949
Thu Oct 19 09:00:02 +0000 2023;1714929387165126880;"Sudah saatnya warga Pulau Rempang bersinergi dgn pemerintah @bahlillahadalia dlm mendukung pertumbuhan ekonomi. kitapun harus terus menjaga iklim investasi Indonesia yg sedang tinggi, momentum yg sngt bagus  @kumparan Bahlil Kawal Investasi  #HIPMIRempang https://t.co/J6VIttQ7e1";0;0;0;0;in;1686013756302659584;1714929387165126880;Daniswara83;https://twitter.com/Daniswara83/status/1714929387165126880
Thu Oct 19 09:00:02 +0000 2023;1714929387089592731;"@CSzipel_ Alhamdulillah akhirnya Pak Bahlil Kawal Investasi untuk warga Rempang berjalan lancar  #HIPMIRempang";0;0;0;0;in;1620774807250911240;1714923086607454625;linoworkouts;https://twitter.com/linoworkouts/status/1714929387089592731
Thu Oct 19 09:00:02 +0000 2023;1714929387060248633;"Kontribusi Pak Bahlil Kawal Investasi di wilayah Rempang telah mendapatkan banyak apresiasi sebab beliau sudah berhasil meyakinkan dan merangkul warga serta memastikan bahwa investasi tersebut akan membawa berkah ekonomi kepada mereka. Salut kepada Bapak #HIPMIRempang https://t.co/8g4dJNd23m";0;0;0;0;in;1645607927074660352;1714929387060248633;nurainionly;https://twitter.com/nurainionly/status/1714929387060248633
Thu Oct 19 09:00:02 +0000 2023;1714929387035062387;"@floreskekinian2 Betul betul betul, beneran Pak Bahlil Kawal Investasi #HIPMIRempang yang sebelumnya sempat kemakan trust Issue tentang Rempang Eco City, tapi alhamdulillah dilanjutkan kembali proyeknya sampe dapat apresiasi lagi";0;0;0;0;in;1352938567379558402;1714923087442153861;xcs4419;https://twitter.com/xcs4419/status/1714929387035062387
Thu Oct 19 09:00:02 +0000 2023;1714929387034779868;"Kita selalu mendukung bahlil dalam setiap langkah dan terobosannya Rempang Aman  #DukungBahlil";0;0;0;0;in;1686339392892534784;1714929387034779868;raturahayu29;https://twitter.com/raturahayu29/status/1714929387034779868
Thu Oct 19 09:00:02 +0000 2023;1714929386963587299;"Pak Bahlil Kawal Investasi selalu konsisten dan selalu pantau agar berjalan dengan baik.. ditambah pendekatan dgn masyrakat Rempang jg hangat. Salut pak, sukses terus! #HIPMIRempang https://t.co/Xnh086T6Zb";0;0;0;0;in;1679277579189260288;1714929386963587299;laginuscha;https://twitter.com/laginuscha/status/1714929386963587299
Thu Oct 19 09:00:02 +0000 2023;1714929386900926511;"Sinergi antara Hipmi dan pemerintah, termasuk BP Batam, akan membawa dampak positif besar bagi investasi di Rempang. Peningkatan keterampilan warga lokal adalah kunci kesuksesan proyek ini. Kuncinya adalah menteri Bahlil Kawal Investasi.  #HIPMIRempang https://t.co/uXWA1WdYOv";0;0;0;0;in;1579853454985420805;1714929386900926511;pudjianto_r;https://twitter.com/pudjianto_r/status/1714929386900926511
Thu Oct 19 09:00:02 +0000 2023;1714929386817040834;"HIPMI mendukung penuh investasi Rempang Eco Park yang dikawal Menteri Bahlil akan membawa kesejahteraan bagi semua  Bahlil Kawal Investasi #HIPMIRempang https://t.co/NzPYfPk6yo";0;0;0;0;in;1427632254990311432;1714929386817040834;get_it11;https://twitter.com/get_it11/status/1714929386817040834
Thu Oct 19 09:00:02 +0000 2023;1714929386800222227;"Ternyata komunikasi itu sangat penting ya... Buktinya komunikasi yang dilakukan Pak Bahlil Kawal investasi dengan pendekatan Humanis perlahan tapi pasti Pengembangan Rempang EcoCity mendapat dukungan dari berbagai pihak khususnya warga rempang itu sendiri. #HIPMIRempang @CNN";0;0;0;0;in;1686220715073454080;1714929386800222227;Cahaya616;https://twitter.com/Cahaya616/status/1714929386800222227
Thu Oct 19 09:00:02 +0000 2023;1714929386720313799;"Bahlil Kawal Investasi rempang ini suatu kemajuan yang baik dan semoga perekonomian warga disana bisa meningkat. #HIPMIRempang https://t.co/m9Qa0DqwDc";0;0;0;0;in;1699083675181494272;1714929386720313799;Dewsungxx;https://twitter.com/Dewsungxx/status/1714929386720313799
Thu Oct 19 09:00:02 +0000 2023;1714929386690949255;"@IND0_Update @MataNajwa @Metro_TV @tvOneNews Selalu mengapresiasi menteri Bahlil yang telah beberapa kali turun langsung kepulau Rempang untuk melakukan pendekatan kepada warga   Bahlil Kawal Investasi #HIPMIRempang";0;0;0;0;in;1428729666274086917;1714923582747533425;ApriliaBahera;https://twitter.com/ApriliaBahera/status/1714929386690949255
Thu Oct 19 09:00:02 +0000 2023;1714929386661794210;"Himpunan Pengusaha Muda Indonesia (Hipmi) makin yakin investasi Rempang akan berjalan sesuai harapan karena Bahlil Kawal Investasi #HIPMIRempang https://t.co/PqkuPSbg2n";0;0;0;0;in;1459725477896077316;1714929386661794210;WillGoHome2108;https://twitter.com/WillGoHome2108/status/1714929386661794210
Thu Oct 19 09:00:02 +0000 2023;1714929386586071143;"Pak bahlil selalu berjuang demi kemajuan dan demi kemakmuran rakyat Indonesia khususnya di Pulau rempang sana Bahlil Kawal Investasi  #HIPMIRempang";0;0;0;0;in;1685560492126003200;1714929386586071143;irwanku15;https://twitter.com/irwanku15/status/1714929386586071143
Thu Oct 19 09:00:02 +0000 2023;1714929386573480041;"@IND0_Update @MataNajwa @Metro_TV @tvOneNews Bahlil Kawal Investasi keren sih memakmurkan warga rempang  #HIPMIRempang";0;0;0;0;in;1620688992311312389;1714923582747533425;meiputrii3;https://twitter.com/meiputrii3/status/1714929386573480041
Thu Oct 19 09:00:02 +0000 2023;1714929386514792761;"Dalam upaya mendukung investasi ini, Hipmi siap berkolaborasi dengan pemerintah @bahlillahadalia utk meningkatkan keterampilan warga Rempang lewat pelatihan. Ini langkah yg bagus utk warga yg berdampak, saya sngt mendukung, @detikcom Bahlil Kawal Investasi  #HIPMIRempang https://t.co/BoOVap19tJ";0;0;0;0;in;1686207555171946497;1714929386514792761;sintajejee;https://twitter.com/sintajejee/status/1714929386514792761
Thu Oct 19 09:00:02 +0000 2023;1714929386481238186;"Investasi Rempang Eco City  terus mendapatkan perhatian  dari Himpunan Pengusaha Muda Indonesia (Hipmi) sertapun Pak Bahlil Kawal Investasi tersebut, hal itu guna membantu menyukseskan investasi ini agar bisa berjalan dengan baik dan sesuai harapan #HIPMIRempang https://t.co/gHsfqvtseN";0;0;0;0;in;1678255039046115328;1714929386481238186;Supiyani162684;https://twitter.com/Supiyani162684/status/1714929386481238186
Thu Oct 19 09:00:02 +0000 2023;1714929386477285688;"Jaminan kepada warga Pulau Rempang terdampak proyek Eco City mempertegas kalau Bahlil Kawal Investasi dan membawa dampak positif bagi warga  #HIPMIRempang https://t.co/ErCwiJuOya";0;0;0;0;in;1344277533445918721;1714929386477285688;everlasshine1;https://twitter.com/everlasshine1/status/1714929386477285688
Thu Oct 19 09:00:02 +0000 2023;1714929386414318029;"Usaha pendekatan kepada warga lokal Rempang yang dilakukan Bahlil sukses mendapatkan kepercayaan warga  bahwa investasi ini akan berdampak positif terhadap ekonomi para warga  Bahlil kawal investasi #HIPMIRempang https://t.co/FPGH7pd21g";0;0;0;0;in;1690203957313064960;1714929386414318029;kyiecly;https://twitter.com/kyiecly/status/1714929386414318029
Thu Oct 19 09:00:02 +0000 2023;1714929386364018792;"Salut sama Bahlil Kawal Investasi, semoga berdampak positif bagi investasi rempang   #HIPMIRempang https://t.co/WF5h8uGVPu";0;0;0;0;in;1680387538115244032;1714929386364018792;karinaa_ayz;https://twitter.com/karinaa_ayz/status/1714929386364018792
Thu Oct 19 09:00:02 +0000 2023;1714929386322014450;"@floreskekinian2 Bahlil Kawal Investasi bener adanya memberikan perhatian serius kepada warga Rempang sebagaimana yang telah dituangkan dalam Peraturan Presiden #HIPMIRempang";0;0;0;0;in;2782954609;1714923087442153861;damsellrose;https://twitter.com/damsellrose/status/1714929386322014450
Thu Oct 19 09:00:02 +0000 2023;1714929386317869184;"Langsung Mentri @bahlillahadalia dalam memberikan hak bagi masyarakat Rempang yang terdampak didukung penuh oleh banyak pihak, salah satu yang vokal mendukung adalah @DPR_RI  Bahlil Kawal Investasi  #HIPMIRempang https://t.co/h8aptKZNP7";0;0;0;0;in;2758709019;1714929386317869184;1ndrian;https://twitter.com/1ndrian/status/1714929386317869184
Thu Oct 19 09:00:02 +0000 2023;1714929386234028047;"Investasi Rempang bisa jadi contoh utk kedepan, Kondusifitas investasi di Indonesia yg sedang tinggi harus dijaga, karena kita juga berkompetisi dengan negara lain dalam menarik FDI, @detikcom @bahlillahadalia Bahlil Kawal Investasi  #HIPMIRempang https://t.co/y6qNd05elO";0;0;0;0;in;817362465839136771;1714929386234028047;Rizkamelyaaa;https://twitter.com/Rizkamelyaaa/status/1714929386234028047
Thu Oct 19 09:00:02 +0000 2023;1714929386196258841;"investasi Rempang ini akan berjalan sesuai harapan, berdampak positif bagi perekonomian nasional dan daerah, serta bisa membawa kesejahteraan bagi masyarakat sekitar. Bahlil Kawal Investasi  #HIPMIRempang";0;0;0;0;in;1685892221969862658;1714929386196258841;wulanjumaejang;https://twitter.com/wulanjumaejang/status/1714929386196258841
Thu Oct 19 09:00:02 +0000 2023;1714929386074595806;"Pendekatan yabg dilakukan Pak Bahlil memang luar biasa. Bahkan sampai sekarang pak Bahlil Kawal Investasi yg di Rempang #HIPMIRempang https://t.co/sEGKBWbkFG";0;0;0;0;in;544195781;1714929386074595806;MegaYantu;https://twitter.com/MegaYantu/status/1714929386074595806
Thu Oct 19 09:00:02 +0000 2023;1714929386028220467;"Tau ga sih, langkah investasi pemerintah @balillahadalia jg didukung oleh Himpunan Pengusaha Muda Indonesia (HIPMI), Pasalnya, terdapat banyak manfaat yang akan dirasakan oleh Indonesia, khususnya warga di Pulau Rempang. @kumparan Bahlil Kawal Investasi  #HIPMIRempang https://t.co/Mhsl7X1FcI";0;0;0;0;in;1686013756302659584;1714929386028220467;Daniswara83;https://twitter.com/Daniswara83/status/1714929386028220467
Thu Oct 19 09:00:02 +0000 2023;1714929385990717814;"Apresiasi setinggi tingginya untuk pak bahlil karena berhasil dekati warga rempang secara humanis Bahlil Kawal Investasi #HIPMIRempang https://t.co/lGQur8Mhm1";0;0;0;0;in;1495752051715837952;1714929385990717814;Rillopambudi25;https://twitter.com/Rillopambudi25/status/1714929385990717814
Thu Oct 19 09:00:02 +0000 2023;1714929385944547533;"Keren sekali Pak Bahlil Kawal Investasi Proyek Rempang Eco Park #HIPMIRempang https://t.co/qbIRx84UlK";0;0;0;0;in;1448192232813596674;1714929385944547533;luqozade;https://twitter.com/luqozade/status/1714929385944547533
Thu Oct 19 09:00:02 +0000 2023;1714929385814274469;"Kami mengapresiasi Menteri @bahlillahadalia yg telah beberapa kali turun langsung ke Rempang melakukan pendekatan humanis ke warga, smpai akhirnya warga setujui &amp  ikut mendukung investasi lanjut, @jokowi Bahlil Kawal Investasi  #HIPMIRempang  https://t.co/UCZFbicaq6";0;0;0;0;in;1685991308329140224;1714929385814274469;ony_rahmat;https://twitter.com/ony_rahmat/status/1714929385814274469
Thu Oct 19 09:00:02 +0000 2023;1714929385760083971;"HIMPI memberikan perhatian besar terhadap investasi Rempang Eco City yg terus  dikawal oleh Menteri Investasi @bahlillahadalia sejak awal hingga saat ini dan siap membantu menyukseskan investasi ini. @detikcom  Bahlil Kawal Investasi  #HIPMIRempang  https://t.co/89rYoIFTJO";0;0;0;0;in;1686039048140562432;1714929385760083971;jamilefebriani;https://twitter.com/jamilefebriani/status/1714929385760083971
Thu Oct 19 09:00:02 +0000 2023;1714929385743221141;"Bahlil Kawal Investasi dan berikan hak warga rempang yg terdampak investasi.  #HIPMIRempang https://t.co/aSS2zpWggN";0;0;0;0;in;1696740604183818240;1714929385743221141;lookinforenemy;https://twitter.com/lookinforenemy/status/1714929385743221141
Thu Oct 19 09:00:02 +0000 2023;1714929385730376161;"Investasi yang dilakukan di pulau Rempang merupakan bentuk keseriusan pemerintah dalam meningkatkan perekonomian Indonesia. Bahlil Kawal Investasi  #HIPMIRempang";0;0;0;0;in;2758728094;1714929385730376161;Dha_mayanti;https://twitter.com/Dha_mayanti/status/1714929385730376161
Thu Oct 19 09:00:02 +0000 2023;1714929385688490125;"Memang strategi Pak Bahlil Kawal Investasi di Rempang ini keren sekali. Warga pun pasti juga menyambutnya dengan sukarela pula. Sukses ya pak. #HIPMIRempang https://t.co/S8zWzuOnsK";0;0;0;0;in;1688569941379928064;1714929385688490125;cibulaan;https://twitter.com/cibulaan/status/1714929385688490125
Thu Oct 19 09:00:02 +0000 2023;1714929385684570245;"Info terbaru terkait Investasi Rempang, saat Investasi tsb didukung oleh Himpunan Pengusaha Muda (HIPMI), Hipmi sangat mengapresiasi Bahlil Kawal Investasi Proyek Rempang ini #HIPMIRempang";0;0;0;0;in;1531919516334100481;1714929385684570245;shauwtyy;https://twitter.com/shauwtyy/status/1714929385684570245
Thu Oct 19 09:00:02 +0000 2023;1714929385671934152;"Tanggung jawab penuh harus di lakukan pemerintah agar masyarakat rempang mendapatkan haknya @jokowi @tvOneNews  Bahlil Kawal Investasi  #HIPMIRempang https://t.co/i20WMoTvmN";0;0;0;0;in;1571134914309029890;1714929385671934152;Sudimara22;https://twitter.com/Sudimara22/status/1714929385671934152
Thu Oct 19 09:00:02 +0000 2023;1714929385638383901;"Kita apresiasi kerja nyata menteri Bahlil yg sukses melobi warga rempang agar mau direlokasi. Bahlil Kawal Investasi  #HIPMIRempang";0;0;0;0;in;1686281581219176448;1714929385638383901;saarahmaghfirah;https://twitter.com/saarahmaghfirah/status/1714929385638383901
Thu Oct 19 09:00:02 +0000 2023;1714929385633972279;"Dengan penempatan masyarakat Rempang yang ada di hunian sementara, dalam memastikan pak Bahlil Kawal Investasi dengan baik hak-hak masyarakat Rempang pun harus terpenuhi  #HIPMIRempang https://t.co/Zf4AwDTYlt";0;0;0;0;in;1558377103376019456;1714929385633972279;kendalikan;https://twitter.com/kendalikan/status/1714929385633972279
Thu Oct 19 09:00:02 +0000 2023;1714929385604862077;"@floreskekinian2 Setuju banget sama point ini, Pak Bahlil Kawal Investasi Rempang Eco City bersama dengan #HIPMIRempang ini";0;0;0;0;in;1364092207406346247;1714923087442153861;NoisLino;https://twitter.com/NoisLino/status/1714929385604862077
Thu Oct 19 09:00:02 +0000 2023;1714929385600643357;"Bisa dilihat keseriusan pemerintah kepada warga Rempang terlihat dari langkah konkret Menteri @bahlillahadalia yg terus melakukan pendekatan dgn cara melakukan kunjungan berulang kali ke Rempang. Menteri yg benar2 turun langsung 👍 @MataNajwa Bahlil Kawal Investasi #HIPMIRempang https://t.co/FVlUXlln7Q";0;0;0;0;in;1299730025143349248;1714929385600643357;YantiFebriii;https://twitter.com/YantiFebriii/status/1714929385600643357
Thu Oct 19 09:00:02 +0000 2023;1714929385554284682;"Karen sih Pak Bahlil Kawal Investasi di rempang #HIPMIRempang  https://t.co/IumWXpdq5g";0;0;0;0;in;1479646369451180032;1714929385554284682;mbambajawa_;https://twitter.com/mbambajawa_/status/1714929385554284682
Thu Oct 19 09:00:02 +0000 2023;1714929385529397475;"DPR @DPR_RI akan dukung terus langkah pak bahlil @bahlillahadalia yang akan berikan hak warga rempang yang terdampak investasi.  Keren pak bahlil tidak melupakan hak-hak warga yang terdampak investasi.  @jokowi @Gerindra @pandji @tribunnews  Bahlil Kawal Investasi  #HIPMIRempang https://t.co/oZxYAkrARU";0;0;0;0;in;1685926961435361280;1714929385529397475;zulvasyakira68;https://twitter.com/zulvasyakira68/status/1714929385529397475
Thu Oct 19 09:00:02 +0000 2023;1714929385495757031;"keseriusan pemerintah kepada warga Rempang terlihat dari langkah-langkah konkret Pak Bahlil yang terus melakukan pendekatan dengan warga dengan cara melakukan kunjungan berulang kali ke Pulau Rempang. @bahlillahadalia  Bahlil Kawal Investasi  #HIPMIRempang https://t.co/eDPIigf1hX";0;0;0;0;in;2758728094;1714929385495757031;Dha_mayanti;https://twitter.com/Dha_mayanti/status/1714929385495757031
Thu Oct 19 09:00:01 +0000 2023;1714929385394917610;"Pelatihan kewirausahaan untuk masyarakat Rempang bisa disesuaikan dengan kemauan dan potensi yang ada di sana. HIPMI siap membantu masyarakat Rempang. @aniesbaswedan @DPP_PKB  Bahlil Kawal Investasi  #HIPMIRempang https://t.co/CZa4yALYPp";0;0;0;0;in;2758709019;1714929385394917610;1ndrian;https://twitter.com/1ndrian/status/1714929385394917610
Thu Oct 19 09:00:01 +0000 2023;1714929385369677966;"Banyak manfaat yg akan didapat warga rempang kalau investasi Rempang Eco City dilanjutkan dikerjakan.  Bahlil Kawal Investasi  #HIPMIRempang";0;0;0;0;in;1686281581219176448;1714929385369677966;saarahmaghfirah;https://twitter.com/saarahmaghfirah/status/1714929385369677966
Thu Oct 19 09:00:01 +0000 2023;1714929385348927532;"Kami mengapresiasi Menteri @bahlillahadalia yg telah beberapa kali turun langsung ke Rempang melakukan pendekatan humanis ke warga, smpai akhirnya warga setujui &amp  ikut mendukung investasi lanjut, @jokowi Bahlil Kawal Investasi  #HIPMIRempang https://t.co/VQZofCuOkx";0;0;0;0;in;1299730025143349248;1714929385348927532;YantiFebriii;https://twitter.com/YantiFebriii/status/1714929385348927532
Thu Oct 19 09:00:01 +0000 2023;1714929385256386666;"Intinya masa depan investasi di Rempang ini menjanjikan, kita harus dukung langkah pak @bahlillahadalia ini, warga disanapun jg 70% sudah setuju dan bersedia relokasi, @detikcom @jokowi Bahlil Kawal Investasi  #HIPMIRempang  https://t.co/Er6RdGtOqz";0;0;0;0;in;1685977956320235520;1714929385256386666;Rifatpapoi;https://twitter.com/Rifatpapoi/status/1714929385256386666
Thu Oct 19 09:00:01 +0000 2023;1714929385239916983;"@IND0_Update @MataNajwa @Metro_TV @tvOneNews Smg berdampak baik bagi warga rempang maupun investor Bahlil Kawal Investasi #HIPMIRempang";0;0;0;0;in;1651038905263853568;1714923582747533425;fazzdiandra;https://twitter.com/fazzdiandra/status/1714929385239916983
Thu Oct 19 09:00:01 +0000 2023;1714929385172545776;"Sinegitas antara Pemerintah dan HIMPI akan memberi dampak yang positif terhadap ekonomi Rempang   Bahlil Kawal Investasi  #HIPMIRempang";0;0;0;0;in;1686331146207150080;1714929385172545776;Aryadik70367839;https://twitter.com/Aryadik70367839/status/1714929385172545776
Thu Oct 19 09:00:01 +0000 2023;1714929385159930362;"Positif bngt langkah peningkatan keterampilan warga ini, warga lokal Rempang akan memperoleh kesempatan lebih besar dlm penyerapan kerja yg tersedia dengan keberadaan investasi ini.  @detikcom @bahlillahadalia Bahlil Kawal Investasi  #HIPMIRempang https://t.co/caMvKnz6Tj";0;0;0;0;in;1686211859874209792;1714929385159930362;jhosalam;https://twitter.com/jhosalam/status/1714929385159930362
Thu Oct 19 09:00:01 +0000 2023;1714929385101557891;"Banyak dukungan dari berbagai sisi, yakin jadi meningkat kesejahteraan warga Rempang #HIPMIRempang https://t.co/BZdpJ87K3X";0;0;0;0;in;1626819241512177666;1714929385101557891;ndaktahu_;https://twitter.com/ndaktahu_/status/1714929385101557891
Thu Oct 19 09:00:01 +0000 2023;1714929385097384350;"Bahlil Kawal Investasi , sekarang waktunya buat warga Pulau Rempang bekerjasama dengan pemerintah untuk mendukung pertumbuhan ekonomi sekitar  #HIPMIRempang https://t.co/Axh9TfPO9p";0;0;0;0;in;2758566695;1714929385097384350;insigvt;https://twitter.com/insigvt/status/1714929385097384350
Thu Oct 19 09:00:01 +0000 2023;1714929385059570118;"Saya setuju dengan langkah-langkah yang telah dilakukan dan yang akan dilakukan oleh pemerintah terkait warga masyarakat di Pulau Rempang. prabowo @Gerindra @kompascom @corbuzier  Bahlil Kawal Investasi #HIPMIRempang https://t.co/QM3035E94K";0;0;1;2;in;1685880068663554049;1714929385059570118;Jamalud_H;https://twitter.com/Jamalud_H/status/1714929385059570118
Thu Oct 19 09:00:01 +0000 2023;1714929385059566071;"@IND0_Update @MataNajwa @Metro_TV @tvOneNews Semoga kolaborasi HIPMI dengan Bahlil untuk kawal investasi Rempang akan berdampak positif bagi kesejahteraan hidup dan ekonomi masyarakat Indonesia #HIPMIRempang";0;0;0;0;in;1097470626523049984;1714923582747533425;gureumsaaa;https://twitter.com/gureumsaaa/status/1714929385059566071
Thu Oct 19 09:00:01 +0000 2023;1714929385059328435;"@IND0_Update Bahlil Kawal Investasi di rempang ini banyak dampak positif yang di dapatkan oleh warga.  #HIPMIRempang";0;0;0;0;in;1699025061695623168;1714923582747533425;icajilan0;https://twitter.com/icajilan0/status/1714929385059328435
Thu Oct 19 09:00:01 +0000 2023;1714929385059283171;"Harus diapresiasi nih Pak Bahlil Kawal Investasi Proyek Rempang Eco City #HIPMIRempang https://t.co/sthAQoofsD";0;0;0;0;in;1136796202500907008;1714929385059283171;kiankwemari;https://twitter.com/kiankwemari/status/1714929385059283171
Thu Oct 19 09:00:01 +0000 2023;1714929385026003444;"Investasi Proyek Rempang Eco Park semakin menjanjikan berkat peran penting Menteri Bahlil. HIPMI berdiri teguh di sampingnya!  Bahlil Kawal Investasi #HIPMIRempang https://t.co/NJrjPHg1xa";0;0;0;0;in;1322008119740755968;1714929385026003444;sweetjy_;https://twitter.com/sweetjy_/status/1714929385026003444
Thu Oct 19 09:00:01 +0000 2023;1714929385000820797;"Kinerja Pak Bahlil Kawal Investasi Proyek Rempang patut diacungi jempol  #HIPMIRempang https://t.co/4LvTKlWQ8J";0;0;0;0;in;1448251519711645696;1714929385000820797;flawslight;https://twitter.com/flawslight/status/1714929385000820797
Thu Oct 19 09:00:01 +0000 2023;1714929384946045413;"Kita sangat banyak berharap kepada bahlil selaku menteri investasi agar terus mendorong kemajuan dan melahirkan kesejahteraan untuk rakyat Indonesia khususnya di pulau rempang Bahlil Kawal Investasi  #HIPMIRempang https://t.co/QI42cXj2JX";0;0;0;0;in;1685560492126003200;1714929384946045413;irwanku15;https://twitter.com/irwanku15/status/1714929384946045413
Thu Oct 19 09:00:01 +0000 2023;1714929384920883362;"Sudah sangat jelas bahwa dengan adanya pengembangan Kawasan Rempang dalam proyek Eco City yang digagas oleh Pemerintah RI dan mampu mendatangkan banyak investasi dari berbagai pihak di dunia.  Bahlil Kawal Investasi  #HIPMIRempang";0;0;0;0;in;1686280534182563840;1714929384920883362;nursalmaaa2;https://twitter.com/nursalmaaa2/status/1714929384920883362
Thu Oct 19 09:00:01 +0000 2023;1714929384908537995;"HIPMI siap berkolaborasi dengan pemerintah dan juga investor di Pulau Rempang. @Official_MNCTV @pak Bahlil Kawal Investasi  #HIPMIRempang https://t.co/luedNDmO9h";0;0;0;0;in;2757839416;1714929384908537995;Okt4viano;https://twitter.com/Okt4viano/status/1714929384908537995
Thu Oct 19 09:00:01 +0000 2023;1714929384891859419;"Dengan pembangunan rempang EcoCity ini diharapkan ekonomi masyarakat semakin tumbuh @jokowi @TVRINasional  Bahlil Kawal Investasi  #HIPMIRempang https://t.co/j3EiaPF6us";0;0;0;0;in;1571127459445346304;1714929384891859419;Suteja222;https://twitter.com/Suteja222/status/1714929384891859419
Thu Oct 19 09:00:01 +0000 2023;1714929384778567914;"Sinergi dan kolaborasi antara #HIPMIRempang dan pemerintah diharapkan akan menghasilkan hasil positif untuk proyek investasi Rempang dan apresiasi untuk Bahlil Kawal Investasi  #HIPMIRempang  https://t.co/Jj7Yfzzxwl https://t.co/5LEPkWcSRS";0;0;0;0;in;1697487201943293952;1714929384778567914;elphipani;https://twitter.com/elphipani/status/1714929384778567914
Thu Oct 19 09:00:01 +0000 2023;1714929384703053907;"HIPMI Memastikan kesejahteraan masyarakat akan meningkat dengan adanya investasi Rempang Eco City dan siap mendukung dan mensukseskan investasi Rempang Eco city. @ridwankamil @detikhot @FiersaBesari  Bahlil Kawal Investasi #HIPMIRempang Baca selengkapnya:  https://t.co/k6uE0SCecw";0;0;0;0;in;1686278881639297024;1714929384703053907;Lilyaln22;https://twitter.com/Lilyaln22/status/1714929384703053907
Thu Oct 19 09:00:01 +0000 2023;1714929384665051646;"Hipmi atau Himpunan Pengusaha Muda Indonesia bersama dengan Bahlil Kawal investasi Rempang. Mereka yakin bahwa investasi ini akan berjalan dengan baik dan memberikan dampak positif bagi beberapa aspek terutama perekonomian nasional dan daerah #HIPMIRempang";0;0;0;0;in;1531925905617981440;1714929384665051646;kessiezx;https://twitter.com/kessiezx/status/1714929384665051646
Thu Oct 19 09:00:01 +0000 2023;1714929384648315337;"Dalam upaya mendukung investasi ini, Hipmi siap berkolaborasi dengan pemerintah @bahlillahadalia utk meningkatkan keterampilan warga Rempang lewat pelatihan. Ini langkah yg bagus utk warga yg berdampak, saya sngt mendukung, @detikcom Bahlil Kawal Investasi  #HIPMIRempang https://t.co/7k2IwRp7Mk";0;0;0;0;in;1686030564812345345;1714929384648315337;Virgonwirawan;https://twitter.com/Virgonwirawan/status/1714929384648315337
Thu Oct 19 09:00:01 +0000 2023;1714929384577200501;"Investasi Rempang diyakini oleh Hipmi akan terlaksana sesuai harapan dan akan berdampak positif bagi kesejahteraan masyarakat sekitar serta perekonomian nasional dan juga daerah. Oleh sebab itu agar semuanya berjalan baik maka Pak Bahlil Kawal Investasi #HIPMIRempang https://t.co/YsQD9sM0CA";0;0;0;0;in;1645616594339631104;1714929384577200501;saiyahonest;https://twitter.com/saiyahonest/status/1714929384577200501
Thu Oct 19 09:00:01 +0000 2023;1714929384497570189;"Rempang Eco-City akan buka Ratusan ribu Lapangan pekerjaan dan #HIPMIRempang siap untuk melaksanakan pelatihan kewirausahaan untuk warga yg terdampak pengembangan Rempang Eco-City. Bahlil Kawal Investasi Cc @PartaiSocmed @Partai";0;0;0;0;in;1685534221509836800;1714929384497570189;WHikmahnabilah;https://twitter.com/WHikmahnabilah/status/1714929384497570189
Thu Oct 19 09:00:01 +0000 2023;1714929384472334406;"Upaya Pak Bahlil Kawal Investasi di Rempang ini benar2 membawa berkah buat warga nih. Akan banyak warga yang mempunyai pekerjaan dan penghasilan dari Rempang ini. #HIPMIRempang https://t.co/xip97tLiVE";0;0;0;0;in;1425510624885231622;1714929384472334406;Manusia_cerdik;https://twitter.com/Manusia_cerdik/status/1714929384472334406
Thu Oct 19 09:00:01 +0000 2023;1714929384438591959;"Hipmi memberikan perhatian besar terhadap investasi Rempang Eco City yang terus dikawal oleh Menteri Investasi Bahlil Lahadalia dan  siap membantu menyukseskan investasi ini. prabowo @Gerindra @kompascom @corbuzier Bahlil Kawal Investasi  #HIPMIRempang https://t.co/81YMPsplGw";0;0;0;0;in;1685877183825469440;1714929384438591959;Nurlaila_jami;https://twitter.com/Nurlaila_jami/status/1714929384438591959
Thu Oct 19 09:00:01 +0000 2023;1714929384425935088;"Proses pembangunan proyek Rempang Eco City ini tetap memikirkan perekonomian warga Rempang, dalam hal ini Bahlil Kawal Investasi dengan menyiapkan UKM Center untuk meningkatkan ketrampilan masyarakat #HIPMIRempang https://t.co/Pzlbsc46Vh";0;0;0;0;in;1573848689361448960;1714929384425935088;twiterpicker;https://twitter.com/twiterpicker/status/1714929384425935088
Thu Oct 19 09:00:01 +0000 2023;1714929384417800546;"dpr dukung langkah bahlil nih, dalam hal memberikan hal warga rempang yang terdampak investasi   Bahlil Kawal Investasi #HIPMIRempang https://t.co/uXvxIRjWZu";0;0;0;0;in;1612479714702299136;1714929384417800546;Ameliarabill;https://twitter.com/Ameliarabill/status/1714929384417800546
Thu Oct 19 09:00:01 +0000 2023;1714929384413409531;"HIMPI terus memberi perhatian terhadap pemerintah terkait projek Eco City dan siap mengawal demi kesejahteraan rakyat Rempang   Bahlil Kawal Investasi  #HIPMIRempang";0;0;0;0;in;1686331146207150080;1714929384413409531;Aryadik70367839;https://twitter.com/Aryadik70367839/status/1714929384413409531
Thu Oct 19 09:00:01 +0000 2023;1714929384367288698;"himpunan pengusaha muda indonesia (hipmi) mengapresiasi upaya Bahlil Kawal Investasi rempang eco city dan mereka siap utk membantu menyukseskan investasi ini #HIPMIRempang https://t.co/bMTOwqb7HU";0;0;0;0;in;1699974656080699392;1714929384367288698;shannonacasa;https://twitter.com/shannonacasa/status/1714929384367288698
Thu Oct 19 09:00:01 +0000 2023;1714929384312967672;"warga Rempang yg terkena dampak utk tdk khawatir dgn kompensasi yg diberikan pemerintah, pak @bahlillahadalia berikan perhatian serius warga Rempang sesuai dlm Perpres soal ganti rugi hak warga Rempang yg terkena dampak investasi. Bahlil Kawal Investasi  #HIPMIRempang https://t.co/XDUCywdO0h";0;0;0;0;in;1685977956320235520;1714929384312967672;Rifatpapoi;https://twitter.com/Rifatpapoi/status/1714929384312967672
Thu Oct 19 09:00:01 +0000 2023;1714929384300101683;"Dengan konsisitennya pemerintah dalam membangun Eco City HIMPI memberi dukungan dan ingin mengawal bersama demi keberlangsungn ekonomi Rempang  @bahlillahadalia   Bahlil Kawal Investasi  #HIPMIRempang https://t.co/osQQVB7zty";0;0;0;0;in;1686331146207150080;1714929384300101683;Aryadik70367839;https://twitter.com/Aryadik70367839/status/1714929384300101683
Thu Oct 19 09:00:01 +0000 2023;1714929384275226798;"Banyak yg ikut menyerukan mendukung Investasi @bahlillahadalia salah satunya HIPMI, HIMPI percaya pertumbuhan ekonomi &amp  penyerapan lapangan kerja akan buat Rempang maju, @detikcom  Bahlil Kawal Investasi  #HIPMIRempang https://t.co/7z4ai4C8TX";0;0;0;0;in;1299730025143349248;1714929384275226798;YantiFebriii;https://twitter.com/YantiFebriii/status/1714929384275226798
Thu Oct 19 09:00:01 +0000 2023;1714929384274944445;"Pulau rempang merupakan pulau strategis yang didukung oleh dewan perwakilan rakyat Indonesia Rempang Aman  #DukungBahlil";0;0;0;0;in;1686339392892534784;1714929384274944445;raturahayu29;https://twitter.com/raturahayu29/status/1714929384274944445
Thu Oct 19 09:00:01 +0000 2023;1714929384245895181;"HIMPI mendukung atas projek yg Bahlil kerjakan meninjukan bahwa Eco City akan berdampak baik utk ekonomi rakyat Rempang  Bahlil Kawal Investasi  #HIPMIRempang";0;0;0;0;in;1352122233343209475;1714929384245895181;qurniyan;https://twitter.com/qurniyan/status/1714929384245895181
Thu Oct 19 09:00:01 +0000 2023;1714929384115650784;"Sinergi dan kolaborasi antara Hipmi dan pemerintah saya yakin akan membawa dampak positif bagi investasi di Rempang. prabowo @Gerindra @kompascom @corbuzier Bahlil Kawal Investasi  #HIPMIRempang https://t.co/hjbcuhZvlA";0;0;0;0;in;1685880068663554049;1714929384115650784;Jamalud_H;https://twitter.com/Jamalud_H/status/1714929384115650784
Thu Oct 19 09:00:01 +0000 2023;1714929384035934697;"investasi Rempang berjalan lancar berkat semua pihak yang turut serta membantu Bahlil Kawal Investasi  #HIPMIRempang https://t.co/NoGN1uhiKM";0;0;0;0;in;1639790175260921856;1714929384035934697;Guedikdik;https://twitter.com/Guedikdik/status/1714929384035934697
Thu Oct 19 09:00:01 +0000 2023;1714929384027480145;"Bersama Bahlil Kawal Investasi, HIPMI menunjukkan dukungannya atas proyek Rempang Eco City. Saat ini warga telah tersedia mengikuti arahan pemerintah untuk menempati kampung baru Tanjung Banun, dan sebaliknya, pemerintah memastikan hak warga terpenuhi. #HIPMIRempang https://t.co/ikS3Hpf5Yt";0;0;0;0;in;1462086516356775938;1714929384027480145;yellyprivate5;https://twitter.com/yellyprivate5/status/1714929384027480145
Thu Oct 19 09:00:01 +0000 2023;1714929384014917656;"untuk proyek rempang eco city Bahlil Kawal Investasi secara langsung agar berjalan dengan lancar, hak juga akan diberikan kepada warga yang terdampak #HIPMIRempang https://t.co/1R7VymDNW7";0;0;0;0;in;3109975038;1714929384014917656;HWAnnaaaa;https://twitter.com/HWAnnaaaa/status/1714929384014917656
Thu Oct 19 09:00:01 +0000 2023;1714929383998382496;"Bahlil Kawal Investasi rempang ini emang menarik banget karena kinerja nya bener bener bagus banget.  #HIPMIRempang https://t.co/gA8ILI3I73";0;0;0;0;in;1699074698297192448;1714929383998382496;kikifatxx;https://twitter.com/kikifatxx/status/1714929383998382496
Thu Oct 19 09:00:01 +0000 2023;1714929383985872912;"Gokill HIPMI mengapresiasi pro Aktif menteri Bahlil Lahadalia yang melakukan pendekatan humanis kepada warga Rempang.  @bahlillahadalia @detikcom @DPP_PKB @C_lontong  Bahlil Kawal Investasi #HIPMIRempang https://t.co/DBzy6LmRKP";0;0;0;0;in;1686278881639297024;1714929383985872912;Lilyaln22;https://twitter.com/Lilyaln22/status/1714929383985872912
Thu Oct 19 09:00:01 +0000 2023;1714929383947804842;"Keseriusan HIPMI dalam mendukung pembangunan, HIPMI mengadakan pelatihan kewirausahaan untuk masyarakat Rempang yang terdampak. @prabowo @Gerindra  Bahlil Kawal Investasi  #HIPMIRempang https://t.co/R72xmosIP1";0;0;0;0;in;2758639912;1714929383947804842;4riphin;https://twitter.com/4riphin/status/1714929383947804842
Thu Oct 19 09:00:01 +0000 2023;1714929383922684143;"Rempang Eco City dapat memberikan eskalasi bagi peningkatan kualitas hidup dan kesejahteraan warga Rempang. Bahlil Kawal Investasi  #HIPMIRempang";0;0;0;0;in;1686280534182563840;1714929383922684143;nursalmaaa2;https://twitter.com/nursalmaaa2/status/1714929383922684143
Thu Oct 19 09:00:01 +0000 2023;1714929383860023537;"Pemerintah serius dalam mengembangkan konsep Eco City di Rempang. Hal itu juga di dukung penuh oleh HIPMI. @PartaiSocmed  Bahlil Kawal Investasi  #HIPMIRempang";0;0;0;0;in;2758402395;1714929383860023537;Lusianhah;https://twitter.com/Lusianhah/status/1714929383860023537
Thu Oct 19 09:00:01 +0000 2023;1714929383767421323;"Rempang Eco City adalah proyek pengembangan yang bertujuan untuk menjadikan Pulau Rempang sebagai kawasan industri, perdagangan, dan wisata yang terintegrasi.  Bahlil Kawal Investasi  #HIPMIRempang";0;0;0;0;in;1686289519451271170;1714929383767421323;AyraWarda;https://twitter.com/AyraWarda/status/1714929383767421323
Thu Oct 19 09:00:01 +0000 2023;1714929383658643749;"DPR dukung langkah Bahlil Kawal Investasi ECO city di pulau Rempang dengan memberikan hak warga terdampak investasi yakni uang sewa dan uang tunggu #HIPMIRempang https://t.co/cLSvMdPTHF";0;0;0;0;in;1664902864567939072;1714929383658643749;detriasdinda;https://twitter.com/detriasdinda/status/1714929383658643749
Thu Oct 19 09:00:01 +0000 2023;1714929383650259415;"@CSzipel_ Bahlil Kawal Investasi terlihat sih selalu melakukan pendekatan dengan warga dengan cara melakukan kunjungan berulang kali ke Pulau Rempang #HIPMIRempang";0;0;0;0;in;1622485134028214272;1714923086607454625;moiyy14;https://twitter.com/moiyy14/status/1714929383650259415
Thu Oct 19 09:00:01 +0000 2023;1714929383507481021;"Pulau Rembang adalah pulau yang saat ini sedang dibangun menjadi pembangunan yang sangat strategis untuk kemajuan dan kesejahteraan di Pulau sana Bahlil Kawal Investasi  #HIPMIRempang";0;0;0;0;in;1686337552993886208;1714929383507481021;LestiRapuh59;https://twitter.com/LestiRapuh59/status/1714929383507481021
Thu Oct 19 09:00:01 +0000 2023;1714929383490961769;"Pak Bahlil Kawal Investasi untuk #HIPMIRempang ini membuahkan hasil. BP Batam mendirikan UKM Center untuk membantu UMKM warga Rempang https://t.co/umHOf92kOu";0;0;0;0;in;1668866647086739456;1714929383490961769;ShionyaNagisa_;https://twitter.com/ShionyaNagisa_/status/1714929383490961769
Thu Oct 19 09:00:01 +0000 2023;1714929383490936838;"Pendekatan pak bahlil kepada penduduk rempang mendapat apresiasi dari berbagai pihak, salah satunya dari HIPMI Bahlil Kawal Investasi  #HIPMIRempang https://t.co/2NYyuVJpsX";0;0;0;0;in;1343527954588999680;1714929383490936838;Maelanii86;https://twitter.com/Maelanii86/status/1714929383490936838
Thu Oct 19 09:00:01 +0000 2023;1714929383474106403;"Keren bgt Menteri Investasi Bahlil Kawal Investasi Proyek Rempang #HIPMIRempang https://t.co/ALYNcjKbAG";0;0;0;0;in;1448463913486471170;1714929383474106403;lembaiyung;https://twitter.com/lembaiyung/status/1714929383474106403
Thu Oct 19 09:00:01 +0000 2023;1714929383428034830;"Dengan adanya mega oroyek Rempang Eco City maka mereka mampu mendapatkan pekerjaan atau pendapatan tambahan. Bahlil Kawal Investasi  #HIPMIRempang";0;0;0;0;in;1686231112128069632;1714929383428034830;sitiiraudhah;https://twitter.com/sitiiraudhah/status/1714929383428034830
Thu Oct 19 09:00:01 +0000 2023;1714929383427985732;"Saya selaku masyarakat Indonesia sangat mendukung pembangunan di Pulau rempang agar ke depan Pulau rempang semakin maju dan semakin sejahtera rakyatnya Bahlil Kawal Investasi  #HIPMIRempang";0;0;0;0;in;1685560492126003200;1714929383427985732;irwanku15;https://twitter.com/irwanku15/status/1714929383427985732
Thu Oct 19 09:00:01 +0000 2023;1714929383419330991;"Banyak alasan kenapa kita harus mendukung Bahlil dalam proyek strategis nasional di Pulau Rempang Rempang Aman  #DukungBahlil";0;0;0;0;in;1686339392892534784;1714929383419330991;raturahayu29;https://twitter.com/raturahayu29/status/1714929383419330991
Thu Oct 19 09:00:01 +0000 2023;1714929383402831957;"Pak Bahlil Kawal Investasi untuk rempang eco park #HIPMIRempang https://t.co/kJtjy6Igps";0;0;0;0;in;1613741497677152259;1714929383402831957;Choc0bites;https://twitter.com/Choc0bites/status/1714929383402831957
Thu Oct 19 09:00:01 +0000 2023;1714929383268606133;"sudah saatnya warga Pulau Rempang bersinergi dengan pemerintah dalam mendukung pertumbuhan ekonomi. @bahlillahadalia @Pak_JK  Bahlil Kawal Investasi  #HIPMIRempang https://t.co/q9wba1MoIC";0;0;0;0;in;2758728094;1714929383268606133;Dha_mayanti;https://twitter.com/Dha_mayanti/status/1714929383268606133
Thu Oct 19 09:00:01 +0000 2023;1714929383259930903;"dengan adanya ukm center ini diharapkan bisa membantu warga rempang untuk meningkatkan keterampilan Bahlil Kawal Investasi #HIPMIRempang https://t.co/9hknk1ldnF";0;0;0;0;in;1685661529310629889;1714929383259930903;bunniesnowman;https://twitter.com/bunniesnowman/status/1714929383259930903
Thu Oct 19 09:00:01 +0000 2023;1714929383226372530;"Hipmi apresiasi Bahlil Kawal Investasi dan rangkul masyarakat untuk menyukseskan investasi Rempang Eco city #HIPMIRempang https://t.co/EQ7FlVjcCL";0;0;0;0;in;1698865808590716928;1714929383226372530;IndahDestii;https://twitter.com/IndahDestii/status/1714929383226372530
Thu Oct 19 09:00:01 +0000 2023;1714929383108985005;"Menteri Investasi Bahlil, telah memastikan pemerintah akan berikan jaminan hak bagi warga pulau Rempang yang terkena dampak pembangunan proyek Rempang Eco City. Bahlil Kawal Investasi #HIPMIRempang https://t.co/uWk3Fv2Jqg";0;0;0;0;in;761606350442860544;1714929383108985005;Seniaciia;https://twitter.com/Seniaciia/status/1714929383108985005
Thu Oct 19 09:00:01 +0000 2023;1714929383092387998;"yakin banget kalau Bahlil Kawal Investasi di rempang, akan berdampak positif bagi perekonomian nasional dan daerah #HIPMIRempang https://t.co/uZmirKeE6Q";0;0;0;0;in;1369637073821474834;1714929383092387998;nihakunsambatan;https://twitter.com/nihakunsambatan/status/1714929383092387998
Thu Oct 19 09:00:01 +0000 2023;1714929383008608587;"Dengan peningkatan keterampilan, maka warga lokal Rempang akan memperoleh kesempatan yang lebih besar dalam penyerapan kerja yang tersedia dengan keberadaan investasi ini. prabowo @Gerindra @kompascom @corbuzier Bahlil Kawal Investasi  #HIPMIRempang https://t.co/wvmmC2IKBF";0;0;0;0;in;1685882143136952320;1714929383008608587;Hidayat_syar;https://twitter.com/Hidayat_syar/status/1714929383008608587
Thu Oct 19 09:00:01 +0000 2023;1714929383004361102;"Semoga semua ada dampak positif nya untuk warga rempang   Bahlil Kawal Investasi  #HIPMIRempang https://t.co/ndZIdxSJq5";0;0;0;0;in;1668276402217713664;1714929383004361102;arshakaR95;https://twitter.com/arshakaR95/status/1714929383004361102
Thu Oct 19 09:00:01 +0000 2023;1714929383004123541;"kan, hipmi juga yakin kalo investasi Rempang ini bakalan berjalan sukses karena diliat emang dampak positifnya banyak ayo Bahlil Kawal Investasi #HIPMIRempang https://t.co/GGN0aImvJO";0;0;0;0;in;1674398707452907522;1714929383004123541;lovelylomlie;https://twitter.com/lovelylomlie/status/1714929383004123541
Thu Oct 19 09:00:01 +0000 2023;1714929382895296904;"Sayapun dukung terusblangkah pak Bahlil berikan hal warga rempang yang terdampak investasi. prabowo @Gerindra @kompascom @corbuzier Bahlil Kawal Investasi  #HIPMIRempang https://t.co/fLRtuCtVrq";0;0;0;0;in;1642230569915514880;1714929382895296904;Sagu_28;https://twitter.com/Sagu_28/status/1714929382895296904
Thu Oct 19 09:00:01 +0000 2023;1714929382878298617;"Masyarakat Rempang sudah mendukung Rempang EcoCity utk diteruskan, aspirasinya didengar &amp  mereka mendapat hak mereka, pak @bahlillahadalia jg akan kolaborasi buat pelatihan ke warga selama relokasi sementara, @detikcom Bahlil Kawal Investasi #HIPMIRempang  https://t.co/VNw2JiH9FP";0;0;0;0;in;1686219945045356544;1714929382878298617;azuhimasha90;https://twitter.com/azuhimasha90/status/1714929382878298617
Thu Oct 19 09:00:01 +0000 2023;1714929382848885118;"Rempang Eco City akan mendatangkan banyak investasi dari berbagai belahan dunia, sehingga lapangan pekerjaan pun akan dibuka dengan sangat luas kepada warga sekitar.  Bahlil Kawal Investasi  #HIPMIRempang";0;0;0;0;in;1686231112128069632;1714929382848885118;sitiiraudhah;https://twitter.com/sitiiraudhah/status/1714929382848885118
Thu Oct 19 09:00:01 +0000 2023;1714929382836621820;"DPR mendukung penuh Pak Bahlil Kawal Investasi dan memberikan hak warga rempang yang terdampak #HIPMIRempang https://t.co/FDbJj0fKk9";0;0;0;0;in;2519869022;1714929382836621820;nolpernol;https://twitter.com/nolpernol/status/1714929382836621820
Thu Oct 19 09:00:01 +0000 2023;1714929382756884748;"UKM Center ini berguna banget nih buat ningkatin skill warga Rempang, pasti kesempatan kerjanya lebih besar Bahlil Kawal Investasi #HIPMIRempang https://t.co/9fXEbQxRnB";0;0;0;0;in;1696018589709664256;1714929382756884748;Aruwwu;https://twitter.com/Aruwwu/status/1714929382756884748
Thu Oct 19 09:00:01 +0000 2023;1714929382727541215;"Pro aktif pak @bahlillahadalia yg konsisten mengawal &amp  memastikan investasi ini bisa berjalan baik harus diapresiasi, pak Bahlil turun sbg perwakilan pemerintah berhasil menghadirkan win2 solution antara warga Rempang &amp  investor. @MataNajwa Bahlil Kawal Investasi  #HIPMIRempang https://t.co/OmRuALEuQN";0;0;0;0;in;1685977956320235520;1714929382727541215;Rifatpapoi;https://twitter.com/Rifatpapoi/status/1714929382727541215
Thu Oct 19 09:00:01 +0000 2023;1714929382664400965;"HIMPI akan berkolaborasi dengn pemerintah demi nilai kesejahteraan rakyat Rempang @bahlillahadalia  @kompascom  @radityadika  Bahlil Kawal Investasi  #HIPMIRempang  https://t.co/oCKjfzafYb";0;0;0;0;in;1302833277749792768;1714929382664400965;umputsamar;https://twitter.com/umputsamar/status/1714929382664400965
Thu Oct 19 09:00:01 +0000 2023;1714929382580457584;"Luar biasa, banyak pihak yang mendukung penuh pembangunan proyek Rempang Eco City. Pasalnya, terdapat banyak manfaat yang akan dirasakan oleh Indonesia, khususnya warga di Pulau Rempang. Bahlil Kawal Investasi  #HIPMIRempang https://t.co/Z5ZRO64A6S";0;0;0;0;in;2758709019;1714929382580457584;1ndrian;https://twitter.com/1ndrian/status/1714929382580457584
Thu Oct 19 09:00:01 +0000 2023;1714929382517617095;"Hipmi apresiasi pro aktif Bahlil Kawal Investasi dan dekati warga rempang secara humanis #HIPMIRempang https://t.co/mTHfDom2Jm";0;0;0;0;in;1351008137239797760;1714929382517617095;_Manusia2000;https://twitter.com/_Manusia2000/status/1714929382517617095
