created_at;id_str;full_text;quote_count;reply_count;retweet_count;favorite_count;lang;user_id_str;conversation_id_str;username;tweet_url
Mon Oct 09 23:51:52 +0000 2023;1711529947989438896;"@Naz_lira Abu janda bacot Lo tuh sok belain Yahudi...  Lo ikut aja jadi Relawan Perang Israel, berani ngak,jgn sok jdi Pahlawan utk orang Yahudi...  Di Indonesia aja Rakyat Rempang lagi di Zholimi oleh Rezim, knp ngak Lo belain,knp hrs Negara Israel yg Lo belain";0;1;1;7;in;1484472727142486019;1711343573810209176;RWati65;https://twitter.com/RWati65/status/1711529947989438896
Mon Oct 09 23:48:12 +0000 2023;1711529021736091679;"@_Banyoe Ngak usah terlalu jauh…bagaimana dgm masyarakat rempang ?";0;0;0;1;in;1601536152342708224;1711371624417734704;erwinbkri;https://twitter.com/erwinbkri/status/1711529021736091679
Mon Oct 09 23:46:17 +0000 2023;1711528539785478379;"@VIVAcoid Halllaahhh banyak lagu luh warga Rempang Wadas aja kalian tindas";0;0;0;1;in;1490475979814232064;1711429714169258047;lukman_kikin;https://twitter.com/lukman_kikin/status/1711528539785478379
Mon Oct 09 23:45:00 +0000 2023;1711528216907727343;"CATATAN Walhi Terhadap Proyek Rempang Eco City dan Bentrok di Seruyan https://t.co/rYVQP06W1g";0;0;8;7;in;1243804423001763841;1711528216907727343;democrazymedia;https://twitter.com/democrazymedia/status/1711528216907727343
Mon Oct 09 23:43:49 +0000 2023;1711527921020797364;"@13FreeStranger Hebat nian adik2 ini. Kita juga jadi paham, bedanya pemilik ijasah asli &amp  pemilik ijasah palsu. Pemilik ijasah asli ternyata menolak penggusuran/penggeseran warga Rempang. Beda bukan?! 😁";0;1;5;10;in;1085254697185828864;1711296523940884686;Didikjzie;https://twitter.com/Didikjzie/status/1711527921020797364
Mon Oct 09 23:41:50 +0000 2023;1711527420296319420;"Undang Investor Bangun Rempang, Habib Syakur : Saya Bangga dengan Jiwa. Sosial Tomy Winata Sc: tongtongkerupukkaleng  #solusiuntukrempang #rempang #fyp #foryou  #rempanggalang #tomywinata #HabibSyakur https://t.co/n8t2YWVlPg";0;1;0;1;in;848796526071627777;1711527420296319420;wartabhineka;https://twitter.com/wartabhineka/status/1711527420296319420
Mon Oct 09 23:41:42 +0000 2023;1711527386800689284;"Ngga malu sama warga rempang ?";0;0;0;0;in;28269605;1711527386800689284;asetiaji;https://twitter.com/asetiaji/status/1711527386800689284
Mon Oct 09 23:39:22 +0000 2023;1711526802429227039;"@BangPakat Raykat Rempang ajha di prank...... padahal Jokowi menang disitu.... selamat menikmati pilihan anda Bang.";0;0;0;1;in;217971997;1711235541365309487;dendy_hendrian;https://twitter.com/dendy_hendrian/status/1711526802429227039
Mon Oct 09 23:38:40 +0000 2023;1711526622883721571;"Sudahlah Bahlil cs Hentikan narasi bohong mu atas REMPANG, hari gini berbohong? Jejak digital akan bicara,  https://t.co/kIZxClQKH0 Saksikan video ini https://t.co/8ElOpAFsvb https://t.co/dwJvMcOcZD https://t.co/izO2T3PMTn https://t.co/wG22GmBtPM";0;0;0;3;in;1168102826624483329;1711526622883721571;ENS53311139;https://twitter.com/ENS53311139/status/1711526622883721571
Mon Oct 09 23:35:57 +0000 2023;1711525941049262243;"Membacakan Nyaring https://t.co/Oi8jl0lCIn #MovingEp17 Narnia Azizah KDRT Abimana #MyLovelyLiarEp14 #TXTxDior #____ Halo-Halo Bandung Rempang https://t.co/LnKJzhAoBi https://t.co/b5Nj9aU6GM https://t.co/DxMKnATDdf https://t.co/AwMQSLhu8X";0;0;0;0;in;1361969770346602501;1711525941049262243;donnymarthen;https://twitter.com/donnymarthen/status/1711525941049262243
Mon Oct 09 23:34:47 +0000 2023;1711525644906221721;"Demi Agama dan Negara jangan biarkan kezaliman di depan mata yg terjadi di Pulau Rempang";0;0;0;1;in;1610390302950580225;1711523658638979091;Rufi6236;https://twitter.com/Rufi6236/status/1711525644906221721
Mon Oct 09 23:33:34 +0000 2023;1711525338931752982;"Liat nih liciknya media barat. Iya, ini media yg sama yg kmrn2 ikut ngomporin Rempang. Dan no no, mereka tdk pernah berada di tengah. Media mainstream sejak awal kelahirannya memang tdk bertujuan utk objektif mengabarkan berita, tp sbg alat cuci otak &amp  propaganda.";0;0;0;0;in;1311885874733355009;1711525338931752982;aang_ajadeh;https://twitter.com/aang_ajadeh/status/1711525338931752982
Mon Oct 09 23:32:51 +0000 2023;1711525159469982018;"@psi_id keren banget mas ketum. kapan menyapa basis relawan jokowi di P. Rempang rakyat di sana kangen, loh";0;0;0;0;in;8008922;1711340423787245801;yadisupriyadi;https://twitter.com/yadisupriyadi/status/1711525159469982018
Mon Oct 09 23:29:58 +0000 2023;1711524432756478231;"@coldbrew165 @yo2thok Jadi Hamas ini memang harus dihabisi. Indonesia tak perlu mencampuri urusan dalam negeri mereka...! Mending kita urus KKB Papua..dan Rempang";0;3;0;0;in;1547402259910119425;1711406033493713094;JerryMassie14;https://twitter.com/JerryMassie14/status/1711524432756478231
Mon Oct 09 23:29:38 +0000 2023;1711524352024592878;"SAVE REMPANG...!https://t.co/PuPPFSynlH";0;0;0;0;en;1660312554667638784;1711524352024592878;Sapujag94048719;https://twitter.com/Sapujag94048719/status/1711524352024592878
Mon Oct 09 23:26:53 +0000 2023;1711523658638979091;"Mutiara Umat Institute: Pemberian HGU Pulau Rempang ke Investor Asing adalah Kezaliman https://t.co/iUf45Z5Kk8 via @mediaumat";0;1;0;1;in;1610390302950580225;1711523658638979091;Rufi6236;https://twitter.com/Rufi6236/status/1711523658638979091
Mon Oct 09 23:19:08 +0000 2023;1711521708371480921;"Pembangunan Rempang Eco-City, Berpihak pada Siapa?  #KebijakanLalimSengsarakanRempang  #RempangKorbanKapitalisme  #IslamSelamatkanPerempuanRempang https://t.co/HedVjRmZ7f https://t.co/HedVjRmZ7f";0;0;0;0;in;1616583807674748928;1711521708371480921;nurinsaafr;https://twitter.com/nurinsaafr/status/1711521708371480921
Mon Oct 09 23:19:08 +0000 2023;1711521710028234814;"@hasyimmah Jika anda orang Melayu Rempang, apa yang akan anda lakukan saat ini???";0;0;0;0;in;4833561138;1711279411016937783;ashiem_Hamz;https://twitter.com/ashiem_Hamz/status/1711521710028234814
Mon Oct 09 23:23:58 +0000 2023;1711522923293622653;"Enaknya jadi Inggris. Dia yg garis2 wilayah orang, giliran yg punya tanah melawan tinggal sebut teroris. Dejavu Rempang. Ehh.";1;0;1;0;in;1451753998046810112;1711522923293622653;2komaini_ahmad4;https://twitter.com/2komaini_ahmad4/status/1711522923293622653
Mon Oct 09 23:11:10 +0000 2023;1711519702886039911;"@VIVAcoid Tuan putri sibuk amat, amat sj gak sibuk urus Rempang, dan kekacauan di Kalimantan. Yg mana abdi negara nembak rakyat jelata. Urus negerimu yg amburadul, stelah beres baru bs urus negara laen";0;0;0;1;in;1403967435108077570;1711429714169258047;SunartoIstiana;https://twitter.com/SunartoIstiana/status/1711519702886039911
Mon Oct 09 23:03:42 +0000 2023;1711517823561044264;"Penjajahan berganti dari Pusat ke Pemprov!! Mirip rempang ya?pusat nya Binjai. Setelah ditinggal Gub gini, Plt gk ada yg bagus kutengok. Mending ksh Sekda/Asekda. Yg angkat Kementrian yg ganti Pemprov, mo jadikan apalagi itu.hati2 medali internasional ditarik kembali!!!😲😲😲";0;0;0;0;in;3334648453;1711517823561044264;Nedhoepoerba;https://twitter.com/Nedhoepoerba/status/1711517823561044264
Mon Oct 09 22:52:46 +0000 2023;1711515071242006689;"Rempang jg blum kelar,  jgn muluk2 lah, ngaca...";0;0;0;0;in;551579734;1711515071242006689;Abu_Nafstami;https://twitter.com/Abu_Nafstami/status/1711515071242006689
Mon Oct 09 22:51:54 +0000 2023;1711514854757179786;"@BSbukit BELANDA HITAM YG DIPAKE BAJINGAN INVESTASI, UNTUK INTIMIDASI WARGA MELAYU REMPANG.";0;0;0;2;in;1535500239905640448;1711231151543898560;AkuanBudiman;https://twitter.com/AkuanBudiman/status/1711514854757179786
Mon Oct 09 22:35:29 +0000 2023;1711510723657167004;"@BangPakat @tukangkanebo Kqyak nya sebentar lg tanah dayak kayak rempang😅";0;0;0;2;in;1100546588017979393;1711368050392617444;dy04343703;https://twitter.com/dy04343703/status/1711510723657167004
Mon Oct 09 22:09:39 +0000 2023;1711504221311553644;"@HutajuluP27080 @STresnowat101 Orang yg bela Palestina rata2 sangat vokal bela kasus rempang. Yang sinis/diam masalah Palestina umumnya juga sinis/diam dalam masalah Rempang. Coba perhatikan. Mereka berada dalam sisi yang sama.";0;0;0;0;in;117420297;1711347287014961378;WidayatWsb;https://twitter.com/WidayatWsb/status/1711504221311553644
Mon Oct 09 22:07:22 +0000 2023;1711503647883043203;"@Bambangmulyonoo @AgusPrasodjo2 Demikian juga penggusuran di Rempang,menyisakan kesedihan dan dendam .";0;0;0;0;in;1500712952403742720;1711232697950199964;radikal_rayap;https://twitter.com/radikal_rayap/status/1711503647883043203
Mon Oct 09 21:46:27 +0000 2023;1711498383079399533;"@Basukirahmat70 @rachlannashidik Begini lah model pendukung rezim ini tdk punya hati,semoga kelak    dia jg rasakan apa yg di rasakan warga rempang.";0;0;0;0;in;1510272432225255429;1703571638745514133;MAchmad13373343;https://twitter.com/MAchmad13373343/status/1711498383079399533
Mon Oct 09 21:22:39 +0000 2023;1711492395806978517;"@arrahmah #FreePalastine   Usir penjajah Indonesia di Rempang, Kalimantan, Sulawesi, Papua, dan Istana Negara.  #FreePalastine https://t.co/USnIdMogqZ";0;0;2;17;in;1490895533611053060;1711428397954719898;DataZakee;https://twitter.com/DataZakee/status/1711492395806978517
Mon Oct 09 20:51:25 +0000 2023;1711484534326546525;"@sahabatalaqsha #BreakingNews Hingga saat ini, lebih dari 1.000 orang penjajah israel tewas sejak penyerbuan ke permukiman penjajah israel di sekitar Jalur Gaza (sumber lansiran sumber Ibrani) Sumber: Ar-Risalah  Semoga Penjajah Indonesia di Rempang, Kalimantan,  bisa kita usir. #FreePalastine https://t.co/8xuFwcI94N";0;0;0;0;in;1490895533611053060;1711434810831352006;DataZakee;https://twitter.com/DataZakee/status/1711484534326546525
Mon Oct 09 20:50:25 +0000 2023;1711484284815695889;"@AzzamIzzulhaq #BreakingNews Hingga saat ini, lebih dari 1.000 orang penjajah israel tewas sejak penyerbuan ke permukiman penjajah israel di sekitar Jalur Gaza (kata lansiran sumber Ibrani) Sumber: Ar-Risalah  Semoga Penjajah Indonesia di Rempang, Kalimantan,  bisa kita usir. #FreePalastine https://t.co/QSGUUE1fcf";0;0;0;0;in;1490895533611053060;1711483259597840803;DataZakee;https://twitter.com/DataZakee/status/1711484284815695889
Mon Oct 09 20:48:28 +0000 2023;1711483791112581232;"@yo2thok #BreakingNews Hingga saat ini, lebih dari 1.000 orang penjajah israel tewas sejak penyerbuan ke permukiman penjajah israel di sekitar Jalur Gaza (menurut lansiran sumber Ibrani) Sumber: Ar-Risalah  Semoga Penjajah Indonesia di Rempang, Kalimantan,  bisa kita usir. #FreePalastine https://t.co/UCdcbjEtaT";0;0;0;0;in;1490895533611053060;1711170207794995671;DataZakee;https://twitter.com/DataZakee/status/1711483791112581232
Mon Oct 09 20:47:44 +0000 2023;1711483606726824237;"@arrahmah #BreakingNews Hingga kini, lebih dari 1.000 orang penjajah israel tewas sejak penyerbuan ke permukiman penjajah israel di sekitar Jalur Gaza (menurut lansiran sumber Ibrani) Sumber: Ar-Risalah  Semoga Penjajah Indonesia di Rempang, Kalimantan,  bisa kita usir. #FreePalastine";0;0;0;0;in;1490895533611053060;1711221066021138702;DataZakee;https://twitter.com/DataZakee/status/1711483606726824237
Mon Oct 09 20:46:53 +0000 2023;1711483395400982979;"#BreakingNews Hingga saat ini, lebih dari 1.000 orang penjajah israel tewas sejak penyerbuan ke permukiman penjajah israel di sekitar Jalur Gaza (menurut lansiran sumber Ibrani) Sumber: Ar-Risalah  Semoga Penjajah Indonesia di Rempang, Kalimantan,  bisa kita usir. #FreePalastine";0;0;0;1;in;1490895533611053060;1711483395400982979;DataZakee;https://twitter.com/DataZakee/status/1711483395400982979
Mon Oct 09 20:42:38 +0000 2023;1711482324221886532;"@VIVAcoid Di Seruyan,Wadas dan Rempang aja gak bisa jadi penengah yang baik,kok iseng jadi penengah Hamas-Israel?";0;2;1;42;in;1603798219418308608;1711429714169258047;Supriyo96848569;https://twitter.com/Supriyo96848569/status/1711482324221886532
Mon Oct 09 20:23:54 +0000 2023;1711477611258622360;"@KMoran35356 @ganjarpranowo https://t.co/FZFigFwRir Yg ngomong kelar itu Mbahmu, Rakyat Pribumi Rempang Galang jelas menolak tanah leluhurnya digusur demi investasi China.";0;0;0;0;in;80272864;1711026894412697829;zizuzee;https://twitter.com/zizuzee/status/1711477611258622360
Mon Oct 09 20:06:06 +0000 2023;1711473128592044087;"@jaack_sorrow @ZahidFaoziah @ronaldy596 Justru anda yg terlihat sbg buzzer, buzzer oligarki. Ini soal paradigma, cara berpikir, sama dengan kasus Rempang, warga lokal yg sdh ratusan tahun turun temurun dipaksa pindah dgn logika ganti rugi. Ini soal keadilan sosial.";0;0;0;0;in;1206082727117828099;1711072770090778862;prabamska;https://twitter.com/prabamska/status/1711473128592044087
Mon Oct 09 20:03:10 +0000 2023;1711472392416219564;"@VIVAcoid Wealah to mbak @puanmaharani_ri ... wacana  Nya bagus sih, tapi apa gak pada ketawa negara lain,, ngatasi Rempang aja pakai TNI POLRI,, ngatasi protes sawit aja pakai tembak mati. Sepertinya problem negeriku lebih kompleks dari perang gaza";0;0;0;0;in;1502368658290769920;1711429714169258047;donad4656;https://twitter.com/donad4656/status/1711472392416219564
Mon Oct 09 20:02:51 +0000 2023;1711472313634550173;"Jika pejuang Khilafah ga boleh bela Rempang, ditunggu dong pembelaan para pejuang HAM, pejuang kesetaraan, pejuang NKRI harga mati.....  #KebijakanLalimSengsarakanRempang  #RempangKorbanKapitalisme  #IslamSelamatkanPerempuanRempang";0;0;0;0;in;1686706154645356544;1711472313634550173;Larsis1983;https://twitter.com/Larsis1983/status/1711472313634550173
Mon Oct 09 20:00:36 +0000 2023;1711471747726491918;"@Kevin07_M @yoeandha01 @hasyimmah Nah lu pandangan gmn ttg rempang cebong.";0;1;0;0;in;309764129;1711279411016937783;Faridchenko;https://twitter.com/Faridchenko/status/1711471747726491918
Mon Oct 09 19:32:42 +0000 2023;1711464723949248983;"Solidaritas untuk Palestina, Papua, Rempang, Seruyan, dan seluruh umat manusia yang terjajah dan memutuskan untuk melawan dengan apa yang mereka punya, semoga saudaraku meraih kemenangan, Aamiin";0;0;1;4;in;3222103262;1711464723949248983;teguhsd;https://twitter.com/teguhsd/status/1711464723949248983
Mon Oct 09 19:27:25 +0000 2023;1711463394015051859;"Solidaritas untuk Palestina, Papua, Rempang, Seruyan, dan seluruh umat manusia yang terjajah dan memutuskan untuk melawan dengan apa yang mereka punya, semoga saudaraku meraih kemenangan";0;0;0;2;in;3222103262;1711463394015051859;teguhsd;https://twitter.com/teguhsd/status/1711463394015051859
Mon Oct 09 19:26:56 +0000 2023;1711463272120279152;"Solidaritas untuk Palestina, Papua, Rempang, Seruyan, dan seluruh umat manusia yang terjajah dan memutuskan untuk melawan dengan apa yang mereka punya, semoga saudaraku meraih kemenangan";0;0;0;1;in;3222103262;1711463272120279152;teguhsd;https://twitter.com/teguhsd/status/1711463272120279152
Mon Oct 09 19:14:07 +0000 2023;1711460047946141880;"@VIVAcoid Terlalu mengide bu. Rempang, kalimantan bentrok aja. Gak mau ibu ajukan penengah ke pemerintah. 🥲";0;0;0;2;in;1890856070;1711429714169258047;FahrulJan;https://twitter.com/FahrulJan/status/1711460047946141880
Mon Oct 09 18:59:00 +0000 2023;1711456244165468241;"warga melayu rempang ekstra ketat menjaga daerahnya dari orang² aneh yg datang dengan membawa golok utk melakukan pengukuran lahan https://t.co/OjzKI5QGiX";0;0;34;50;in;1138950541180936192;1711456244165468241;hc_poirot;https://twitter.com/hc_poirot/status/1711456244165468241
Mon Oct 09 18:41:35 +0000 2023;1711451859154854139;"Rakyat KTNA Rempang Gantungkan Nasibnya ke DPRD Kepri, Aziis: Tidak Ada Titik Terang https://t.co/q2KB8IeBaA https://t.co/kQvCApUW8F";0;0;0;0;in;834850333184622593;1711451859154854139;untungsijorike1;https://twitter.com/untungsijorike1/status/1711451859154854139
Mon Oct 09 18:40:54 +0000 2023;1711451688668979239;"@ArieMutyara Anak2, perempuan di Rempang gimana...Yahud";0;0;0;0;in;1469152349339873281;1711279423885070466;ben_nyak;https://twitter.com/ben_nyak/status/1711451688668979239
Mon Oct 09 18:32:55 +0000 2023;1711449677701538298;"Ingat cerita jaman dulu, saat Indonesia di jajah, Rakyat bersatu bahu membahu untuk mengusir Penjajah, tujuannya hanya satu "mempertahankan dan merebut Tanah ini". #FreePalastine #Israel #Rempang #Seruyan #Malam #00.00 WIB #Mauuu #cpns #Rp 1 #DALEM SAYANG #Hamas";0;0;0;0;in;806052552475193344;1711449677701538298;adies09;https://twitter.com/adies09/status/1711449677701538298
Mon Oct 09 18:31:42 +0000 2023;1711449375522906144;"@VIVAcoid Ke rempang aja dulu";0;0;1;1;in;2940039182;1711429714169258047;pph_online;https://twitter.com/pph_online/status/1711449375522906144
Mon Oct 09 18:28:05 +0000 2023;1711448462036804045;"@ZulkifliLubis69 @jokowi Bahlul @bahlillahadalia Londo Ireng masih napsu mengusir rakyat Rempang dari tanah mereka. Diusir rakyat masih cengengesan sungguh tak tahu malu.";0;0;0;1;in;1234296787424423942;1710718563110236448;RPanggaleh;https://twitter.com/RPanggaleh/status/1711448462036804045
Mon Oct 09 18:27:23 +0000 2023;1711448286182375587;"@OnlineNico37586 @tvOneNews yang korupsi trilyunan si mata sipit pemakan babi,yg lu benci arab.konflik rempang gegara perusahaan cina,yg lu benci yaman.temen gw banyak yg kristen,tapi gak goblok kek lu";0;0;0;3;in;1695111394352660480;1711219320691499163;kolektorGMC;https://twitter.com/kolektorGMC/status/1711448286182375587
Mon Oct 09 18:17:25 +0000 2023;1711445780761108526;"@VIVAcoid Kenapa puan tdk meminta juga pemerintah utk memerdekakan masyarakat,rempang,galang dan di daerah lain yg mengalami hal yg sama tertindas";0;0;0;1;in;1346023895149625344;1711429714169258047;AlHaidir11;https://twitter.com/AlHaidir11/status/1711445780761108526
Mon Oct 09 18:10:14 +0000 2023;1711443970109342148;"@LM5WiN @Depa_29 @kegblgnunfaedh Jokowi Rempang aja ga di urusin, apalgi ginian";0;1;0;0;in;1581860151765524481;1711357379038925295;IndomieSasa;https://twitter.com/IndomieSasa/status/1711443970109342148
Mon Oct 09 17:31:12 +0000 2023;1711434147816931605;"@VIVAcoid Sementara yang dekat aja dulu bu. Konflik rempang, Kalimantan, dll";0;0;0;8;in;3300650341;1711429714169258047;manociprut;https://twitter.com/manociprut/status/1711434147816931605
Mon Oct 09 17:21:21 +0000 2023;1711431670396838104;"@hannywidia Panas ye daerah rembang dan sekitarnya han?";0;1;0;0;in;408466138;1711414937703334383;AlghifariWS;https://twitter.com/AlghifariWS/status/1711431670396838104
Mon Oct 09 17:09:40 +0000 2023;1711428729946464513;"#AniesMuhaimin2024 Rempang";0;0;0;0;in;1670070721186529280;1711428729946464513;joko_ngiboel;https://twitter.com/joko_ngiboel/status/1711428729946464513
Mon Oct 09 17:02:05 +0000 2023;1711426820569260114;"@jokowi woey...rempang lagi tumpah darah.g puny hati lol";0;0;0;0;in;1623784219016314880;1710914004506624503;Hagoromo_45;https://twitter.com/Hagoromo_45/status/1711426820569260114
Mon Oct 09 17:00:12 +0000 2023;1711426344872272139;"#AniesMuhaimin2024 Rempang";0;0;0;0;in;1670070721186529280;1711426344872272139;joko_ngiboel;https://twitter.com/joko_ngiboel/status/1711426344872272139
Mon Oct 09 16:59:14 +0000 2023;1711426104551235986;"#AniesMuhaimin2024 Rempang";0;0;0;0;in;1670070721186529280;1711426104551235986;joko_ngiboel;https://twitter.com/joko_ngiboel/status/1711426104551235986
Mon Oct 09 16:56:46 +0000 2023;1711425482007470114;"#AniesMuhaimin2024 Rempang";0;0;0;0;in;1670070721186529280;1711425482007470114;joko_ngiboel;https://twitter.com/joko_ngiboel/status/1711425482007470114
Mon Oct 09 16:55:15 +0000 2023;1711425099856044211;"#AniesMuhaimin2024 Rempang";0;0;0;0;in;1670070721186529280;1711425099856044211;joko_ngiboel;https://twitter.com/joko_ngiboel/status/1711425099856044211
Mon Oct 09 16:55:07 +0000 2023;1711425066523910364;"@dee_jacobus @Bro_Lucky86 @MardaniAliSera klo ge jawab gak ada agresi disana, tapi faktanya ada. Bong got 🐸🔨👊 gw mau tanya, apa tujuan anjing polisi dan teeni keparat ada di Rempang, jumlahnya ribuan lagi, jawab bong got 🐸🔨👊";0;0;0;0;in;1641024617442861058;1711155296784326807;PastiNgibul;https://twitter.com/PastiNgibul/status/1711425066523910364
Mon Oct 09 16:53:25 +0000 2023;1711424641091461405;"#AniesMuhaimin2024 Rempang";0;0;0;0;in;1670070721186529280;1711424641091461405;joko_ngiboel;https://twitter.com/joko_ngiboel/status/1711424641091461405
Mon Oct 09 16:50:51 +0000 2023;1711423993482535321;"#AniesMuhaimin2024 Rempang";0;0;0;0;in;1670070721186529280;1711423993482535321;joko_ngiboel;https://twitter.com/joko_ngiboel/status/1711423993482535321
Mon Oct 09 16:50:18 +0000 2023;1711423853376004394;"#AniesMuhaimin2024 Rempang";0;0;0;0;in;1670070721186529280;1711423853376004394;joko_ngiboel;https://twitter.com/joko_ngiboel/status/1711423853376004394
Mon Oct 09 16:49:38 +0000 2023;1711423689668124893;"70 Persen Warga Rempang Bersedia Digeser, Partai Perindo Apresiasi Dialog Pemerintah dan Masyarakat https://t.co/1R3sytQMDG";1;1;0;1;in;231355136;1711423689668124893;SINDOnews;https://twitter.com/SINDOnews/status/1711423689668124893
Mon Oct 09 16:49:09 +0000 2023;1711423567899001107;"#AniesMuhaimin2024 Rempang";0;0;0;0;in;1670070721186529280;1711423567899001107;joko_ngiboel;https://twitter.com/joko_ngiboel/status/1711423567899001107
Mon Oct 09 16:48:28 +0000 2023;1711423391935455661;"#AniesMuhaimin2024 Rempang";0;0;0;0;in;1670070721186529280;1711423391935455661;joko_ngiboel;https://twitter.com/joko_ngiboel/status/1711423391935455661
Mon Oct 09 16:47:18 +0000 2023;1711423100263465452;"70% Warga Rempang Bersedia Digeser, Perindo Apresiasi Dialog Pemerintah dan Masyarakat https://t.co/kkxcfb3yyS";0;0;0;1;in;47274731;1711423100263465452;okezonenews;https://twitter.com/okezonenews/status/1711423100263465452
Mon Oct 09 16:31:51 +0000 2023;1711419212697305526;"@Catatan_ali7 Yang di rempang dah mulai pada pindah ke hunian sementara( perumahan sambau, rusun muka kuning dan ruko buana park)...kayaknya negosiasi pemerintah dan masyarakat rempang berhasil mendapatkan kesempatan...";0;2;0;0;in;1152707809689010176;1711416404711186921;mbahjhojho;https://twitter.com/mbahjhojho/status/1711419212697305526
Mon Oct 09 16:20:42 +0000 2023;1711416404711186921;"Tetap kawal saudara saudara kita di Seruyan dan Rempang yang sedang berjuang memperjuangkan HAK mereka........  Jangan sampai Memikirkan Negara Lain lupa memikirkan nasib negara sendiri.....";1;2;19;46;in;1133311906976952320;1711416404711186921;Catatan_ali7;https://twitter.com/Catatan_ali7/status/1711416404711186921
Mon Oct 09 16:05:54 +0000 2023;1711412679699759316;"Mirip kasus rempang,  iya ga iya ga?.";0;0;0;0;in;1259165043196747776;1711412679699759316;riewehh;https://twitter.com/riewehh/status/1711412679699759316
Mon Oct 09 15:46:16 +0000 2023;1711407739732439440;"Sampaikan Aspirasi ke Wakil Rakyat, Petisi 100 Minta Proyek Rempang Eco City Dibatalkan via @kedaipenacom https://t.co/QyZCsYKI0z";0;0;2;2;in;793719410275983361;1711407739732439440;KedaiPenaCom;https://twitter.com/KedaiPenaCom/status/1711407739732439440
Mon Oct 09 15:45:27 +0000 2023;1711407535419531527;"ramai mengatasnamakan bela warga #rempang .  tapi kalau seandainya tidak ada pembangunan di #rempang .  apa mereka peduli ?";0;0;0;0;in;1694248463750615041;1711407535419531527;Denis8119683146;https://twitter.com/Denis8119683146/status/1711407535419531527
Mon Oct 09 15:44:15 +0000 2023;1711407231890084068;"Catatan Walhi Terhadap Proyek Rempang Eco City dan Bentrok di Seruyan https://t.co/v9QDtCTIFh  https://t.co/v9QDtCTIFh";0;0;0;0;in;1636627729675337734;1711407231890084068;posaktualcom;https://twitter.com/posaktualcom/status/1711407231890084068
Mon Oct 09 15:44:01 +0000 2023;1711407172742164847;"Solidaritas untuk Palestine... Rempang, seruyan dan semua wilayah orang yang sedang terjajah... #standwithPalestine";0;0;0;0;in;51992596;1711407172742164847;ortsasybur;https://twitter.com/ortsasybur/status/1711407172742164847
Mon Oct 09 15:41:47 +0000 2023;1711406614622904737;"Majlis Syura Partai Ummat)   📝Sambutan dan Pengantar Diskusi : Dr. Ing. Ridho Rahmadi, https://t.co/QcOn2ml2Pn. (Ketua Umum Partai Ummat)  📣Nara Sumber : 1️⃣ Syaed Lukman (Ketua Tim Advokasi Rempang Partai Ummat)  2️⃣ Kazzaini KS (Pengamat Masyarakat Melayu Rempang)";0;1;0;1;in;1467469961475997697;1711406612043497501;annourcharity;https://twitter.com/annourcharity/status/1711406614622904737
Mon Oct 09 15:41:47 +0000 2023;1711406612043497501;"بِسْمِ اللهِ الرَّحْمٰنِ الرَّحِيْم  *UMMAT LEADERS' CLUB PRESENTS*  Webinar : *_"Class Action_ Warga Rempang : Menggugat Pemerintah Salah Urus Rakyat"*  🗓️ Hari/Tgl. : Rabu, 11 Oktober 2023  🕓 Pukul : 16.00 s.d. 18. 00  🎤 _Keynote Speaker :_ Prof. Dr. M. Amien Rais, MA (Ketua https://t.co/IOq9xwb6RT";0;1;6;15;und;1467469961475997697;1711406612043497501;annourcharity;https://twitter.com/annourcharity/status/1711406612043497501
Mon Oct 09 15:41:43 +0000 2023;1711406595417239688;"@alisyarief @jokowi Efek  doa  Rakyat Rempang 🤩";0;0;0;0;in;1687673635807678465;1711301985566445961;Mpejuang10202;https://twitter.com/Mpejuang10202/status/1711406595417239688
Mon Oct 09 15:41:13 +0000 2023;1711406468845719736;"@msaid_didu Wah kalau proyek di rempang itu gagal Pak @bahlillahadalia rugi, hehe";0;1;0;7;in;1604739404245135360;1711386714386886791;Catuk4;https://twitter.com/Catuk4/status/1711406468845719736
Mon Oct 09 15:38:52 +0000 2023;1711405877423693909;"tadi belajar kasus rempang taunya yang dibahas kasus seruyan 😁";0;0;0;0;in;1408054178253991942;1711405877423693909;sadhooe;https://twitter.com/sadhooe/status/1711405877423693909
Mon Oct 09 15:38:48 +0000 2023;1711405862496190641;"Khabar dari #rempang  . #batam #kepri #rempangmasadepancerah  #rempangsejahtera https://t.co/jzkLTFOKJc";0;0;0;0;in;1694263923544035328;1711405862496190641;rempang_04;https://twitter.com/rempang_04/status/1711405862496190641
Mon Oct 09 15:37:16 +0000 2023;1711405476225978825;"@andikamalreza Sama2 tidak ada yg bela rempang dan serayun";0;0;0;0;in;1480040136947617793;1710958126097481729;hariagusmin;https://twitter.com/hariagusmin/status/1711405476225978825
Mon Oct 09 15:36:05 +0000 2023;1711405176790323453;"Hentikan semua kebohonganmu soal Rempang  Bahlil, pulanglah ke asalmu Papua, bangunlah ECO city disana agar kamu berguna. https://t.co/N9lfhIq6Sz";0;0;0;0;in;1092958177;1711405176790323453;pandandjati;https://twitter.com/pandandjati/status/1711405176790323453
Mon Oct 09 15:35:53 +0000 2023;1711405126609760569;"@HutajuluP27080 @STresnowat101 Rempang dan kalimantan tetap saya bela karna saya cinta Indonesia ,klw palestina itu pangilan agama kami sebagai muslim cinta pakestine jangan kau bilang bodoh klw kami bela palestina";0;0;0;0;in;1604768286650302469;1711347287014961378;anakmalam03;https://twitter.com/anakmalam03/status/1711405126609760569
Mon Oct 09 15:30:32 +0000 2023;1711403782356291993;"@Stev3n_Peg3l Jokowi ngak mau melindungi Rakyat Rempang sih  Suatu hari kamu sendiri nti yg di usir oleh Proses Alam dri rumah kamu  Harusnya di Masa Akhir tugasmu, buktikan pada Rakyat, klo kamu Pemimpin yg Amanah bsa menjaga, Melindungi dan Menghormati seluruh Rakyat Indonesia 🇮🇩🇮🇩🇮🇩";0;0;0;6;in;1484472727142486019;1710950796022681954;RWati65;https://twitter.com/RWati65/status/1711403782356291993
Mon Oct 09 15:27:26 +0000 2023;1711403001188168107;"Good news Lur! Sebentar lagi GoFood akan ada di Rembang/Pati/Grobogan/Blora dan sekitarnya, yang punya usaha kuliner, ayo kembangkan usahamu dengan daftar via aplikasi GoBiz (Gratis)  https://t.co/xZjDlvITy6 https://t.co/KaPyFBKo83";0;0;0;0;in;85026431;1711403001188168107;ditodewa;https://twitter.com/ditodewa/status/1711403001188168107
Mon Oct 09 15:21:01 +0000 2023;1711401387798774061;"Jangan lupakan Rempang";0;0;2;2;in;392849947;1711401387798774061;balamvin;https://twitter.com/balamvin/status/1711401387798774061
Mon Oct 09 15:11:22 +0000 2023;1711398959900684742;"Bagaimana kelanjutan Polemik Rempang Batam ?  Rapat Komisi VI DPR RI dan Menteri Investasi RI.  https://t.co/lNZoScNsmC";0;0;0;0;in;1347150681820434433;1711398959900684742;gagasekonomi;https://twitter.com/gagasekonomi/status/1711398959900684742
Mon Oct 09 15:08:07 +0000 2023;1711398141243850947;"@NinzExe07 yg ngotot pulau rempang hrs di kosongkan utk pabrik kaca itu!! itu dia!! penjahatnya!!! dialah sumber malh di rempang!! krn dia punya keoentingan pribadi dan golonganya disana!!! penghianat bangsat sebenarnya mereka‼️";0;0;0;1;in;1489979337885765633;1711315862454775829;Kopirobusta9;https://twitter.com/Kopirobusta9/status/1711398141243850947
Mon Oct 09 15:07:39 +0000 2023;1711398023820157141;"@BSbukit Sekitar Rempang banyak wajah tampang model gini. Di Galang pinggiran";0;0;0;5;in;1603550969173749760;1711231151543898560;HoutenMeneer;https://twitter.com/HoutenMeneer/status/1711398023820157141
Mon Oct 09 15:05:16 +0000 2023;1711397421635473654;"@Kevin07_M @yoeandha01 @hasyimmah Sama kayak rempang ya...dijajah bangsa sendiri";0;1;0;0;in;1294891770833035268;1711279411016937783;Yanto24243994;https://twitter.com/Yanto24243994/status/1711397421635473654
Mon Oct 09 15:02:06 +0000 2023;1711396627330834661;"BP Batam kembali memfasilitasi pergeseran terhadap delapan Kepala Keluarga (KK) yang terdampak pengembangan Rempang Eco-City ke hunian sementara, Sabtu (7/10/2023).  https://t.co/SSZHND5VXL";0;0;0;0;in;1269940432336633856;1711396627330834661;batamline;https://twitter.com/batamline/status/1711396627330834661
Mon Oct 09 15:00:08 +0000 2023;1711396130351968735;"10/🎭  The Rempang Eco City project sketches a compelling narrative of modern development tales, where economic ambitions, local communities, and global geopolitics dance together. As the tale unfolds, the ripples are felt far and wide.";0;1;0;0;en;1709775121924362240;1711396115038560364;climatier;https://twitter.com/climatier/status/1711396130351968735
Mon Oct 09 15:00:07 +0000 2023;1711396128330232066;"9/ 💼 Global investors are watching closely. The unfolding scenario in Rempang could significantly impact Indonesia's attractiveness as a lucrative investment destination. The stakes are high as the drama unfolds on the Rempang shores.";0;1;0;0;en;1709775121924362240;1711396115038560364;climatier;https://twitter.com/climatier/status/1711396128330232066
Mon Oct 09 15:00:06 +0000 2023;1711396122059747705;"5/ 🌏 The "Malacca Dilemma" unveils China's economic security challenges, a narrative that intertwines with the significant Chinese investment in the Rempang project. It’s a geopolitical dance on a tightrope between economic growth and security.";0;1;0;0;en;1709775121924362240;1711396115038560364;climatier;https://twitter.com/climatier/status/1711396122059747705
Mon Oct 09 15:00:05 +0000 2023;1711396117206962680;"2/ 🌆 The blueprint of Rempang Eco City is deemed to be a peek into a future with industrial modernization, agrotourism, and sustainable energy generation.   It's more than just an industrial venture  it's a comprehensive plan for a multi-faceted urban landscape.";0;1;0;0;en;1709775121924362240;1711396115038560364;climatier;https://twitter.com/climatier/status/1711396117206962680
Mon Oct 09 14:54:06 +0000 2023;1711394611120525501;"@ricardo_bobby @SoftWarNews Dikira yg rebut rebutan cmn islam doang? Zaman dlu hal bgt dah lumrah, bhkan skrg jga masih brlaku. Jgn jauh2 ke amerika rebut dri indian, ausi dari aborigin, di rempang aja masih berlaku";0;0;0;2;in;1676097817331507200;1711275560842969220;SyakiraVersion;https://twitter.com/SyakiraVersion/status/1711394611120525501
Mon Oct 09 14:48:38 +0000 2023;1711393238521888908;"Gelar Maulid Nabi di Rembang, PPP Ajak Santri Teladani Ajaran Nabi Muhammad https://t.co/4rD8L7VfZb #maulidnabi";0;0;0;0;in;509946051;1711393238521888908;MNCkoranSINDO;https://twitter.com/MNCkoranSINDO/status/1711393238521888908
Mon Oct 09 14:48:30 +0000 2023;1711393202182467706;"@opposite6892 Orang bayaran ...bukan penduduk REMPANG";0;0;0;0;in;1668462777030287360;1711066776170356761;Budi6gmail32922;https://twitter.com/Budi6gmail32922/status/1711393202182467706
Mon Oct 09 14:48:18 +0000 2023;1711393153331396725;"Reklamasi Benoa, gwe bersuara. Reklamasi jakarta, gwe bersuara. Kendeng, gwe bersuara. Kanjuruhan gwe bersuara, Km 50 gwe bersuara. Wadas, gwe bersuara. Rohingya gwe bersuara. Uighur gwe bersuara. Rempang, gwe bersuara. Kalbar jg.   Konsistensi menunjukkan asli tidaknya kita.";0;3;9;65;in;1588785793778479104;1711393153331396725;gus_munozz;https://twitter.com/gus_munozz/status/1711393153331396725
Mon Oct 09 14:48:05 +0000 2023;1711393098893611309;"@msaid_didu Pernyataan Bahlil tentang ada campur tangan negara lain agar Rempang gagal. Saya kira itu cuma sukuzon di Bahlil aj. Yang benar masyarakat Melayu Rempang g mau daerah itu d masuki Tiongkok. Ngerti g tu si Bahlil";0;0;0;1;in;1506195203564388356;1711390170086289480;Mustafa96991932;https://twitter.com/Mustafa96991932/status/1711393098893611309
Mon Oct 09 14:46:53 +0000 2023;1711392795007860791;"@themorningtide @BSbukit @anton_harjo Rempang tanah melayu";0;2;0;1;in;625772400;1711231151543898560;pratman66;https://twitter.com/pratman66/status/1711392795007860791
Mon Oct 09 14:40:53 +0000 2023;1711391286878712095;"@DoankWarto buzzeRp ganjar!!! menyalahkan penduduk Rempang.. sekarang menyalahkan Hamas...";0;3;0;8;in;1112936622322929665;1711387525418516824;2dibukaB;https://twitter.com/2dibukaB/status/1711391286878712095
Mon Oct 09 14:40:40 +0000 2023;1711391232134672514;"*Bantah 70 Persen Warga Rempang Mau Direlokasi, Warga Melayu Tempatan Sebut Investor yang Harus Angkat Kaki*  https://t.co/ySBoDy7NTB";0;0;0;0;in;1450818985503571969;1711391232134672514;romyfanboy;https://twitter.com/romyfanboy/status/1711391232134672514
Mon Oct 09 14:39:47 +0000 2023;1711391008918041074;"@nieke_olivia Sebelum ada Indonesia ada bahlil yg bahlul jg TM &amp  investor sdh ada warga rempang terlebih dahulu tp faktanya. Ssh mbak klu bcr fakta sm org semodel @DeHoutman_id";0;0;0;3;in;106881679;1711043289229488379;padiwig;https://twitter.com/padiwig/status/1711391008918041074
Mon Oct 09 14:37:00 +0000 2023;1711390311405203521;"@KaryaGlobalindo @alisyarief Bang, jangan berharap lebih, kasus rempang aja gk mau tau, kasus warga kalimantan yang ditembak mati aja gk ada prihatinnya.   🥲🥲🥲";0;0;0;0;in;1450374033560670210;1711299826166747638;sepreimylove;https://twitter.com/sepreimylove/status/1711390311405203521
Mon Oct 09 14:21:30 +0000 2023;1711386407183487328;"@Tulus_nih70 Bukan untuk beli pulau Rempang nih https://t.co/v2tGRN589Z";0;0;0;2;in;1595818202898235393;1711385712686436654;Arolumb1102;https://twitter.com/Arolumb1102/status/1711386407183487328
Mon Oct 09 14:21:18 +0000 2023;1711386358957375914;"@hekahert ini kabar baik dari #rempang";0;0;0;0;in;1694248463750615041;1711316150116819060;Denis8119683146;https://twitter.com/Denis8119683146/status/1711386358957375914
Mon Oct 09 14:20:48 +0000 2023;1711386233858072871;"#AniesMuhaimin2024 Rempang";0;0;0;0;in;1670070721186529280;1711386233858072871;joko_ngiboel;https://twitter.com/joko_ngiboel/status/1711386233858072871
Mon Oct 09 14:20:43 +0000 2023;1711386211275981129;"ini kabar baik dari #rempang";0;0;0;0;in;1694248463750615041;1711386211275981129;Denis8119683146;https://twitter.com/Denis8119683146/status/1711386211275981129
Mon Oct 09 14:20:28 +0000 2023;1711386149242147327;"#AniesMuhaimin2024 Rempang";0;0;0;0;in;1670070721186529280;1711386149242147327;joko_ngiboel;https://twitter.com/joko_ngiboel/status/1711386149242147327
Mon Oct 09 14:15:08 +0000 2023;1711384808516149369;"#AniesMuhaimin2024 Rempang";0;0;0;0;in;1670070721186529280;1711384808516149369;joko_ngiboel;https://twitter.com/joko_ngiboel/status/1711384808516149369
Mon Oct 09 14:14:31 +0000 2023;1711384650764230969;"Konflik rempang, konflik seruyan. Dijajah negara sendiri. Emang bener kata Bung Karno.";0;0;1;5;in;81577990;1711384650764230969;rezaa06;https://twitter.com/rezaa06/status/1711384650764230969
Mon Oct 09 14:14:28 +0000 2023;1711384639041093922;"#AniesMuhaimin2024 Rempang";0;0;0;0;in;1670070721186529280;1711384639041093922;joko_ngiboel;https://twitter.com/joko_ngiboel/status/1711384639041093922
Mon Oct 09 14:13:54 +0000 2023;1711384495876890836;"#AniesMuhaimin2024 Rempang";0;0;0;0;in;1670070721186529280;1711384495876890836;joko_ngiboel;https://twitter.com/joko_ngiboel/status/1711384495876890836
Mon Oct 09 14:12:28 +0000 2023;1711384136236327109;"#AniesMuhaimin2024 Rempang";0;0;0;0;in;1670070721186529280;1711384136236327109;joko_ngiboel;https://twitter.com/joko_ngiboel/status/1711384136236327109
Mon Oct 09 14:10:39 +0000 2023;1711383678344114468;"#AniesMuhaimin2024 Rempang";0;0;0;0;in;1670070721186529280;1711383678344114468;joko_ngiboel;https://twitter.com/joko_ngiboel/status/1711383678344114468
Mon Oct 09 14:10:12 +0000 2023;1711383563843796995;"#AniesMuhaimin2024 Rempang";0;0;0;0;in;1670070721186529280;1711383563843796995;joko_ngiboel;https://twitter.com/joko_ngiboel/status/1711383563843796995
Mon Oct 09 14:08:51 +0000 2023;1711383223077580827;"@geloraco Tanah Rempang dirampas siapa, min...??? https://t.co/glBJ1pq5wR";0;0;0;0;in;1603519972025987072;1711382620121276651;Ghozwul_Fikr;https://twitter.com/Ghozwul_Fikr/status/1711383223077580827
Mon Oct 09 14:07:47 +0000 2023;1711382956995170367;"Solidaritas untuk Palestina, Papua, Rempang, Seruyan, dan seluruh umat manusia yang terjajah dan memutuskan untuk melawan dengan apa yang mereka punya, semoga saudaraku meraih kemenangan";0;1;5;9;in;3222103262;1711382956995170367;teguhsd;https://twitter.com/teguhsd/status/1711382956995170367
Mon Oct 09 14:07:31 +0000 2023;1711382887982104652;"#AniesMuhaimin2024 Rempang";0;0;0;0;in;1670070721186529280;1711382887982104652;joko_ngiboel;https://twitter.com/joko_ngiboel/status/1711382887982104652
Mon Oct 09 14:01:17 +0000 2023;1711381321464070441;"#AniesMuhaimin2024 Rempang";0;0;0;0;in;1670070721186529280;1711381321464070441;joko_ngiboel;https://twitter.com/joko_ngiboel/status/1711381321464070441
Mon Oct 09 13:59:47 +0000 2023;1711380943976776043;"@Widino Yok bisa yokkk sampe kragan, rembang 😂";0;0;0;0;in;2210114658;1711305138638594521;farisatulsabil1;https://twitter.com/farisatulsabil1/status/1711380943976776043
Mon Oct 09 13:59:30 +0000 2023;1711380873776627826;"#AniesMuhaimin2024 Rempang";0;0;0;0;in;1670070721186529280;1711380873776627826;joko_ngiboel;https://twitter.com/joko_ngiboel/status/1711380873776627826
Mon Oct 09 13:59:05 +0000 2023;1711380769225281791;"#AniesMuhaimin2024 Rempang";0;0;0;0;in;1670070721186529280;1711380769225281791;joko_ngiboel;https://twitter.com/joko_ngiboel/status/1711380769225281791
Mon Oct 09 13:58:23 +0000 2023;1711380591290257608;"Solidaritas untuk Palestina, Papua, Rempang, Seruyan, dan seluruh umat manusia yang terjajah dan memutuskan untuk melawan dengan apa yang mereka punya, semoga saudaraku meraih kemenangan";0;0;1;7;in;3222103262;1711380591290257608;teguhsd;https://twitter.com/teguhsd/status/1711380591290257608
Mon Oct 09 13:57:49 +0000 2023;1711380449501864145;"Pengen ke Israel belain Hamas biar diliput Kompas, tapi sodara sendiri di Rempang mau digusur colonizer eh.. investor belum sempat dibelain, duh.. pilihan yang sulit.";0;0;0;0;in;1139640628445208577;1711380449501864145;riswandi_an;https://twitter.com/riswandi_an/status/1711380449501864145
Mon Oct 09 13:55:59 +0000 2023;1711379988275236944;"@STresnowat101 Solidaritas untuk Palestina, Papua, Rempang, Seruyan, dan seluruh umat manusia yang terjajah dan memutuskan untuk melawan dengan apa yang mereka punya, semoga saudaraku meraih kemenangan";0;1;10;10;in;3222103262;1711347287014961378;teguhsd;https://twitter.com/teguhsd/status/1711379988275236944
Mon Oct 09 13:55:16 +0000 2023;1711379806821200203;"#AniesMuhaimin2024 Rempang";0;0;0;0;in;1670070721186529280;1711379806821200203;joko_ngiboel;https://twitter.com/joko_ngiboel/status/1711379806821200203
Mon Oct 09 13:50:15 +0000 2023;1711378543136100672;"#AniesMuhaimin2024 Rempang";0;0;0;0;in;1670070721186529280;1711378543136100672;joko_ngiboel;https://twitter.com/joko_ngiboel/status/1711378543136100672
Mon Oct 09 13:48:39 +0000 2023;1711378142764609868;"#AniesMuhaimin2024 Rempang";0;0;0;0;in;1670070721186529280;1711378142764609868;joko_ngiboel;https://twitter.com/joko_ngiboel/status/1711378142764609868
Mon Oct 09 13:47:29 +0000 2023;1711377848915882250;"#AniesMuhaimin2024 Rempang";0;0;0;0;in;1670070721186529280;1711377848915882250;joko_ngiboel;https://twitter.com/joko_ngiboel/status/1711377848915882250
Mon Oct 09 13:46:48 +0000 2023;1711377675963809991;"#AniesMuhaimin2024 Rempang";0;0;0;0;in;1670070721186529280;1711377675963809991;joko_ngiboel;https://twitter.com/joko_ngiboel/status/1711377675963809991
Mon Oct 09 13:45:45 +0000 2023;1711377412641140928;"#AniesMuhaimin2024 Rempang";0;0;0;0;in;1670070721186529280;1711377412641140928;joko_ngiboel;https://twitter.com/joko_ngiboel/status/1711377412641140928
Mon Oct 09 13:45:27 +0000 2023;1711377338137735439;"Satset menyelesaikan aduan pungli. #GanjarPemimpinBernyali  Sempat viral di medsos ada pungli di satu sekolah di Rembang .@ganjarpranowo tegas berantas pungli di sekolah https://t.co/Y45xQGLAl1";0;0;0;0;in;1287273887269412866;1711377338137735439;ManoharaSekar;https://twitter.com/ManoharaSekar/status/1711377338137735439
Mon Oct 09 13:45:27 +0000 2023;1711377334803296366;"#AniesMuhaimin2024 Rempang";0;0;0;0;in;1670070721186529280;1711377334803296366;joko_ngiboel;https://twitter.com/joko_ngiboel/status/1711377334803296366
Mon Oct 09 13:44:08 +0000 2023;1711377003700768845;"#AniesMuhaimin2024 Rempang";0;1;3;5;in;1670070721186529280;1711377003700768845;joko_ngiboel;https://twitter.com/joko_ngiboel/status/1711377003700768845
Mon Oct 09 13:42:50 +0000 2023;1711376679762022459;"@adisesque BEM UI kok kayaknya belum kelihatan bahas Rempang ya?";0;1;0;0;in;971025988279705600;1711344959104897329;gemarbernafas;https://twitter.com/gemarbernafas/status/1711376679762022459
Mon Oct 09 13:37:36 +0000 2023;1711375361936928769;"@Kopipait__78 investasi di Rempang Galang bgmn bos?, Pinjaman hutang kereta cepat yg jadi jaminan nya APBN bgmn bos? ,Hutang sirkuit Mandalika bgmn bos? Pasti dijawab kok tanya saya...";0;0;0;1;in;1500007332368961536;1711177145639436294;boa_cr77;https://twitter.com/boa_cr77/status/1711375361936928769
Mon Oct 09 13:36:40 +0000 2023;1711375127332708633;"WARGA REMPANG TANGKAP PREMAN KIRIMAN PENGUSAHA TOMY WINATA  penjahat tomy winata mulai mengerahkan preman² bersenjata tajam utk mengintimidasi warga rempang https://t.co/txyc986f44";21;45;792;1204;in;1138950541180936192;1711375127332708633;hc_poirot;https://twitter.com/hc_poirot/status/1711375127332708633
Mon Oct 09 13:36:25 +0000 2023;1711375061255606319;""Masyarakat Rempang bukan barang yang bisa dipindahkan semaunya saja demi kepentingan pemilik modal" Tolong dipikirkan...  #KebijakanLalimSengsarakanRempang #Khilafah#SolusiRempangDenganSyariat#rempangkorbankapitalis#";0;0;0;0;in;865812840858361856;1711375061255606319;KhainaAr;https://twitter.com/KhainaAr/status/1711375061255606319
Mon Oct 09 13:34:18 +0000 2023;1711374531489841562;"@C_D3pp @panglima_z @Yak_An5 @Gank_Of_Petojo @6undul0h @ButterCupdanie1 @andi_achilles @Mulyawans07gma2 @hc_poirot @Abahpurwa1 @AraituLaki @SangKaisar723a @TuaGilaReborn @bolu_tutung Save Rempang Indonesia #FreePalestine  #FreePalestine  Not Palas...";0;0;2;4;in;1085740795020206080;1711351826430480669;sexy_killer404;https://twitter.com/sexy_killer404/status/1711374531489841562
Mon Oct 09 13:34:06 +0000 2023;1711374479325016405;"Warga Rempang Ungkap Utusan MEG Bak Preman Main Ukur Lahan, Bawa Golok Ngaku Mau Masuk Hutan https://t.co/Duy0AjrRyc  https://t.co/Duy0AjrRyc";0;0;0;0;in;1636627729675337734;1711374479325016405;posaktualcom;https://twitter.com/posaktualcom/status/1711374479325016405
Mon Oct 09 13:30:50 +0000 2023;1711373657728286796;"@nalarto @_MbakSri_ blg aja kau pendukung penjajah israel, penjajahan rempang dan tanah kalimantan...  ngapain malu malu https://t.co/IdpJkMmdvD";0;0;0;0;in;1700913750214324224;1710869269205094521;jeryforyou;https://twitter.com/jeryforyou/status/1711373657728286796
Mon Oct 09 13:24:52 +0000 2023;1711372155194388505;"selama BKO rempang kangen naik Batam 1 https://t.co/SyaJWTmbOx";0;0;0;0;in;1069257741925937154;1711372155194388505;swastyooo;https://twitter.com/swastyooo/status/1711372155194388505
Mon Oct 09 13:24:13 +0000 2023;1711371990874091526;"@VIVAcoid Kamu teriak2 serangan brutal..ini membela diri..karena ketidakadilan..penjajah.mencaplok wilayah..di rempang juga membara gara2 mau di caplok investasi pake alat negara..apalagi palestina berabad2 tanah di caplok...kemaren2 s israel nyerang palestina lebih brutal..";0;0;0;0;in;1550091357540167680;1711263366558421248;emfeef25;https://twitter.com/emfeef25/status/1711371990874091526
Mon Oct 09 13:20:11 +0000 2023;1711370978855678244;"@HutajuluP27080 @STresnowat101 Kita ?, Lu aja kale. Secara paralel kan bisa. Rempang dibela, ttg Palestina bersuara";0;0;0;1;in;1612972143616356352;1711347287014961378;HelmiZakiul;https://twitter.com/HelmiZakiul/status/1711370978855678244
Mon Oct 09 13:18:08 +0000 2023;1711370461672776187;"@MichelAdam7__ @AndyYan00254926 Rakyat Indonesia semua di suntik - suntikin vaksin covid di suruh Lu....t Rakyat Rempang di Usir- usir di suruh Lu...t  juga  Sekarang Luhut di suruh Bedrest di suruh Yang Maha Kuasa  Manusia cuma bisa berusaha tapi Rencana Allah lebih Indah, dan Manusia tidak berdaya dan upaya";0;0;0;4;in;1484472727142486019;1711236300995715089;RWati65;https://twitter.com/RWati65/status/1711370461672776187
Mon Oct 09 13:17:15 +0000 2023;1711370240104493110;"@Heraloebss @KejaksaanRI Andai saja sering kita menyaksikan peristiwa2 spt ini, tentang pedulinya pejabat2 publik, elite2 kita terhadap derita rakyatnya, dr pada yg akhir2 ini kita lihat mereka2 itu ribet dg kekuasaanya atau malah joget2 saat Rempang, Kalteng dll bergejolak, betapa damainya republik ini";0;1;0;1;in;1085254697185828864;1711340274046337059;Didikjzie;https://twitter.com/Didikjzie/status/1711370240104493110
Mon Oct 09 13:16:55 +0000 2023;1711370154599428169;"@ganjarpranowo Wkwkk dalam juono rembang sak iki piye iseh ngono kae";0;0;0;0;in;1650874759264243712;1711026894412697829;jonco4955417541;https://twitter.com/jonco4955417541/status/1711370154599428169
Mon Oct 09 13:14:15 +0000 2023;1711369484303466729;"Di Pulau Rempang rencananya akan di bangun Rempang Eco City yang di targetkan dapat menarik investasi senilai Rp380 triliun pada tahun 2080.  Lantas, apakah investasi itu justru malah melukai rakyatnya sendiri? Yuk, simak postingan berikut untuk informasi selengkapnya! https://t.co/xW7tFB33YN";0;1;0;0;in;236059964;1711369457262895362;bemFMIPAUI;https://twitter.com/bemFMIPAUI/status/1711369484303466729
Mon Oct 09 13:14:08 +0000 2023;1711369457262895362;"KONFLIK REMPANG: HARUSKAH INVESTASI MELUKAI RAKYAT SENDIRI?  Baru-baru ini, terjadi bentrok antara petugas gabungan dengan warga lokal Rempang, Kota Batam, Kepulauan Riau. Bentrok itu terjadi saat petugas gabungan datang untuk melakukan pengukuran lahan di Pulau Rempang. https://t.co/hT44UFSpGk";0;1;0;1;in;236059964;1711369457262895362;bemFMIPAUI;https://twitter.com/bemFMIPAUI/status/1711369457262895362
Mon Oct 09 13:13:18 +0000 2023;1711369246750790011;"@KiblatAkalSehat @yudaamaraa @NathPribady emang hak dia, tapi apa yang di omongin ga sesuai banget dengan sikap dia sendiri loh, ga ada  tuh dia beraninbersuara soal rempang, kanjuruhan dan wadas";0;0;0;0;in;133157248;1710818117977514429;zeronol0;https://twitter.com/zeronol0/status/1711369246750790011
Mon Oct 09 13:12:55 +0000 2023;1711369149577060400;"@6undul0h Katanya ada kajian ??? asbun aja tuh .... rempang mana kajiannya ?";0;1;0;0;in;1381426573279031296;1711366575004278932;juhaiman15;https://twitter.com/juhaiman15/status/1711369149577060400
Mon Oct 09 13:11:56 +0000 2023;1711368902343786692;"Kasus Rempang Dibawa ke MK, UU Pengadaan Tanah Bagi Pembangunan untuk Kepentingan Umum Diminta Dicabut https://t.co/6wQYUG1UKh";0;0;0;1;in;224204467;1711368902343786692;batamtoday;https://twitter.com/batamtoday/status/1711368902343786692
Mon Oct 09 13:09:36 +0000 2023;1711368316290482361;"@anismatta Memberikan rasa keadilan bagi bangsa juga amanat konstitusi  Save Rempang";0;0;0;1;in;486998039;1711273188787929358;NgaliMahfud;https://twitter.com/NgaliMahfud/status/1711368316290482361
Mon Oct 09 13:06:41 +0000 2023;1711367578902462654;"@Sam_Ardi Giliran rempang lemot banget.....";0;1;0;1;in;486998039;1711362821433573561;NgaliMahfud;https://twitter.com/NgaliMahfud/status/1711367578902462654
Mon Oct 09 13:05:45 +0000 2023;1711367345283990009;"@kang___L Rempang masih bergolak. Sebagian besar masyarakat di sana tetap menolak. Yg pindah itu hanya lah pendatang.";0;0;0;1;in;1036814004818083841;1711365606031925724;rankmudo5;https://twitter.com/rankmudo5/status/1711367345283990009
Mon Oct 09 12:59:37 +0000 2023;1711365803168428041;"UMMAT LEADERS' CLUB PRESENTS  Webinar: "Class Action_ Warga Rempang : Menggugat Pemerintah Salah Urus Rakyat"  Hari/Tgl. : Rabu, 11 Oktober 2023  Pukul : 16.00 s.d. 18. 00  Keynote Speaker :_ Prof. Dr. M. Amien Rais, MA (Ketua Majlis Syura Partai Ummat) https://t.co/KPVltXWuYT";0;0;0;0;in;1155129834172907521;1711365803168428041;FrontNelayan;https://twitter.com/FrontNelayan/status/1711365803168428041
Mon Oct 09 12:59:18 +0000 2023;1711365722272891090;"Sejarawan Nicko Pandawa menilai, praktik domein verklaring pada kasus Rempang menunjukkan watak pemerintah yang kolonial. Begini penjelasannya. #FlashNews  #KebijakanLalimSengsarakanRempang #RempangKorbanKapitalisme #IslamSelamatkanPerempuanRempang https://t.co/aUiIlihRGq";0;0;0;0;in;1694162930848419840;1711365722272891090;FitriHiday45353;https://twitter.com/FitriHiday45353/status/1711365722272891090
Mon Oct 09 12:59:08 +0000 2023;1711365682083049640;"Solidaritas untuk Palestina, Papua, Rempang, Seruyan, dan seluruh umat manusia yang terjajah dan memutuskan untuk melawan dengan apa yang mereka punya, semoga saudaraku meraih kemenangan";0;0;0;1;in;3222103262;1711365682083049640;teguhsd;https://twitter.com/teguhsd/status/1711365682083049640
Mon Oct 09 12:57:41 +0000 2023;1711365315257573626;"@KompasTV Bukti pencaplokan Zionis. Kok dibela?  Yg bela  Israel orang paling tolol. Siapapun kalau diambil tanahnya akan pasti berontak. Demikian jg dgn kita di rempang dan wilayah lainnya. https://t.co/OxvwLYa596";0;0;0;1;in;2853818442;1711179978866561380;FaisalAgil14;https://twitter.com/FaisalAgil14/status/1711365315257573626
Mon Oct 09 12:57:15 +0000 2023;1711365208458068029;"@HFSGold @Abdillahonim Rempang masih melawan Berita di jinakan";0;0;0;0;in;1527257110542594048;1711285110669000805;lubis_fauza;https://twitter.com/lubis_fauza/status/1711365208458068029
Mon Oct 09 12:55:12 +0000 2023;1711364691464016248;"@psi_id Tahun depan lengser, masih saja ngumpulin relawan. Buat apa coba ? Mending urus rakyat rempang yang digusur karena proyek PSN mu, atau rakyat dayak yang kemaren tertembak mati.";0;0;0;0;in;1704144445648846848;1711222762474467713;Komentator_baik;https://twitter.com/Komentator_baik/status/1711364691464016248
Mon Oct 09 12:47:27 +0000 2023;1711362739426488790;"Toko karangan bunga di Rembang ☎️081215758846  #huttnike78 #kodimrembang #TNI   🌏 https://t.co/X3ooqlemEB   WA https://t.co/oahjmRdQwP  #karanganbungarembang #floristrembang #bungapapanrembang #infoseputarrembang #rembangupdate #tokokaranganbungadirembang #KODIM0720REMBANG https://t.co/bO215BmDjz";0;0;0;0;in;1518895602196643840;1711362739426488790;floristrembang;https://twitter.com/floristrembang/status/1711362739426488790
Mon Oct 09 12:43:39 +0000 2023;1711361783821471909;"@Abdillahonim ada bang di Rempang tuh";0;1;0;2;in;1076364761837723649;1711285110669000805;HFSGold;https://twitter.com/HFSGold/status/1711361783821471909
Mon Oct 09 12:42:55 +0000 2023;1711361601197191431;"Toko karangan bunga di Rembang ☎️081215758846  #HUTTNIKE78 #koramilGunemRembang   🌏 https://t.co/X3ooqlemEB   WA https://t.co/oahjmRdQwP  #karanganbungarembang #floristrembang #bungapapanrembang #infoseputarrembang #rembangupdate #tokokaranganbungadirembang #GunemRembang https://t.co/C0B5ssNSOX";0;0;0;0;in;1518895602196643840;1711361601197191431;floristrembang;https://twitter.com/floristrembang/status/1711361601197191431
Mon Oct 09 12:42:35 +0000 2023;1711361515545321732;"@cordova_media @TadhgHickey Mirip kondisi rempang yg mau diambil bahlil.";0;0;0;14;in;338528250;1684804191645298688;SujarMUFC;https://twitter.com/SujarMUFC/status/1711361515545321732
Mon Oct 09 12:42:11 +0000 2023;1711361413573411036;"@BangPakat misal nih, misal, kalo jokowi cuma jawab “masa urusan kayak gitu ke presiden, harusnya kapolri” seperti pada kasus rempang kemarin, kira kira anda gimana? xixixi";0;1;0;6;in;465549059;1711235541365309487;mizoneorange;https://twitter.com/mizoneorange/status/1711361413573411036
Mon Oct 09 12:42:04 +0000 2023;1711361384825708935;"@hekahert Bergeser untuk kehidupan yg lebih baik  #rempang #rempangsehahtera #kepri";0;0;0;0;in;1426005693983649794;1711331907349446896;Laras_nia90;https://twitter.com/Laras_nia90/status/1711361384825708935
Mon Oct 09 12:40:18 +0000 2023;1711360941928153169;"Toko karangan bunga di Rembang ☎️081215758846  Karangan bunga HUT TNI KE 78   🌏 https://t.co/X3ooqlemEB   WA https://t.co/oahjmRdQwP  #karanganbungarembang #floristrembang #bungapapanrembang #infoseputarrembang #rembangupdate #tokokaranganbungadirembang #PamotanRembang https://t.co/uKeT2teaWw";0;0;0;0;in;1518895602196643840;1711360941928153169;floristrembang;https://twitter.com/floristrembang/status/1711360941928153169
Mon Oct 09 12:37:23 +0000 2023;1711360207761371229;"Toko karangan bunga di Rembang ☎️081215758846  #HUTTNIKE78 #koramilSedanRembang #tokobunga   🌏 https://t.co/X3ooqlemEB   WA https://t.co/oahjmRdQwP  #karanganbungarembang #floristrembang #bungapapanrembang #infoseputarrembang #rembangupdate #tokokaranganbungadirembang #TNI https://t.co/sWLqZ8vjBP";0;0;0;0;in;1518895602196643840;1711360207761371229;floristrembang;https://twitter.com/floristrembang/status/1711360207761371229
Mon Oct 09 12:33:55 +0000 2023;1711359333085352143;"@BSbukit @anton_harjo Warga melayu pun pendatang di rempang. Sebelum jembatan balerang jadi di tahun 98, pulang  itu sedikit yg tinggal dan semuanya rumah liar. Entah kenapa sekarang jadi banyak dan tetap saja semuanya tidak punya sertifikat tanah karena mereka menempati tanah yg bukan milik mereka";0;3;1;1;in;1589155592463007744;1711231151543898560;themorningtide;https://twitter.com/themorningtide/status/1711359333085352143
Mon Oct 09 12:33:43 +0000 2023;1711359282141352392;"@Dennysiregar7 Bagus itu bang, jadi para perusuh NKRI sekarang terpecah konsentrasinya tdk fokus di Pilpres dan Rempang";0;0;0;0;in;205180324;1711289578110255453;deddyyunarto;https://twitter.com/deddyyunarto/status/1711359282141352392
Mon Oct 09 12:33:05 +0000 2023;1711359124980842656;"Tak Mau Jadi Rempang Kedua, Warga Rumpin Mengadu ke Fadli Zon soal Konflik dengan TNI #TempoMetro https://t.co/rMTDkPBOkh";0;0;4;5;in;18129942;1711359124980842656;tempodotco;https://twitter.com/tempodotco/status/1711359124980842656
Mon Oct 09 12:30:00 +0000 2023;1711358348875161741;"Warga Rempang Ungkap Utusan MEG Bak Preman Main Ukur Lahan: 'Bawa Golok Ngaku Mau Masuk Hutan' https://t.co/25CyExLaSQ";10;7;320;545;in;1243804423001763841;1711358348875161741;democrazymedia;https://twitter.com/democrazymedia/status/1711358348875161741
Mon Oct 09 12:28:22 +0000 2023;1711357936885494217;"@HutajuluP27080 @STresnowat101 ga ada yg bodoh om, bukannya di sosmed juga rame soal rempang dan kalimantan? kalo om mau bilang bodoh sampaikan kata itu kpd aparat dan pemerintah 🙏";0;1;1;5;in;861398088;1711347287014961378;_kangbro;https://twitter.com/_kangbro/status/1711357936885494217
Mon Oct 09 12:26:59 +0000 2023;1711357590695977245;"@SoftWarNews Bantu palestina tapi jangan lupakan UU omnibuslaw, rempang galang,";0;0;0;2;in;1619307065998200835;1711279606463119479;BuanaJannah;https://twitter.com/BuanaJannah/status/1711357590695977245
Mon Oct 09 12:23:27 +0000 2023;1711356699972678116;"@NataliusPigai2 @kamila72040 BKPMI = BAHLIL KRIMINAL PENJAHAT MEMBAHAYAKAN INDONESIA, MENUDUH RAKYAT MELAYU REMPANG &amp  BATAM SBG PREMAN, KRN MELAKUKAN SERANGAN BALASAN DEMI MEMBELA RAKYAT MEMPERTAHANKAN HAK NYA SETELAH DISERANG PASUKAN GABUNGAN TNI-POLRI BERSENJATA LENGKAP &amp  GAS AIR MATA SECARA DIAM² &amp  TIBA²";0;0;0;6;in;1640518404988887041;1711264894912499865;Rizki5895243250;https://twitter.com/Rizki5895243250/status/1711356699972678116
Mon Oct 09 12:23:20 +0000 2023;1711356669899452768;"Montessori for Multiple Intelligences https://t.co/CV1Zs9iVeS Narnia #MovingEp17 Azizah Abimana KDRT #MyLovelyLiarEp14 #TXTxDior #____ Rempang https://t.co/NtA4GCfLgU https://t.co/FJYSAgtk8b https://t.co/2DZFA243pn https://t.co/GojErEz4nA";0;0;0;0;in;1361969770346602501;1711356669899452768;donnymarthen;https://twitter.com/donnymarthen/status/1711356669899452768
Mon Oct 09 12:22:52 +0000 2023;1711356552781946972;"@HutajuluP27080 @STresnowat101 ORANG YANG BELA PALESTINA PASTI BRLA REMPANG laaah...  yg TOLOL Kayak Eluh nih.... SUDAH GAK BELA REMPANG, PALESTINA PUN TIDAK KAU BELA";0;0;1;9;in;1604091267834474498;1711347287014961378;Muslim_AntiPKI9;https://twitter.com/Muslim_AntiPKI9/status/1711356552781946972
Mon Oct 09 12:20:57 +0000 2023;1711356072358011100;"@HutajuluP27080 @STresnowat101 Keduanya kita bela bahkan semua, gag cuman rempang gosah julid lah";0;0;1;4;in;1651581934655651841;1711347287014961378;prasilviat82682;https://twitter.com/prasilviat82682/status/1711356072358011100
Mon Oct 09 12:20:02 +0000 2023;1711355838718435588;"Menteri Bahlil Lahadalia Berkunjung Lagi ke Pulau Rempang https://t.co/gaIcKheDIm";0;1;2;5;in;1226436091617505281;1711355838718435588;keuangannews_id;https://twitter.com/keuangannews_id/status/1711355838718435588
Mon Oct 09 12:18:22 +0000 2023;1711355421171343803;"Ada PUNGLI Berkedok Infak di SMKN Rembang, @ganjarpranowo Panggil Kepala Sekolah.  GANJAR memuji siswa yang berani dan Jujur menyatakan di sekolahnya masih ada Pungutan Liar.  #GanjarPemimpinBernyali https://t.co/F9jzmXjYV7";0;2;13;22;in;1114848010557579269;1711355421171343803;Bams_Jilid2;https://twitter.com/Bams_Jilid2/status/1711355421171343803
Mon Oct 09 12:18:01 +0000 2023;1711355332637893096;"Boleh nanya Bang? apakah sudah ada pernyataan resmi dari pemerintah kita tentang bela Palestine? Dan siapa yang mengabaikan Rempang? Mohon info linknya 🙏";0;0;1;3;in;1131410981131653120;1711355332637893096;dp_koesmirah;https://twitter.com/dp_koesmirah/status/1711355332637893096
Mon Oct 09 12:17:56 +0000 2023;1711355314073923724;"Membacakan Nyaring https://t.co/Oi8jl0lCIn #MovingEp17 Narnia Azizah KDRT Abimana #MyLovelyLiarEp14 #TXTxDior #____ Halo-Halo Bandung Rempang https://t.co/LnKJzhAoBi https://t.co/WZK8dblIAv https://t.co/LCqB4lojBf https://t.co/ZbqdpTxPVX";0;0;0;0;in;1361969770346602501;1711355314073923724;donnymarthen;https://twitter.com/donnymarthen/status/1711355314073923724
Mon Oct 09 12:15:04 +0000 2023;1711354592557142131;"@NowhereSavior @SoftWarNews Tentaranya masih bko di rempang dan kebun sawit";0;0;0;1;in;1298821268699934726;1711189429510119634;MgzSlamet;https://twitter.com/MgzSlamet/status/1711354592557142131
Mon Oct 09 12:14:24 +0000 2023;1711354423765852608;"Kangan lupakan yg di Rempang dan Seruyan.. 😢";0;1;0;3;in;967368051908685824;1711354423765852608;BuditomoDeena;https://twitter.com/BuditomoDeena/status/1711354423765852608
Mon Oct 09 12:12:15 +0000 2023;1711353881295499579;"@jefry_wnd Kejadian begini bukan cuma terjadi di Papua, di daerah lain juga seperti di Rempang dan di Riau, ini ulah oknum makanya kalo nggak mau kejadian kayak gini jadiin Anies Baswedan presiden 2024 supaya keadilan dan kesetaraan bisa dirasakan seluruh rakyat";0;2;0;5;in;1603521044341743617;1711321120060911987;rini99714803;https://twitter.com/rini99714803/status/1711353881295499579
Mon Oct 09 12:10:10 +0000 2023;1711353356999151988;"@prophetofzorck Ini kok kek debat nasab kyai Imad vs pro habaib,gelut antar ulama...pas kejadian Rempang malah ngancam HRS para kyai pro imad,apa twitt/X ini terinspirasi kejadian itu bang?";0;0;0;0;in;1213434216957919233;1711290180102144410;SteadyAmination;https://twitter.com/SteadyAmination/status/1711353356999151988
Mon Oct 09 12:09:18 +0000 2023;1711353137423167783;"@aly_benzema Kita diam ketika ada masalah di Rempang ketika Hamas menyerang Israel kita katakan Allahuakbar ketika Israel menyerang palestina kita katakan jeonic mana yang benar";0;0;0;0;in;1692157100481560576;1711253283258630402;HutajuluP27080;https://twitter.com/HutajuluP27080/status/1711353137423167783
Mon Oct 09 12:09:14 +0000 2023;1711353121602216209;"@hekahert Untuk masa depan yg lebih baik  #rempang #rempangsejahtera #kepri";0;0;0;0;in;1426005693983649794;1711316150116819060;Laras_nia90;https://twitter.com/Laras_nia90/status/1711353121602216209
Mon Oct 09 12:08:27 +0000 2023;1711352924377624866;"Saya sarankan seluruh sekolah-sekolah dasar di 🇮🇩 menerapkan hal ini, setelah kejadian gas air mata nyasar di Rempang kemarin.";0;0;0;1;in;2556873745;1711352924377624866;ImaginarySteady;https://twitter.com/ImaginarySteady/status/1711352924377624866
Mon Oct 09 12:05:03 +0000 2023;1711352068869611921;"Pak @ganjarpranowo selesaikan aduan pungli SMK Negeri di Rembang Dimana Pak Ganjar berhentikan Kepala Sekolah SMKN tersebut yg terbukti mengadakan pungli. #GanjarPemimpinBernyali https://t.co/pLHzeyF5Rh";0;0;5;10;in;185275415;1711352068869611921;Sherin_Tiara;https://twitter.com/Sherin_Tiara/status/1711352068869611921
Mon Oct 09 12:04:55 +0000 2023;1711352034761543782;"@WilliamGuido3 @kumparan Dia mah kerja digaji ratusan juta bukan berkorban, lihat hasilnya warga rempang tergusur. Kl berkorban ky' pahlawan kemerdekaan sm korban G30/SPKi, TKI/TKW noh br disebut berkorban";0;0;0;0;in;1455397330102804481;1710278962839273829;Lisamel87832828;https://twitter.com/Lisamel87832828/status/1711352034761543782
Mon Oct 09 12:04:28 +0000 2023;1711351921720840561;"@STresnowat101 Abaikan palestina mari kita bela Rempang dan serukan kalimantan";1;2;1;1;in;1692157100481560576;1711347287014961378;HutajuluP27080;https://twitter.com/HutajuluP27080/status/1711351921720840561
Mon Oct 09 12:01:21 +0000 2023;1711351140506644932;"@STresnowat101 Alangkah bodohnya kita bela palestina rakyat Rempang kita abaikan";1;8;2;1;in;1692157100481560576;1711347287014961378;HutajuluP27080;https://twitter.com/HutajuluP27080/status/1711351140506644932
Mon Oct 09 11:59:45 +0000 2023;1711350735919890917;"Pelajaran utk para pendukung capres @aniesbaswedan @prabowo dan @ganjarpranowo jgn memanfaatkan kjadian yg mnimpa sdr² kita di #Palestine dan sdr kita di #rempang utk tujuan kmpanye, mnaikan elektabilitas,  dan Mnarik simpati dr netizens, sungguh tdk elok bila itu dilakukan";0;0;0;0;in;3219368448;1711350735919890917;kang_asepakuda;https://twitter.com/kang_asepakuda/status/1711350735919890917
Mon Oct 09 11:46:07 +0000 2023;1711347305952215323;"70 Persen Warga Pasir Panjang Rempang Bersedia Direlokasi, DPR Bilang Begini https://t.co/6AU16X2s4y";0;0;0;1;in;41730943;1711347305952215323;VIVAcoid;https://twitter.com/VIVAcoid/status/1711347305952215323
Mon Oct 09 11:45:08 +0000 2023;1711347055703232945;"Israel-Palestine in a nutshell itu gak lebih dari konflik wadas atau rempang yang dikali lipatkan 1000 ketegangan dan kebrutalannya serta pesertanya jadi antar negara.....";0;0;0;0;in;367703334;1711347055703232945;GUREMITHOU_;https://twitter.com/GUREMITHOU_/status/1711347055703232945
Mon Oct 09 11:40:50 +0000 2023;1711345975879684282;"Konflik Rempang menjadi satu dari sekian konflik agraria yang memarginalkan masyarakat adat yang memiliki hak untuk mengelola wilayah mereka sesuai dengan kearifan lokal di sana. Namun , marjinalisasi masyarakat dalam konflik agraria tidak hanya berdampak pada suku-suku asli -c";0;1;0;0;in;1705395509861781504;1711345210238894397;angkatsuara_id;https://twitter.com/angkatsuara_id/status/1711345975879684282
Mon Oct 09 11:38:44 +0000 2023;1711345447879761956;"@izzahasahri AKUN BUZZER ANJING ... BUZZEER PKI SEBAR HOAX... BUZZEER LAYAK DIBURU SAMPAI LIANG LAHAT.  PENJAJAH REMPANG.. BUZZEER PKI https://t.co/pd6aWJOGvn";0;0;0;0;in;1662756081389670401;1711344882961592737;rajatanya219446;https://twitter.com/rajatanya219446/status/1711345447879761956
Mon Oct 09 11:38:01 +0000 2023;1711345265389781288;"DPR RI Budeq &amp  Tuli soal Rempang pdhal kasus ini berpotensi disintegrasi Bangsa. Bangsa Melayu marah P. SUMATERA BISA MERDEKA. Wakil Rakyat berasal dari P. Sumatera kalian jgn Onani aja. Bicara dan bantu Rakyat.";0;1;0;7;in;1466221870294863873;1711345265389781288;ZAMHARIBASYIR1;https://twitter.com/ZAMHARIBASYIR1/status/1711345265389781288
Mon Oct 09 11:37:23 +0000 2023;1711345105351725334;"Ketegasan  @ganjarpranowo  yang membebastugaskan Kepala Sekolah SMKN 1 Sale, Kab. Rembang karena melakukan pungutan liar (pungli) berkedok infak mendapat apresiasi dari NETIZEN.  Mereka mendukung langkah tegas yg diambil Gubernur Jateng dua periode ini.  #GanjarPemimpinBernyali https://t.co/OhqGiVI6MU";0;7;23;38;in;1114848010557579269;1711345105351725334;Bams_Jilid2;https://twitter.com/Bams_Jilid2/status/1711345105351725334
Mon Oct 09 11:37:03 +0000 2023;1711345024603127879;"@voiceofpkb @aniesbaswedan @cakimiNOW Rempang tanah leluhur mereka masyarakat melayu. Jangan biarkan kepemimpinan sekarang dilanjutkan negerasinya. AMIN sokusinya";0;0;0;0;in;1138402274122690560;1711327174702383241;Henderman16;https://twitter.com/Henderman16/status/1711345024603127879
Mon Oct 09 11:36:33 +0000 2023;1711344896978895124;"masyarakat rempang bukan yang bisa dipindah semaunya hanya demi kepentingan pemilik modal #KebijakanLalimSengsarakanRempang  #RempangKorbanKapitalisme #IslamSelamatkanPerempuanRempang";0;0;0;0;in;1692678593955205120;1711344896978895124;betterfeellings;https://twitter.com/betterfeellings/status/1711344896978895124
Mon Oct 09 11:36:01 +0000 2023;1711344763973275955;"Knp harus tulis konohA. Kok tidak di NKRi yg digawangi presiden skr 'BAJINGAN TOLOL' by @rockygerung, atas ReMPaNG, SeRuYaN, mungkin akan menyusul lokasi lain ? Nggih nopo mboten pak @jokowi ?";0;0;0;0;in;1707687349;1711344763973275955;DidyCare;https://twitter.com/DidyCare/status/1711344763973275955
Mon Oct 09 11:33:47 +0000 2023;1711344199898104054;"@Widino Bisa kirim ke rembang, rembang gak ada kayak gitu";0;0;0;0;in;2423822817;1711305138638594521;telur_5;https://twitter.com/telur_5/status/1711344199898104054
Mon Oct 09 11:33:07 +0000 2023;1711344032138572286;"Ternyata Proyek Rempang, Bagian Penjajahan China di Indonesia https://t.co/tG3T20W5s4";5;2;197;428;in;1226436091617505281;1711344032138572286;keuangannews_id;https://twitter.com/keuangannews_id/status/1711344032138572286
Mon Oct 09 11:19:41 +0000 2023;1711340654973038691;"@OmJ_JeNggot Wah... harus cepat2 merdeka itu....kalo nggak nasibnya kaya rempang";0;0;0;1;in;1382821852804902912;1711281177943003570;Uge41429711;https://twitter.com/Uge41429711/status/1711340654973038691
Mon Oct 09 11:18:01 +0000 2023;1711340233135100413;"@Malika6027 Nanti kalo dia sehat saudara kita yg di Rempang di buldozer.";0;1;0;2;in;1603697257236164609;1711062348369395868;ChatibNazifah;https://twitter.com/ChatibNazifah/status/1711340233135100413
Mon Oct 09 11:16:25 +0000 2023;1711339831543189953;"@TuanBarat @tvOneNews Sok tai luhh... Masalah Rempang aja lu kaga ngarti.. Malah nyalahin org negara laen.";0;0;0;0;in;1507621639004983304;1711170512133779560;Ibk781;https://twitter.com/Ibk781/status/1711339831543189953
Mon Oct 09 11:13:30 +0000 2023;1711339096977854657;"@AgusYudhoyono Pejajahan berkedok Investasi juga ada tum. Rempang, Seruyan dan lainnya giman ni Tum.. klo yang jauh kita hanya mampu memberikan do'a dan dukungan. tapi di negara Indonesia dgn status oposisi saat ini apakah gak minat bersuara? seruyan baru makan korban kmarin mw tunggu dmn lg.?";0;0;0;1;in;174603612;1711243221836407285;ariyantosetyaji;https://twitter.com/ariyantosetyaji/status/1711339096977854657
Mon Oct 09 11:12:04 +0000 2023;1711338736968196405;"@PastiNgibul @Bro_Lucky86 @MardaniAliSera Gue nanya loe drun. 🤣  Siapa yg melakukan agresi di rempang?";0;1;0;0;in;3230404190;1711155296784326807;dee_jacobus;https://twitter.com/dee_jacobus/status/1711338736968196405
Mon Oct 09 11:09:38 +0000 2023;1711338123282858204;"Ada yg jual anakan kalkun area Pati, Rembang dsk gak ya :)";0;0;0;0;in;1289833113820921856;1711338123282858204;widhi_kw;https://twitter.com/widhi_kw/status/1711338123282858204
Mon Oct 09 11:02:50 +0000 2023;1711336413877424516;"Tiba2 aku kepikiran lagi, ingin membuat media online....  Media lokal. Mrmbahas tentang problematika dan krunikan Rembang.";0;1;0;0;in;354135036;1550823468811579393;ZackySedan;https://twitter.com/ZackySedan/status/1711336413877424516
Mon Oct 09 11:00:56 +0000 2023;1711335932983709900;"Melihat fakta : Km50  Korban Mei 2019 130 mati di Kanjuruhan Terusiknya warga Rempang dan warga Kalimantan demi konglomerat layaknya melihat tentara Israel memopor anak Palestine yang hanya memegang batu demi pertahankan hak atas tanah leluhur. Tapi kabur melihat  KKB. BANCI.";0;0;0;0;in;1272768497945178112;1711335932983709900;Virsi6;https://twitter.com/Virsi6/status/1711335932983709900
Mon Oct 09 11:00:25 +0000 2023;1711335806118547630;"@Humairah_922 Dalang rempang";0;0;0;6;tl;1683415061497536512;1711205768995971409;Uranus_wmx;https://twitter.com/Uranus_wmx/status/1711335806118547630
Mon Oct 09 11:00:03 +0000 2023;1711335711821947144;"Ganjar Pranowo mengambil sikap tegas terhadap Kepala Sekolah SMKN 1 Sale, Kabupaten Rembang dengan dibebastugaskan dari jabatannya  Hal ini terkait pungutan liar atau pungli berkedok infaq ke siswa ~ #GanjarPemimpinBernyali https://t.co/JZdaIX9vdh";0;1;5;6;in;1303593561363894272;1711335711821947144;GustiMberkahi;https://twitter.com/GustiMberkahi/status/1711335711821947144
Mon Oct 09 10:58:14 +0000 2023;1711335255993655326;"@T007bond @VIVAcoid Pasti 81% yg puas disurvey itu bukan : - Warga Wadas - Warga Rempang - Warga Lombok Mandalika - Warga Labuan Bajo";0;1;0;0;in;2443222076;1710849134247416109;asik_mulu;https://twitter.com/asik_mulu/status/1711335255993655326
Mon Oct 09 10:56:23 +0000 2023;1711334789075337483;"Jika pejuang khilafah ga boleh bela rempang, ditunggu dong pembelaan para pejuang HAM, pejuang kesetaraan, dan para pembela NKRI harga mati..  #KebijakanZalimaSengsarakanRempang #RempangKorbanKapitalisme #IslamSelamatkanRempang";0;0;0;0;in;1707212846088822784;1711334789075337483;tangguh_pe82976;https://twitter.com/tangguh_pe82976/status/1711334789075337483
Mon Oct 09 10:53:30 +0000 2023;1711334064618393723;"@Miduk17 Giliran warga rempang mau diusir mingkem";0;0;0;0;in;1276621505367904256;1711239238912737680;jagatreang;https://twitter.com/jagatreang/status/1711334064618393723
Mon Oct 09 10:48:22 +0000 2023;1711332771220824372;"@Miduk17 Jualanmu basi duk selagi kau mingkem soal Rempang koruptor ektp Harun masiku dll";0;0;0;0;in;1342104714;1711239238912737680;Sumberecepermai;https://twitter.com/Sumberecepermai/status/1711332771220824372
Mon Oct 09 10:45:38 +0000 2023;1711332084370002047;"Masyarakat Rempang bukan barang yang bisa dipindah semaunya hanya demi kepentingan pemilik modal.  #rempangkorbankapitalisme";0;0;0;0;in;1705868066666754048;1711332084370002047;SaptaFebri6515;https://twitter.com/SaptaFebri6515/status/1711332084370002047
Mon Oct 09 10:41:38 +0000 2023;1711331077090938942;"Pernyataan Bupati Rembang, terkait penarikan pajak dari tambang ilegal adalah sesat pikir yang tidak peduli terhadap masyarakat korban tambang dan kelestarian lingkungan.  https://t.co/QxEJx8o0t1 https://t.co/WZod57dXYT";0;0;1;4;in;2599056516;1711331077090938942;lbhsemarang;https://twitter.com/lbhsemarang/status/1711331077090938942
Mon Oct 09 10:41:35 +0000 2023;1711331065653301302;"Warga Rempang yang Bersedia Direlolasi Mulai Tempati Hunian Sementara https://t.co/tLOyMK9S6D";0;0;1;0;in;1216815734233264128;1711331065653301302;IDNTimesSumut;https://twitter.com/IDNTimesSumut/status/1711331065653301302
Mon Oct 09 10:39:44 +0000 2023;1711330600144253206;"@stroberidandel tadinya aku pengen kumpulin semua qrt wadas, kanjuruhan, rempang, dsb yang ga kusebut keywordnya langsung, plus ig story, plus postingan2 di @logos_id tentang hak adat  tapi kayakny percuma, niat mereka emang mau jahat aja 😂";0;1;8;31;in;95193592;1711253247913234563;NathPribady;https://twitter.com/NathPribady/status/1711330600144253206
Mon Oct 09 10:32:01 +0000 2023;1711328657216778474;"@asdfruby Trs ikutan war di rempang kan wkwk";0;0;0;0;in;1228699970082983941;1711296514012905800;ibalsssss;https://twitter.com/ibalsssss/status/1711328657216778474
Mon Oct 09 10:30:00 +0000 2023;1711328149764747464;"Pembangunan PSN Rempang Eco City dinilai dilakukan secara terburu-buru. Warga diminta meninggalkan kampungnya, sementara pembangunan rumah relokasi belum dimulai. Simak #LiputanTematik #KonflikRempang dalam utas berikut. #AdadiKompas  https://t.co/TtdaG0bVPv";0;1;0;1;in;255866913;1689200191361204224;hariankompas;https://twitter.com/hariankompas/status/1711328149764747464
Mon Oct 09 10:29:50 +0000 2023;1711328107654005093;"@BSbukit Sikat.. jgn lengah saudaraku.. kasi pelajaran yg baik supaya dia ga perlu merasa jadi pahlawan bagi perusahaan perampas lahan Rakyat Rempang.";0;0;0;3;in;3237128250;1711231151543898560;malikpasee;https://twitter.com/malikpasee/status/1711328107654005093
Mon Oct 09 10:27:37 +0000 2023;1711327549429825865;"Pada hari Senin tanggal 09 Oktober 2023 Bertempat di SMAN dan SMPN di kecamatan kragan  Kapolsek Kragan AKP I.D Wijaya,SH dan para kanit telah menjadi Irup upacara bendera hari senin dalam rangka Police Goes To School Polres Rembang https://t.co/gLfnzAmSxb";0;0;0;0;in;1621823948706185216;1711327549429825865;PolsekKragan1;https://twitter.com/PolsekKragan1/status/1711327549429825865
Mon Oct 09 10:26:47 +0000 2023;1711327341849567397;"@Kevin07_M @yoeandha01 @hasyimmah Oke kita ke +62, coba warga rempang itu nasibnya sama kaya dijajah.";0;1;0;0;in;309764129;1711279411016937783;Faridchenko;https://twitter.com/Faridchenko/status/1711327341849567397
Mon Oct 09 10:25:15 +0000 2023;1711326955034071300;"Jempolaaannn buat masyarakat #rempang yang anti provokasi.... #indonesia #IndonesiaMaju  - - https://t.co/K2TNLOB8lX";0;0;0;0;in;2928054043;1711326955034071300;siskafardan1;https://twitter.com/siskafardan1/status/1711326955034071300
Mon Oct 09 10:22:06 +0000 2023;1711326163459805235;"@hekahert Relokasi bertujuan meningkatkan kesejahterahan rakyat serta memajukan perekonomian di pulau #rempang   #rempangsejahtera #kepri";0;0;0;0;in;1191227352421789696;1711316150116819060;RottenRK;https://twitter.com/RottenRK/status/1711326163459805235
Mon Oct 09 10:16:23 +0000 2023;1711324724633182491;"25 KK sudah tempati Hunian Baru  @Li9ayaTalaChes4  @NinzExe07  @DPP_PartaiUmmat  Ariel Ngelunjak Hamas Kompas Running Man Gaza Mauuu Perpanjang Alwi Iran Karni Ilyas Yahudi Israel Ferrari Terobos Kompas #tolakintoleransi #tolakradikalisme #tolakterorisme #NKRI #Rempang https://t.co/VyrTfLZIgf";0;0;0;0;in;1636699207926177792;1711324724633182491;bhinekaonekepri;https://twitter.com/bhinekaonekepri/status/1711324724633182491
Mon Oct 09 10:14:01 +0000 2023;1711324128861667368;"Jangan Warga Rempang sejengkalpun keluar dari Rempang. Tidak kita biarkan Rempang jatuh ke tangan Cukong Pemodal Pilpres.";0;0;0;1;in;213168371;1711324128861667368;AH_SiregarXIX;https://twitter.com/AH_SiregarXIX/status/1711324128861667368
Mon Oct 09 10:13:22 +0000 2023;1711323964180725760;"Jenis2 ganti rugi yang ditawarkan pemerintah kepada warga Rempang  @Li9ayaTalaChes4  @NinzExe07   Ariel Ngelunjak Hamas Kompas Running Man Gaza Mauuu Perpanjang Alwi Iran Karni Ilyas Yahudi Israel Ferrari Terobos Israhell  #tolakintoleransi #tolakradikalisme #tolakterorisme https://t.co/RsNheN9aF8";0;0;0;0;in;1636699207926177792;1711323964180725760;bhinekaonekepri;https://twitter.com/bhinekaonekepri/status/1711323964180725760
Mon Oct 09 10:11:47 +0000 2023;1711323566615175265;"Mirip perampasan tanah ulayat di Rempang..";0;0;0;2;in;1213358772216717312;1711323566615175265;Pinokiotukangk1;https://twitter.com/Pinokiotukangk1/status/1711323566615175265
Mon Oct 09 10:10:22 +0000 2023;1711323209461899669;"Pada hari Senin tanggal 09 Oktober 2023 Bertempat di SMAN dan SMPN di kecamatan kragan  Kapolsek Kragan AKP I.D Wijaya,SH dan para kanit telah menjadi Irup upacara bendera hari senin dalam rangka Police Goes To School Polres Rembang https://t.co/MoCzUHH4Zb";0;0;0;0;in;1621823948706185216;1711323209461899669;PolsekKragan1;https://twitter.com/PolsekKragan1/status/1711323209461899669
Mon Oct 09 10:08:11 +0000 2023;1711322657759863090;"@AREAJULID Mirip kasus di rembang pasuruan tapi kawin kontrak sih wkkkwmmw udah dinikahi Malam tidur bareng pagi ngilang emang udah komplotan ternyata";0;1;0;0;in;1970500404;1711065325809361152;CakGreen77;https://twitter.com/CakGreen77/status/1711322657759863090
Mon Oct 09 10:06:12 +0000 2023;1711322158381883519;"Progres Rempang Eco-City, 25 KK Sudah Tempati Hunian Sementara https://t.co/b2anYDa1jn";0;0;0;0;in;224204467;1711322158381883519;batamtoday;https://twitter.com/batamtoday/status/1711322158381883519
Mon Oct 09 10:02:50 +0000 2023;1711321312935965181;"“Satu jengkalpun kami kami tidak boleh terangkat dari Rempang Galang ini,” kata dia.  https://t.co/OcpQ71dftm #edisibatam #batam #rempang #relokasi #melayu #galang";0;0;0;0;in;1522419250044215296;1711321312935965181;edisi_co;https://twitter.com/edisi_co/status/1711321312935965181
Mon Oct 09 10:00:36 +0000 2023;1711320751356473563;"Jika pejuang khilafah ga boleh bela Rempang, ditunggu dong pembelaan para pejuang HAM, pejuang kesetaraan, dan para pembela NKRI harga mati...  #KebijakanLalimSengsarakanRempang #RempangKorbanKapitalisme";0;0;0;0;in;1707213842772824064;1711320751356473563;BaraShindy222;https://twitter.com/BaraShindy222/status/1711320751356473563
Mon Oct 09 09:55:55 +0000 2023;1711319571679113404;"@kegblgnunfaedh Gua sih lebih peduli rempang";0;0;0;0;in;1585742890978127873;1710622760089899238;nawu14252717;https://twitter.com/nawu14252717/status/1711319571679113404
Mon Oct 09 09:53:36 +0000 2023;1711318989455126922;"Catatan Walhi Terhadap Proyek Rempang Eco City dan Bentrok di Seruyan #TempoNasional https://t.co/YTvAy0la1r";0;0;2;0;in;18129942;1711318989455126922;tempodotco;https://twitter.com/tempodotco/status/1711318989455126922
Mon Oct 09 09:51:42 +0000 2023;1711318511388443070;"@NikoAkmal yg bohong di siang bolong seperti itu, kenapa ga dilaporkan aja ke polisi! kan gampang, suruh dia hadirkan tuh 70% warga rempang klo dia ga bohong!";0;0;0;1;in;1676864371987996672;1711282504223928570;yahyaasyar42633;https://twitter.com/yahyaasyar42633/status/1711318511388443070
Mon Oct 09 09:43:49 +0000 2023;1711316527696445922;"hidup yg layak harus diperjuangkan.   #rempang #Palestina dan mereka yang masih tertindas. LAWAN!";0;0;0;0;in;934741890141794304;1711316527696445922;popkinetiks;https://twitter.com/popkinetiks/status/1711316527696445922
Mon Oct 09 09:41:15 +0000 2023;1711315880448307295;"@ruhutsitompul Maksudnya kekerasan yg terjadi di Wadas, Rempang, Kalimantan dll ya kek...";0;0;1;1;in;1578557307377491969;1711169539508175057;kiarabohay;https://twitter.com/kiarabohay/status/1711315880448307295
Mon Oct 09 09:41:10 +0000 2023;1711315862454775829;"Bismillah  MasyaAllah Tabaraqallah 😍 Indah nya Pulau Rempang dan Galang.  Pulau begini cantik bisa rusaklah jika ada pabrik kaca, astaghfirullah 😔 Tenggelam nanti pulaunya, habis pasirnya di keruk bikin kaca!!  Rusak nanti alam nih.. Hadeh... Otak dimana otak‼️  #SaveRempang https://t.co/Yc3FiXp4Xd";0;3;37;64;in;1651123026203901952;1711315862454775829;NinzExe07;https://twitter.com/NinzExe07/status/1711315862454775829
Mon Oct 09 09:40:44 +0000 2023;1711315751075008601;"@jokowi @mohmahfudmd @KementerianLHK @Yusrilihza_Mhd @puanmaharani_ri  @bpbatam Salam reformasi  kok bisa jadi blunder dan KELIRU , BPbatam telah menyerahkan 17 H p.rempang kepada PT MEG termasuk 10 ribu H hutan lindung atas dasar apa ngak JELAS? https://t.co/Kd6ug1eSCN";0;1;0;0;in;852594529;1711315751075008601;razakthaib19;https://twitter.com/razakthaib19/status/1711315751075008601
Mon Oct 09 09:39:03 +0000 2023;1711315328461140318;"Apresiasi Upaya BP Batam, Menteri Investasi RI Tinjau Hunian Sementara Warga Rempang https://t.co/8seaYCmz5M";0;0;0;0;in;224204467;1711315328461140318;batamtoday;https://twitter.com/batamtoday/status/1711315328461140318
Mon Oct 09 09:36:26 +0000 2023;1711314667908518371;"Membacakan Nyaring https://t.co/Oi8jl0lCIn #MovingEp17 Narnia Azizah KDRT Abimana #MyLovelyLiarEp14 #TXTxDior #____ Halo-Halo Bandung Rempang https://t.co/LnKJzhAoBi https://t.co/b5Nj9aU6GM https://t.co/753o52TFWL https://t.co/55FDLlHMA1";0;0;0;0;in;1361969770346602501;1711314667908518371;donnymarthen;https://twitter.com/donnymarthen/status/1711314667908518371
Mon Oct 09 09:35:41 +0000 2023;1711314481564078227;"@tempodotco Utk smntra amanlah rempang..  ttp waspada .. klw2 siuman, ngigau,  kluar  perintah buldozer,  gawat jg...";0;0;0;1;in;555944814;1711313085632544768;mariadi63425147;https://twitter.com/mariadi63425147/status/1711314481564078227
Mon Oct 09 09:21:47 +0000 2023;1711310983174479910;"@Malika6027 Alhamdulillah yg di tungu2 telah tiba, mudah2n luhut cepat di cabut ye Allah, biar tau betapa tersiksax kalau warga rempang mau di gusur pakek buldoser. Luhut benar2 meresahkan masyarakatx/ rakyat indonesia.";0;0;0;0;in;1586567954837245960;1711062348369395868;AyatulH86561504;https://twitter.com/AyatulH86561504/status/1711310983174479910
Mon Oct 09 09:21:23 +0000 2023;1711310881488007367;"Ya seperti kita ketahui Abu Janda ini ada di kubu PS dan KIM (Koalisi Indonesia Maju). Apakah ini merepresentasikan pandangan koalisi? Pro zionis, pro penjajahan.  Jadi gmn nasib Rempang, Wadas, Seruyan, dan tanah2 rakyat yg sedang dijajah di negeri sndr klo terpilih?  #AMIN2024";0;0;3;3;in;303620172;1711310881488007367;Radjahoki_pro;https://twitter.com/Radjahoki_pro/status/1711310881488007367
Mon Oct 09 09:16:09 +0000 2023;1711309563331588463;"Malam Senin dan Malam Jumat... kami Tetap Buka Pelayanan yes..  #samsatrembang #bapenda #newsakpole #dulurmassajak  #inforembang https://t.co/AXf5nRSkef";0;0;0;1;in;2832824533;1711309563331588463;uppd_rembang;https://twitter.com/uppd_rembang/status/1711309563331588463
Mon Oct 09 09:13:13 +0000 2023;1711308828137193798;"@anismatta Saya salut dan bangga terhadap Pak @prabowo yang simpatik terhadap Palestina,untuk itu di tahun 2024 saya akan tetap mendukung nya sepenuh hati untuk menjadi MenHan...  NB : KKB Papua dan Rempang...?";0;1;0;1;in;1683556823117463553;1711273188787929358;ZainalAbdiA;https://twitter.com/ZainalAbdiA/status/1711308828137193798
Mon Oct 09 09:13:00 +0000 2023;1711308773535678598;"Pulau rempang";0;0;0;0;in;1469668997259923456;1711308773535678598;MuslimSH12;https://twitter.com/MuslimSH12/status/1711308773535678598
Mon Oct 09 09:12:15 +0000 2023;1711308583625973958;"@Li9ayaTalaChes4 Bahlil kata masyarakat Rempang pembohong, terus siapa dan lembaga mana yg bisa mengadili kebohongan si Bahlil...🤔🤔🤔";0;0;0;2;in;911882593477419009;1711275219401535715;SKakilima;https://twitter.com/SKakilima/status/1711308583625973958
Mon Oct 09 09:07:53 +0000 2023;1711307484269514881;"@BangPakat yg begini kok sepi pembelaannya dari ormas2, gk spti di Rempang ???";0;0;0;0;in;2583622760;1710942447797461306;bongkarbatam;https://twitter.com/bongkarbatam/status/1711307484269514881
Mon Oct 09 09:07:44 +0000 2023;1711307446344683522;"@t_yudehis Yaitu, tinggal dicek aja kenapa tu taipan2 butuh liquid asset ketika yg laen anteng bae, TW aja kesangkut rempang cuma cengar cengir wkwkkwwk";0;1;0;1;in;1448080308;1711280251920396774;strike_bravo_b;https://twitter.com/strike_bravo_b/status/1711307446344683522
Mon Oct 09 09:06:55 +0000 2023;1711307241692037174;"@Tita83079013 @jokowi Pidato model kuno, lagi pula mana muda mudi pulai Rempang ?";0;0;0;0;in;1493794287842361346;1711299940566401187;IdonNara;https://twitter.com/IdonNara/status/1711307241692037174
Mon Oct 09 09:05:43 +0000 2023;1711306938456342824;"@liputan6dotcom Bagai mana Rempang ini Kasusnya sama pemerintah mencaplok hak Rakyat nya sendiri jangan mengajar bebek berenanglah";0;0;0;0;in;1636437182247485440;1711268026027545021;TaurusZhan91590;https://twitter.com/TaurusZhan91590/status/1711306938456342824
Mon Oct 09 08:59:53 +0000 2023;1711305471829889452;"Yusuf Tri Aji, luhkan Kab. Rembang tgl. 23/5/23, Di POKDAKAN Berkah Jaya DS. Babadan Kec. Kaliori. Pendampingan dan Pembuatan Badan Hukum kelompok untuk persyaratan penerima Hibah DAK tahun 2023 @puslatluhkp @PKBLU_bp3tegal #luhlapor https://t.co/plY9gxXS6Z";0;0;0;0;in;849427335245742080;1711305471829889452;YusufTriAji1;https://twitter.com/YusufTriAji1/status/1711305471829889452
Mon Oct 09 08:58:57 +0000 2023;1711305238043664586;"Ungkapan dan Harapan Warga Terdampak Rempang Eco City yang Bersedia Direlokasi https://t.co/iZ5PKLw8gU";0;0;0;0;in;1643093405302652928;1711305238043664586;PhotoBnp77308;https://twitter.com/PhotoBnp77308/status/1711305238043664586
Mon Oct 09 08:58:31 +0000 2023;1711305128475840611;"Doakan Gaza tapi jangan lupa kita doakan pula Rempang dan Seruyan.";0;0;1;1;in;1921503072;1711305128475840611;muhamadesmile;https://twitter.com/muhamadesmile/status/1711305128475840611
Mon Oct 09 08:53:27 +0000 2023;1711303851314463145;"Buku Librari Ori - Muslimah Bukan Agen Moral https://t.co/h3DI4BteYD WR 1 Batik Air Kapolsek Rempang #AniesMuhaimin2024 Jenglot Miring #HongKongOpen2023 Narnia https://t.co/x2DPqfJKcN https://t.co/wWPqCwf4i4 https://t.co/rQmlspkoBA";0;0;0;0;in;1361969770346602501;1711303851314463145;donnymarthen;https://twitter.com/donnymarthen/status/1711303851314463145
Mon Oct 09 08:51:32 +0000 2023;1711303369405628818;"@ArieMutyara Baru muncul si janda. Masalah rakyat zionis israel sangat peka, sgt peduli.  Eeh... masalah rakyat Rempang-Galang buta bin tuli.  Nama ini di catat ya dalam sejarah kalian.";0;0;2;3;in;1486332603380940804;1711279423885070466;98garislurus;https://twitter.com/98garislurus/status/1711303369405628818
Mon Oct 09 08:48:04 +0000 2023;1711302499368624196;"Buku Librari Ori - Muslimah Bukan Agen Moral https://t.co/h3DI4BteYD WR 1 Batik Air Kapolsek Rempang #AniesMuhaimin2024 Jenglot Miring #HongKongOpen2023 Narnia https://t.co/CxVLTbTmew https://t.co/lAUoGfenud https://t.co/c0m2GZzH5D";0;0;0;0;in;1361969770346602501;1711302499368624196;donnymarthen;https://twitter.com/donnymarthen/status/1711302499368624196
Mon Oct 09 08:45:15 +0000 2023;1711301789935640753;"@DeHoutman_id Berarti rempang di jajah sm investor dong blok, lu dah bela blm bahkan sblm ada Indonesia berdiri masyarakat sana udah ada.";0;0;0;0;in;106881679;1710612456832479473;padiwig;https://twitter.com/padiwig/status/1711301789935640753
Mon Oct 09 08:34:05 +0000 2023;1711298977935901156;"Sebuah cerita tentang perampokan tanah palestina oleh yahudi. Tapi kok jadi mirip ke Rempang ya ?";0;0;0;0;in;1605961896485867522;1711298977935901156;joyfanra2;https://twitter.com/joyfanra2/status/1711298977935901156
Mon Oct 09 08:31:36 +0000 2023;1711298352112181285;"@BSbukit Jadikan pepes Masak warga Rempang takut dng preman Dng penjajah dlu kakek mereka g pun takut";0;0;0;3;in;1336686243829059585;1711231151543898560;Umar83638540;https://twitter.com/Umar83638540/status/1711298352112181285
Mon Oct 09 08:27:32 +0000 2023;1711297331377885230;"BACA: Konflik lahan mirip kasus Rempang, dari proyek UIII Depok hingga konflik Rumpin. https://t.co/trq6IiPbc9";2;1;2;2;in;18129942;1711297331377885230;tempodotco;https://twitter.com/tempodotco/status/1711297331377885230
Mon Oct 09 08:23:13 +0000 2023;1711296245317464381;"Kalau Tangerang berasa begini, jujur ga kebayang di Rembang akan sepanas apee yaaak😭";0;1;0;0;in;521116708;1711296245317464381;ltvynttmr;https://twitter.com/ltvynttmr/status/1711296245317464381
Mon Oct 09 08:20:44 +0000 2023;1711295619908968482;"Para preman yang diduga mengintimidasi warga (7-8 okt 23) di #Rempang diduga suruhan dari oknum BP Batam.   Karena PT MEG belum melakukan aktivitas/kegiatan apapun di #rempang guys   https://t.co/bxWECTA9Hr";0;0;0;0;in;1703734943170650112;1711295619908968482;Ilhamisme911;https://twitter.com/Ilhamisme911/status/1711295619908968482
Mon Oct 09 08:19:02 +0000 2023;1711295190521299418;"Kegiatan ini dihadiri oleh: 1. Wakil Bupati Minahasa Selatan Pdt. Petra Yani Rembang  2. Kepala Kejaksaan Negeri Minahasa Selatan yang di wakili Kepala Seksi Perdata dan Tata Usaha Negara Bapak Arilasman Cornelius, S.H., M.H.  3. Dandim 1302 Minahasa yang diwakilkan ";0;1;0;0;in;1257564312966541314;1711295049743691882;KejariMinsel;https://twitter.com/KejariMinsel/status/1711295190521299418
Mon Oct 09 08:09:46 +0000 2023;1711292860769972241;"@arcane_whim Niatnya di freed Rempang sama IKN ga sih biar idung cangkok lanjut berantem sama aguanbros 😂😂";0;0;1;1;in;1335650871376400384;1711283605904019914;loli_NUsantara;https://twitter.com/loli_NUsantara/status/1711292860769972241
Mon Oct 09 08:08:39 +0000 2023;1711292579617402998;"https://t.co/X5X2FneUme ada ratusan bahkan ribuan kasus perampasan tanah'lahan milik pribumi di REZIM INI semoga saudara2ku rempang.kalteng dan berapa banyak lagi yg bakal menyusul KALIAN HARUS MELAWAN https://t.co/G15GRgoizJ #GerakanNasionalPribumiBangkit #TurunkanRezimOligarki";0;0;0;0;in;542565359;1711292579617402998;mathsoul1;https://twitter.com/mathsoul1/status/1711292579617402998
Mon Oct 09 08:03:01 +0000 2023;1711291161162473756;"@tanyarlfes Ngarep rakyat Palestina menang tuh sama kyk ngarep warga Rempang menang lawan tommy winata. Agak sulit tapi sangat mungkin.";0;0;0;0;in;1243360144815095808;1710987089754661325;Ardhi_addhi;https://twitter.com/Ardhi_addhi/status/1711291161162473756
Mon Oct 09 08:02:13 +0000 2023;1711290957524820385;"@lapen_melon @CNNIndonesia itulah peran pemerintah, harusnya bisa jadi penengah untuk memberikan solusi terbaik bagi warga terdampak dan juga investor, kasus yang ada di rempang mungkin bisa jadi contoh agar kedepannya proyek investasi bisa direncanakan dengan lebih baik";0;0;0;0;in;1570111918056312837;1711008226794438881;Hyuga_2018;https://twitter.com/Hyuga_2018/status/1711290957524820385
Mon Oct 09 07:59:39 +0000 2023;1711290312780624069;"Kondisi rakyat Rempang yang terancam diusir dari tanahnya sendiri yang telah didiami selama berpuluh-puluh tahun menyisakan tanya bagi kita, siapa yang berdaulat di Rempang?  #KebijakanLalimSengsarakanRempang   #RempangKorbanKapitalisme   #IslamSelamatkanPerempuanRempang";0;0;0;0;in;489137515;1711290312780624069;Wardaradityo;https://twitter.com/Wardaradityo/status/1711290312780624069
Mon Oct 09 07:57:25 +0000 2023;1711289752065110079;"[LIVE] AQSO Edisi Spesial: Ditemukan Jejak Melayu Rempang dalam Dokumen ... https://t.co/0gSzkbnWKQ lewat @YouTube  #kemanusiaan #HumanityFirst #History #sejarah";0;0;0;0;in;1275851059324305408;1711289752065110079;DoyanMusik4;https://twitter.com/DoyanMusik4/status/1711289752065110079
Mon Oct 09 07:55:46 +0000 2023;1711289336053026920;"@tvOneNews Jangan mau warga Rempang.  Mari sama2 menahan diri. Musyawarah dan mufakat harus kita kedepankan. Begitu kira2 pak moeldoko. Jangan proyek besar2 aja di gagas. Mentang2 akhir periode sudah mendekat. Hihi";0;0;0;0;in;1028526733778014209;1705110355163455696;indraagustin_PS;https://twitter.com/indraagustin_PS/status/1711289336053026920
Mon Oct 09 07:53:56 +0000 2023;1711288873765019720;"@rindu_kampungku Boro boro ke Palistina perang donasi ongkos aja lewat ACT di korupsi .. palingan Hamas lokal ke Rempang Batam jadi provokator masyarakat.";0;0;0;1;in;1615980757767585792;1711234981954306143;RusdiRu01226366;https://twitter.com/RusdiRu01226366/status/1711288873765019720
Mon Oct 09 07:50:05 +0000 2023;1711287907502506276;"Bismillah  Bahlil Sebut 70 % Warga Pasir Panjang Pulau Rempang Setuju Digeser..🤔  Vd 1: Warga Sembulang Mengklarifikasi bahwa Pernyataan BahLiL itu tdk benar‼️  Vd 2: Kesaksian Warga yg di datangi Preman yg membawa Parang itu benar adanya, &amp  mengaku dr PT MEG‼️  9 Oktober 2023 https://t.co/foeg9PVVfi";2;0;75;98;in;1651123026203901952;1711287907502506276;NinzExe07;https://twitter.com/NinzExe07/status/1711287907502506276
Mon Oct 09 07:49:35 +0000 2023;1711287777575547160;"Halo #SobATRBPN ,  Berikut kegiatan PELATARAN (Pelayanan Tanah Akhir Pekan) Kantor Pertanahan Kabupaten Rembang pada Minggu, 8 Oktober 2023.  Jam pelayanan PELATARAN : Sabtu - Minggu 09.00 - 12.00  Bagi pemohon yang ingin mengurus sertipikatnya sendiri yaa..  #PELATARAN https://t.co/FZGKpBm67p";0;0;0;0;in;1416195476097953795;1711287777575547160;AtrRembang;https://twitter.com/AtrRembang/status/1711287777575547160
Mon Oct 09 07:47:52 +0000 2023;1711287347218948598;"Halo #SobATRBPN ,  Berikut kegiatan PELATARAN (Pelayanan Tanah Akhir Pekan) Kantor Pertanahan Kabupaten Rembang pada Sabtu, 7 Oktober 2023. https://t.co/81SdD1sI3j";0;1;0;0;in;1416195476097953795;1711287347218948598;AtrRembang;https://twitter.com/AtrRembang/status/1711287347218948598
Mon Oct 09 07:47:12 +0000 2023;1711287181803999682;"@AntoManto86 @ZainAris @ShenoWirang Lu kira IKN jelas? Lu kira Rempang Jelas? Mau gua sebutin lagi Proyek2 yg masih Abu2? Caramu membela seseorang kok mencari kesalahan Orang lain. Urusan SBY dulu gak ada Konteks dengan Topik pembahasan Bos. Fokus aja dengan Topik. Atau gak minum aqua Dulu..";0;0;0;0;in;1684469599830695936;1711150666343985280;RahmadSyah57640;https://twitter.com/RahmadSyah57640/status/1711287181803999682
Mon Oct 09 07:44:36 +0000 2023;1711286526821511500;"@TheEagle_BEN Boro2 ngurusin atau peduli Palestina, rakyat Rempang dan Seruyan saja tutup mata. Kepeduliannya hanya PSN Ikaen dan kercep....👎👎👎";0;1;0;2;in;1914512449;1711257598954275063;Geusan1;https://twitter.com/Geusan1/status/1711286526821511500
Mon Oct 09 07:39:38 +0000 2023;1711285277468291520;"@CNNIndonesia Mulut dan hatinya sudah busuk semuanya mau bicara apapun masyarakat Rempang tidak akan mundur selangkah pun";0;0;0;0;in;1671546530556432384;1710946008107200640;arifbud82969026;https://twitter.com/arifbud82969026/status/1711285277468291520
Mon Oct 09 07:33:36 +0000 2023;1711283757272252884;"@achinagra Pdhal  di usir trs setiap kl dia ke Rempang, tp gk ada rasa malu";0;1;2;4;in;1439701579276251136;1711275219401535715;Li9ayaTalaChes4;https://twitter.com/Li9ayaTalaChes4/status/1711283757272252884
Mon Oct 09 07:33:24 +0000 2023;1711283706940592553;"@ekowboy2 Oi vidio ini kau jual untuk menggambarkan Rempang. Sekarang kau bilang pwndukung wan aibon";0;0;0;0;in;252468343;1711169604192706602;Ediraja;https://twitter.com/Ediraja/status/1711283706940592553
Mon Oct 09 07:32:39 +0000 2023;1711283519492874268;"@ekokuntadhi1 Sok2 an lo BuzzeRp bayaran, pikirin rempang jauh amat otak lo🤭🤭";0;0;0;0;in;1679476434329554944;1710943806143754682;BantengRuntuh;https://twitter.com/BantengRuntuh/status/1711283519492874268
Mon Oct 09 07:27:19 +0000 2023;1711282175809872220;"Namun, kedatangan pemerintah ini diartikan oleh warga sebagai langkah untuk melakukan relokasi. Baca berita selengkapnya tentang #KonflikRempang yang berjudul "Menyelesaikan Kasus Rempang dengan Mengedepankan Aspek HAM" dalam tautan berikut. #AdadiKompas   https://t.co/uxcUY5rYvT";0;1;1;0;in;255866913;1711224163543982378;hariankompas;https://twitter.com/hariankompas/status/1711282175809872220
Mon Oct 09 07:26:20 +0000 2023;1711281927196668072;"Masyarakat Rempang bukan barang yang bisa dipindah semaunya hanya demi kepentingan pemilik modal.  #KebijakanLalimSengsarakanRempang  #RempangKorbanKapitalisme  #IslamSelamatkanPerempuanRempang";0;0;0;0;in;1705357313694126080;1711281927196668072;nusaibaaah;https://twitter.com/nusaibaaah/status/1711281927196668072
Mon Oct 09 07:25:12 +0000 2023;1711281642063683791;"Sowan Habib wali qutb. Mendoakan palestina, mendoakan rempang, mendoakan semua yg terdzolimi. Jalur langit Dekengan pusat..  Jalur bumi wis angel son.. https://t.co/IcQCrylly2";0;0;0;0;in;732478686;1711281642063683791;wasikjogja;https://twitter.com/wasikjogja/status/1711281642063683791
Mon Oct 09 07:24:30 +0000 2023;1711281467912065276;"Tahap awal sakit dulu situa bangka LBP penjajah Rakyat REMPANG, kita nntkan tahap berikutnya, krn telah berbuat banyak kedzaliman kepada rakyat NKRI,   SEMOGA TDK KEMBALI LG KE NKRI  https://t.co/xyaElWxX71";0;0;0;0;in;1168102826624483329;1711281467912065276;ENS53311139;https://twitter.com/ENS53311139/status/1711281467912065276
Mon Oct 09 07:23:21 +0000 2023;1711281177943003570;"bahaya kalo Gerombolan si Nganu Tau   Bisa² warga pada diusir dan mau dipiting semua kayak kejadian Kalimantan Rempang dan yg lain https://t.co/h8RVCYO0Pd";2;16;75;145;in;721590341669748736;1711281177943003570;OmJ_JeNggot;https://twitter.com/OmJ_JeNggot/status/1711281177943003570
Mon Oct 09 07:20:06 +0000 2023;1711280358153670835;"@OposisiCerdas Lulus Sarjana wae ora... Sok cawe cawe. Gampang... duuul. Rempang dicepatin eksekusi yo amargo titipan... gampang mahamine";0;0;0;0;in;170683694;1710468485250158767;asticip;https://twitter.com/asticip/status/1711280358153670835
Mon Oct 09 07:17:21 +0000 2023;1711279667951579260;"@ommi_siregar alasan yg sama dg penduduk Rempang..";0;0;1;11;in;1499454032448204800;1711152669228986460;EkieDoN;https://twitter.com/EkieDoN/status/1711279667951579260
Mon Oct 09 07:16:00 +0000 2023;1711279327982325793;"@toe_giman Penggiringan opini deh keknya. Lawan dengan video² aksi penolakan masyarakat pulau rempang, sebab klo didiamkan hoaks yg dilontarkannya akan dianggap seakan warga rempang betul setuju relokasi.";0;0;0;0;in;1453627768193761280;1711241360525926424;Daeng_LeoMks;https://twitter.com/Daeng_LeoMks/status/1711279327982325793
Mon Oct 09 07:07:35 +0000 2023;1711277211414905098;"Pada tahap pertama proyek Rempang Eco City, akan dibangun industri kaca. Proyek ini sendiri merupakan bagian dari program hilirisasi nasional untuk bahan pasir kuarsa dan silika.  #KonflikRempang #AdadiKompas";0;1;1;0;in;255866913;1711224163543982378;hariankompas;https://twitter.com/hariankompas/status/1711277211414905098
Mon Oct 09 07:06:10 +0000 2023;1711276853863047363;"Baru tahu kalau ternyata di bawah tanah Rempang ada gudang minyak. Astagfirullah zalimnya pemimpin kami, kita tidak boleh diam saja, tanah kita di jual...! Hoi !  https://t.co/17h9vSRfCW";0;0;0;0;in;1588077568875692032;1711276853863047363;sri_tobadak;https://twitter.com/sri_tobadak/status/1711276853863047363
Mon Oct 09 07:05:53 +0000 2023;1711276780903182608;"Kawasan Rempang dan Galang adalah wilayah kerja dari BP Batam. Sehingga Hak Pengelolaan Lahan (HPL) Pulau Rempang berada di BP Batam. Hal itu disampaikan oleh Kepala Biro Humas, Promosi dan Protokol BP Batam, Ariastuty Sirait. https://t.co/6wha8m3T8c";0;0;0;0;in;60490875;1711276780903182608;BatamPos;https://twitter.com/BatamPos/status/1711276780903182608
Mon Oct 09 07:03:39 +0000 2023;1711276219659120795;"@AmaniLalaland "tanah tak bertuan" dari hongkong... pemukim Palestina itu punya Surat Tanah .. sama aja kau sama Luhut/Jokowi... warga rempang tak punya sertifikat tanah ... layak diusir 🤢🤮 asli mau muntah gua https://t.co/VRDSDTQPLI";0;3;0;0;in;351134369;1711037717751177537;__anomali__;https://twitter.com/__anomali__/status/1711276219659120795
Mon Oct 09 07:02:10 +0000 2023;1711275848421273979;"RESMI MELAYU MALAYSIA SAUDARA JAUH ARAB SIBUKNYA BUKAN KEPALANG TAK ENDAH KESENGSARAAN SAUDARA MELAYU PALING DEKAT DI PULAU BATAM REMPANG  #RITMA #PUISI #SASTRA https://t.co/vkgxiWEL6Q";0;0;0;0;in;79714051;1711275848421273979;mackillah;https://twitter.com/mackillah/status/1711275848421273979
Mon Oct 09 07:01:24 +0000 2023;1711275654988362167;"Solidaritas untuk Palestina, Papua, Rempang, Seruyan, dan seluruh umat manusia yang merasa terjajah dan memutuskan untuk melawan dengan apa yang mereka punya.";0;0;0;0;in;1540365569593348096;1711275654988362167;AD_PS08;https://twitter.com/AD_PS08/status/1711275654988362167
Mon Oct 09 07:01:23 +0000 2023;1711275649196056815;"@CNNIndonesia Pak @Bahlil rugi kalau PSN di rempang tidak jadi.";0;0;0;0;in;1604739404245135360;1710946008107200640;Catuk4;https://twitter.com/Catuk4/status/1711275649196056815
Mon Oct 09 06:59:40 +0000 2023;1711275219401535715;"Bahlil kembali klaim kl 70% Warga Rempang stuju direlokasi. . Masyarakat Rempang menanggapi kl itu BOHONG.  Lgpula mn ada Meterai 6 ribu, jd ketahuan banget bohongnya 🤦🏼 https://t.co/DrSBqlkPuy";20;38;226;327;in;1439701579276251136;1711275219401535715;Li9ayaTalaChes4;https://twitter.com/Li9ayaTalaChes4/status/1711275219401535715
Mon Oct 09 06:59:37 +0000 2023;1711275203362467871;"@yo2thok Jauh2 dari eropa caplok tanah asli org palestina..yahudi2 ..keterlaluan..persis kaya di sini orang rempang udah berabad2 tinggal di sana..sebelum nkri merdeka di suruh pindah..itulah kelakuan orang yahudi di eropa..ko di tiru oleh negeri ini..jgn2 ada permaenan yahudi pesek..";0;0;0;5;in;1550091357540167680;1711267012050305521;emfeef25;https://twitter.com/emfeef25/status/1711275203362467871
Mon Oct 09 06:58:52 +0000 2023;1711275014975332664;"Pemerintah klaim 300 dari 900 KK setuju relokasi (geser). Ini kebohongan besar. Kami mendengar langsung ketika bertemu warga, mereka mengatakan tidak betul klaim tsb. Video2 sbb ini dikirim oleh tim di lapangan. #rempang https://t.co/KEuEMauzwb";1;6;76;141;in;1391996708637200387;1711275014975332664;RidhoRahmadi85;https://twitter.com/RidhoRahmadi85/status/1711275014975332664
Mon Oct 09 06:56:57 +0000 2023;1711274532982738968;"Segera keluarkan BANG LONG pahlawan rakyat REMPANG  https://t.co/f5JwGmUd9L";0;0;1;1;in;1168102826624483329;1711274532982738968;ENS53311139;https://twitter.com/ENS53311139/status/1711274532982738968
Mon Oct 09 06:55:43 +0000 2023;1711274225322099190;"@caratsmarket ada dino nih dom rembang jateng  https://t.co/oCv0xHicup";0;0;0;0;in;1223398702095536128;1711247621833289766;meowonyuu;https://twitter.com/meowonyuu/status/1711274225322099190
Mon Oct 09 06:49:38 +0000 2023;1711272691343507727;"Masyarakat #rempang yang tinggal lama di wilayah Rempang dan ingin berpindah ke lokasi baru yang disediakan oleh BP Batam, mendapatkan manfaat yg dijanjikan oleh pemerintah.  Pemeritah selalu memperhatikan kondisi &amp  kebutuhan masyarakat Rempang Batam.  @jokowi @bahlillahadalia";0;0;1;1;in;4747556570;1711272691343507727;KsatriaNKRI;https://twitter.com/KsatriaNKRI/status/1711272691343507727
Mon Oct 09 06:49:22 +0000 2023;1711272626524651666;"@Heraloebss Usut tuntas kasus penembakan warga masyarakat Rempang.";0;0;0;1;in;1463259034568441858;1711037465669349467;arhamdgpile;https://twitter.com/arhamdgpile/status/1711272626524651666
Mon Oct 09 06:48:34 +0000 2023;1711272423117750414;"Satu bulan lalu, konflik pecah antara aparat dan warga lokal di Pulau Rempang, Kota Batam, Kepulauan Riau. Konflik ini bersumber dari rencana pembangunan kawasan industri, jasa, dan pariwisata dengan nama Rempang Eco City. #KonflikRempang #AdadiKompas";0;1;1;0;in;255866913;1711224163543982378;hariankompas;https://twitter.com/hariankompas/status/1711272423117750414
Mon Oct 09 06:44:46 +0000 2023;1711271467093254237;"@pianlauding @convomf jangan bg kemaren kasus rempang imbasnya internet sekepri dimatiin sehari kek zaman purba 😭😭😭";0;0;0;0;in;1672965869541150720;1711241031084372319;florwns;https://twitter.com/florwns/status/1711271467093254237
Mon Oct 09 06:44:34 +0000 2023;1711271419227857256;"Ini perlunya Posko yg aktif melakukan transfer Informasi untuk Publik. Agar Publik bisa ramein tindakan Offside lewat sosial media  Saat ini disinyalir Preman sudah mulai terjun di Rempang  https://t.co/FMf7s50ece https://t.co/Xzt7aUDWSK";0;0;14;21;in;2908675710;1711271419227857256;blank0429;https://twitter.com/blank0429/status/1711271419227857256
Mon Oct 09 06:43:56 +0000 2023;1711271258258804756;"@rizahariati @liputan6dotcom Lah, rempang  dan papua beda bu sama palestina.  Iya terus kalau kata ibu gak bisa apa apa lantas bagaimana?  Ketika ada yang mencuri di rumah ibu, ibu diam saja gitu? Atau ibu berkata " Silahkan diambil dengan senang hati" Gitu?";0;1;0;0;in;938619088217063425;1710975848751550525;Hasbiibrahm;https://twitter.com/Hasbiibrahm/status/1711271258258804756
Mon Oct 09 06:42:08 +0000 2023;1711270807115350158;"@DeHoutman_id Tulisan lo jgn sampe kebaca sama warga melayu rempang, tar MALU lo.";0;0;0;1;in;1255824722329137152;1710612456832479473;beembooss;https://twitter.com/beembooss/status/1711270807115350158
Mon Oct 09 06:41:34 +0000 2023;1711270661170032692;"@Android_AK_47 Nyaho sia .....Rakyat rempang dilawan  !!!! KUALAT ....  !!!";0;0;0;0;in;1410970541142405129;1710268091916222892;Azis14778689;https://twitter.com/Azis14778689/status/1711270661170032692
Mon Oct 09 06:41:24 +0000 2023;1711270619084701777;"Masyarakat #rempang yang telah menempatkan lokasi baru, lokasi masyarakat Rempang digeser ke lokasi baru yang disediakan oleh BP Batam.  Semua yang telah  dijanjikan oleh pemerintah, telah diterima oleh masyarakat Rempang Batam   Situasi keamanan di Rempang kondusif https://t.co/vPO9XZ5TEh";1;0;1;2;in;1127882656299880455;1711270619084701777;teddy77719;https://twitter.com/teddy77719/status/1711270619084701777
Mon Oct 09 06:37:29 +0000 2023;1711269636791263472;"@Dandhy_Laksono PALESTINA melawan penjajah asing Papua, seruyan, rempang, wadas dll melawan penjajah sebangsa setanah air";0;0;0;3;in;1603993944941301761;1710914137491193993;kukuroku1;https://twitter.com/kukuroku1/status/1711269636791263472
Mon Oct 09 06:31:08 +0000 2023;1711268037612155093;"Belum Rampung Soal Rempang, Persis Sebulan Aparat Bentrok dengan Warga Seruyan, Satu Orang Tewas #TempoNasional https://t.co/apioXs6lNs";0;0;11;11;in;18129942;1711268037612155093;tempodotco;https://twitter.com/tempodotco/status/1711268037612155093
Mon Oct 09 06:25:41 +0000 2023;1711266666846519699;"@hekahert itu tugas walhi utk mengusut penebang" liar di rempang";0;0;0;0;in;1660125475942068224;1711238758111301672;owelkamei;https://twitter.com/owelkamei/status/1711266666846519699
Mon Oct 09 06:20:29 +0000 2023;1711265355581297097;"Mantab mas bro @cakimiNOW, siapapun bisa tersangkut masalah, judulnya Anggota Dewan, yo mesti kudu jd contoh, masa keluar ReL yo wajar klo harus 'NoN AktiF', ra ngerti Piye PresideN skr dg kebijakan menyimpang kok jik menjabat (STOP REMPANG) ? Nggih nopo mboten pak @jokowi ?";0;0;0;0;in;1707687349;1711265355581297097;DidyCare;https://twitter.com/DidyCare/status/1711265355581297097
Mon Oct 09 06:20:10 +0000 2023;1711265275059040344;"Baca berita selengkapnya yang berjudul "Mayoritas Warga Rempang Menolak Relokasi" dalam tautan berikut.  #KonflikRempang #AdadiKompas   https://t.co/nWI1rDZ0mU";0;1;2;2;in;255866913;1711224163543982378;hariankompas;https://twitter.com/hariankompas/status/1711265275059040344
Mon Oct 09 06:19:07 +0000 2023;1711265011308646769;"Kangen seblak prasmanan rembang";0;0;0;0;in;1032431070896054272;1711265011308646769;rexthetoy;https://twitter.com/rexthetoy/status/1711265011308646769
Mon Oct 09 06:18:39 +0000 2023;1711264894912499865;"Anak ini belum tahu apa2. Tdk ada campur tangan asing. Justru Thailand &amp  Malaysia mau bangun Terusan antara laut Andaman &amp  Teluk Siam di Provinsi Hatyai &amp  Patani , Selat Melaka Mati. Singapura siap2 jd  Financial Centre spt Swiss. Bilang saja Anda tdk sanggup urus  Rempang. https://t.co/710naK4ydu";4;9;27;96;in;1041255648653062145;1711264894912499865;NataliusPigai2;https://twitter.com/NataliusPigai2/status/1711264894912499865
Mon Oct 09 06:18:26 +0000 2023;1711264841955221961;"Lagi dn terulang lgi,blm hilang ingatan kita tragedi Rempang, kali ini terjadi lg menimpa warga Bangkal Seruyan Raya Kalteng. Kriminalisasi dn tindak kekerasan oleh aparat kepolisian. Pak Presiden @jokowi dimana keadilan bagi seluruh rakyat, pak @ListyoSigitP apa ini prosedurnya? https://t.co/pVFgVWVNBz";0;0;0;0;in;2469105158;1711264841955221961;fuadbahari96;https://twitter.com/fuadbahari96/status/1711264841955221961
Mon Oct 09 06:15:00 +0000 2023;1711263975739163035;"Menteri Investasi dan Kepala Badan Koordinasi Penanaman Modal Bahlil Lahadalia mengklaim Sekitar 70% warga Pasir Panjang, Rempang, Batam, Kepulauan Riau siap dipindahkan ke Tanjung Banun.  #SmartNews @KATADATAcoid https://t.co/RW89D84GIW";0;0;0;0;in;177084452;1711263975739163035;RadioSmartFM;https://twitter.com/RadioSmartFM/status/1711263975739163035
Mon Oct 09 06:10:08 +0000 2023;1711262754156490980;"Tenggat waktu untuk merelokasi masyarakat Pulau Rempang ke Pulau Galang,  yang dijadwalkan pada 28 September, batal atau tidak jadi dilakukan.  https://t.co/WMjk62wZrA";0;0;0;0;in;2295403266;1711262754156490980;GatraMediaGroup;https://twitter.com/GatraMediaGroup/status/1711262754156490980
Mon Oct 09 06:06:57 +0000 2023;1711261951043768411;"@BSbukit @bahlillahadalia dan @atr_bpn Maen Pakai Preman di Rempang Batam @KantahKotaBatam TNI dan polri Tak mempan";0;0;3;18;in;1605195051084435457;1711231151543898560;sumpanto;https://twitter.com/sumpanto/status/1711261951043768411
Mon Oct 09 06:04:33 +0000 2023;1711261348007698497;"@wallarches @PartaiSocmed Karena mau nutupi rempang, jadi kasus porno dinaikkan";0;0;0;0;in;1675176517301862401;1711232091911004332;JohnToledozero;https://twitter.com/JohnToledozero/status/1711261348007698497
Mon Oct 09 06:02:09 +0000 2023;1711260744040563102;"Beda Rempang beda lagi di Sumatra Utara.. https://t.co/UospYl8ALI";0;0;0;0;in;1480671274774904836;1711260744040563102;MasFurqon15;https://twitter.com/MasFurqon15/status/1711260744040563102
Mon Oct 09 06:00:13 +0000 2023;1711260258075869365;"@BSbukit @Gojekmilitan Kalo orang rempang galang melawan, macam mana nasibnya preman preman ini….";0;0;0;3;in;1686019992444088320;1711231151543898560;PuangRahmang;https://twitter.com/PuangRahmang/status/1711260258075869365
Mon Oct 09 05:59:40 +0000 2023;1711260119990968606;"بِسْمِ اللهِ الرَّحْمٰنِ الرَّحِيْم  *UMMAT LEADERS' CLUB PRESENTS*  Webinar : *_"Class Action_ Warga Rempang : Menggugat Pemerintah Salah Urus Rakyat"*   Daftar ke nomor whatsapp 0813 8897 2424 Atau Klik ini = https://t.co/xqGliLZCK7 https://t.co/JoJIRApc6s";0;0;0;2;ca;1382077264964186113;1711260119990968606;AdiHamidFuadi4;https://twitter.com/AdiHamidFuadi4/status/1711260119990968606
Mon Oct 09 05:55:24 +0000 2023;1711259046119186898;"Ckckck, Tukang Hasut Bayaran @firzahusainInc lagi" sebar disinformasi,goreng berita dg narasi sendiri,bangun persepsi liar kilik sana-i. Bs jd sesuai pesanan Juragan. Cb alihkan isu konflik aparat vs warga di Kalimantan &amp  Rempang. Hy terjadi di era rezim Pembohong @jokowi. Waras? https://t.co/izaYn6y74o";0;0;0;0;in;783290663483809792;1711259046119186898;EkoWitono9;https://twitter.com/EkoWitono9/status/1711259046119186898
Mon Oct 09 05:54:39 +0000 2023;1711258855177674773;"Mayoritas warga di Pulau Rempang, Batam, Kepulauan Riau, menolak digusur. Ombudsman Perwakilan Kepri menyatakan lebih dari 70 persen warga di lima kampung tua menolak digeser ke kampung lain untuk pembangunan tahap I Rempang Eco City. #KonflikRempang #AdadiKompas";0;1;2;1;in;255866913;1711224163543982378;hariankompas;https://twitter.com/hariankompas/status/1711258855177674773
Mon Oct 09 05:52:41 +0000 2023;1711258360224555382;"@bianca01403 PKI tidak menginginkan hadirnya Islam.Mereka anggap Islam menggagalkan semua usaha PKI,yang menurut mereka ,apa yang di lakukan semua benar.Termasuk mengusir Penduduk tanah Rempang,bikin IKN dan merampas hak tanah milik rakyat di Mandalika.";0;1;0;0;in;1509700424018063369;1711206270458597572;MocangTian;https://twitter.com/MocangTian/status/1711258360224555382
Mon Oct 09 05:51:13 +0000 2023;1711257993176822002;"@passrembang Aq jg rembang kak.. siapa tau bisa lanjut";0;0;0;0;in;1706909071969005568;1696791625815707811;PutraWicak27799;https://twitter.com/PutraWicak27799/status/1711257993176822002
Mon Oct 09 05:47:41 +0000 2023;1711257100658360386;"@DoankWarto gara-gara Bahlil rempang";0;0;0;0;in;1562844044543537154;1711228548734927229;Herwaku;https://twitter.com/Herwaku/status/1711257100658360386
Mon Oct 09 05:46:59 +0000 2023;1711256925047034322;"@John72994853 @WagimanDeep212_ Mereka mah micek bin mbudeg dengan apa2 yg yerjadi di Rembang, Wadas... sebagaimana pendahulunya yang sama2 micek bin mbudeg soal Rempang, Komodo, dan yg terakhir kmarin";0;0;0;0;in;1052054379770011649;1710951186285875515;sukanyamotor2;https://twitter.com/sukanyamotor2/status/1711256925047034322
Mon Oct 09 05:46:43 +0000 2023;1711256859745874128;"@dee_jacobus @MardaniAliSera Termasuk Rempang dong ya..?? Mereka wajib mempertahankan tanahnya";0;1;0;3;in;1725556034;1711155296784326807;Bro_Lucky86;https://twitter.com/Bro_Lucky86/status/1711256859745874128
Mon Oct 09 05:44:00 +0000 2023;1711256176653132255;"Rempang Menulis Air Mata Luka Nestapa dalam Sejarah Kelam (Studi Kasus Proyek-PSN-Rempang Eco City-Xyni-China) Bagian 2 dari 4 Tulisan https://t.co/XaIsazcbje  #tjimanoek #tjimanoekcom #rempang #proyekstrategisnasional #wargarempang #investasi #china #xinyi #tiongkok";0;0;0;0;in;1263372649222164481;1711256176653132255;tjimanoekcom;https://twitter.com/tjimanoekcom/status/1711256176653132255
Mon Oct 09 05:34:02 +0000 2023;1711253666941051347;"Pada hari Senin Tanggal 09 Oktober 2023 Jam 07.00 Wib bertempat di Halaman SMP N1 Sarang berlangsung giat Upacara Pengibaran Bendera dalam rangka Police Goes To School Polres Rembang. Kapolsek Sarang AKP Pujiono, SH bertindak sebagai Inspektur upacara. https://t.co/tZjtkupBVe";0;0;0;0;in;1588023917309939712;1711253666941051347;sektor_sarang;https://twitter.com/sektor_sarang/status/1711253666941051347
Mon Oct 09 05:34:01 +0000 2023;1711253664877433344;"@ekokuntadhi1 Lumayan bang perusuh NKRI terpecah konsentrasinya dari soal rempang sebagian ke Palestina";0;0;0;0;in;205180324;1710943806143754682;deddyyunarto;https://twitter.com/deddyyunarto/status/1711253664877433344
Mon Oct 09 05:33:48 +0000 2023;1711253610250621165;"@NathPribady gw up soal palestine aja bang, soal rempang, kalimantan jg dah gw up ko,";0;0;0;0;in;1442705073323352064;1710818117977514429;HenHenschel;https://twitter.com/HenHenschel/status/1711253610250621165
Mon Oct 09 05:26:20 +0000 2023;1711251731588477288;"📌Hari, tanggal: Selasa, 10 Oktober 2023 📌Pukul : 13.00 - 15.00 WIB 📌Meeting ID: 957 4832 4154 📌Passcode: rempang  📌Link zoom: https://t.co/lB7SkmLIWk 📌Live Youtube streaming:  https://t.co/pV6AHH3fcG";0;1;0;0;in;280895955;1711251716761600383;PolitikBRIN;https://twitter.com/PolitikBRIN/status/1711251731588477288
Mon Oct 09 05:26:20 +0000 2023;1711251727910109486;"Berdasarkan latar belakang tersebut, Pusat Riset Politik BRIN akan mengadakan webinar dengan topik *“Konflik PSN Rempang Eco City: Mengejar Investasi, Meninggalkan Masyarakat Sendiri?”*, yang akan diselenggarakan pada:";0;1;0;0;in;280895955;1711251716761600383;PolitikBRIN;https://twitter.com/PolitikBRIN/status/1711251727910109486
Mon Oct 09 05:26:19 +0000 2023;1711251723933925732;"Salah satu PSN yang memunculkan konflik yang melibatkan masyarakat dan pemerintah adalah pembangunan Rempang Eco City di Pulau Rempang, Batam, Kep. Riau.   Untuk itu penting untuk mengetahui mengapa konflik tersebut bisa terjadi dan bagaimana seharusnya kebijakan pembangunannya?";0;1;0;0;in;280895955;1711251716761600383;PolitikBRIN;https://twitter.com/PolitikBRIN/status/1711251723933925732
Mon Oct 09 05:22:51 +0000 2023;1711250852055560377;"#KebijakanLalimSengsarakanRempang #RempangKorbanKapitalisme #IslamSelamatkanPerempuanRempang #rempangbatam #rempangmelawan #rempang";0;0;0;0;qht;1559798574690746368;1711250852055560377;akusaja60891819;https://twitter.com/akusaja60891819/status/1711250852055560377
Mon Oct 09 05:22:29 +0000 2023;1711250758686097808;"@OposisiCerdas Semoga LBP tak diangkat penyakitnya.. diberi kesabaran menahan sakitnya... menderita selamanya melebihi penderitaan rakyat rempang dll yg terdzolimi olehnya...";0;0;0;0;in;1668221202991841282;1710861848038522929;baby_enzy72172;https://twitter.com/baby_enzy72172/status/1711250758686097808
Mon Oct 09 05:19:58 +0000 2023;1711250127401394632;"Ceu Aga, namanya . orang subang 😣😭🙇🏼‍♀  rempang Luhut gempa panas Limpo prabowo pdi kaesang Ganjar anies jokowi jessica mirna tiktokshop gibran islam hamas israel IKN https://t.co/pQPnsadjhP";0;0;1;2;in;1317084070468177920;1711250127401394632;NurilHiLma2022;https://twitter.com/NurilHiLma2022/status/1711250127401394632
Mon Oct 09 05:19:26 +0000 2023;1711249994181964005;"@dedebuldan Rakyat Rempang juga masih harus terusir oleh kolonial  ?";0;1;0;1;in;1687047462723497984;1711248790748053836;dadangs79158054;https://twitter.com/dadangs79158054/status/1711249994181964005
Mon Oct 09 05:15:33 +0000 2023;1711249013956321341;"Pemerintah akan memindahkan 950 keluarga di lima kampung tua tersebut ke Kampung Tanjung Banun yang juga terletak di Pulau Rempang. Namun, sampai sekarang pembangunan perumahan relokasi belum juga dimulai. #KonflikRempang #AdadiKompas   https://t.co/D3sagmo9cE";0;1;4;3;in;255866913;1711224163543982378;hariankompas;https://twitter.com/hariankompas/status/1711249013956321341
Mon Oct 09 05:12:17 +0000 2023;1711248192044761200;"@HmfaqihA Lanjutkan hutangnya, lanjutkan gusur rempang, lanjutkan miskinkan jateng nya, lanjutkan hgu 160 tahun..";0;0;0;0;in;1462352173384159233;1710601381881827394;RoyRojaya;https://twitter.com/RoyRojaya/status/1711248192044761200
Mon Oct 09 05:07:52 +0000 2023;1711247081275535775;"@bahlillahadalia Sebenarnya siapa yang preman...??? #saverempang #rempang https://t.co/76do2eYjDq";0;0;0;0;in;83368887;1711247081275535775;RUANG_KIT4;https://twitter.com/RUANG_KIT4/status/1711247081275535775
Mon Oct 09 05:05:50 +0000 2023;1711246572158365886;"Proyek Strategis Nasional (PSN) Rempang Eco City bakal dibangun di Pulau Rempang dengan nilai investasi ratusan triliun rupiah. Nota kesepahaman itu ditandatangani Badan Pengusahaan Batam, Pemerintah Kota Batam, dan PT Makmur Elok Graha (MEG) pada 2004. #KonflikRempang…";0;1;1;0;in;255866913;1711224163543982378;hariankompas;https://twitter.com/hariankompas/status/1711246572158365886
Mon Oct 09 05:03:39 +0000 2023;1711246021802745947;"Khabar #rempang  . #batam #galang #rempang  #kepri #relokasirempang https://t.co/7oB0jJPHzD";0;1;0;2;in;1694263923544035328;1711246021802745947;rempang_04;https://twitter.com/rempang_04/status/1711246021802745947
Mon Oct 09 04:56:44 +0000 2023;1711244280638181732;"@kompascom @msaid_didu Ayo pak lawan terus @jokowi jangan cuma mau enaknya saja,giliran ada masalah cuci tangan spt kasus2 food estate,kereta cepat,rempang dll";0;0;0;0;in;175752346;1711172802945118717;firdlan;https://twitter.com/firdlan/status/1711244280638181732
Mon Oct 09 04:54:50 +0000 2023;1711243802072220006;"@apek___ Ayoo mas gibran, ke rempang";0;0;0;0;in;1405277843349639177;1711237339526439168;CryptoIn77;https://twitter.com/CryptoIn77/status/1711243802072220006
Mon Oct 09 04:52:55 +0000 2023;1711243318724890975;"Suara Efek Rumah Kaca saat Tampil di Tasik, Ajak Bantu Kondisi Rempang-Galang                      Tautan: https://t.co/68BBqtWsvv https://t.co/KMFuhWsUDF";0;0;0;1;in;956830843086884864;1711243318724890975;KoranTJVideo;https://twitter.com/KoranTJVideo/status/1711243318724890975
Mon Oct 09 04:46:56 +0000 2023;1711241813225541928;"Cabut konsesi dr REMPANG https://t.co/ZZ1NkGHBXJ";0;0;0;1;in;1168102826624483329;1711241813225541928;ENS53311139;https://twitter.com/ENS53311139/status/1711241813225541928
Mon Oct 09 04:46:11 +0000 2023;1711241626109317622;"Cabut k9nsedi dr REMPANG  https://t.co/ruYb090m23";0;0;0;0;in;1168102826624483329;1711241626109317622;ENS53311139;https://twitter.com/ENS53311139/status/1711241626109317622
Mon Oct 09 04:42:55 +0000 2023;1711240804759699486;"@Bambangmulyonoo @Abdoeljegger202 Ngaku kafir, Brewokmu,luh. Luh coba sekali2 posting pelanggaran2 rempang,yg terbaru kalimantan? Warga sipil di tembak mati? Luh bangga kan?..";0;1;0;1;in;1541831846354644992;1711170900874436785;Usuludin321;https://twitter.com/Usuludin321/status/1711240804759699486
Mon Oct 09 04:41:35 +0000 2023;1711240467223044382;"@6undul0h Pk mentri warga rempang wajar mempertahankan tanah kelahirannya,tanah air Indonesia bukan preman yg preman tuch yg mengambil tanah air Indonesia,yg mnjual ke negara lain";0;0;0;0;in;1568996025842675712;1709559115020927219;Wagiman03448544;https://twitter.com/Wagiman03448544/status/1711240467223044382
Mon Oct 09 04:38:28 +0000 2023;1711239684343636369;"Kekerasan di Rempang, Seruyan dan di tempat2 lokasi investasi lainnya itu bukan perkara komunikasi tapi perkara konsekuensi logis dari kebijakan investasi yg mengabaikan hak hidup dan ruang hidup rakyat. Ke depan kerja polisi&amp  tentara akan lbh bnyk berperang dng rakyat sendiri";0;4;29;51;in;175442007;1711239684343636369;ecosocrights;https://twitter.com/ecosocrights/status/1711239684343636369
Mon Oct 09 04:36:43 +0000 2023;1711239241773240406;"70 Persen Warga Pasir Panjang Rempang Bersedia Digusur https://t.co/Je408BzZij";0;0;0;0;in;305657272;1711239241773240406;ilhamiasnawi;https://twitter.com/ilhamiasnawi/status/1711239241773240406
Mon Oct 09 04:30:15 +0000 2023;1711237615041773681;"Diduga Akibat Korsleting Listrik, Gudang Kayu di Rembang Ludes Terbakar https://t.co/bGlUqJ7QFW";0;0;0;1;in;55507370;1711237615041773681;tvOneNews;https://twitter.com/tvOneNews/status/1711237615041773681
Mon Oct 09 04:30:11 +0000 2023;1711237600999334190;"Rempang belum selesai, kini Seruyan. Itulah hasil kebijakan investasi yg ugal2an";0;3;33;51;in;175442007;1711237600999334190;ecosocrights;https://twitter.com/ecosocrights/status/1711237600999334190
Mon Oct 09 04:30:03 +0000 2023;1711237567302037745;"Thousands of Indonesian residents on Rempang Island, mostly fishermen, reject a multibillion-dollar Chinese-funded megaproject which may see some villages being completely cleared. #Indonesia  https://t.co/RmktCTLafa";0;0;0;0;en;1181058490774642688;1711237567302037745;UCANews;https://twitter.com/UCANews/status/1711237567302037745
Mon Oct 09 04:28:45 +0000 2023;1711237239123107974;"Update Relokasi Warga Terdampak Rempang Eco City, BP Batam Sebut 25 KK Tempati Hunian Sementara  https://t.co/3rmlHQHbUW";0;1;0;0;in;1643093405302652928;1711237239123107974;PhotoBnp77308;https://twitter.com/PhotoBnp77308/status/1711237239123107974
Mon Oct 09 04:26:01 +0000 2023;1711236550502330827;"@pundingin Cari yang wilayah rembang, jawa tengah. Ternyata belum ada🥹";0;1;0;0;in;1420585716879220737;1711027516327305696;ilhamnurakbar_;https://twitter.com/ilhamnurakbar_/status/1711236550502330827
Mon Oct 09 04:22:34 +0000 2023;1711235681702621321;"@dawiguna @SekteAxis @barubikinlol Utamakan rakyat Bukan utamakan investor  Semoga Rempang mengikuti jejak yogyakarta https://t.co/Dduj3VOL5u";0;0;0;0;in;2280158407;1711196451878113602;TheFaredan;https://twitter.com/TheFaredan/status/1711235681702621321
Mon Oct 09 04:18:08 +0000 2023;1711234565564690872;"70 Persen Warga Pasir Panjang Rempang Bersedia Digusur https://t.co/hrVyKBVqAh";0;2;0;0;in;47596019;1711234565564690872;liputan6dotcom;https://twitter.com/liputan6dotcom/status/1711234565564690872
Mon Oct 09 04:14:16 +0000 2023;1711233593463500996;"@sopyan_mr @Jangkrikgengg15 @kompascom Nanti tiba” muncul berita penduduk rempang di teroriskan krn memperjuangkn tempat tinggalnya 🫣";0;0;0;1;in;307413145;1710799415722828143;PekPekok;https://twitter.com/PekPekok/status/1711233593463500996
Mon Oct 09 04:13:00 +0000 2023;1711233276067856702;"@ShenoWirang MENANG.....MENANGISLAH KALIAN seperti rakyat Rempang dan kalimantan ! Hutang Bertumpuk² siapa yg bayar ! Kaum Milenial ogah pilih Merah !";0;0;0;1;in;1496478512915828736;1711150666343985280;Firdaus85950099;https://twitter.com/Firdaus85950099/status/1711233276067856702
Mon Oct 09 04:12:17 +0000 2023;1711233096018989097;"Belum tuntasnya penyelesaian konflik agraria yang terjadi di Pulau Rempang mendapat perhatian masyarakat. Di satu sisi, publik tetap memandang pentingnya aspek keberlangsungan investasi. @RanggaEkaSakti1 #Survei #AdadiKompas  https://t.co/o2rQi58Pi4";0;0;0;0;in;771030588;1711233096018989097;KompasData;https://twitter.com/KompasData/status/1711233096018989097
Mon Oct 09 04:12:06 +0000 2023;1711233047696441446;"relokasi pengembangan Rempang Eco City akan diberikan rumah tipe 45 senilai Rp120 juta. Namun, jika warga memiliki rumah yang nilainya lebih besar atas penilaian dari Kantor Jasa Penilai Publik (KJPP), maka akan diberikan tambahan sesuai dengan selisih nilai rumah";0;0;0;0;in;1476475772504195072;1711233038083084329;estehhkecut;https://twitter.com/estehhkecut/status/1711233047696441446
Mon Oct 09 04:12:04 +0000 2023;1711233038083084329;"Penjelasan :  Beredar sebuah pesan berantai WhatsApp yang berisi informasi bahwa warga Pulau Rempang yang terdampak relokasi pengembangan Rempang Eco City harus membayar selisih harga rumah kepada Badan Pengusahaan (BP) Batam. Pada pesan tersebut disebutkan mengenai selisih harga https://t.co/s3VAJLZfjG";0;1;0;0;in;1476475772504195072;1711233038083084329;estehhkecut;https://twitter.com/estehhkecut/status/1711233038083084329
Mon Oct 09 04:11:29 +0000 2023;1711232893501181959;"Satu bulan lalu, konflik pecah antara aparat dan warga lokal di Pulau Rempang, Kota Batam, Kepulauan Riau. @RanggaEkaSakti1 #Survei #AdadiKompas https://t.co/kCd12TjkAA";0;0;0;0;in;771030588;1711232893501181959;KompasData;https://twitter.com/KompasData/status/1711232893501181959
Mon Oct 09 04:11:13 +0000 2023;1711232824521736503;"@PresidenKopi rempang gagal, terbitlah rice cooker";0;0;0;0;in;1603565032058417153;1711062576380228014;lpkkaltim;https://twitter.com/lpkkaltim/status/1711232824521736503
Mon Oct 09 04:06:30 +0000 2023;1711231639182037230;"@GeiszChalifah Jangan jangan kompas tulis bertita di pulau rempang sagalang...dgn kata yg sama";0;0;0;0;in;1379770054808543236;1710903402996363554;Mulyana034;https://twitter.com/Mulyana034/status/1711231639182037230
Mon Oct 09 04:04:46 +0000 2023;1711231202110407164;"Salah satu warga, Amlah (105), mengatakan, satu jengkal pun tidak akan bergeser dari tempat tinggalnya di Kampung Pasir Panjang, Pulau Rempang. Pasir Panjang adalah salah satu dari lima kampung tua yang akan terdampak pembangunan tahap I. #KonflikRempang #AdadiKompas";0;1;2;0;in;255866913;1711224163543982378;hariankompas;https://twitter.com/hariankompas/status/1711231202110407164
Mon Oct 09 04:04:34 +0000 2023;1711231151543898560;"sepertinya ini wajah2 "impor" dari daerah tertentu untuk diadudomba dengan warga melayu Rempang? https://t.co/HwsYEp6ZpG";19;122;431;880;in;1682598502541688832;1711231151543898560;BSbukit;https://twitter.com/BSbukit/status/1711231151543898560
Mon Oct 09 04:03:27 +0000 2023;1711230870810751472;"@Dara_Cega @jokowi @ListyoSigitP @mohmahfudmd @DivHumas_Polri Setelah banyaknya kejadian seperti ini mulai dari rempang,bangkal, dll. orang-orang dayak yg mendukung IKN  APAKAH tk pernah berfikir bahwa kejadian seperti ini akan terjadi &amp  menimpa masyarakat adat dan dayak Kaltim?  Sertifikat masyarakat di persulit, Untuk pengusaha gampang.";0;0;0;0;in;1161646521168719872;1711172180762071397;Saifoul18;https://twitter.com/Saifoul18/status/1711230870810751472
Mon Oct 09 03:55:48 +0000 2023;1711228948083015790;"@pluviocorps @Outstandjing Di ig tertulis sedang di KUDUS, masuk akal si kalo orang rembang, mungkin lagi melancong.";0;1;0;2;in;179156947;1711033652275302847;MusMerden;https://twitter.com/MusMerden/status/1711228948083015790
Mon Oct 09 03:51:25 +0000 2023;1711227841055162614;"Kalian haus perang?! Ayo para kesatria, drpd ngebantai saudaramu sendiri demi mereka cukong2 anjing yg berkedok investasi di rempang &amp  kalimantan, mending klean berangkat bantu rakyat palestina yg sedang bertempur mempertahankan kemerdekaanya, ayo jgn jd PENGHIANAT BANGSA! 💪😎";0;0;0;3;in;1604769276682207232;1711227841055162614;kuntaw_h;https://twitter.com/kuntaw_h/status/1711227841055162614
Mon Oct 09 03:38:05 +0000 2023;1711224488522838170;"Wakil Menteri Agama (Wamenag) RI Saiful Rahmat Dasuki didampingi Kakanwil Kemenag Prov. Jateng Musta'in Ahmad turut dalam kebahagiaan peringatan Maulidurrasul dan Hari Lahir Pondok Pesantren (Ponpes) Al-Anwar 2 Sarang, Rembang pada Minggu (08/10/2023). https://t.co/fhZvyiUTaD";0;0;3;6;in;2989121466;1711224488522838170;KemenagJateng;https://twitter.com/KemenagJateng/status/1711224488522838170
Mon Oct 09 03:37:27 +0000 2023;1711224328677998762;"Too many malls in Klang Valley. We need more parks, better public transport &amp  pedestrian walkways with trees. Also dekat selangor ni mainly shah alam tak tau tempat lain bus stand design takde bumbung. Hujan &amp  panas rembang kat malaysia ni everyday ya. Agak2 le nak minimalis pun";0;0;0;1;in;77205043;1711224328677998762;fxtlnlfxtlnl;https://twitter.com/fxtlnlfxtlnl/status/1711224328677998762
Mon Oct 09 03:36:49 +0000 2023;1711224167755035092;"Baca berita #LiputanTematik tentang #KonflikRempang yang berjudul "Proyek Kejar Tayang di Rempang" selengkapnya dalam tautan berikut. #AdadiKompas   https://t.co/D3sagmo9cE";0;1;1;1;in;255866913;1711224163543982378;hariankompas;https://twitter.com/hariankompas/status/1711224167755035092
Mon Oct 09 03:36:48 +0000 2023;1711224163543982378;"🟠UTAS  Pembangunan PSN Rempang Eco City dinilai dilakukan secara terburu-buru. Warga diminta meninggalkan kampungnya, sementara pembangunan rumah relokasi belum dimulai. Simak #LiputanTematik #KonflikRempang dalam utas berikut. #AdadiKompas  *Tautan ada diposting-an selanjutnya https://t.co/ZuNBQpwPh5";1;3;55;155;in;255866913;1711224163543982378;hariankompas;https://twitter.com/hariankompas/status/1711224163543982378
Mon Oct 09 03:36:01 +0000 2023;1711223968810881168;"Samlekum rempang, bajer anjeng";0;13;40;262;in;1448080308;1711223968810881168;strike_bravo_b;https://twitter.com/strike_bravo_b/status/1711223968810881168
Mon Oct 09 03:33:07 +0000 2023;1711223236854493464;"@GreenpeaceID @jokowi Belum selesai rempang, sdh ribut lagi di kalteng, akibat ulah pejabat yg tdk berprikemanusia";0;0;0;2;in;1700136567665561600;1710650645760692617;yunansiregar123;https://twitter.com/yunansiregar123/status/1711223236854493464
Mon Oct 09 03:30:31 +0000 2023;1711222581989458418;"Sungguh membakar semangat baca timeline bnyk yg mendukung Palestina yg dijajah, trmsk dr dukungan warga +62.  Yuk bisa yuk, warga +62 dukung warga Papua, Rempang, Seruyan, Air Bangis, Wadas, dll.  Kebiadaban Israel thd warga Palestina sama persis yg dialami Papua, dll koq.";1;3;18;53;in;47560877;1711222581989458418;juliusibrani;https://twitter.com/juliusibrani/status/1711222581989458418
Mon Oct 09 03:30:19 +0000 2023;1711222531980681249;"@Mdy_Asmara1701 Jangan seperti kasus di: - Rempang - Kampung Akuarium - Mandalika  Dll";0;0;0;0;in;1603768816189988865;1711217907487916194;rangkutifuat;https://twitter.com/rangkutifuat/status/1711222531980681249
Mon Oct 09 03:30:11 +0000 2023;1711222500053717477;"@OmJ_JeNggot @ArtonArton6 Dari #rempang 1 bulan lalu https://t.co/ozes98nXHu";0;0;0;0;in;1589754038324977667;1711193629858087390;descha05;https://twitter.com/descha05/status/1711222500053717477
Mon Oct 09 03:22:09 +0000 2023;1711220476675346840;"@Dandhy_Laksono selalu ada perlawanan thd penjajah   dimana mana banyak kekerasan  Semoga Alloh berikan kesejahteraan utk Palestina, Rempang, Papua,Seruyan dan siapapun yg terjajah dlm berbagai hal dan kebijakan  Aamiin Aamiin";0;0;0;1;in;2455219674;1710914137491193993;haris_zr;https://twitter.com/haris_zr/status/1711220476675346840
Mon Oct 09 03:20:35 +0000 2023;1711220084486856806;"Warga Rempang yang sebelumnya menolak bergeser, sebagian telah menyatakan setuju untuk pindah dan akan segera menempati hunian sementara. https://t.co/dZRNyAyxKC";0;1;0;1;in;847372542830444544;1711220084486856806;cnbcindonesia;https://twitter.com/cnbcindonesia/status/1711220084486856806
Mon Oct 09 03:19:36 +0000 2023;1711219834401489179;"@AndiSinulingga Melayu dan Papua saudara. Tapi, dgn kelakukan Bahlil sebagai makelar investadi dan project besar yg  "wakili" pemerintah, keluar kata kesal dan jengkel dari  kawan2 Melayu, " eh Bahlil kamu orang papua tak paham Melayu" kata tokoh masy Rempang.";0;0;0;1;in;1471987180968943624;1711185926498689298;getteng_hola;https://twitter.com/getteng_hola/status/1711219834401489179
Mon Oct 09 03:19:26 +0000 2023;1711219793104359838;"Akun Bendera, yg NKRI harga mati, soal Gaza yg dibela Israel. Soal Rempang bela Investor. Soal KM50 bela Polisi. Soal Kampanye LGBT bela LGBT. Soal penistaan Agama bela Ahok. Soal KKN bela penguasa. Sebetulnya mereka hewan liar yg ditangkarkan dimana? Najis benar lihatnya. https://t.co/zC4Ki8Wb76";0;2;9;14;in;213168371;1711219793104359838;AH_SiregarXIX;https://twitter.com/AH_SiregarXIX/status/1711219793104359838
Mon Oct 09 03:18:08 +0000 2023;1711219466422632860;"@Humairah_922 @tonichan157 Mendo'akan orang yang menzalimi rakyat,bangsa &amp  negaranya ndiri hukumnya sunnah yang terlupakan,mosok jual2 asset negara,rakyat digusur spt menggusur ayam? Demi investasi china? Smw serba china, bukan rempang doang tp jg desa seruyan di kaltim,rakyat justru ditembak sampe mati https://t.co/GRVsF06Z2S";0;0;3;6;in;1607359469318725633;1710844586078486529;LuckyLudjaina;https://twitter.com/LuckyLudjaina/status/1711219466422632860
Mon Oct 09 03:14:34 +0000 2023;1711218571026845705;"BP Batam Beri Laporan Progres Rempang: 25 KK sudah Bergeser https://t.co/g2vI89LeTT https://t.co/quzaSPA5Ku";0;0;0;0;in;4427876114;1711218571026845705;lendootcom;https://twitter.com/lendootcom/status/1711218571026845705
Mon Oct 09 03:09:31 +0000 2023;1711217299565519245;"Kasus Rempang, Kecamatan Galang, Kota Batam, makin berlarut-larut. Setelah target pemerintah untuk mengosongkan Rempang dari warga pada 28 September gagal, kini masih banyak warga yang menolak relokasi. https://t.co/SzHDi2QCNy #rempang #batam";0;0;0;0;in;1237785164;1711217299565519245;kepripostcom;https://twitter.com/kepripostcom/status/1711217299565519245
Mon Oct 09 03:09:13 +0000 2023;1711217223522738301;"@LoudMinorities @ShofwatE Kalau luh bicara ke manusian ngga usah jauh rempang aja luh diam semprul";0;0;0;1;in;1910354101;1711152098719703127;Muhalim77;https://twitter.com/Muhalim77/status/1711217223522738301
Mon Oct 09 03:06:35 +0000 2023;1711216560105509309;"@Heraloebss kasus kanjuruan aja blm jelas sapa pelakunya sekarang ada lagi 😔 rempang apa kabar, apa masih melawan atau sudah takluk ditangan tuan penguasa yg punya uang.";0;0;0;0;in;243535420;1711037465669349467;Sama0541;https://twitter.com/Sama0541/status/1711216560105509309
Mon Oct 09 03:05:46 +0000 2023;1711216356451115016;"Menteri Investasi/Kepala BKPM, Bahlil Lahadalia, turun lagi ke Rempang,  Kota Batam pada Jumat, 6 Oktober 2023, disambut mobilisasi warga dari pulau sekitar untuk menolak relokasi. https://t.co/7sMbi2YJnZ #rempang #batam";0;0;0;0;in;1237785164;1711216356451115016;kepripostcom;https://twitter.com/kepripostcom/status/1711216356451115016
Mon Oct 09 03:05:33 +0000 2023;1711216298510913738;"@Bisniscom Pak Bahlil, tolong didengar, dicerna dan dihayati lagi yg disampaikan pak AB.  Rempang: Juli 23 - ke China. Persetujuan investasi Rempang  Ags 23 - masuk Psn Sep 23 - warga diusir  Cocok contoh yg disampaikan pak Anies. https://t.co/Zus0bHh3lN";0;0;0;0;in;1603768816189988865;1711154900032442403;rangkutifuat;https://twitter.com/rangkutifuat/status/1711216298510913738
Mon Oct 09 03:04:33 +0000 2023;1711216047880352173;"@HusinShihab @ganjarpranowo Belum ada, tapi sudah ada yg turun ke gorong² main lumpur toh tetap nindas rakyat... Contohnya warga rempang, itu presiden dari petugas partai... #2024NoPresidenPetugasPartai";0;0;0;0;in;1604676088889626624;1710486825914237246;seigi_gambling;https://twitter.com/seigi_gambling/status/1711216047880352173
Mon Oct 09 03:02:53 +0000 2023;1711215631218217230;"@blank0429 Ya saya berharap warga rempang jgn tergiur bujuk rayu penguasa,karna pasti akan menyesal seperti saudara² kita yg sudah duluan berurusan dgn penguasa.            #     MIKIR.     #";0;1;0;2;in;1616478134777577477;1711189013296726028;3M4rl3n4;https://twitter.com/3M4rl3n4/status/1711215631218217230
Mon Oct 09 03:01:50 +0000 2023;1711215366993793335;"@__anomali__ Gak ngomongin rempang di sini";0;0;0;0;in;3293376782;1711037717751177537;AmaniLalaland;https://twitter.com/AmaniLalaland/status/1711215366993793335
Mon Oct 09 02:59:24 +0000 2023;1711214753241256209;"@zizuzee @ganjarpranowo Lo kagak liat kasus rempang skrg udh kelar masalahnya. Cuma miss komunikasi antara pemerintah &amp  rakyat. Dan lo bisanya jadi provokator doank ,  Jangan kebanyakan baca yg hoax² jd otak lo isinya hoax doank!!!!!!!!!!";0;1;0;0;in;1702852650536976384;1711026894412697829;KMoran35356;https://twitter.com/KMoran35356/status/1711214753241256209
Mon Oct 09 02:59:20 +0000 2023;1711214734488612956;"#rempang #galang #batam https://t.co/ILOgdPOXAa";0;0;0;0;qme;88581368;1711214445462970646;shohibulmedsos;https://twitter.com/shohibulmedsos/status/1711214734488612956
Mon Oct 09 02:54:50 +0000 2023;1711213601896501687;"https://t.co/HBYycdbeWB  Kelompok HAM CIVICUS mengecam pemerintah Indonesia yang mencalonkan diri menjadi dewan HAM PBB.  Ini menyusul pelanggaran HAM oleh pemerintah di Papua, Rempang, Air Bangis, hingga Muaro Jambi.";1;1;17;43;in;1206518264811020289;1711213601896501687;Mythicalforest;https://twitter.com/Mythicalforest/status/1711213601896501687
Mon Oct 09 02:50:45 +0000 2023;1711212574543593901;"@tvOneNews Rempang tuh pelenggaran HAM berat, usut @ganjarpranowo @aniesbaswedan @msaid_didu @mediaindonesia @mohmahfudmd";0;0;0;0;in;1618066714515890176;1709256322955571656;GSuryaalam;https://twitter.com/GSuryaalam/status/1711212574543593901
Mon Oct 09 02:50:04 +0000 2023;1711212403852218696;"Rakyat Rempang dikhianati rejim Berita ini mengejutkan semua orang! https://t.co/krcfvmyp9M";0;0;0;0;in;1572600613099425795;1711212403852218696;JSedoe;https://twitter.com/JSedoe/status/1711212403852218696
Mon Oct 09 02:46:32 +0000 2023;1711211513766371625;"@OposisiCerdas yg 2 periode lalu,berarti g masuk kategori itu dong? digertak G DIUTANGI lg aja ciut! mknya,tanah tumpah darah RAKYAT REMPANG berani dikorbanin!klo pemimpin bernyali n g ciut digertak,g mgkn bela2in perusahaan dr negeri penggertak itu kan? yg berani BATALkan proyek cukong siapa?";0;0;0;0;in;1676864371987996672;1710863985258746029;yahyaasyar42633;https://twitter.com/yahyaasyar42633/status/1711211513766371625
Mon Oct 09 02:43:31 +0000 2023;1711210756623175717;"@Asiknyaapaya @AyaniMel rempang sampai tahun 2000 an tidak berpenghuni, tanahnya milik otorita batam. begitu ada investor tiba2 ada penduduk asli dan para simpatisan yang membela dan menyerang jokowi. ndak tau hubungannya dimana ya.";0;2;0;0;in;107312678;1710845178284834950;bronto_kusumo;https://twitter.com/bronto_kusumo/status/1711210756623175717
Mon Oct 09 02:39:37 +0000 2023;1711209772127850675;"@RustamIbrahim Rempang di khianati? Janji bikin sertifikat?";0;0;0;0;in;2277726990;1711155144925282416;BangSaifulHuda;https://twitter.com/BangSaifulHuda/status/1711209772127850675
Mon Oct 09 02:35:45 +0000 2023;1711208802929008710;"@Outstandjing Padahal aslinya orang rembang";1;4;1;35;in;1448251677518155783;1711033652275302847;pluviocorps;https://twitter.com/pluviocorps/status/1711208802929008710
Mon Oct 09 02:31:05 +0000 2023;1711207628163199457;"@AmaniLalaland Palestina sebagai Bangsa ... orang-orang yang diusir dari tanah dan rumahnya oleh Milisi teroris Irgun/Stern?Haganah 1948 .. "Tanah tak bertuan"  ???  kamu juga bilang begitu kasus Melayu di Pulau Rempang ? ..  FYI secara De Jure, Indonesia adalah Hindia Belanda.. milik Belanda https://t.co/WmZbbeLruS";0;3;1;0;in;351134369;1711037717751177537;__anomali__;https://twitter.com/__anomali__/status/1711207628163199457
Mon Oct 09 02:17:32 +0000 2023;1711204214884696188;"Beredar hoaks atau berita bohong ditengah pemerintah tengah melakukan upaya relokasi di Pulau Rempang. Informasi hoaks disebarkan oleh pihak tak bertanggung jawab, melalui pesan singkat di media sosial WhatsApp.  https://t.co/ZoPZUp045R";0;0;0;0;in;1269940432336633856;1711204214884696188;batamline;https://twitter.com/batamline/status/1711204214884696188
Mon Oct 09 02:16:19 +0000 2023;1711203908817936884;"Kedatangan Menteri Investasi dan BKPM RI, Bahlil Lahadalia bersama rombongan Gubernur Kepri, Ansar Ahmad dan Kepala BP Batam, Muhammad Rudi ke Tanjung Banon Pulau Rempang didemo warga. Warga melakukan unjuk rasa di depan Masjid Al-Ihsan Tanjung Banun.  https://t.co/ChLc7Thpw0";0;0;0;0;in;1269940432336633856;1711203908817936884;batamline;https://twitter.com/batamline/status/1711203908817936884
Mon Oct 09 02:16:00 +0000 2023;1711203828685766810;"@mukidioon3 Bisa aja nego rempang di puskesmas singapoor";0;0;0;1;in;1238726953957330944;1710966435374358962;koplakovich;https://twitter.com/koplakovich/status/1711203828685766810
Mon Oct 09 02:15:26 +0000 2023;1711203688038162439;"@OposisiCerdas Nego rempang sambil rebahan wkwkwk 😄😄😄";0;0;0;0;in;1238726953957330944;1710861848038522929;koplakovich;https://twitter.com/koplakovich/status/1711203688038162439
Mon Oct 09 02:10:49 +0000 2023;1711202525037347092;"@NenkMonica Ini masalahnya bukan anaknya tapi masalah Rembang Pati(Rp)";0;0;0;0;in;1529723899738738688;1710515960401240435;infinixakun500;https://twitter.com/infinixakun500/status/1711202525037347092
Mon Oct 09 02:08:51 +0000 2023;1711202031451684872;"@jokowi  pak kadang kadang komentar bapak yang buat pecah belah rakyat pak. Lihat bapak mau kasih sertifikat warga rempang. Tapi sekarang kok mau di ambil.";0;0;0;0;in;1632651064150482944;1711202031451684872;ondarnis07;https://twitter.com/ondarnis07/status/1711202031451684872
Mon Oct 09 02:07:12 +0000 2023;1711201613938040992;"@tirta_cipeng Tim kalau pulang Kebumen nyepur, kalau pulau Rembang ngbisss";0;0;0;0;in;574166012;1711193891112919180;anazJr;https://twitter.com/anazJr/status/1711201613938040992
Mon Oct 09 02:04:33 +0000 2023;1711200949757427992;"Rempang ni asyik di pelototin ya. People power bukan socmed power 😅";0;0;0;0;in;51334474;1711200949757427992;almascatie;https://twitter.com/almascatie/status/1711200949757427992
Mon Oct 09 02:00:58 +0000 2023;1711200048267370534;"@syueb2011 @DeHoutman_id kalau diusir spt model jaman orba, pasti kami dukung warga rempang. tp kan ga ada perampasan lahan model orba? Pasti tukar guling/kompensasi yg menguntungkan. Lihat tuh bbrp waktu lalu rakyat bbrp desa jd milyarder. Dari ribuan jln tol aja, mana ada masalah ganti rugi tanah?";0;1;0;2;in;1580125725364928513;1710992682003406972;oxdewawin;https://twitter.com/oxdewawin/status/1711200048267370534
Mon Oct 09 01:52:34 +0000 2023;1711197933910245802;"Sejujurnya lebih berat buat nge-RT tweet2 ttg Rempang drpd Palestina... krn foto2nya lbh berdarah2... 😭 Aku ga bisa share yg begini, kasian sm keluarganya...";0;0;0;0;in;168124029;1711197933910245802;theMbapiltwt;https://twitter.com/theMbapiltwt/status/1711197933910245802
Mon Oct 09 01:49:36 +0000 2023;1711197185541579002;"@RevolusiAkhlaq2 Emang nya dinegri kita baik" Saja.. ?  Apa kbr rempang..?  Apa kbr kalteng..?";0;0;2;5;in;1276621505367904256;1711074230769770636;jagatreang;https://twitter.com/jagatreang/status/1711197185541579002
Mon Oct 09 01:48:54 +0000 2023;1711197010576154630;"@LoudMinorities @ashabullyaminn @ShofwatE lu @LoudMinorities pikniknya kurang jauh... makanya belajar tentang kemanusian, gak usah jauh jauh ngurusin Israel, nyooohhh REMPANG.. berani mbecottt gak mulut mu d tweeter... Lol...Otak mana otak..???";0;1;0;0;in;1233447271779336192;1711152098719703127;Jalaseva2;https://twitter.com/Jalaseva2/status/1711197010576154630
Mon Oct 09 01:48:38 +0000 2023;1711196943396061686;"Ini lagi negeri sendiri. Kita punya hak tanah, tp terusir dr bumi sendiri buat kepentingan saku para penguasa.  Dari wadas, Kinipan, Kendeng, Dago Elos dan Rempang.";0;0;0;0;in;1305665224129667072;1711196943396061686;pecinta_stoberi;https://twitter.com/pecinta_stoberi/status/1711196943396061686
Mon Oct 09 01:40:48 +0000 2023;1711194971230056757;"@syueb2011 @DeHoutman_id Maaf, Pak. Tdk usah jadi provokator soal Rempang. Urusan soal Rempang sdh diselesaikan dgn baik. Masyarakat Rempang juga sdh bisa menerima hasil keputusan bersama antara masyarakat Rempang dgn Pemerintah.";0;1;0;3;in;1639867333484347394;1710992682003406972;PatrickRW_0819;https://twitter.com/PatrickRW_0819/status/1711194971230056757
Mon Oct 09 01:39:18 +0000 2023;1711194593830813736;"@ganjarpranowo Lagi ngadrun ya.. cari dukungan dari suku Melayu.. coba aja pak lanjutkan ke Rempang.. cari suara dan dukungan, buat rakyat dan penduduk Riau harus berhati-hati.";0;0;0;0;in;1645648449801719808;1710832580596298198;SunjayaSun73289;https://twitter.com/SunjayaSun73289/status/1711194593830813736
Mon Oct 09 01:24:00 +0000 2023;1711190743883374770;"Sikat aja tuh para warga Rempang klo ada yg intimidasi";0;0;0;0;in;226099847;1711190743883374770;tama_milanisti;https://twitter.com/tama_milanisti/status/1711190743883374770
Mon Oct 09 01:23:48 +0000 2023;1711190692507381909;"@CNNIndonesia Maaf saya baru tau ya bpk ini org papua,knpa ya kok beliau nafsu banget dgn rempang ada apa ini?... #MELAYUCINTANKRI";0;0;0;0;in;1534523592234266624;1710946008107200640;Globaljayarak;https://twitter.com/Globaljayarak/status/1711190692507381909
Mon Oct 09 01:22:29 +0000 2023;1711190360880492876;"True that👍 "Kemerdekaan itu ialah hak segala bangsa" Ga tega liat temlen😭  Hanya mampu berdoa &amp  turut berduka 🙏 Ini bentuk solidaritasku bt warga Palestina/Wadas/Rempang/Seruyan dll  Untuk semua yg terjajah zionis &amp   oligarki lalu memutuskan untuk melawan dg sgl kemampuan🤍💫 https://t.co/U6NuW7gbxP";1;1;6;21;in;250986551;1711190360880492876;therra_;https://twitter.com/therra_/status/1711190360880492876
Mon Oct 09 01:17:07 +0000 2023;1711189013296726028;"Masih soal JANJI. Sekian tahun blm tuntas pula lahan yg dipakai buat Mandalika  Track record Pemerintah amat buruk urusan tunaikan janji. Di Seruyan bahkan sudah bertahun tak ditunaikan &amp  malah jatuh korban  Apa Masyarakat Rempang mau alami hal serupa?  https://t.co/lXujSQACcf";1;3;13;33;in;2908675710;1711189013296726028;blank0429;https://twitter.com/blank0429/status/1711189013296726028
Mon Oct 09 01:15:21 +0000 2023;1711188567505109019;"@Manurung1D Penindasan byk Rempang Wadas  Maka itu saya muncul Ok Terima kasih🙏🙏🙏";0;0;0;1;in;1376172927679221766;1711183338734801243;DayangIndah4;https://twitter.com/DayangIndah4/status/1711188567505109019
Mon Oct 09 01:08:21 +0000 2023;1711186805159051537;"Keberlangsungan investasi di Rempang dinilai penting. Namun, publik juga menyoroti pentingnyamengedepankan aspek hak asasi manusia tanpa ada kekerasan dalam penyelesaian konflik di sana. #Survei #AdadiKompas  https://t.co/YZT63iHW5o";0;0;0;0;in;771030588;1711186805159051537;KompasData;https://twitter.com/KompasData/status/1711186805159051537
Mon Oct 09 01:07:56 +0000 2023;1711186700515660105;"Kasus Rempang, Bukti Penguasa Pro Pemilik Modal  #KebijakanLalimSengsarakanRempang  #RempangKorbanKapitalisme  #IslamSelamatkanPerempuanRempang";0;0;0;1;in;1260812337604247552;1711186700515660105;Plviam1;https://twitter.com/Plviam1/status/1711186700515660105
Mon Oct 09 01:04:24 +0000 2023;1711185813172883767;"@OposisiCerdas Oooooo........ MUNGKIN orang tua Bangka ini minta didoakan agar cepat sembuh kepada warga Rempang, Sulawesi , Kalimantan dan Papua.";0;0;0;0;in;1464811706719342603;1710861848038522929;mujaaulia29;https://twitter.com/mujaaulia29/status/1711185813172883767
Mon Oct 09 01:03:56 +0000 2023;1711185692729241758;"katanya demokrasi itu kedaulatan berasal dari rakyat, untuk rakyat, oleh rakyat. tapi nyatanya apa yg terjadi pada #Rempang ?Bukan rakyat yang berdaulat, tetapi pemilik modal yang berdaulat. Negara dipakai sebagai alat untuk mencapai kepentingan ekonomi dan politik mereka";0;1;0;0;in;1260812337604247552;1711185692729241758;Plviam1;https://twitter.com/Plviam1/status/1711185692729241758
Mon Oct 09 01:03:17 +0000 2023;1711185530333892954;"Keberlangsungan investasi di Rempang dinilai penting. Namun, publik juga menyoroti pentingnyamengedepankan aspek hak asasi manusia tanpa ada kekerasan dalam penyelesaian konflik di sana. #Survei #AdadiKompas   https://t.co/isCFJ6EZWe";0;0;1;3;in;255866913;1711185530333892954;hariankompas;https://twitter.com/hariankompas/status/1711185530333892954
Mon Oct 09 01:02:10 +0000 2023;1711185248095215788;"@Heraloebss @KomnasHAM kemana ini???Apakah akan terjadi di Rempang, Wadas dan daerah lainnya seluruh Indonesia???";0;0;0;0;in;1244268401704308736;1711037465669349467;FalNdaru;https://twitter.com/FalNdaru/status/1711185248095215788
Mon Oct 09 01:02:06 +0000 2023;1711185231645151618;"@Stev3n_Peg3l Dari zaman belanda orang timur dipdkai utk memerangi bangsa Indonesia, apa mereka tdk merasa sebangsa dgn rakyat Rempang Indonesia???";0;0;0;2;in;1360940189334446089;1710950796022681954;rodeonova11;https://twitter.com/rodeonova11/status/1711185231645151618
Mon Oct 09 01:00:17 +0000 2023;1711184777724993896;"@chuyAjah @asal_alasan mana pernyataan bajrey laknatullah alaihi yg bertaubat atas ucapannya menghalalkan darah kaum muslimin? apa lu yakin yg demo mempertahankan haknya seperti di rempang, kalimantan dll itu gada yg muslim? hingga boleh ditumpahkan darahnya?";0;1;0;1;in;1270532610591092736;1710662418022695308;Terajana313;https://twitter.com/Terajana313/status/1711184777724993896
Mon Oct 09 00:54:51 +0000 2023;1711183409593393449;"Mencari teranga kasus Rempang #AdadiKompas";0;0;0;0;in;45513302;1711183409593393449;neli_triana;https://twitter.com/neli_triana/status/1711183409593393449
Mon Oct 09 00:47:36 +0000 2023;1711181583355662366;"Antara JANJI, INGKAR, Gas Air Mata &amp  ahirnya.. Letusan senjata api Aparat  Ya.. Seruyan berduka!  Mereka yg menuntut haknya justru jadi korbannya. Semoga tak pernah terjadi lagi di masa depan baik di Rempang maupun di manapun di bumi Indonesia tercinta  👇 https://t.co/NZcZLkwvuQ https://t.co/HxHgS4KqZe";1;1;29;31;in;2908675710;1711181583355662366;blank0429;https://twitter.com/blank0429/status/1711181583355662366
Mon Oct 09 00:44:12 +0000 2023;1711180727537328430;"dicek temlennya kasus kanjuruhan gak nemu keprihatinan...kasus rempang juga diem";0;0;0;0;in;538716428;1711180727537328430;mudzakirmanaf;https://twitter.com/mudzakirmanaf/status/1711180727537328430
Mon Oct 09 00:39:47 +0000 2023;1711179615476355533;"@eoh_axela cuy, elu fokus mbuzeRp aja, sama fokus cari makan dari penderitaan Masyarakat Rempang 👍🏻 gosah bahas topik lain biar ga makin tampak bodohnya elu";0;0;0;1;in;77026242;1710975312748785894;dzikron;https://twitter.com/dzikron/status/1711179615476355533
Mon Oct 09 00:39:24 +0000 2023;1711179522304057430;"Warga Rempang, Batam, Kepulauan Riau, menilai Proyek Strategis Nasional Rempang Eco City dilakukan secara terburu-buru. Pembangunan rumah relokasi belum dimulai dan analisis mengenai dampak lingkungan masih dalam penyusunan. #Nusantara #AdadiKompas  https://t.co/D3sagmo9cE";0;1;0;3;in;255866913;1711169604360569307;hariankompas;https://twitter.com/hariankompas/status/1711179522304057430
Mon Oct 09 00:39:24 +0000 2023;1711179521905553616;"@mukidioon3 Mgkin gara2 rempang gagal jd ditagih  jantungan dh";0;0;0;1;in;1500196154910199808;1710966435374358962;masroso649;https://twitter.com/masroso649/status/1711179521905553616
Mon Oct 09 00:34:26 +0000 2023;1711178272003018977;"BP Batam: 25 KK asal Rempang Sudah Tempati Hunian Sementara https://t.co/FqS2GmWPjk lewat @GoWest.ID";0;0;0;0;in;767014902099607552;1711178272003018977;gowest_id;https://twitter.com/gowest_id/status/1711178272003018977
Mon Oct 09 00:34:20 +0000 2023;1711178247319523390;"BP Batam: 25 KK asal Rempang Sudah Tempati Hunian Sementara https://t.co/UApC1Ni8lF lewat @GoWest.ID";0;0;0;0;in;353758281;1711178247319523390;gowestid;https://twitter.com/gowestid/status/1711178247319523390
Mon Oct 09 00:21:33 +0000 2023;1711175027666919685;"Mandalika belum selesai sudah mau gusur Rempang, sungguh dzalim ini kekuasaan. https://t.co/EISu7admW4";0;0;0;1;in;97475374;1711175027666919685;Asfarin;https://twitter.com/Asfarin/status/1711175027666919685
Mon Oct 09 00:19:45 +0000 2023;1711174575189635073;"@trieslove88 @cordova_media @tonichan157 Sama dgn Zionis Ndeso ini, om. Pengemis suara dukungan di 2014 dan 2019. Namun akhirnya merampok tanah Rempang. https://t.co/7zP5XtURNG";0;0;0;1;in;1603519972025987072;1710928307301359985;Ghozwul_Fikr;https://twitter.com/Ghozwul_Fikr/status/1711174575189635073
Mon Oct 09 00:15:08 +0000 2023;1711173411555439054;"Yahudi rampas tanah Palestina,  rempang siapa @PresidenKopi ?";0;0;0;0;in;1620411523524083714;1711173411555439054;anaklama__;https://twitter.com/anaklama__/status/1711173411555439054
Mon Oct 09 00:14:15 +0000 2023;1711173191165477316;"Keberlangsungan investasi di Rempang dinilai penting. Namun, publik juga menyoroti pentingnya mengedepankan aspek hak asasi manusia tanpa ada  kekerasan dalam penyelesaian konflik di sana. #Survei #AdadiKompas  https://t.co/CnC76jbVME";0;0;0;2;in;771030588;1711173191165477316;KompasData;https://twitter.com/KompasData/status/1711173191165477316
Mon Oct 09 00:13:08 +0000 2023;1711172909857931674;"Sama halnya dengan propaganda rakyat oleh media terhadap Rempang, dikatakan bahwa 70% rakyat menyetujui relokasi untuk kepentingan PSN, namun Pd kenyataannya masih banyak veteran " Sudirman " berjuang mempertahankan kadaulatan tanah Rempang.";1;0;0;0;in;1092958177;1711172909857931674;pandandjati;https://twitter.com/pandandjati/status/1711172909857931674
Mon Oct 09 00:12:23 +0000 2023;1711172722997530860;"@DeHoutman_id Kalau masalah ini dimisalkan dengan masyarakat di Pulau Rempang - Batam yang telah hidup turun temurun didaerah tersebut kemudian tiba-tiba diusir untuk pembangunan Eco City  Dipihak mana kamu?";0;3;0;1;in;363380931;1710992682003406972;syueb2011;https://twitter.com/syueb2011/status/1711172722997530860
Mon Oct 09 00:09:52 +0000 2023;1711172090056061220;"@Sitampa21656009 @Paltiwest Giliran palestina yg diserang lu jg bacot pasti giliran kyk gini lu sok2 an ngomongin rempang..ehh klo gt lo ga usah jauh2 ngomongin rempang di bekasi noh byk yg bubarin gereja lo dimana???? Ga usah lo sok belain teroris hamas";0;1;0;0;in;1550875933078593536;1710561913376243771;Rossi46_vale;https://twitter.com/Rossi46_vale/status/1711172090056061220
Mon Oct 09 00:09:02 +0000 2023;1711171877849149743;"Keberlangsungan investasi di Rempang dinilai penting. Namun, publik juga menyoroti pentingnya mengedepankan aspek hak asasi manusia tanpa ada  kekerasan dalam penyelesaian konflik di sana. #Survei #AdadiKompas   https://t.co/LorULI41xk";0;0;1;1;in;255866913;1711171877849149743;hariankompas;https://twitter.com/hariankompas/status/1711171877849149743
Mon Oct 09 00:08:12 +0000 2023;1711171668721459406;"Waduh... Bapak aparat, apa gak ingat akhirat??? Mana lord dkk ayo mari di buldoser lagi, yang penting ASENG atau AYONG senang biar rakyat saja yang susah #kalimantan #rempang";0;0;0;0;in;593386626;1711171668721459406;Djoe_vi;https://twitter.com/Djoe_vi/status/1711171668721459406
Mon Oct 09 00:04:52 +0000 2023;1711170828287824004;"@PartaiSocmed Ini kasus pengalihan isu rempang dan lain nya";0;0;0;0;in;472902460;1711005589307060295;McUncu;https://twitter.com/McUncu/status/1711170828287824004
Mon Oct 09 00:03:43 +0000 2023;1711170540105572355;"Unt anak bangsa  sendiri sj HGU hanya 30th, HGU unt CINA HINGGA 190 tahun  MENTERI AGRARIA/BPN APAKAH ANDA WARAS?? APAKAH ANDA MMG SENGAJA BERKHIANAT KPD KEDAULATAN NKRI,  SEMENTARA KPD WARGA MELAYU REMPANG PUN KAU AMBIL HAK RAKYAT,  PUNYA NALAR TIDAK?  https://t.co/6tjFCSRVMm";0;2;9;5;in;1168102826624483329;1711170540105572355;ENS53311139;https://twitter.com/ENS53311139/status/1711170540105572355
Mon Oct 09 00:03:06 +0000 2023;1711170385864192472;"Proyek Eco city di Rempang dinilai dipaksakan menjadi PSN oleh beberapa oknum pengusaha sebelum pemilu 2024 dilaksanakan, pasalnya pemerintah belum ada kesiapan terbaik untuk merelokasi 16 kampung https://t.co/YyCNsoyylF  Penguasaan lahan se_pihak adalah bentuk penjajahan.";0;0;0;0;in;1092958177;1711170385864192472;pandandjati;https://twitter.com/pandandjati/status/1711170385864192472
Mon Oct 09 00:01:04 +0000 2023;1711169874654122411;"Begitu Rakyat Rempang bro, lagi melawan penjajah baru, antek cukong properti yg prilakunya sudah kayak kompeni. Kita pasti sudah bisa merasakan betapa menyakitkannya terusir dari tanah lelulur.  #SavePalestine  #SaveRempang";1;0;0;3;in;213168371;1711169874654122411;AH_SiregarXIX;https://twitter.com/AH_SiregarXIX/status/1711169874654122411
Mon Oct 09 00:00:00 +0000 2023;1711169604360569307;"Selamat pagi Sahabat Kompas. Hari ini kami menyuguhkan #LiputanTematik Konflik Rempang. Pembangunan PSN Rempang Eco City dinilai dilakukan secara terburu-buru. Baca selengkapnya di harian Kompas (https://t.co/Z6bhYbEJRg).  #AdadiKompas https://t.co/7mTDfGve2S";2;2;4;8;in;255866913;1711169604360569307;hariankompas;https://twitter.com/hariankompas/status/1711169604360569307
Sun Oct 08 23:57:04 +0000 2023;1711168865739460918;"@TheEagle_BEN @netanyahu Termasuk Penjajah di Rempang BATAM";0;0;1;1;in;1388004889498845189;1710961230918423004;Wahyudi47173511;https://twitter.com/Wahyudi47173511/status/1711168865739460918
Sun Oct 08 23:55:38 +0000 2023;1711168507436785697;"Selamat pagi penyuara Kebenaran dan Keadilan, Para Pandu Ibu Pertiwi.   Soal Palestina bkn soal Agama, tapi yg lbh penting soal kemanusiaan. Perampasan tanah &amp  penindasan pendatang thd penduduk asli. Rempang saja kita tak Rela. Apalagi Rakyat Palestina terhadap Negaranya. https://t.co/HaFqg7FK8x";0;0;3;5;in;213168371;1711168507436785697;AH_SiregarXIX;https://twitter.com/AH_SiregarXIX/status/1711168507436785697
Sun Oct 08 23:52:14 +0000 2023;1711167650770854003;"Pembangunan PSN Rempang Eco City dinilai dilakukan secara terburu-buru. Warga diminta meninggalkan kampungnya sementara pembangunan rumah relokasi belum dimulai dan dokumen amdal masih dalam penyusunan. #Nusantara #AdadiKompas  https://t.co/vIXLbMO8XB";0;0;0;0;in;79237556;1711167650770854003;kompasmuda;https://twitter.com/kompasmuda/status/1711167650770854003
Sun Oct 08 23:51:57 +0000 2023;1711167578583003617;"Ramah ke investor, kejam ke rakyat. Yang sudah mulai muncul di Wadas, Rempang, Seruyan. Dan pasti akan mulai bermunculan kasus2 yang sama. Sementara kontribusi dari investor ke republik ini apa ...  Kerusakan ekosistem jelas.";0;0;1;3;in;44835119;1711167578583003617;moejeep_pelung;https://twitter.com/moejeep_pelung/status/1711167578583003617
Sun Oct 08 23:50:09 +0000 2023;1711167124691894610;"Pembangunan PSN Rempang Eco City dinilai dilakukan secara terburu-buru. Warga diminta meninggalkan kampungnya sementara pembangunan rumah relokasi belum dimulai dan dokumen amdal masih dalam penyusunan. #Nusantara #AdadiKompas  https://t.co/uFDFv3Nunt";0;0;0;0;in;155456716;1711167124691894610;KompasKlasika;https://twitter.com/KompasKlasika/status/1711167124691894610
Sun Oct 08 23:37:15 +0000 2023;1711163879659585880;"Hal itu disampaikan Bahlil saat menerima perwakilan warga Rempang di salah satu masjid yang terletak di Tanjung Banun, Batam pada Jumat (6/10) lalu. https://t.co/gff69MOEMr";0;0;0;0;in;135795460;1711163879659585880;detikfinance;https://twitter.com/detikfinance/status/1711163879659585880
Sun Oct 08 23:36:44 +0000 2023;1711163750353416318;"Pembangunan PSN Rempang Eco City dinilai dilakukan secara terburu-buru. Warga diminta meninggalkan kampungnya sementara pembangunan rumah relokasi belum dimulai dan dokumen amdal masih dalam penyusunan. #Nusantara #AdadiKompas    https://t.co/bBxzRmg5YQ";0;0;2;2;in;255866913;1711163750353416318;hariankompas;https://twitter.com/hariankompas/status/1711163750353416318
Sun Oct 08 23:32:19 +0000 2023;1711162637030175173;"Rakyat Rempang Terancam Diusir, Kedaulatan Rakyat Hanya Pemanis Bibir #KebijakanLalimSengsarakanRempang #RempangKorbanKapitalisme  #IslamSelamatkanPerempuanRempang https://t.co/2Tzqc1lVRa";0;0;0;1;in;1541422877970681856;1711162637030175173;Usnh22;https://twitter.com/Usnh22/status/1711162637030175173
Sun Oct 08 23:27:43 +0000 2023;1711161479913959639;"#SelamatPagiJogja | KOMPAS | Serba Buru Buru di Proyek Rempang";0;0;0;0;in;189059637;1711161479913959639;sonorafmjogja;https://twitter.com/sonorafmjogja/status/1711161479913959639
Sun Oct 08 23:24:39 +0000 2023;1711160707939795013;"Innalillahi wa inna ilaihi rajiun Lindungi warga rempang Halangi niat buruk orang ya ALLAH.... 🤲 aamiin";0;0;0;0;in;1605045011111825408;1711160707939795013;embie056736821;https://twitter.com/embie056736821/status/1711160707939795013
Sun Oct 08 23:18:11 +0000 2023;1711159083515236620;"@kurawa Gausah banyak bacod , itu korban rempang kapan kamu komenin?";0;0;0;0;in;1603529398497333248;1710850455046389932;spider9761;https://twitter.com/spider9761/status/1711159083515236620
Sun Oct 08 23:16:36 +0000 2023;1711158682854346776;"Masyarakat Rempang bukan barang yang bisa dipindah semaunya hanya demi kepentingan pemilik modal. #Maulidnabimenujuislamkaffah";0;0;0;2;in;1705868066666754048;1711158682854346776;SaptaFebri6515;https://twitter.com/SaptaFebri6515/status/1711158682854346776
Sun Oct 08 23:11:26 +0000 2023;1711157381428847004;"Kewajiban negara melindungi 45.000 warga Air Bangis-Sumatera Barat. Biarkan mereka hidup dgn nyaman, aman&amp tentram di tanah kelahiran mereka.   Sebaiknya menjelang 1 thn berakhirnya jabatan Jokowi sbg presiden tdk lagi membuat proyek strategis nasional seperti Rempang&amp Air Bangis.";0;1;0;0;in;1297659867117674496;1710130824048451804;Nazwar30452713;https://twitter.com/Nazwar30452713/status/1711157381428847004
Sun Oct 08 22:40:16 +0000 2023;1711149541247123475;"Opung lupakan Buldozer Rakyat Rempang yang tidak setuju digusur demi Inventasi 🙏🙏🙏";0;0;0;0;in;1155443417347842048;1711149541247123475;LauHamzah;https://twitter.com/LauHamzah/status/1711149541247123475
Sun Oct 08 22:27:45 +0000 2023;1711146388942467190;"Sebaiknya kl tidak mampu menjadi pemimpin yg benar dan arif, KAPOLRI SEBAIKNYA MUNDUR, daripada menjadi perpanjangan tangan para penjajah  NKRI yg mengatas namakan proyek negara. Yg mengambil Hak sepenuhnya tanah rakyat di REMPANG &amp  dimanapun yg jd target https://t.co/NWsJ7eHqgU";0;0;0;0;in;1168102826624483329;1711146388942467190;ENS53311139;https://twitter.com/ENS53311139/status/1711146388942467190
Sun Oct 08 22:20:28 +0000 2023;1711144557210186211;"The Montessori Toddler https://t.co/x9WcC68RPU Putri KW Conjuring 1 Jenglot Kayak Bayi YOSHI BLACK HAIR Narnia #KIMJIWOONG Kapolsek #TXTxDior Arhan Rempang https://t.co/q9TzlKtPV0 https://t.co/rKwepc1csp https://t.co/JPIhlavjUh";0;0;0;0;in;1361969770346602501;1711144557210186211;donnymarthen;https://twitter.com/donnymarthen/status/1711144557210186211
Sun Oct 08 22:13:21 +0000 2023;1711142764602364063;"@bayuwinata @Rezasyariatii Kenapa sekarang anda ga undang lagi Belanda untuk membebaskan Rempang dari indonesia kalo begitu.";0;0;0;0;in;1358984771511087104;1702229577949687928;Gober79252798;https://twitter.com/Gober79252798/status/1711142764602364063
Sun Oct 08 21:59:09 +0000 2023;1711139191126634624;"Rempang tidak ada di media nasional!  Semoga bukan Hoax! https://t.co/y9kSRdS2Q1 Saksikan video ini https://t.co/Iufkwvxl5P https://t.co/Vyv3eBq5CD https://t.co/fhioJvlwhY https://t.co/cGV8PXMoAs";0;0;0;0;in;99452989;1711139191126634624;mh_kdut;https://twitter.com/mh_kdut/status/1711139191126634624
Sun Oct 08 21:50:53 +0000 2023;1711137110995112314;"Menteri @bahlillahadalia menggunakan kata "geser" untuk memperhalus kata "gusur" bagi masyarakat Rempang. Justru di situ orang yakin bahwa geser yang Anda maksud, itu gusur. Gusur itu saudara sepupu dari rampas, rampok.";0;0;0;0;in;1453265584595034120;1711137110995112314;ihsan_reliubun;https://twitter.com/ihsan_reliubun/status/1711137110995112314
Sun Oct 08 21:18:13 +0000 2023;1711128892831056113;"Rasanya tak mungkin ada pembicaraan kondusif sebab penduduk rempang &amp  rakyat RI sdh kecewa berat. Apalagi tahu itu untuk objek pemindahan puluhan ribuan TKA vangke. #GantungMatiAnjingPeking  #GantungMatiAnjingPeking Investasi itu duit aja bukan orangnya ikut pindah, dasar idiot.";0;0;3;1;in;1442041695403581450;1711128892831056113;G30SPKI___;https://twitter.com/G30SPKI___/status/1711128892831056113
Sun Oct 08 21:05:47 +0000 2023;1711125762332651536;"https://t.co/yHPZLtuc1u #rempang #rumahsementarawargarempang";0;0;0;0;qme;1269523155300712451;1711125762332651536;CarlosShandy;https://twitter.com/CarlosShandy/status/1711125762332651536
Sun Oct 08 21:02:35 +0000 2023;1711124956422291647;"@tvOneNews Kalo yg paling NKRI berani melintas ke REMPANG ga ya???🤣🤣";0;0;1;10;in;1353661747438129153;1711018160751890642;LaaTAHZ31834379;https://twitter.com/LaaTAHZ31834379/status/1711124956422291647
Sun Oct 08 20:43:00 +0000 2023;1711120028094120447;"@fawh2022 @msaid_didu Minimal ada dua orang dari yg diatas sdh bikin rakyat Rempang susah, bikin  beras mahal, minyak goreng sempat hilang, sekolah dan kerja susah. Masih mau percaya?? Gila lu ndro...";0;3;0;4;in;102404051;1710935574092321065;erisindo_89;https://twitter.com/erisindo_89/status/1711120028094120447
Sun Oct 08 20:27:47 +0000 2023;1711116199613124716;"Bagus juga silaturrahim ke rakyat Rempang dan rakyat Kalteng. Mereka membutuhkan perhatian Bapak agar juga bisa hidup adil makmur di negerinya.";0;1;0;1;in;248580008;1711116199613124716;nursyamsahadis;https://twitter.com/nursyamsahadis/status/1711116199613124716
