created_at;id_str;full_text;quote_count;reply_count;retweet_count;favorite_count;lang;user_id_str;conversation_id_str;username;tweet_url
Tue Oct 03 23:57:59 +0000 2023;1709357158377390520;"@bd_baskoro Rating itu tidak bisa dibikin begitu saja, tapi di nilai dari semua aspek Dan penilainya itu masyarakat dunia, hasil kinerja, tingkah laku, sosial politik, dan kepentingan rakyat.  Ini rempang mau di kosong Wadas jg bgt Pemimpin model apa itu";0;0;0;1;in;1376172927679221766;1709319477626802187;DayangIndah4;https://twitter.com/DayangIndah4/status/1709357158377390520
Tue Oct 03 23:55:29 +0000 2023;1709356528128700751;"Investasi Pabrik kaca China di Rempang itu, hanya modus perampasan tanah adat bangsa Melayu";0;0;0;0;in;1171326344359079937;1709356528128700751;mhbmuhib17;https://twitter.com/mhbmuhib17/status/1709356528128700751
Tue Oct 03 23:54:39 +0000 2023;1709356320128983054;"bb palingbnyk 43,5 kg itupun proses naikin ny 3 tahun.  . . sakit baru 5 hari  turun 2,5 kg 🥺 dahlah . . 🙇🏼‍♀ #EmakHiLma  rempang gempa Gen z sukabumi Limpo Amanda manopo prabowo pdi kaesang Ganjar anies jokowi jessica mirna gibran whoosh";0;0;0;2;in;1317084070468177920;1709356320128983054;NurilHiLma2022;https://twitter.com/NurilHiLma2022/status/1709356320128983054
Tue Oct 03 23:54:13 +0000 2023;1709356210531807251;"@never_alonely Pahlawan dihati masyarakat Rempang dan masyarakat indoneaia yg tdk setuju akan penggusuran sewenang wenang";0;0;0;0;in;1694711483811426304;1709253660382032041;haidar_arash68;https://twitter.com/haidar_arash68/status/1709356210531807251
Tue Oct 03 23:49:39 +0000 2023;1709355059350548951;"Ahmad Doli Kurnia Nilai Sinkronisasi Terpadu Diperlukan Dalam Penyelesaian Masalah di Rempang https://t.co/S8UvbjsFao #golkar #golkarpedia #airlanggahartarto #golkarindonesia #golkaronsosmed #partaigolkar #kuningkeren #sayagolkar https://t.co/SX92i1WjAa";0;0;1;1;in;1593171387057049600;1709355059350548951;squadgolkar;https://twitter.com/squadgolkar/status/1709355059350548951
Tue Oct 03 23:48:41 +0000 2023;1709354818706551264;"Mantan istri bongkar aib Panglima Pajaji yang mencari panggung di Kasus Rempang.   #RempangEcoCity   https://t.co/6NsFklASMO";1;5;2;4;in;1586293278655205376;1709354818706551264;boyam3807;https://twitter.com/boyam3807/status/1709354818706551264
Tue Oct 03 23:48:33 +0000 2023;1709354786339131524;"@hc_poirot Dimarahin  karena  apa nie? Karena  gak sukses  mengusir  warga rempang Kah ?";0;0;0;0;in;1377046264294957058;1709105119969817063;54h4b4tl4m4;https://twitter.com/54h4b4tl4m4/status/1709354786339131524
Tue Oct 03 23:47:49 +0000 2023;1709354598442602552;"@HusinShihab Husni, ga usah jauh2. Jawab dulu ini, pemerintah lewat Mentri Bahlil bilang proyek di Rempang sudah melakukan uji Amdal tetapi faktanya amdal baru mau dibahas. Ini kebohongan lho. Apa yg Anies sampaikan sudah media atau Jurnalis sampaikan juga. Pahami hoax itu apa. TOLOL";0;0;0;5;in;1627613239508074497;1709211422042071498;dehery13;https://twitter.com/dehery13/status/1709354598442602552
Tue Oct 03 23:45:59 +0000 2023;1709354138717528213;"@tvOneNews Ayolah pak @ListyoSigitP, pemerintah sdh mengaku salah. Kesalahan pemerintah ini yg membuat rakyat Rempang marah karena tdk ada dasar @DivHumas_Polri utk bertindak represif. Pihak @bp_batam tdk punya HPL, tdk ada AMDAL &amp  investornya ga jelas &amp  punya rekam jejak yg kurang baik...";0;0;0;1;in;2800831814;1709328515026591796;raetse;https://twitter.com/raetse/status/1709354138717528213
Tue Oct 03 23:45:50 +0000 2023;1709354101824483449;"Si @YaqutCQoumas ini kata suami saya seangkatan sama adik suami saya. Tapi suami dan adik suami, di SMA 1 Rembang, Yaqut SMA 2 nya. Disana bagusan SMA 1 nya daripada SMA 2 ya, ya gak Qut? 😁";0;0;0;1;in;485385284;1709354101824483449;ronavioleta;https://twitter.com/ronavioleta/status/1709354101824483449
Tue Oct 03 23:44:12 +0000 2023;1709353688123441450;"@tvOneNews Otak lu gak bisa dipake mikir bener yaa, Lil..??!! Bila lu punya fikiran SEHAT dan PERASAAN, lu pasti MALU bahkan KHAWATIR atas diri elu dari  Do'a2 para warga Rempang yang di dzolimi elu dan Penguasa Lalim ini!!  #TegakkanHukum #TegakkanKedaulatanRakyat ☝️🇮🇩";0;0;0;0;in;1647150848;1709343143609688394;altprayoga;https://twitter.com/altprayoga/status/1709353688123441450
Tue Oct 03 23:40:13 +0000 2023;1709352687823904910;"Sebutan Preman atau pemberontak bagi  warga yg membela hak nya ini biasa di ucapan VOC ..❓  Bahlil Tolak Bebaskan Warga Rempang: Kalau Dibiarkan, Negara Kita Jadi Negara Preman https://t.co/3I8MsSGPGF";0;0;0;0;in;1609200118409854978;1709352687823904910;toni70427573;https://twitter.com/toni70427573/status/1709352687823904910
Tue Oct 03 23:38:36 +0000 2023;1709352278422159724;"Bahlil Tolak Bebaskan Warga Rempang: Kalau Dibiarkan, Negara Kita Jadi Negara Preman https://t.co/ACEZvWEeo8";2;8;28;27;in;1418773481764790275;1709352278422159724;JebuelMania900;https://twitter.com/JebuelMania900/status/1709352278422159724
Tue Oct 03 23:37:07 +0000 2023;1709351907511476436;"DIRAMPAS! WARGA DI USIR DARI TANAHNYA! APA YANG ANDA LAKUKAN! APA BUKTI YANG ANDA UCAPKAN! RAKYAT REMPANG WARGA PERKEBUNAN SAWIT DI MANA2 MEREKA HARUS TINGGALKAN KARENA HARUS BERHADAPAN DENGAN APARAT BERSERAGAM DAN BERPAKAIAN SIPIL DENGAN PAKSA! DIMANA ANDA? "JANGAN BOHONG PAK!"";0;0;0;0;in;1328156053733666817;1709351903996637281;DatooOnie;https://twitter.com/DatooOnie/status/1709351907511476436
Tue Oct 03 23:36:59 +0000 2023;1709351874896552018;"@IGKGARNAWA2 @IwanPmana87 @ekowboy2 Anda krg jeli mlihat Rempang, Batam itu lokasinya strategis mknya di incar cina, kedoknya pabrik kaca, tp yg di incar jalur msk dr brg cina. Stlh brhasil mrk akan minta imunitas di daerah itu,free lain2nya. Mending klo cuma brg,lha klo yg msk narkoba,tentara,tka, gak bahaya ta?🙏";0;1;0;0;in;857257753;1708824506448666863;busetdah78;https://twitter.com/busetdah78/status/1709351874896552018
Tue Oct 03 23:36:47 +0000 2023;1709351824195788867;"@shda_agatha_ @Zeent29 @tvOneNews hadeeeuhhhhh, dari awal uda aneh ini prosedur rempang  https://t.co/19n3rNTAGa";0;0;0;0;in;1978445610;1709055835190788100;rudyno1;https://twitter.com/rudyno1/status/1709351824195788867
Tue Oct 03 23:32:44 +0000 2023;1709350805072232945;"@tvOneNews Bukannya Pemerintah yang Preman?  - Menyuruh warga Rempang mengosongkan rumahnya tapi tdk ada tempat pengganti - Bangun Eco City tanpa Amdal  Parah";0;0;2;47;in;1603768816189988865;1709343143609688394;rangkutifuat;https://twitter.com/rangkutifuat/status/1709350805072232945
Tue Oct 03 23:30:53 +0000 2023;1709350340276220207;"@OposisiCerdas Lanjutkan omnibuslaw mak..... usir penduduk rempang";0;0;0;0;in;1421982008448720896;1708713054962356698;AhmadYu70769668;https://twitter.com/AhmadYu70769668/status/1709350340276220207
Tue Oct 03 23:30:00 +0000 2023;1709350115734077718;"Tak Serius di Gresik dan Babel, Masih Percaya Xinyi Investasi Rp175 Triliun di Rempang? https://t.co/Gh7zWTmAgC";6;10;145;189;in;1243804423001763841;1709350115734077718;democrazymedia;https://twitter.com/democrazymedia/status/1709350115734077718
Tue Oct 03 23:29:45 +0000 2023;1709350053327020167;"@tvOneNews Sabar dulu yaa...? ntar knggk lama lagi Preman/prampok brdasi nyusul warga pndemo/protes Rempang ke Jeruji Besi. Aminnn.... Yarobbalalamin...🤲";0;0;0;0;in;984040562549338112;1709343143609688394;RIZAL52673490;https://twitter.com/RIZAL52673490/status/1709350053327020167
Tue Oct 03 23:29:30 +0000 2023;1709349990919983405;"@acenk0421862189 @Widyarenee @temponewsroom Saya dari Kepulauan Riau btw...emang Jokowi menang kok di Rempang, dia keliling Riau jualan kampanye bagi bagi sertifikat tanah gratis, karena di Batam Bintan ini rawan konflik antar perusahaan dan masyarakat adat";0;1;0;0;in;1564831387085316096;1709065855861153950;a_yudhawastu;https://twitter.com/a_yudhawastu/status/1709349990919983405
Tue Oct 03 23:29:01 +0000 2023;1709349867104116804;"@tvOneNews Warga Rempang harus melawan";0;0;0;0;in;1637441534177214466;1709343143609688394;hijriah17167608;https://twitter.com/hijriah17167608/status/1709349867104116804
Tue Oct 03 23:26:27 +0000 2023;1709349220699058510;"@tvOneNews Hahaha... Bahkan sebaliknya, yang preman itu adalah yang merampas tanah rakyat rempang.😄  Kacau...";0;2;0;25;in;267240989;1709343143609688394;edi_muchlis;https://twitter.com/edi_muchlis/status/1709349220699058510
Tue Oct 03 23:26:22 +0000 2023;1709349200943779950;"Kalau Keliru BATAL kan Niat untuk Menggusur REMPANG..!? Jangan "Modal Minta Maaf" pokoknya TOLAK penggusuran Warga Rempang.☝✊";0;0;0;0;in;1603537926482145280;1709349200943779950;IwanIwanely72;https://twitter.com/IwanIwanely72/status/1709349200943779950
Tue Oct 03 23:22:49 +0000 2023;1709348307339006287;"Bahlil Refuses to Release Rempang Residents: If Left Left, Our Country Will Become a Country of Thugs";0;0;0;0;en;1682780171034849281;1709348307339006287;4nonymousH3RR;https://twitter.com/4nonymousH3RR/status/1709348307339006287
Tue Oct 03 23:22:16 +0000 2023;1709348169115717969;"@RomeoWalker19 Mempermalukan org rembang..";0;0;0;0;in;1624083728158035968;1709134054870982984;Erolimega;https://twitter.com/Erolimega/status/1709348169115717969
Tue Oct 03 23:17:27 +0000 2023;1709346957083484409;"Senoga judul berita ini sama dengan kenyataan dalam kehidupan warga masyarakat Rempang";0;0;0;0;in;1038732578;1709346957083484409;hamzahlukman99;https://twitter.com/hamzahlukman99/status/1709346957083484409
Tue Oct 03 23:11:46 +0000 2023;1709345526339232110;"@OposisiCerdas Ombudsman Temukan BP Batam Tak Punya Sertifikat Hak Pengelolaan Lahan Rempang https://t.co/xXtvKbDrQM";0;0;0;0;in;1618351099605577730;1708826422440259827;Kyaigringsing62;https://twitter.com/Kyaigringsing62/status/1709345526339232110
Tue Oct 03 23:11:10 +0000 2023;1709345375918968899;"@VIVAcoid Rempang, IKN dan Kereta cepat titipan Cina ya";0;0;0;0;in;300916232;1708640587157795141;wawn68;https://twitter.com/wawn68/status/1709345375918968899
Tue Oct 03 23:10:39 +0000 2023;1709345247644569699;"@tvOneNews Penyerobotan Tanah Warga Rempang, Nusron Wahid: Apa Bedanya BP Batam dengan VOC? https://t.co/aocQ4IFHZO";0;0;0;0;in;1618351099605577730;1709343143609688394;Kyaigringsing62;https://twitter.com/Kyaigringsing62/status/1709345247644569699
Tue Oct 03 23:05:00 +0000 2023;1709343826450739596;"Sama janj jokowi begitu .tapi malah pelanggaran ham subur..km50 blm tuntas.wadas.ntb komodo.rempang.dll..jgn mimpi ganjar..bau kebohongan mulai terbuka nh..";0;0;0;0;in;1638363198289227776;1709343826450739596;3Muzaeny88005;https://twitter.com/3Muzaeny88005/status/1709343826450739596
Tue Oct 03 23:04:01 +0000 2023;1709343575383957679;"FAKTA REMPANG.. Sampai detik ini warga Rempang yg terdiri 16kampung Tua berpenduduk 17,600jiwa masih MENOLAK adanya relokasi yg dijanjikan bahlil, BP Batam sendiri kabarnya tidak punya HPL apapun itu PSN yg dikerjakan dgn tdk transparan rakyatlah korbannya !! https://t.co/c3pxgM3DuO";3;9;314;451;in;1603593688005115905;1709343575383957679;Malika6027;https://twitter.com/Malika6027/status/1709343575383957679
Tue Oct 03 23:02:18 +0000 2023;1709343143609688394;"Bahlil Tolak Bebaskan Warga Rempang: Kalau Dibiarkan, Negara Kita Jadi Negara Preman https://t.co/K3QBrvnQZr";342;1621;622;1754;in;55507370;1709343143609688394;tvOneNews;https://twitter.com/tvOneNews/status/1709343143609688394
Tue Oct 03 22:59:10 +0000 2023;1709342354761752937;"@OposisiCerdas Baru bener ni orang.....gitu dong bantu hak warga rempang";0;0;1;1;in;1655217486835613696;1709161483647791378;Gundalagundul99;https://twitter.com/Gundalagundul99/status/1709342354761752937
Tue Oct 03 22:58:40 +0000 2023;1709342231017181648;"lingkungan (akan berjalan : rempang, menjual pasir kuarsa, dsb).  4. Pemimpin yang berbisnis dengan rakyatnya ( lihat betapa gencarnya promosi ev namun izin pltu² baru masih diberikan, dsb).  Ayolah kita mahasiswa /unej/ mengontrol kebijakan pemimpin, kita dan (cont)";0;1;0;3;in;1281746379283369986;1709342229721198677;MenfessUnej;https://twitter.com/MenfessUnej/status/1709342231017181648
Tue Oct 03 22:58:26 +0000 2023;1709342173119041822;"Tak Serius di Gresik dan Babel, Masih Percaya Xinyi Investasi Rp175 Triliun di Rempang? https://t.co/bv0crSMELp";0;0;0;0;in;3277399364;1709342173119041822;a_daud_ppnp;https://twitter.com/a_daud_ppnp/status/1709342173119041822
Tue Oct 03 22:57:13 +0000 2023;1709341867773751466;"Panglima Pajaji cari panggung diatas permasalahan rempang!!  aku mencintai kalian semua JENO JAEMIN Madrid Man United CEGIL RENJUN Onana Whoosh #FLAME_RISES_IN_JAKARTA https://t.co/n6gZ3KJCcE";0;0;0;1;in;1619895910422679552;1709341867773751466;Lop3Lop3;https://twitter.com/Lop3Lop3/status/1709341867773751466
Tue Oct 03 22:57:05 +0000 2023;1709341832956764419;"Waspada Panglima Pajaji cuma cari panggung lewat masalah rempang!!   aku mencintai kalian semua JENO JAEMIN Madrid Man United CEGIL RENJUN Onana Whoosh #FLAME_RISES_IN_JAKARTA https://t.co/cwzKwIcA9l";0;0;0;1;in;1619895910422679552;1709341832956764419;Lop3Lop3;https://twitter.com/Lop3Lop3/status/1709341832956764419
Tue Oct 03 22:52:12 +0000 2023;1709340602070904993;"Tak Serius di Gresik dan Babel, Masih Percaya Xinyi Investasi Rp175 Triliun di Rempang? https://t.co/XjyfHbXYJc";0;0;0;0;in;1636627729675337734;1709340602070904993;posaktualcom;https://twitter.com/posaktualcom/status/1709340602070904993
Tue Oct 03 22:44:39 +0000 2023;1709338701413966048;"Bebaskan tahanan demo Rempang, mereka mempertahankan tanah yg mereka tempati sejak abad 18. Fahami Kemanusiaan Yang Adil Dan BERADAB.   Bukan Kemanusiaan Yang Sesat Mengsengsarakan Rakyat.  @mohmahfudmd  @ListyoSigitP  @DPDRI  @DPR_RI  @YLBHI  @KomnasHAM  https://t.co/MB7GZ5NNCV";0;0;0;1;in;1482600556669460485;1709338701413966048;ForRezim;https://twitter.com/ForRezim/status/1709338701413966048
Tue Oct 03 22:40:01 +0000 2023;1709337536995438769;"@DokterTifa Makanya....ayo Rempang jangan menyerah...lawan semua kebathilan yg terjadi, adalah Hak kalian yg sudah turun temurun menempati pulau itu Kami turut berdoa untuk kebaikan dan kemenangan kalia... Semangaaat....💪";0;1;1;20;in;1095292132783345664;1709330853720203537;Murodi67765391;https://twitter.com/Murodi67765391/status/1709337536995438769
Tue Oct 03 22:35:30 +0000 2023;1709336401396084940;"Buka mata buka hati pak @jokowi ? .. gunakan kekuasaan utk kesejahteraan rakyat..  Pak @bahlillahadalia jgn lah berpura-pura benar, bagaimana kalau Anda jd rakyat pulau Rempang.. ingat Semua yg Anda lakukan akan ada balasannya.. https://t.co/WEz8RqHI6A";0;0;0;0;in;1246404051807289349;1709336401396084940;punyaramerame1;https://twitter.com/punyaramerame1/status/1709336401396084940
Tue Oct 03 22:24:31 +0000 2023;1709333635550306456;"@narkosun Bantu jawab Rempang";0;0;0;0;in;4412080458;1708967107734782339;herdi1983ok;https://twitter.com/herdi1983ok/status/1709333635550306456
Tue Oct 03 22:16:49 +0000 2023;1709331698985697612;"@susipudjiastuti lg pada sibuk projek IKN, Rempang. lebih bikin ""kenyang"";0;0;0;0;in;1508832553704505350;1709187956446277986;BobyGosal;https://twitter.com/BobyGosal/status/1709331698985697612
Tue Oct 03 22:15:53 +0000 2023;1709331463299330518;"@abu_waras @SemutMerah2024 Ditunjuk rempang jg pasti ngeles. Manusia itu kl gak ngibul ya ngeles. Dr mulai ijazah, esemka, stop impor, ekonomi meroket, anak gak berpolitik, stop tka, kcic non apbn, ikn non apbn...  Mbelgedhes, nggedabrus";0;0;0;2;in;1308030365261414401;1708657645857693966;sembodojarot;https://twitter.com/sembodojarot/status/1709331463299330518
Tue Oct 03 22:15:42 +0000 2023;1709331416419566073;"#save Rempang https://t.co/r4I1iRuxBm";0;0;0;0;in;1359071931153018881;1709331416419566073;AcoyBk;https://twitter.com/AcoyBk/status/1709331416419566073
Tue Oct 03 22:14:37 +0000 2023;1709331145945686516;"Pengaturan lalu lintas dijalan pati-rembang https://t.co/G4jnAMjI68";0;0;1;2;in;1264496102876696577;1709331145945686516;Satlantaspati2;https://twitter.com/Satlantaspati2/status/1709331145945686516
Tue Oct 03 22:14:28 +0000 2023;1709331107706265980;"@HusinShihab @AgusHamra @AntoniusCDN 1-Tidak menjawab bukan berarti berita bohong..jangan logical Fallacy..  2-sebenernya tidak ada yg bisa memungkiri bahwa proyek rempang Eco City itu adalah pesanan TW dan investor china ini.. penandatanganannya ini juli sepulangnya dari China,Agustus jdi proyek PSN https://t.co/iSZsFgCi7Y";0;0;0;0;in;1161646521168719872;1709211422042071498;Saifoul18;https://twitter.com/Saifoul18/status/1709331107706265980
Tue Oct 03 22:13:33 +0000 2023;1709330878122635493;"@FPKSDPRRI Rempang &amp  IKN dua proyek yang harus rakyat gagalkan.";0;0;0;0;in;1508832553704505350;1709098584866771232;BobyGosal;https://twitter.com/BobyGosal/status/1709330878122635493
Tue Oct 03 22:09:27 +0000 2023;1709329846508388394;"@tvOneNews Penyerobotan Tanah Warga Rempang, Nusron Wahid: Apa Bedanya BP Batam dengan VOC? https://t.co/aocQ4IFHZO";0;0;0;0;in;1618351099605577730;1709328515026591796;Kyaigringsing62;https://twitter.com/Kyaigringsing62/status/1709329846508388394
Tue Oct 03 22:05:44 +0000 2023;1709328909165371883;"Bahlil Lahadalia Diduga Suruh  Sekelompok Preman Bubarkan Aksi Bela Rempang yang Dilakukan Aliansi HMI Jakarta  Aksi bela Rempang dilakukan HMI  di Depan Kantor Kementrian Investasi/BKPM Senin siang, 2 Oktober 2023.  https://t.co/aE2rPVICKI https://t.co/wv8E4FUhiF";0;0;1;0;in;1667088705180561409;1709328909165371883;AlwiHusin;https://twitter.com/AlwiHusin/status/1709328909165371883
Tue Oct 03 22:04:30 +0000 2023;1709328600208703826;"@musniumar Mengapa anda tdk belajar sejarah , berapa ribu meter tanah asli milik negara yg sudah beralih dan di kuasai pihak lain tanpa proses yg benar , selama orde baru sampai saat ini berapa yg di hasilkan oleh mereka , lebih kasian yg di Rempang pak Mus , Krn itu tanah leluhur mereka ,";0;0;0;0;in;725231810;1709200955974328452;suryono_hadi;https://twitter.com/suryono_hadi/status/1709328600208703826
Tue Oct 03 22:04:10 +0000 2023;1709328515026591796;"Berurai Air Mata, Keluarga Warga Rempang yang Ditangkap Polisi Minta Dibebaskan: Kami Hanya Berjuang Mempertahankan Kampung https://t.co/rC37UHnup6";70;246;1820;4089;in;55507370;1709328515026591796;tvOneNews;https://twitter.com/tvOneNews/status/1709328515026591796
Tue Oct 03 21:52:56 +0000 2023;1709325690045349945;"@Kanseulir Proyek pengosongan bukan penggusuran di Rempang sudah selesaikah?";0;0;0;0;in;1647781488262529024;1708812067648733501;gunaditaufiq33;https://twitter.com/gunaditaufiq33/status/1709325690045349945
Tue Oct 03 21:48:55 +0000 2023;1709324679075504289;"@Atok_Gresik @Paltiwest Wedas dan Rempang itu ..adalah kasus nya oknum2 orang tamak ..dgn menyusupkan provokator.!";0;0;0;0;in;956894188980719617;1709043742785814962;Muhammadsabriqu;https://twitter.com/Muhammadsabriqu/status/1709324679075504289
Tue Oct 03 21:45:46 +0000 2023;1709323885429297399;"Panglima pajaji hanya cari panggung di atas permasalahan rempang https://t.co/HH8pKo1BCW";0;10;53;78;in;1564263000156307457;1709323885429297399;devira_vina;https://twitter.com/devira_vina/status/1709323885429297399
Tue Oct 03 21:44:41 +0000 2023;1709323610907984102;"Panglima pajaji provokator masalah di rempang https://t.co/PR8W0SAZlx";0;0;0;0;in;1564263000156307457;1709323610907984102;devira_vina;https://twitter.com/devira_vina/status/1709323610907984102
Tue Oct 03 21:32:34 +0000 2023;1709320561212723235;"semua bukan soal aturan/Kepres/Investasi..  Ini semua soal HIDEN DEBT yang harus segera di lunasi,  Kalau nggak lunas sebelum lengser PIDANA pastinya..  Lalu ada Cukong mau kasih Uang Besar tapi mintanya harus  Pulau REMPANG..  Inilah awalnya.😁  @jokowi   https://t.co/9RWVmTUosT";0;0;1;0;in;2408810690;1709320561212723235;TheUncleDee;https://twitter.com/TheUncleDee/status/1709320561212723235
Tue Oct 03 21:28:01 +0000 2023;1709319416050299099;"Bagus lah kalo mundur.. Bikin rakyat rempang Melayu jadi tertindas... Ambil tanah rakyat";0;0;0;0;in;872997090;1709319416050299099;PurwokoYusup;https://twitter.com/PurwokoYusup/status/1709319416050299099
Tue Oct 03 21:07:16 +0000 2023;1709314196918435917;"@habibgenit @wawananwar12 @JihaanGita Rempang hoax nya di mana? Terbukti kan pemerintah melunak soal Rempang ? Artinya ada yg salah pola investasi di Rempang, shg dibutuhkan cara baru pendekatan kepd rakyat";0;0;0;0;in;1514936487468404741;1709096445276774905;Debus_Banten;https://twitter.com/Debus_Banten/status/1709314196918435917
Tue Oct 03 20:31:28 +0000 2023;1709305185393320443;"@tvOneNews Jangan sampai terjadi gejolak di masyarakat seperti yg ada di rempang sekarang, jangan sampai terjadi juga masalah di masyarakat seperti tahun 1998, PIKIRKAN ITU!!!";0;0;0;0;in;1603542426412802049;1709090055678247381;dwi_dwi00;https://twitter.com/dwi_dwi00/status/1709305185393320443
Tue Oct 03 19:12:58 +0000 2023;1709285430968070374;"@shda_agatha_ Baca dulu sana analisis ncw. Itu xinyi 2 kali wanprestasi soal investasi di Semarang dan Babel. Makanya investasi di Rempang juga diragukan. Ujung2 nya nanti mandeq lagi 20 tahun kayak si tommy Winata tuh.";0;1;0;0;in;1604434612130033665;1709212698364510630;adrielbramanda;https://twitter.com/adrielbramanda/status/1709285430968070374
Tue Oct 03 19:10:55 +0000 2023;1709284913533644931;"@tvOneNews Raemu !!!  Deloken Wadas, deloken Rembang, Rempang dll. Kui Seko kroni kroni mu termasuk raemu !!!";0;0;0;0;in;1566094594340974592;1709237525217513584;suara_tabu;https://twitter.com/suara_tabu/status/1709284913533644931
Tue Oct 03 18:53:47 +0000 2023;1709280604397989957;"Yg anehnya... Desa2 yg bakal dikosongkan itu adalah 16 Desa (walo skrg yg mau dikosongkan duluan 5, 6 desa dulu), sementra nama2 dari 16 Desa itu termasuk Desa di P. GALANG &amp  P. GALANG BARU ( 4 desa Kp. TUA ), ini bearti 3 PULAU besar itu bakal dijual smua, bukan hanya REMPANG. https://t.co/Du6XqmaZQ7";0;0;4;3;in;452317761;1709280604397989957;kandargalang;https://twitter.com/kandargalang/status/1709280604397989957
Tue Oct 03 18:49:39 +0000 2023;1709279563459817750;"@KambingBosss @dapitnih @SBYudhoyono Saya kira anda masih kurang paham soal liberasi salah satunya karena itu bisa digunakan untuk meningkatkan arus modal dan apa kamu kira jokowi ga liberasi juga? Tanya nikel di morowali dan pemutihan kawasan hutan oleh para perambah bahkan lebih ngeri, kasus rempang contoh nyata";0;0;0;0;in;1624640931168415745;1709077384367071647;FatraIncs;https://twitter.com/FatraIncs/status/1709279563459817750
Tue Oct 03 18:47:45 +0000 2023;1709279083656605723;"@Widyarenee @a_yudhawastu @temponewsroom Kami dulu memilih jokowi tante, tapi merasa kecewa bolehkan?? Masalahnya ini soal negara indonesia yg luas,, sy perhatikan janji buatkan sertifikat masyarakat rempang dalam 3bulan kok malah di gusur juga, nyata2 lagi omongannya terbalik";0;1;0;0;in;1672115852584562688;1709065855861153950;acenk0421862189;https://twitter.com/acenk0421862189/status/1709279083656605723
Tue Oct 03 18:43:56 +0000 2023;1709278125157396518;"Rempang Galang semakin membaik di tangan Walikota terbaik. https://t.co/Sh0vGJDrse";1;0;0;0;in;1504483440951164928;1709278125157396518;SUARARAKYATKEAD;https://twitter.com/SUARARAKYATKEAD/status/1709278125157396518
Tue Oct 03 18:14:35 +0000 2023;1709270740183511229;"Pemerintah Stop Program Bantuan Petani Rempang, Noor Aziiz: Kejam Teramat Kejam https://t.co/Oi8J46AzVg https://t.co/8FAtdoWvCK";0;0;0;0;in;2896704344;1709270740183511229;FidaSijoriKepri;https://twitter.com/FidaSijoriKepri/status/1709270740183511229
Tue Oct 03 18:09:12 +0000 2023;1709269383481356724;"panglima pajaji cuma cari panggung lewat masalah rempang WASPADA! https://t.co/ZC7XaFD32L";0;0;0;0;in;1568408954795073536;1709269383481356724;Stephan99156365;https://twitter.com/Stephan99156365/status/1709269383481356724
Tue Oct 03 18:07:50 +0000 2023;1709269039623926082;"Panglima Pajaji cari panggung diatas permasalahan di Rempang https://t.co/l61DXNZw47";0;0;0;1;in;2212152852;1709269039623926082;modhadlan99;https://twitter.com/modhadlan99/status/1709269039623926082
Tue Oct 03 18:06:07 +0000 2023;1709268606167773272;"Tim bantuan hukum ajukan penangguhan 30 warga terlibat bentrok Rempang https://t.co/C06W41LTrt";0;0;1;4;in;18071520;1709268606167773272;antaranews;https://twitter.com/antaranews/status/1709268606167773272
Tue Oct 03 18:01:22 +0000 2023;1709267411336393036;"@tvOneNews hai GP, jangan lupakan Rembang selatan. ingat nggak sama Budi Setiawan BRTK?";0;0;0;0;in;1088495917269901312;1709237525217513584;John72994853;https://twitter.com/John72994853/status/1709267411336393036
Tue Oct 03 17:56:33 +0000 2023;1709266200323305699;"@ArumTal Hay tante ku tente rembang mn ya kalau boleh tau";0;0;0;0;in;1684013808078180353;1705507672714604719;NailulMaro77477;https://twitter.com/NailulMaro77477/status/1709266200323305699
Tue Oct 03 17:56:06 +0000 2023;1709266086406090930;"masih sedih bangeg kebayang nyokapnya celsi ke rempang sendirian";0;1;0;0;in;1269597403717398528;1709266086406090930;aicyys;https://twitter.com/aicyys/status/1709266086406090930
Tue Oct 03 17:53:47 +0000 2023;1709265505801089524;"yuk kapan orang ini kita selesaikan? rakyat Rempang adalah saudaraku, banyak umat Islam juga disana, mari bantu yang tertindas disana, kuncinya kita hidup adalah yang teraniaya wajib kita bela, sedangkan orang satu ini justru membantu penindas rakyat";0;0;0;2;in;3222103262;1709265505801089524;teguhsd;https://twitter.com/teguhsd/status/1709265505801089524
Tue Oct 03 17:48:35 +0000 2023;1709264195244748945;"Pemerintah Stop Program Bantuan Petani Rempang, Noor Aziiz: Kejam Teramat Kejam https://t.co/ijvDPIzH3X https://t.co/LHaam0zaep";0;0;0;0;in;834850333184622593;1709264195244748945;untungsijorike1;https://twitter.com/untungsijorike1/status/1709264195244748945
Tue Oct 03 17:48:33 +0000 2023;1709264186449293768;"@QianzyZ @prabowo Yang didapat anda ternyata mendukung jokowi tidak hanya bergabung di kabinet nya, bahkan hingga saat ini pun anda tetap menyokong penuh program program jokowi.  Bukan kita anti jokowi, tp apakah program jokowi itu pro rakyat? Rempang, import massive disaat panen, UU ciptaker, dll";0;0;0;0;in;762247794140688384;1708982107350212737;orangbiasa2024;https://twitter.com/orangbiasa2024/status/1709264186449293768
Tue Oct 03 17:26:01 +0000 2023;1709258517058908318;"Panglima pajaji seorang tokoh masyarakat yang memprovokasi permalasahan di Rempang, Batam! Terlihat canggung https://t.co/HUeJLQ8Twm";0;4;0;1;in;1498201340;1709258517058908318;TasyaSyiami48;https://twitter.com/TasyaSyiami48/status/1709258517058908318
Tue Oct 03 17:25:05 +0000 2023;1709258283645808955;"Pemerintah Stop Program Bantuan Petani Rempang, Noor Aziiz: Kejam Teramat Kejam https://t.co/VE8Ac7nVQH https://t.co/cGNywIqgK9";0;0;0;0;in;3864960864;1709258283645808955;DediSijorikepri;https://twitter.com/DediSijorikepri/status/1709258283645808955
Tue Oct 03 17:23:00 +0000 2023;1709257759190118459;"@rmol_id Kadrun.. Rempang sudah aman.. Provokator seperti kalian ini wajar kelaut";0;0;0;0;in;1631553998594654209;1708837185653547418;IntoleranAnti;https://twitter.com/IntoleranAnti/status/1709257759190118459
Tue Oct 03 17:18:34 +0000 2023;1709256643379343724;"Anggota Dewan Pertimbangan Presiden (Wantimpres), Djan Faridz menilai langkah Presiden Joko Widodo (Jokowi) menunda relokasi warga Pulau Rempang, Bata... https://t.co/atBlYnToAY";0;0;0;0;in;46693036;1709256643379343724;inilahdotcom;https://twitter.com/inilahdotcom/status/1709256643379343724
Tue Oct 03 17:14:07 +0000 2023;1709255521382133866;"@Humairah_922 Kalau kau bernyali bicara di depan masyarakat Rempang.";0;0;1;4;in;1047400017793699841;1709206429641658725;p3t4n1c1l1k;https://twitter.com/p3t4n1c1l1k/status/1709255521382133866
Tue Oct 03 17:13:57 +0000 2023;1709255481733378352;"Permasalahan HAM Dipulau Rempang sudah sampai ke PBB dunia sudah menyoroti HAM Rempang. https://t.co/tNhMrPkXds";0;0;0;0;in;1520534165627629568;1709255481733378352;DinataHairu;https://twitter.com/DinataHairu/status/1709255481733378352
Tue Oct 03 17:13:10 +0000 2023;1709255281929236974;"@democrazymedia Siapa terlibat? Periksa mereka yang getol mau gusur rakyat Rempang. Ayam berkotek tanda bertelor";0;0;0;0;in;368972049;1709097198519042285;HMJUSUFRIZAL;https://twitter.com/HMJUSUFRIZAL/status/1709255281929236974
Tue Oct 03 17:06:43 +0000 2023;1709253660382032041;"Ini kabar terbaru dari 35 tahanan aksi bela #Rempang , salah satunya bang long   Sebagian sdh di proses hukum boleh  di jenguk keluarga Senin Kamis jam 10 -4 sore,   Bang long sedang di upayakan penangguhan penahanan di dampingi tim advokasi keliatan bang long dlm kondisi sehat https://t.co/0THz5Fugyz";0;4;81;96;in;1369949963690549248;1709253660382032041;never_alonely;https://twitter.com/never_alonely/status/1709253660382032041
Tue Oct 03 17:04:42 +0000 2023;1709253152929878478;"Panglima pajaji seorang tokoh masyarakat yang memprovokasi permasalahan di rempang Batam https://t.co/s2JyrDy6bb";0;0;0;1;in;1618949338457329664;1709253152929878478;MasBudiman_;https://twitter.com/MasBudiman_/status/1709253152929878478
Tue Oct 03 17:04:07 +0000 2023;1709253005034615013;"Panglima apa janji cari panggung di atas permasalahan di rempang https://t.co/M9MLLUGWxp";0;5;0;5;in;1618949338457329664;1709253005034615013;MasBudiman_;https://twitter.com/MasBudiman_/status/1709253005034615013
Tue Oct 03 17:03:02 +0000 2023;1709252732463575195;"@msaid_didu @bahlillahadalia Jgn liat mslh gusur, investor dll..tapi lhtlah kasus Rempang ini muncul saat di musim politik...keanehan...apa kah partai koalisi mau melepas simpati warga Rempang dgn ada kasus penggusuran ini..??? Org yg bru maen politik saja pasti dia ber baik2 hati utk mencari simpati...🤔🤔";0;0;0;0;in;1275617193145716736;1709063042988921134;Spiderguns1;https://twitter.com/Spiderguns1/status/1709252732463575195
Tue Oct 03 16:59:38 +0000 2023;1709251878234845683;"@rismapc_ Terimakasih wahai aktivis Rempang🙏";0;1;0;0;in;2542849111;1709242687633969447;bisajugaRiza;https://twitter.com/bisajugaRiza/status/1709251878234845683
Tue Oct 03 16:57:50 +0000 2023;1709251425489088839;"@msaid_didu TDK terpikir kasus Rempang ini aneh pak di musim2 politik ini?? Sbgaimn org2 curiga bnyk politikus di panggil KPk di musim politik ini..";0;0;0;0;in;1275617193145716736;1708759507365699588;Spiderguns1;https://twitter.com/Spiderguns1/status/1709251425489088839
Tue Oct 03 16:56:45 +0000 2023;1709251151051583845;"Petugas Gabungan Lakukan Razia, Masih Ada Rokok Ilegal di Rembang https://t.co/1pUNqn2uLb via @KartiniTv";0;0;0;0;in;1350269296803368960;1709251151051583845;KartiniTv;https://twitter.com/KartiniTv/status/1709251151051583845
Tue Oct 03 16:55:26 +0000 2023;1709250818724294785;"Hari Kontrasepsi Sedunia, Pemkab Rembang Bersama TNI Gelar KB Masal https://t.co/SQekreL1vQ via @KartiniTv";0;0;0;0;in;1350269296803368960;1709250818724294785;KartiniTv;https://twitter.com/KartiniTv/status/1709250818724294785
Tue Oct 03 16:55:06 +0000 2023;1709250735182066095;"Hukum mati Sambo, Hukum berat pelaku tragedi kanjuruhan, Keadilan untuk Wadas, Keadilan untuk Rempang   Dan masih banyak yg lagi kasus ham lainya  @ganjarpranowo @PDI_Perjuangan @jokowi";0;0;0;0;in;1705470123631665152;1709250735182066095;kalkunjava;https://twitter.com/kalkunjava/status/1709250735182066095
Tue Oct 03 16:53:02 +0000 2023;1709250217873469683;"@msaid_didu Musim politik kok pemerintah mau gusur, logikanya kan mencari simpati rakyat...merugikan partai koalisi kalo bgini apalagi mslh gusur... ada apa sbnrnya di balik ini..?? Rencana apa di buat pemerintah dgn mengangkat kasus ini.?? Apa yg laen TDK curiga dgn kasus Rempang ini..?";0;0;0;0;in;1275617193145716736;1708759507365699588;Spiderguns1;https://twitter.com/Spiderguns1/status/1709250217873469683
Tue Oct 03 16:52:15 +0000 2023;1709250018845356363;"@SSukasim @never_alonely @ismailfahmi @tvOneNews @tempodotco @geloraco @hc_poirot @voiceofpkb @PartaiSocmed @CNNIndonesia @SiaranBolaLive Jangan percaya, Rempang masih dlm ancaman. Rakyat wajib waspada, PKI itu licik. Jangan lengah kita,,,,";0;0;0;1;in;1697974617376440320;1706912557322424590;BONSAILOVE80787;https://twitter.com/BONSAILOVE80787/status/1709250018845356363
Tue Oct 03 16:50:07 +0000 2023;1709249480019816656;"Pemerintah Stop Program Bantuan Petani Rempang, Noor Aziiz: Kejam Teramat Kejam https://t.co/9KF4aeFdVO https://t.co/6vCyo6fOb9";0;0;0;0;in;70725529;1709249480019816656;RusmadiSijori;https://twitter.com/RusmadiSijori/status/1709249480019816656
Tue Oct 03 16:50:03 +0000 2023;1709249464723259713;"Balap Liar Resahkan Warga, 7 Motor Diamankan Polres Rembang https://t.co/TKvCOye0hJ via @KartiniTv";0;0;0;0;in;1350269296803368960;1709249464723259713;KartiniTv;https://twitter.com/KartiniTv/status/1709249464723259713
Tue Oct 03 16:49:55 +0000 2023;1709249431173034446;"Sebenernya aneh gak sih, hari raya politik harusnya menjadi tahun mencari simpatik kpd rakyat, nah ini justeru pemerintah memaksa pengambilan paksa tanah Rempang dengan alasan ada yg mau investasi,belakangan diketahui klaim Bahlil bkn hanya xinyi yg akan investasi, ada apa ini ? https://t.co/LbD8KmevDs";0;0;0;0;in;1092958177;1709249431173034446;pandandjati;https://twitter.com/pandandjati/status/1709249431173034446
Tue Oct 03 16:49:03 +0000 2023;1709249213568266352;"Masih Fluktuatif, Harga Kebutuhan Pokok di Rembang Pekan Ini https://t.co/GTxI9GXOy4 via @KartiniTv";0;0;0;0;in;1350269296803368960;1709249213568266352;KartiniTv;https://twitter.com/KartiniTv/status/1709249213568266352
Tue Oct 03 16:46:13 +0000 2023;1709248498871447591;"Airlangga Hartarto Jamin Kesejahteraan Warga Pulau Rempang  #golkar #golkarindonesia #airlanggahartarto #prabowo #prabowogolkar https://t.co/He8XXh3mtu";0;0;0;1;in;1506502114737938432;1709248498871447591;TeknokratJawa;https://twitter.com/TeknokratJawa/status/1709248498871447591
Tue Oct 03 16:43:52 +0000 2023;1709247910532272326;"Produk Garam Rembang Turun Kualitas, Diduga Terdampak Debu Perbaikan Jalan https://t.co/AcstKoPnDm via @KartiniTv";0;0;0;0;in;1350269296803368960;1709247910532272326;KartiniTv;https://twitter.com/KartiniTv/status/1709247910532272326
Tue Oct 03 16:43:52 +0000 2023;1709247908346998983;"@bangpoerslalu @geloraco Masyarakat Rempang pun yg protes disebut kadrun...cuma pe ka i yg suka nyebut kadrun";0;0;0;0;in;1589309513106345984;1709009661792518324;semutrangrang80;https://twitter.com/semutrangrang80/status/1709247908346998983
Tue Oct 03 16:32:19 +0000 2023;1709245001530806285;"Komisi VI Menerima Penjelasan Menteri Bahlil Soal Rempang Eco City https://t.co/fyWJ4EzcLx via @nawacit4";0;0;0;0;in;3158354773;1709245001530806285;nawacitamedia;https://twitter.com/nawacitamedia/status/1709245001530806285
Tue Oct 03 16:32:08 +0000 2023;1709244958291673433;"Komisi VI Menerima Penjelasan Menteri Bahlil Soal Rempang Eco City https://t.co/CEQNVah5uB via @nawacit4";0;0;0;0;in;1667231432;1709244958291673433;nawacitadotco;https://twitter.com/nawacitadotco/status/1709244958291673433
Tue Oct 03 16:29:32 +0000 2023;1709244304047444356;"#AirlanggaHartarto #GolkarIndonesia #Golkar #Prabowo #golkarprabowo #Rempang #KunjunganKerja #PulauRempang https://t.co/Feo4uyNw6k";0;0;0;1;qme;1594537469399093254;1709244304047444356;Seputar2024;https://twitter.com/Seputar2024/status/1709244304047444356
Tue Oct 03 16:28:45 +0000 2023;1709244104834716101;"@CNNIndonesia Konon kabarnya yg mau direlokasi itu bukan warga asli, tp pendatang yg bekerja di sana.   Bahlil omongannya gk sama dgn keterangan warga rempang.";0;0;0;0;in;1707173429705900032;1708813400124621019;ansharullah_win;https://twitter.com/ansharullah_win/status/1709244104834716101
Tue Oct 03 16:28:04 +0000 2023;1709243931446399102;"Sejauh ini, gue belum mendengar statment, perwakilan dari dapil Pulau rempang, kalau ga ada kayaknya ga mungkin.";0;0;0;1;in;1111665767794106369;1709243931446399102;Boedax_Pesisir;https://twitter.com/Boedax_Pesisir/status/1709243931446399102
Tue Oct 03 16:27:43 +0000 2023;1709243844808835382;"@ismailfahmi @tvOneNews @tempodotco @geloraco @hc_poirot @never_alonely @voiceofpkb @PartaiSocmed @CNNIndonesia @SiaranBolaLive Mas Fahmi yang baik, Mohon pencerahannya ya Mas. Saya ketik "tokoh rempang" di filter tweeter, yg muncul ulasan Mas Fahmi dan lucunya muncul narasi seragam seperti latihan baris-berbaris dari akun2 baru netas dg postingan gambar seperti ini. https://t.co/oUt8uW5YEZ";0;1;2;0;in;1603637857654296576;1706912557322424590;SSukasim;https://twitter.com/SSukasim/status/1709243844808835382
Tue Oct 03 16:19:21 +0000 2023;1709241739335356757;"Jaminan untuk Masyarakat di Pulau Rempang #airlanggahartarto #golkarindonesia #golkar #golkarprabowo #pulaurempang #rempang https://t.co/HGEdAbM8M0";0;0;1;0;in;1506277724234854404;1709241739335356757;relawan_2024;https://twitter.com/relawan_2024/status/1709241739335356757
Tue Oct 03 16:17:14 +0000 2023;1709241205517910039;"Kasus Rempang ini secara logika TDK masuk akal di musim politik ini di munculkan, jelas2 pasti merugikan dr sisi politiknya utk capres dan partai politik, blom menjadi bahan lawan politik utk mencari simpati..politik itu kan mencari simpati sebanyaknya.. ntahlah ada apa sbnrnya..";0;0;0;0;in;1275617193145716736;1709241205517910039;Spiderguns1;https://twitter.com/Spiderguns1/status/1709241205517910039
Tue Oct 03 16:16:28 +0000 2023;1709241015427829791;"Menteri Bahlil Pastikan Investor Rempang Eco City Tidak Cuma Xinyi https://t.co/VvakvoIE8v via @nawacit4";0;0;0;0;in;1667231432;1709241015427829791;nawacitadotco;https://twitter.com/nawacitadotco/status/1709241015427829791
Tue Oct 03 16:16:17 +0000 2023;1709240967906435543;"Menteri Bahlil Pastikan Investor Rempang Eco City Tidak Cuma Xinyi https://t.co/WFkISxoSjn via @nawacit4";0;0;0;0;in;3158354773;1709240967906435543;nawacitamedia;https://twitter.com/nawacitamedia/status/1709240967906435543
Tue Oct 03 16:14:09 +0000 2023;1709240429030572087;"@iwantarigan @msaid_didu Kasus Rempang ini TDK masuk akal di musim politik bgini...membuat masyarakat bertambah TDK simpatik jelas merugikan..pdhal strategi politik ini menarik simpati masyarakat sebanyk2nya... ada apa di balik ini semua.?";0;1;0;0;in;1275617193145716736;1708996043625714096;Spiderguns1;https://twitter.com/Spiderguns1/status/1709240429030572087
Tue Oct 03 16:10:12 +0000 2023;1709239436746293630;"@iwantarigan @msaid_didu Kalo saya curiga dgn Rempang ini, kok smdh itu pemerintah gusur menggusur pdhal ini musim politik, hrsnya menarik simpati rakyat, ada apa di blk ini..???  Logikanya kalo musim politik membuat org simpati..TDK terpikir kesitu kbnykan org..🫢🫢🫢";0;0;0;0;in;1275617193145716736;1708996043625714096;Spiderguns1;https://twitter.com/Spiderguns1/status/1709239436746293630
Tue Oct 03 16:08:53 +0000 2023;1709239107178705006;"@NarasiNewsroom dg viral, min. hentikan sementara, prilaku² "aneh" yg dirasakan hati publik, dari apa yg dilakukan pengurus² negri,  sambo cs akhirnya dihkm berat (smntara😂), smpn 1 ponorogo menunda pungutan berdalih sumbangan (smntara😂), rempang dimanusiawikan (smntara😂),  stlh ga viral😔...";0;0;0;1;in;1501420747549736960;1709206166444917133;low_lowi;https://twitter.com/low_lowi/status/1709239107178705006
Tue Oct 03 16:01:50 +0000 2023;1709237329645490239;"Kasian banget liat warga rempang  https://t.co/FNOJ6utPl4";0;0;0;0;in;1530935493352755200;1709237329645490239;chi_doom;https://twitter.com/chi_doom/status/1709237329645490239
Tue Oct 03 16:01:10 +0000 2023;1709237164284989932;"🔥REMPANG DISERBU PEMODAL❗❗ 🔥ICHSANUDDIN NOORSY DAN CHUSNUL MARIYAH🔥 https://t.co/BzEyEWGaJC";0;0;0;0;in;1640548888515084288;1709237164284989932;1453Ricky72301;https://twitter.com/1453Ricky72301/status/1709237164284989932
Tue Oct 03 15:57:29 +0000 2023;1709236235754181076;"@PakwieTopan @msobri99 @aniesbaswedan @ganjarpranowo @jokowi Itu proyek yang akan di bikin di rembang milik siapa??";0;1;0;0;in;1585466918139756544;1709009423035937058;agok_habang;https://twitter.com/agok_habang/status/1709236235754181076
Tue Oct 03 15:56:33 +0000 2023;1709236001980498319;"Rempang sudah tidak bergejolak lagi  #golkarindonesia #airlanggahartarto #rempang #golkar https://t.co/CZ6AB78hlf";0;0;0;0;in;1539223181042405376;1709236001980498319;kerjabersama_AH;https://twitter.com/kerjabersama_AH/status/1709236001980498319
Tue Oct 03 15:54:49 +0000 2023;1709235563768041651;"@OposisiCerdas Kalau Saya Pribadi PSN yang Mana, Ko Tanya Lagi Bukanya OSN di Rempang Titipan Investor Ya ? koreksi Kalau Saya Salah";0;0;0;1;in;1686704033732730880;1708886200155865217;Bagong199763;https://twitter.com/Bagong199763/status/1709235563768041651
Tue Oct 03 15:51:52 +0000 2023;1709234822990930338;"Belasan Warga Rempang yg didampingi Tim Advokat mendatangi Mapolresta Barelang utk mengajukn surat permohonan thd 30 org keluarganya yg ditahan Polisi &amp  sdh ditetapkn menjd tersangka dlm kasus Aksi Demo  Rempang di Kantor BP Batam yg lalu..... . Update Rempang 03 Oktober 2023 https://t.co/sn2hbFc7VQ";6;6;247;322;in;1439701579276251136;1709234822990930338;Li9ayaTalaChes4;https://twitter.com/Li9ayaTalaChes4/status/1709234822990930338
Tue Oct 03 15:50:22 +0000 2023;1709234446459969805;"@HMMurah3 Bahlil dan Lae Luhut ngotot untuk Xinyi investasi di Rempang Batam... harus dimintai keterangan nya..... @kahlubirkum";0;0;1;2;in;1605195051084435457;1709215160626524532;sumpanto;https://twitter.com/sumpanto/status/1709234446459969805
Tue Oct 03 15:46:59 +0000 2023;1709233595003634077;"@alisyarief Seneng banget memprovokasi rakyat, Rempang sdh kondusif, food estate sdng dijlnkan, tua ternyata tidak menjamin seseorang pinter, cerdas.";0;0;0;2;in;1606313787782758401;1709017434391564317;nasugarcandy2;https://twitter.com/nasugarcandy2/status/1709233595003634077
Tue Oct 03 15:42:29 +0000 2023;1709232460549275858;"@TSolihien Penyerobotan Tanah Warga Rempang, Nusron Wahid: Apa Bedanya BP Batam dengan VOC? https://t.co/aocQ4IFHZO";0;0;0;0;in;1618351099605577730;1708826844814856565;Kyaigringsing62;https://twitter.com/Kyaigringsing62/status/1709232460549275858
Tue Oct 03 15:42:09 +0000 2023;1709232378433175666;"@M45Broo Panglima sibuk cari panggung diatas masalah rempang https://t.co/E8RuPKbFkx";0;0;0;6;in;2612937324;1709169105813860767;Elantowijaya;https://twitter.com/Elantowijaya/status/1709232378433175666
Tue Oct 03 15:41:47 +0000 2023;1709232287144120654;"@M45Broo Panglima abal abal sibuk cari panggung diatas masalah rempang https://t.co/QW1fW2qKId";0;0;0;0;in;2612937324;1709169105813860767;Elantowijaya;https://twitter.com/Elantowijaya/status/1709232287144120654
Tue Oct 03 15:41:03 +0000 2023;1709232101298692271;"@M45Broo Ini dia provokator konflik rempang lagi cari panggung https://t.co/yf5RKOztkA";0;1;0;3;in;2612937324;1709169105813860767;Elantowijaya;https://twitter.com/Elantowijaya/status/1709232101298692271
Tue Oct 03 15:38:08 +0000 2023;1709231365584203928;"Nusron bongkar ada dua infestor asing di Rempang invest AS lebih dahulu lalu diberikan ke China.  Ivest China di anak emaskan. https://t.co/EpnigcvXmL";0;0;1;2;in;1129672753651388416;1709231365584203928;H4T14K4LN4L42;https://twitter.com/H4T14K4LN4L42/status/1709231365584203928
Tue Oct 03 15:37:47 +0000 2023;1709231277055021156;"Terungkap bukti ombusman di lapangan di Rempang aparat melakukan penekanan kepada warga dor to dor. https://t.co/VWV2L1KQCW";0;0;1;1;in;1129672753651388416;1709231277055021156;H4T14K4LN4L42;https://twitter.com/H4T14K4LN4L42/status/1709231277055021156
Tue Oct 03 15:36:53 +0000 2023;1709231054106874206;"7 Temuan NCW Terkait Polemik Rempang, Nomer Enam Libatkan Pihak Keamanan https://t.co/QgFYawDrZH";0;0;0;0;in;1225432911899324419;1709231054106874206;RepelitaO;https://twitter.com/RepelitaO/status/1709231054106874206
Tue Oct 03 15:33:19 +0000 2023;1709230155460415916;"@Beritasatu Ngoceh buat pengalihan masalah Rempang nih.";0;0;0;0;in;1707173429705900032;1709164042512986244;ansharullah_win;https://twitter.com/ansharullah_win/status/1709230155460415916
Tue Oct 03 15:32:57 +0000 2023;1709230061424128257;"@TSolihien Hebat Juga  Om Nusron Wahid Bicara Tentang Rempang  👍👍 https://t.co/duvt1Taoz2";0;0;0;0;in;1618351099605577730;1708826844814856565;Kyaigringsing62;https://twitter.com/Kyaigringsing62/status/1709230061424128257
Tue Oct 03 15:31:00 +0000 2023;1709229570191474898;"#AirlanggaHartarto #GolkarIndonesia #Golkar #Golkarprabowo #cawapres #Pilpres2024 #Rempang https://t.co/ayrEYZlobN";0;0;0;3;qme;1594364645032488961;1709229570191474898;CurhatPolitik;https://twitter.com/CurhatPolitik/status/1709229570191474898
Tue Oct 03 15:28:47 +0000 2023;1709229014219657380;"Panglima Pajaji seorang tokoh masyarakat yang memprovokasi permasalahan yang ada di rempang #ProjekRempang #PanglimaPajaji https://t.co/m0ziP3ZA6m";0;0;0;0;in;1697083653980065792;1709229014219657380;AsyaKhalisa;https://twitter.com/AsyaKhalisa/status/1709229014219657380
Tue Oct 03 15:26:17 +0000 2023;1709228383916503061;"#GolkarIndonesia #airlanggahartarto #Golkar #PrabowoSubianto #Rempang https://t.co/mr9j1hKsxY";0;0;0;0;qme;1574319277829943296;1709228383916503061;RencangAH;https://twitter.com/RencangAH/status/1709228383916503061
Tue Oct 03 15:25:45 +0000 2023;1709228250394939720;"Ribuan Warga Rembang Ikut Pelayanan KB Serentak #beritarembang #nurfmrembang https://t.co/yb1e4QRBkb";0;0;1;2;in;3063085603;1709228250394939720;nurfmrembang;https://twitter.com/nurfmrembang/status/1709228250394939720
Tue Oct 03 15:25:34 +0000 2023;1709228204555477263;"@OposisiCerdas IKN, KCIC .... jgn malah pura2 bego.... Rempang saja ngapain ada tentara dan polisi ngusir rakyat dari tanah mereka klo tanpa ada titipan cina2 bangsat itu";0;0;0;0;in;1603682612693766144;1708886200155865217;Stopletkol;https://twitter.com/Stopletkol/status/1709228204555477263
Tue Oct 03 15:21:14 +0000 2023;1709227113369555242;"Wabup Gus Hanies Pastikan Stok Beras di Rembang Aman #beritarembang #nurfmrembang https://t.co/qtefA08aGV";0;0;1;2;in;3063085603;1709227113369555242;nurfmrembang;https://twitter.com/nurfmrembang/status/1709227113369555242
Tue Oct 03 15:20:43 +0000 2023;1709226985069977616;"Penipuan pejabat² dan makelar bisnis serta cukong  menipu perusahaan xinyi China dengan mengatakan lahan kosong di Rempang. Inilah bisnis kotor pejabat. https://t.co/EK2w5y7mZb";0;1;25;36;in;1129672753651388416;1709226985069977616;H4T14K4LN4L42;https://twitter.com/H4T14K4LN4L42/status/1709226985069977616
Tue Oct 03 15:19:12 +0000 2023;1709226600267657653;"Jika Benar Sungguh Terlalu Terhadap Rakyat Sendiri Pakai Foreman Apalagi Ancaman Piting Sang Panglima ?   HMI Kecam Menteri Bahlil Pakai Preman Bubarkan Aksi Bela Rempang https://t.co/JmKSEFJhKO";0;0;0;2;in;1454008204027854853;1709226600267657653;HMMurah3;https://twitter.com/HMMurah3/status/1709226600267657653
Tue Oct 03 15:19:02 +0000 2023;1709226559918457081;"@M_IKBARfauzi @AgusYudhoyono Dalam kasus gusuran yg mana ya mas? Rempang kah? Cek disini ya mas... https://t.co/AMYkgyvRf7";0;0;0;1;in;2172240384;1709103388514976085;THEJURNAL45;https://twitter.com/THEJURNAL45/status/1709226559918457081
Tue Oct 03 15:18:40 +0000 2023;1709226466591076568;"Nusron unjuk gigi bela Rempang, kaki tangan cukong ga berkutik. https://t.co/9KoU3RFYQh";0;0;0;1;in;1129672753651388416;1709226466591076568;H4T14K4LN4L42;https://twitter.com/H4T14K4LN4L42/status/1709226466591076568
Tue Oct 03 15:18:36 +0000 2023;1709226453206978967;"Gov’t Promises to Find a Solution to Rempang https://t.co/zV7tVj5a7S";0;0;0;0;en;1330791552583548932;1709226453206978967;bisnisindo_id;https://twitter.com/bisnisindo_id/status/1709226453206978967
Tue Oct 03 15:17:55 +0000 2023;1709226279915171920;"@jokowi rempang piye pakdhe kabare🥲";0;0;0;0;tl;1707476725033271296;1709169871857373287;FazAuja;https://twitter.com/FazAuja/status/1709226279915171920
Tue Oct 03 15:14:55 +0000 2023;1709225525997400350;"Rocky Gerung kritik keras proyek Rempang Eco City yang ternyata belum ada AMDAL #rempang https://t.co/OkUYtRJLLk";0;0;0;0;in;1693308019873091584;1709225525997400350;nocontextsosmed;https://twitter.com/nocontextsosmed/status/1709225525997400350
Tue Oct 03 15:11:08 +0000 2023;1709224571633877456;"Panglima Pajaji seorang tokoh masyarakat yang memprovokasi permasalahan di Rempang Batam ! https://t.co/DaZ04czOg8";0;0;0;0;in;1544216283432222721;1709224571633877456;revan_covida;https://twitter.com/revan_covida/status/1709224571633877456
Tue Oct 03 15:10:47 +0000 2023;1709224482991481286;"@tukiman_sakti @ike_hw71 @kangdede78 @cakimiNOW gimana tdk tahu wong dia sendiri yang janji mau sertifikat tanah aja tdk di lakukan ..padahal di rempang pemilu dia sdh menang..tp janji ya tinggal janji lupa lupa lupa lupa lupa lupa terus";0;0;0;0;in;1698123070769344512;1702529467716091937;Muh_Fachry2023;https://twitter.com/Muh_Fachry2023/status/1709224482991481286
Tue Oct 03 15:10:10 +0000 2023;1709224329693786349;"AIRLANGGA DATANG SAMPAIKAN KEPASTIAN DARI PEMERINTAH BAGI WARGA PULAU REMPANG #airlanggahartarto #golkarindonesia #golkarprabowo #prabowo #pilpres2024 #pemilu2024   @airlangga_hrt @golkar_id @kabargolkarnews https://t.co/KAfRQUZnBJ";0;0;0;1;in;1594302808802881538;1709224329693786349;Indogemilang;https://twitter.com/Indogemilang/status/1709224329693786349
Tue Oct 03 15:09:18 +0000 2023;1709224112143700436;"@NenkMonica Tenang karyawan akan di tampung oleh negeri Konoha sebagai tenaga Ahli, salah satunya akan di tampung di proyek REMPANG 🤔";0;0;1;3;in;1097633804741558272;1709136843953054037;Rooster78B;https://twitter.com/Rooster78B/status/1709224112143700436
Tue Oct 03 15:07:11 +0000 2023;1709223579823522167;"wkwkw ternyata ini kelakuan seorang panglima??  #batam #panglimadayak #dayak #Trending #follobackforfolloback #Like #likeforlikes #fypviraltwitter #Rempang #rempangtanahnegara https://t.co/7WlDykqL7j";0;0;0;2;in;1638968107971538964;1709223579823522167;dianaaaa6_diana;https://twitter.com/dianaaaa6_diana/status/1709223579823522167
Tue Oct 03 15:06:50 +0000 2023;1709223491927773544;"Info Pokok permasalahan Rempang ☝️ https://t.co/BHdgeMsuLd";0;1;0;1;in;1102032387414716416;1709223491927773544;YIsmahara;https://twitter.com/YIsmahara/status/1709223491927773544
Tue Oct 03 15:06:10 +0000 2023;1709223321311862951;"Jawaban Menohok Bahlil Usai Dituduh Bohong soal Investasi Rp 175 T di Rempang   https://t.co/tyotUhBZGe. https://t.co/gV3HPEBaJH https://t.co/tyotUhBZGe";0;1;0;0;in;1687481332455325696;1709223321311862951;BarisWidodo;https://twitter.com/BarisWidodo/status/1709223321311862951
Tue Oct 03 15:05:37 +0000 2023;1709223183881253360;"Pantaskah mendapat gelar panglima?? dia aslinya bencong  #batam #panglimadayak #dayak #Trending #follobackforfolloback #Like #likeforlikes #fypviraltwitter #Rempang #rempangtanahnegara https://t.co/2CKZkG2lll";0;0;0;1;in;1638968107971538964;1709223183881253360;dianaaaa6_diana;https://twitter.com/dianaaaa6_diana/status/1709223183881253360
Tue Oct 03 15:05:17 +0000 2023;1709223099328319735;"ini orang kenapa ya??   #batam #panglimadayak #dayak #Trending #follobackforfolloback #Like #likeforlikes #fypviraltwitter #Rempang #rempangtanahnegara https://t.co/heZGgG6KMs";0;0;0;1;in;1638968107971538964;1709223099328319735;dianaaaa6_diana;https://twitter.com/dianaaaa6_diana/status/1709223099328319735
Tue Oct 03 15:04:22 +0000 2023;1709222869140652450;"Panglima pajaji cari panggung diatas permasalahan di rempang  #batam #panglimadayak #dayak #Trending #follobackforfolloback #Like #likeforlikes #fypviraltwitter https://t.co/9dZpMT7zvV";0;0;0;1;in;1638968107971538964;1709222869140652450;dianaaaa6_diana;https://twitter.com/dianaaaa6_diana/status/1709222869140652450
Tue Oct 03 15:02:36 +0000 2023;1709222426478047450;"Rempang dan Ketiadaan Amdal-HPL https://t.co/Ekmqiya30T via @Majelis Tabligh Muhammadiyah";0;0;0;0;in;555127909;1709222426478047450;aguswahyudi1972;https://twitter.com/aguswahyudi1972/status/1709222426478047450
Tue Oct 03 15:02:24 +0000 2023;1709222373533360484;"Milik Pertamina bisa diurus sedangkan milik rakyat rempang krn itu milik adat disana bukan diurus karena ada uang sampe rakyat rempang diusir   https://t.co/HvIQCvWG3M";0;0;0;0;in;131720346;1709222373533360484;jondivar;https://twitter.com/jondivar/status/1709222373533360484
Tue Oct 03 15:02:07 +0000 2023;1709222303786217869;"Puluhan Warga Rempang Datangi Mapolresta Barelang, Minta 30 Warga yang Ditahan Dibebaskan. #Puluhan #Warga #Rempang #Bebas #polisi https://t.co/An1o21gmaH";0;0;1;0;in;83368887;1709222303786217869;RUANG_KIT4;https://twitter.com/RUANG_KIT4/status/1709222303786217869
Tue Oct 03 15:01:56 +0000 2023;1709222257946718681;"Justru yg harus diusut itu apa dasar Hukumnya Aparat gabungan turun ke #Rempang tempo hari secara arogan mengintimidasi &amp  menyerang Masyarakat #Rempang yg hingga detik ini masih menolak Relokasi/penggeseran atau bahasa Hantu Belau apalah dari Penguasa Bahlul. https://t.co/TesmQXoa24";0;0;0;2;in;1618443846890958849;1709222257946718681;6ang_Razin;https://twitter.com/6ang_Razin/status/1709222257946718681
Tue Oct 03 15:01:47 +0000 2023;1709222217496907882;"@msaid_didu @mohmahfudmd bongkar kebohongan bahlil ttg rempang";0;0;0;0;in;1604130313021820929;1709173844001661175;podo_radong1;https://twitter.com/podo_radong1/status/1709222217496907882
Tue Oct 03 14:59:46 +0000 2023;1709221710938173690;"@tvOneNews Kaan maling2 pengkhianat rakyat dan negara  Rempang";0;0;0;1;in;589855342;1709055835190788100;Halaman1Google_;https://twitter.com/Halaman1Google_/status/1709221710938173690
Tue Oct 03 14:59:12 +0000 2023;1709221567383966020;"Anies Baswedan Sowan Kiai Najih Maimoen Rembang https://t.co/IhT51RV99Y";0;0;2;2;in;978806873720700928;1709221567383966020;Redaksi_5News;https://twitter.com/Redaksi_5News/status/1709221567383966020
Tue Oct 03 14:57:46 +0000 2023;1709221206287892624;"@IkanJerungBiru Rempang tu pun macam strategik sangat duduk situ. 🤔😌";0;1;1;1;in;1247462449722212358;1709199357072032037;azdn_twider;https://twitter.com/azdn_twider/status/1709221206287892624
Tue Oct 03 14:55:50 +0000 2023;1709220722470719628;"Ayo Pak Jokowi blusukan ke rempang, pimpin langsung negosiasi dengan warga, jng waktu nyalon aja rajin blusukan ke rakyat,..";0;0;0;0;in;429940611;1709220722470719628;abrarrahman2024;https://twitter.com/abrarrahman2024/status/1709220722470719628
Tue Oct 03 14:54:24 +0000 2023;1709220359512481959;"@HMMurah3 Mardigu bongkar skandal Xinyi di Rempang  https://t.co/EbTZCKnrgT";0;0;0;1;in;1566055932911824896;1709215160626524532;ArRayah43832329;https://twitter.com/ArRayah43832329/status/1709220359512481959
Tue Oct 03 14:52:45 +0000 2023;1709219947065618611;"@BatamPos 35 warga Rempang masih ditahan ??? ..";0;0;0;0;in;2583622760;1709067005926752548;bongkarbatam;https://twitter.com/bongkarbatam/status/1709219947065618611
Tue Oct 03 14:46:28 +0000 2023;1709218363258675275;"Nasional Corruption Watch Temukan '7 Kejanggalan' di Proyek Pulau Rempang, Apa Saja? https://t.co/0gLzP1g7fr";0;0;0;0;in;1225432911899324419;1709218363258675275;RepelitaO;https://twitter.com/RepelitaO/status/1709218363258675275
Tue Oct 03 14:44:58 +0000 2023;1709217985653784982;"Kalau satu paket sembako  Rp100.000 x100 pas 10 juta,berarti sdh bisa membantu 100 Kepala Keluarga di Pulau Rempang,Galang,mereka masih membutuhkan dan masih Bertahan di tanah Leluhur mereka..";0;1;0;3;in;1480671274774904836;1709217985653784982;MasFurqon15;https://twitter.com/MasFurqon15/status/1709217985653784982
Tue Oct 03 14:44:40 +0000 2023;1709217911288824209;"Biasanya klo orang bodoh kemampuanya berbohong  Dipanggil DPR Bahas Rempang, Bahlil: Saya Tidak Bodoh! https://t.co/IhtEM4Yz6F";0;0;0;0;in;1345745587;1709217911288824209;NikoAkmal;https://twitter.com/NikoAkmal/status/1709217911288824209
Tue Oct 03 14:44:13 +0000 2023;1709217799942627639;"@descha05 Xixixixi🤣🤣🤣🤣🤣 Baru Sadar ye... Oke Setuju👍👍👍.  Kita support.  Save REMPANG.";0;0;1;4;in;1461824941305647105;1709125291938050482;Mulyawans07gma2;https://twitter.com/Mulyawans07gma2/status/1709217799942627639
Tue Oct 03 14:43:54 +0000 2023;1709217719609147671;"@acGA__ Kalau satu paket sembako  Rp100.000 x100 pas 10 juta,berarti sdh bisa membantu 100 Kepala Keluarga di Pulau Rempang,Galang,mereka masih membutuhkan dan masih Bertahan di tanah Leluhur mereka..";0;0;0;0;in;1480671274774904836;1709052533053026579;MasFurqon15;https://twitter.com/MasFurqon15/status/1709217719609147671
Tue Oct 03 14:38:01 +0000 2023;1709216239909028260;"Hi sobat Mas Sajak ada info terbaru bayar pajak tahunan jg bisa dilakukan di BUMDES Jaya Makmur @Desa Lambangan Wetan Kec Bulu, Give Away ... kami tunggu yaa #samsatjateng #samsatbudiman #samsatrembang #bapenda #newsakpole #inforembang https://t.co/5ueXWs1vVn";0;0;0;1;in;2832824533;1709216239909028260;uppd_rembang;https://twitter.com/uppd_rembang/status/1709216239909028260
Tue Oct 03 14:37:34 +0000 2023;1709216126675439659;"@pinkyciw lurah rembang";0;1;0;0;in;1601307038931263488;1709215062572061013;petjdar;https://twitter.com/petjdar/status/1709216126675439659
Tue Oct 03 14:35:50 +0000 2023;1709215689977028915;"@andre_rosiade @PSSI @erickthohir @Maruarar_Sirait @NajwaShihab Itu bukan offside uda ,  Itu bola muntah 100%  gol. ==  Urus Rempang aja uda 🤣😂🤣😂";0;0;0;1;in;1100995213848240128;1709186832813183218;insandhaif1704;https://twitter.com/insandhaif1704/status/1709215689977028915
Tue Oct 03 14:35:42 +0000 2023;1709215656435208521;"Tim bantuan hukum yang tergabung dalam Solidaritas Nasional untuk Rempang mengajukan penangguhan penahanan untuk 28 warga yang ditahan terkait kerusuhan yang terjadi di Gedung Badan Pengusahaan (BP) Batam pada 11 September 2023 lalu.  https://t.co/nqLYYRGDKq https://t.co/AeNdbpF9H4";0;0;0;1;in;1522419250044215296;1709215656435208521;edisi_co;https://twitter.com/edisi_co/status/1709215656435208521
Tue Oct 03 14:33:24 +0000 2023;1709215077919003062;"#AniesMuhaimin2024 Rempang";0;0;3;3;in;1670070721186529280;1709215077919003062;joko_ngiboel;https://twitter.com/joko_ngiboel/status/1709215077919003062
Tue Oct 03 14:31:58 +0000 2023;1709214715854123370;"#AniesMuhaimin2024 Rempang";0;0;0;0;in;1670070721186529280;1709214715854123370;joko_ngiboel;https://twitter.com/joko_ngiboel/status/1709214715854123370
Tue Oct 03 14:31:04 +0000 2023;1709214490129314146;"#AniesMuhaimin2024 Rempang";0;0;0;0;in;1670070721186529280;1709214490129314146;joko_ngiboel;https://twitter.com/joko_ngiboel/status/1709214490129314146
Tue Oct 03 14:30:47 +0000 2023;1709214419270709659;"#AniesMuhaimin2024 Rempang";0;0;0;0;in;1670070721186529280;1709214419270709659;joko_ngiboel;https://twitter.com/joko_ngiboel/status/1709214419270709659
Tue Oct 03 14:30:22 +0000 2023;1709214314643759547;"#AniesMuhaimin2024 Rempang";0;0;0;0;in;1670070721186529280;1709214314643759547;joko_ngiboel;https://twitter.com/joko_ngiboel/status/1709214314643759547
Tue Oct 03 14:29:59 +0000 2023;1709214216421539905;"#AniesMuhaimin2024 Rempang";0;0;0;0;in;1670070721186529280;1709214216421539905;joko_ngiboel;https://twitter.com/joko_ngiboel/status/1709214216421539905
Tue Oct 03 14:29:13 +0000 2023;1709214025161306334;"#AniesMuhaimin2024 Rempang";0;0;0;0;in;1670070721186529280;1709214025161306334;joko_ngiboel;https://twitter.com/joko_ngiboel/status/1709214025161306334
Tue Oct 03 14:28:50 +0000 2023;1709213925450064373;"#AniesMuhaimin2024 Rempang";0;0;0;1;in;1670070721186529280;1709213925450064373;joko_ngiboel;https://twitter.com/joko_ngiboel/status/1709213925450064373
Tue Oct 03 14:28:32 +0000 2023;1709213850594332828;"#AniesMuhaimin2024 Rempang";0;0;0;0;in;1670070721186529280;1709213850594332828;joko_ngiboel;https://twitter.com/joko_ngiboel/status/1709213850594332828
Tue Oct 03 14:28:08 +0000 2023;1709213752720326749;"@Ganjar_Andika08 @Ganjar_Andika_8 Semua PARTAI juga dapat HIBAH dari DKI! Semua ormas juga dapat diatur oleh UU! Rempang emang kalian saja RADIKAL! Udah baca kalo perusahaan CHINA juga ga becus bikin pabrik di Gresik dan Belitung?";0;1;0;0;in;1052408643285647360;1707406230090871258;ilhamjati4;https://twitter.com/ilhamjati4/status/1709213752720326749
Tue Oct 03 14:27:59 +0000 2023;1709213713033818112;"#AniesMuhaimin2024 Rempang";0;0;0;0;in;1670070721186529280;1709213713033818112;joko_ngiboel;https://twitter.com/joko_ngiboel/status/1709213713033818112
Tue Oct 03 14:27:48 +0000 2023;1709213666825142547;"@HusinShihab Soal Rempang Lo mingkem Sin? Jangan2 Lo reinkarnasi dari Abu Lahab ya Sin ????";0;0;0;0;in;1456154945518931975;1708746749320589532;PudjiAn82543860;https://twitter.com/PudjiAn82543860/status/1709213666825142547
Tue Oct 03 14:27:26 +0000 2023;1709213575800389758;"#AniesMuhaimin2024 Rempang";0;0;0;0;in;1670070721186529280;1709213575800389758;joko_ngiboel;https://twitter.com/joko_ngiboel/status/1709213575800389758
Tue Oct 03 14:27:13 +0000 2023;1709213520351621526;"@hendypratamaa_ @CNNIndonesia Kynya rempang dulu deh yg bakal nyusul, baru kalimantan😩";0;0;0;0;in;283309393;1709118408397381998;faiz_dhani;https://twitter.com/faiz_dhani/status/1709213520351621526
Tue Oct 03 14:27:01 +0000 2023;1709213469164392878;"#AniesMuhaimin2024 Rempang";0;0;0;0;in;1670070721186529280;1709213469164392878;joko_ngiboel;https://twitter.com/joko_ngiboel/status/1709213469164392878
Tue Oct 03 14:26:37 +0000 2023;1709213369318900110;"#AniesMuhaimin2024 Rempang";0;0;0;0;in;1670070721186529280;1709213369318900110;joko_ngiboel;https://twitter.com/joko_ngiboel/status/1709213369318900110
Tue Oct 03 14:26:16 +0000 2023;1709213279414071341;"#AniesMuhaimin2024 Rempang";0;0;0;0;in;1670070721186529280;1709213279414071341;joko_ngiboel;https://twitter.com/joko_ngiboel/status/1709213279414071341
Tue Oct 03 14:26:00 +0000 2023;1709213214737920007;"#AniesMuhaimin2024 Rempang";0;0;0;0;in;1670070721186529280;1709213214737920007;joko_ngiboel;https://twitter.com/joko_ngiboel/status/1709213214737920007
Tue Oct 03 14:25:33 +0000 2023;1709213099482395025;"#AniesMuhaimin2024 Rempang";0;0;0;0;in;1670070721186529280;1709213099482395025;joko_ngiboel;https://twitter.com/joko_ngiboel/status/1709213099482395025
Tue Oct 03 14:25:10 +0000 2023;1709213005542723682;"#AniesMuhaimin2024 Rempang";0;0;0;0;in;1670070721186529280;1709213005542723682;joko_ngiboel;https://twitter.com/joko_ngiboel/status/1709213005542723682
Tue Oct 03 14:24:44 +0000 2023;1709212893982715947;"#AniesMuhaimin2024 Rempang";0;0;0;0;in;1670070721186529280;1709212893982715947;joko_ngiboel;https://twitter.com/joko_ngiboel/status/1709212893982715947
Tue Oct 03 14:23:47 +0000 2023;1709212654924145070;"#AniesMuhaimin2024 Rempang";0;0;0;0;in;1670070721186529280;1709212654924145070;joko_ngiboel;https://twitter.com/joko_ngiboel/status/1709212654924145070
Tue Oct 03 14:23:20 +0000 2023;1709212541749219647;"#AniesMuhaimin2024 Rempang";0;0;0;0;in;1670070721186529280;1709212541749219647;joko_ngiboel;https://twitter.com/joko_ngiboel/status/1709212541749219647
Tue Oct 03 14:22:51 +0000 2023;1709212420030488745;"#AniesMuhaimin2024 Rempang";0;0;0;0;in;1670070721186529280;1709212420030488745;joko_ngiboel;https://twitter.com/joko_ngiboel/status/1709212420030488745
Tue Oct 03 14:22:27 +0000 2023;1709212321166557478;"#AniesMuhaimin2024 Rempang";0;0;0;0;in;1670070721186529280;1709212321166557478;joko_ngiboel;https://twitter.com/joko_ngiboel/status/1709212321166557478
Tue Oct 03 14:22:02 +0000 2023;1709212217303069018;"#AniesMuhaimin2024 Rempang";0;0;0;0;in;1670070721186529280;1709212217303069018;joko_ngiboel;https://twitter.com/joko_ngiboel/status/1709212217303069018
Tue Oct 03 14:21:43 +0000 2023;1709212135342157824;"#AniesMuhaimin2024 Rempang";0;0;0;0;in;1670070721186529280;1709212135342157824;joko_ngiboel;https://twitter.com/joko_ngiboel/status/1709212135342157824
Tue Oct 03 14:21:08 +0000 2023;1709211989854298471;"#AniesMuhaimin2024 Rempang";0;0;0;0;in;1670070721186529280;1709211989854298471;joko_ngiboel;https://twitter.com/joko_ngiboel/status/1709211989854298471
Tue Oct 03 14:20:38 +0000 2023;1709211863433855323;"#AniesMuhaimin2024 Rempang";0;0;0;0;in;1670070721186529280;1709211863433855323;joko_ngiboel;https://twitter.com/joko_ngiboel/status/1709211863433855323
Tue Oct 03 14:20:28 +0000 2023;1709211820022702200;"@dwioktariyadi Isu rempang di goreng oleh sekelompok orang yang dulunya juga menjadi Anggota HTI. Sangat tidak manusiawi, mereka memanfaatkan momen kemanusiaan tersebut hanya untuk membangkitkan paham yang mereka yakini yaitu Paham Khilafah.";0;0;0;0;in;1564895357959827456;1705812476783476762;Rahmaa908;https://twitter.com/Rahmaa908/status/1709211820022702200
Tue Oct 03 14:20:18 +0000 2023;1709211778620735740;"#AniesMuhaimin2024 Rempang";0;0;1;1;in;1670070721186529280;1709211778620735740;joko_ngiboel;https://twitter.com/joko_ngiboel/status/1709211778620735740
Tue Oct 03 14:19:33 +0000 2023;1709211591525413326;"Panglima pajaji cari panggung diatas permasalahan rempang https://t.co/Pk08sTY2F8";0;0;0;0;in;1164845340;1709211591525413326;luar_AngKasa7;https://twitter.com/luar_AngKasa7/status/1709211591525413326
Tue Oct 03 14:19:10 +0000 2023;1709211494028808437;"Panglima pajaju terlihat cari panggung di permasalahan rempang https://t.co/R5osnwCSQm";0;0;0;0;in;1164845340;1709211494028808437;luar_AngKasa7;https://twitter.com/luar_AngKasa7/status/1709211494028808437
Tue Oct 03 14:18:25 +0000 2023;1709211304966127758;"@dwioktariyadi Kedoknya aksi bela Rempang, tapi di spanduk-spanduk mereka jelas tersirat agenda politik mereka, mendirikan negara Khilafah";0;0;0;0;in;1564898519923949568;1705812476783476762;Ryugaa123;https://twitter.com/Ryugaa123/status/1709211304966127758
Tue Oct 03 14:16:59 +0000 2023;1709210945707462776;"LetsGöFollow  base › surabaya tele  › https://t.co/2ie5dS7N02 expo › 03-04 semarang › 04-05 pati › 06-07 rembang  ❤ @.keempat_elsaa https://t.co/5m5f56LXt5";0;0;0;0;tl;464642105;1709210945707462776;x_glorycity;https://twitter.com/x_glorycity/status/1709210945707462776
Tue Oct 03 14:16:08 +0000 2023;1709210732892652003;"Panglima Pajaji seorang tokoh masyarakat yang memprovokasi permasalahan di Rempang https://t.co/JTkCYaBEYP";0;0;0;0;in;1526850154141458437;1709210732892652003;pradika317;https://twitter.com/pradika317/status/1709210732892652003
Tue Oct 03 14:15:01 +0000 2023;1709210449642958992;"@VIVAcoid Gak percaya omongannya semoga rakyat rempang tetap mempertahabkan tanah leluhurnya.";0;0;0;0;in;1569986999997849603;1701447314089615436;IndraZadri;https://twitter.com/IndraZadri/status/1709210449642958992
Tue Oct 03 14:05:58 +0000 2023;1709208172647600313;"Menko AH kunker ke Rempang #golkarprabowo #prabowo #GolkarIndonesia #AirlanggaHartarto #Golkar #golkarprabowo #prabowo https://t.co/iIkSf85d1m";0;0;0;0;in;1574241102726844416;1709208172647600313;putuagenggribig;https://twitter.com/putuagenggribig/status/1709208172647600313
Tue Oct 03 14:04:26 +0000 2023;1709207787161759888;"NCW Ungkap Ada Indikasi Korupsi Dalam Pembangunan Rempang ECO City, Ini Hasil Penyelidikannya! https://t.co/3EAmVQs7Dc";0;0;0;0;in;1225432911899324419;1709207787161759888;RepelitaO;https://twitter.com/RepelitaO/status/1709207787161759888
Tue Oct 03 14:03:57 +0000 2023;1709207664998367348;"Panglima Pajaji abal-abal wkwkw. GELAR PANGLIMA itu buat mereka yang memikirkan rakyatnya !!! bukan cari panggung wkwk. WASPADA !!! Panglima Pajaji cuma cari panggung lewat rempang #rempang #carimuka https://t.co/dO7PHBJ86i";0;3;1;3;in;1620206688770064387;1709207664998367348;supangat_hero;https://twitter.com/supangat_hero/status/1709207664998367348
Tue Oct 03 14:03:54 +0000 2023;1709207653669548517;"Panglima Pajaji abal-abal wkwkw. GELAR PANGLIMA itu buat mereka yang memikirkan rakyatnya !!! bukan cari panggung wkwk. WASPADA !!! Panglima Pajaji cuma cari panggung lewat rempang #rempang #carimuka https://t.co/ckvOX3zEmW";0;0;0;1;in;1620206688770064387;1709207653669548517;supangat_hero;https://twitter.com/supangat_hero/status/1709207653669548517
Tue Oct 03 14:03:51 +0000 2023;1709207640885412295;"Panglima Pajaji abal-abal wkwkw. GELAR PANGLIMA itu buat mereka yang memikirkan rakyatnya !!! bukan cari panggung wkwk. WASPADA !!! Panglima Pajaji cuma cari panggung lewat rempang #rempang #carimuka https://t.co/59dd7oDmJG";0;0;0;0;in;1620206688770064387;1709207640885412295;supangat_hero;https://twitter.com/supangat_hero/status/1709207640885412295
Tue Oct 03 14:03:48 +0000 2023;1709207625521676288;"Menolak Konsultasi AMDAL, Warga Pulau Rempang Bentang Spanduk Penolakan: Kami Menangis! https://t.co/7b2mmV9R0p";0;0;0;1;in;1225432911899324419;1709207625521676288;RepelitaO;https://twitter.com/RepelitaO/status/1709207625521676288
Tue Oct 03 14:02:14 +0000 2023;1709207233534492915;"Pernyataan Mengejutkan dari Warga di Rempang yang mau direlokasi.. #Batam #Rempang https://t.co/btHz16smkF";0;2;2;4;in;1234869510756192256;1709207233534492915;koko_kru;https://twitter.com/koko_kru/status/1709207233534492915
Tue Oct 03 14:01:33 +0000 2023;1709207058833105050;"Relokasi warga Pulau Rempang, Batam, Kepulauan Riau akibat pembangunan Rempang Eco City hingga kini belum rampung dan menyisakan ketegangan. #VideoBerita #AdadiKompas   https://t.co/GQca0z5X80";0;0;1;1;in;255866913;1709207058833105050;hariankompas;https://twitter.com/hariankompas/status/1709207058833105050
Tue Oct 03 14:00:03 +0000 2023;1709206681467728112;"Firasat Buruk Kiai Rembang, Halau Serangan PKI Dengan Bembu Runcing dan Pecut Sakti  https://t.co/kGjtm11RvP";0;0;0;0;in;853782937782714368;1709206681467728112;radaraktual;https://twitter.com/radaraktual/status/1709206681467728112
Tue Oct 03 13:59:39 +0000 2023;1709206581685186652;"@detikcom Kmana luhut pnjahitan yg katanya hebat itu??? Kampung sndiri trbengkalai sok mengatur rempang... dana trilyunan sdh habis ke toba tp tdak ada sumbangsih bt negara dan rkyat wlyah ln";0;0;0;0;in;1707361944116830208;1709162378175156451;putragarudea;https://twitter.com/putragarudea/status/1709206581685186652
Tue Oct 03 13:58:12 +0000 2023;1709206217934119364;"Pernyataan sikap masyarakat Sembulang MENOLAK DENGAN TEGAS RELOKASI/PERGESERAN!!!  Rempang, 03 Oktober 2023 https://t.co/sTRMY73fUZ";0;0;19;27;in;1483011583152640000;1709206217934119364;EsTeh__28;https://twitter.com/EsTeh__28/status/1709206217934119364
Tue Oct 03 13:57:26 +0000 2023;1709206025893753048;"@joko_maryadi Payah, buta politik... Yg pabrik kaca panel surya di Rempang titipan LBP ma kk ET. Payah luh....";0;2;0;0;in;739296590712561664;1709109418040922430;JokoWiyanto12;https://twitter.com/JokoWiyanto12/status/1709206025893753048
Tue Oct 03 13:55:28 +0000 2023;1709205528591933854;"SEBAGIAN BENAR, Konten Berisi Video Ustad Abdul Somad tentang Warga Pulau Rempang #abdulsomad #pulaurempang #cekfakta  https://t.co/1P0T7pmz2Z";0;0;0;0;in;1071987848054661120;1709205528591933854;tempocekfakta;https://twitter.com/tempocekfakta/status/1709205528591933854
Tue Oct 03 13:54:41 +0000 2023;1709205331635847419;"Go 💙 F O L L O W  B a s e » Surabaya T e L e » https://t.co/OEQg7BlG4o E x p o › 03-04 Semarang › 04-05 Pati › 06-07 Rembang  @,keempat_elsaa https://t.co/jLFee8LAfU";0;0;0;0;in;1536616356;1709205331635847419;HARDC0RE_NER;https://twitter.com/HARDC0RE_NER/status/1709205331635847419
Tue Oct 03 13:53:33 +0000 2023;1709205047295582318;"Kunjungan Kerja Rempang. #airlanggahartarto #golkarindonesia #golkarprabowo #prabowo #golkar #fyp #trending  @airlangga_hrt @golkar_id https://t.co/mMWbK4xeGU";0;0;0;0;in;1539235508894564352;1709205047295582318;koalisibersatu1;https://twitter.com/koalisibersatu1/status/1709205047295582318
Tue Oct 03 13:51:42 +0000 2023;1709204583237759481;"#TemanPemilih KPU Kabupaten Rembang menerima pengajuan perubahan rancangan Daftar  Calon Tetap (DCT) Anggota DPRD Kabupaten Rembang pada Pemilu serentak  Tahun 2024 oleh Partai Politik peserta Pemilu di Kabupatan Rembang,  Selasa (3/10/2023)  #kpumelayani #pemiluserentak2024 https://t.co/rx2LtoVv3p";0;0;0;0;in;1372767476564389892;1709204583237759481;KPUKabRembang;https://twitter.com/KPUKabRembang/status/1709204583237759481
Tue Oct 03 13:51:19 +0000 2023;1709204485883773398;"@echalicious Soto Rembang beb. Belakang Bale Bebakaran Gejayan https://t.co/CGcEZCvaos";0;1;0;0;in;67560461;1709187336456769862;honeyvha_;https://twitter.com/honeyvha_/status/1709204485883773398
Tue Oct 03 13:51:10 +0000 2023;1709204447585587644;"Awas ada prov0kasi dari Panglima Pajaji terkait kasus Rempang! Panglima abal-abal lagi cari panggung! #viral #fyp https://t.co/Hqi9MuJZUd";1;0;0;3;in;1564496051415154688;1709204447585587644;aaravadelio_;https://twitter.com/aaravadelio_/status/1709204447585587644
Tue Oct 03 13:50:44 +0000 2023;1709204339124736310;"Panglima pajaji cari panggung diatas permasalahan rempang https://t.co/PxB9ckfEQu";0;0;0;0;in;85091572;1709204339124736310;jevs_07yahoocom;https://twitter.com/jevs_07yahoocom/status/1709204339124736310
Tue Oct 03 13:49:40 +0000 2023;1709204069544517973;"Panglima pajaju terlihat cari panggung di permasalahan rempang https://t.co/lj47EJwXvu";0;0;0;0;in;85091572;1709204069544517973;jevs_07yahoocom;https://twitter.com/jevs_07yahoocom/status/1709204069544517973
Tue Oct 03 13:49:04 +0000 2023;1709203918142542125;"Government Guarantees New Houses For Rempang Residents: Minister  Read more:  👇  https://t.co/6X7QdVq4Ro  #Indonesia #Indonesian #indonesianpost #idnpost #rempang #riau #economy https://t.co/YpGzZU7DCK";0;0;0;0;en;1397691902065971207;1709203918142542125;theidnpost;https://twitter.com/theidnpost/status/1709203918142542125
Tue Oct 03 13:48:15 +0000 2023;1709203715679498268;"Panglima Pajaji sesumbar kerahkan pasukan selamatkan warga Rempang Batam, cuma mau cari panggung saja https://t.co/6BB7WwN4El";0;0;0;1;in;1600751036024528896;1709203715679498268;angginna11;https://twitter.com/angginna11/status/1709203715679498268
Tue Oct 03 13:45:34 +0000 2023;1709203039373201636;"Polisi Diminta Tangguhkan Penahanan Tersangka Demo Rempang, Keluarga: Tulang Punggung Keluarga #TempoNasional https://t.co/R3ub8aECg0";0;1;0;0;in;18129942;1709203039373201636;tempodotco;https://twitter.com/tempodotco/status/1709203039373201636
Tue Oct 03 13:45:11 +0000 2023;1709202940756713716;"Panglima Pajaji adalah seorang tokoh yang memprovokasi permasalahan di Rempang.. https://t.co/Yii0ZXVa5t";0;0;0;1;in;1600751036024528896;1709202940756713716;angginna11;https://twitter.com/angginna11/status/1709202940756713716
Tue Oct 03 13:45:05 +0000 2023;1709202915809010003;"@KompasTV Sekarang masyarakat Rempang butuh tanah kelahirannya jangan digusur...apa kata pdip...";0;0;0;0;in;1620325337942065152;1707707061143052345;AchmadS79438;https://twitter.com/AchmadS79438/status/1709202915809010003
Tue Oct 03 13:43:28 +0000 2023;1709202508638453781;"@t_yudehis wkwkw biasalah dia kan fansya si penguasa, ga ada tuh tweet dia soal isu sosial di rezim ini apalagi soal rempang, emang dia keknya mau giring opini kek yang disebutin di atas";0;1;0;2;in;133157248;1709189005689131404;zeronol0;https://twitter.com/zeronol0/status/1709202508638453781
Tue Oct 03 13:42:24 +0000 2023;1709202239762596039;"1 Bulan menjelang masa pensiun..alngkah bijaknya bila Panglima Piting Rakyat Rempang..Laksamana TNI Yudo Margono..LAKUKAN HAL YG BERGUNA BAGI RAKYAT";0;0;0;0;in;1571704260995457025;1709202239762596039;cpghutapea;https://twitter.com/cpghutapea/status/1709202239762596039
Tue Oct 03 13:41:15 +0000 2023;1709201952062767261;"Konflik Pulau Rempang, Legislator Sebut Investasi Tak Boleh Singkirkan Masyarakat https://t.co/vSdWnaGAvD";0;0;0;0;in;1643093405302652928;1709201952062767261;PhotoBnp77308;https://twitter.com/PhotoBnp77308/status/1709201952062767261
Tue Oct 03 13:40:40 +0000 2023;1709201803328594252;"@tempodotco Nama Erick Thohir dan Luhut Binsar Disebut Ada Dibalik Penggusuran Kampung Tua Rempang, Gigin Pradianto: Ada Jejak Bisnis Pribadi https://t.co/zjVYW6vXAN";0;0;0;1;in;1618351099605577730;1709118290776506417;Kyaigringsing62;https://twitter.com/Kyaigringsing62/status/1709201803328594252
Tue Oct 03 13:40:17 +0000 2023;1709201707581001791;"Seperti ada persekongkolan  beraroma tak sedap   Gembar-gembor Investasi Xinyi di Pulau Rempang Dicurigai 'Goreng' Saham https://t.co/jFfEgnzs63  @inilahdotcom";0;0;0;1;in;59257010;1709201707581001791;kawasprimonta;https://twitter.com/kawasprimonta/status/1709201707581001791
Tue Oct 03 13:39:55 +0000 2023;1709201615557976158;"@tempodotco Kalo tidak menggunakan APBN berarti ada kemungkinan Rempang digadai atau dijual🙄";0;1;0;9;in;1649686141757722626;1709118290776506417;AlnilamOmar;https://twitter.com/AlnilamOmar/status/1709201615557976158
Tue Oct 03 13:39:50 +0000 2023;1709201595618193715;"Panglima Pajaji cari panggung diatas permasalahan di Rempang https://t.co/w4y4cfInbg";0;0;0;0;in;1490184156;1709201595618193715;ninda_haw;https://twitter.com/ninda_haw/status/1709201595618193715
Tue Oct 03 13:39:42 +0000 2023;1709201561224925355;"Kita mesti pandai membedakan mana cari panggung dan mana yang tulus, Panglima Pajaji cuma cari panggung lewat masalah Rempang, Waspada https://t.co/cmk7QUwKsP";0;0;0;0;in;1490184156;1709201561224925355;ninda_haw;https://twitter.com/ninda_haw/status/1709201561224925355
Tue Oct 03 13:38:24 +0000 2023;1709201235910484302;"Kita mesti pandai membedakan mana cari panggung &amp  mana yang tulus, panglima pajaji hanya cari panggung lewat masalah rempang, waspada!!! https://t.co/mqGQ3LNEgO";0;0;0;0;in;1566853499043954689;1709201235910484302;bodurov212;https://twitter.com/bodurov212/status/1709201235910484302
Tue Oct 03 13:38:18 +0000 2023;1709201211206095030;"Panglima pajaji cari panggung diatas permasalahan di rempang! https://t.co/2tV2NEa5IG";0;0;0;0;in;1566853499043954689;1709201211206095030;bodurov212;https://twitter.com/bodurov212/status/1709201211206095030
Tue Oct 03 13:37:20 +0000 2023;1709200967311188306;"@OposisiCerdas Lu ngomong begini ke org2 di REMPANG sono MUKIDI PRESIDEN NAJIS MUGOLADOHH!!";0;0;0;0;in;325276906;1708829009633784304;ini_sihdamz;https://twitter.com/ini_sihdamz/status/1709200967311188306
Tue Oct 03 13:34:43 +0000 2023;1709200307262206408;"@tvOneNews Khusus itu terlihat dari cara menggusur rakyat rempang @bahlillahadalia";0;0;0;0;in;1031560129047482368;1708846201469354109;Gigitterusss;https://twitter.com/Gigitterusss/status/1709200307262206408
Tue Oct 03 13:30:56 +0000 2023;1709199357072032037;"Bookmarked, sebab dua tiga minggu ni otak aku tiber fikir pasal WW3 lah, US lah, China lah, kes Rempang lah, etc.";1;1;0;4;in;758254140367577089;1709199357072032037;IkanJerungBiru;https://twitter.com/IkanJerungBiru/status/1709199357072032037
Tue Oct 03 13:30:02 +0000 2023;1709199131296829796;"Tomy Winata Buka Suara Dari A Sampai Z Mengenai Pulau Rempang https://t.co/6A740rle25 #KasusRempang";0;0;0;0;in;43799886;1709199131296829796;KontanNews;https://twitter.com/KontanNews/status/1709199131296829796
Tue Oct 03 13:30:00 +0000 2023;1709199122882769107;"Pulau Rempang, Batam menjadi sorotan dalam beberapa waktu terakhir karena konflik agraria antara warga dan proyek strategi nasional (PSN) Eco-City. Berikut lini masa polemik konflik agraria yang terjadi di Rempang. https://t.co/AetOklFbVD #Infografis #CNNIndonesia https://t.co/ldYtM1YTQr";0;3;7;15;in;17128975;1709199122882769107;CNNIndonesia;https://twitter.com/CNNIndonesia/status/1709199122882769107
Tue Oct 03 13:29:07 +0000 2023;1709198898072576414;"@tvOneNews Biarkan Rempang Galang demikian adanya, tidak usah dirusak atas nama investasi!!!";0;0;0;0;in;1603892013124177921;1709027628488028280;yudi_hudaya;https://twitter.com/yudi_hudaya/status/1709198898072576414
Tue Oct 03 13:28:54 +0000 2023;1709198844054188170;"#AniesMuhaimin2024 Rempang";0;0;0;0;in;1670070721186529280;1709198844054188170;joko_ngiboel;https://twitter.com/joko_ngiboel/status/1709198844054188170
Tue Oct 03 13:28:36 +0000 2023;1709198768984522894;"#AniesMuhaimin2024 Rempang";0;0;0;0;in;1670070721186529280;1709198768984522894;joko_ngiboel;https://twitter.com/joko_ngiboel/status/1709198768984522894
Tue Oct 03 13:28:07 +0000 2023;1709198647823589660;"Tim Advokasi Kemanusiaan untuk Rempang Ajukan Permohonan Penangguhan Penahanan 30 Warga https://t.co/Y1WjfGZa9e";0;0;0;0;in;224204467;1709198647823589660;batamtoday;https://twitter.com/batamtoday/status/1709198647823589660
Tue Oct 03 13:27:39 +0000 2023;1709198527665209349;"#AniesMuhaimin2024 Rempang";0;0;0;0;in;1670070721186529280;1709198527665209349;joko_ngiboel;https://twitter.com/joko_ngiboel/status/1709198527665209349
Tue Oct 03 13:27:08 +0000 2023;1709198397973119248;"#SaveRempangGalang  #TolakRelokasiRakyatRempang  #StopProyekOligarkiSetan  🔴REMPANG TERKINI: TERUS SUARAKAN TOLAK PENGGUSURAN TANAH MILIK RAKYAT REMPANG‼️  #RAKYAT_BERSATU_MELAWAN_KEZALIMAN https://t.co/on1vOeFEmv";0;0;3;4;in;1650516904010760195;1709198397973119248;Hero212_reborn;https://twitter.com/Hero212_reborn/status/1709198397973119248
Tue Oct 03 13:25:36 +0000 2023;1709198015226118612;"Penguasa sudah "MENYERAH:. Dan mengembalikan urusan Rempang kepada warga. TNI-POLRI telah kembali kepada masyarakat. ALHAMDULILLAH. Selamat berhidup tenang kembali sebagaimana biasanya.";0;0;0;0;in;1659149724;1709198015226118612;ImamJumhuri;https://twitter.com/ImamJumhuri/status/1709198015226118612
Tue Oct 03 13:25:12 +0000 2023;1709197914634137798;"Gembar-gembor bahwa Xinyi Glass, anak usaha Xinyi Group bakalan investasi di Rempang Eco City sebesar US$11,5 miliar, setara Rp175 triliun, diduga han... https://t.co/ukg3212kYa";0;0;0;0;in;46693036;1709197914634137798;inilahdotcom;https://twitter.com/inilahdotcom/status/1709197914634137798
Tue Oct 03 13:24:11 +0000 2023;1709197659242909865;"Siasat Pemerintah Kebut Perpres Demi Jamin Hak Warga Rempang https://t.co/VCP9HT0Anv";0;0;0;0;in;1330791552583548932;1709197659242909865;bisnisindo_id;https://twitter.com/bisnisindo_id/status/1709197659242909865
Tue Oct 03 13:23:28 +0000 2023;1709197475440123965;"@Ar_Lyane @txtdariqunuy @BlueJeans_Hitam @SandraUnie @yeny0207 @w1ndyra1n Hidup Rempang  Smangatss✊";0;1;0;4;in;1516242059023482883;1709026588032192640;__R3mind_M3_;https://twitter.com/__R3mind_M3_/status/1709197475440123965
Tue Oct 03 13:23:00 +0000 2023;1709197360583307388;"*VIRALKAN 📢📢📢* Selamat *Untuk  Fahri  Lubis  dan Team  Advokasi Untuk Rempang🙏 dengan Berhasil  Membawa Permasalahan Rempang Ke Perserikatan Bangsa Bangsa (PBB )  Kini Rempang Sudah Menjadi Sorotan Dunia👍🇲🇨🇲🇨 Power Of Allah* https://t.co/kfp5vvOUy1";0;0;0;0;in;1550304573210112000;1709197360583307388;AnangMu16652968;https://twitter.com/AnangMu16652968/status/1709197360583307388
Tue Oct 03 13:22:09 +0000 2023;1709197146522849715;"@alisyarief Soal hutang selalu dibayar  Soal rempang ditangani dan mendekati selesai , tinggal soal anda aja yang kurang sehat .";0;0;0;1;in;995775350431887360;1709017434391564317;Sujono44271368;https://twitter.com/Sujono44271368/status/1709197146522849715
Tue Oct 03 13:22:08 +0000 2023;1709197142353699236;"MASYARAKAT SE TANGGERANG RAYA SIAP MENANGKAN PASANGAN AMIN https://t.co/gkU7Jx8Jm4 #rempang #PDIP #viralinkuy #jokowi #aniespresiden2024 https://t.co/hIYfmrdrxx";0;5;0;1;in;1614230469444534272;1709197142353699236;ERABARU17691191;https://twitter.com/ERABARU17691191/status/1709197142353699236
Tue Oct 03 13:22:00 +0000 2023;1709197108375666953;"#AniesMuhaimin2024 Rempang";0;0;0;0;in;1670070721186529280;1709197108375666953;joko_ngiboel;https://twitter.com/joko_ngiboel/status/1709197108375666953
Tue Oct 03 13:21:43 +0000 2023;1709197036661485934;"@__R3mind_M3_ @txtdariqunuy @BlueJeans_Hitam @SandraUnie @yeny0207 @w1ndyra1n Pasukan emak emak rempong, bukan Rempang.🤭";0;1;0;4;in;1558260752552980480;1709026588032192640;Ar_Lyane;https://twitter.com/Ar_Lyane/status/1709197036661485934
Tue Oct 03 13:21:18 +0000 2023;1709196930134495259;"#AniesMuhaimin2024 Rempang";0;0;0;0;in;1670070721186529280;1709196930134495259;joko_ngiboel;https://twitter.com/joko_ngiboel/status/1709196930134495259
Tue Oct 03 13:20:51 +0000 2023;1709196818389795001;"#AniesMuhaimin2024 Rempang";0;0;0;0;in;1670070721186529280;1709196818389795001;joko_ngiboel;https://twitter.com/joko_ngiboel/status/1709196818389795001
Tue Oct 03 13:20:30 +0000 2023;1709196732385693696;"#AniesMuhaimin2024 Rempang";0;0;0;0;in;1670070721186529280;1709196732385693696;joko_ngiboel;https://twitter.com/joko_ngiboel/status/1709196732385693696
Tue Oct 03 13:18:34 +0000 2023;1709196243677888765;"Sebenarnya ada pejabat sangat dekat sama investor china masih bersikukuh ke pulau rempang karena fee cukup besar..Sedangkan pulau rempang itu perlu dilestarikan krn itu kekayaan alam dari Tuhan  https://t.co/KFVoaAr3WR";0;0;0;0;in;131720346;1709196243677888765;jondivar;https://twitter.com/jondivar/status/1709196243677888765
Tue Oct 03 13:18:01 +0000 2023;1709196103957250445;"#AniesMuhaimin2024 Rempang";0;0;0;0;in;1670070721186529280;1709196103957250445;joko_ngiboel;https://twitter.com/joko_ngiboel/status/1709196103957250445
Tue Oct 03 13:17:28 +0000 2023;1709195965750714786;"#AniesMuhaimin2024 Rempang";0;0;1;3;in;1670070721186529280;1709195965750714786;joko_ngiboel;https://twitter.com/joko_ngiboel/status/1709195965750714786
Tue Oct 03 13:17:15 +0000 2023;1709195910641602857;"knp? pdhl mereka tdk akan berbuat "demo/melawan aparat" mereka hanya mempertahankan yg mereka anggap hak nya sebelunnya kan di p rempang baik2 saja tdk ada pergolakan nga mungkin ada asap kalau tdk ada api? 🤔";0;0;0;0;in;237758322;1709195910641602857;y4n_yodas;https://twitter.com/y4n_yodas/status/1709195910641602857
Tue Oct 03 13:17:00 +0000 2023;1709195848276701546;"#AniesMuhaimin2024 Rempang";0;0;0;0;in;1670070721186529280;1709195848276701546;joko_ngiboel;https://twitter.com/joko_ngiboel/status/1709195848276701546
Tue Oct 03 13:16:27 +0000 2023;1709195709810147727;"#AniesMuhaimin2024 Rempang";0;0;0;0;in;1670070721186529280;1709195709810147727;joko_ngiboel;https://twitter.com/joko_ngiboel/status/1709195709810147727
Tue Oct 03 13:15:54 +0000 2023;1709195574371827999;"#AniesMuhaimin2024 Rempang";0;0;0;0;in;1670070721186529280;1709195574371827999;joko_ngiboel;https://twitter.com/joko_ngiboel/status/1709195574371827999
Tue Oct 03 13:15:26 +0000 2023;1709195456893620395;"#AniesMuhaimin2024 Rempang";0;0;0;0;in;1670070721186529280;1709195456893620395;joko_ngiboel;https://twitter.com/joko_ngiboel/status/1709195456893620395
Tue Oct 03 13:15:04 +0000 2023;1709195363645800778;"#AniesMuhaimin2024 Rempang";0;0;0;0;in;1670070721186529280;1709195363645800778;joko_ngiboel;https://twitter.com/joko_ngiboel/status/1709195363645800778
Tue Oct 03 13:14:31 +0000 2023;1709195226009743398;"#AniesMuhaimin2024 Rempang";0;0;0;0;in;1670070721186529280;1709195226009743398;joko_ngiboel;https://twitter.com/joko_ngiboel/status/1709195226009743398
Tue Oct 03 13:14:02 +0000 2023;1709195102089056297;"#AniesMuhaimin2024 Rempang";0;0;0;0;in;1670070721186529280;1709195102089056297;joko_ngiboel;https://twitter.com/joko_ngiboel/status/1709195102089056297
Tue Oct 03 13:13:40 +0000 2023;1709195012070891722;"#AniesMuhaimin2024 Rempang";0;0;0;0;in;1670070721186529280;1709195012070891722;joko_ngiboel;https://twitter.com/joko_ngiboel/status/1709195012070891722
Tue Oct 03 13:11:02 +0000 2023;1709194347571507636;"DPR RI komisi terkait "REMPANG",SEGERA MEMBENTUK PANJA/PANSUS TENTANG KEPULAUAN REMPANG,AGAR PUBLIK JELAS DUDUK SOALNYA. https://t.co/kSD6G0xHdp";0;0;0;0;in;2832705570;1709194347571507636;ariadyachmad2;https://twitter.com/ariadyachmad2/status/1709194347571507636
Tue Oct 03 13:10:20 +0000 2023;1709194173839208815;"#AniesMuhaimin2024 Rempang";0;0;0;0;in;1670070721186529280;1709194173839208815;joko_ngiboel;https://twitter.com/joko_ngiboel/status/1709194173839208815
Tue Oct 03 13:09:29 +0000 2023;1709193958260342999;"#AniesMuhaimin2024 Rempang";0;0;0;0;in;1670070721186529280;1709193958260342999;joko_ngiboel;https://twitter.com/joko_ngiboel/status/1709193958260342999
Tue Oct 03 13:08:41 +0000 2023;1709193754492719583;"#AniesMuhaimin2024 Rempang";0;0;0;0;in;1670070721186529280;1709193754492719583;joko_ngiboel;https://twitter.com/joko_ngiboel/status/1709193754492719583
Tue Oct 03 13:08:01 +0000 2023;1709193589887320416;"#AniesMuhaimin2024 Rempang";0;0;1;1;in;1670070721186529280;1709193589887320416;joko_ngiboel;https://twitter.com/joko_ngiboel/status/1709193589887320416
Tue Oct 03 13:07:04 +0000 2023;1709193348115038295;"Terkait polemik soal investasi di Rempang, Menteri Investasi Bahlil Lahadalia tegaskan tidak menganakemaskan satu investor ataupun perusahaan https://t.co/6aISsxRgGh";0;0;0;0;in;874558344593195008;1709193348115038295;validnewsid;https://twitter.com/validnewsid/status/1709193348115038295
Tue Oct 03 13:02:26 +0000 2023;1709192182152999382;"@KompasTV PSN rempang jelas titipan konglo";0;0;0;0;in;1697374694310342656;1708683823880503545;done2389;https://twitter.com/done2389/status/1709192182152999382
Tue Oct 03 13:01:58 +0000 2023;1709192068281864485;"emindahan warga yang terdampak pengembangan Rempang Eco-City terus membuahkan hasil.  Terbaru, sebanyak 7 Kepala Keluarga (KK) pindah secara serentak ke hunian sementara, Minggu (1/10/2023).  https://t.co/U4aiWDr4AA";0;0;0;0;in;1269940432336633856;1709192068281864485;batamline;https://twitter.com/batamline/status/1709192068281864485
Tue Oct 03 12:59:34 +0000 2023;1709191462771179575;"Kita harus pandai membedakan mana cari panggung dan mana yang tulus bahwa panglima Pajaji hanya mencari panggung lewat masalah rempang. !!! https://t.co/ZqEsEnjpCf";0;1;0;1;in;625331325;1709191462771179575;mediainterogasi;https://twitter.com/mediainterogasi/status/1709191462771179575
Tue Oct 03 12:59:00 +0000 2023;1709191318474236053;"Airlangga Hartarto Jamin Pergeseran Pemukiman Warga Rempang Aman dan Berkelanjutan #airlanggahartarto #kuningkeren #sayagolkar #partaigolkar #golkarpedia https://t.co/hulvd0wisl";0;0;56;24;in;721898354502930433;1709191318474236053;golkarpedia;https://twitter.com/golkarpedia/status/1709191318474236053
Tue Oct 03 12:54:26 +0000 2023;1709190169923100725;"@azdn_twider Kamu bawa2 Rempang mulu pdhl Rempang tidak ada isu2 pendanaan separatisme. Sengketa agraria di Indonesia itu bukan baru terjadi dan bukan hanya Rempang 😂. Natuna diklaim Cina, yakali makai isu Rempang. Pdhl sudah jelas Natuna akan jadi basis militer di Indonesia kedepan.";0;1;0;1;in;1485528214051377153;1709155607545323951;imananda01;https://twitter.com/imananda01/status/1709190169923100725
Tue Oct 03 12:50:08 +0000 2023;1709189088266657971;"@imananda01 Pada waktu2 Russia sendiri berani mendanai separatisme dan kekacauan di negara2 sempadan, bukannya satu perkara yang aneh untuk China juga berbuat demikian demi kelangsungan impiannya menjadi adikuasa.  Kes di Rempang mungkin adalah pemula kepada semua itu. 😌";0;1;0;3;in;1247462449722212358;1709155607545323951;azdn_twider;https://twitter.com/azdn_twider/status/1709189088266657971
Tue Oct 03 12:48:18 +0000 2023;1709188626486272371;"@nashirr27 @DivHumas_Polri @addtaufiq @AhlulQohwah @Aryprasetyo85 @03__nakula @007koteka @ilmi_roudhotul @tolakbigotnkri @MangJamet @seeksixsuck @Paltiwest Smoga ditangkapin saja orng orng yg mencoba memanfaatkan isu Rempang demi organisasi terlarangnya HTI dpat eksis kembali";0;0;0;0;in;1628317476688908288;1705827346769747988;Rojo23135346;https://twitter.com/Rojo23135346/status/1709188626486272371
Tue Oct 03 12:47:01 +0000 2023;1709188303784927623;"@dwioktariyadi Rempang bismillah aman tentrem ga ada lgi konlflik dan cpt usai. Apalagi smpe HTI manfaatin kejadian ini";0;0;0;0;in;1564136333274394624;1705812476783476762;Bobiwanwan;https://twitter.com/Bobiwanwan/status/1709188303784927623
Tue Oct 03 12:46:46 +0000 2023;1709188242103488639;"@KakekHalal Lagian PSN tiba² muncul tanpa ada di Rencana Jangka Panjang dan Menengah. Malah PSN Tanjung Lesung yg ada di program sebelumnya sekarang malah ga dikebut pembangunan nya. Tiba² muncul Rempang jadi PSN, pembangunan kok suka². Saatnya Perubahan khususnya Birokrasi";0;0;0;0;in;229043259;1708840598449672640;MustahidAnis;https://twitter.com/MustahidAnis/status/1709188242103488639
Tue Oct 03 12:45:32 +0000 2023;1709187932517814453;"@dwioktariyadi Jgn sampe hal begini dimanfaatin sm HTI buat kepentingan mereka. Kita bantu doa rempang semoga baik2 aja";0;0;0;0;in;1564910708336123905;1705812476783476762;barubayau;https://twitter.com/barubayau/status/1709187932517814453
Tue Oct 03 12:44:44 +0000 2023;1709187728271937572;"Penyerobotan Tanah Warga Rempang, Nusron Wahid: Apa Bedanya BP Batam dengan VOC? https://t.co/axvKpJKlcn";0;0;0;0;in;1469984285503344641;1709187728271937572;permatani_DPP;https://twitter.com/permatani_DPP/status/1709187728271937572
Tue Oct 03 12:43:10 +0000 2023;1709187336456769862;"Malem ini jajan mendoan setelah siang tadi brunch soto rembang + mendoan legendarisnya 🥹✨ https://t.co/inKwBIbcTF";0;1;0;1;in;67560461;1709187336456769862;honeyvha_;https://twitter.com/honeyvha_/status/1709187336456769862
Tue Oct 03 12:41:33 +0000 2023;1709186929496068184;"Paksakan di rempang....";0;0;0;0;in;120286280;1709186929496068184;riocelebes;https://twitter.com/riocelebes/status/1709186929496068184
Tue Oct 03 12:40:58 +0000 2023;1709186781177106479;"FORUM INTERASIONAL PARTISAN PBB. dukung  Rempang Galang #UsirTKAChinaUnfaedah  #SaveRempang #UsirAsengCbindil @jokowi https://t.co/bMLUTfjeaF";0;0;1;1;in;1435768021818089479;1709186781177106479;mrhellets;https://twitter.com/mrhellets/status/1709186781177106479
Tue Oct 03 12:40:45 +0000 2023;1709186725707415763;"@hc_poirot Perlu di ingat kan Rempang itu harus di pertahan kan oleh Rakyat Rempang jika tidak nanti akan menyesal sb jika di bangun proyek eco siti maka akan terjadi lh penjajahan lokal oleh china dgn dalih imvestasi melalui mantri jkw";0;0;0;0;in;1170251268633157632;1709105119969817063;RickyDiningrat1;https://twitter.com/RickyDiningrat1/status/1709186725707415763
Tue Oct 03 12:39:47 +0000 2023;1709186483029238241;"AIRLANGGA HARTARTO BERSAMA MASYARAKAT PULAU REMPANG . #golkar #golkarindonesia #golkarprabowo #airlanggahartarto #prabowo #rempang https://t.co/IdswIi8Tin";0;0;0;1;in;1606050125612449792;1709186483029238241;kemilau_negeri;https://twitter.com/kemilau_negeri/status/1709186483029238241
Tue Oct 03 12:38:33 +0000 2023;1709186174420725989;"@dwioktariyadi Mari kita dukung Rempang agar damai kembali sedia kala";0;0;0;0;in;1564913944351100928;1705812476783476762;hendra52898513;https://twitter.com/hendra52898513/status/1709186174420725989
Tue Oct 03 12:38:17 +0000 2023;1709186104103194809;"@yaniarsim @Gojekmilitan @bahlillahadalia @jokowi @luhut_binsar @erickthohir @bpbatam urang Sunda bersama Rempang";0;0;0;2;in;302417940;1709148085728022569;RickyNSas;https://twitter.com/RickyNSas/status/1709186104103194809
Tue Oct 03 12:36:38 +0000 2023;1709185690075037815;"Airlangga Pastikan Hak-hak Warga Rempang Terpenuhi. #airlanggahartarto #golkarindonesia #golkar #golkarprabowo #prabowo #rempang https://t.co/gWKb1oivCw";0;0;0;4;in;1598185511205875717;1709185690075037815;storyberingin;https://twitter.com/storyberingin/status/1709185690075037815
Tue Oct 03 12:36:12 +0000 2023;1709185582893875471;"Masyarakat Rempang-Galang menagih janji Presiden Joko Widodo untuk memberikan sertifikat kepada masyarakat di kampung tua, Selasa 3 Oktober 2023.  🎥: DALIL HARAHAP #rempang #galang #batam #rempangecocity #sertifikat #presiden #jokowi #breakingnews  #batampos #wargarempang https://t.co/JrzVhRI4YX";0;0;0;2;in;60490875;1709185582893875471;BatamPos;https://twitter.com/BatamPos/status/1709185582893875471
Tue Oct 03 12:35:14 +0000 2023;1709185340131733848;"Implementasi softskill psikologo Polsek Rembang Kota https://t.co/e1ttLQ2RHu";0;0;0;0;in;1680775883832070151;1709185340131733848;Polsek_Rbg;https://twitter.com/Polsek_Rbg/status/1709185340131733848
Tue Oct 03 12:35:13 +0000 2023;1709185333101986131;"Tanah Rempang,itu milik mereka sejak abad 18. Lebih Baik Mati Berdiri Daripada Hidup Berlutut. Takkan Hilang Warga Melayu Di Bumi Indonesia. Esa Hilang Dua Terbilang. “Diam kita ditindas, kita harus bergerak utk menyelamatkan Bangsa Negara Indonesia ini” https://t.co/Cugc2gj2Xf";1;3;87;132;in;1482600556669460485;1709185333101986131;ForRezim;https://twitter.com/ForRezim/status/1709185333101986131
Tue Oct 03 12:34:53 +0000 2023;1709185250914676742;"@dwioktariyadi Alhamdulillah akhirnya Rembang bisa damai, smoga ini mnjadi pelajaran buat daerah lainnya";0;0;0;0;in;1619903333736800257;1705812476783476762;CancerboyBoy1;https://twitter.com/CancerboyBoy1/status/1709185250914676742
Tue Oct 03 12:33:46 +0000 2023;1709184970923872577;"Jangan lah berhenti berjuang,  Dunia membela Rempang  #SaveRempang.";0;2;94;146;in;964364028;1709184970923872577;iman100017;https://twitter.com/iman100017/status/1709184970923872577
Tue Oct 03 12:33:08 +0000 2023;1709184808767930486;"@dwioktariyadi Kita doakan smoga kasus Rempang cepat selesai, dan tdk ada lagi timbul konflik yg justru bnyak merugikan msyarakat dan aparat.";0;0;0;0;in;1619905366942433280;1705812476783476762;AlfinFi25604736;https://twitter.com/AlfinFi25604736/status/1709184808767930486
Tue Oct 03 12:33:00 +0000 2023;1709184776840827112;"@Muslim_AntiPKI9 @geloraco Hei...Bpk kakak beradik, Pak Yakult dan Yai Cimori...Knp kalian berdua tdk prnh bersuara ktka Rempang ditindas, Mandalika ditindas, dll ditindas? mrka2 ini tinggal di negara Pancasila yg kalian gembor2kan dan melanggar hukum, tdk prnh tolak Pancasila tapi kalian abaikan?? Kenapa?";0;1;4;6;in;2680887614;1709010699157176476;PialaSoe;https://twitter.com/PialaSoe/status/1709184776840827112
Tue Oct 03 12:30:53 +0000 2023;1709184245779026295;"@vita_AVP Contohnya kan sudah ada rempang para nelayan di sejahterakan ???";0;0;0;0;in;312397826;1708797367842226673;basrahmat;https://twitter.com/basrahmat/status/1709184245779026295
Tue Oct 03 12:30:38 +0000 2023;1709184182197621213;"@tvOneNews BRENGSEKK SANGAT SI BAHLIL‼️ MENIPU SATU INDONESIA, MENGINJAK MARTABAT PENDUDUK ASLI PULAU REMPANG https://t.co/RVYLb5fzqr";0;0;0;0;in;1603823091871727617;1708980841375056337;kenshin2023;https://twitter.com/kenshin2023/status/1709184182197621213
Tue Oct 03 12:30:00 +0000 2023;1709184022444941371;"HMI Kecam Bahlil Pakai Preman Bubarkan Aksi Bela Rempang di Kementerian Investasi  https://t.co/rww38JDJRO";0;0;0;0;in;853782937782714368;1709184022444941371;radaraktual;https://twitter.com/radaraktual/status/1709184022444941371
Tue Oct 03 12:28:45 +0000 2023;1709183708639678489;"@cnbcindonesia PNS heran kenapa mesti pindah .., Rakyat heran kenapa indonesia lebih mementingkan aset IKN untuk kepentingan pemerintah . Dan di rempang kepentingan rakyat terbengkalai.";0;0;0;0;in;1231652915623944193;1709105389923709107;M_IKBARfauzi;https://twitter.com/M_IKBARfauzi/status/1709183708639678489
Tue Oct 03 12:28:28 +0000 2023;1709183636766077089;"Panglima Pajaji cari panggung diatas permasalahan rempang!!  Jodie Hamil #earthquake Amanda Manopo Mudryk San Jaegar #ArmySelcaDay mark lee Broja Kades https://t.co/mN44fDmhub";0;4;0;4;in;768652236;1709183636766077089;Alfakton_i;https://twitter.com/Alfakton_i/status/1709183636766077089
Tue Oct 03 12:27:58 +0000 2023;1709183509280243770;"Waspada Panglima Pajaji cuma cari panggung lewat masalah rempang!!   Jodie Hamil #earthquake Amanda Manopo Mudryk San Jaegar #ArmySelcaDay mark lee Broja Kades https://t.co/hBSpHynpXW";0;0;0;0;in;768652236;1709183509280243770;Alfakton_i;https://twitter.com/Alfakton_i/status/1709183509280243770
Tue Oct 03 12:26:26 +0000 2023;1709183124893294625;"Teruslah bersuara! Dunia membela Rempang #SaveRempang  #SaveRempang";0;0;3;2;in;964364028;1709183124893294625;iman100017;https://twitter.com/iman100017/status/1709183124893294625
Tue Oct 03 12:24:15 +0000 2023;1709182574202110155;"Kepala BP Batam Hadiri RDP DPR RI Bahas Progres Investasi Rempang https://t.co/tCL8RsdKD4";0;0;0;0;in;2460941724;1709182574202110155;gokepricom;https://twitter.com/gokepricom/status/1709182574202110155
Tue Oct 03 12:22:38 +0000 2023;1709182167094555017;"Airlangga ke Pulau Rempang, Jamin Pemerintah Penuhi Janji ke Masyarakat.  #AirlanggaHartarto #GolkarIndonesia #Golkar #GolkarPrabowo #Prabowo https://t.co/8d9Lk28rLj";0;0;0;3;in;1574286072066244608;1709182167094555017;SedulurAH;https://twitter.com/SedulurAH/status/1709182167094555017
Tue Oct 03 12:20:51 +0000 2023;1709181717045563810;"Tim Advokasi untuk Kemanusiaan Rempang meminta polisi menangguhkan penahanan terhadap 30 warga yang berunjuk rasa menolak penggusuran di Rempang. #VideoBerita #AdadiKompas   https://t.co/zAYFVTqmc1";0;0;5;4;in;255866913;1709181717045563810;hariankompas;https://twitter.com/hariankompas/status/1709181717045563810
Tue Oct 03 12:20:46 +0000 2023;1709181698301419714;"Pantas Warga Rempang Tolak Proyek Eco City, LSM NCM Temukan Banyak Hal Janggal, Ini Dia.  80 persen masyarakat Pulau Rempang yang memiliki alas hak SHM, menolak untuk dipindahkan atau direlokasi ke lokasi baru   https://t.co/DT28zwZp2n via @tribunnews";0;0;0;2;in;1486631613932834819;1709181698301419714;jari_droid;https://twitter.com/jari_droid/status/1709181698301419714
Tue Oct 03 12:20:23 +0000 2023;1709181602054709575;"Sy berharap @aniesbaswedan punya tim hukum yg faham ttg hukum tanah Indonesia (agraria) utk bisa membantu pemahaman masalah Rempang. Krn tentu suatu saat akan kesana dan bicara dg masy disana, yg tentu pendapat ttg hal itu akan dinilai masy serta diperbandingkan dg rivalnya.";0;0;2;17;in;1301052979852619777;1709181602054709575;MartinusButarb1;https://twitter.com/MartinusButarb1/status/1709181602054709575
Tue Oct 03 12:18:33 +0000 2023;1709181141960544502;"@narkosun Pabrik kaca panel surya di Rempang bukankah itu proyek titipan, pura-pura ga tau atau lo memang plonga plongo... 🤭🤭🤭";0;0;0;0;in;739296590712561664;1709002020500431155;JokoWiyanto12;https://twitter.com/JokoWiyanto12/status/1709181141960544502
Tue Oct 03 12:17:59 +0000 2023;1709180998016237755;"@tvOneNews Rempang itu titipan siapa Pak?  https://t.co/T4uBNnGcwd";0;0;0;0;in;951952690111594496;1708787217106448517;NgilmuKantiLaku;https://twitter.com/NgilmuKantiLaku/status/1709180998016237755
Tue Oct 03 12:15:37 +0000 2023;1709180401389064451;"memang boleh yah se sensasional itu?  📍Link Daftar:    ☞ https://t.co/W675OmKuHI     #ikn #jakarta #indonesia2024 #kawal #kemarau #rempang #Ketum #infoloker #Makassar #mylifemyadventure #poligami #viral #stophoax #buruh https://t.co/ZwR35wj2cm";0;0;28;23;in;1194537635647115264;1709180401389064451;passoenda;https://twitter.com/passoenda/status/1709180401389064451
Tue Oct 03 12:11:44 +0000 2023;1709179423730389121;"Pengusaha di Kepri Dukung Warga Rempang, Minta Pemerintah Perhatikan Aspirasi https://t.co/xWI0vh7rgo lewat @GoWest.ID";0;0;0;0;in;767014902099607552;1709179423730389121;gowest_id;https://twitter.com/gowest_id/status/1709179423730389121
Tue Oct 03 12:11:37 +0000 2023;1709179393975939179;"Pengusaha di Kepri Dukung Warga Rempang, Minta Pemerintah Perhatikan Aspirasi https://t.co/Uewl8Iop0I lewat @GoWest.ID";0;0;0;0;in;353758281;1709179393975939179;gowestid;https://twitter.com/gowestid/status/1709179393975939179
Tue Oct 03 12:11:20 +0000 2023;1709179324182729026;"Panglima pajaji cari panggung diatas permasalahan di rempang https://t.co/s5elpczA69";0;0;0;0;in;1618301530628624384;1709179324182729026;Adrianyusuf110;https://twitter.com/Adrianyusuf110/status/1709179324182729026
Tue Oct 03 12:09:43 +0000 2023;1709178918237041107;"HPL BP Batam di Pulau Rempang 147 Hektare dan Kesan Terburu-buru https://t.co/5FZWA4FOUl";0;0;0;0;in;767014902099607552;1709178918237041107;gowest_id;https://twitter.com/gowest_id/status/1709178918237041107
Tue Oct 03 12:09:36 +0000 2023;1709178889405337910;"HPL BP Batam di Pulau Rempang 147 Hektare dan Kesan Terburu-buru https://t.co/UcqzJ6jMcs";0;0;0;0;in;353758281;1709178889405337910;gowestid;https://twitter.com/gowestid/status/1709178889405337910
Tue Oct 03 12:08:10 +0000 2023;1709178526694531424;"@hc_poirot Geser ke belakang. Jangan mundur, ya gak..? Rempang sekali";0;0;0;0;in;567132989;1709105119969817063;asasfuro;https://twitter.com/asasfuro/status/1709178526694531424
Tue Oct 03 12:08:06 +0000 2023;1709178509023994182;"We recognize that environmental defenders take great risks to stand up to power and that visual evidence collecting is simply only one strategy to protect their rights.   This video describes the Rempang Island, #Batam, #Indonesia protest situation:  https://t.co/QrVupPpMP5";0;1;1;1;en;4895804187;1709178506960367681;witnessorg_asia;https://twitter.com/witnessorg_asia/status/1709178509023994182
Tue Oct 03 12:08:05 +0000 2023;1709178506960367681;"Local residents of #Rempang Island are taking a stand against the land grabbing and human rights violations brought by government development on the program to build an 'Eco-city'.  We stand in solidarity with their fight &amp  resistance to protect their land rights.  #SaveRempang";0;1;10;9;en;4895804187;1709178506960367681;witnessorg_asia;https://twitter.com/witnessorg_asia/status/1709178506960367681
Tue Oct 03 12:07:34 +0000 2023;1709178375011766283;"DPR Sebut Langkah Bahlil Tangani Konflik Rempang Sudah Tepat https://t.co/P34KCuIMaw";0;0;1;1;in;41730943;1709178375011766283;VIVAcoid;https://twitter.com/VIVAcoid/status/1709178375011766283
Tue Oct 03 12:07:08 +0000 2023;1709178265464877490;"Menko Airlangga memang selalu dekat dengan masyarakat ya..  #GolkarIndonesia #AirlanggaHartarto #Golkar #Prabowo #Rempang https://t.co/vZegfZFumR";0;0;0;3;in;1598004255847170049;1709178265464877490;KembangBeringin;https://twitter.com/KembangBeringin/status/1709178265464877490
Tue Oct 03 12:05:11 +0000 2023;1709177776102863010;"@tempodotco Negara ini jadi apaan sih..terang benerang utak atik! Parah @mohmahfudmd @Fahrihamzah , entah pada kemana, yg sebelah sana utak atik unu, sebelah sana jor jor an IKN, sebelah sana Bbm naik, seblah sino rempang investor bla bla sbelah sono ini itu, porsi rakyat na manaa woii";0;2;0;5;in;1628901472321835008;1709175106965307406;EkoApan;https://twitter.com/EkoApan/status/1709177776102863010
Tue Oct 03 12:04:46 +0000 2023;1709177671987654725;"@AndiSinulingga sampai detik ini wan imigran belum pernah bilang.. 1. he ntikan pnggusuran rempang 2. Hentikan ikn 3 . hentikan kereta cepat. padahal slogannya perubhan.. para cecunguknya ngaku paling melawan. tapi pujaannya mingkem.. 🤭";0;2;0;3;in;1603569420642574336;1709091657160024518;mahandi22;https://twitter.com/mahandi22/status/1709177671987654725
Tue Oct 03 12:04:39 +0000 2023;1709177639980953953;"@hc_poirot Mereka warga dayak yg diam blum merasa Ntar kl mereka merasa spt yg dirasakan Rempang baru sadar d it sdh trlmbt";0;0;1;1;in;706500903147143168;1708929311800275309;SuwitoRobby;https://twitter.com/SuwitoRobby/status/1709177639980953953
Tue Oct 03 12:03:34 +0000 2023;1709177370454995122;"Cek Fakta: Video Situasi di Depan DPR Ini Tidak Terkait dengan Pulau Rempang https://t.co/qSnKiR3cdD";0;0;1;2;in;47596019;1709177370454995122;liputan6dotcom;https://twitter.com/liputan6dotcom/status/1709177370454995122
Tue Oct 03 12:03:30 +0000 2023;1709177350964060627;"#SaveRempangBatam  #BahlilSegeraMundur #LawanKezalimanTegakkanKeadilan  Kagak Ada Yang Bener Nih... Ayo Desak Bahlil MUNDUR SEGERA‼️  #RAKYAT_BERSATU_BELA_REMPANG https://t.co/G8G9r7zYDJ";0;0;2;2;in;1650516904010760195;1709177350964060627;Hero212_reborn;https://twitter.com/Hero212_reborn/status/1709177350964060627
Tue Oct 03 12:03:25 +0000 2023;1709177330248331341;"Penyerobotan Tanah Warga Rempang, Nusron Wahid: Apa Bedanya BP Batam dengan VOC?  Selasa Whoosh APBN Ibu Kota Negara Fraksi PKS Siam Paragon TikTok Shop Apri Laos Amanda Manopo Jodie Hamil Denny Caknan Enzy #AniesMuhaimin2024 #TembakauDizalimi  https://t.co/MG7oO45I2K";0;0;0;0;in;1685673696911069184;1709177330248331341;wan_heartnews;https://twitter.com/wan_heartnews/status/1709177330248331341
Tue Oct 03 12:01:48 +0000 2023;1709176923644178592;"Rempang Mendunia.. Terus bersuara dan gaungkan  Ketidakadilan bagi Rempang dan semua wilayah terdampak yg sama.. #SaveRempangBatam";0;0;0;1;in;2294551621;1709176923644178592;simon_hendra;https://twitter.com/simon_hendra/status/1709176923644178592
Tue Oct 03 12:00:43 +0000 2023;1709176653749125465;"@hatewe369 @DoankWarto PDIP2 PERIODE kemana aja? https://t.co/amI395qk1x masa, nunggu ANIES MEMERDEKAKAN REMPANG";0;0;0;0;in;567132989;1708951345808777438;asasfuro;https://twitter.com/asasfuro/status/1709176653749125465
Tue Oct 03 11:59:42 +0000 2023;1709176395329626411;""Ternyata Investasi Xinyi di Gresik dan Babel Gagal..."  Tiba2 tersiar kabar mo invest di Rempang  ratusan triliun Dan demi invest tsb, pulau rempang pernah hrs dikosongkan.  Warga penghuninya akan direlokasi  https://t.co/uDjEj5JvOA";0;0;0;0;in;545264533;1709176395329626411;WAHYU_UNIFORM;https://twitter.com/WAHYU_UNIFORM/status/1709176395329626411
Tue Oct 03 11:59:22 +0000 2023;1709176310881505767;"@DoankWarto Anies president https://t.co/amI395qk1x merdeka kan REMPANG dan pribumi lainnya";0;0;0;0;in;567132989;1708951345808777438;asasfuro;https://twitter.com/asasfuro/status/1709176310881505767
Tue Oct 03 11:58:33 +0000 2023;1709176107239686146;"Pemimpin kedepan harus sudah mempunyai wawasan  Standard ESG (Environment Social &amp  governance)  tanpa pedoman itu  maka proyek" macam Rempang itulah jadinya  investor mana mau masuk dengan kondisi penindasan HAM spt ini?????  entah ada korupsi atau tidak";0;1;0;2;in;164604281;1709172003079696763;TheArieAir;https://twitter.com/TheArieAir/status/1709176107239686146
Tue Oct 03 11:57:41 +0000 2023;1709175890016674248;"@dapitnih Bahkan berita terkini tentang jeritan masyarakat Rempang diredam dengan bilang #RempangHeppyEnding padahal #RempangMelawan";0;0;1;0;in;1092958177;1709174532672766148;pandandjati;https://twitter.com/pandandjati/status/1709175890016674248
Tue Oct 03 11:55:51 +0000 2023;1709175427414323298;"Di awal masa jabatannya jadi ketum PSI, Kaesang sowan ke PGI, bukan ke Rempang, pasar atau kampus.  Siapa yang mulai politik identitas hayo?";0;0;0;0;in;40634549;1709175427414323298;berani38;https://twitter.com/berani38/status/1709175427414323298
Tue Oct 03 11:50:01 +0000 2023;1709173958535508399;"#golkarindonesia #airlaggahartarto #golkal #prabowoairlangga #golkarprabowo #rempang https://t.co/oxZpjm9TyT";0;0;0;0;qme;1691460952473153536;1709173958535508399;Peradaban_news;https://twitter.com/Peradaban_news/status/1709173958535508399
Tue Oct 03 11:47:58 +0000 2023;1709173441629417764;"sy percaya ini sandiwara sj, spt yg lalu2. Pura2 marah2 di ruang rapat, dipublikasi ke media sosial, sbg gimmick utk kita. Kita lihat stlh mrk marah2, apakah rakyat Rempang akan aman?";0;2;6;27;in;1271783706;1709173441629417764;Kathmandu2014;https://twitter.com/Kathmandu2014/status/1709173441629417764
Tue Oct 03 11:47:55 +0000 2023;1709173430023520675;"Kali ini Menko Airlangga di Rempang ngapain ya ? #GolkarIndonesia #AirlanggaHartarto #Golkar #golkarprabowo #prabowo #rempang https://t.co/lpkkb0jAJB";0;0;0;3;in;1598150190934167552;1709173430023520675;bapak_ekonomi;https://twitter.com/bapak_ekonomi/status/1709173430023520675
Tue Oct 03 11:46:50 +0000 2023;1709173158719451538;"@joko_maryadi Contohnya, pabrik kaca panel Surya dan Eco city yg akan dibangun di Rempang, itu distempel proyek strategis Nasional, pdahal bukan punya Pemerintah/BUMN, 16 desa harus digusur...Opo kwe mudeng dul... Bedul... Kwi contone dul, ojo mung ngeyel, nyerang pribadi ning plonga plongo.";0;1;0;0;in;739296590712561664;1709109418040922430;JokoWiyanto12;https://twitter.com/JokoWiyanto12/status/1709173158719451538
Tue Oct 03 11:45:46 +0000 2023;1709172889751265763;"Penyerobotan Tanah Warga Rempang, Nusron Wahid: Apa Bedanya BP Batam dengan VOC? https://t.co/k8ujCeP3lO";0;0;0;0;in;1225432911899324419;1709172889751265763;RepelitaO;https://twitter.com/RepelitaO/status/1709172889751265763
Tue Oct 03 11:45:35 +0000 2023;1709172841932066964;"@dwioktariyadi Semoga situasi di rempang semakin kondusif";0;0;0;0;in;1629745235659210752;1705812476783476762;azrasari88;https://twitter.com/azrasari88/status/1709172841932066964
Tue Oct 03 11:45:22 +0000 2023;1709172791126512064;"@Resty_J_Cayah Wkwk tak kira turun gunung ikut membela warga rempang atau ikut bongkar kasus apaa gitu yg blm selesai,.ternyata turun utk kekuasaan juga,.wkwk";0;0;0;0;in;3260088343;1708897798408843275;bangkrekan78;https://twitter.com/bangkrekan78/status/1709172791126512064
Tue Oct 03 11:44:16 +0000 2023;1709172511928418341;"*VIRALKAN 📢📢📢* Selamat *Untuk  Fahri  Lubis                          Dan Team  Advokasi Untuk Rempang🙏 dengan Berhasil  Membawa Permasalahan Rempang Ke Perserikatan Bangsa Bangsa (PBB )  Kini Rempang Sudah Menjadi Sorotan Dunia👍🇲🇨🇲🇨 Power Of Allah* https://t.co/MmsrcFfmiY";0;0;0;0;in;1645430784881483776;1709172511928418341;RompalMat50697;https://twitter.com/RompalMat50697/status/1709172511928418341
Tue Oct 03 11:44:06 +0000 2023;1709172471780569329;"#golkarindonesia #airlaggahartarto #golkal #prabowoairlangga #golkarprabowo #kunker #rempang https://t.co/TUNCM9Afv8";0;0;0;2;qme;1593882879842320386;1709172471780569329;bicarabangsa;https://twitter.com/bicarabangsa/status/1709172471780569329
Tue Oct 03 11:44:06 +0000 2023;1709172471684092295;"@DaengWahidin2 Rakyat rempang dan seluruh rakyat indonesia meeting bersama dijakarta diistana negara";0;0;0;0;in;1619307065998200835;1709127477539504449;BuanaJannah;https://twitter.com/BuanaJannah/status/1709172471684092295
Tue Oct 03 11:42:20 +0000 2023;1709172026748109010;"WARGA SEMBULANG CAMPING REMPANG YANG SUDAH PINDAH MANDIRI DIFASILITASI BP BATAM MINGGU, 01 OKTOBER 2023   @NinzExe07   #rempang #ecocity #IndonesiaMaju #membangunharapan #Kepri https://t.co/MN2qnA5Usp";0;0;0;0;in;1636699207926177792;1709172026748109010;bhinekaonekepri;https://twitter.com/bhinekaonekepri/status/1709172026748109010
Tue Oct 03 11:40:06 +0000 2023;1709171462693929386;"Same case rempang. Time rempang tgh panas out of nowhere media dorang naikkan isu ‘halo bandung’ padahal tgh ada konflik lagi teruk😂 and rakyatnya pon ikut sama la dungu lagi fokus kat isu ‘halo bandung’ dari isu rempang🤣 semudah itu je kena game dgn media sendiri🤣";0;1;0;0;in;880733675700199424;1709170380374777990;paeshhhh;https://twitter.com/paeshhhh/status/1709171462693929386
Tue Oct 03 11:36:44 +0000 2023;1709170614857285724;"@detikcom Ganyang marjinal Rempang ,kok' ingin lebih dekat dengan masyarakat 🤣🤣🤣";0;0;0;0;in;1684878879851450369;1709158854750076946;AryaPratam8468;https://twitter.com/AryaPratam8468/status/1709170614857285724
Tue Oct 03 11:36:00 +0000 2023;1709170432321233298;"@dwioktariyadi Kasug rempang?? Baru denger wkwk";0;0;0;0;in;1628311433665720320;1705812476783476762;Berani80544808;https://twitter.com/Berani80544808/status/1709170432321233298
Tue Oct 03 11:33:21 +0000 2023;1709169766437704067;"Jangan lupa  tanah warga melayu Rempang,itu milik mereka sejak abad 18. Lebih Baik Mati Berdiri Daripada Hidup Berlutut. Takkan Hilang Warga Melayu Di Bumi. “Diam kita ditindas, kita harus bergerak utk menyelamatkan Bangsa Negara Indonesia ini” https://t.co/BKlny6EJM9";0;0;8;7;in;1482600556669460485;1709169766437704067;ForRezim;https://twitter.com/ForRezim/status/1709169766437704067
Tue Oct 03 11:33:08 +0000 2023;1709169711387390044;"@hc_poirot Mundur aja pak dari pada disumpain warga rempang";0;0;0;0;in;1603714185640103937;1709105119969817063;RafidahSyafira;https://twitter.com/RafidahSyafira/status/1709169711387390044
Tue Oct 03 11:31:19 +0000 2023;1709169252232810957;"@sang5urya @AndiSinulingga lah terus sekarang permasalahan di rempang pemerintah ganti untung juga emang nya ?";0;0;0;2;in;1570077371386204160;1709091657160024518;ahmadd_alfi;https://twitter.com/ahmadd_alfi/status/1709169252232810957
Tue Oct 03 11:31:06 +0000 2023;1709169198579220784;"Soroti Konflik Pulau Rempang, Nusron Wahid: Apa Beda BP Batam dengan VOC? https://t.co/DAENRKyol8";0;0;1;0;in;118646322;1709169198579220784;Bisniscom;https://twitter.com/Bisniscom/status/1709169198579220784
Tue Oct 03 11:30:31 +0000 2023;1709169050633556321;"SATPOLAIRUD  POLRES REMBANG  Mengawasi dan memantau para nelayan yang sedang sandar Kapal dan bongkar ikan di Pelabuhan Perikanan  Pantai Tasikagung Rembang.  KASAT POLAIRUD POLRES REMBANG AKP SUKAMTO SH https://t.co/VVuiCVf9LA";0;0;0;0;in;953252507362340865;1709169050633556321;PolairJateng;https://twitter.com/PolairJateng/status/1709169050633556321
Tue Oct 03 11:30:00 +0000 2023;1709168923659374875;"Terungkap! Marwan Batubara Sebut Motif Tersembunyi Investasi China di Rempang  https://t.co/fP6Qbd0mj5";0;0;0;1;in;853782937782714368;1709168923659374875;radaraktual;https://twitter.com/radaraktual/status/1709168923659374875
Tue Oct 03 11:29:25 +0000 2023;1709168776976195700;"AIRLANGGA KUNJUNGI PULAU REMPANG #AirlanggaHartarto #GolkarIndonesia  #Golkar  #Golkarprabowo  #Prabowo https://t.co/2jzhIyM0Os";0;0;0;2;in;1691672926767239169;1709168776976195700;IndonesiaCerah_;https://twitter.com/IndonesiaCerah_/status/1709168776976195700
Tue Oct 03 11:27:24 +0000 2023;1709168266630111651;"@MOHDAHL01728541 @CNNIndonesia penguasaan lahan sampai 190 tahun itu bagus karena di tolak PKS  omnibus Law bagus karena di tolak PKS  pengusiran warga rempang adalah tindakan bagus karena di tetang PKS  pennbangan andesit ilegal di wadas itu bagus karena di tentang PKS  BBM naik itu bagus karena di tolak pks";0;1;0;0;in;1652673555337977856;1709057669204676761;doni22179;https://twitter.com/doni22179/status/1709168266630111651
Tue Oct 03 11:23:37 +0000 2023;1709167315508703398;"@eradotid Wahh bahaya tiba tiba menghilang gini kaya berita rempang juga tiba tiba ilang";0;0;0;0;in;375473860;1709147484004741141;puladhi;https://twitter.com/puladhi/status/1709167315508703398
Tue Oct 03 11:22:31 +0000 2023;1709167039401820514;"@FatraIncs @qwertyrm @KompasTV Rempang D jaman siapa..?? Deal2'an ny..";0;0;0;0;in;1332236953534701568;1708882988405317835;2TitikHitam;https://twitter.com/2TitikHitam/status/1709167039401820514
Tue Oct 03 11:21:34 +0000 2023;1709166801337377246;"Rempang d heboh kan... Tau tau Natuna was wes wos.. Ntar ketauan..pura pura kaget.. Hadeuh gini amat penyelengara negeri🙈";0;1;0;2;in;1065073322;1709166801337377246;SiPeNutur;https://twitter.com/SiPeNutur/status/1709166801337377246
Tue Oct 03 11:21:25 +0000 2023;1709166762087055595;"@AndiSinulingga Sepakat Logika berpikiran pas Bahwa daerah Rembang itu sudah di tempat sebelum Indonesia merdeka. Itu harus di makna sbg nilai2 luhur";0;0;0;0;in;4565960714;1709091657160024518;donkobar_a1;https://twitter.com/donkobar_a1/status/1709166762087055595
Tue Oct 03 11:21:18 +0000 2023;1709166733892972782;"7 KK pindah serentak he Hunian Sementara  #NKRI #Rempang #REC #IndonesiaMaju #7KK  #HUNIAN #Kepri https://t.co/7E9bfOcF1w";0;0;0;0;in;1636699207926177792;1709166733892972782;bhinekaonekepri;https://twitter.com/bhinekaonekepri/status/1709166733892972782
Tue Oct 03 11:20:53 +0000 2023;1709166626086781384;"“Putra KH. Maimoen Zubair, KH. Najih Maimoen Rembang nyatakan dukungannya untuk Pak Anies Baswedan”  Alhamdulillah ada KH. Idrus Ramli,  KH. Najih Maimoen, dan semoga  IBHRS , Aamiin 🤲❤ Yg onoh jgn usil atau julid, kan ada Miftah ma Abu Janda yg dukung jagoan kalian 🤭🤣🤣 https://t.co/BOuXuzxzQ9";1;6;93;288;in;1603276472814567425;1709166626086781384;AnKiiim_;https://twitter.com/AnKiiim_/status/1709166626086781384
Tue Oct 03 11:17:12 +0000 2023;1709165701691580905;"Aneh!!!!, proyek Rempang ini ditolak pelbagai elemen masyarakat sipil, NU, Muhammadiyah, MUI dan banyak anggota DPR. Jadi pemerintah ini bekerja untuk siapa sih???";0;0;0;1;in;307802789;1709165701691580905;AhmedDzakirin;https://twitter.com/AhmedDzakirin/status/1709165701691580905
Tue Oct 03 11:17:01 +0000 2023;1709165655487078681;"Rame-rame Proyek Strategi Nasional (PSN) di Rempang, sebenarnya ada apa ya?  Episode 1 Siaga Bicara mengundang Dewi Kartika, Sekjen KPA untuk berbicara mengenai penggusuran di Pulau Rempang.  Selengkapnya di: https://t.co/Qpa6QFE4VK  #RempangEcoCity #PSN #Penggusuran #SiagaBicara";0;0;3;5;in;258629268;1709165655487078681;elsamnews;https://twitter.com/elsamnews/status/1709165655487078681
Tue Oct 03 11:15:39 +0000 2023;1709165310971166725;"Yg gresik aja mangkrak..eh mau d rempang.. Anak SmP ja tau ada yg g beres... Ada ada aja emang opung n bahlul dkk nih😀🤣🤣 Buldozer dah";0;1;2;2;in;1065073322;1709165310971166725;SiPeNutur;https://twitter.com/SiPeNutur/status/1709165310971166725
Tue Oct 03 11:15:13 +0000 2023;1709165200929333410;"BAHLIL NGIBUL LAGI! PROYEK REMPANG GAK ADA HPL &amp  AMDAL. TAPI NEKAT GUSUR... https://t.co/L4pe0ZEu4v via @YouTube";0;0;0;1;in;1529100651934138370;1709165200929333410;NNgambang;https://twitter.com/NNgambang/status/1709165200929333410
Tue Oct 03 11:14:08 +0000 2023;1709164927213322456;"Sosialisasi dan pendataan terhadap warga terdampak proyek pengembangan Rempang Eco-City masih terus berlangsung. Menurut data BP Batam sudah ada 300 KK yang bersedia dari sekitar 900 KK.  Source : https://t.co/ifpM89qaS9  #Rempang #NKRI #RempangEcoCity https://t.co/DrrRlSDoLl";0;0;0;0;in;1636699207926177792;1709164927213322456;bhinekaonekepri;https://twitter.com/bhinekaonekepri/status/1709164927213322456
Tue Oct 03 11:12:37 +0000 2023;1709164547368779777;"NCW Sebut Eco City Rempang Belum Selesaikan Studi  https://t.co/OCsc3GRCio";0;0;0;0;in;745849790332805121;1709164547368779777;ivooxid;https://twitter.com/ivooxid/status/1709164547368779777
Tue Oct 03 11:09:39 +0000 2023;1709163798886846703;"@akuudagede Yg jelas bukan d Rempang";0;0;0;0;in;1526926932721680384;1709150288475725996;id_chocovlad;https://twitter.com/id_chocovlad/status/1709163798886846703
Tue Oct 03 11:07:59 +0000 2023;1709163380244934933;"@OctaviaAtsila skenario siapa kalau yg di rempang?? https://t.co/XSMLpTAuJm";0;0;0;0;in;1605389536473022465;1709158543176474969;tishaputrie;https://twitter.com/tishaputrie/status/1709163380244934933
Tue Oct 03 11:06:31 +0000 2023;1709163010772849117;"@Kucing_Lawak junjungan anda vs konflik rempang  https://t.co/XSMLpTAuJm";0;0;0;0;in;1605389536473022465;1709156253132595624;tishaputrie;https://twitter.com/tishaputrie/status/1709163010772849117
Tue Oct 03 11:06:21 +0000 2023;1709162969144418599;"@nashirr27 @DivHumas_Polri @addtaufiq @AhlulQohwah @Aryprasetyo85 @03__nakula @007koteka @ilmi_roudhotul @tolakbigotnkri @MangJamet @seeksixsuck @Paltiwest HTI sama sekali tidak punya andil dalam perjuangan kemerdekaan dan merintis berdirinya NKRI. Namun anehnya, organisasi inilah yang paling getol ingin merobohkan sendi-sendi NKRI dan menggantinya dengan khilafah serta membuat isu tentang sengketa tanah di Rempang.";0;0;0;0;in;1655156591514238977;1705827346769747988;ardiyuzar0;https://twitter.com/ardiyuzar0/status/1709162969144418599
Tue Oct 03 11:04:42 +0000 2023;1709162556068102307;"Penyerobotan Tanah Warga Rempang, Nusron Wahid: Apa Bedanya BP Batam dengan VOC? https://t.co/noTk6N121T";0;0;0;0;in;1662344532627976192;1709162556068102307;geloradotnews;https://twitter.com/geloradotnews/status/1709162556068102307
Tue Oct 03 11:04:28 +0000 2023;1709162494303060259;"Negara tdk bisa membedakan mana tanah yg bisa di akui sebagai tanah negara dan mana yg tidak   BP Batam di kasus #Rempang sdh seperti VOC   *Kawal terus kasus Rempang dan penyerobotan lahan oleh pemerintah di seluruh wilayah NKRI https://t.co/nYJ0hBFipt";8;11;145;217;in;1369949963690549248;1709162494303060259;never_alonely;https://twitter.com/never_alonely/status/1709162494303060259
Tue Oct 03 11:04:04 +0000 2023;1709162395866702206;"Penyerobotan Tanah Warga Rempang, Nusron Wahid: Apa Bedanya BP Batam dengan VOC? https://t.co/dVAxKNf01p";0;0;0;0;in;1466815910518263808;1709162395866702206;idtodaycoid;https://twitter.com/idtodaycoid/status/1709162395866702206
Tue Oct 03 11:03:53 +0000 2023;1709162348592902576;"Kekhawatiran yang menyelimuti penduduk Pulau Rempang belum padam.   Sebab, Badan Pengusahaan (BP) Batam tetap melanjutkan rencana relokasi penduduk yang terkena dampak pembangunan Rempang Eco-City.  #KoranTempo  https://t.co/DUF5lIpbpc";9;17;271;411;in;20963426;1709162348592902576;korantempo;https://twitter.com/korantempo/status/1709162348592902576
Tue Oct 03 11:01:50 +0000 2023;1709161832001257824;"Penyerobotan Tanah Warga Rempang, Nusron Wahid: Apa Bedanya BP Batam dengan VOC? https://t.co/BCADeGzzhQ https://t.co/UZHJ9OIRtC";0;0;0;0;in;1592886017446793218;1709161832001257824;polhukamid_;https://twitter.com/polhukamid_/status/1709161832001257824
Tue Oct 03 11:00:30 +0000 2023;1709161497006584288;"Keren nih mas nusron wahid bicara ttg rempang. https://t.co/0pHYFBqLZn";17;27;242;788;in;312049767;1709161497006584288;UmarSyadatHsb__;https://twitter.com/UmarSyadatHsb__/status/1709161497006584288
Tue Oct 03 11:00:27 +0000 2023;1709161483647791378;"Penyerobotan Tanah Warga Rempang, Nusron Wahid: Apa Bedanya BP Batam dengan VOC? https://t.co/gOyccM2gTF";2;9;84;156;in;887743587579944960;1709161483647791378;OposisiCerdas;https://twitter.com/OposisiCerdas/status/1709161483647791378
Tue Oct 03 10:59:09 +0000 2023;1709161157104464330;"@OmJ_JeNggot @alfatih212426 Rakyat Rempang Jangan mau di GESER apalagi di GUSUR.. Resiko makelar tanah yg sdh menjual Tanah tersebut tanpa persetujuan lebih dahulu kepada pemilik tanah Rempang. Rakyat harus melawan para makelar tanah siapa pun yg telah menjual tersebut… Kok enak ya jual2 tanah orang.. ✊💪";0;0;0;2;in;1603565470493609984;1707984157597708667;Suprio1Abdullah;https://twitter.com/Suprio1Abdullah/status/1709161157104464330
Tue Oct 03 10:58:59 +0000 2023;1709161118445555980;"Kunjungan airlangga di pulau rempang#airlanggahartarto #partaigolkar #golkarindonesia #golkarprabowo #prabowo https://t.co/8UEFeg5JcV";0;0;0;1;in;1606010011238666240;1709161118445555980;bangsa_radar;https://twitter.com/bangsa_radar/status/1709161118445555980
Tue Oct 03 10:57:39 +0000 2023;1709160782729277733;"@geloraco Menteri bahlul  itu harus mundur sdh menyusahksm masyarakat  dgn segala tipu daya pd mafyarakat rempang ....yg ternyata belum ada sertifikat izin dam Amdal dan nenaksakan masyarakat Rempang pindah dgn cara kasar dan  penidasan";0;0;0;1;in;1566122619711004672;1709009661792518324;wawo_rizal;https://twitter.com/wawo_rizal/status/1709160782729277733
Tue Oct 03 10:56:12 +0000 2023;1709160416549785848;"Konflik Rempang Eco-city Berlajut, Giliran Nelayan Tradisional Tolak Investasi #TempoNasional https://t.co/0YxYrjcGLm";2;4;175;288;in;18129942;1709160416549785848;tempodotco;https://twitter.com/tempodotco/status/1709160416549785848
Tue Oct 03 10:54:21 +0000 2023;1709159948675129417;""PSN Rempang" diduga obyek KKN  berisi " Persengkongkolan Jahat 'Investadi Bodong' " ⁉️";0;1;2;6;in;1530489102180958208;1709159948675129417;EdiKeceput2;https://twitter.com/EdiKeceput2/status/1709159948675129417
Tue Oct 03 10:51:29 +0000 2023;1709159229930553609;"Kepolisian didesak membebaskan 30 warga yang terlibat unjuk rasa terkait konflik agraria di Pulau Rempang. Sejumlah warga yang ditahan itu merupakan tulang punggung keluarga. #Nusantara #AdadiKompas  https://t.co/9Um0T5qP3H";0;0;0;0;in;79237556;1709159229930553609;kompasmuda;https://twitter.com/kompasmuda/status/1709159229930553609
Tue Oct 03 10:46:54 +0000 2023;1709158074752385436;"Preman Bubarkan Aksi HMI Bela Rempang di Kementerian Investasi, GPI: Itu Tindakan Barbar https://t.co/yS0of8kD4L";0;0;0;1;in;1225432911899324419;1709158074752385436;RepelitaO;https://twitter.com/RepelitaO/status/1709158074752385436
Tue Oct 03 10:46:17 +0000 2023;1709157921819615319;"Kehangatan Airlangga di Rempang  #airlanggahartarto #golkarindonesia #kunjungan #dialog #masyarakat #tanjungbanon #pulaurempang #kotabatam #provinsi #kepulauanriau #rempang #batam #indonesia   AKU MENCINTAI KALIAN SEMUA https://t.co/wwCDMyQwTi";0;0;0;3;in;1539268976995631104;1709157921819615319;MilenialSamaAH;https://twitter.com/MilenialSamaAH/status/1709157921819615319
Tue Oct 03 10:45:26 +0000 2023;1709157704705396951;"Kepolisian didesak membebaskan 30 warga yang terlibat unjuk rasa terkait konflik agraria di Pulau Rempang. Sejumlah warga yang ditahan itu merupakan tulang punggung keluarga. #Nusantara #AdadiKompas  https://t.co/Oz0NNnH0K5";0;0;0;0;in;155456716;1709157704705396951;KompasKlasika;https://twitter.com/KompasKlasika/status/1709157704705396951
Tue Oct 03 10:44:22 +0000 2023;1709157438757515668;"@qwertyrm @KompasTV Rempang. Wadas. Tolol lu";0;0;0;0;in;3170866136;1708882988405317835;cinta_zid;https://twitter.com/cinta_zid/status/1709157438757515668
Tue Oct 03 10:42:28 +0000 2023;1709156961781268866;"Setelah pak Prabowo bergabung dg rezim apakah berkurang ketidakadilannya? Beliau bilang bergabung dg rezim agar bisa berjuang dari dalam krn kalau oposisi tdk signifikan. Tapi hasilnya sama saja. Yg terbaru kasus Rempang 😫";0;0;1;9;in;1603532910682071041;1709156961781268866;Wiparayudha;https://twitter.com/Wiparayudha/status/1709156961781268866
Tue Oct 03 10:41:32 +0000 2023;1709156726958858395;"Soal Rempang, Muslim Arbi Desak Menteri Bahlil dan Panglima TNI Mundur https://t.co/4GoBOqKjGS";0;0;0;0;in;1225432911899324419;1709156726958858395;RepelitaO;https://twitter.com/RepelitaO/status/1709156726958858395
Tue Oct 03 10:40:39 +0000 2023;1709156500814651444;"Ssstts..! Bahlil Ungkap Peran Tomy Winata di Proyek Rempang https://t.co/ApsVNyYYz0";0;0;0;0;in;1225432911899324419;1709156500814651444;RepelitaO;https://twitter.com/RepelitaO/status/1709156500814651444
Tue Oct 03 10:40:26 +0000 2023;1709156447471198300;"Penyerobotan Tanah Warga Rempang, Nusron Wahid: Apa Bedanya BP Batam dengan VOC?  https://t.co/fCzGC1zUwa";0;0;0;0;in;1636627729675337734;1709156447471198300;posaktualcom;https://twitter.com/posaktualcom/status/1709156447471198300
Tue Oct 03 10:38:20 +0000 2023;1709155919173706149;"Masih melawan #Rempang Presiden @jokowi ? https://t.co/r2ReeXntlc";0;0;0;0;in;1641301418899537922;1709155919173706149;AdvBudi72Gar;https://twitter.com/AdvBudi72Gar/status/1709155919173706149
Tue Oct 03 10:37:40 +0000 2023;1709155751632175473;"Penyerobotan Tanah Warga Rempang, Nusron Wahid: Apa Bedanya BP Batam dengan VOC? https://t.co/g0m2Gva9IB";11;38;279;649;in;3319260420;1709155751632175473;geloraco;https://twitter.com/geloraco/status/1709155751632175473
Tue Oct 03 10:33:06 +0000 2023;1709154602422284664;"Nah! Tipu-tipu demi investasi. Sampai harus menggusur atau mengusir ribuan warga Rempang? https://t.co/AD8xv2MXBK";0;0;3;3;in;1113325134645846016;1709154602422284664;toplevel_view;https://twitter.com/toplevel_view/status/1709154602422284664
Tue Oct 03 10:32:02 +0000 2023;1709154333021880347;"Kepolisian didesak membebaskan 30 warga yang terlibat unjuk rasa terkait konflik agraria di Pulau Rempang. Sejumlah warga yang ditahan itu merupakan tulang punggung keluarga. #Nusantara #AdadiKompas    https://t.co/kgI8z718sj";0;0;2;3;in;255866913;1709154333021880347;hariankompas;https://twitter.com/hariankompas/status/1709154333021880347
Tue Oct 03 10:32:00 +0000 2023;1709154326135071191;"DPR Minta Bahlil Lahadalia dan Muhammad Rudi Selesaikan Konflik Rempang secara Humanis https://t.co/T6bYy1Otc2";0;0;0;0;in;1225432911899324419;1709154326135071191;RepelitaO;https://twitter.com/RepelitaO/status/1709154326135071191
Tue Oct 03 10:31:49 +0000 2023;1709154281298051531;"Preman Bubarkan Aksi HMI Bela Rempang di Kementerian Investasi, GPI: Itu Tindakan Barbar - https://t.co/1DvPXJl6Vy";0;0;0;0;in;959859070575394816;1709154281298051531;Ponorogo_Berkah;https://twitter.com/Ponorogo_Berkah/status/1709154281298051531
Tue Oct 03 10:31:34 +0000 2023;1709154216349184234;"Ini Kabar 35 Warga Didemo Rempang yang Belum Dibebaskan https://t.co/cpMf1yNCd7";0;0;0;0;in;1225432911899324419;1709154216349184234;RepelitaO;https://twitter.com/RepelitaO/status/1709154216349184234
Tue Oct 03 10:30:08 +0000 2023;1709153856213631136;"Bahlil Ungkap Warga Rempang Bakal Relokasi Mandiri https://t.co/dBpFLqYg21 lewat @YouTube";0;0;0;0;in;115936810;1709153856213631136;tribunpontianak;https://twitter.com/tribunpontianak/status/1709153856213631136
Tue Oct 03 10:29:14 +0000 2023;1709153631071764522;"@SeriDianawati @Gr4sssss @ghezi19 @sabar_setiabudi @Budi6gmail32922 @MOHDAHL01728541 Soal ijazah sembunyi tangan. Soal Utang berpangku tangan. Koruptor kaki tangannya. Soal Rempang lepas tangan. Soal Food estate cuci tangan.   Siapa dia? Pasti Sudah tahu semuanya.";0;2;0;0;in;1645430784881483776;1709146378369409126;RompalMat50697;https://twitter.com/RompalMat50697/status/1709153631071764522
Tue Oct 03 10:28:06 +0000 2023;1709153344126927285;"@tvOneNews rempang...itu jelas proyek titipan Tiongkok......hayo mau ngelak gimana?";0;0;0;0;in;2203997504;1708787217106448517;hardysk82;https://twitter.com/hardysk82/status/1709153344126927285
Tue Oct 03 10:28:05 +0000 2023;1709153338313650395;"@angkasaprabu89 @Humairah_922 Apa kabr Wadas, Rempang Galang, Kalbar, Kendeng, Morowali, Jambi, dll?  Masih aja kau bangga dengan para perampok uang rakyt itu?";0;1;0;0;in;1279191410172850177;1708793773298516111;Daud19761;https://twitter.com/Daud19761/status/1709153338313650395
Tue Oct 03 10:26:56 +0000 2023;1709153049304867100;"@hc_poirot Bahlil mundur... yg lebih bahlul bakal maju dan pada akhirnya..., REMPANG lah yg tetap akan terusir. Bos si bahlil sih yg harus agak di tekan biar otak nya ada nge belain Rempang   #rempang";0;0;0;0;in;1575046236;1709105119969817063;Muh_N_UD;https://twitter.com/Muh_N_UD/status/1709153049304867100
Tue Oct 03 10:26:53 +0000 2023;1709153036617343002;"Gak ngikuti berita? Wadas, Morowali, Rempang, dll.... Kalau sudah lurus, pasti tak akan ada gejolak";0;0;0;0;in;1670332915916615681;1709153036617343002;magekjabang;https://twitter.com/magekjabang/status/1709153036617343002
Tue Oct 03 10:25:39 +0000 2023;1709152727987859546;"@opposite6892 tampang sdh persis londo ireng , itu pengkhianat bangsa. @bahlillahadalia  nantinbuku sejarah yg akan datang , dia akan  tertulis sbg pengkhianat &amp  penindas rakyat. yg malu anak cucu keturunannya. dia semangat banget ngegusur eh ngegeser rakyat Rempang. kira2 dpt cuan brp ya ?";0;0;0;0;in;1228610985876803584;1706721227535270303;Vito69496691;https://twitter.com/Vito69496691/status/1709152727987859546
Tue Oct 03 10:25:13 +0000 2023;1709152620840136786;"@narkosun Rempang itu jelas proyek titipan,krn dijadikan mangkrak slama 18 tahun dan br april 2023 dijadikan PSN stlh ada pertrmuan TW DGN MENKO PEREKONOMIAN AIR LANGGA";0;0;0;0;in;2463516638;1708967107734782339;Zhenazen1030;https://twitter.com/Zhenazen1030/status/1709152620840136786
Tue Oct 03 10:24:24 +0000 2023;1709152413926752503;""Pak Jokowi Mana Janji Sertifikat Kami" bunyi salah satu spanduk penolakan relokasi saat Kepala BP Batam berkunjung ke Pulau Rempang. https://t.co/MKrXa0cGF6";0;1;1;9;in;18129942;1709152413926752503;tempodotco;https://twitter.com/tempodotco/status/1709152413926752503
Tue Oct 03 10:21:21 +0000 2023;1709151645316329909;"Inilah yg saya twittkan sejak awal tragedi rempang muncul,gaungkan secara internasional. Ini juga yg saya twittkan ke rekan perjuangan pulau komodo untuk menggaungkan secara internasional https://t.co/dmBS9fwNqJ";0;0;2;7;in;1683865941652942848;1709151645316329909;jokodok_penipu;https://twitter.com/jokodok_penipu/status/1709151645316329909
Tue Oct 03 10:21:20 +0000 2023;1709151642187374981;"Ibu Yuliana, salah satu warga #rempang yang secara sukarela bersedia direlokasi dalam mendukung proyek Rempang Eco -City. . #investasiuntukrakyat #galang #rempang #kepri https://t.co/pTGX6Sst2n";0;0;0;0;in;1694263923544035328;1709151642187374981;rempang_04;https://twitter.com/rempang_04/status/1709151642187374981
Tue Oct 03 10:20:49 +0000 2023;1709151511924928853;"DPR Minta Bahlil Lahadalia dan Muhammad Rudi Selesaikan Konflik Rempang secara Humanis https://t.co/OqJPKP9DFj";0;0;0;0;in;1599916743748890624;1709151511924928853;KLIIKBAIIT;https://twitter.com/KLIIKBAIIT/status/1709151511924928853
Tue Oct 03 10:18:15 +0000 2023;1709150864588538265;"Semoga saodara rempang galang bisa hidup tenang dan damai seperti dulu https://t.co/VxSEJWlXv2";0;0;0;1;in;1557744809602740224;1709150864588538265;lombok_skcl;https://twitter.com/lombok_skcl/status/1709150864588538265
Tue Oct 03 10:16:07 +0000 2023;1709150330221707657;"@PutihCongor @SangLangit01 @Hu5n4f412f424 Pp menyarankan menghadiri apel siaga, Kokam yogya tidak mengirimkan personal... Perbedaan pandangan dong.....? Terkait rempang dan syukuran IKN";0;1;0;1;in;1185454890;1708756012638101703;jadiwidodo;https://twitter.com/jadiwidodo/status/1709150330221707657
Tue Oct 03 10:15:46 +0000 2023;1709150239461097620;"Ustadz Bachtiar Nasir bocorkan dukungan Umat untuk Capres 2024. Menurutnya Anies, Ganjar, Prabowo jangan menjadi teladan kemusyrikan.  . Saksikan selengkapnya di youtube Abraham Samad SPEAK UP. . https://t.co/0x6etwHgqu . #AbrahamSamad #pilpres2024 #ustadzbactiarnasir #rempang https://t.co/RWN3y4yQQU";0;1;0;17;in;949066047243436032;1709150239461097620;AbrSamad;https://twitter.com/AbrSamad/status/1709150239461097620
Tue Oct 03 10:13:49 +0000 2023;1709149751315436011;"@tvOneNews Biar Bahlil jadi Bahlul terus kembali jadi Bahlil lagi, rakyat gak akan jual Rempang";0;0;0;0;in;912692135446536192;1709027628488028280;Mas_zobirin;https://twitter.com/Mas_zobirin/status/1709149751315436011
Tue Oct 03 10:07:12 +0000 2023;1709148085728022569;"Rempang Mendunia ‼️ Teruslah Bersuara... Tak'kan Melayu Hilang Di Bumi. Cc @bahlillahadalia @jokowi @luhut_binsar @erickthohir @bpbatam  #SaveRempang  #SaveRempang https://t.co/0SEnCejUpt";15;14;407;571;in;929287558281830400;1709148085728022569;yaniarsim;https://twitter.com/yaniarsim/status/1709148085728022569
Tue Oct 03 10:06:26 +0000 2023;1709147891686859159;"Menolak lupa  Mereka ingin segera mencabut izin lingkungan yang dikeluarkan oleh @ganjarpranowo  dan menghentikan kegiatan penambangan karst oleh pabrik semen yang dinilai merusak lingkungan   @Gus_Raharjo #rembang non #prabowo https://t.co/9PTTFWotyA";0;1;3;2;in;1347158496278581248;1709147891686859159;ujangdahmid;https://twitter.com/ujangdahmid/status/1709147891686859159
Tue Oct 03 10:00:02 +0000 2023;1709146281229103606;"Bahlil Tukang Tipu! Proyek Rempang Belum Kantongi AMDAL!  https://t.co/KAv0yBSHyy";1;0;1;4;in;853782937782714368;1709146281229103606;radaraktual;https://twitter.com/radaraktual/status/1709146281229103606
Tue Oct 03 10:00:01 +0000 2023;1709146277760672211;"Menko Airlangga Jamin Pergeseran Pemukiman Warga Rempang Aman dan Berkelanjutan  https://t.co/2cj6DmC7or";0;0;3;0;in;1953620240;1709146277760672211;politiknesiacom;https://twitter.com/politiknesiacom/status/1709146277760672211
Tue Oct 03 09:58:29 +0000 2023;1709145889934340513;"@GomarusBudiatn4 @tvOneNews @jokowi Ini kenyataannya: 1. Rempang=ribut macam masalah 2. KCIC=biaya membengkak, pakai APBN, Bunga naik 3. IKN=HGU 190 th. 4. BTS=Korupsi Menteri pem. Jokowi 5. Tol=Korupsi 6. Wadas=problem dg warga 7. Food estate=gagal  Masih banyak lagi nih...";0;0;0;0;in;1603768816189988865;1708980841375056337;rangkutifuat;https://twitter.com/rangkutifuat/status/1709145889934340513
Tue Oct 03 09:56:37 +0000 2023;1709145419517997401;"Gegara liat video ini saya jadi ingat warga Rempang https://t.co/A3JxVuoWu2";0;0;0;0;in;1630034258944303104;1709145419517997401;SulbenSiagian;https://twitter.com/SulbenSiagian/status/1709145419517997401
Tue Oct 03 09:53:13 +0000 2023;1709144566946017422;"Bismillah  Belasan warga Rempang Ibu² &amp  anaknya didampingi Tim advokat Ke Mapolresta Barelang.  Mereka kesana mengajukan permohonan pembebasan 30 orang keluarganya yg ditahan Polisi, yg terakhir kabarnya sdh dijadikan tersangka (03/10/2023)  Astaghfirullah 😔  #SaveRempangBatam https://t.co/O58HIHS422";3;4;282;379;in;1651123026203901952;1709144566946017422;NinzExe07;https://twitter.com/NinzExe07/status/1709144566946017422
Tue Oct 03 09:50:58 +0000 2023;1709144001327304802;"DPR Minta Bahlil Lahadalia dan Muhammad Rudi Selesaikan Konflik Rempang secara Humanis  Selasa Whoosh APBN Prabowo Takut Debat Fraksi PKS Macan Dear J Kades Laos Amanda Manopo Jodie Hamil Miftah Denny Caknan Enzy #AniesMuhaimin2024 #TembakauDizalimi https://t.co/tPjW2Tc7Km";0;0;0;0;in;1685673696911069184;1709144001327304802;wan_heartnews;https://twitter.com/wan_heartnews/status/1709144001327304802
Tue Oct 03 09:50:27 +0000 2023;1709143868640559130;"Ini Kabar 35 Warga Didemo Rempang yang Belum Dibebaskan  Selasa Whoosh APBN Prabowo Takut Debat Fraksi PKS Macan Dear J Kades Laos Amanda Manopo Jodie Hamil Miftah Denny Caknan Enzy #AniesMuhaimin2024 #TembakauDizalimi https://t.co/gewbHCU2M2";0;0;0;0;in;1685673696911069184;1709143868640559130;wan_heartnews;https://twitter.com/wan_heartnews/status/1709143868640559130
Tue Oct 03 09:49:42 +0000 2023;1709143681394266581;"@ganjarpranowo Pak Ganjar besok Jateng dibikin ya pak Jogja Semarang Cilacap Solo Rembang Tegal Pemalang biar semua bisa wooosh";0;0;0;0;in;1597093287034134528;1709101287449788572;Aa__manah;https://twitter.com/Aa__manah/status/1709143681394266581
Tue Oct 03 09:49:38 +0000 2023;1709143663073542628;"@rmol_id Yg warga asli rempang adem ayem, yg jauh disana pada ribut. Seperti kasus proyek Semen Gresik di Ds Tegaldowo kab  Rembang Jateng. Warga Tegaldowo pada senang karena ganti Untung, Yg demo Waga kab Pati Jateng. 😀😀😀😀";0;0;0;1;in;1587513970000547841;1708837185653547418;utomo_suheri;https://twitter.com/utomo_suheri/status/1709143663073542628
Tue Oct 03 09:48:57 +0000 2023;1709143489970340068;"Menolak Konsultasi AMDAL, Warga Pulau Rempang Bentangkan Spanduk Penolakan: Kami Menangis!  Selasa Whoosh APBN Prabowo Takut Debat Fraksi PKS Macan Dear J Kades Laos Amanda Manopo Jodie Hamil Miftah Denny Caknan Enzy #AniesMuhaimin2024 #TembakauDizalimi https://t.co/FctyIX4Zx9";0;0;0;0;in;1685673696911069184;1709143489970340068;wan_heartnews;https://twitter.com/wan_heartnews/status/1709143489970340068
Tue Oct 03 09:48:47 +0000 2023;1709143450808115357;"Harus Pak Jokowi yg blusukan langsung ke Rempang, agar jadi legacy yg baik diakhir periode..";0;0;0;0;in;429940611;1709143450808115357;abrarrahman2024;https://twitter.com/abrarrahman2024/status/1709143450808115357
Tue Oct 03 09:48:17 +0000 2023;1709143325608210725;"MENOLAK LUPA   Rembang, disana rakyat rembang demo berjilid jilid kepada gubernur  @ganjarpranowo  tidak ada respon   Orang macam ini kok mau nyapres @Gus_Raharjo   #rembang #semen https://t.co/7OUK4NqZIV";1;0;1;1;in;1347158496278581248;1709143325608210725;ujangdahmid;https://twitter.com/ujangdahmid/status/1709143325608210725
Tue Oct 03 09:43:56 +0000 2023;1709142227950440714;"#TemanPemilih KPU Kabupaten Rembang menerima pengajuan perubahan rancangan Daftar Calon Tetap (DCT) Anggota DPRD Kabupaten Rembang pada Pemilu serentak Tahun 2024 oleh Partai Politik peserta Pemilu di Kabupatan Rembang, Selasa (3/10/23)  #kpumelayani #pemiluserentak2024 https://t.co/Iq3k0rwEIN";0;0;0;0;in;1372767476564389892;1709142227950440714;KPUKabRembang;https://twitter.com/KPUKabRembang/status/1709142227950440714
Tue Oct 03 09:43:42 +0000 2023;1709142172539441538;"#TemanPemilih KPU Kabupaten Rembang menerima pengajuan perubahan rancangan Daftar Calon Tetap (DCT) Anggota DPRD Kabupaten Rembang pada Pemilu serentak Tahun 2024 oleh Partai Politik peserta Pemilu di Kabupatan Rembang, Selasa (3/10/23)  #kpumelayani #pemiluserentak2024 https://t.co/dGwizGnnva";0;0;0;0;in;1372767476564389892;1709142172539441538;KPUKabRembang;https://twitter.com/KPUKabRembang/status/1709142172539441538
Tue Oct 03 09:41:34 +0000 2023;1709141635844755490;"Konflik Rempang Eco City Terus Berlanjut, Nelayan Menolak https://t.co/P9M6FRnY2g";0;0;1;1;in;1216815734233264128;1709141635844755490;IDNTimesSumut;https://twitter.com/IDNTimesSumut/status/1709141635844755490
Tue Oct 03 09:39:00 +0000 2023;1709140989750001858;"@Dwynna_Win "apa analisismu terhadap kebijakan pulau rempang? adakah kaitannya dengan perang di kawasan laut utara?"";0;0;0;0;in;1579682861594337281;1709072682866913497;MasElon62;https://twitter.com/MasElon62/status/1709140989750001858
Tue Oct 03 09:38:44 +0000 2023;1709140920858472639;"@CNNIndonesia Justru dpr harus bikin panja untuk rempang apakah sudah bener";0;0;0;0;in;1576443177493442562;1708999337672585277;AuliaHikmatull4;https://twitter.com/AuliaHikmatull4/status/1709140920858472639
Tue Oct 03 09:36:36 +0000 2023;1709140382725120124;"@temponewsroom Presiden harus berani..tidak mau diatur negara lain.. Lah itu Rempang.. kok manut sama cina Lah IKN kok nurut teken hgu 190 thn.. Kereta cepat hrs pke Apbn.. kok nurut ja.. dimana beraninya ??";0;0;0;2;in;103738928;1709065855861153950;abinandar2003;https://twitter.com/abinandar2003/status/1709140382725120124
Tue Oct 03 09:36:33 +0000 2023;1709140369571803481;"🙏pak Nusron🙂👍 Rempang Galang Rambu Anarki 🙏 @iwanfals 🤲🙂🇮🇩 bukan ujung aspal pondok gede lagi...tapi pulau mo dijual manusia 1/2 gila.. #UsirTKAChinaUnfaedah  #UsirTKAChinaUnfaedah";0;0;1;5;in;1604019750874812417;1709140369571803481;FitraYouse;https://twitter.com/FitraYouse/status/1709140369571803481
Tue Oct 03 09:35:56 +0000 2023;1709140216290869748;"@bobby_risakotta Rakyat rempang gimana???";0;0;0;0;in;1605556221381324800;1708819074569117702;Hashas_TM81;https://twitter.com/Hashas_TM81/status/1709140216290869748
Tue Oct 03 09:34:53 +0000 2023;1709139954021138807;"@CarolinaDa2675 Contoh rempang amdalnya belum ada";0;0;0;0;in;1693442322753851392;1709121785671905754;filo020696;https://twitter.com/filo020696/status/1709139954021138807
Tue Oct 03 09:34:34 +0000 2023;1709139870638313751;"Mensejahterakan masyarakatnya - #Rempang  #indonesia #IndonesiaMaju  - - https://t.co/sJfH24C6qW";0;0;0;0;in;2928054043;1709139870638313751;siskafardan1;https://twitter.com/siskafardan1/status/1709139870638313751
Tue Oct 03 09:31:41 +0000 2023;1709139146814730540;"Kembali ke Rempang  Semoga saudara²ku baik2 saja disana.";0;0;0;0;in;1092958177;1709139146814730540;pandandjati;https://twitter.com/pandandjati/status/1709139146814730540
Tue Oct 03 09:31:29 +0000 2023;1709139096130781292;"@hc_poirot Nampaknya, Opsi Mundur itu lebih baik' dan Sangat Cocok Utk Pak Bahlil yang Bahlul....  Terimakasih, teman2 Anggota DPR RI, yg telah menyambung lidah bagi Saudara-saudaraku di Rempang-Batam. Semoga Proyek Investasi di Rempang-Batam di Batalkan...";0;0;0;0;in;1676702884665393152;1709105119969817063;KhairulFat87870;https://twitter.com/KhairulFat87870/status/1709139096130781292
Tue Oct 03 09:30:24 +0000 2023;1709138824834810161;"@narkosun Rempang.....";0;0;0;0;in;1605556221381324800;1708967107734782339;Hashas_TM81;https://twitter.com/Hashas_TM81/status/1709138824834810161
Tue Oct 03 09:27:52 +0000 2023;1709138187896156211;"@CNNIndonesia Yang tegang cuma adek-kakak dari rembang doang,yg laennya sih woless ae";0;0;0;1;in;1924427556;1709065848932163863;siivanf;https://twitter.com/siivanf/status/1709138187896156211
Tue Oct 03 09:27:11 +0000 2023;1709138014889488550;"@AndiSinulingga Keren,, baru kali ini sy kagum sama baoka ini,,  Bela rempang";0;0;0;0;in;1657769430934523906;1709091657160024518;PetaniSawitKT;https://twitter.com/PetaniSawitKT/status/1709138014889488550
Tue Oct 03 09:27:04 +0000 2023;1709137986347278433;"Kiai Enha: AWAS!!! ADA HTI MENUNGGANGI KASUS REMPANG  Full Video Youtube: https://t.co/5wLlaAMVSS https://t.co/XxezyEp0ca";0;1;1;2;in;1255809157099163650;1709137986347278433;cokro_tv;https://twitter.com/cokro_tv/status/1709137986347278433
Tue Oct 03 09:26:28 +0000 2023;1709137834215661701;"@opposite6892 Di Rempang, TNI &amp  Polri gak berantem koq. Malah bersatu padu utk tujuan "Memiting"..?  https://t.co/QpWGsP9rhq";0;0;0;0;in;280298505;1708833619316531489;repoeblikan;https://twitter.com/repoeblikan/status/1709137834215661701
Tue Oct 03 09:25:35 +0000 2023;1709137611229655063;"Xinyi Garap 10 Proyek Rp174 Triliun di Pulau Rempang, Ini Daftarnya https://t.co/1lsddQOCk1";0;0;1;2;in;118646322;1709137611229655063;Bisniscom;https://twitter.com/Bisniscom/status/1709137611229655063
Tue Oct 03 09:24:45 +0000 2023;1709137402357539131;"Selasa Sore Nusron Wahid : Apa bedanya BP BATAM dg VOC ‼️  X ini sy sangat" sependapat dengan kang Ucon 🔥 - 2 Oktober #PemimpinCerdas #SaveRempangBatam #Rempang #Rempang #SaveRempang #AniesMuhaimin2024 #AMINIndonesiaLebihBaik #AMIN2024 #AsianGames2023 #AsianGames #earthquake https://t.co/N9JTqUY5hL";1;0;2;10;in;1543279511642734593;1709137402357539131;SiOtakDungu;https://twitter.com/SiOtakDungu/status/1709137402357539131
Tue Oct 03 09:18:09 +0000 2023;1709135740704272421;"@Chynthia_K @ekowboy2 Kalau bukan titipan apa bisa heboh di Rempang.. bentrok dan diusir warga..";0;0;0;0;in;380212656;1708796681515585644;azhar_can;https://twitter.com/azhar_can/status/1709135740704272421
Tue Oct 03 09:15:02 +0000 2023;1709134955178258838;"@Bambangmulyonoo Apa yang Mana nista.. hoaxs atau prank.. Yang janji kampanye pilpres dibatam-rempang kasih sertifikat dalam waktu 3 bulan..?";0;0;0;0;in;380212656;1709026407459025321;azhar_can;https://twitter.com/azhar_can/status/1709134955178258838
Tue Oct 03 09:14:00 +0000 2023;1709134697702506674;"@alisyarief semoga gibahin Rempang 🤣";0;0;0;0;in;1604091267834474498;1709110475760468116;Muslim_AntiPKI9;https://twitter.com/Muslim_AntiPKI9/status/1709134697702506674
Tue Oct 03 09:12:58 +0000 2023;1709134438347796583;"Rempang "jangan mau tanah mu dirampas walau hanya sejengkal"";0;0;0;1;in;1662338166014222336;1709134438347796583;putiksakura;https://twitter.com/putiksakura/status/1709134438347796583
Tue Oct 03 09:12:35 +0000 2023;1709134341375476199;"@tvOneNews Rempang eco city masuk PSN, proyek milik Tommy Winata, Luhut, Eric Tohir dan Pengusaha Tiongkok";0;0;0;0;in;1665577634972176385;1708787217106448517;JihadAkbarM16;https://twitter.com/JihadAkbarM16/status/1709134341375476199
Tue Oct 03 09:12:07 +0000 2023;1709134224048197895;"Reaksi Menteri Bahlil saat Dicecar DPR tentang Kasus Rempang #TempoBisnis https://t.co/C2chh3btnN";0;0;0;0;in;18129942;1709134224048197895;tempodotco;https://twitter.com/tempodotco/status/1709134224048197895
Tue Oct 03 09:09:53 +0000 2023;1709133659578712550;"putri ariani kades keras kdrt lesti x please petualangan sherina 2 angel eyes kepsek megumi perokok fisip ui bocah ice cold es krimnya taka gaji rempang niki ciuman pagi-pagi irene dante kiko cctv cilacap cpns gojo mba nana ✨Outer Wanita Premium https://t.co/tpXDwCJHV1 https://t.co/4yzRiamJ7T";0;0;0;0;in;885412627169460224;1709133659578712550;koesuma22;https://twitter.com/koesuma22/status/1709133659578712550
Tue Oct 03 09:08:41 +0000 2023;1709133356632604835;"Kepala beserta jajaran pegawai Kantor Pertanahan Kab. Rembang mengucapkan Selamat Masa Purna Tugas kepada Bapak Sarwan.  Terimakasih atas pengabdian dan dedikasinya selama bekerja di Kantor Pertanahan Kab. Rembang.  #KementerianATRBPN  #KantahKabRembang  #ATRBPNKiniLebihBaik https://t.co/qqQYlrt7Wp";0;0;0;0;in;1416195476097953795;1709133356632604835;AtrRembang;https://twitter.com/AtrRembang/status/1709133356632604835
Tue Oct 03 09:07:13 +0000 2023;1709132990146826588;"@wawananwar12 @JihaanGita yakin? wkwk kok bibib rijik masih gitu aja kemakan hoax rempang wkwk";0;2;0;0;in;1592907480212045825;1709096445276774905;habibgenit;https://twitter.com/habibgenit/status/1709132990146826588
Tue Oct 03 09:04:29 +0000 2023;1709132300221624401;"#AniesPresidenRakyatRI Rempang";0;0;0;0;in;1670070721186529280;1709132300221624401;joko_ngiboel;https://twitter.com/joko_ngiboel/status/1709132300221624401
Tue Oct 03 09:04:16 +0000 2023;1709132247943831931;"#AniesPresidenRakyatRI Rempang";0;0;0;0;in;1670070721186529280;1709132247943831931;joko_ngiboel;https://twitter.com/joko_ngiboel/status/1709132247943831931
Tue Oct 03 09:03:48 +0000 2023;1709132129643516191;"#AniesPresidenRakyatRI Rempang";0;0;0;0;in;1670070721186529280;1709132129643516191;joko_ngiboel;https://twitter.com/joko_ngiboel/status/1709132129643516191
Tue Oct 03 09:03:06 +0000 2023;1709131953801413006;"#AniesPresidenRakyatRI Rempang";0;0;0;0;in;1670070721186529280;1709131953801413006;joko_ngiboel;https://twitter.com/joko_ngiboel/status/1709131953801413006
Tue Oct 03 09:02:56 +0000 2023;1709131909970989423;"@Nicho_Silalahi Tanah Rempang bukannya buruh 🤣🤣🤣🤣🤣🤣ini videonya pembela Tanah Rempang buruhnya provokator ....";0;0;0;0;in;1677844766;1709126334692344005;YoSetiabudi;https://twitter.com/YoSetiabudi/status/1709131909970989423
Tue Oct 03 09:02:27 +0000 2023;1709131791670669436;"#AniesPresidenRakyatRI Rempang";0;0;0;0;in;1670070721186529280;1709131791670669436;joko_ngiboel;https://twitter.com/joko_ngiboel/status/1709131791670669436
Tue Oct 03 09:01:59 +0000 2023;1709131671428305303;"#AniesPresidenRakyatRI Rempang";0;0;0;0;in;1670070721186529280;1709131671428305303;joko_ngiboel;https://twitter.com/joko_ngiboel/status/1709131671428305303
Tue Oct 03 09:01:31 +0000 2023;1709131556387017182;"@blackshark_7890 kan ada big boss yg pegang ormas2 preman di salah satu pemegang saham eco rempang city.";0;0;0;1;in;1679417416663863298;1709042060408611324;mahdihasni24;https://twitter.com/mahdihasni24/status/1709131556387017182
Tue Oct 03 09:01:27 +0000 2023;1709131538909348285;"#AniesPresidenRakyatRI Rempang";0;0;0;0;in;1670070721186529280;1709131538909348285;joko_ngiboel;https://twitter.com/joko_ngiboel/status/1709131538909348285
Tue Oct 03 09:01:10 +0000 2023;1709131467794829356;"#AniesPresidenRakyatRI Rempang";0;0;0;0;in;1670070721186529280;1709131467794829356;joko_ngiboel;https://twitter.com/joko_ngiboel/status/1709131467794829356
Tue Oct 03 09:00:55 +0000 2023;1709131402481131526;"#AniesPresidenRakyatRI Rempang";0;0;0;0;in;1670070721186529280;1709131402481131526;joko_ngiboel;https://twitter.com/joko_ngiboel/status/1709131402481131526
Tue Oct 03 09:00:39 +0000 2023;1709131336295076128;"#AniesPresidenRakyatRI Rempang";0;0;0;0;in;1670070721186529280;1709131336295076128;joko_ngiboel;https://twitter.com/joko_ngiboel/status/1709131336295076128
Tue Oct 03 09:00:08 +0000 2023;1709131206359736586;"#AniesPresidenRakyatRI Rempang";0;0;0;0;in;1670070721186529280;1709131206359736586;joko_ngiboel;https://twitter.com/joko_ngiboel/status/1709131206359736586
Tue Oct 03 08:59:48 +0000 2023;1709131123769688078;"#AniesPresidenRakyatRI Rempang";0;0;0;0;in;1670070721186529280;1709131123769688078;joko_ngiboel;https://twitter.com/joko_ngiboel/status/1709131123769688078
Tue Oct 03 08:59:12 +0000 2023;1709130970904043800;"#AniesPresidenRakyatRI Rempang";0;0;0;0;in;1670070721186529280;1709130970904043800;joko_ngiboel;https://twitter.com/joko_ngiboel/status/1709130970904043800
Tue Oct 03 08:59:08 +0000 2023;1709130955297091600;"@jakpost Indonesian Forum for the Environment(Walhi) highlighted the risks of environmental impacts fr Rempang Eco City National Strategic Project(PSN) in Batam, Riau Islands.Especially if Xinyi Group, an investor fr China,realizes the investment &amp  builds a quartz sand downstream facility";0;0;0;3;en;1579680143475281920;1709096255131996424;mui_kabcirebon;https://twitter.com/mui_kabcirebon/status/1709130955297091600
Tue Oct 03 08:58:56 +0000 2023;1709130906341130578;"#AniesPresidenRakyatRI Rempang";0;0;0;0;in;1670070721186529280;1709130906341130578;joko_ngiboel;https://twitter.com/joko_ngiboel/status/1709130906341130578
Tue Oct 03 08:58:26 +0000 2023;1709130780243554679;"#AniesPresidenRakyatRI Rempang";0;0;1;4;in;1670070721186529280;1709130780243554679;joko_ngiboel;https://twitter.com/joko_ngiboel/status/1709130780243554679
Tue Oct 03 08:58:08 +0000 2023;1709130703718502655;"#AniesPresidenRakyatRI Rempang";0;0;0;0;in;1670070721186529280;1709130703718502655;joko_ngiboel;https://twitter.com/joko_ngiboel/status/1709130703718502655
Tue Oct 03 08:57:44 +0000 2023;1709130601251611026;"#AniesPresidenRakyatRI Rempang";0;0;0;0;in;1670070721186529280;1709130601251611026;joko_ngiboel;https://twitter.com/joko_ngiboel/status/1709130601251611026
Tue Oct 03 08:57:32 +0000 2023;1709130553990218000;"#AniesPresidenRakyatRI Rempang";0;0;0;0;in;1670070721186529280;1709130553990218000;joko_ngiboel;https://twitter.com/joko_ngiboel/status/1709130553990218000
Tue Oct 03 08:56:55 +0000 2023;1709130396884246985;"#AniesPresidenRakyatRI Rempang";0;0;0;0;in;1670070721186529280;1709130396884246985;joko_ngiboel;https://twitter.com/joko_ngiboel/status/1709130396884246985
Tue Oct 03 08:56:40 +0000 2023;1709130332572926280;"#AniesPresidenRakyatRI Rempang";0;0;0;0;in;1670070721186529280;1709130332572926280;joko_ngiboel;https://twitter.com/joko_ngiboel/status/1709130332572926280
Tue Oct 03 08:56:12 +0000 2023;1709130218504687981;"#AniesPresidenRakyatRI Rempang";0;0;0;0;in;1670070721186529280;1709130218504687981;joko_ngiboel;https://twitter.com/joko_ngiboel/status/1709130218504687981
Tue Oct 03 08:55:01 +0000 2023;1709129918431613422;"#AniesPresidenRakyatRI Rempang";0;0;0;0;in;1670070721186529280;1709129918431613422;joko_ngiboel;https://twitter.com/joko_ngiboel/status/1709129918431613422
Tue Oct 03 08:54:44 +0000 2023;1709129846906130781;"#AniesPresidenRakyatRI Rempang";0;0;0;0;in;1670070721186529280;1709129846906130781;joko_ngiboel;https://twitter.com/joko_ngiboel/status/1709129846906130781
Tue Oct 03 08:54:29 +0000 2023;1709129785467867178;"#AniesPresidenRakyatRI Rempang";0;0;0;1;in;1670070721186529280;1709129785467867178;joko_ngiboel;https://twitter.com/joko_ngiboel/status/1709129785467867178
Tue Oct 03 08:54:09 +0000 2023;1709129703129485653;"@narkosun Lah rempang itu apa...kamu hidup di goa mungkin mas";0;0;0;0;in;863946805796417536;1708967107734782339;MochtarNs;https://twitter.com/MochtarNs/status/1709129703129485653
Tue Oct 03 08:54:09 +0000 2023;1709129702890459645;"#AniesPresidenRakyatRI Rempang";0;0;0;0;in;1670070721186529280;1709129702890459645;joko_ngiboel;https://twitter.com/joko_ngiboel/status/1709129702890459645
Tue Oct 03 08:53:53 +0000 2023;1709129633655042279;"#AniesPresidenRakyatRI Rempang";0;0;0;0;in;1670070721186529280;1709129633655042279;joko_ngiboel;https://twitter.com/joko_ngiboel/status/1709129633655042279
Tue Oct 03 08:53:29 +0000 2023;1709129535059612149;"#AniesPresidenRakyatRI Rempang";0;0;0;0;in;1670070721186529280;1709129535059612149;joko_ngiboel;https://twitter.com/joko_ngiboel/status/1709129535059612149
Tue Oct 03 08:53:16 +0000 2023;1709129478771986922;"#AniesPresidenRakyatRI Rempang";0;0;0;0;in;1670070721186529280;1709129478771986922;joko_ngiboel;https://twitter.com/joko_ngiboel/status/1709129478771986922
Tue Oct 03 08:52:59 +0000 2023;1709129406172774631;"@tvOneNews Kenapa ngotot investasi di Rempang???, banyak pulau lain, pasti ada tipu menipu nih.";0;0;0;0;in;1385484705630330881;1709027628488028280;Dungdun18824836;https://twitter.com/Dungdun18824836/status/1709129406172774631
Tue Oct 03 08:52:56 +0000 2023;1709129393619267698;"#AniesPresidenRakyatRI Rempang";0;0;0;0;in;1670070721186529280;1709129393619267698;joko_ngiboel;https://twitter.com/joko_ngiboel/status/1709129393619267698
Tue Oct 03 08:52:17 +0000 2023;1709129232054685802;"#AniesPresidenRakyatRI Rempang";0;0;0;0;in;1670070721186529280;1709129232054685802;joko_ngiboel;https://twitter.com/joko_ngiboel/status/1709129232054685802
Tue Oct 03 08:51:45 +0000 2023;1709129096087896375;"@hc_poirot harusnya KAPOLRI menangkap pejabat satu ini atas ulahnya Anggota TNI POLRI berhadapan scr brutal dg warga masyarakat rempang, gak pakai lama.  #KPK #PPATK #MAKI #Kapolri #PanglimaTNI #KomnasHam #Ombudsman #KPAI";0;0;0;0;in;1641875148994387968;1709105119969817063;ArekJackondo2;https://twitter.com/ArekJackondo2/status/1709129096087896375
Tue Oct 03 08:51:41 +0000 2023;1709129079616946244;"#AniesPresidenRakyatRI Rempang";0;0;0;0;in;1670070721186529280;1709129079616946244;joko_ngiboel;https://twitter.com/joko_ngiboel/status/1709129079616946244
Tue Oct 03 08:51:20 +0000 2023;1709128990307606724;"#AniesPresidenRakyatRI Rempang";0;0;1;1;in;1670070721186529280;1709128990307606724;joko_ngiboel;https://twitter.com/joko_ngiboel/status/1709128990307606724
Tue Oct 03 08:48:54 +0000 2023;1709128381495931341;"Rezim jkw merampas tanah rakyat Rempang yg sdh di huni 1930 &amp  makam th1800 an";0;0;0;2;in;1638853113754058755;1709128381495931341;Loveinloveyz;https://twitter.com/Loveinloveyz/status/1709128381495931341
Tue Oct 03 08:47:16 +0000 2023;1709127967828475999;"@CttnDmkrs Rempang mana rempang";0;0;0;0;in;400101619;1709095221475373519;tama_hype;https://twitter.com/tama_hype/status/1709127967828475999
Tue Oct 03 08:46:54 +0000 2023;1709127876371722345;"Bagaimana kalo Rempang sudah di kuasai..  Apa yang terjadi..??  Jaga negeri 🇮🇩";0;0;0;0;in;1605177957546221568;1709127876371722345;KuteGede;https://twitter.com/KuteGede/status/1709127876371722345
Tue Oct 03 08:45:41 +0000 2023;1709127571152245095;"@msaid_didu Rempang belum selesai ndro,,  Masa isu lama dan murahan yg dinaikkan lagi,,🙄  Buakakakkk,,😁 Kurcaci kasihan banget,, tiap hari cari bahan buat bikin isu miring,,🤭";0;0;0;0;in;1601632880115187712;1708825714538246163;GeorgeHalim1403;https://twitter.com/GeorgeHalim1403/status/1709127571152245095
Tue Oct 03 08:45:28 +0000 2023;1709127515405701581;"TVR 120 - Komisi II DPR RI : BP Batam Belum Kantongi HPL Pulau Rempang  Komisi II DPR RI  menyoroti Bp Batam, yang belum mengantongi sertifikat Hak Pengelolaan Lahan Pulau Rempang, terkait proyek pengembangan rempang Eco City.  #tvrparlemen #dprri #tvr120 https://t.co/irvTCKasno";0;0;0;2;in;1389817105722187778;1709127515405701581;tvr_parlemen;https://twitter.com/tvr_parlemen/status/1709127515405701581
Tue Oct 03 08:45:15 +0000 2023;1709127461748036017;"@geloraco Emang tak diselesaikan kuliahnya di UI jurs sosiologi di semester atas, krn sibuk di PMII Depok (ketua), selanjutnya ketua DPC PKB Bandung  Pulang ke Rembang, nyalon wakil bupati, lolos. Lalu anggota DPR RI 2x. Ketua Ansor  Kekurangannya dimana Jokowi ambil dia sbg menteri agama";0;55;4;61;in;2924194668;1709086135631454665;AmiqFaque;https://twitter.com/AmiqFaque/status/1709127461748036017
Tue Oct 03 08:44:24 +0000 2023;1709127247834333532;"Tanggapi Persoalan di Rempang, DPR: Relokasi Kawasan Harus Dilakukan Secara Bermartabat https://t.co/RL6aPI2Jm0";0;0;0;0;in;1012174601055449088;1709127247834333532;IdSinpo;https://twitter.com/IdSinpo/status/1709127247834333532
Tue Oct 03 08:42:40 +0000 2023;1709126811332890886;"Rapat dengan Menteri Bahlil, Nusron Wahid semprot penyerobotan tanah Rempang: "Apa Bedanya BP Batam dengan VOC?" https://t.co/kJp39JzuSi";0;0;0;0;in;1636627729675337734;1709126811332890886;posaktualcom;https://twitter.com/posaktualcom/status/1709126811332890886
Tue Oct 03 08:39:28 +0000 2023;1709126005812846966;"Komplek situs perahu kuno Rembang kini telah dilengkapi dengan museum mini, Ada Apa Aja..? https://t.co/eIUGsUrqeI";0;0;0;0;in;1567067705962037251;1709126005812846966;Rembangnews_;https://twitter.com/Rembangnews_/status/1709126005812846966
Tue Oct 03 08:39:07 +0000 2023;1709125916813930685;"putri ariani kades keras kdrt lesti x please petualangan sherina 2 angel eyes kepsek megumi perokok fisip ui bocah ice cold es krimnya taka gaji rempang niki ciuman pagi-pagi irene dante kiko cctv cilacap cpns gojo mba nana ✨Gamis Polos 🔗https://t.co/wCUuioSahm https://t.co/v2WA3LVFIz";0;0;0;0;in;885412627169460224;1709125916813930685;koesuma22;https://twitter.com/koesuma22/status/1709125916813930685
Tue Oct 03 08:38:23 +0000 2023;1709125735351489000;"@hc_poirot bener kan diancam mundur kalo rempang gagal..emang sadis rezim kalo nggak sesuai maunya diamputasi kalo terjerat hukum yg borok asal organisasi atau partai,  yg beri perintah bersih , toh KPK dibawah telunjuknya.";0;0;2;29;in;821897010152247296;1709105119969817063;imutimutmu;https://twitter.com/imutimutmu/status/1709125735351489000
Tue Oct 03 08:38:09 +0000 2023;1709125675326882097;"@tvOneNews Nah, kenapa pemerintah ngotot buat di Rempang? Apa sudah kadung terima panjer buat logistic pemilu.";0;0;0;6;in;64954149;1708980841375056337;hisjam;https://twitter.com/hisjam/status/1709125675326882097
Tue Oct 03 08:37:04 +0000 2023;1709125400826372179;"@aly_benzema @bahlillahadalia Ombudsman ungkap bukan 300 kk tapi hanya ada 3 kk yg setuju penggusuran di Rempang https://t.co/EHJfIoTrWk";0;0;0;0;in;1566055932911824896;1708431309725696418;ArRayah43832329;https://twitter.com/ArRayah43832329/status/1709125400826372179
Tue Oct 03 08:30:08 +0000 2023;1709123655341654462;"@tvOneNews Yg bilang Pak Anies cuman omong doang ditanya data ga ada. Sini” kita kasih contoh noh Rempang. Amdal blm ada, sertifikat hpl Batam blm ada, tiba” dlm waktu yg sangat kilat udah jadi PSN. Sosialisasi ga ada, tiba” dah main gusur aja 😂 Disinilah kadang letak sisi gelap PSN wkwkwk";0;1;1;5;in;1105257919;1708837505578185149;kugruu_mpokjeru;https://twitter.com/kugruu_mpokjeru/status/1709123655341654462
Tue Oct 03 08:29:14 +0000 2023;1709123429390291200;"Silaturahmi ke Ponpes di Rembang, Anies Diberi Tongkat-Menilik Kamar Mbah Maimun #rawabunga #jatinegara #jakartatimur  https://t.co/mkfFEHDe8p";0;0;0;0;in;1443212771705847813;1709123429390291200;pekaesrawabunga;https://twitter.com/pekaesrawabunga/status/1709123429390291200
Tue Oct 03 08:22:56 +0000 2023;1709121846954643902;"@dwioktariyadi jangan sampai kita terprovokator terhadap oknum oknum yang tidak bertanggung jawab atas kasus rempang";0;0;0;1;in;1629807240365637635;1705812476783476762;meiningtysaa;https://twitter.com/meiningtysaa/status/1709121846954643902
Tue Oct 03 08:22:15 +0000 2023;1709121673092337677;"@dwioktariyadi semoga pemerintah memberikan perlindungan dan hak hak yang sepatutnya diberikan kepada masyarakat rempang";0;0;0;1;in;1628302641251119104;1705812476783476762;anisarefina99;https://twitter.com/anisarefina99/status/1709121673092337677
Tue Oct 03 08:21:35 +0000 2023;1709121507236942221;"@dwioktariyadi semoga daerah daerah lain tidak ikut terprovokasi mengenai kasus rempang";0;0;0;1;in;1629385224244334593;1705812476783476762;LeksanaDoni;https://twitter.com/LeksanaDoni/status/1709121507236942221
Tue Oct 03 08:21:06 +0000 2023;1709121384084131946;"@awank2017 Jangan-jangan dia tidak tahu di mana Pulau Rempang sebelum kasus ini muncul.";0;0;0;0;in;1519855464380780550;1709102519027417328;Whisju;https://twitter.com/Whisju/status/1709121384084131946
Tue Oct 03 08:20:57 +0000 2023;1709121346431521199;"@dwioktariyadi jangan sampai konflik Rempang membuat kita terpecah belah kedepannya";0;0;0;1;in;1634959669775982594;1705812476783476762;GDharmayan;https://twitter.com/GDharmayan/status/1709121346431521199
Tue Oct 03 08:20:22 +0000 2023;1709121199425347873;"@dwioktariyadi semoga konflik rempang segera berakhir dan segera damai";0;0;0;1;in;1665999577173078017;1705812476783476762;andalan526;https://twitter.com/andalan526/status/1709121199425347873
Tue Oct 03 08:19:13 +0000 2023;1709120911033651632;"@DoankWarto Udah dibilang Rempang, ikn..";0;0;0;0;in;1605556221381324800;1708989469226090906;Hashas_TM81;https://twitter.com/Hashas_TM81/status/1709120911033651632
Tue Oct 03 08:19:10 +0000 2023;1709120897821659464;"Saya doakan nyungsep 7xlipat sengsara hidupnya yg merampas hak rakyat rempang";0;1;3;8;in;1690414150768525312;1709120897821659464;gondes9119;https://twitter.com/gondes9119/status/1709120897821659464
Tue Oct 03 08:19:05 +0000 2023;1709120877747728630;"BLUNDER JOKOWI..!! INIKAH PENGKHIANATAN NEGARA PADA RAKYAT REMPANG?? HASIL KERJASAMA DENGAN XI JINPING? https://t.co/tGCa8hI98M";0;1;15;42;in;1138950541180936192;1709120877747728630;hc_poirot;https://twitter.com/hc_poirot/status/1709120877747728630
Tue Oct 03 08:18:35 +0000 2023;1709120750991589576;"@kompascom Eco city investor terbesar di Rempang apa yg diuntungkan untuk negara selama ini tdk pernah terungkap pd masyarakat ya?. Kalau di Vietnam jelas comtohnya ppn selama paling sedikit 10th..pedapatan investor selama 20 th 85% tdk boleh diambil dibawa keluar negeri";0;0;0;0;in;855337432853561344;1709116220858073519;Budisr2;https://twitter.com/Budisr2/status/1709120750991589576
Tue Oct 03 08:17:33 +0000 2023;1709120491511070858;"DAHSYAT!!! SEBUT REZIM BIADAB, KAMI SERUKAN REFERENDUM JIKA PEMERINTAH TETAP NEKAT USIK WARGA REMPANG https://t.co/EXYGniZ09z";0;0;2;9;in;1138950541180936192;1709120491511070858;hc_poirot;https://twitter.com/hc_poirot/status/1709120491511070858
Tue Oct 03 08:17:14 +0000 2023;1709120411794059535;"Update Investasi Rempang, Kepala BP Batam Hadiri RDP Komisi VI DPR RI https://t.co/ogspnVnZkU";0;0;0;0;in;118646322;1709120411794059535;Bisniscom;https://twitter.com/Bisniscom/status/1709120411794059535
Tue Oct 03 08:15:54 +0000 2023;1709120073452093881;"@kasintayuraaa Salah satu desa di kabupaten sy tinggal.  PURBALINGGA, INFO – Desa Karangbawang Kecamatan Rembang terpilih mewakili Kabupaten Purbalingga menuju predikat desa antikorupsi.";0;1;0;9;in;2430134676;1709068866536808947;Totox_her;https://twitter.com/Totox_her/status/1709120073452093881
Tue Oct 03 08:09:29 +0000 2023;1709118461979603369;"@K1ngk0ngR3b0rn6 Bahlul ngibul membahayakan rakyat Rempang  #UsirTKAChinaUnfaedah  #UsirTKAChinaUnfaedah";0;0;2;4;in;1647464086878433281;1709117748541054992;J4j4h4nAs3ng2;https://twitter.com/J4j4h4nAs3ng2/status/1709118461979603369
Tue Oct 03 08:08:49 +0000 2023;1709118290776506417;"Bahlil Lahadalia: Proyek Rempang Eco City tidak akan menggunakan APBN. https://t.co/DpAnneNq6O";13;63;5;12;in;18129942;1709118290776506417;tempodotco;https://twitter.com/tempodotco/status/1709118290776506417
Tue Oct 03 08:07:18 +0000 2023;1709117909451354243;"Dialog Pak Menko dengan Masyarakat Rempang.  @airlangga_hrt @golkar_id   #AirlanggaHartarto #GolkarIndonesia #Golkar #GolkarPrabowo #Prabowo #Rempang #PSN https://t.co/vy3U4QJtsI";0;0;0;3;in;1597989319863848960;1709117909451354243;karya_kolabo;https://twitter.com/karya_kolabo/status/1709117909451354243
Tue Oct 03 08:06:07 +0000 2023;1709117613346087100;"@MarahIchsan Siapa lagi pemainY klo bukan s jk... Denger2 rempang yg ngacak2 dia juga";0;1;0;3;in;1448589701720403975;1708850569165877561;naninunano7;https://twitter.com/naninunano7/status/1709117613346087100
Tue Oct 03 08:04:22 +0000 2023;1709117170985369984;"@RomeoWalker19 Kaya g tau maenanY s jk aja bro...denger2 rempang juga d acak2 ma s jk juga. yg pake bendera item dh pada kenyang, klo koar2 nti lapar lagi.";0;1;0;6;in;1448589701720403975;1708688430451007875;naninunano7;https://twitter.com/naninunano7/status/1709117170985369984
Tue Oct 03 08:00:50 +0000 2023;1709116284401823788;"Waduh ada dugaan korupsi dan investasi bodong di #Rempang ?  https://t.co/6Td8VGzjQQ";1;1;2;12;in;113764464;1709116284401823788;Avolanza;https://twitter.com/Avolanza/status/1709116284401823788
Tue Oct 03 08:00:35 +0000 2023;1709116220858073519;"Kementerian PUPR akan membangun infrastruktur dasar di kampung baru warga terdampak proyek Rempang Eco City.  Infrastruktur yang dimaksud meliputi sanitasi, sekolah, puskesmas, jalan desa, pelabuhan, tempat ibadah hingga pesantren. &lt  #Properti #Rempang  https://t.co/Hrm0chhSHF";0;2;0;1;in;23343960;1709116220858073519;kompascom;https://twitter.com/kompascom/status/1709116220858073519
Tue Oct 03 08:00:33 +0000 2023;1709116212058468805;"@tvOneNews Sudah kuduga kan, terus selidiki dan di hukum mati, , , terimakasih warga rempang telah melindungi tanah kelahiran Indonesia di rempang, perjuangan mu tidaklah sia-sia insyaallah dilindungi";0;0;0;0;in;1703021121556361216;1709055835190788100;anonherp6;https://twitter.com/anonherp6/status/1709116212058468805
Tue Oct 03 07:56:56 +0000 2023;1709115300686524763;"Apel ini diikuti oleh seluruh pegawai Kantor Pertanahan Kab. Rembang, diantaranya PNS, PPPK, PPNPN, dan ASK.  #KementerianATRBPN  #KantahKabRembang  #ATRBPNKiniLebihBaik  #ATRBPNMajudanModern  #MelayaniProfesionalTerpercaya https://t.co/VXTDmLDWAt";0;0;0;0;in;1416195476097953795;1709115146529091826;AtrRembang;https://twitter.com/AtrRembang/status/1709115300686524763
Tue Oct 03 07:56:37 +0000 2023;1709115222655693154;"Warga Pulau Rempang Mau Digeser, Asalkan Tanpa Aparat https://t.co/AIWZVot6iZ";0;0;0;0;in;388190238;1709115222655693154;IDNTimes;https://twitter.com/IDNTimes/status/1709115222655693154
Tue Oct 03 07:56:19 +0000 2023;1709115146529091826;"Halo #SobATRBPN ,  Selasa (03/10/2023), telah diadakan Apel Rutin di Halaman Kantor Pertanahan Kabupaten Rembang dengan Bapak Pramono Budi Aji, https://t.co/aGfvuWPXra sebagai pembina apel. https://t.co/hf6gTSGEnq";0;1;0;0;in;1416195476097953795;1709115146529091826;AtrRembang;https://twitter.com/AtrRembang/status/1709115146529091826
Tue Oct 03 07:56:15 +0000 2023;1709115131433791491;"@Ronnie_Rusli @tvOneNews @didienAZHAR Kalau begitu sebaiknya kasih kesempatan investor masuk di Rempang agar bisa menyusul Singapore";0;6;0;1;in;1076164976350420993;1708980841375056337;UCIKINI;https://twitter.com/UCIKINI/status/1709115131433791491
Tue Oct 03 07:56:13 +0000 2023;1709115122676011132;"@msaid_didu Dijual ajach kayak pulau rempang, pulau Rempang tanpa beban dijual dg usir gusur rakyat, kereta cepatnya @jokowi jual ajach spt jual tol layang MBZ habis dijual ganti nama jd kereta cepat Khu Bi Lai Khan biar ndak jadi beban rakyat!!!! Ngak papa jual rugi ajach hahaha";0;0;0;0;in;1521967420889477121;1709090933000835320;driveronline_17;https://twitter.com/driveronline_17/status/1709115122676011132
Tue Oct 03 07:54:40 +0000 2023;1709114732815450378;"@narkosun Katanya yg akan investsi di Rempang pabrik kaca no.2 terbesar di dunia dari China.. Gak ada tuh namanya... Ini salah satu indikasi titipan https://t.co/zFTbnxgCHk";0;0;0;0;in;1229052710416080898;1708967107734782339;Aprizal26822978;https://twitter.com/Aprizal26822978/status/1709114732815450378
Tue Oct 03 07:53:55 +0000 2023;1709114541467173101;"TEGAS! Menolak Konsultasi AMDAL, Warga Pulau Rempang Bentangkan Spanduk Penolakan: Kami Menangis! https://t.co/FctyIX4Zx9";0;0;0;0;in;1685673696911069184;1709114541467173101;wan_heartnews;https://twitter.com/wan_heartnews/status/1709114541467173101
Tue Oct 03 07:53:33 +0000 2023;1709114449179910177;"Menolak Konsultasi AMDAL, Warga Pulau Rempang Bentangkan Spanduk Penolakan: Kami Menangis!  Selasa Siang Whoosh APBN Prabowo Takut Debat Dear J Kades Laos Perokok Amanda Manopo Jennie Jodie Hamil Miftah Denny Caknan #AniesMuhaimin2024 #TembakauDizalimi https://t.co/FctyIX4Zx9";0;0;0;0;in;1685673696911069184;1709114449179910177;wan_heartnews;https://twitter.com/wan_heartnews/status/1709114449179910177
Tue Oct 03 07:52:49 +0000 2023;1709114266396320111;"NAHLOH! NCW Ungkap Ada Indikasi Korupsi dalam Pembangunan Rempang ECO City, Ini Hasil Penyelidikannya Selasa Siang Whoosh APBN Prabowo Takut Debat Dear J Kades Laos Perokok Amanda Manopo Jodie Hamil Miftah Denny Caknan #AniesMuhaimin2024 #TembakauDizalimi https://t.co/pYYeMJrhPv";0;0;0;0;in;1685673696911069184;1709114266396320111;wan_heartnews;https://twitter.com/wan_heartnews/status/1709114266396320111
Tue Oct 03 07:50:52 +0000 2023;1709113777051095244;"@nizaminz @tempodotco Lah terus Mau Lu siapa ? Hansip gitu ? Aneh juga pemikiran Lu, mereka TNi Polri itu ya melaksanakan tugasnya sebagai Pengamanan, justru itu agar Halal gajinya mereka karena Bekerja sesuai bidangnya, coba gimana kalo gada yg ngamanin ? Bisa hancur lebur tuh Rempang, kacau Balau";0;0;0;0;in;1654135908889944066;1708843172443631644;Baliho_art;https://twitter.com/Baliho_art/status/1709113777051095244
Tue Oct 03 07:50:38 +0000 2023;1709113717219295395;"Meng Atas nama kan Rakyat..  Ternyata Untuk Memperkaya Para Kingkong OLIGARKI.   👉Itulah yang PSN.   Rakyat sendiri Di Gusur, Di Usir.   Tetap Miskin.. Walaupun ada Ganti Rugi.  Xixixixi🤣🤣🤣.  Jaga Rempang.";0;0;0;0;in;1461824941305647105;1709113717219295395;Mulyawans07gma2;https://twitter.com/Mulyawans07gma2/status/1709113717219295395
Tue Oct 03 07:50:36 +0000 2023;1709113707270390181;"Kondisi Pulau Rempang Terkini: Perempuan Terus Suarakan Penolakan Penggusuran #TempoNasional https://t.co/XaYoK3S9af";4;1;230;496;in;18129942;1709113707270390181;tempodotco;https://twitter.com/tempodotco/status/1709113707270390181
Tue Oct 03 07:49:20 +0000 2023;1709113389811999090;"@NGM_007 @MprAldo Nah! Itulah yg gue bilang Rempang trs disulut trs.";0;1;0;3;in;1452508101505028098;1709094186828628286;EviDrajat;https://twitter.com/EviDrajat/status/1709113389811999090
Tue Oct 03 07:46:42 +0000 2023;1709112726830858335;"Nasional Corruption Watch Temui 7 Kejanggalan di Proyek Pulau Rempang, Apa Saja?  Selasa Siang Whoosh APBN Prabowo Takut Debat Dear J Kades Laos Perokok Amanda Manopo  Jennie Jodie Hamil Miftah Denny Caknan #AniesMuhaimin2024 #TembakauDizalimi https://t.co/E5jjPSxrCP";0;0;0;0;in;1685673696911069184;1709112726830858335;wan_heartnews;https://twitter.com/wan_heartnews/status/1709112726830858335
Tue Oct 03 07:45:48 +0000 2023;1709112499017240729;"TEGAS! Soal Rempang, Muslim Arbi Desak Menteri Bahlil dan Panglima TNI Mundur  Selasa Siang Whoosh APBN Prabowo Takut Debat Dear J Kades Laos Perokok Amanda Manopo Congratulations Jennie Jodie Hamil Miftah Denny Caknan #AniesMuhaimin2024 #TembakauDizalimi https://t.co/4xOIHpm0mR";0;0;0;0;in;1685673696911069184;1709112499017240729;wan_heartnews;https://twitter.com/wan_heartnews/status/1709112499017240729
Tue Oct 03 07:42:36 +0000 2023;1709111693387936227;"Ssstts..! Bahlil Ungkap Peran Tomy Winata di Proyek Rempang  Selasa Siang Whoosh APBN Prabowo Takut Debat Dear J Kades Laos Perokok Amanda Manopo KLIK LINKNYA Sekarang Congratulations Jennie Jodie Hamil Miftah Caknan #AniesMuhaimin2024 #TembakauDizalimi https://t.co/1358jgVY7q";0;0;0;0;in;1685673696911069184;1709111693387936227;wan_heartnews;https://twitter.com/wan_heartnews/status/1709111693387936227
Tue Oct 03 07:42:13 +0000 2023;1709111597376184823;"Soal Investasi di Rempang, Bahlil Bantah Anak Emaskan Investor China https://t.co/pxgSxIOeb0";0;0;0;0;in;388190238;1709111597376184823;IDNTimes;https://twitter.com/IDNTimes/status/1709111597376184823
Tue Oct 03 07:40:01 +0000 2023;1709111043505660234;"Eh  Di 2023 ini, distraksi terbesar sebenernya bukan rempang, tapi ada dua yg terjadi dekat G30S  - penahanan artis kena Judi Online dan kasus duta judol, ini terjadi stlh issue Rempang agak mereda - tiktok shop";0;0;0;2;in;1051654604008480768;1708536471659897043;kreatoramatir_;https://twitter.com/kreatoramatir_/status/1709111043505660234
Tue Oct 03 07:39:33 +0000 2023;1709110927059190193;"Tanggapan ade armando tentang Channel Youth-TV  Panas Virly Virginia Bromo Indonesia Adulting Majalah Bobo Lucas KDRT Rempang BECKY IS COMING HOME Yesus Kristus Berkedut   #YTVPSI https://t.co/JCbH8LAOWL";0;0;0;0;in;1651860971139518466;1709110927059190193;AjoPurnama45848;https://twitter.com/AjoPurnama45848/status/1709110927059190193
Tue Oct 03 07:35:48 +0000 2023;1709109985530286110;"Terimakasih atas penilaian yang anda berikan. Masukan anda sangat bermanfaat untuk kemajuan unit kami agar terus memperbaiki dan meningkatkan kualitas pelayanan bagi masyarakat.  #rembanggemilang #dpmptsprembang #ikm #mudahberizin #pelayananprima https://t.co/n9CL35jjQv";0;0;0;1;in;1533635589391941633;1709109985530286110;dpmptsp_rembang;https://twitter.com/dpmptsp_rembang/status/1709109985530286110
Tue Oct 03 07:33:19 +0000 2023;1709109360126005626;"@CNNIndonesia Ini orang apa maling Kundang ya..ko ngebet bgt soal Rempang...jangan2 ini suruhan lgi";0;0;0;0;in;1434919043195031552;1708999337672585277;JhoUno6;https://twitter.com/JhoUno6/status/1709109360126005626
Tue Oct 03 07:33:03 +0000 2023;1709109293537186274;"@HisyamMochtar Klo Rempang sudah viral sampai luar negeri, baru deh elite politik kita kelimpungan bikin rencana membahas nya....";0;0;0;0;in;1497965770600751107;1705905741520134535;RelaksasiRelax1;https://twitter.com/RelaksasiRelax1/status/1709109293537186274
Tue Oct 03 07:30:16 +0000 2023;1709108592740389276;"@Ayah_Nahl @rmol_id Orang rempang patungan untuk bayar demo...?";0;0;0;0;in;1247115634254606339;1708837185653547418;Suryawuryan1;https://twitter.com/Suryawuryan1/status/1709108592740389276
Tue Oct 03 07:29:32 +0000 2023;1709108406261625286;"@tempodotco Kemarin Rempang akan jadi pabrik kaca terbesar di dunia, ternyata hoaks. Sekarang kereta cepat pertama di asean katanya.... Mari cari data!";0;0;0;1;in;245731577;1708766661892035061;armenaslim;https://twitter.com/armenaslim/status/1709108406261625286
Tue Oct 03 07:27:09 +0000 2023;1709107806887178682;"@hasyimmah Menarik ini Saya lebih populer dengan mencoba mengikuti pengajian virtual Gus Baha yang menurut saya bisa sedikit memberikan sudut pandang yang sesuai dengan pernyataan mas hasyim As soon as possible Insyallah bisa dtg ke rembang utk ketemu beliau";0;0;0;0;in;1637367517;1708680131668279733;tom_toomm;https://twitter.com/tom_toomm/status/1709107806887178682
Tue Oct 03 07:23:53 +0000 2023;1709106986359664743;"@tvOneNews tinggal tunggu aja berita beberapa tahun kedepan pasti ada korupsi nih di kasus rempang. gak jauh2 dari yang koar2 pelakunya";0;0;0;1;in;1149158955366510593;1708846201469354109;abdarifn;https://twitter.com/abdarifn/status/1709106986359664743
Tue Oct 03 07:16:28 +0000 2023;1709105119969817063;"DIMARAHI HABIS-HABISAN OLEH ANGGOTA DPR SOAL REMPANG, BAHLIL SIAP MUNDUR!! https://t.co/NAlG8d6nff";64;399;433;1413;in;1138950541180936192;1709105119969817063;hc_poirot;https://twitter.com/hc_poirot/status/1709105119969817063
Tue Oct 03 07:14:13 +0000 2023;1709104551234875683;"NCW Ungkap 7 Temuan Janggal Sengkarut Investasi PSN Rempang Eco City https://t.co/2iZTkrsn2F";0;0;0;0;in;1282877019894673408;1709104551234875683;haloyouthcom;https://twitter.com/haloyouthcom/status/1709104551234875683
Tue Oct 03 07:13:58 +0000 2023;1709104488907416005;"@Xutegrl__ Aku mo ngangkat rempang ini beb, tp yaallah ngantuk kali rasanya buka file 🤣";0;0;0;0;in;1483326125690748928;1709073490962456909;mediumrawre;https://twitter.com/mediumrawre/status/1709104488907416005
Tue Oct 03 07:13:21 +0000 2023;1709104333516919092;"nyegat bus ada panda patas lewat trus menepi  👦🏻 ning ndi? 🧕🏻 ora pak, ora 👦🏻 lha arep ning ndi? 🧕🏻 ora pak, mung rembang kok 👦🏻 yo ayo munggah, biasa iki 🧕🏻 (masih blm yakin) piro pak? 👦🏻 15  🧕🏻 tenan lho yo 👦🏻 iyo ya allah, ndang munggah  wkwkwk naik patas nawar 😂🤣";0;0;0;1;in;412256340;1709104333516919092;atletkulineran;https://twitter.com/atletkulineran/status/1709104333516919092
Tue Oct 03 07:13:01 +0000 2023;1709104250134081603;"@Okta_Roza @tijabar masa? pura2 memperjuangkan Pancasila, ujung2nya khilafuck kan?? nih contohnya saat kisruh di pulau rempang. gk usah nipu di balik agama. saya tanya negara mana yg makmur dengan penerapan khilafuck?? sebutkan satu saja. https://t.co/GWjsTTB3hj";0;2;0;0;in;1605371239924539392;1708331080506601688;GarethBJ4w4;https://twitter.com/GarethBJ4w4/status/1709104250134081603
Tue Oct 03 07:11:13 +0000 2023;1709103796943716671;"Preman Bubarkan Aksi HMI Bela Rempang di Kementerian Investasi, GPI: Itu Tindakan Barbar  Selasa Siang Whoosh APBN Prabowo Takut Debat Dear J Kades Laos Perokok Amanda Manopo Jennie Jodie Hamil Miftah Denny Caknan #AniesMuhaimin2024 #TembakauDizalimi https://t.co/QgO8o5J6Mn";0;0;0;0;in;1685673696911069184;1709103796943716671;wan_heartnews;https://twitter.com/wan_heartnews/status/1709103796943716671
Tue Oct 03 07:10:35 +0000 2023;1709103636020973856;"Permasalahan Rempang Menjadi Sorotan Dunia 🌍✊🏼 @UNHumanRights @UN https://t.co/8rNLQ9ZapQ";0;0;0;0;in;1677641127955169280;1709103636020973856;BabyBlue2024;https://twitter.com/BabyBlue2024/status/1709103636020973856
Tue Oct 03 07:08:20 +0000 2023;1709103070834212892;"@ruhutsitompul rempang tu titipan sp ruhut😂";0;0;0;0;in;1503761480491016193;1708743188473848036;Ramadona20sifat;https://twitter.com/Ramadona20sifat/status/1709103070834212892
Tue Oct 03 07:08:02 +0000 2023;1709102995366084648;"@MardaniAliSera Mengjaga kepentingan yg mana, rakyat di rempang di gusur ,mana suarau";0;0;0;0;in;852594529;1709049803471306870;razakthaib19;https://twitter.com/razakthaib19/status/1709102995366084648
Tue Oct 03 07:07:45 +0000 2023;1709102924662792617;"@KompasTV Masyarakat Indonesia khususnya Rempang percaya sama omongan bohong/dusta Bahlil bahlul";0;0;0;0;in;1350052213717049347;1709094326775767422;DadangYusup5;https://twitter.com/DadangYusup5/status/1709102924662792617
Tue Oct 03 07:07:17 +0000 2023;1709102806395974082;"Warga rempang seperti hidup di jaman penjajah  https://t.co/ISWTnjkFPF";0;0;0;0;in;1530935493352755200;1709102806395974082;chi_doom;https://twitter.com/chi_doom/status/1709102806395974082
Tue Oct 03 07:06:44 +0000 2023;1709102670269862165;"@CNNIndonesia Polri kok gak tangkap pejabat ini orang, sdh jelas2 bukti dilapangan belum ada nya AMDAL, kok bs2 nya KLAIM sdh beres sehingga pengerahan POLRI/TNI terjadi kerugian masyarakat asli REMPANG";0;0;0;0;in;1641875148994387968;1708999337672585277;ArekJackondo2;https://twitter.com/ArekJackondo2/status/1709102670269862165
Tue Oct 03 07:05:20 +0000 2023;1709102315716948081;"@kompascom Bait terakhir 'suara warga pulau rempang perlu d dengar dan d hargai' 🤣🤣  ini mirip cebok dulu baru berak";0;0;0;0;in;968273547301801984;1709088249908777460;pungkilan;https://twitter.com/pungkilan/status/1709102315716948081
Tue Oct 03 07:02:56 +0000 2023;1709101711829475656;"@MARQUEZ__93 Rempang";0;0;0;0;in;1598398133225988096;1708741471845961985;iqbalas37165711;https://twitter.com/iqbalas37165711/status/1709101711829475656
Tue Oct 03 06:58:04 +0000 2023;1709100487541412214;"@geloraco pasca prngakuan kesalahan proses dalam case rempang, maka semua harusnya dibebaskan tanpa syarat  bukan mereka pemicu PMH, tp pemerintah sendiri dan juga sudah diakui  jadi kapan mau dibebaskan pak @ListyoSigitP ?";0;0;0;2;in;2894899615;1709049271188910394;kurangbayar;https://twitter.com/kurangbayar/status/1709100487541412214
Tue Oct 03 06:56:14 +0000 2023;1709100024825786411;"Airlangga kunjungan kerja ke rempang kepulauan riau, Batam dalam proyek nasional yaitu Rempang Eco City. @airlangga_hrt  #airlanggahartarto #golkarindonesia #golkar #golkarprabowo #prabowo #proyeknasional https://t.co/DeoTIimpNZ";0;0;0;4;in;1598111141024370689;1709100024825786411;Jurnalpolitik_;https://twitter.com/Jurnalpolitik_/status/1709100024825786411
Tue Oct 03 06:55:38 +0000 2023;1709099874409652531;"@tempodotco Swasta alias modal aseng bentar lagi lu jual rempang.";0;0;0;0;in;1614814585374269441;1708843172443631644;kuli_harian_;https://twitter.com/kuli_harian_/status/1709099874409652531
Tue Oct 03 06:55:23 +0000 2023;1709099813332295944;"@batamtoday Memang Miskomunikasi.  Untung Aku Cepat Publikasikan Di Twitter Ini. Aku Jelaskan Sejelas-jelasnya. Baru Reda Dikit!  Orang2 Yang Dendam Terhadap Pemerintah &amp  China Menjadi Provokator &amp  Menyulut Api Hati Warga Rempang.😏  @jokowi  @bahlillahadalia  @luhut_binsar  @TjahjantoHadi";0;0;0;0;in;2234304316;1709097420364153325;Lautan_Hati_;https://twitter.com/Lautan_Hati_/status/1709099813332295944
Tue Oct 03 06:51:37 +0000 2023;1709098865788641609;"Sungguh kasihan banget liat rakyat  yg tinggal dirempang, mau di usir dari tanah kelahirannya Padahal rakyat rempang sudah ada sebelum indonesia merdeka  https://t.co/WuwJsahVfx";0;0;0;0;in;1530935493352755200;1709098865788641609;chi_doom;https://twitter.com/chi_doom/status/1709098865788641609
Tue Oct 03 06:50:58 +0000 2023;1709098702646976668;"Ini tuh kepentingan dia ama sama rempang? Ga ada amdalnya loh...";0;0;0;0;in;1429361011178369029;1709098702646976668;kentomiyauraaa;https://twitter.com/kentomiyauraaa/status/1709098702646976668
Tue Oct 03 06:50:01 +0000 2023;1709098460988002520;"@KakekHalal Ente Kurng ngaca juga 🤣👇👇 Rempang itu Termasuk (PSN) ap bukan ? https://t.co/dIv7Z1GYo9";0;0;0;0;in;1683020817356181504;1708840598449672640;LeAmigo17832;https://twitter.com/LeAmigo17832/status/1709098460988002520
Tue Oct 03 06:49:10 +0000 2023;1709098246726209730;"@narkosun Coba dibantah ini analisa nya. Kita bisa lihat di Rempang gimana contoh eksekusi PSN yg acak²an. Yang diuntungkan siapa? TW sebagai pemilik HGU,  Yang butuh PLTS? Luhut. Buat siapa listriknya? Singapura.  Sumber 1: https://t.co/NzkMHcDXlh https://t.co/U87nYY7bGI";0;0;0;0;in;1484211593609383936;1709002020500431155;BungDenni;https://twitter.com/BungDenni/status/1709098246726209730
Tue Oct 03 06:47:57 +0000 2023;1709097942899167639;"Bahlil: Tidak Ada Perlakukan Khusus untuk Investasi Rempang https://t.co/MbGXzd0Jw4";0;0;0;0;in;2460941724;1709097942899167639;gokepricom;https://twitter.com/gokepricom/status/1709097942899167639
Tue Oct 03 06:46:47 +0000 2023;1709097648400347518;"@Ronnie_Rusli @tvOneNews @didienAZHAR Yang jelas Rempang mau di kuasai dan diambil paksa dengan biaya / ongkos semurah murahnya, naif sekali rezim ini";0;0;0;19;in;1604152185117618176;1708980841375056337;SinagaYusal1;https://twitter.com/SinagaYusal1/status/1709097648400347518
Tue Oct 03 06:45:53 +0000 2023;1709097420364153325;"Bahlil Ungkap Awal Mula Konflik di Rempang Dipicu Miskomunikasi https://t.co/J7a5zfvzMG";0;1;0;0;in;224204467;1709097420364153325;batamtoday;https://twitter.com/batamtoday/status/1709097420364153325
Tue Oct 03 06:45:11 +0000 2023;1709097246254637424;"pasti ad mau ny, hati2 warga rempang ini adalah permainan orang2 munafik";0;0;0;1;in;1509837584100651017;1709097246254637424;AgusMun25894838;https://twitter.com/AgusMun25894838/status/1709097246254637424
Tue Oct 03 06:44:42 +0000 2023;1709097123017539855;"Komisi IV DPR RI Minta Kementerian Investasi dan BP Batam Buat Skema Penyelesaian Konflik Pulau Rempang https://t.co/mnJGNGpbP9";0;0;0;0;in;1643093405302652928;1709097123017539855;PhotoBnp77308;https://twitter.com/PhotoBnp77308/status/1709097123017539855
Tue Oct 03 06:41:32 +0000 2023;1709096327274226125;"@duniabulat5 @ekowboy2 @tvOneNews PSN TITIPAN ITU KASAT MATA DI REMPANG - AMDAL BLM ADA - LANGSUNG DIBUAT PSN - SERTIFIKAT HPL BP BATAM TDK PUNYA - MAIN GUSUR";0;0;0;0;in;951952690111594496;1708837505578185149;NgilmuKantiLaku;https://twitter.com/NgilmuKantiLaku/status/1709096327274226125
Tue Oct 03 06:41:15 +0000 2023;1709096255131996424;"Investment Minister Bahlil Lahadalia has conceded that adjustments will be made to the deadlines for the relocation of residents and construction timeline of the Rempang Eco City project. #jakpost https://t.co/445ReKz7RL";0;1;0;2;en;68577507;1709096255131996424;jakpost;https://twitter.com/jakpost/status/1709096255131996424
Tue Oct 03 06:40:40 +0000 2023;1709096109048803556;"@CNNIndonesia Kalau DPRRI berwibawa harusnya bikin pansus atas terjadinya kekerasan di Rempang";0;0;0;5;in;1647781488262529024;1708999337672585277;gunaditaufiq33;https://twitter.com/gunaditaufiq33/status/1709096109048803556
Tue Oct 03 06:37:37 +0000 2023;1709095342946533461;"Kunker Menko Airlangga Ke Rempang  #airlanggahartarto #golkarindonesia #jokowi #golkar #kerjauntukindonesia #pemilu #capres #fyp #foryourpage #viral #trending #ganjarpranowo #aniesbaswedan #prabowo #golkarprabowo #Rempang #Batam https://t.co/IPKMxyvU70";0;0;0;1;in;1574047270000943106;1709095342946533461;CaryaAirlangga;https://twitter.com/CaryaAirlangga/status/1709095342946533461
Tue Oct 03 06:37:00 +0000 2023;1709095184246648857;"@tempodotco Rezim pdip mmg ambyar. Nasionalisme hanya ditaruh alas kaki.  Jual pulau juga tdk ada di konstitusi, mau jual pulau? Pantes rakyat Pulau Rembang kalian lakukan seperti ini. Bahaya sekali klo Rezim PDI-P berkuasa lagi.";0;3;6;64;in;951952690111594496;1709074336790012338;NgilmuKantiLaku;https://twitter.com/NgilmuKantiLaku/status/1709095184246648857
Tue Oct 03 06:36:37 +0000 2023;1709095090445238471;"@Ridwan_noer @VIVAcoid Sama yg rempang jelas banget Mou baru juli, amdal ga ada, studi kelayakan ga ada, hpl belum terbit , ngusir warga udah duluan tp tempat relokasi belum ada.";0;0;0;0;in;1624640931168415745;1708758364275257733;FatraIncs;https://twitter.com/FatraIncs/status/1709095090445238471
Tue Oct 03 06:35:22 +0000 2023;1709094774949777473;"@tvOneNews Pokoknya bela habis-habisan warga rempang dari perampok tanah kehidupan mereka. Sudah saatnya rakyat menang dari penjajahan berkedok investasi dan PSN";0;0;0;0;in;1180706526819807232;1708980841375056337;Confused_man_0;https://twitter.com/Confused_man_0/status/1709094774949777473
Tue Oct 03 06:33:35 +0000 2023;1709094326775767422;"Bahlil Bantah Main Uang di Proyek Rempang Eco City: Kalau Ada, Saya Berhenti jadi Menteri! https://t.co/lkI0ZsrdTQ";0;2;2;2;in;71436318;1709094326775767422;KompasTV;https://twitter.com/KompasTV/status/1709094326775767422
Tue Oct 03 06:32:23 +0000 2023;1709094024240644430;"Babak Baru Kasus Pulau Rempang *NCW Ungkap Persekongkolan Jahat Perusahaan Xinyi Grup Asal China*  https://t.co/USVhclVct9";0;0;0;0;in;1450818985503571969;1709094024240644430;romyfanboy;https://twitter.com/romyfanboy/status/1709094024240644430
Tue Oct 03 06:32:20 +0000 2023;1709094011011830245;"Warga Belongkeng Rempang Kembali Gelar Aksi Tolak Relokasi https://t.co/VdtGLYnAZm https://t.co/63iRovLau9";0;0;0;0;in;816180203709808641;1709094011011830245;pcspeecianjur;https://twitter.com/pcspeecianjur/status/1709094011011830245
Tue Oct 03 06:31:51 +0000 2023;1709093890698149932;"@narkosun Mobil listrik, rempang";0;0;0;0;in;1517600385497649152;1709002020500431155;egi_triyanto;https://twitter.com/egi_triyanto/status/1709093890698149932
Tue Oct 03 06:30:13 +0000 2023;1709093478662291966;"@KompasTV Rempang apa kurang jelas lagi itu titipan siapa, warga digusur pdhal belum ada amdal, belum ada studi kelayakan, tempat relokasipun belum ada, hpl belum terbit,   katanya yg stuju 300kk pdhal hanya 3 kk, apalagi yg kau dustakan";0;1;1;3;in;1624640931168415745;1708882988405317835;FatraIncs;https://twitter.com/FatraIncs/status/1709093478662291966
Tue Oct 03 06:28:15 +0000 2023;1709092985202442286;"@tvOneNews Masih di hold kan warga rempang itu, semoga makin ga jadi Karna makin dikuliti ketidakbenarannya";0;0;0;0;in;1186928590614487040;1708980841375056337;jicha90;https://twitter.com/jicha90/status/1709092985202442286
Tue Oct 03 06:26:34 +0000 2023;1709092559778414688;"@kumparan Ayooo, kader @psi_id , beranilah bersuara, kritisilah:  1. Utang yg menggunung 2. KPK yg dilemahkan  3. Korupsi yg merajalela 4. Pemerintahan yg korup (6 menteri) korupsi 5. Proyek yg bermasalah: Rempang, KCIC, IKN, Bts, Wadas, dll";0;0;0;1;in;1603768816189988865;1709084273461035228;rangkutifuat;https://twitter.com/rangkutifuat/status/1709092559778414688
Tue Oct 03 06:26:25 +0000 2023;1709092522335797387;"@Migran_TV_7777 @jokowi Ingatlah ketika kecil tinggal dipinggir Kali pepe tergusur opo ora sedih Pak @jokowi ?  Demikian pula warga asli rempang tanah tumpah darah leluhurnya mau digusur China Tiongkok dengan collaborator pedagang encek2 yang hanya mengandalkan bekingan saja untuk mengeruk keuntungan.";0;0;0;1;in;709721068856954880;1706517807415095660;kiwalipitu;https://twitter.com/kiwalipitu/status/1709092522335797387
Tue Oct 03 06:22:58 +0000 2023;1709091654542795186;"Pemerintah mengklaim investasi Xinyi International Investments Limited atau Xinyi Group di proyek Rempang akan masif.  https://t.co/hBGFkwghdD #mediadigitalcpp #indotvlive #xinyi #rempang #pulaurempang https://t.co/MMqFD18s6M";0;0;0;0;in;1274996555909525504;1709091654542795186;mediadigitalcpp;https://twitter.com/mediadigitalcpp/status/1709091654542795186
Tue Oct 03 06:20:03 +0000 2023;1709090921206403394;"ini kata ibuku mah dlu ortunya ibu ngabisin uang buat bolak balik haji demi bisa meninggal di madinah. ujungnya juga meninggal di rembang sih😃";0;0;0;0;in;1139161444522516480;1709090921206403394;measyourgf;https://twitter.com/measyourgf/status/1709090921206403394
Tue Oct 03 06:19:30 +0000 2023;1709090784170086824;"REMPANG JANGAN LEPASKAN TANAH ULAYAT MU WALAUPUN ITU HANYA SEJENGKAL.!!!   BANGKIT DAN MELAWANLAH RAKYAT INDONESIA.!!! https://t.co/aJFVRTfxAH";1;11;199;669;in;1504116674781331457;1709090784170086824;Migran_TV_7777;https://twitter.com/Migran_TV_7777/status/1709090784170086824
Tue Oct 03 06:18:59 +0000 2023;1709090653882523652;"Menteri Investasi/kepala BKPM, Bahlil Lahadalia banjir cemooh dan kritik.   #bahlil #Rempang #RempangMelawan #saiddidu https://t.co/QK9SbYlWTX";0;1;1;0;in;1698580133068865536;1709090653882523652;heralddotID;https://twitter.com/heralddotID/status/1709090653882523652
Tue Oct 03 06:17:51 +0000 2023;1709090368695005409;"Tercemar Debu Perbaikan Jalan Pantura, Petani Garam #Rembang Gelar Aksi #klikRMOL https://t.co/oTPX4tulEK";0;0;0;0;in;950627851140710401;1709090368695005409;rmoljateng;https://twitter.com/rmoljateng/status/1709090368695005409
Tue Oct 03 06:16:20 +0000 2023;1709089985851457640;"@OposisiCerdas Pak Presiden @jokowi , dari hasil audit NCW proyek pulau Rempang penuh aroma bangsat dan bajingan.  Sudah begini telak kenapa pak Bahlil masih ngotot mau menggusur warga? Ada apa?";0;0;0;0;in;1603768816189988865;1709029128773746753;rangkutifuat;https://twitter.com/rangkutifuat/status/1709089985851457640
Tue Oct 03 06:13:35 +0000 2023;1709089292226863364;"Minta persetujuan relokasi sama warga asli Rempang om, bukan sama anak SMP.";0;0;0;1;in;964364028;1709089292226863364;iman100017;https://twitter.com/iman100017/status/1709089292226863364
Tue Oct 03 06:13:32 +0000 2023;1709089280197583006;"@detikcom Contoh kasus ada pada psn rempang dan kereta cepat. Jwwabannya";0;0;0;0;in;1624640931168415745;1708693289405456459;FatraIncs;https://twitter.com/FatraIncs/status/1709089280197583006
Tue Oct 03 06:10:55 +0000 2023;1709088620798447636;"Ini Kabar 35 Warga Didemo Rempang yang Belum Dibebaskan  https://t.co/0SbYgKEJB9 https://t.co/gGWRvPJ0US";0;0;0;0;in;1618989586499383298;1709088620798447636;Leonengq;https://twitter.com/Leonengq/status/1709088620798447636
Tue Oct 03 06:09:26 +0000 2023;1709088249908777460;"Bahlil: Kami Berjiwa Besar Akui Ada Keliru soal Rempang  &lt  #Rempang #BahlilLahadalia #KonflikRempang https://t.co/K9zcZrSirI";0;4;8;11;in;23343960;1709088249908777460;kompascom;https://twitter.com/kompascom/status/1709088249908777460
Tue Oct 03 06:07:47 +0000 2023;1709087832219021496;"@tvOneNews Apakah PSN di Rempang merupakan titipan pihak-pihak tertentu seperti yang disampaikan Pak Anies Baswedan.";0;0;0;6;in;1434704169588256773;1708980841375056337;Razieq97;https://twitter.com/Razieq97/status/1709087832219021496
Tue Oct 03 06:07:21 +0000 2023;1709087723108364736;"@Kanseulir @bahlillahadalia Di ambil pasir Rempang lalu ekspor ke Spore sdh banyak untung";0;0;0;0;in;1604507193776123905;1708835031979053519;moge08;https://twitter.com/moge08/status/1709087723108364736
Tue Oct 03 06:02:03 +0000 2023;1709086388942209388;"@ryaansop @HeyNopalll @don_julR @RandomWorldWar @SETYOELA Bagus warga lokal kesabaran setipis tisu, demokrasinya sehat.  Indonesia 130+ mati di Kanjuruhan, seklompok pemuda FPI dibunuh aparat, tanah Rempang digusur, pengadilan selesai tanpa bukti, pada diem semua, itu sabar apa dibodohi?";0;0;0;0;in;1640756999150501888;1709002032194142492;jiajak378272;https://twitter.com/jiajak378272/status/1709086388942209388
Tue Oct 03 06:01:54 +0000 2023;1709086351197704681;"35 Warga yang Terlibat dalam Demo Rempang Masih Ditahan, Salah Satunya Ajukan Penangguhan Penahanan https://t.co/iMR0w0RxoF";0;0;0;0;in;1446014623761637379;1709086351197704681;medianekita;https://twitter.com/medianekita/status/1709086351197704681
Tue Oct 03 06:01:34 +0000 2023;1709086269886885989;"@Miduk17 @danz_sympony Jual calon presiden kok jual orang  miskin..  Jual calon presiden itu jual prestasi..   Walopun calonnya tajir melintir kalo rekan jejak bagus yg jadi pilihan..   Jojowi dulu ceritanya miskin di gusur..  Sekarang malah gusur REMPANG..  Gusur WADAS..   Jangan bodoh permanen";0;0;0;1;in;1660664301001269251;1708736614841852163;Chanelshaka7;https://twitter.com/Chanelshaka7/status/1709086269886885989
Tue Oct 03 05:58:53 +0000 2023;1709085593467228420;"@BiLLRaY2019 Kami gak butuh naik gunung, kami gak suka presiden boneka banteng lagi. Rempang menderita";0;0;0;0;in;1482216033125806093;1708824617954197573;AwanDar82762500;https://twitter.com/AwanDar82762500/status/1709085593467228420
Tue Oct 03 05:58:06 +0000 2023;1709085397903630655;"Sebagian Benar, Konten Berisi Video Ustad Abdul Somad tentang Warga Pulau Rempang #TempoCekFakta #CekFakta https://t.co/3vQ1mDedWb";0;0;0;3;in;18129942;1709085397903630655;tempodotco;https://twitter.com/tempodotco/status/1709085397903630655
Tue Oct 03 05:56:17 +0000 2023;1709084940472860751;"*Keliru Tangani Konflik Pulau Rempang, Muslim Arbi Minta Bahlil dan Panglima TNI Mundur*  https://t.co/qyXjcDsaKM";0;0;0;0;in;1450818985503571969;1709084940472860751;romyfanboy;https://twitter.com/romyfanboy/status/1709084940472860751
Tue Oct 03 05:55:06 +0000 2023;1709084641175765241;"@narkosun narkosun!! itu rempang titipan siapa??  kereta tepu2 cina titipan siapa??? proyek bikin rugi negara ko di bela mbabi buta!";0;1;0;1;in;951082919115632640;1708967107734782339;ikur12_iwan;https://twitter.com/ikur12_iwan/status/1709084641175765241
Tue Oct 03 05:55:00 +0000 2023;1709084614634135572;"Nasib Pulau Rempang, Jangan Sampai seperti Teriakan Kosong, kafilah Tetap Berlalu.";0;0;0;0;in;1252870519721824261;1709084614634135572;suryamakmurnas3;https://twitter.com/suryamakmurnas3/status/1709084614634135572
Tue Oct 03 05:52:54 +0000 2023;1709084088668418318;"@geloraco Pemilu itu jg bkn untung rugi, yg penting dapat pemimpin hebat. Harusnya. Kita habis triliunan rupiah unt pemilu itu tidak untuk dapat pemimpin yg cm pintar berkelit. Rugi, rakyat di bawa2. Knp unt Rempang tdk berpikir yg sama unt melayani rakyat? Knp hrs ada rakyat yg didzalimi?";0;0;0;0;in;1085254697185828864;1708812680457592867;Didikjzie;https://twitter.com/Didikjzie/status/1709084088668418318
Tue Oct 03 05:48:31 +0000 2023;1709082985813995640;"@liputan6dotcom Kereta Cepat : Whoosh pake utang Utang Meroket : Whoosh kecekek Janji Tidak Impor : Whoosh Ngibul Janji Tidak Bagi2 Kursi : Whoosh lupa Janji Sstifikat Rempang : Whoosh belaga Pilon";0;1;0;0;in;1112249626726293504;1708854398099878215;NcangBeni;https://twitter.com/NcangBeni/status/1709082985813995640
Tue Oct 03 05:48:06 +0000 2023;1709082879698075729;"Amdal Proyek Rempang Eco-City dan Klaim Menteri Bahlil https://t.co/zvgnHsVzOJ lewat @GoWest.ID";0;0;0;0;in;767014902099607552;1709082879698075729;gowest_id;https://twitter.com/gowest_id/status/1709082879698075729
Tue Oct 03 05:48:00 +0000 2023;1709082853416611944;"Amdal Proyek Rempang Eco-City dan Klaim Menteri Bahlil https://t.co/eVBQkBJZGR lewat @GoWest.ID";0;0;0;0;in;353758281;1709082853416611944;gowestid;https://twitter.com/gowestid/status/1709082853416611944
Tue Oct 03 05:45:00 +0000 2023;1709082098693210161;"Terima Data dari BP, Disdik Batam Persiapkan Sekolah Bagi Anak-Anak Rempang https://t.co/j7wxwIe4Cj";0;0;0;0;in;60490875;1709082098693210161;BatamPos;https://twitter.com/BatamPos/status/1709082098693210161
Tue Oct 03 05:42:07 +0000 2023;1709081373871681647;"@geloraco Duit BP Batam dari mana? Dari kantong pribadi? Woi.. @bahlillahadalia.. duit BP Batam itu dari APBN. Berbagai fasilitas dlm rangka menggusur masy Rempang itu atas beban APBN yg mau dilakukan utk kepentingan investor China dan mafia dunia hitam. Masih waraskah?";0;0;0;0;in;1704371657690013696;1708794692891267387;Nicke9662734599;https://twitter.com/Nicke9662734599/status/1709081373871681647
Tue Oct 03 05:41:04 +0000 2023;1709081111945736612;"NCW Klaim Temukan 7 Kejanggalan Proyek Rempang https://t.co/5m2QoR6dLk";0;0;3;4;in;41730943;1709081111945736612;VIVAcoid;https://twitter.com/VIVAcoid/status/1709081111945736612
Tue Oct 03 05:39:34 +0000 2023;1709080732113813774;"@tvOneNews Xinyi #rempang abal2 @detikcom @kompascom @jokowi @ganjarpranowo @DPR_RI @psi_id @CNNIndonesia @BBCIndonesia @jakpost @Bisniscom @korantempo @RadioElshinta @MataNajwa @antaranews @Metro_TV @antikorupsi @kumparan @liputan6dotcom @VIVAcoid @jawapos @e100ss @SonoraFM92 @mohmahfudmd";0;0;0;0;in;1481357222;1708980841375056337;yoiyoiyoooiiii;https://twitter.com/yoiyoiyoooiiii/status/1709080732113813774
Tue Oct 03 05:39:22 +0000 2023;1709080683753435485;"@baba_bayuP Gas rembang meneh";0;1;0;0;in;563356924;1709068323449970784;jcvanrio;https://twitter.com/jcvanrio/status/1709080683753435485
Tue Oct 03 05:39:16 +0000 2023;1709080656092000719;"Pandangan Para Ulama Aswaja Tapal Kuda Probolinggo Terkait Kasus Rempang  https://t.co/h1XrD9n8rN - Menanggapi kasus Rempang Kepulaun Riau, bentrok antara warga dengan aparat keamanan akibat kebijakan rezim yang menginstruksikan supaya Masyarakat setempat  #JalanMenujuIslamKaffah https://t.co/mSycYv5DCY";0;0;0;0;in;1526408021340917761;1709080656092000719;Sucipto1177;https://twitter.com/Sucipto1177/status/1709080656092000719
Tue Oct 03 05:38:49 +0000 2023;1709080545358131543;"Kasus Rempang, Direktur Rumah Inspirasi Perubahan: Ada Indikasi Pemerintah Menggunakan Domein Verklaring  https://t.co/h1XrD9n8rN - Menganggapi kebijakan Rezim terhadap kasus Rempang, Direktur Rumah Inspirasi Perubahan Probolinggo Ustaz Indra Fakhruddin #JalanMenujuIslamKaffah https://t.co/JPxHwbMC8b";0;0;0;0;in;1526408021340917761;1709080545358131543;Sucipto1177;https://twitter.com/Sucipto1177/status/1709080545358131543
Tue Oct 03 05:38:34 +0000 2023;1709080481348882544;"Doa Baik Warga Rempang ke Airlangga Hartarto #AirlanggaHartarto #GolkarIndonesia #Golkar https://t.co/FbY8OKxX2y";0;0;0;3;in;1587312017526108160;1709080481348882544;pemimpinrakyat_;https://twitter.com/pemimpinrakyat_/status/1709080481348882544
Tue Oct 03 05:37:47 +0000 2023;1709080284862533861;"Ne kalau beneran saya mau belikan sembako buat saudara kita di Rempang Galang..Bismillah";0;0;0;0;in;1480671274774904836;1709080284862533861;MasFurqon15;https://twitter.com/MasFurqon15/status/1709080284862533861
Tue Oct 03 05:37:11 +0000 2023;1709080133511127533;""Tolonglah rakyat itu, Rempang Pak, 'hikmat kebijaksanaan', bukan 'hikmat kebijakan'. Itulah pedoman kita," Kata JK...  Komentar :  Mengasihani rakyat bukanlah solusi, apalagi hanya sekedar ucap belaka. Sebab kerusakan negeri ini dan #jalanmenujuislamkaffah #maulidnabi https://t.co/L5cwlLl5dc";0;0;0;0;in;1526408021340917761;1709080133511127533;Sucipto1177;https://twitter.com/Sucipto1177/status/1709080133511127533
Tue Oct 03 05:33:52 +0000 2023;1709079296550351074;"@CNNIndonesia Jngn mau di bodohin ml..warga rempang AZ di kadalin yg katanya mau di bikin sertipikat tanah ..padah dari th 2019 Jokowi janji ...";0;0;0;0;in;1672489589943193600;1709060337058857236;DSarastami96477;https://twitter.com/DSarastami96477/status/1709079296550351074
Tue Oct 03 05:33:12 +0000 2023;1709079130124517601;"HMI Kecam Menteri Bahlil Pakai Preman Bubarkan Aksi Bela Rempang https://t.co/5tO01pdMgb";0;0;0;0;in;261160000;1709079130124517601;Newstagar;https://twitter.com/Newstagar/status/1709079130124517601
Tue Oct 03 05:32:35 +0000 2023;1709078973131678101;"Proyek Rempang Ecocity ini banyak menuai kontroversi. Selain di Rempang, masih ada proyek-proyek yang dikerjakan pemerintah itu selalu diwarnai kritik dan demontrasi. Ini artinya, bahwa pemerintah telah gagal mediasi dengan warga mengenai PSN itu.";0;1;0;0;in;1663766435490050049;1709078961005981870;MuMaryanto;https://twitter.com/MuMaryanto/status/1709078973131678101
Tue Oct 03 05:32:34 +0000 2023;1709078969864294652;"Kekhawatiran Anies ini bukan tanpa alasan. Karena secara penalaran awam saja, beberapa PSN itu dalam pelaksanaannya tidak mencerminkan untuk kepentingan rakyatnya. Tapi lebih kepada personal atau golongan tertentu saja. Sebagai contoh: proyek di Rempang.";0;1;0;0;in;1663766435490050049;1709078961005981870;MuMaryanto;https://twitter.com/MuMaryanto/status/1709078969864294652
Tue Oct 03 05:27:34 +0000 2023;1709077712349110780;"@AbyAlthaf @abhie_000 @KompasTV Proyek BTS, PLTS di rempang. Data sudah tersaji banyak..";0;0;0;0;in;95740639;1708683823880503545;afriandas;https://twitter.com/afriandas/status/1709077712349110780
Tue Oct 03 05:27:13 +0000 2023;1709077625699000706;"Dialog Airlangga dengan Masyarakat Rempang #GolkarIndonesia #AirlanggaHartarto #Rempang https://t.co/uNLUKl3eCX";0;0;0;3;in;1503998865803939842;1709077625699000706;IndonesiaEmas24;https://twitter.com/IndonesiaEmas24/status/1709077625699000706
Tue Oct 03 05:25:26 +0000 2023;1709077176233119787;"@CNNIndonesia Buat warga rempang yg belakangan ini hidupnya di landa ketakutan gelisah dan susah ini dia pelaku utamanya kalau mau cari silahkan.";0;0;0;0;in;1105971014347907072;1708999337672585277;desra281;https://twitter.com/desra281/status/1709077176233119787
Tue Oct 03 05:22:58 +0000 2023;1709076553454546996;"Update Progress Investasi Rempang, Kepala BP Batam Hadiri RDP Komisi VI DPR RI https://t.co/LT06f0hHpk lewat @Bursa Kota";0;0;0;0;in;1451616847996985345;1709076553454546996;bursakota;https://twitter.com/bursakota/status/1709076553454546996
Tue Oct 03 05:22:43 +0000 2023;1709076491940819066;"@CNNIndonesia Baik nya diskusi sendiri dengan rakjat Rempang (tanpa kawal) jadi lebih kondusip. Jelaskan baik2. (Kalo ada nyali).";0;0;0;0;in;17708674;1708999337672585277;afatsal;https://twitter.com/afatsal/status/1709076491940819066
Tue Oct 03 05:19:18 +0000 2023;1709075631772938284;"DPR Minta Bahlil Lahadalia dan Muhammad Rudi Selesaikan Konflik Rempang secara Humanis https://t.co/1utHztPLqj";2;2;32;59;in;887743587579944960;1709075631772938284;OposisiCerdas;https://twitter.com/OposisiCerdas/status/1709075631772938284
Tue Oct 03 05:17:32 +0000 2023;1709075188888064341;"@tempodotco Cari saja lokasi lain utk investasi daerah Indonesia ini kan luas..ngapain juga hrs dipaksakan pulau rempang sementara masyarakatnya tdk setuju utk direlokasi";0;0;1;0;in;1119744609007980544;1708761038085402927;MT93990025;https://twitter.com/MT93990025/status/1709075188888064341
Tue Oct 03 05:10:22 +0000 2023;1709073382665597081;"@Uki23 Kira kira akan membahas BBM,harga beras ,Rempang gak @Uki";0;0;0;0;in;1697874031771553792;1708887505620308186;Agusslawas;https://twitter.com/Agusslawas/status/1709073382665597081
Tue Oct 03 05:09:42 +0000 2023;1709073214507528516;"Tokoh Rempang Ungkap: Tak akan Maju Tanpa Investasi | https://t.co/xMJ2L4HHUo https://t.co/wmmjjbC92I";0;0;0;0;in;1692703148383891456;1709073214507528516;AmperaNews07;https://twitter.com/AmperaNews07/status/1709073214507528516
Tue Oct 03 05:07:43 +0000 2023;1709072715855147165;"@OposisiCerdas Rempang";0;0;0;2;in;1483299468653248514;1708886200155865217;nananamana163;https://twitter.com/nananamana163/status/1709072715855147165
Tue Oct 03 05:04:36 +0000 2023;1709071931453173957;"Ini Kabar 35 Warga Didemo Rempang yang Belum Dibebaskan https://t.co/mbBDBQnwlM";0;0;38;71;in;887743587579944960;1709071931453173957;OposisiCerdas;https://twitter.com/OposisiCerdas/status/1709071931453173957
Tue Oct 03 05:02:12 +0000 2023;1709071327884386371;"@Twitkustik @MurtadhaOne1 Ya ya, penuh canda, Naikin bbm ngumpet, ngusir warga rempang, Naikin pajak, gadaikan apbn buat KCIC , enteng aja! Nyebong nye dungukan diri? Enteng aja! Emang enak jadi rakyat mukidi Men cebong kan diri";0;0;0;1;in;945784868;1708724567999643762;abi_daawud;https://twitter.com/abi_daawud/status/1709071327884386371
Tue Oct 03 05:00:00 +0000 2023;1709070774332719556;"Rapat Kerja Komisi VI DPR RI Bahas Konflik Lahan Di Rempang #sinpotv #komisi6 #dprri #hermankhaeron https://t.co/gaysw5F8Rm";0;0;0;0;in;1012174601055449088;1709070774332719556;IdSinpo;https://twitter.com/IdSinpo/status/1709070774332719556
Tue Oct 03 04:52:20 +0000 2023;1709068846282473970;"@tvOneNews Ncw dapat data dari mana,apa data fakta atau data asumsi,imajinasi,persepsi saja.bila seperti itu ncw tak ubahnya pendukung anis.asal omong dgn asumsi,imajinasi sesat untuk membodohi rakyat indonesia.biarlah Rempang maju,makmur,sejahtera";0;1;0;0;in;1705086925969981440;1709055835190788100;nolakbodoh90740;https://twitter.com/nolakbodoh90740/status/1709068846282473970
Tue Oct 03 04:51:40 +0000 2023;1709068679776972802;"Terkait Konflik Rempang, MentBahlil Akui Pemerintah Lakukan Kekeliruan https://t.co/xTrSGleBKF";0;0;0;0;in;567966875;1709068679776972802;lawjusticeco;https://twitter.com/lawjusticeco/status/1709068679776972802
Tue Oct 03 04:50:13 +0000 2023;1709068312624402641;"@tvOneNews Tidak ada masyarakat yg menolak investor, dan tidak ada Investor menggusur Kampung kecuali Penjajah, apalagi Kampung Rempang yg sudah ada sebelum Pemerintah ada.";0;0;0;0;in;1318069215400620032;1708846201469354109;EdiazmiR;https://twitter.com/EdiazmiR/status/1709068312624402641
Tue Oct 03 04:50:00 +0000 2023;1709068257515409525;"Pengembangan Rempang Eco-City, 7 KK Pindah ke Hunian Sementara https://t.co/GiuNl7qsah";0;0;0;0;in;60490875;1709068257515409525;BatamPos;https://twitter.com/BatamPos/status/1709068257515409525
Tue Oct 03 04:49:47 +0000 2023;1709068203484491976;"Tomy Winata Mengemuka dalam Proyek Rempang Eco-City: Investasi Besar di Pulau Rempang https://t.co/E1olEHpPeW";0;0;0;0;in;1607216330436116481;1709068203484491976;FederasiTv;https://twitter.com/FederasiTv/status/1709068203484491976
Tue Oct 03 04:48:27 +0000 2023;1709067870196646171;"Waktu : 09.30 WIB (waktu server aplikasi lelang https://t.co/mRRwBKYVAz)    Tempat lelang : Bea Cukai Pasuruan Jl. Rembang Industri No.1, Kab. Pasuruan  Penetapan Pemenang : Setelah Batas Akhir Penawaran";0;1;0;0;in;808554926259326976;1709067637534421291;bcpasuruan;https://twitter.com/bcpasuruan/status/1709067870196646171
Tue Oct 03 04:48:21 +0000 2023;1709067842887495879;"Lu yg tolol sbnarnya nyet. Makanya lu dikasih otak tuk berpikir! IKN ma Rempang ja udah bisa Ketauan itu titipan. Tp memang kepala lu isi cman tai.";0;0;0;0;in;209934964;1709067842887495879;Offcial_Har;https://twitter.com/Offcial_Har/status/1709067842887495879
Tue Oct 03 04:47:33 +0000 2023;1709067641372262758;"Link Berita Selengkapnya :  https://t.co/ECCippP3aU  #divhumaspolri  #komnasham  #rempang https://t.co/Jy9jFtqc2L";0;0;0;3;in;4787460974;1709067641372262758;poldakeprihumas;https://twitter.com/poldakeprihumas/status/1709067641372262758
Tue Oct 03 04:45:18 +0000 2023;1709067074268791140;"@CNNIndonesia HAY MENTRI VAHLUL LO KIRA TANAH NENEK MOTANG REMPANG KSU SIAPA MAUKERHA SAMA  CHINA KOMUNIS ITU JAMI RAH6AT MELAYU TIDAK AKAN MEMBERIKAN TANAH JAMI SEJENGKAL PUN PADA PENGIKUT OLIGARKY";0;0;0;0;in;1678452096985874433;1708999337672585277;cantik_sya35762;https://twitter.com/cantik_sya35762/status/1709067074268791140
Tue Oct 03 04:45:01 +0000 2023;1709067005926752548;"35 Warga Rempang Masih Ditahan, Kabid Humas: Penangguhan Penahanan Kewenangan Penyidik https://t.co/csGIKQWaFU";0;1;0;0;in;60490875;1709067005926752548;BatamPos;https://twitter.com/BatamPos/status/1709067005926752548
Tue Oct 03 04:44:30 +0000 2023;1709066875790147714;"@ajengcute16__ Rempang";0;0;0;0;in;1504120298379288579;1708719741861519452;BudiTeguhSanto4;https://twitter.com/BudiTeguhSanto4/status/1709066875790147714
Tue Oct 03 04:44:25 +0000 2023;1709066855389036612;"@OposisiCerdas Rempang, ikn itu belum kantongi amdal semua, tapi pemerintah memaksakan kan bajingan tolol";0;0;0;0;in;1674541677535707136;1708826422440259827;SugaSport;https://twitter.com/SugaSport/status/1709066855389036612
Tue Oct 03 04:41:01 +0000 2023;1709065997737775273;"Dituding Bohong soal Investasi Rp175 Triliun di Rempang, Bahlil: Mana Pernah Saya Bohongi Publik https://t.co/sNuXCTfbZq";0;0;0;0;in;1225432911899324419;1709065997737775273;RepelitaO;https://twitter.com/RepelitaO/status/1709065997737775273
Tue Oct 03 04:39:57 +0000 2023;1709065729105133885;"Menolak Konsultasi AMDAL, Warga Pulau Rempang Bentangkan Spanduk Penolakan: Kami Menangis! https://t.co/zBbhB0QOQe";0;0;81;166;in;887743587579944960;1709065729105133885;OposisiCerdas;https://twitter.com/OposisiCerdas/status/1709065729105133885
Tue Oct 03 04:39:50 +0000 2023;1709065701607223454;"Bocorkan Motif Tersembunyi Investasi Rempang, Marwan Batubara: China Bisa Tancapkan... #UsirTKAChinaUnfaedah  #UsirTKAChinaUnfaedah https://t.co/uukJwB6ToL";0;0;0;0;in;1567483663545438209;1709065701607223454;PutunMy;https://twitter.com/PutunMy/status/1709065701607223454
Tue Oct 03 04:39:11 +0000 2023;1709065536565612690;"Update Progress Investasi Rempang, Kepala BP Batam Hadiri RDP Komisi VI DPR RI https://t.co/YwPsBqBxji";0;0;0;0;in;1242444612054081536;1709065536565612690;TimesHms;https://twitter.com/TimesHms/status/1709065536565612690
Tue Oct 03 04:34:16 +0000 2023;1709064298591617367;"Warga Belongkeng Rempang Kembali Gelar Aksi Tolak Relokasi https://t.co/sxLmO87oHE";0;0;0;0;in;2337692172;1709064298591617367;FSPMI_KSPI;https://twitter.com/FSPMI_KSPI/status/1709064298591617367
Tue Oct 03 04:33:52 +0000 2023;1709064197437624662;"Petinggi PSI kabarkan Mama Mega Marah ke Ganjar karena Elektabilitasnya gak naik2 alias GAK LAKU....😅  Waduh gimana soal Rempang ini bs2 whoosh whoosh disikat isu begina begini melulu 😅😅😅 https://t.co/FsD37P0C4s";6;4;15;36;in;1471889468562886657;1709064197437624662;ada_pohan;https://twitter.com/ada_pohan/status/1709064197437624662
Tue Oct 03 04:33:41 +0000 2023;1709064152474583233;"Menteri Bahlil dan Kepala BP Batam Laporkan Progress Investasi Rempang ke Komisi VI DPR RI https://t.co/VxKMjLUm1h";0;0;0;0;in;4401199034;1709064152474583233;WartaKepri;https://twitter.com/WartaKepri/status/1709064152474583233
Tue Oct 03 04:33:29 +0000 2023;1709064103581417865;"DPR Minta Bahlil Lahadalia dan Muhammad Rudi Selesaikan Konflik Rempang secara Humanis https://t.co/e49DIHwCIX";0;0;0;0;in;1662344532627976192;1709064103581417865;geloradotnews;https://twitter.com/geloradotnews/status/1709064103581417865
Tue Oct 03 04:33:29 +0000 2023;1709064100821586295;"Ini Kabar 35 Warga Didemo Rempang yang Belum Dibebaskan https://t.co/WnPVuZkE5d";0;0;0;0;in;1662344532627976192;1709064100821586295;geloradotnews;https://twitter.com/geloradotnews/status/1709064100821586295
Tue Oct 03 04:33:03 +0000 2023;1709063992952627241;"@tvOneNews @bahlillahadalia makanya ttp dipaksakan ya Pak rempang wkwkwkwk";0;0;0;3;in;1586901935546073088;1709055835190788100;7Bersama;https://twitter.com/7Bersama/status/1709063992952627241
Tue Oct 03 04:32:09 +0000 2023;1709063768607776853;"@DoankWarto Dah dibilang REMPANG... KCIC .";0;0;0;0;in;1605556221381324800;1708946206188298258;Hashas_TM81;https://twitter.com/Hashas_TM81/status/1709063768607776853
Tue Oct 03 04:31:57 +0000 2023;1709063718087041235;"7 Temuan NCW Terkait Polemik Rempang, Nomer Enam Libatkan Pihak Keamanan https://t.co/kkxUif3mLp";0;0;0;0;in;1636627729675337734;1709063718087041235;posaktualcom;https://twitter.com/posaktualcom/status/1709063718087041235
Tue Oct 03 04:31:15 +0000 2023;1709063539489640706;"Kl BL gagal di Rempang, jabatannya jd taruhan. Makanya segala cara akan dilakukan. Bangsatt..";0;0;0;0;in;1098015609499971584;1709063539489640706;Om_HME;https://twitter.com/Om_HME/status/1709063539489640706
Tue Oct 03 04:30:25 +0000 2023;1709063328633700838;"@OposisiCerdas @msaid_didu Kl BL gagal di Rempang, jabatannya jd taruhan. Makanya segala cara akan dilakukan. Bangsatt..";0;0;0;1;in;1098015609499971584;1708888928512774553;Om_HME;https://twitter.com/Om_HME/status/1709063328633700838
Tue Oct 03 04:29:58 +0000 2023;1709063215706214830;"@CNNIndonesia Analisis itu nanti dipakai untuk pembenaran pengusiran warga, ujung-ujungnya nanti hasil analisis akan mengatakan pulau Rempang tak layak huni.";0;0;0;0;in;2177741178;1708999337672585277;rajaonan;https://twitter.com/rajaonan/status/1709063215706214830
Tue Oct 03 04:28:42 +0000 2023;1709062896783958335;"Gimana ceritanya rencana bisnis di rempang yg sudah lama mandek ini bisa kemudian jadi Proyek Strategis Nasional (PSN)?, titipan siapakah gerangan?";6;8;215;390;in;178237411;1709062896783958335;AndiSinulingga;https://twitter.com/AndiSinulingga/status/1709062896783958335
Tue Oct 03 04:28:00 +0000 2023;1709062721067692347;"Pertemuan dan dialog langsung Airlangga dengan masyarakat Tanjung Banon berlangsung dalam suasana akrab serta diliputi dengan harapan-harapan yang disampaikan oleh masyarakat. #GolkarIndonesia #AirlanggaHartarto #Jokowi #rempang #beritaterkini https://t.co/ntRmxlrBjM";0;0;0;0;in;1465222115989209093;1709062721067692347;kuningemass;https://twitter.com/kuningemass/status/1709062721067692347
Tue Oct 03 04:27:05 +0000 2023;1709062491970445562;"Ini Kabar 35 Warga Didemo Rempang yang Belum Dibebaskan https://t.co/lWipzNUsQM";0;0;0;0;in;1636627729675337734;1709062491970445562;posaktualcom;https://twitter.com/posaktualcom/status/1709062491970445562
Tue Oct 03 04:26:43 +0000 2023;1709062398710038753;"DPR Minta Bahlil Lahadalia dan Muhammad Rudi Selesaikan Konflik Rempang secara Humanis https://t.co/OSx03fcNcp";0;0;0;0;in;1636627729675337734;1709062398710038753;posaktualcom;https://twitter.com/posaktualcom/status/1709062398710038753
Tue Oct 03 04:25:46 +0000 2023;1709062160813576431;"@narkosun Proyek eco park rempang  itu titipan taipan siapa cuk? Ini baru satu...!";0;0;0;0;in;1129176352668577792;1708967107734782339;menakdobol;https://twitter.com/menakdobol/status/1709062160813576431
Tue Oct 03 04:24:26 +0000 2023;1709061826645049407;"NCW Ungkap Ada Indikasi Korupsi dalam Pembangunan Rempang ECO City, Ini Hasil Penyelidikannya https://t.co/juhVCt7Xga";0;1;37;46;in;887743587579944960;1709061826645049407;OposisiCerdas;https://twitter.com/OposisiCerdas/status/1709061826645049407
Tue Oct 03 04:22:42 +0000 2023;1709061386847043950;"@ShamsiAli2 Cara2nya udah mirip komunis. Menghalalkan segala cara termasuk berbohong soal jumlah warga Rempang yg setuju "digeser" dan juga bahkan soal AMDAL.";0;0;0;0;in;990658484193513473;1708810029988802793;nisma_mokhtar;https://twitter.com/nisma_mokhtar/status/1709061386847043950
Tue Oct 03 04:22:16 +0000 2023;1709061280785723750;"Tenanglah kau duhai..Yahya Staquf ttg negara kesatuan &amp  Pancasila itu kt rkyat Indonesia mmg mngakuiny Final ! Semangatmu bgitu berapi2 saat Ucapkan itu.. Klo bgtu sy mau lihat jg Jiwa Pancasila kau Coba kau lihat Rakyat Rempang Silahkan mulutmu..Bicaralah! #UsirTKAChinaUnfaedah";0;2;6;14;in;1054217592645140480;1709061280785723750;Deslini2;https://twitter.com/Deslini2/status/1709061280785723750
Tue Oct 03 04:21:41 +0000 2023;1709061130822492378;"@FraksiRakyatID Apa kabar Rempang??";0;0;0;0;in;1097155867588255744;1708704319510605921;m_etek;https://twitter.com/m_etek/status/1709061130822492378
Tue Oct 03 04:20:50 +0000 2023;1709060917911269532;"🔴LIVE PANAS..!!🔥REMPANG MENGGELORA 🔥PUTUSAN SIDANG KORBAN MAFIA TANAH VS... https://t.co/vqBQB8mbp4 via @YouTube";0;0;0;0;in;390486344;1709060917911269532;iMasjidPonorogo;https://twitter.com/iMasjidPonorogo/status/1709060917911269532
Tue Oct 03 04:18:55 +0000 2023;1709060435809595420;"Relokasi Warga Rempang Ditanggung PUPR https://t.co/Klta0a1YUX";0;0;2;2;in;485385284;1709060435809595420;ronavioleta;https://twitter.com/ronavioleta/status/1709060435809595420
Tue Oct 03 04:18:39 +0000 2023;1709060370940436773;"@islah_bahrawi Coba lu bahas yang lebih kekinian ngapa? Radikal radikul terus,kalo emang kelompok itu ada, abu janda yg bolak balik melecehkan ajaran islam pasti udah game over,  Bahas kasus rempang dari sudut pandang dengkulmu kek!!!";0;0;0;0;in;1668490712105762816;1707599535441359052;gundulisaurus37;https://twitter.com/gundulisaurus37/status/1709060370940436773
Tue Oct 03 04:17:55 +0000 2023;1709060183337611276;"Klaim Bahlil: Warga Rempang Pindah Sukarela https://t.co/S5dBidMiAU";0;0;4;2;in;485385284;1709060183337611276;ronavioleta;https://twitter.com/ronavioleta/status/1709060183337611276
Tue Oct 03 04:17:37 +0000 2023;1709060109006156068;"Kalo kita menyebutkan Rempang, Wadas atau subsidi kendaraan, IKN, Patung Soekarno masuk katagori proyek titipan gak gaesss?  https://t.co/jODtZLb5rv";0;0;1;7;in;3580227492;1709060109006156068;YandraD31;https://twitter.com/YandraD31/status/1709060109006156068
Tue Oct 03 04:17:03 +0000 2023;1709059967934984575;"Investasi Xinyi Group di Gresik, Bangka Selatan, dan yang terbaru di Pulau Rempang diduga hanya untuk mengerek nilai saham perusahaan https://t.co/mJJ3N7thMG";0;1;0;0;in;874558344593195008;1709059967934984575;validnewsid;https://twitter.com/validnewsid/status/1709059967934984575
Tue Oct 03 04:13:34 +0000 2023;1709059091933630848;"@adrian_jordian @Kayakuwek2 @KangManto123 @Almudattsir @Resty_J_Cayah @aniesbaswedan Maaf, gua ga tll paham hal pulau rempang. Takut salah ber ucap 🙏";0;0;0;0;in;1604850657034653696;1708737756384370700;bumijo1964;https://twitter.com/bumijo1964/status/1709059091933630848
Tue Oct 03 04:09:13 +0000 2023;1709057993579643181;"HMI Kecam Menteri Bahlil Pakai Preman Bubarkan Aksi Bela Rempang  Selasa Pagii Whoosh Prabowo Takut Debat Dear J Kades Laos Perokok Konsumsi Pertalite MAU MIN SAKURA MEKAR DI JAKARTA Congratulations Jennie Jodie Hamil #AniesMuhaimin2024 https://t.co/IKU64k9Cvk";0;0;0;0;in;1685673696911069184;1709057993579643181;wan_heartnews;https://twitter.com/wan_heartnews/status/1709057993579643181
Tue Oct 03 04:08:06 +0000 2023;1709057713580409083;"Warga Belongkeng Rempang Kembali Gelar Aksi Tolak Relokasi https://t.co/lgFfQdbDrG https://t.co/ed0xeavfo8";0;0;0;0;in;815071346073796608;1709057713580409083;JalakHarupat411;https://twitter.com/JalakHarupat411/status/1709057713580409083
Tue Oct 03 04:06:46 +0000 2023;1709057377763532954;"@WatchmenID Kebanyakan nonton isil0p bully warga Rempang, Kanjuruhan, Wadas, dsb. Makanya begitu";0;0;0;0;in;1577466107983986688;1708673443661836390;Alhascatlovers;https://twitter.com/Alhascatlovers/status/1709057377763532954
Tue Oct 03 04:05:59 +0000 2023;1709057182036373518;"@ekowboy2 IKN, KCIC, REMPANG.... gn pura2 bego.... tak baik";0;0;0;0;in;1603682612693766144;1708824506448666863;Stopletkol;https://twitter.com/Stopletkol/status/1709057182036373518
Tue Oct 03 04:05:23 +0000 2023;1709057032559697968;"@rmol_id Itu kalian bukan sedang membela masyarakat rempang,tapi sekedar hura2 demo aja...masyarakat rempangnya udah siap direlokasi kok kalian masih ribut .nanti di gebukin aparat bilangnya kriminalisasi demokrasi...rakyat tidak butuh mahasiswa seperti kalian..";0;1;0;1;in;1339284375146360833;1708837185653547418;MargaSuta;https://twitter.com/MargaSuta/status/1709057032559697968
Tue Oct 03 04:03:47 +0000 2023;1709056628266328287;"DPR Minta Bahlil Lahadalia dan Muhammad Rudi Selesaikan Konflik Rempang secara Humanis https://t.co/8JfBAsHziP https://t.co/vjIqBpJOJw";0;0;0;0;in;1592886017446793218;1709056628266328287;polhukamid_;https://twitter.com/polhukamid_/status/1709056628266328287
Tue Oct 03 04:03:44 +0000 2023;1709056613581983896;"Ini Kabar 35 Warga Didemo Rempang yang Belum Dibebaskan https://t.co/wOt7b9JlXf https://t.co/Grm2Z7rojc";0;0;0;0;in;1592886017446793218;1709056613581983896;polhukamid_;https://twitter.com/polhukamid_/status/1709056613581983896
Tue Oct 03 03:59:18 +0000 2023;1709055500082688077;"TELAK! Disebut Netizen Bodoh Soal Investasi Rempang, Bahlil Panik Luruskan Informasi Liar https://t.co/3oIOZQFOzT";0;0;0;0;in;1685673696911069184;1709055500082688077;wan_heartnews;https://twitter.com/wan_heartnews/status/1709055500082688077
Tue Oct 03 03:58:15 +0000 2023;1709055237083005234;"TELAK! Netizen Sebut Bodoh Soal Investasi Rempang, Bahlil Luruskan Informasi Liar  Selasa Pagii Whoosh Prabowo Takut Debat Dear J Kades Laos Perokok Konsumsi Pertalite MAU MIN SAKURA MEKAR DI JAKARTA Congratulations Jennie Jodie Hamil #AniesMuhaimin2024 https://t.co/3oIOZQFOzT";0;0;0;0;in;1685673696911069184;1709055237083005234;wan_heartnews;https://twitter.com/wan_heartnews/status/1709055237083005234
Tue Oct 03 03:57:50 +0000 2023;1709055131197825323;"Masyarakat Pulau Rempang tidak menolak investasi. Sebagian besar masyarakat telah menyadari pentingnya membuka pintu masuk investasi untuk kemajuan Pulau Rempang.  #RempangEcoCity #RempangBatam #InvestasiRempang #RempangDamai #RempangMaju #RempangNaikKelas #InvestasiUntukRakyat https://t.co/eccH07geDC";0;0;0;0;in;1658740156004990977;1709055131197825323;JulianaAis65909;https://twitter.com/JulianaAis65909/status/1709055131197825323
Tue Oct 03 03:57:41 +0000 2023;1709055094787113075;"@choymarkochoy Mengapa harus dengan membujuk ya ?   Paksa saja...tinggal perintahkan aparat unt membawa mereka ke sana..lagi pula sdh disediakan semua fasilitasnya   Di Rempang, Wadas dll nya bisa";0;0;0;0;in;4597496354;1709051440185131276;MaliminRinaldi;https://twitter.com/MaliminRinaldi/status/1709055094787113075
Tue Oct 03 03:57:10 +0000 2023;1709054963471773949;"@msobri99 Contoh paling deket, Dibuatnya Proyek Strategis Nasional pabrik panel surya China dan Eco city Rempang biar bebas usir 16 Desa titipan siapa coy... Apa perlu sy jelaskan... 😅😅🤭🤭";0;0;0;0;in;739296590712561664;1709009423035937058;JokoWiyanto12;https://twitter.com/JokoWiyanto12/status/1709054963471773949
Tue Oct 03 03:55:40 +0000 2023;1709054585871200629;"@tvOneNews Pengalihan isu rempang";0;0;0;0;in;1410231539711975424;1708345388519096356;apifml;https://twitter.com/apifml/status/1709054585871200629
Tue Oct 03 03:54:55 +0000 2023;1709054394594169127;"@liaasister Pejabat berpesta diatas penindasan rakyat wadas, rakyat rembang, rakyat morowali, rakyat rempang, rakyat banyuwangi, trenggalek, dll.";0;0;0;0;in;1603892013124177921;1708640098974150997;yudi_hudaya;https://twitter.com/yudi_hudaya/status/1709054394594169127
Tue Oct 03 03:52:35 +0000 2023;1709053810189164724;"@AlghifAqsa Kalau di negara yang bener, harusnya udah pada mengikuti jejak warga Rempang ke gedung DPR dan istana presiden";0;0;0;4;in;1349026494912217089;1708867321006317909;regulusaja;https://twitter.com/regulusaja/status/1709053810189164724
Tue Oct 03 03:51:53 +0000 2023;1709053632090628596;"Saat Bahlil Ungkap Peran Tomy Winata di Proyek Rempang  https://t.co/8nXMt3qdjw";0;2;0;2;in;847372542830444544;1709053632090628596;cnbcindonesia;https://twitter.com/cnbcindonesia/status/1709053632090628596
Tue Oct 03 03:51:23 +0000 2023;1709053509361074341;"xinyi ingkar mou di gresik &amp  babel. xinyi jg gk masuk 10 perusahan besar. kok ada pjbt ngr yg ngotot xinyi investasi  besar²a di P Rempang &amp  akn gusur paksa penduduk.  perusahaan pembohong &amp  pjbt ngibul. https://t.co/tjbskylQTY https://t.co/cTa0qjAPFH";1;1;1;4;in;1582039167181107204;1709053509361074341;drama_maya8;https://twitter.com/drama_maya8/status/1709053509361074341
Tue Oct 03 03:50:18 +0000 2023;1709053235586273291;"@OposisiCerdas Orang kalau marah artinya salah, itu secara psikologi. Anies ga ngomong siapa2 tapi memperkirakan. PSN itu tujuan jangka panjang, hrs melalui jangka pendek dan menengah, ini batiba di acc utk PSN di Rempang tanpa lihat rencana, ya pastilah orang pintar mikir ada apanya.";0;0;1;16;in;1347407582688800772;1708886200155865217;ABDULRA89491208;https://twitter.com/ABDULRA89491208/status/1709053235586273291
Tue Oct 03 03:50:08 +0000 2023;1709053194796749095;"Masyarakat Sipil Sentil Bahlil yang Gusur Warga Rempang Tanpa AMDAL https://t.co/DF0o37XEKs";0;0;0;0;in;388190238;1709053194796749095;IDNTimes;https://twitter.com/IDNTimes/status/1709053194796749095
Tue Oct 03 03:47:08 +0000 2023;1709052438156812586;"@ekowboy2 Di Rempang itu murni proyek swasta, karena dimiliki Erick dan LBP jadilah PSN.";0;0;0;0;in;1487986684155539456;1708824506448666863;HermanWSutisna1;https://twitter.com/HermanWSutisna1/status/1709052438156812586
Tue Oct 03 03:46:39 +0000 2023;1709052314802401393;"DPR ga ngerti ya.... Masyarakat Rempang ga mau pindah, gitu aja kog repot";0;0;0;0;in;1662338166014222336;1709052314802401393;putiksakura;https://twitter.com/putiksakura/status/1709052314802401393
Tue Oct 03 03:45:00 +0000 2023;1709051899683725504;"7 Temuan NCW Terkait Polemik Rempang, Nomer Enam Libatkan Pihak Keamanan https://t.co/8QHeDdgWap";0;0;2;1;in;1243804423001763841;1709051899683725504;democrazymedia;https://twitter.com/democrazymedia/status/1709051899683725504
Tue Oct 03 03:43:21 +0000 2023;1709051485999526381;"@tvOneNews Provokator dan yg gak paham apa2 saat ini byk komen soal Rempang. Nah yg kosong mudah terprovokasi.  Boys Jakarta saja seperti kawasan Mal &amp  Perkantoran Arta Gading dan Komplek Gedung SCBD Sudirman siapa yg bangun ?  Kok gak ada suara selama ini ? Diam aja selama ini kok ?!";0;0;0;0;in;1707418170871717888;1708636560101699887;KiCebongMachine;https://twitter.com/KiCebongMachine/status/1709051485999526381
Tue Oct 03 03:43:01 +0000 2023;1709051400775463401;"@OposisiCerdas Kalau tidak ada TITIPAN, kenapa rezim Jokowi  paksakan eco city Rempang serta gembar-gemborkan Xinyi glass ?, naif jika ini tidak ada hubungan dengan proyek PLTS oligarki !";0;0;0;16;in;793427822949769216;1708886200155865217;MgmPtmgm;https://twitter.com/MgmPtmgm/status/1709051400775463401
Tue Oct 03 03:42:46 +0000 2023;1709051339605708879;"@Atheysoearsa @Abah_MAtDil @narkosun IKN titipan para naga. Rempang titipan Tomy winata. Subsidi kendaraan listrik Proyeknya Luhut";0;1;0;3;in;183955677;1708967107734782339;wongserah;https://twitter.com/wongserah/status/1709051339605708879
Tue Oct 03 03:40:08 +0000 2023;1709050676637257728;"@narkosun Mengabaikan jeritan 7 ribu penduduk rempang demi membela proyeknya Oligarki Tomy winata, apa bukan proyek titipan? 🤣";0;0;0;0;in;183955677;1708967107734782339;wongserah;https://twitter.com/wongserah/status/1709050676637257728
Tue Oct 03 03:39:36 +0000 2023;1709050542666989768;"Warga Belongkeng Rempang Kembali Gelar Aksi Tolak Relokasi https://t.co/p5Lz8kodfY https://t.co/UTvCovLRH9";0;0;0;0;in;715691775260688385;1709050542666989768;puk_omron;https://twitter.com/puk_omron/status/1709050542666989768
Tue Oct 03 03:38:12 +0000 2023;1709050187988226547;"@tempodotco Karena memang Taipan dan cina ingin kuasai Rempang keseluruhan !";0;0;0;1;in;793427822949769216;1708843172443631644;MgmPtmgm;https://twitter.com/MgmPtmgm/status/1709050187988226547
Tue Oct 03 03:37:35 +0000 2023;1709050035986628884;"@adrian_jordian @Kayakuwek2 @KangManto123 @Almudattsir @Resty_J_Cayah @aniesbaswedan Rempang itu udah ada sejak thn 2001... ga ada urusannya ama pakde Warga rempang baik2 aja kok... insya Allah win win 👍";0;1;0;0;in;1604850657034653696;1708737756384370700;bumijo1964;https://twitter.com/bumijo1964/status/1709050035986628884
Tue Oct 03 03:35:12 +0000 2023;1709049436046069973;"Melayu Rempang lepas bisa jadi pintu masuk utk Papua dan Aceh yg sdh lama ingin pisah ....";0;0;0;2;in;99844988;1709049436046069973;Hendri_Mantis;https://twitter.com/Hendri_Mantis/status/1709049436046069973
Tue Oct 03 03:34:33 +0000 2023;1709049271188910394;"Ini Kabar 35 Warga Didemo Rempang yang Belum Dibebaskan https://t.co/8v4zUp8kWe";5;4;62;67;in;3319260420;1709049271188910394;geloraco;https://twitter.com/geloraco/status/1709049271188910394
Tue Oct 03 03:33:57 +0000 2023;1709049120571416669;"@ganjarpranowo Mari rapatkan barisan dukung pasangan Amin untuk perubahan yg adil makmur di bumi indonesia Bila ganjar dipastikan rakyat akan di tindas contohnya wadas selanjutnya rempang.";0;0;0;0;in;1102781306;1708709713985282133;ZaemKribo;https://twitter.com/ZaemKribo/status/1709049120571416669
Tue Oct 03 03:32:43 +0000 2023;1709048808473317688;"Tarian di atas derita Rempang ? gitu drun?  BEST LEADER Selingkuh Dear J Jodie Hamil Jawa Mirna Pagii Perokok Senin Kades Jessica San Jaegar 獄門疆ティラミス Whoosh Sarapan マックのCM HUANG RENJUN THANK YOU 1,7 Jt 三角チョコパイ Prabowo https://t.co/emBwlr1btw";2;0;1;3;ja;1642104279111712768;1709048808473317688;JihaanGita;https://twitter.com/JihaanGita/status/1709048808473317688
Tue Oct 03 03:30:24 +0000 2023;1709048228560433428;"DPR Minta Bahlil Lahadalia dan Muhammad Rudi Selesaikan Konflik Rempang secara Humanis https://t.co/rSMUEQj5NV";2;0;3;2;in;3319260420;1709048228560433428;geloraco;https://twitter.com/geloraco/status/1709048228560433428
Tue Oct 03 03:20:08 +0000 2023;1709045643367633243;"Mana mungkin Bahlil mau mundur, wong invesrasi rempang ada cuannya kok, toh thn 2024 tdk punya job lagi";0;0;0;0;in;1171326344359079937;1709045643367633243;mhbmuhib17;https://twitter.com/mhbmuhib17/status/1709045643367633243
Tue Oct 03 03:20:04 +0000 2023;1709045625420239278;"Warga Belongkeng Rempang Kembali Gelar Aksi Tolak Relokasi https://t.co/PPORZbhIIE https://t.co/NpNfyPiSBq";0;0;0;0;in;709384472;1709045625420239278;bomax_Korslet;https://twitter.com/bomax_Korslet/status/1709045625420239278
Tue Oct 03 03:19:35 +0000 2023;1709045504758386901;"@tvOneNews Rempang";0;0;0;0;in;983938302171426818;1708787217106448517;4d17a17;https://twitter.com/4d17a17/status/1709045504758386901
Tue Oct 03 03:17:37 +0000 2023;1709045010937893069;"@KakekHalal Contohnya PSN Rempang yang belum ada HPL, Amdal, tapi sudah mau gusur warga. Bagaimana sudah ditetapkan sebagai PSN tapi syarat² tidak dipenuhi.";0;0;0;2;in;1393687502192398339;1708840598449672640;FaqihMas1;https://twitter.com/FaqihMas1/status/1709045010937893069
Tue Oct 03 03:16:54 +0000 2023;1709044828137529490;"Top Isu, 02 Oktober 2023 1. Selamat Hari Batik Nasional 2. Jokowi Resmikan KCJB Whoosh 3. KPK Panggil Febri, Rasamala dan Donal 4. Konflik Rempang 5. Kenaikan Harga BBM 6. Judi Online Amanda Manopo 7. KCIC: Kereta Cepat Masih Gratis 8. MK Tolak Gugatan UU Cipta Kerja #issue #isu https://t.co/WFDNXSTXJp";0;0;0;0;in;588070376;1709044828137529490;dotsolutionnet;https://twitter.com/dotsolutionnet/status/1709044828137529490
Tue Oct 03 03:15:46 +0000 2023;1709044545449841143;"@tvOneNews Awalnya Pulau Rempang minta dikosongkan, stlh ditolak berganti menjadi digeser.   Yg menjadi pertanyaan blm terjawab, pulau Rempang luas 17.000 ha: 1. Kenapa pabrik hrs dibangun dipemukiman warga? 2. Kenapa tdk pabriknya yg dibangun diluar pemukiman warga?  Aneh 🤔🤔🤔";0;1;0;20;in;1603768816189988865;1709027628488028280;rangkutifuat;https://twitter.com/rangkutifuat/status/1709044545449841143
Tue Oct 03 03:14:38 +0000 2023;1709044258257486077;"@jokowi Ke Rempang kapan whoosh nya pak???";0;1;0;3;in;1553279597281546240;1708811277169213670;APraja85;https://twitter.com/APraja85/status/1709044258257486077
Tue Oct 03 03:13:20 +0000 2023;1709043931055542751;"@tvOneNews Kemana aje lo.....orang udh tau dr kapan ,baru ngomong sekarang.....Tolak Investasi Bodong Rempang";0;0;0;0;in;64605516;1708980841375056337;iwalanwar;https://twitter.com/iwalanwar/status/1709043931055542751
Tue Oct 03 03:11:04 +0000 2023;1709043359581704543;"@RomeoWalker19 @aniesbaswedan @jokowi Rempang";0;1;0;0;in;1598398133225988096;1708649679049888076;iqbalas37165711;https://twitter.com/iqbalas37165711/status/1709043359581704543
Tue Oct 03 03:10:15 +0000 2023;1709043157864988675;"@KazukaQ @KompasTV Anak tolol urusan wadas nyalahi gub bahkan saat urusan dah selesai,urusan rempang nyalahi presiden";0;0;0;1;in;1379692222124236800;1709003470043594755;mayorkancil;https://twitter.com/mayorkancil/status/1709043157864988675
Tue Oct 03 03:05:54 +0000 2023;1709042060408611324;"HMI Kecam Menteri Bahlil Pakai Preman Bubarkan Aksi Bela Rempang  ...Bukannya Diberantas, Malah Dipakai Untuk Gebuk Rakyatnya... https://t.co/Jo6V2u07kd";2;15;88;144;in;1653800082200989697;1709042060408611324;blackshark_7890;https://twitter.com/blackshark_7890/status/1709042060408611324
Tue Oct 03 03:05:20 +0000 2023;1709041918838198325;"GILE BANGET...!!  TANPA AMDAL DAN HPL, REZIM MAIN GUSUR WARGA REMPANG  PANTAS WARGA MELAYU MERADANG..!! https://t.co/GnwZPnlzXb";0;1;11;23;in;1138950541180936192;1709041918838198325;hc_poirot;https://twitter.com/hc_poirot/status/1709041918838198325
Tue Oct 03 03:04:40 +0000 2023;1709041750772514935;"@tvOneNews Jadi penggusuran Rempang akal akalan supaya dapat memiliki Pulau buat kepentingan Lain, Allah Maha Mengetahui Niat Jahat Seseorang .";0;0;0;6;in;1318069215400620032;1708980841375056337;EdiazmiR;https://twitter.com/EdiazmiR/status/1709041750772514935
Tue Oct 03 03:04:05 +0000 2023;1709041605959958866;"@KompasTV Hehe, para cebong muncul.. Angel..  Urusan wadas, rempang dll podo diem, ANEH.. lu pada di bayar berapa sih?";0;2;0;4;in;1427474661797892106;1709003470043594755;KazukaQ;https://twitter.com/KazukaQ/status/1709041605959958866
Tue Oct 03 03:02:49 +0000 2023;1709041284760191011;"Bocorkan Motif Tersembunyi Investasi Rempang, Marwan Batubara: China Bisa Tancapkan...  https://t.co/WzROst3srq";0;0;0;0;in;793427822949769216;1709041284760191011;MgmPtmgm;https://twitter.com/MgmPtmgm/status/1709041284760191011
Tue Oct 03 03:01:36 +0000 2023;1709040978068492587;"Warga Belongkeng Rempang Kembali Gelar Aksi Tolak Relokasi https://t.co/y95Ig2q9ML https://t.co/JVUGgpTn3Q";0;0;0;0;in;945741439811469312;1709040978068492587;BuricakBurinyai;https://twitter.com/BuricakBurinyai/status/1709040978068492587
Tue Oct 03 03:01:04 +0000 2023;1709040845285179583;"Ssstts..! Bahlil Ungkap Peran Tomy Winata di Proyek Rempang https://t.co/ZiDQgp2mwC";0;0;0;0;in;1125553536102612992;1709040845285179583;Bardoel2;https://twitter.com/Bardoel2/status/1709040845285179583
Tue Oct 03 02:57:27 +0000 2023;1709039933342790029;"Riil bisnis BUMS..... Kok pake aparat negara khususnya TNI untuk menggeser dan menggusur warga Rempang???... AYOO....TITIPAN APA BUKAN???🤭🤭";0;0;0;0;in;1342516713263251460;1709039933342790029;ImamNganuu;https://twitter.com/ImamNganuu/status/1709039933342790029
Tue Oct 03 02:56:33 +0000 2023;1709039707689234677;"@CNNIndonesia Narasinya bukan Tim Penghambat, permainan kata lagi ni orang....Intinya TOLAK INVESTASI BODONG REMPANG.....tidak menguntungkan rakyat, hanya untuk kepentingan oligarchy @bahlillahadalia";0;0;0;0;in;64605516;1708999337672585277;iwalanwar;https://twitter.com/iwalanwar/status/1709039707689234677
Tue Oct 03 02:56:05 +0000 2023;1709039589325938824;"Penyebar Hoaks UAS Diperiksa soal Rempang Pegawai BUMN https://t.co/ah1xUP7bYD";0;0;0;0;in;793427822949769216;1709039589325938824;MgmPtmgm;https://twitter.com/MgmPtmgm/status/1709039589325938824
Tue Oct 03 02:55:44 +0000 2023;1709039504445915361;"@KompasTV PAPUA, REMPANG DLL, BUTUH KALIAN";0;0;0;0;in;365532543;1709003470043594755;asada_sade;https://twitter.com/asada_sade/status/1709039504445915361
Tue Oct 03 02:55:28 +0000 2023;1709039434543648851;"@narkosun Yang baru aja dullu,ikn dan Rempang ??? Kalau di sebutin semua akun buzzeer yang pada comen.";0;0;0;1;in;1478587230327246850;1708967107734782339;Muhamma80445332;https://twitter.com/Muhamma80445332/status/1709039434543648851
Tue Oct 03 02:51:35 +0000 2023;1709038458399080897;"Demi Investasi China, Perpres Penjamin Hak Warga Rempang Dikebut https://t.co/QmloXXiSBx";0;0;0;0;in;118646322;1709038458399080897;Bisniscom;https://twitter.com/Bisniscom/status/1709038458399080897
Tue Oct 03 02:50:04 +0000 2023;1709038078411911612;"@tvOneNews Klo g ada perlakuan khusus dipindah sj dr rempang ke asal daerahmu Lil bahlil..majukan papua 🫢";0;0;0;2;in;243077590;1708846201469354109;Indy_s;https://twitter.com/Indy_s/status/1709038078411911612
Tue Oct 03 02:49:11 +0000 2023;1709037852305285308;"Udah terbukti xinyi GAGAL di gresik kok Masih dikasi inves pulau rempang,    ini mesti ada apa2 nya udang diblk Batu, xinyi cuma perlukan bangun pabrik 2000 H, oke bandung 2k H, kampung melayu ngak perlu disentuh dan DIGUSUR apa perlunya digusur";0;0;0;0;in;852594529;1709037849457381529;razakthaib19;https://twitter.com/razakthaib19/status/1709037852305285308
Tue Oct 03 02:49:06 +0000 2023;1709037832013250750;"Istana Berbatik, Rempang Bergidik.";0;0;0;1;in;59135523;1709037832013250750;gatse8;https://twitter.com/gatse8/status/1709037832013250750
Tue Oct 03 02:44:19 +0000 2023;1709036628537487644;"5 Berita Terpopuler 2 Oktober 2023, Dari Konflik Pulau Rempang Hingga Pembukaan Gerai Richeese Factory Manukan https://t.co/erOTXhp6cQ";0;0;0;0;in;1643093405302652928;1709036628537487644;PhotoBnp77308;https://twitter.com/PhotoBnp77308/status/1709036628537487644
Tue Oct 03 02:43:31 +0000 2023;1709036426929860840;"@inganggita KCIC? Rempang? Anies-Imin?   Tapi overall kayaknya karena mau 2024 deh";0;1;0;0;in;1217641580955197440;1709036232049881500;BlackHoleRev7;https://twitter.com/BlackHoleRev7/status/1709036426929860840
Tue Oct 03 02:42:16 +0000 2023;1709036114701644034;"Top News Koran Rakyat Merdeka  Selesaikan Konflik Pulau Rempang, Menteri Bahlil Sudah Sat-Set https://t.co/nvwMMxEKWo";0;0;0;0;in;1474011848118657029;1709036114701644034;_rakyatmerdeka;https://twitter.com/_rakyatmerdeka/status/1709036114701644034
Tue Oct 03 02:39:35 +0000 2023;1709035439280255194;"@markrutte  Biasanya kalian jika ada informasi terverifikasi, langsung bertindak, apalagi jika menyeret nama warga &amp  negaranya.  Coba ulangi sejarah boncengi #Rempang dgn NICA.  Salute!!";0;0;0;0;in;1682780171034849281;1709031617841574333;4nonymousH3RR;https://twitter.com/4nonymousH3RR/status/1709035439280255194
Tue Oct 03 02:38:01 +0000 2023;1709035045011546524;"Museum di Komplek Situs Perahu Kuno di Rembang Makin Berbenah https://t.co/QmrpD3Ena9";0;0;0;0;in;1597432861564760064;1709035045011546524;idrealita;https://twitter.com/idrealita/status/1709035045011546524
Tue Oct 03 02:36:10 +0000 2023;1709034579762491691;"@terongkriting @ekowboy2 Pulau komodo, pulau rempang, reklamasi  jakut ups";0;0;0;0;in;1604226052015804416;1708770762394599624;Pu33823100Putra;https://twitter.com/Pu33823100Putra/status/1709034579762491691
Tue Oct 03 02:34:32 +0000 2023;1709034167449878783;"@tgh_009 @GibraltarNc @SBYudhoyono @AgusYudhoyono Saudara -saudara di rempang sdh dilupakan , buruh yang berjuang akan nasibnya sudah tidak dipedulikan,rakyat yg terus  berat menghadapi beban hidup harga bahan pokok yg terus melambung ..Ya Allah hanya padamu kami mnyerahkan semua urusan ini.😭";0;0;0;1;in;2764295107;1709028735796830570;prirafaat;https://twitter.com/prirafaat/status/1709034167449878783
Tue Oct 03 02:33:16 +0000 2023;1709033847378346480;"HMI Kecam Menteri Bahlil Pakai Preman Bubarkan Aksi Bela Rempang - https://t.co/TMOyTy78a7";0;0;0;0;in;1136654848466677760;1709033847378346480;maymarmas;https://twitter.com/maymarmas/status/1709033847378346480
