created_at;id_str;full_text;quote_count;reply_count;retweet_count;favorite_count;lang;user_id_str;conversation_id_str;username;tweet_url
Tue Oct 17 22:19:00 +0000 2023;1714405679694524846;"'Just let me die here': Why locals on Indonesia's Rempang oppose eviction for China-backed project https://t.co/E98NMoE475";0;0;0;0;en;1613748637015707648;1714405679694524846;Bballshoeguide;https://twitter.com/Bballshoeguide/status/1714405679694524846
Tue Oct 17 22:13:07 +0000 2023;1714404199490801895;"'Just let me die here': Why locals on Indonesia's Rempang oppose eviction for China-backed project https://t.co/oQJDH2ziKp";0;0;0;0;en;1674899033595465729;1714404199490801895;yafisnewsnet;https://twitter.com/yafisnewsnet/status/1714404199490801895
Tue Oct 17 22:13:07 +0000 2023;1714404197989220413;"'Just let me die here': Why locals on Indonesia's Rempang oppose eviction for China-backed project https://t.co/dhZH0d3fBu";0;0;0;0;en;1574022961866199044;1714404197989220413;Iamvisionrz;https://twitter.com/Iamvisionrz/status/1714404197989220413
Tue Oct 17 22:13:07 +0000 2023;1714404196349300874;"'Just let me die here': Why locals on Indonesia's Rempang oppose eviction for China-backed project https://t.co/1W87ElJXEu";0;0;0;0;en;1508477969102163972;1714404196349300874;IamOdyla;https://twitter.com/IamOdyla/status/1714404196349300874
Tue Oct 17 22:09:58 +0000 2023;1714403406964805746;"@Resty_J_Cayah @Miduk17 ITU GR GR KESELEK BULDOSER REMPANG KWKWKW";0;0;0;0;in;1657672406172061700;1714172181876466175;Nova28282828;https://twitter.com/Nova28282828/status/1714403406964805746
Tue Oct 17 22:09:23 +0000 2023;1714403259564323030;"@Beritasatu Walah2 nyindir ney...tp ya bagai mana...ijazah, bagai mana koruptor, bagai mana rempang, bagai mana mafia2 sekarang...seperti nya mau nyindir2... sepertinya masih kureng jg siii...terakhir usia presiden bisa di setting ulang jg...";0;0;0;0;in;1661185062883442689;1713118485478556129;elvegardryo;https://twitter.com/elvegardryo/status/1714403259564323030
Tue Oct 17 22:06:36 +0000 2023;1714402556510920961;"'Just let me die here': Why locals on Indonesia's Rempang oppose eviction for China-backed project https://t.co/lgWPI0SQf8 https://t.co/frv6Q2GWgc";0;0;0;5;en;38400130;1714402556510920961;ChannelNewsAsia;https://twitter.com/ChannelNewsAsia/status/1714402556510920961
Tue Oct 17 21:50:15 +0000 2023;1714398443882549665;"@IFnubia @koko_hage @Heraloebss jangan lu samain dengan jalan provinsi, lah gublogggg. kalo daerah pati - rembang gua juga mikir2 mau langsung nyebrang ambil kanan. 😪😪😪🤦🏼";0;0;0;1;in;1604402609946624001;1714206247636095133;IyesTines;https://twitter.com/IyesTines/status/1714398443882549665
Tue Oct 17 21:04:23 +0000 2023;1714386898511368664;"Erlangga Giat Literasi Keliling Nusantara Hadir di Pantai Palawangan Rembang https://t.co/cl0D82hsgL";0;1;0;1;in;55507370;1714386898511368664;tvOneNews;https://twitter.com/tvOneNews/status/1714386898511368664
Tue Oct 17 18:54:45 +0000 2023;1714354277412639111;"@Resty_J_Cayah @Miduk17 Buldozer mana buldozer. Penderitaan ribuan warga Rempang lbih parah, dri pda sakitnya opung.. Do'a-do'a orang yg terzolimi tembut langsung ke ars.. selamat menikmati keserakahan opung👏👏👏👏";0;0;0;0;in;1168937459356508160;1714172181876466175;ABIEM_RBKC_023;https://twitter.com/ABIEM_RBKC_023/status/1714354277412639111
Tue Oct 17 17:44:00 +0000 2023;1714336473468846555;"@Resty_J_Cayah @Miduk17 Yang mau ngebuldoser org rempang";0;0;0;0;in;1303697894789115915;1714172181876466175;Faturoh86020564;https://twitter.com/Faturoh86020564/status/1714336473468846555
Tue Oct 17 17:30:40 +0000 2023;1714333116486259060;"antusias warga melayu bersatu mendukung investasi di p. #rempang";0;0;0;0;in;1694248463750615041;1714333116486259060;Denis8119683146;https://twitter.com/Denis8119683146/status/1714333116486259060
Tue Oct 17 17:16:46 +0000 2023;1714329617090429148;"@riiuskyle Orang rembang jateng, kamu org mana kak rii?😡";0;1;0;0;in;1567194550560751616;1714294757151871269;elll_ryu;https://twitter.com/elll_ryu/status/1714329617090429148
Tue Oct 17 17:01:34 +0000 2023;1714325792799461834;"@danielht2009 @akbarfaizal68 @mohmahfudmd Tegas untuk mengusir rakyat asli Pulau Rempang, gw sih scr study keilmuan sangat mengidolakan beliau, tapi untuk kebijakan dan gebrakan hukum terkait Pulau Rempang sgt terlihat kekejaman yg nyata.";0;0;0;5;in;898736319798550529;1714266101813748105;Abdrahim_lye;https://twitter.com/Abdrahim_lye/status/1714325792799461834
Tue Oct 17 16:55:27 +0000 2023;1714324255368937649;", mau nanya ada fans jeketi dari rembang atau sekitarnya ndak iya.?";0;1;0;29;in;1394249284736864258;1714324255368937649;vvotanet;https://twitter.com/vvotanet/status/1714324255368937649
Tue Oct 17 16:47:56 +0000 2023;1714322362605375642;"@bvaiq @mazzini_gsp @mohmahfudmd siap2 diserang isu rempang";0;0;0;1;in;354122439;1714276453364449559;feelsbringer;https://twitter.com/feelsbringer/status/1714322362605375642
Tue Oct 17 16:23:15 +0000 2023;1714316152586092662;"@Puthutea Ngga tau dah orang rempang dan wadas ngerasa spt mu";0;0;0;0;in;833418561863327744;1714228514348769783;slow_cooked;https://twitter.com/slow_cooked/status/1714316152586092662
Tue Oct 17 16:20:36 +0000 2023;1714315485255540741;"@democrazymedia Kepelbagaian prilaku dan tindak tunduk kepemimpinan negara ini selalu jelas mengusik nurani rakyat. Atau kah sebuah hati itu telah kering dari cahaya perikemanusiaan yang adil dan beradab ??? Rempang dan sejenisnya. UU ciptakerja dan berbagai nya . Kejenuhan itu mbw dampak";0;0;0;1;in;1506195203564388356;1713907645973758310;Mustafa96991932;https://twitter.com/Mustafa96991932/status/1714315485255540741
Tue Oct 17 16:18:55 +0000 2023;1714315060817063998;"nyerang sego kucing segitiga😙 https://t.co/Ivcfy4sRaC";0;0;0;0;in;886482346290982912;1714315060817063998;txtdarirembang;https://twitter.com/txtdarirembang/status/1714315060817063998
Tue Oct 17 16:08:28 +0000 2023;1714312429793083787;"@cobeh2022 Iya cepat kembali lord, warga rempang kangen denganmu 🤭";0;0;0;0;in;1675938967357886464;1714275116862083487;2024noBanteng;https://twitter.com/2024noBanteng/status/1714312429793083787
Tue Oct 17 15:56:19 +0000 2023;1714309372980219959;"@Afirhuls @hanibeeu Mimpilah rempang pun tak settle lagi.";0;0;0;3;in;481265926;1714253813237072348;Asyraf_Aaap;https://twitter.com/Asyraf_Aaap/status/1714309372980219959
Tue Oct 17 15:54:28 +0000 2023;1714308908339355725;"Menhan Ultah, Pedagang Pasar #Rembang Gelar Doa Bersama #klikRMOL https://t.co/jfXQVIVgYh";0;0;0;0;in;950627851140710401;1714308908339355725;rmoljateng;https://twitter.com/rmoljateng/status/1714308908339355725
Tue Oct 17 15:40:34 +0000 2023;1714305409694244982;"https://t.co/2OK2UMjHAq";0;0;0;1;zxx;1536567484693852166;1714305409694244982;HumasResRembang;https://twitter.com/HumasResRembang/status/1714305409694244982
Tue Oct 17 15:39:24 +0000 2023;1714305116344582263;"https://t.co/YdG3gpFN7k";0;0;0;1;zxx;1536567484693852166;1714305116344582263;HumasResRembang;https://twitter.com/HumasResRembang/status/1714305116344582263
Tue Oct 17 15:38:28 +0000 2023;1714304881492905989;"https://t.co/qgGSz6gUZF";0;0;0;1;zxx;1536567484693852166;1714304881492905989;HumasResRembang;https://twitter.com/HumasResRembang/status/1714304881492905989
Tue Oct 17 15:38:17 +0000 2023;1714304835166818528;"https://t.co/QNskUOLloQ";0;0;0;0;zxx;1536567484693852166;1714304835166818528;HumasResRembang;https://twitter.com/HumasResRembang/status/1714304835166818528
Tue Oct 17 15:32:52 +0000 2023;1714303472898805801;"Check out this article: HIPMI Siapkan Pelatihan Kewirausahaan untuk Masyarakat Terdampak di Pulau Rempang - https://t.co/U0leQi5uVe";0;0;0;0;in;3250224038;1714303472898805801;IDNNews_id;https://twitter.com/IDNNews_id/status/1714303472898805801
Tue Oct 17 15:22:53 +0000 2023;1714300959780958516;"@tyoojani @SamSoegi @akbarfaizal68 Sebagai ketua TGIPF kasus Kanjuruhan melempem dia...truss kasus Rempang banyak blundernya juga,,kasus yg triliunan yg dia bongkar muaranya gak jelas...ntahlahh kita liat aja besok";0;1;0;0;in;1552890439128137728;1714266101813748105;Allunk1801;https://twitter.com/Allunk1801/status/1714300959780958516
Tue Oct 17 15:15:36 +0000 2023;1714299125590876628;"@msaid_didu Kan udah bukan rahasia lagi dijamannya, ada tim pelapor ada juga tim yg menerima laporan,  Ada penggugat ada pula yg menerima mengabulkan gugatan,  Sementara kita lupa dengan rempang galang dan IKN, Selesaikan apa yg menjadikan semua itu terjadi, akhiri yg menjadikan itu terjadi";0;0;0;1;in;1619307065998200835;1714239079297208571;BuanaJannah;https://twitter.com/BuanaJannah/status/1714299125590876628
Tue Oct 17 15:15:04 +0000 2023;1714298992694071524;"Erlangga Giat Literasi Keliling Nusantara akhirnya tiba di Pantai Plawangan, Rembang, Jawa Tengah. https://t.co/Wk9Tn0xFAx";0;0;0;0;in;137282671;1714298992694071524;detikhot;https://twitter.com/detikhot/status/1714298992694071524
Tue Oct 17 15:10:39 +0000 2023;1714297881996533776;"ada konser di rembang...lagi2 gue kudet...efek punya temen itu2 aja. kudet juga wkkwkwkkw";0;0;0;0;in;753103070633070593;1714297881996533776;desi049;https://twitter.com/desi049/status/1714297881996533776
Tue Oct 17 15:07:05 +0000 2023;1714296982024687854;"Hipmi siap beri pelatihan wirausaha untuk warga Pulau Rempang https://t.co/fV6kKlvxnS";0;0;0;0;in;18071520;1714296982024687854;antaranews;https://twitter.com/antaranews/status/1714296982024687854
Tue Oct 17 14:53:34 +0000 2023;1714293583141068973;"Harey Mukhriz buat rempang kat SNBJ 😂";0;0;0;1;tl;1182215422164127745;1714293583141068973;hashaqkiri7;https://twitter.com/hashaqkiri7/status/1714293583141068973
Tue Oct 17 14:50:12 +0000 2023;1714292732725022723;"#AniesMuhaimin2024 Rempang";0;0;0;1;in;1670070721186529280;1714292732725022723;joko_ngiboel;https://twitter.com/joko_ngiboel/status/1714292732725022723
Tue Oct 17 14:34:48 +0000 2023;1714288857410420963;"Meskipun ga ngerasain keseeruannya, tp seneng banget kalo di rembang ada acara rame rame :)";0;0;0;0;in;1291675912153440257;1714288857410420963;balanceshooot;https://twitter.com/balanceshooot/status/1714288857410420963
Tue Oct 17 14:21:38 +0000 2023;1714285545130688690;"@happinesttgirl @undipmenfess Kudus, pati, jepara, rembang, blora dan sekitarnya";0;0;0;7;in;1635657584;1714245445634134222;casperrdj;https://twitter.com/casperrdj/status/1714285545130688690
Tue Oct 17 14:19:32 +0000 2023;1714285015469838701;"@cnbcindonesia Ikn dan rempang! Sejarah mencatat";0;0;0;0;in;1704800839;1714133327391998423;sejenakberpikir;https://twitter.com/sejenakberpikir/status/1714285015469838701
Tue Oct 17 14:19:13 +0000 2023;1714284936352670197;"@adionooo Yang aksesnya gampang dan berlimpah juga minim minat bacanya";0;0;0;0;in;147441595;1713833097882722586;MashudiRbg;https://twitter.com/MashudiRbg/status/1714284936352670197
Tue Oct 17 14:19:13 +0000 2023;1714284934943342602;"Kick Off Pemilu 2024, Nasdem Rembang Gelar Konsolidasi Internal https://t.co/8oqKjZDAgo via @KartiniTv";0;0;0;0;in;1350269296803368960;1714284934943342602;KartiniTv;https://twitter.com/KartiniTv/status/1714284934943342602
Tue Oct 17 14:13:56 +0000 2023;1714283605726540006;"@Dandhy_Laksono Semoga sehat selalu warga rempang...";0;0;0;2;in;2214157603;1714274689152143857;OrangAwak17;https://twitter.com/OrangAwak17/status/1714283605726540006
Tue Oct 17 13:58:21 +0000 2023;1714279687244177867;"@RumahCinta15 K Timur.. Juana Rembang Lasem Kragan Sarang Tuban Lamongan";0;0;0;0;in;1028663506831175681;1689380489260630020;HadiSugito19;https://twitter.com/HadiSugito19/status/1714279687244177867
Tue Oct 17 13:50:37 +0000 2023;1714277740776763395;"@Miduk17 Jualan Radikal radikul, ditanyain solusi beras mahal suruh makan singkong, pancasilais tapi bohon soal rempang,hadeeh... drama!";0;9;2;13;in;1896830862;1714275841558135193;mazriva;https://twitter.com/mazriva/status/1714277740776763395
Tue Oct 17 13:44:30 +0000 2023;1714276200666054782;"@Resty_J_Cayah @Miduk17 Mau di P Rempang apa dibawah rel kareta cina?";0;0;0;0;in;1640020381867343872;1714172181876466175;rastafara_62687;https://twitter.com/rastafara_62687/status/1714276200666054782
Tue Oct 17 13:39:25 +0000 2023;1714274922607063458;"bersolidaritas dengan palestina, harus pula dibarengi dengan solidaritas terhadap seruyan dan rempang !";0;0;0;1;in;1063837311060762624;1714274922607063458;lariiseratus;https://twitter.com/lariiseratus/status/1714274922607063458
Tue Oct 17 13:38:57 +0000 2023;1714274805430763804;"@aminudinarif69 @Catatan_ali7 Tukang mebel yang suka bohong klo omong sll terbalik,sll ingkar janji, jual pasir laut,IKN DIJUAL DGN HGB 190TH+BEBAS PAJAK 30TH,REMPANG DIJUAL,RAKYAT SERUYAN MINTA HAK 20% HGU YANG DIJANJIKAN JUSTRU DITEMBAK DGN PELURU TAJAM,WADAS JG MSH BLOM BERES,begini kok PD merapat https://t.co/ouc9kuzSf7";0;1;0;2;in;1607359469318725633;1714115814847369471;LuckyLudjaina;https://twitter.com/LuckyLudjaina/status/1714274805430763804
Tue Oct 17 13:38:47 +0000 2023;1714274761403208162;"Selalu yakin dan optimis.  #inibuina #kartinasukawati #PartaiDemokrat #katakatabijak  #katakatahariini #quotesmotivasi  #quotesindonesia  #quotepftheday  #nasihat #bijak  #yakin  #pati #rembang #dprdjawatengah #dprdprovjateng https://t.co/uW93kFyjp5";0;0;1;1;in;979035724371648512;1714274761403208162;inibuina;https://twitter.com/inibuina/status/1714274761403208162
Tue Oct 17 13:33:10 +0000 2023;1714273349902450903;"@liaasister apa lagi sambil baca jokowi under cover...hilang selera semua palsu";0;1;1;1;in;1607576414043406336;1714262567340720514;dnm_operational;https://twitter.com/dnm_operational/status/1714273349902450903
Tue Oct 17 13:29:35 +0000 2023;1714272447816688021;"Arteria Dahlan:  Utamakan Penyelesaian Konflik Rempang dengan Kearifan Lokal https://t.co/pRKU1DNSQK";0;0;0;0;in;1643093405302652928;1714272447816688021;PhotoBnp77308;https://twitter.com/PhotoBnp77308/status/1714272447816688021
Tue Oct 17 13:25:35 +0000 2023;1714271440055484659;"@Udinsam_dua @liaasister 😀";0;0;0;2;qme;1607576414043406336;1714170994351276292;dnm_operational;https://twitter.com/dnm_operational/status/1714271440055484659
Tue Oct 17 13:20:18 +0000 2023;1714270110301782285;"situesyen🥳 bal-balan ora perlu, gilga selawasee~ 📍 stadion krida  #TXTRBG #GILGA #PIJAR https://t.co/PQfqDdrfNU";0;0;0;0;in;886482346290982912;1714270110301782285;txtdarirembang;https://twitter.com/txtdarirembang/status/1714270110301782285
Tue Oct 17 13:20:11 +0000 2023;1714270082480976241;"Bismillah  Kami tdk akan melupakan kalian wahai saudaraku Bangsa Melayu di Rempang.  Dukungan pun kini datang dari Aceh utk saudara kita di Rempang (17/10/2023)  "Tak kan melayu Hilang dibumi, Bumi bertuah Negeri beradat"‼️  #saverempang  Dari Aceh Untuk REMPANG  Allahu Akbar ☝️ https://t.co/SXHn7ffg2O";0;1;70;194;in;1651123026203901952;1714270082480976241;NinzExe07;https://twitter.com/NinzExe07/status/1714270082480976241
Tue Oct 17 13:13:46 +0000 2023;1714268465660678215;"@Shankara_Q @idextratime Gak paling banyak 2-0";0;0;0;0;in;147441595;1714262927728103706;MashudiRbg;https://twitter.com/MashudiRbg/status/1714268465660678215
Tue Oct 17 13:08:04 +0000 2023;1714267031963623500;"@liaasister 😄";0;0;0;1;qme;1607576414043406336;1714170994351276292;dnm_operational;https://twitter.com/dnm_operational/status/1714267031963623500
Tue Oct 17 13:06:31 +0000 2023;1714266639364145408;"Percaya Pak Gak percaya juga gada gunanya, toh klu disurvey hasilnya 90 % rakyat percaya sama Bapak. Orang baik 😍🇮🇩";0;0;0;0;in;1097021784212135936;1714266639364145408;AntiPengPeng;https://twitter.com/AntiPengPeng/status/1714266639364145408
Tue Oct 17 13:05:42 +0000 2023;1714266437194584140;"@liaasister kalau punya anak atau cucu hindari nama Joko apalagi tambah akiran wi....";0;2;1;2;in;1607576414043406336;1714170994351276292;dnm_operational;https://twitter.com/dnm_operational/status/1714266437194584140
Tue Oct 17 13:03:21 +0000 2023;1714265843088097664;"@NenkMonica apa penting dibuat statistik keputusan...? lolos tetep lolos";0;0;0;0;in;1607576414043406336;1714149445418549257;dnm_operational;https://twitter.com/dnm_operational/status/1714265843088097664
Tue Oct 17 12:59:36 +0000 2023;1714264902058364940;"@dAsalbantani @Dennysiregar7 contoh rempang";0;0;0;0;in;943635285878874113;1713929159892980062;threesome_bodo;https://twitter.com/threesome_bodo/status/1714264902058364940
Tue Oct 17 12:56:33 +0000 2023;1714264133804454254;"@geloraco enaknya jadi wakil selalu main barbeque...";0;0;0;0;in;1607576414043406336;1714198061680046456;dnm_operational;https://twitter.com/dnm_operational/status/1714264133804454254
Tue Oct 17 12:54:45 +0000 2023;1714263678793728492;"@Resty_J_Cayah @Miduk17 selalu bawa nama jenderal kopasus itu mungkin hanya akting....";0;0;0;0;in;1607576414043406336;1714172181876466175;dnm_operational;https://twitter.com/dnm_operational/status/1714263678793728492
Tue Oct 17 12:52:22 +0000 2023;1714263079285133411;"@liaasister kemarin cawe cawe sekarang engga ikut campur ...bibirnya terbuat dari apa ya";0;1;2;3;in;1607576414043406336;1714170994351276292;dnm_operational;https://twitter.com/dnm_operational/status/1714263079285133411
Tue Oct 17 12:51:10 +0000 2023;1714262779878871295;"Si putih emas rilis malam ini dr adi putro malang, langsung menuju garasi rembang 😊 https://t.co/1hUg9VBtCL";0;2;2;20;in;514316521;1714262779878871295;pamungkasbudhi;https://twitter.com/pamungkasbudhi/status/1714262779878871295
Tue Oct 17 12:48:11 +0000 2023;1714262026661580961;"@alisyarief sampai kebuzzernya otoriter bukan jokowi saja....";0;0;0;0;in;1607576414043406336;1714229639613440200;dnm_operational;https://twitter.com/dnm_operational/status/1714262026661580961
Tue Oct 17 12:37:39 +0000 2023;1714259377132347889;"Bruakakakak Rusak semua uteke begitu nempel Jokowi..😭 @KADIN_Indonesia";0;0;0;1;in;1097021784212135936;1714259377132347889;AntiPengPeng;https://twitter.com/AntiPengPeng/status/1714259377132347889
Tue Oct 17 12:32:25 +0000 2023;1714258061274251614;"@Dennysiregar7 @Yusrilihza_Mhd Hahaha Kalah lo Bang. Tanya Permadi, anak ini jalur mana?🤪 https://t.co/uPIQP34fcD";0;0;1;1;in;1097021784212135936;1714195510398156829;AntiPengPeng;https://twitter.com/AntiPengPeng/status/1714258061274251614
Tue Oct 17 12:27:46 +0000 2023;1714256890140778582;"Sebagai mana tulisan yang diunggah oleh ibu Hj. Azlaini Agus,,, Dalam Kitab Tuhfat An-Nafis yang ditulis Sang Pujangga Melayu yang tersohor itu... Raja Ali Haji... terbit tahun 1890. bahwa Penduduk pulau Rempang, Galang dan Bulang adalah keturunan dari Prajurit/ https://t.co/ebxUXNGCTH";0;1;0;0;in;1603638731176841217;1714256183404720235;ardi_riau5;https://twitter.com/ardi_riau5/status/1714256890140778582
Tue Oct 17 12:24:58 +0000 2023;1714256183404720235;"MASALAH PULAU REMPANG Konflik Pulau Rempang terjadi antara Pihak Penguasa dengan Masyarakat pulau Rempang yang mendiami 16 Kampung Tua yang berada dipesisir pulau tsb. Merupakan sebuah bentuk Gagal Paham dan tidak memahami terhadap historis Jejak jejak sejarah masa silam.  👇 https://t.co/2qk51MQHOS";0;1;12;27;in;1603638731176841217;1714256183404720235;ardi_riau5;https://twitter.com/ardi_riau5/status/1714256183404720235
Tue Oct 17 12:22:15 +0000 2023;1714255499838001604;"_*Pro Perubahan, Berjiwa Pemimpin*_ #KawalPerubahanAMIN #AniesMuhaimin2024 @cakimiNOW @DPP_PKB https://t.co/h6GFA9yflt";0;0;0;0;in;1603774609635303424;1714255499838001604;RembangWe;https://twitter.com/RembangWe/status/1714255499838001604
Tue Oct 17 12:20:16 +0000 2023;1714255001533751731;"_*Pro Perubahan, Berjiwa Pemimpin*_  #KawalPerubahanAMIN #AniesMuhaimin2024  @cakiminNOW @DPP_PKB https://t.co/se3CjA6CP8";0;0;4;8;in;840878118030135296;1714255001533751731;agung5473;https://twitter.com/agung5473/status/1714255001533751731
Tue Oct 17 12:13:31 +0000 2023;1714253301930406081;"Humanity above everything.   Silakan cuap-cuap bersimpati terhadap Palestina &amp  alangkah makin ciamik kalo peduli juga isu-isu lokal seperti perampasan tanah di Rempang misalnya atau Dago Elos/Seruyan/Wadas mungkin.  😁🫶🏻😁🫶🏻😁🫶🏻😁";0;0;0;1;in;80613562;1714253301930406081;pvtraa;https://twitter.com/pvtraa/status/1714253301930406081
Tue Oct 17 12:11:53 +0000 2023;1714252892847448567;"Rabu,4 okt 2023 Baiq.S.Rini Luhkan Kab Kukar.KUB Bunga Tanjung Desa Tanjung Batuq Harapan Kec Muara Muntai,panen ikan rempang/ kendia sebanyak https://t.co/DliTDfBfqf dengan Harga Rp 15.000. #GiatluhkanSatmingkalTegal #panen #Luhlapor https://t.co/z3htcr0Qyl";0;1;0;13;in;1411595223289909248;1714252892847448567;RiniSulistyo10;https://twitter.com/RiniSulistyo10/status/1714252892847448567
Tue Oct 17 12:10:48 +0000 2023;1714252621543006447;"Bahlil berbohong  Ombusman datang ke Rempang tdk ada rakyat yg mau di pindah kan   Clear yaa kebohongan Bahlil,   Menurut kepolisian kl berbohong didepan publik dapat dikenai hukuman 10th,  Bgmn dgn kasus bahlil yg berbohong?  https://t.co/0caviJtZH7";4;0;18;31;in;1168102826624483329;1714252621543006447;ENS53311139;https://twitter.com/ENS53311139/status/1714252621543006447
Tue Oct 17 11:59:05 +0000 2023;1714249669323505847;"Rempang apa kabar??? Isu lg di Alihkan ya..😂😂😂";0;0;0;0;in;1680427970069155840;1714249669323505847;Bredb3l0n6;https://twitter.com/Bredb3l0n6/status/1714249669323505847
Tue Oct 17 11:57:47 +0000 2023;1714249343644131469;"Setelah gua merasakan nasi goreng di Sarang Rembang, sejak itu gua memutuskan nasi goreng sebagai makanan favorit gua.";0;0;0;0;in;1544340614564945920;1714249343644131469;KaisandMuhammad;https://twitter.com/KaisandMuhammad/status/1714249343644131469
Tue Oct 17 11:55:59 +0000 2023;1714248892727116031;"@dedifir30803641 @Anak__Ogi @gibran_tweet @jokowi @kaesangp Tapi harusnya gak seperti ini juga. Harus bisa menahan diri dan kecewanya. Dengan dukungan penuh dari Pak Jokowi Pak Ganjar mungkin bisa menang di Putaran 2";0;1;0;0;in;147441595;1714172243692151152;MashudiRbg;https://twitter.com/MashudiRbg/status/1714248892727116031
Tue Oct 17 11:50:33 +0000 2023;1714247524771582351;"Perkara Rempang ini, sebenarnya merupakan akumulasi dari ketergesa-gesaan. Menimbulkan kecurigaan, tentu masyarakat akan melawan karena mereka dirugikan. #userstory https://t.co/ZpJUoQys9E";0;1;3;8;in;759692754985242625;1714247524771582351;kumparan;https://twitter.com/kumparan/status/1714247524771582351
Tue Oct 17 11:50:29 +0000 2023;1714247505238708403;"Rempang Eco City . #rempang #batam #rempanggalang  #proyekstrategisnasional https://t.co/izjXnyb0Dc";0;0;0;0;en;1694263923544035328;1714247505238708403;rempang_04;https://twitter.com/rempang_04/status/1714247505238708403
Tue Oct 17 11:49:25 +0000 2023;1714247240016179302;"@caratstalk Rembang, jateng. ayo sini mutualan terus meet up 🤩";0;1;0;0;in;1322167505721413636;1714238111209697707;wwderland;https://twitter.com/wwderland/status/1714247240016179302
Tue Oct 17 11:49:09 +0000 2023;1714247172819136804;"piye ngene iki lur, https://t.co/WvVJ9VqZ3H";0;0;0;0;in;886482346290982912;1714247172819136804;txtdarirembang;https://twitter.com/txtdarirembang/status/1714247172819136804
Tue Oct 17 11:46:42 +0000 2023;1714246553471160697;"Kasus Rempang belum usai sudah muncul masalah baru  https://t.co/I3b3FSpeBE";0;0;2;3;in;296177546;1714246553471160697;giginpraginanto;https://twitter.com/giginpraginanto/status/1714246553471160697
Tue Oct 17 11:45:07 +0000 2023;1714246156497351039;"mantau situasi 📍tugu batik, bunderan pasar https://t.co/hYmVQ5sadu";0;0;0;0;in;886482346290982912;1714246156497351039;txtdarirembang;https://twitter.com/txtdarirembang/status/1714246156497351039
Tue Oct 17 11:36:18 +0000 2023;1714243939463823553;"@Dennysiregar7 Kalo dituding niat menyerang, ya mending itu dilakukan dengan 'menyiram bensin' waktu momen-momen krisis saat Covid, Omnibus law &amp  Rempang kemarin.  Tetapi apa faktanya di setiap momen kritis begitu? Justru bersikap sebaliknya, di setiap momentum kritis seperti itu, SELALU…";0;0;0;1;in;1607354046909906945;1714241128315461657;puisi_rici;https://twitter.com/puisi_rici/status/1714243939463823553
Tue Oct 17 11:35:52 +0000 2023;1714243828163707071;"" pake uangku dulu aja gapapa mas "  Bukane wong wedok sok sugih,  tapi wong wedok ngunu kuwi ngerti, Angele golek duit ki koyo piye.";0;0;0;0;in;1700998856371273728;1714243828163707071;rem76176;https://twitter.com/rem76176/status/1714243828163707071
Tue Oct 17 11:18:04 +0000 2023;1714239348684771371;"@dwioktariyadi DOANYA RAKYAT REMPANG TERKABUL,ALLAHU AKBAR,,";0;0;0;1;in;1620296924715950083;1714099493040501170;AlbarraCahyana;https://twitter.com/AlbarraCahyana/status/1714239348684771371
Tue Oct 17 11:15:48 +0000 2023;1714238779584811286;"@NichNach8 @Yuraarthur83 @adearmando61 Kalau si gibran gak mau jadi cawapres nah gimana cari alasan apa lagi untuk membenci IJAZAH PALSU? REMPANG?";0;2;0;0;in;1930296078;1714193180453925068;johnDwitch;https://twitter.com/johnDwitch/status/1714238779584811286
Tue Oct 17 11:14:19 +0000 2023;1714238404014281139;"@medantalk @bobbynasution_ pKa Bobby, tlg lah dibantu.  Medan makin macet banget.  Paling gk ada petugas yg bantu mengatur.  Khususnya di daerah hm yamin, merak jingga putri hijau.  Pulang kerja bsa sampai 2 jam";0;0;0;0;in;1467149893785423876;1714238404014281139;AR_Rembang;https://twitter.com/AR_Rembang/status/1714238404014281139
Tue Oct 17 11:07:19 +0000 2023;1714236643610345897;"@msaid_didu Alhamdulillah semakin jelas saya dipihak mana, setelah Didu jelas dipihak Anis. Kebencian Didu sudah memperjelas antara haq dan bathil.";0;0;0;0;in;2610654008;1713919141021966634;abutavtazanseda;https://twitter.com/abutavtazanseda/status/1714236643610345897
Tue Oct 17 11:06:11 +0000 2023;1714236357957345438;"@Dennysiregar7 Mahfud MD blom apa2 aja udah mmbela wong licik, bukan wong cilik.. Klopp dahh, capresnya gk bisa slsaikan kasus wadas. Cawapresnya gemblung di kasus pulau Rempang.  Kyk 2 biji yg dempet.. https://t.co/XinDpvFHlB";0;1;0;2;in;1564766539135328258;1714225733827215846;BrahmaKumbara23;https://twitter.com/BrahmaKumbara23/status/1714236357957345438
Tue Oct 17 11:06:08 +0000 2023;1714236345470845395;"@koko_hage @agus_kriwul @Ahmadklaten69 @IFnubia @Heraloebss wkwk teorinya kan gitu tapi prakteknya gak se gampang itu kak, coba sini main ke daerah saya sini (rembang bagian timur) jalan pantura sini ngebut2 truk bus nya hehe, lu nyebrang berhenti di tengah sama aja kyk setor nyawa kecuali buat mobil gak masalah sih";0;1;0;0;in;1283671995641524226;1714206247636095133;es_coklat1;https://twitter.com/es_coklat1/status/1714236345470845395
Tue Oct 17 11:00:34 +0000 2023;1714234943818379351;"Kes Rempang macam mana sekarang?   Apa perkembangan?";0;0;0;1;in;758254140367577089;1714234943818379351;IkanJerungBiru;https://twitter.com/IkanJerungBiru/status/1714234943818379351
Tue Oct 17 11:00:24 +0000 2023;1714234904312213849;"@koko_hage @IFnubia @Heraloebss wkwk teorinya kan gitu tapi prakteknya gak se gampang itu kak, coba sini main ke daerah saya sini (rembang bagian timur) jalan pantura sini ngebut2 truk bus nya hehe, lu nyebrang berhenti tengah sama aja kyk setor nyawa kecuali buat mobil gak masalah sih";0;1;0;0;in;1283671995641524226;1714206247636095133;es_coklat1;https://twitter.com/es_coklat1/status/1714234904312213849
Tue Oct 17 10:58:35 +0000 2023;1714234447443468643;"@agus_kriwul @Ahmadklaten69 @IFnubia @koko_hage @Heraloebss wkwk teorinya kan gitu tapi prakteknya gak se gampang itu kak, coba sini main ke daerah saya sini (rembang bagian timur) jalan pantura sini ngebut2 truk bus nya hehe";0;1;0;0;in;1283671995641524226;1714206247636095133;es_coklat1;https://twitter.com/es_coklat1/status/1714234447443468643
Tue Oct 17 10:58:22 +0000 2023;1714234391155835144;"https://t.co/rKxh7ihs6u  . #rempang #rempangecocity  #rempanglebihmaju https://t.co/3mprgSiGBf";0;0;0;0;und;1694263923544035328;1714234391155835144;rempang_04;https://twitter.com/rempang_04/status/1714234391155835144
Tue Oct 17 10:38:14 +0000 2023;1714229325988561092;"@Bambangmulyonoo Gak usah beri pesan  Bercerminlah dgn semua bisnismu yg menggurita di dlm pemerintah, kebijakanmu yg menguntungkan kaum kaya &amp  merugikan rakyat, menghalalkan segala cara utk mencapai tujuan, &amp  kezaliman kpd warga yg lemah (misal, warga Rempang)";0;0;0;2;in;1621069877057568771;1714188682469798308;MelodiAsyik;https://twitter.com/MelodiAsyik/status/1714229325988561092
Tue Oct 17 10:37:50 +0000 2023;1714229224746438963;"Gak usah beri pesan  Bercerminlah dgn semua bisnismu yg menggurita di dlm pemerintah, kebijakanmu yg menguntungkan kaum kaya &amp  merugikan rakyat, menghalalkan segala cara utk mencapai tujuan, &amp  kezaliman kpd warga yg lemah (misal, warga Rempang)";0;0;1;4;in;1621069877057568771;1714229224746438963;MelodiAsyik;https://twitter.com/MelodiAsyik/status/1714229224746438963
Tue Oct 17 10:35:12 +0000 2023;1714228561387860432;"GM diam saat rakyat Wadas, Seruyan, Rempang, digilas.  GM baru 'sedih' dan merasa ditipu ketika Gibran akan jadi cawapres https://t.co/ZLMImnB1YW";0;8;17;46;in;3319260420;1714228561387860432;geloraco;https://twitter.com/geloraco/status/1714228561387860432
Tue Oct 17 10:35:04 +0000 2023;1714228528491933707;"Rempang "5 kali kiamat" nggak akan maju kalau gak ada investasi, seperti dikutip Menteri Bahlil dari seorang tetua di pulau itu, saat Menteri Bahlil berdiskusi soal investasi Rempang Eco City.. Hmmm https://t.co/JbyAFY2UXR";0;0;0;0;in;1643081880609378304;1714228528491933707;gudangberita2;https://twitter.com/gudangberita2/status/1714228528491933707
Tue Oct 17 10:29:37 +0000 2023;1714227154765193536;"PERGESERAN WARGA REMPANG KE TEMPAT RELOKASI SEMENTARA  @Li9ayaTalaChes4  Cawapres Panas Yusril Argo Semeru Ketua MK Islamophobic Citra Body Serum Dokter Jogja Mahasiswa UNS Paman #MakinEnek sohee Salma Salsabil BPJS Kesehatan Menteri Hukum Bekasi #NKRIMembangun #Rempang https://t.co/MnSeW05DII";0;0;0;0;in;1636699207926177792;1714227154765193536;bhinekaonekepri;https://twitter.com/bhinekaonekepri/status/1714227154765193536
Tue Oct 17 10:24:29 +0000 2023;1714225865729687798;"BP Batam Siapkan Beasiswa &amp  Pelatihan untuk Warga Rempang  @Li9ayaTalaChes4 Cawapres Panas Yusril Argo Semeru Ketua MK Islamophobic Citra Body Serum Dokter Jogja Mahasiswa UNS Paman #MakinEnek sohee Salma Salsabil BPJS Kesehatan Menteri Hukum Bekasi #NKRIMembangun #Rempang https://t.co/GWzl049Omi";0;0;0;0;in;1636699207926177792;1714225865729687798;bhinekaonekepri;https://twitter.com/bhinekaonekepri/status/1714225865729687798
Tue Oct 17 10:04:37 +0000 2023;1714220866257723671;"Datang ke Batam, Komisi III DPR RI Bahas Pulau Rempang https://t.co/bmKZokCMIw";0;0;1;0;in;1216815734233264128;1714220866257723671;IDNTimesSumut;https://twitter.com/IDNTimesSumut/status/1714220866257723671
Tue Oct 17 10:01:40 +0000 2023;1714220123106709888;"@tvOneNews dulu sebelum mengakui kalah telak di Pilgub Jateng , juga ngomong begitu🤣🤣 salam dari rembang";0;0;0;0;in;1674205419710066690;1714216337822933142;viebtm2000;https://twitter.com/viebtm2000/status/1714220123106709888
Tue Oct 17 09:41:47 +0000 2023;1714215117330727177;"Dayang Sumbi itu Ibu Bumi, Sangkuriang itu manusia. Manusia nggak boleh “kawin” dengan ibunya sendiri yaitu Ibu Bumi.  Kisah Sangkuriang-Dayang Sumbi banyak terjadi kok hari ini, kayak di Rempang, Seruyan, Wadas, dan tempat2 lain yang tanah, air, dan udaranya dieksploitasi.";0;0;0;5;in;838410850977251328;1714215117330727177;keariefan_lokal;https://twitter.com/keariefan_lokal/status/1714215117330727177
Tue Oct 17 09:37:59 +0000 2023;1714214162598158835;"Apa Invasi Berkedok Investasi Masih Berlanjut ?   dari Rp 197 Triliyun 👉Berapa TKA yg Akan Masuk dan Barapa Pribumi yg akan di di Usir dari Tanah Moyang nya?  Bagaimana Kabar Rempang Air Bangis dan yg Lainya? https://t.co/DD1jdVVHr2";7;13;63;90;in;721590341669748736;1714214162598158835;OmJ_JeNggot;https://twitter.com/OmJ_JeNggot/status/1714214162598158835
Tue Oct 17 09:26:46 +0000 2023;1714211338975944973;"@Anak__Ogi @gibran_tweet @jokowi @kaesangp Urusan Piala Dunia kecewanya bisa panjang sampai seperti ini";0;1;0;0;in;147441595;1714172243692151152;MashudiRbg;https://twitter.com/MashudiRbg/status/1714211338975944973
Tue Oct 17 09:12:57 +0000 2023;1714207864464761123;"Rabu, 19/7/2023 Luhkan Ade Novie Heryanto, S.Pi., https://t.co/yK6bMQDedu bersama dengan Syahbandar UPP Kelas III Rembang melaksanakan pengukuran dan verifikasi kapal nelayan di Ds. Trahan Kec. Sluke #luhlapor https://t.co/PaWHuOqPUx";0;0;0;0;in;457601377;1714207864464761123;AdeHeryanto;https://twitter.com/AdeHeryanto/status/1714207864464761123
Tue Oct 17 09:10:12 +0000 2023;1714207170370420901;"@RSongisewu @Dennysiregar7 Bisa, klu ini gw dukung. Ada jalur Tanoto, denger2 aja sih😋";0;0;0;0;in;1097021784212135936;1714058146480632259;AntiPengPeng;https://twitter.com/AntiPengPeng/status/1714207170370420901
Tue Oct 17 09:09:45 +0000 2023;1714207058990612882;"Apakah bisa , anak-anak dan perempuan palestine di ungsikan ke Indonesia, di tempatkan sementara di pulau rempang untuk di jadikan tempat pengungsian bukan investasian? https://t.co/NQwYlhzdfv";0;0;2;11;in;1121787945478868997;1714207058990612882;TATA_TW24434;https://twitter.com/TATA_TW24434/status/1714207058990612882
Tue Oct 17 09:04:42 +0000 2023;1714205784601714812;"@biasalahanakmud Kenapa kab rembang kok gaada bioskopnya😭💔";0;0;0;0;in;1160626248508329984;1713562326966960338;Hg1brn_;https://twitter.com/Hg1brn_/status/1714205784601714812
Tue Oct 17 09:02:10 +0000 2023;1714205148527120652;"@solution_ka @Dennysiregar7 @Yusrilihza_Mhd Elo kalo mo protes masalah Rempang, telattt... Aturan main di P.Batam diatur dlm Keppres No.28 Th.1992.Cmiiw.Wadas sdh diselesaikan bln Des 2022.Beritanya dah banyak.";0;0;0;0;in;1693078493163347968;1714195510398156829;christiti_26;https://twitter.com/christiti_26/status/1714205148527120652
Tue Oct 17 08:58:56 +0000 2023;1714204335687836083;"Gofood rembang https://t.co/U5zQdlSZbU";0;4;0;0;in;1387436971438469123;1714204335687836083;RamaDipa1;https://twitter.com/RamaDipa1/status/1714204335687836083
Tue Oct 17 08:58:34 +0000 2023;1714204244507767108;"1,1 Juta Jiwa Diusir Israel dari Gaza, Rocky Gerung: Seperti Istana Gertak Rempang! https://t.co/qe6ZtOUqat";0;0;51;130;in;887743587579944960;1714204244507767108;OposisiCerdas;https://twitter.com/OposisiCerdas/status/1714204244507767108
Tue Oct 17 08:58:18 +0000 2023;1714204177512190100;"@ferizandra Bulan Juli lalu hasilnya Rempang digusur https://t.co/n8ain2P9B2";0;0;0;0;in;1101067307487358976;1714067549862658509;damianpenyulep;https://twitter.com/damianpenyulep/status/1714204177512190100
Tue Oct 17 08:57:54 +0000 2023;1714204073728389403;"@detikcom Rempang 190 tahun baru balik?";0;1;0;0;in;1597696614713282560;1714191012858667131;sobgan_;https://twitter.com/sobgan_/status/1714204073728389403
Tue Oct 17 08:45:09 +0000 2023;1714200866750886286;"@msaid_didu @mohmahfudmd @Yusrilihza_Mhd Negara dibuat rusak tatanan oleh orang yang tdk punya ijazah asli,dan sll berbohong pulak,tp smw kok bs tidak BERKUTIK Aneh bin ghoib kan? Persis hasil PEMILU 2019 SMW BS TUNDUK,pdhl negara DARURAT HUTANG &amp  DICHINAKAN ASSET NEGARA DIJUALI spt IKN,REMPANG,KOK ngga da yang PROTES?";0;0;0;0;in;1607359469318725633;1713935482613334224;LuckyLudjaina;https://twitter.com/LuckyLudjaina/status/1714200866750886286
Tue Oct 17 08:40:15 +0000 2023;1714199632992166201;"@Dennysiregar7 @Yusrilihza_Mhd Baru nyadar ya Hukum di kangkangi..hahaha Udah Lama Tapi Kemaren2 Soal Rempang,Wadas kok diem giliran soal yg berhungan dg Jalannya ganjar karena khawatir anak pak lurah d calonkan Kok ribut ya.hahah";0;1;0;2;in;1619574519227875328;1714195510398156829;solution_ka;https://twitter.com/solution_ka/status/1714199632992166201
Tue Oct 17 08:32:39 +0000 2023;1714197718812512675;"Seleksi Administrasi PPPK 2023 Pemkab Rembang telah Diumumkan, Sebanyak 1.536 Pelamar Lolos https://t.co/3zvm6YoSDe";0;0;0;0;in;1567067705962037251;1714197718812512675;Rembangnews_;https://twitter.com/Rembangnews_/status/1714197718812512675
Tue Oct 17 08:29:01 +0000 2023;1714196806228480002;"@QKhalita Bukan REMPANG ya 😄";0;0;0;1;in;1249339618903748608;1714150851105960208;Harun80609721;https://twitter.com/Harun80609721/status/1714196806228480002
Tue Oct 17 08:19:03 +0000 2023;1714194299192279455;"Komitmen Pemerintah Kabupaten Rembang Tingkatkan Kepesertaan dan Akses Layanan Kesehatan JKN https://t.co/z9I1ulgxsM";0;0;0;0;in;2477890021;1714194299192279455;wartatimes;https://twitter.com/wartatimes/status/1714194299192279455
Tue Oct 17 07:36:19 +0000 2023;1714183545097461773;"1,1 Juta Jiwa Diusir Israel dari Gaza, Rocky Gerung: Seperti Istana Gertak Rempang!  https://t.co/5Mnp7ggjF7 https://t.co/90qZhXzqYn";0;0;0;0;in;1618989586499383298;1714183545097461773;Leonengq;https://twitter.com/Leonengq/status/1714183545097461773
Tue Oct 17 07:28:56 +0000 2023;1714181687855497517;"Halo #SobATRBPN ,  Selasa (17/10/2023), telah dilaksanakan Apel Rutin di Halaman Kantor Pertanahan Kabupaten Rembang yang diikuti oleh PNS, PPPK, PPNPN, dan ASK. https://t.co/4fauzby1pJ";0;1;0;0;in;1416195476097953795;1714181687855497517;AtrRembang;https://twitter.com/AtrRembang/status/1714181687855497517
Tue Oct 17 07:28:40 +0000 2023;1714181619882610689;"Di Butuh Kan Segera karyawati Di Warung Kekinian lokasi di Rembang (Jateng) ,Umur 20-30,Di Utamakan REMKOT,Cari Yang Serius Butuh Kerja Serius Chat Langsung Ke :  +62 812-1193-9669 Silahkan Yang Berminat 🤗🥰 Terimakasih.";0;0;0;0;in;1705457881213202432;1714181619882610689;its_me_alleiiaa;https://twitter.com/its_me_alleiiaa/status/1714181619882610689
Tue Oct 17 07:24:16 +0000 2023;1714180512489824400;"Pelamar PPPK Pemkab Rembang Capai 1.874 Orang https://t.co/IGzrTvLGI0";0;0;0;0;in;1567067705962037251;1714180512489824400;Rembangnews_;https://twitter.com/Rembangnews_/status/1714180512489824400
Tue Oct 17 07:22:49 +0000 2023;1714180145924518119;"@KompasTV Jakarta plus rempang adalah kartu as jokowi sebenarnya bukan IKN https://t.co/KbzAQFOpdF";0;0;0;0;in;203373589;1714088652169748533;Mrbeachbums;https://twitter.com/Mrbeachbums/status/1714180145924518119
Tue Oct 17 07:15:17 +0000 2023;1714178249960665223;"Menggusur penduduk Rempang itu pelanggaran HAM berat,kenapa tdk dialihkan saja lokasi pabrik ke Pulau lain ?? Kan gak ribut ,, (2)";0;0;0;3;in;131814756;1714178248064852055;susno2g;https://twitter.com/susno2g/status/1714178249960665223
Tue Oct 17 07:15:16 +0000 2023;1714178248064852055;"Bagaimana perkbangan Suku Melayu Rempang yg mau digusur ? Soga gak jadi digusur ??? (1)";0;1;6;26;in;131814756;1714178248064852055;susno2g;https://twitter.com/susno2g/status/1714178248064852055
Tue Oct 17 07:02:36 +0000 2023;1714175059005465079;"tugas teks tajuk tentang pulau rempang bikin sakit kepala asli";0;0;0;0;in;1244535111468515329;1714175059005465079;aabfscvf;https://twitter.com/aabfscvf/status/1714175059005465079
Tue Oct 17 06:57:00 +0000 2023;1714173648054202402;"Menyepi dan Mendapatkan Ilmu di Ponpes Tahfidzul Quran LP3IA Rembang, Ganjar memperoleh ilmu dan pembelajaran tentang menjadi manusia yang bermanfaat dan menyelesaikan masalah dengan bijak. #JawaTimur Jawa timur Jatim https://t.co/YUgb17sRnn";0;0;0;0;in;1497748236685438977;1714173648054202402;SAGAIslamJatim;https://twitter.com/SAGAIslamJatim/status/1714173648054202402
Tue Oct 17 06:55:00 +0000 2023;1714173144863264953;"Menyepi dan Mendapatkan Ilmu di Ponpes Tahfidzul Quran LP3IA Rembang, Ganjar memperoleh ilmu dan pembelajaran tentang menjadi manusia yang bermanfaat dan menyelesaikan masalah dengan bijak. #Jakarta Jakarta https://t.co/kUbwE42Jxd";0;0;0;0;in;1548467549599199234;1714173144863264953;SAGAIslamDKI;https://twitter.com/SAGAIslamDKI/status/1714173144863264953
Tue Oct 17 06:53:53 +0000 2023;1714172865669685666;"@PDI_Perjuangan Preetttttttthhhhhhh....musim gini ajaa rakyat dibawa2...kendeng,,wadas, rempang, mandalika diem2 baee makkkk......#tenggelamkanbanteng2024";0;0;0;2;in;971697539954061312;1713876265927929881;dfanov;https://twitter.com/dfanov/status/1714172865669685666
Tue Oct 17 06:51:00 +0000 2023;1714172138213798159;"Menyepi dan Mendapatkan Ilmu di Ponpes Tahfidzul Quran LP3IA Rembang, Ganjar memperoleh ilmu dan pembelajaran tentang menjadi manusia yang bermanfaat dan menyelesaikan masalah dengan bijak. #JawaTengah Jawa tengah Jateng https://t.co/s7YB14sAnG";0;0;0;0;in;1391758806;1714172138213798159;SAGAIslamJateng;https://twitter.com/SAGAIslamJateng/status/1714172138213798159
Tue Oct 17 06:44:00 +0000 2023;1714170376622846363;"Menyepi dan Mendapatkan Ilmu di Ponpes Tahfidzul Quran LP3IA Rembang, Ganjar memperoleh ilmu dan pembelajaran tentang menjadi manusia yang bermanfaat dan menyelesaikan masalah dengan bijak. #Banten banten https://t.co/PBMWynPcgR";0;0;0;0;in;428811763;1714170376622846363;SAGAIslamBanten;https://twitter.com/SAGAIslamBanten/status/1714170376622846363
Tue Oct 17 06:43:21 +0000 2023;1714170214349426959;"Rembang Berbicara! Masyarakat Dukung Ganjar Pranowo menjadi Presiden Republik Indonesia 2024 #GanjarCapres #GanjarPresiden #GanjarPresiden2024 #GenZDukungGanjar #MilenialDukungGanjar https://t.co/jWkPcTkXDB";0;0;0;0;in;1643518871406804992;1714170214349426959;suryaamoled;https://twitter.com/suryaamoled/status/1714170214349426959
Tue Oct 17 06:41:15 +0000 2023;1714169686655668285;"@Bang_Jemie @New_BUFFETT @akhadam77 Fakta cebong sekaum antek penjajah Israel .. bong yg di usir di Rempang itu sekaum mu .. kenapa gak bela, justru yg bela kadrun /teroris radikal/ ekstremis https://t.co/oSqhzEnhzu";0;1;0;0;in;1667213278240706560;1713820311089742300;alfatih212426;https://twitter.com/alfatih212426/status/1714169686655668285
Tue Oct 17 06:35:49 +0000 2023;1714168318159118738;"https://t.co/E3hOcWe9Bv";0;0;0;0;zxx;1694263923544035328;1714168318159118738;rempang_04;https://twitter.com/rempang_04/status/1714168318159118738
Tue Oct 17 06:12:07 +0000 2023;1714162355301716209;"Selasa, 3 oktober 2023 Dwi Hastuti luhkan kab Rembang melakukan kunjungan ke ibu-ibu pengupas rajungan yg ada di desa pandangan kulon kec.kragan kab.rembang @PKBLU_bp3tegal #GiatLuhkansatminkaltegal https://t.co/TaeAh1NBll";0;0;0;0;in;1704332256607969280;1714162355301716209;Hastutie79;https://twitter.com/Hastutie79/status/1714162355301716209
Tue Oct 17 06:12:06 +0000 2023;1714162351753384158;"Angelia Windy T, Luhkan Kab. Rembang pada hari Jumat tanggal 16 Juni 2023 pendampingan akses pasar bersama ibu-ibu Dharma Wanita Dinas Kelautan dan Perikanan Kab. Rembang pada acara DWP Kab. Rembang di Gedung Sanggar Budaya Kab. Rembang @PKBLU_bp3tegal  #GiatLuhkanSatminkalTegal https://t.co/1DJR3iKlOn";0;0;0;0;in;1704377456726355968;1714162351753384158;mini_angelia;https://twitter.com/mini_angelia/status/1714162351753384158
Tue Oct 17 06:11:14 +0000 2023;1714162133913727466;"@SaifuddinSay @kakilangitimur @__SudutPandang @muchlis_ar @emerson_yuntho Jangan samain rempang sama perang. Kasi contoh itu yg similar kata orang apple to apple. Loe buatnya apple to banana.";0;0;0;1;in;1570658590314364929;1713514059990282521;asom_naniura;https://twitter.com/asom_naniura/status/1714162133913727466
Tue Oct 17 06:10:16 +0000 2023;1714161889587196047;"Mau investasi macam kasus Rempang lagi? https://t.co/wrxcLXVljO";0;1;1;3;in;1113325134645846016;1714161889587196047;toplevel_view;https://twitter.com/toplevel_view/status/1714161889587196047
Tue Oct 17 05:58:45 +0000 2023;1714158989158818263;"Angelia Windy T, Luhkan Kab. Rembang pada hari Selasa tgl 10 Oktober 2023 pendampingan pembuatan buku rekening kelompok @PKBLU_bp3tegal #GiatLuhkanSatminkalTegal #luhlapor https://t.co/9LjbmFhDs9";0;0;0;0;in;1704377456726355968;1714158989158818263;mini_angelia;https://twitter.com/mini_angelia/status/1714158989158818263
Tue Oct 17 05:51:21 +0000 2023;1714157127873499520;"@peter_hari @__AnakKolong @ezkisuyanto @ulinyusron @WagimanDeep212_ @Paltiwest @AbankTho2 @iyanKomrad Bodo amat, loe cuma belain kelompok. Korban pemilu lalu, pembantaian FPI, kasus Kanjuruhan, Wadas, Rempang dll pada mingkem loe.";0;0;0;0;in;1488682089226518528;1713718162389451252;DadangJuarsa5;https://twitter.com/DadangJuarsa5/status/1714157127873499520
Tue Oct 17 05:49:05 +0000 2023;1714156558542930278;"Kita lihat masyarkat mana lagi yg jadi korban, kmaren juga abis pulang dari sana, rakyat rempang jadi korban";0;0;0;0;in;1111665767794106369;1714156558542930278;Boedax_Pesisir;https://twitter.com/Boedax_Pesisir/status/1714156558542930278
Tue Oct 17 05:47:31 +0000 2023;1714156164156710939;"Sudah dijelasin kemaren, yg tanda tangan dan mau direlokasi bukan orang asli Rempang ! YLBHI harus cek KTP dan kartu keluarganya jika ingin bukti autentik.  Sehat selalu perjuangan ! 💪😎🇮🇩";0;0;0;2;in;1092958177;1714156164156710939;pandandjati;https://twitter.com/pandandjati/status/1714156164156710939
Tue Oct 17 05:46:33 +0000 2023;1714155919410684379;"Pelajaran bagi orang orang  yg berkuasa di Pemerintahan. Janganlah zholim kpd rakyat, sayangilah rakyat.  Rakyat tdk meminta makan, rakyat hanya meminta "keadilan".   Peristiwa Rempang belum hilang dr ingatan kita. Doa2 yg dipanjatkan adalah doa2 org yg terzholimi. https://t.co/93rcpUZfGS";1;7;22;57;in;536083521;1714155919410684379;AndiDarwis71;https://twitter.com/AndiDarwis71/status/1714155919410684379
Tue Oct 17 05:46:04 +0000 2023;1714155799340351693;"@CNNIndonesia Akankah ada lagi  rempang berikutnya";0;0;0;1;in;1689518225074307072;1714087836264366373;LianJibran76553;https://twitter.com/LianJibran76553/status/1714155799340351693
Tue Oct 17 05:44:28 +0000 2023;1714155396213174751;"@notnud02 @tvOneNews maksud nya israel memperlakukan palestina seperti kita memperlakukan rempang";0;0;0;0;in;153894321;1714058922842112029;Jekandra;https://twitter.com/Jekandra/status/1714155396213174751
Tue Oct 17 05:36:34 +0000 2023;1714153408150880639;"@Bambang01250678 @SitiRaf21214506 @Maria_Dzadina @Erick_Riksa @polt4kj4b4l23_ @Widya_Makmur11 @SiregarFre28269 @M3ChaN_1 @mikuroQ @nbea_h @Qs3488 @Bi_Bismillaah__ @dosdoo_ @RadjaJuara @vernanda_manda @jackynore @TarcisiaSim @75Mahrus @rinto_wahyudi8 @Suharma06111152 @BudiSosiawan7 @_Fiel_Seguidor @Nayla_Em @OhSamHR @Sunardi82152433 @MIndraIrawan81 @Mamanya_Azzam @AbyAlthaf @BM7NOGO @JessicaNeo4 @2Suryo @Sunny__vvv @Yoen__AR @ChyanaSurdin @sunset_030230 @VerenaSusilowa1 @tnmuda @ashaannabelle63 @Retno_Wiliss @wongndeso2021 @edi44331822 @aariejazz https://t.co/hWwUsDPvK5";0;0;1;6;qme;1704510391462600704;1712104262497685750;RepublikRempang;https://twitter.com/RepublikRempang/status/1714153408150880639
Tue Oct 17 05:35:22 +0000 2023;1714153107654107462;"https://t.co/idjOIce6mI";0;0;1;1;zxx;1704510391462600704;1714153107654107462;RepublikRempang;https://twitter.com/RepublikRempang/status/1714153107654107462
Tue Oct 17 05:34:55 +0000 2023;1714152993694826968;"@ch_chotimah2 @jokowi @gibran_tweet @ganjarpranowo Saya 2x pilih lurah... Tp sejak kasus rempang sudah gak ada simpatik lagi k lurah. Demi cuan masuk, rakyat d gebukin n d tembaki gas air mata. Dan pak lurah sama sekalipuan gak ada statement. Tp klo k papua bisa berkali x";0;0;0;0;in;125034065;1714111705238970381;guskuit;https://twitter.com/guskuit/status/1714152993694826968
Tue Oct 17 05:34:51 +0000 2023;1714152975172878594;"@CantikaCahyhani @Bhening_ @PutraBuana_ @TheArieAir @wiwikherma @AzisDadun_ @riezky_anand4 @sweetarumii @2TRafiS1 @Allwahid805 @w3_esbe @Evie19101 @EDHARIS3 @HerryChristant @my_ella_1111 @Diyanliya_ @afa_cantip @ayaanaya_ @miebasoka1 @mbambangsugiono @Juan_setiawan64 @Adhitya_anand4 @Julhan_Htbarat @RestuAndara99 @DLepenz @ishnacuy @lingsang32 @my_kartika_1111 @dd_afa @aveeyra @Dhinda1_ @ayoonaya_ @my_silvana_1111 @so_c1a @2Suryo @d3wa4smara @Prassana_CJ @Tasroni1971 @rubiavianto @Gita_Gina_ @IsSambalado @denmaswahab @nono_pramono @tzoelvicar48240 @KoesdionoN @h_handoko_9 @jaemcityonz @TRIAJULLY https://t.co/vytaeY4Ej6";0;0;0;1;qme;1704510391462600704;1710214804986798531;RepublikRempang;https://twitter.com/RepublikRempang/status/1714152975172878594
Tue Oct 17 05:30:09 +0000 2023;1714151794463707230;"Masyarakat Melayu Mendukung Investasi #Rempang https://t.co/jFRaOzZasK";0;0;0;0;in;1426005693983649794;1714151794463707230;Laras_nia90;https://twitter.com/Laras_nia90/status/1714151794463707230
Tue Oct 17 05:26:32 +0000 2023;1714150884186439864;"Kebohongan Pejabat di Era Jokowi : agar mendapatkan cuan, jual negara berkedok INVESTASI, sampai bawa warga luar Rempang utk tanda tangan sb tanda setuju utk direlokasi dgn mengatas namakan warga Rempang-Galang.  Licik.... Picik.... Culas.... https://t.co/xcZ3zVOzzz";10;11;384;519;in;1439701579276251136;1714150884186439864;Li9ayaTalaChes4;https://twitter.com/Li9ayaTalaChes4/status/1714150884186439864
Tue Oct 17 05:10:55 +0000 2023;1714146952773013891;"Membacakan Nyaring https://t.co/Oi8jl0lCIn #MovingEp17 Narnia Azizah KDRT Abimana #MyLovelyLiarEp14 #TXTxDior #____ Halo-Halo Bandung Rempang https://t.co/LnKJzhAoBi https://t.co/b5Nj9aU6GM https://t.co/753o52TFWL https://t.co/55FDLlHMA1";0;0;0;0;in;1361969770346602501;1714146952773013891;donnymarthen;https://twitter.com/donnymarthen/status/1714146952773013891
Tue Oct 17 04:56:37 +0000 2023;1714143355884687583;"@OposisiCerdas Demo rempang ajalah...";0;0;0;0;in;1475033224724160513;1714081616065364162;Nama_Twitku;https://twitter.com/Nama_Twitku/status/1714143355884687583
Tue Oct 17 04:52:20 +0000 2023;1714142277453648202;"fae mmg sengaja nk aku pengsan tgh2 hari rembang ni😊";0;0;0;6;in;1268915081770745857;1714142277453648202;mirahhadn_;https://twitter.com/mirahhadn_/status/1714142277453648202
Tue Oct 17 04:47:36 +0000 2023;1714141084174180823;"BP Batam jg terus  memfasilitasi perpindahan Warga Rempang ke Batam, yg saat ini terus  bertambah. Lokasi relokasi sementara ini beragam, mulai dri Perumahan  Cipta Buana Tembesi, Perumahan Cipta Asri, Perumahan Anggara Graha,  Rusun Muka Kuning, Perumahan Bida 3 Sambau &amp  lain2. https://t.co/N2O67LCTtx";0;0;0;0;in;1455835139334803458;1714141084174180823;AswadBaihaqi;https://twitter.com/AswadBaihaqi/status/1714141084174180823
Tue Oct 17 04:46:41 +0000 2023;1714140855349727539;"@tanyarlfes Kata siapa pati rembang ga???";0;0;0;0;in;230734519;1713841683128000803;fullsunvely;https://twitter.com/fullsunvely/status/1714140855349727539
Tue Oct 17 04:45:41 +0000 2023;1714140604148707703;"@msaid_didu Rempang sdh kondusif pak..";0;0;0;0;in;1365070333724647424;1714106330313785812;ArmiSatria8;https://twitter.com/ArmiSatria8/status/1714140604148707703
Tue Oct 17 04:37:41 +0000 2023;1714138587451768943;"Investasi tak hanya untuk pertumbuhan ekonomi Demokrat minta Pemerintah utamakan kepentingan rakyat di Rempang #demokrat #demokratjatim #demokratlumajang #DemokratS14P #demokrat14 #rempang #demokratbersamarakyat #demokratsolid #bakomstrademokrat #bakomstrajatim #bakomstralumajang https://t.co/SBybgOrTSS";0;0;0;0;in;1537264600332152833;1714138587451768943;BakomstraL;https://twitter.com/BakomstraL/status/1714138587451768943
Tue Oct 17 04:35:35 +0000 2023;1714138058852049194;"Rutin setiap selasa, #pengajian digelar. Semoga dapat meningkatkan keilmuan dan akhlakul karimah pegawai. https://t.co/vcgGU5Nyyd";0;0;0;0;in;1701510766082584576;1714138058852049194;prokopimdarbg;https://twitter.com/prokopimdarbg/status/1714138058852049194
Tue Oct 17 04:26:39 +0000 2023;1714135811770450062;"@tempodotco Siap2 bakal banyak yg digusur, dirampas, diusir lagi, kayak di rempang.";0;0;0;1;in;314626122;1714135418881679746;TukangUlin37;https://twitter.com/TukangUlin37/status/1714135811770450062
Tue Oct 17 04:26:02 +0000 2023;1714135659240394979;"@NenkMonica Ngutang apa dpt minjem  Apa kasbon dngn jaminn rempang";0;0;0;1;in;1605753802493419520;1714121809682149627;BudiPra82217943;https://twitter.com/BudiPra82217943/status/1714135659240394979
Tue Oct 17 04:22:06 +0000 2023;1714134665672663239;"@pengarang_sajak sebelum pendaftaran di KPU, semua masih belum pasti (meskipun tanda-tanda ke arah itu sudah mulai tampak)  Tetapi jalan orang benar itu seperti cahaya fajar, yang kian bertambah terang sampai rembang tengah hari. (tinggal dibalik, jika itu jalan orang tidak benar) https://t.co/ZCGCnQmQSL";0;0;0;1;in;73304411;1713830800083587529;krucilan;https://twitter.com/krucilan/status/1714134665672663239
Tue Oct 17 04:21:06 +0000 2023;1714134415713136888;"Jika pejuang khilafah ga boleh bela Rempang, ditunggu dong pembelaan para pejuang HAM, pejuang kesetaraan, dan para pembela NKRI harga mati...  #KebijakanLalimSengsarakanRempang  #RempangKorbanKapitalisme  #IslamSelamatkanPerempuanRempang";0;0;0;0;in;1487450540028350475;1714134415713136888;firda_liana20;https://twitter.com/firda_liana20/status/1714134415713136888
Tue Oct 17 04:13:06 +0000 2023;1714132401264484862;"@akubukanilham @neohistoria_id @Muhadjir_M Tau yg ku singgung adminnya sering bahas hal-hal yg diluar sejarah kek isu sosial macam Rempang";0;0;0;0;in;1658724359924760581;1713498064550547930;geats2xx;https://twitter.com/geats2xx/status/1714132401264484862
Tue Oct 17 04:11:51 +0000 2023;1714132088025501764;"@Dennysiregar7 Anda lbh bgs jadi oposisi, selain masalah itu suarakan tuntut keadilan kanjuruhan, dago elos, pasar banjaran, wadas, rempang, dan papua baru anda gentle !!";0;0;0;0;in;1610266742647054341;1714044657741767094;akhmadsm_181120;https://twitter.com/akhmadsm_181120/status/1714132088025501764
Tue Oct 17 04:01:20 +0000 2023;1714129440010391964;"Pengecekan Kendaraan Dinas Polres Rembang Dalam Rangka Kesiapan Operasi Mantap Brata candi 2023-2024. #polresrembang  #kapolresrembang  #polisingaji  #polisinyantri  #humaspolresrembang https://t.co/Knwz4A7P0M";0;0;0;0;in;1587330812642402304;1714129440010391964;polsek_Sluke;https://twitter.com/polsek_Sluke/status/1714129440010391964
Tue Oct 17 04:00:44 +0000 2023;1714129291720683946;"Pengecekan Kendaraan Dinas Polres Rembang Dalam Rangka Kesiapan Operasi Mantap Brata candi 2023-2024, Dihalaman Mapolres Rembang. #polresrembang  #kapolresrembang  #polisingaji  #polisinyantri  #humaspolresrembang https://t.co/OgXJtMneon";0;0;0;0;in;1587330812642402304;1714129291720683946;polsek_Sluke;https://twitter.com/polsek_Sluke/status/1714129291720683946
Tue Oct 17 03:53:06 +0000 2023;1714127369785794640;"Pengecekan Kendaraan Dinas Polres Rembang Dalam Rangka Kesiapan Operasi Mantap Brata candi 2023-2024, Dihalaman Mapolres Rembang.  #polri  #polresrembang  #kapolresrembang  #polisingaji  #polisinyantri  #humaspolresrembang @polisi_indonesia  @infopolisi_indonesia https://t.co/bYQDmHSC4P";0;0;0;0;in;1620650804754653184;1714127369785794640;PolsekSulang88;https://twitter.com/PolsekSulang88/status/1714127369785794640
Tue Oct 17 03:50:28 +0000 2023;1714126708809535973;"The Montessori Toddler https://t.co/x9WcC68RPU Putri KW Conjuring 1 Jenglot Kayak Bayi YOSHI BLACK HAIR Narnia #KIMJIWOONG Kapolsek #TXTxDior Arhan Rempang https://t.co/q9TzlKtPV0 https://t.co/T714nP53Fr https://t.co/sJPLA8SpWN";0;0;0;0;in;1361969770346602501;1714126708809535973;donnymarthen;https://twitter.com/donnymarthen/status/1714126708809535973
Tue Oct 17 03:46:36 +0000 2023;1714125731691905072;"Anak di Rempang Masih Trauma Konflik, Dapat Pendampingan Psikologis https://t.co/C01ZcS2UXH";0;0;0;0;in;388190238;1714125731691905072;IDNTimes;https://twitter.com/IDNTimes/status/1714125731691905072
Tue Oct 17 03:45:58 +0000 2023;1714125576104264063;"@papa_loren @MulkisPohan Masih ingat perkataan x mau buldozer penduduk Rempang,akhirnya badanx kena buldozer duluan.sejarusmua yg lain dadar jadikan contoh orang zolim itu pasti ada balasanx";0;1;0;1;in;1438321640773865475;1714107000873972051;Jek42699606;https://twitter.com/Jek42699606/status/1714125576104264063
Tue Oct 17 03:45:06 +0000 2023;1714125357979443519;"Buku Librari Ori - Muslimah Bukan Agen Moral https://t.co/h3DI4BteYD WR 1 Batik Air Kapolsek Rempang #AniesMuhaimin2024 Jenglot Miring #HongKongOpen2023 Narnia https://t.co/x2DPqfJKcN https://t.co/wWPqCwf4i4 https://t.co/rQmlspkoBA";0;0;0;0;in;1361969770346602501;1714125357979443519;donnymarthen;https://twitter.com/donnymarthen/status/1714125357979443519
Tue Oct 17 03:41:53 +0000 2023;1714124545630904780;"@SiregarFre28269 @saidiman Alhamdulillah jadi tambah punya alasan untuk gak pilih Ganjar. 10 tahun mimpin Jateng urus jalan Pantura aja gak becus mau urus negara";0;0;0;0;in;2610654008;1713888221627826191;abutavtazanseda;https://twitter.com/abutavtazanseda/status/1714124545630904780
Tue Oct 17 03:40:33 +0000 2023;1714124213139984680;"#live   Saat ini sedang berlangsung dialog dengan topik: BKPM Sebut Ada WNA Provokasi Warga Rempang bersama Habib Syakur Ali Mahdi - Inisiator Gerakan Nurani Kebangsaan (GNK) yang dipandu oleh Amira Arief   Selengkapnya dengarkan di 88,8FM &amp  RRI Digital.            #IMPagi -MAK https://t.co/BDETi4cllL";0;0;0;1;in;1129936609;1714124213139984680;RRIPrograma3;https://twitter.com/RRIPrograma3/status/1714124213139984680
Tue Oct 17 03:39:43 +0000 2023;1714124003173179515;"Buku Librari Ori - Muslimah Bukan Agen Moral https://t.co/h3DI4BteYD WR 1 Batik Air Kapolsek Rempang #AniesMuhaimin2024 Jenglot Miring #HongKongOpen2023 Narnia https://t.co/CxVLTbTmew https://t.co/lAUoGfenud https://t.co/c0m2GZzH5D";0;0;0;0;in;1361969770346602501;1714124003173179515;donnymarthen;https://twitter.com/donnymarthen/status/1714124003173179515
Tue Oct 17 03:39:13 +0000 2023;1714123875636957246;"#Temanpemilih KPU Kabupaten Purbalingga sebagai Narasumber pada Kegiatan Sosialisasi Pendidikan Pemilu dan Kegiatan Proyek Penguatan Profil Pelajar Pancasila (P5) Dengan Tema "Suara Demokrasi " pada hari Selasa, 17 Oktober 2023 bertempat di SMP N 2 REMBANG https://t.co/7VOfTmY3tc";0;0;0;0;in;3732666673;1714123875636957246;KPUPBG;https://twitter.com/KPUPBG/status/1714123875636957246
Tue Oct 17 03:36:16 +0000 2023;1714123134759256434;"Lapor Mas ketum @AgusYudhoyono  Boleh pinjam Seratus? 😆 @pemudaidamanid   @PDemokrat @Demokrat_TV #PolitikGembiraRiang #DapilJateng3 #Pati #Blora #Grobogan #Rembang #AmalAlghozali https://t.co/2xNydoBwdZ";1;2;2;4;in;1441425650;1714123134759256434;aczho;https://twitter.com/aczho/status/1714123134759256434
Tue Oct 17 03:34:21 +0000 2023;1714122652343062701;"Buku Librari Ori - Haji Murad https://t.co/UicgNbHewX WR 1 Batik Air Kapolsek #AniesMuhaimin2024 Rempang Jenglot Al Kahfi #HongKongOpen2023 Putri KW Kamis Narnia https://t.co/7g5VS6jCtu https://t.co/bJMZ40lrry https://t.co/zRbGQkjjuS";0;0;0;0;in;1361969770346602501;1714122652343062701;donnymarthen;https://twitter.com/donnymarthen/status/1714122652343062701
Tue Oct 17 03:32:22 +0000 2023;1714122150255468941;"Pengecekan Kendaraan Dinas Polres Rembang Dalam Rangka Kesiapan Operasi Mantap Brata candi 2023-2024, Dihalaman Mapolres Rembang #polri  #polresrembang  #kapolresrembang  #polisingaji  #polisinyantri  #humaspolresrembang @polisi_indonesia  @infopolisi_indonesia @divisihumaspolri https://t.co/djPPMN5OjW";0;0;0;0;in;1536567484693852166;1714122150255468941;HumasResRembang;https://twitter.com/HumasResRembang/status/1714122150255468941
Tue Oct 17 03:23:15 +0000 2023;1714119857825013783;"Apa kabar Rempang ?";0;0;0;2;in;1118890163235512320;1714119857825013783;gio_ferry;https://twitter.com/gio_ferry/status/1714119857825013783
Tue Oct 17 03:22:05 +0000 2023;1714119562281836678;"Pengecekan Kendaraan Dinas Polres Rembang Dalam Rangka Kesiapan Operasi Mantap Brata candi 2023-2024, Dihalaman Mapolres Rembang. #polri  #polresrembang  #kapolresrembang  #polisingaji  #polisinyantri  #humaspolresrembang @polisi_indonesia  @infopolisi_indonesia @DivHumas_Polri https://t.co/odSQt3kkK2";0;0;0;0;in;1587353744764641281;1714119562281836678;Sek_Kaliori;https://twitter.com/Sek_Kaliori/status/1714119562281836678
Tue Oct 17 03:21:47 +0000 2023;1714119489535554013;"1,1 Juta Jiwa Diusir Israel dari Gaza, Rocky Gerung: Seperti Istana Gertak Rempang! https://t.co/NWZitZvk7Y  https://t.co/NWZitZvk7Y";0;0;0;0;in;1636627729675337734;1714119489535554013;posaktualcom;https://twitter.com/posaktualcom/status/1714119489535554013
Tue Oct 17 03:21:46 +0000 2023;1714119482283885033;"Mengenal Ekologi dan Ekosistem serta Dampak Lingkungan Pulau Rempang Jadi Contoh. https://t.co/fEC0dbOFRD";0;0;1;1;in;1567483663545438209;1714119482283885033;PutunMy;https://twitter.com/PutunMy/status/1714119482283885033
Tue Oct 17 03:20:46 +0000 2023;1714119232924066046;"KABAR GEMBIRA MELAYU BERSATU MENDUKUNG PENUH INVESTASI REMPANG GALANG  MASYARAKAT MELAYU SANGAT ANTUSIAS DENGAN INVESTASI YANG MEMAJUKAN WARGA REMPANG  #WargaRempangSetujulnvestasi #rempang #rempanggalang https://t.co/ORhutLjB8P";1;0;0;0;in;848796526071627777;1714119232924066046;wartabhineka;https://twitter.com/wartabhineka/status/1714119232924066046
Tue Oct 17 03:19:36 +0000 2023;1714118937007521824;"#live  Saat ini sedang berlangsung dialog dengan topik: BKPM Sebut Ada WNA Provokasi Warga Rempang bersama Tenaga Ahli Menteri Investasi - Rizal Calvary Marimbo yang dipandu oleh Amira Arief  Selengkapnya dengarkan di 88,8FM &amp  RRI Digital.          #IMPagi -MAK https://t.co/ryhNo1UkOR";0;0;0;1;in;1129936609;1714118937007521824;RRIPrograma3;https://twitter.com/RRIPrograma3/status/1714118937007521824
Tue Oct 17 03:16:51 +0000 2023;1714118248663515530;"Apel Gelar Pasukan Operasi Mantap Brata Samrat 2023-2024 dalam rangka Pengamanan Pemilu Tahun 2024.  Kegiatan ini dihadiri oleh: 1. Bupati Minahasa Selatan Bapak Franky D. Wongkar, S.H.  2. Wakil Bupati Minahasa Selatan Pdt. Petra Yani Rembang  https://t.co/8RxXciGPhf";0;1;0;0;in;1257564312966541314;1714118154719473681;KejariMinsel;https://twitter.com/KejariMinsel/status/1714118248663515530
Tue Oct 17 03:12:21 +0000 2023;1714117115572355173;"@txtdrpemerintah kabare bupatiku pripun ya? @bupati_rbg";0;0;0;0;in;886482346290982912;1712876170042396971;txtdarirembang;https://twitter.com/txtdarirembang/status/1714117115572355173
Tue Oct 17 03:04:35 +0000 2023;1714115161555108010;"Pembicaraan Tingkat ke Dua Terhadap Rancangan Peraturan Daerah Kab. Minahasa Selatan Tentang Pajak dan Retribusi Daerah.  Kegiatan ini dihadiri oleh: 1. Bupati Minahasa Selatan Bapak Franky D. Wongkar. S.H.  2. Wakil Bupati Minahasa Selatan Pdt. Petra Yani Rembang  https://t.co/xKUXFWcfRl";0;1;0;0;in;1257564312966541314;1714115080693198989;KejariMinsel;https://twitter.com/KejariMinsel/status/1714115161555108010
Tue Oct 17 03:03:53 +0000 2023;1714114983360078038;"@jokowi Jangan terlalu percaya diri, Pak.  China juga menunggu, apakah Anies Baswedan akan melanjutkan program Bisnis Indonesia ini. Reklamasi gagal. Rempang tertunda.  Rakyat lapar, marahnya bedda";0;0;0;0;in;1132112437870645248;1714087154656428339;missdiah2;https://twitter.com/missdiah2/status/1714114983360078038
Tue Oct 17 03:01:22 +0000 2023;1714114349235929546;"@CNNIndonesia Selain Rempang, apalagi yang dijual?";0;0;0;1;in;1579974814458335232;1714087836264366373;Kurniaw94520620;https://twitter.com/Kurniaw94520620/status/1714114349235929546
Tue Oct 17 02:59:33 +0000 2023;1714113894971822255;"Kangen peyek udang sama cumi hitam yg di rembang😔😔😔";0;1;0;0;in;1032431070896054272;1714113894971822255;rexthetoy;https://twitter.com/rexthetoy/status/1714113894971822255
Tue Oct 17 02:57:55 +0000 2023;1714113480121537017;"Anggota ⁦@DPR_RI⁩ @PDemokrat ⁦@DkiSantoso⁩: Polri Harus Kedepankan Restoratif Justice dalam Peristiwa Rempang https://t.co/IodwX8EUlT";0;0;1;5;in;500971801;1714113480121537017;FPD_DPR;https://twitter.com/FPD_DPR/status/1714113480121537017
Tue Oct 17 02:54:47 +0000 2023;1714112693794484488;"@sonkski_ Rembang, sih, tapi ya hmmmm 😂";0;0;0;0;in;1343967642;1713529277550154141;choo_lis;https://twitter.com/choo_lis/status/1714112693794484488
Tue Oct 17 02:43:06 +0000 2023;1714109751863427364;"Golput malah ngebunuh saudara-saudara di Rempang, Wadas, Kalimantan, Kendeng dll.";0;1;0;0;in;44966317;1714109751863427364;HardimasHP;https://twitter.com/HardimasHP/status/1714109751863427364
Tue Oct 17 02:37:32 +0000 2023;1714108353822023793;"1,1 Juta Jiwa Diusir Israel dari Gaza, Rocky Gerung: Seperti Istana Gertak Rempang! https://t.co/pCAcHFGQnA";0;0;0;0;in;1662344532627976192;1714108353822023793;geloradotnews;https://twitter.com/geloradotnews/status/1714108353822023793
Tue Oct 17 02:35:17 +0000 2023;1714107786710175906;"1,1 Juta Jiwa Diusir Israel dari Gaza, Rocky Gerung: Seperti Istana Gertak Rempang! https://t.co/uvNHbAk2Od https://t.co/SwMtCRRmh2";0;0;0;0;in;1592886017446793218;1714107786710175906;polhukamid_;https://twitter.com/polhukamid_/status/1714107786710175906
Tue Oct 17 02:31:17 +0000 2023;1714106781675487622;"Jual negara tapi dibungkus dg kata Investasi.  Masih ingat tambang nikel, pulau rempang, kereta api cepat dan IKN";3;34;214;613;in;1117990249806721024;1714106781675487622;msaid_didu;https://twitter.com/msaid_didu/status/1714106781675487622
Tue Oct 17 02:29:30 +0000 2023;1714106330313785812;"Bawa kado investasi atau jual negara ? Kunjungan sebelumnya jual IKN dan Pulau Rempang https://t.co/j7cGuDugOD";3;64;142;343;in;1117990249806721024;1714106330313785812;msaid_didu;https://twitter.com/msaid_didu/status/1714106330313785812
Tue Oct 17 02:28:59 +0000 2023;1714106200059744763;"@itsicun Gua inget pas rame isu rembang, di situ kampus lu masih ga mau deket2 sama yg namanya tambang cun. Fakultas lain pada nerima sponsor dari pabrik semen, kampus lu kagak mau. Sekarang masuk aja semua wkwkkwkkw";0;1;0;0;in;371633174;1714098902113341889;abdurrahmanalf_;https://twitter.com/abdurrahmanalf_/status/1714106200059744763
Tue Oct 17 02:26:05 +0000 2023;1714105472754851964;"Pengecekan Kendaraan Dinas Polres Rembang (Selasa,17/10/2023 https://t.co/mq5NEiqifW";0;0;0;1;in;1536567484693852166;1714105472754851964;HumasResRembang;https://twitter.com/HumasResRembang/status/1714105472754851964
Tue Oct 17 02:24:45 +0000 2023;1714105134471622983;"#TemanPemilih, kamu perlu tahu, Pendaftaran Bakal Pasangan Calon Presiden dan Wakil Presiden Pemilu Tahun 2024 dibuka dari tanggal 19 sd 25 Oktober 2023 di Kantor Komisi Pemilihan Umum. Simak selengkapnya melalui scan barcode ini...  #KPUMelayani #PemiluSerentak2024 https://t.co/gJk3B0Xx8j";0;0;0;0;in;1372767476564389892;1714105134471622983;KPUKabRembang;https://twitter.com/KPUKabRembang/status/1714105134471622983
Tue Oct 17 02:24:44 +0000 2023;1714105131359490263;"1,1 Juta Jiwa Diusir Israel dari Gaza, Rocky Gerung: Seperti Istana Gertak Rempang! https://t.co/IZP4J9Q1gS";0;0;5;20;in;3319260420;1714105131359490263;geloraco;https://twitter.com/geloraco/status/1714105131359490263
Tue Oct 17 02:21:16 +0000 2023;1714104260881973457;"@SammiSoh Lihat tampilannya sih kayanya stroke berat dan nggak ada harapan pulih. Akan begitu saja terus sampai tuhan memanggilnya. Lupakanlah niat mau membuldoser warga Rempang.";0;0;0;0;in;2177741178;1714087890022797326;rajaonan;https://twitter.com/rajaonan/status/1714104260881973457
Tue Oct 17 02:16:06 +0000 2023;1714102957732712699;"#TemanPemilih Pengumuman Lelang Nomor: 168/RT.01.3-Pu/3317/2023, KPU Kabupaten Rembang selaku Penjual Lelang, dengan perantara KPKNL Semarang akan melaksanakan Lelang Non eksekusi Wajib Barang Milik Negara  Pengumuman selengkapnya https://t.co/OjyHDGlQOQ   #kpumelayani https://t.co/UJIAs510I6";0;0;0;0;in;1372767476564389892;1714102957732712699;KPUKabRembang;https://twitter.com/KPUKabRembang/status/1714102957732712699
Tue Oct 17 02:08:57 +0000 2023;1714101157956845849;"#RempangEcoCity #SolusiUntukRempang #SolusiRempang #InvestasiUntukRakyat #Rempang  #PulauRempang #RempangBatam #Batam https://t.co/lvVub52LmY";0;0;0;0;qme;1510070707509551106;1714101157956845849;davinaaig;https://twitter.com/davinaaig/status/1714101157956845849
Tue Oct 17 02:06:48 +0000 2023;1714100619458556135;"@jokowi Ehm Rempang";0;0;0;0;in;1480534042604761089;1714087154656428339;idsigmunfreud;https://twitter.com/idsigmunfreud/status/1714100619458556135
Tue Oct 17 02:05:24 +0000 2023;1714100266558243116;"Nggak hanya pameran pertanian dan pangan saja yak, tapi juga ada Lomba Cipta Menu Makanan, Gerakan Pangan Murah, Icip-Icip Jajanan Jadul, Flashmop Gerakan Minum Susu dan Pemotongan Tumpeng.   Menarik kaan, hayo siapa yang ketinggalan? https://t.co/hkdtTZKi2H";0;0;0;0;in;1701510766082584576;1714100266558243116;prokopimdarbg;https://twitter.com/prokopimdarbg/status/1714100266558243116
Tue Oct 17 02:05:09 +0000 2023;1714100202540523524;"Masih adakah suara untuk #rempang?";1;0;1;2;in;392849947;1714100202540523524;balamvin;https://twitter.com/balamvin/status/1714100202540523524
Tue Oct 17 02:04:41 +0000 2023;1714100083745268143;"#RempangEcoCity #SolusiUntukRempang #SolusiRempang #InvestasiUntukRakyat #Rempang  #PulauRempang #RempangBatam #Batam https://t.co/0R8sx6VQOk";0;0;0;0;qme;1473119794945687554;1714100083745268143;NasywaKalandra;https://twitter.com/NasywaKalandra/status/1714100083745268143
Tue Oct 17 02:04:34 +0000 2023;1714100055454732301;"#RempangEcoCity #SolusiUntukRempang #SolusiRempang #InvestasiUntukRakyat #Rempang  #PulauRempang #RempangBatam #Batam https://t.co/KiDUcL2Zju";0;0;0;0;qme;1473119794945687554;1714100055454732301;NasywaKalandra;https://twitter.com/NasywaKalandra/status/1714100055454732301
Tue Oct 17 02:04:27 +0000 2023;1714100026291675485;"#RempangEcoCity #SolusiUntukRempang #SolusiRempang #InvestasiUntukRakyat #Rempang  #PulauRempang #RempangBatam #Batam https://t.co/UN6pnkzrRh";0;0;0;0;qme;1473119794945687554;1714100026291675485;NasywaKalandra;https://twitter.com/NasywaKalandra/status/1714100026291675485
Tue Oct 17 02:04:20 +0000 2023;1714099999137829338;"#RempangEcoCity #SolusiUntukRempang #SolusiRempang #InvestasiUntukRakyat #Rempang  #PulauRempang #RempangBatam #Batam https://t.co/k4nvPyo0f8";0;0;0;0;qme;1473119794945687554;1714099999137829338;NasywaKalandra;https://twitter.com/NasywaKalandra/status/1714099999137829338
Tue Oct 17 02:04:09 +0000 2023;1714099949733061070;"#RempangEcoCity #SolusiUntukRempang #SolusiRempang #InvestasiUntukRakyat #Rempang  #PulauRempang #RempangBatam #Batam https://t.co/k6EFcGch21";0;0;0;0;qme;1473119794945687554;1714099949733061070;NasywaKalandra;https://twitter.com/NasywaKalandra/status/1714099949733061070
Tue Oct 17 02:04:02 +0000 2023;1714099922071683516;"#RempangEcoCity #SolusiUntukRempang #SolusiRempang #InvestasiUntukRakyat #Rempang  #PulauRempang #RempangBatam #Batam https://t.co/laWuuqlare";0;0;0;0;qme;1473119794945687554;1714099922071683516;NasywaKalandra;https://twitter.com/NasywaKalandra/status/1714099922071683516
Tue Oct 17 02:03:23 +0000 2023;1714099758565113922;"Agro Expo 2023 memperingati Hari Pangan Sedunia tingkat #rembang  Banyak agenda loh, Wakil Bupati Rembang @GusHanies  membuka secara langsung di Dinas Pertanian dan Kehutanan. https://t.co/cZiVGWvlzS";0;0;0;0;in;1701510766082584576;1714099758565113922;prokopimdarbg;https://twitter.com/prokopimdarbg/status/1714099758565113922
Tue Oct 17 02:01:50 +0000 2023;1714099367165255787;"@Craze_26 Bahas rempang";0;0;0;0;in;1437404497504919557;1713890908679368931;Ferdyan278;https://twitter.com/Ferdyan278/status/1714099367165255787
Tue Oct 17 02:00:39 +0000 2023;1714099072397910427;"Hancurkan landasan bandara dan pelabuhan menuju Rempang! Beri jalan darat untuk memudahkan melakukan jebakan! Rakyat harus kompak dan bersatu padu! Tidak perlu ada pemimpin. Semua orang bisa menjadi pemimpin.";0;0;0;0;in;1650475581312761857;1714099072397910427;OrdePerubahan;https://twitter.com/OrdePerubahan/status/1714099072397910427
Tue Oct 17 01:46:05 +0000 2023;1714095403506033108;"@bebeelacccc Tak dm mbaa";0;0;0;0;in;365897354;1713859603749060788;sasasasyaaa;https://twitter.com/sasasasyaaa/status/1714095403506033108
Tue Oct 17 01:44:12 +0000 2023;1714094931524956210;"@_BangFu 2019 waktu di rempang " kalau saya jadi presiden saya kasih surat tanah gratis" nyata 2023 warga rempang mau digusur dari tanah nenek moyangnya 🥲";1;0;1;9;in;1336432670;1713946765156909110;agunsetiawn;https://twitter.com/agunsetiawn/status/1714094931524956210
Tue Oct 17 01:43:34 +0000 2023;1714094770434519360;"@bebeelacccc Nonton neng smg wae mba tgl 14 nov ntuk triple ndx, guyonwaton, gilga 😌";0;1;0;0;in;365897354;1713859603749060788;sasasasyaaa;https://twitter.com/sasasasyaaa/status/1714094770434519360
Tue Oct 17 01:42:42 +0000 2023;1714094554209833393;"#RempangEcoCity #SolusiUntukRempang #SolusiRempang #InvestasiUntukRakyat #Rempang  #PulauRempang #RempangBatam #Batam https://t.co/KPUcV0yofz";0;0;0;0;qme;1602499304903520257;1714094554209833393;aditya_aldari;https://twitter.com/aditya_aldari/status/1714094554209833393
Tue Oct 17 01:42:34 +0000 2023;1714094519325688244;"#RempangEcoCity #SolusiUntukRempang #SolusiRempang #InvestasiUntukRakyat #Rempang  #PulauRempang #RempangBatam #Batam https://t.co/hnvxuGoyz7";0;0;0;0;qme;1602499304903520257;1714094519325688244;aditya_aldari;https://twitter.com/aditya_aldari/status/1714094519325688244
Tue Oct 17 01:42:27 +0000 2023;1714094489701409127;"#RempangEcoCity #SolusiUntukRempang #SolusiRempang #InvestasiUntukRakyat #Rempang  #PulauRempang #RempangBatam #Batam https://t.co/Nk6Rle5hWj";0;0;0;0;qme;1602499304903520257;1714094489701409127;aditya_aldari;https://twitter.com/aditya_aldari/status/1714094489701409127
Tue Oct 17 01:42:21 +0000 2023;1714094466968252635;"#RempangEcoCity #SolusiUntukRempang #SolusiRempang #InvestasiUntukRakyat #Rempang  #PulauRempang #RempangBatam #Batam https://t.co/GXxR3vxQ2a";0;0;0;0;qme;1602499304903520257;1714094466968252635;aditya_aldari;https://twitter.com/aditya_aldari/status/1714094466968252635
Tue Oct 17 01:42:14 +0000 2023;1714094436014326181;"#RempangEcoCity #SolusiUntukRempang #SolusiRempang #InvestasiUntukRakyat #Rempang  #PulauRempang #RempangBatam #Batam https://t.co/XT5HLnQa7T";0;0;0;0;qme;1602499304903520257;1714094436014326181;aditya_aldari;https://twitter.com/aditya_aldari/status/1714094436014326181
Tue Oct 17 01:42:09 +0000 2023;1714094415890034971;"#RempangEcoCity #SolusiUntukRempang #SolusiRempang #InvestasiUntukRakyat #Rempang  #PulauRempang #RempangBatam #Batam https://t.co/4SwvCvNj11";0;0;0;0;qme;1602499304903520257;1714094415890034971;aditya_aldari;https://twitter.com/aditya_aldari/status/1714094415890034971
Tue Oct 17 01:39:26 +0000 2023;1714093733023731773;"Pada hari Selasa tanggal 17 Oktober 2022 Anggota Polsek Sale melaksanakan kegiatan Polisi Ngaji Polisi Nyantri di Mushola Al Hayat BKPH Desa Sale, Kecamatan Sale, Kabupaten Rembang.   #polri  #polresrembang  #polisingaji  #polisinyantri  #Polseksale https://t.co/stjKI3R6EO";0;0;0;0;in;1587796074596794368;1714093733023731773;polseksale1;https://twitter.com/polseksale1/status/1714093733023731773
Tue Oct 17 01:38:21 +0000 2023;1714093457906782469;"https://t.co/bw9pA24lkE";0;0;0;0;zxx;1320584851154583553;1714093457906782469;KodimRembang;https://twitter.com/KodimRembang/status/1714093457906782469
Tue Oct 17 01:37:13 +0000 2023;1714093173633650957;"@giginpraginanto Hati hati ... Waspada Rakyat Rempang🤔🙄";0;0;0;0;in;1306457135023226880;1714052900949831848;bossbenkkel;https://twitter.com/bossbenkkel/status/1714093173633650957
Tue Oct 17 01:23:25 +0000 2023;1714089699676139805;"Kragan,Rembang 2022. . #fujifilm_xseries #fujifilm #projectphoto #dokumenter https://t.co/nUzHGejijL";0;0;1;0;in;1534886593714323457;1714089699676139805;BagusGRV;https://twitter.com/BagusGRV/status/1714089699676139805
Tue Oct 17 01:15:35 +0000 2023;1714087727652843684;"@BosPurwa Ari pas joged kieu kapikiran wadas, rempang jeung dago elos teu nya?";0;0;0;0;in;546519668;1713941925827666015;escekeksakolaan;https://twitter.com/escekeksakolaan/status/1714087727652843684
Tue Oct 17 01:07:05 +0000 2023;1714085590655004672;"@saidiman Mang pernah pdi bersebrangan dengan jokowi?  Bbm naik diem Kasus rempang diem Ikn setuju Kcic setuju  Bersebrangannya dimane ya?";0;0;0;0;in;839987732206116864;1713888221627826191;tk_lahanx;https://twitter.com/tk_lahanx/status/1714085590655004672
Tue Oct 17 01:05:59 +0000 2023;1714085311238885403;"@Munir_Timur UMR Jateng, Wadas dan Rembang pembebasan tanahnya bermasalah penyelesaian lewat intimidasi pakai preman. Jalan TOL Demak,  tanahnya juga dihargai murah, bbrp warga tanahnya sampai sekarang msh blm selesai walaupun sdh ada rekomendasi dri Komnasham, Ganjar meninggalkan gelanggang https://t.co/xpRCiQoEOm";0;0;0;0;in;1707435734;1713802990480670726;zuhripuding;https://twitter.com/zuhripuding/status/1714085311238885403
Tue Oct 17 00:56:15 +0000 2023;1714082864294461568;"@Jelli_cent Yess...lingkunganku Ganjar. Dari yg Rembang, sampe Bandung ke Ganjar.";0;2;5;16;in;1303615921550835712;1713941543437123930;RaniKancana;https://twitter.com/RaniKancana/status/1714082864294461568
Tue Oct 17 00:42:20 +0000 2023;1714079362725880165;"@awemany Prabowo-Gibran Indonesia Maju 😍😍 @IndraJPiliang  https://t.co/JyITkKsFpe";0;0;0;0;in;1097021784212135936;1714071293316796471;AntiPengPeng;https://twitter.com/AntiPengPeng/status/1714079362725880165
Tue Oct 17 00:37:24 +0000 2023;1714078120792465591;"Begini ya kelakuan PEMUDA PANCASILA YAPTO cuma mampu pamer dengan uang hasil malak pedagang pasar dan terminal? Mana jiwa PANCASILA-nya? REMPANG-GALANG bermasalah malah diam saja malah jadi penjilat IBLIS KOMUNIS CHINA SELUNDUPAN DAN ANAK2 KOMUNIS PKI https://t.co/CRqpIKcukT https://t.co/Ri7eXEH8Fh";0;0;0;0;in;1328156053733666817;1714078120792465591;DatooOnie;https://twitter.com/DatooOnie/status/1714078120792465591
Tue Oct 17 00:37:12 +0000 2023;1714078071744254276;"@Dennysiregar7 Permadi : "Sssst udah Den, elo mau jalur $$ Dasco ato $$$ Hashim? 😋" 🇮🇩 Indonesia Maju  https://t.co/JyITkKsFpe";2;1;2;4;in;1097021784212135936;1714058146480632259;AntiPengPeng;https://twitter.com/AntiPengPeng/status/1714078071744254276
Tue Oct 17 00:33:04 +0000 2023;1714077031053328542;"@gm_gm Sudahlah om, kami org kecil biasa dilecehkan! Bukan hanya perkara policik kekuasaan macam ini saja.  Sejak Omnimbuslaw disahkan, UU Minerba, diskon hukuman maling (koruptor), pembunuh dll. Rempang, dsb. 😊";0;0;2;8;in;1666388776653049856;1714069193987932504;Siapack88;https://twitter.com/Siapack88/status/1714077031053328542
Tue Oct 17 00:32:11 +0000 2023;1714076806587007449;"@AbanggSayur @Dennysiregar7 @GunRomli @islah_bahrawi Paling lagi telponan sama Permadi Permadi: Nah sekarang, elo tinggal pilih, mau ikut jalur Dasco ato Hashim? 🤣 @ruhutsitompul";0;0;0;1;in;1097021784212135936;1714073955122766072;AntiPengPeng;https://twitter.com/AntiPengPeng/status/1714076806587007449
Tue Oct 17 00:28:36 +0000 2023;1714075907189805439;"@AbanggSayur @Dennysiregar7 @GunRomli Tes ring jantung Deni. Klu bisa lewati cobaan ini dia panjang umur..😂😂😂 @islah_bahrawi";0;1;0;1;in;1097021784212135936;1714073955122766072;AntiPengPeng;https://twitter.com/AntiPengPeng/status/1714075907189805439
Tue Oct 17 00:27:01 +0000 2023;1714075508248633530;"@ZUL_Hasan  tetap melanjutkan  aroma ezim, minta maaf ke PKI, ribuan TKA china, hutang ugal2lan lemahx penegakan hukum berantas korupsi, kasus rempang. KKN putusan MK.Dll dimana letak  perjuanganmu tgakan keadilan? Sudah hilangkah mata batin   partai berbasis Haq? @Fraksi_PAN";0;0;0;0;in;3785057832;1714075508248633530;berkahsentosa02;https://twitter.com/berkahsentosa02/status/1714075508248633530
Tue Oct 17 00:26:24 +0000 2023;1714075352962568255;"The Montessori Toddler https://t.co/x9WcC68RPU Putri KW Conjuring 1 Jenglot Kayak Bayi YOSHI BLACK HAIR Narnia #KIMJIWOONG Kapolsek #TXTxDior Arhan Rempang https://t.co/q9TzlKtPV0 https://t.co/rKwepc1csp https://t.co/JPIhlauM4J";0;0;0;0;in;1361969770346602501;1714075352962568255;donnymarthen;https://twitter.com/donnymarthen/status/1714075352962568255
Tue Oct 17 00:22:10 +0000 2023;1714074287978754436;"https://t.co/OtVjUWBMVh Jadi Proyek Strategis Nasional (PSN) apa namanya setelah dirilis  MOUnya? Apa akan spt kasus Rempang, Wadas,P. Komodo,Seruyan,dll ?  Siap² dag dig dug dwuuaarrr..💣💣💣";0;0;1;3;in;1365942073912815622;1714074287978754436;mindlipstick;https://twitter.com/mindlipstick/status/1714074287978754436
Tue Oct 17 00:20:51 +0000 2023;1714073955122766072;"Setelah Keputusan 😍 Indonesia Maju  @Dennysiregar7 @GunRomli  https://t.co/JMt2YZEPTi";0;1;0;0;in;1097021784212135936;1714073955122766072;AntiPengPeng;https://twitter.com/AntiPengPeng/status/1714073955122766072
Tue Oct 17 00:16:17 +0000 2023;1714072807838204298;"@Fahrihamzah Setelah Keputusan Yes!! Indonesia Maju 😍😍 https://t.co/JMt2YZFnIQ";0;1;0;4;in;1097021784212135936;1713846558192799750;AntiPengPeng;https://twitter.com/AntiPengPeng/status/1714072807838204298
Tue Oct 17 00:11:40 +0000 2023;1714071644766089298;"@awemany Prabowo-Gibran Indonesia Maju 👍 https://t.co/JMt2YZFnIQ";0;0;0;0;in;1097021784212135936;1714067839756169726;AntiPengPeng;https://twitter.com/AntiPengPeng/status/1714071644766089298
Tue Oct 17 00:10:29 +0000 2023;1714071346315993507;"YANG JELAS IBLIS KOMUNIS CHINA SELUNDUPAN @jokowi CS ADALAH PENIPU RAKYAT INDONESIA! Para penjilat itu senang bisa dapatkan kekayaan hasil KONSPIRASI KEJAHATAN mereka menipu rakyat REMPANG atau di manapun di INDONESIA MAKA SATU KATA BUAT KALIAN L A W A N ! https://t.co/BLDLoWBXGN https://t.co/SfkLFKBmTm";0;0;0;0;in;1328156053733666817;1714071346315993507;DatooOnie;https://twitter.com/DatooOnie/status/1714071346315993507
Tue Oct 17 00:10:28 +0000 2023;1714071340628455754;"@sahabatalaqsha Kalau Rempang gimana rm, nggak diurusin.";0;0;0;0;in;2537564618;1713906803036037180;tukangkritik99;https://twitter.com/tukangkritik99/status/1714071340628455754
Tue Oct 17 00:02:50 +0000 2023;1714069419574333686;"#polripresisi https://t.co/4r6hCSc4Jo";0;0;0;0;qme;1144429151471804416;1714069419574333686;SumberPolsek;https://twitter.com/SumberPolsek/status/1714069419574333686
Tue Oct 17 00:02:30 +0000 2023;1714069336804008259;"Masyaakat kita ini ky gini: "Jgn komen ttg israel vs palestina, kejauhan." "Jgn ikut2an komen ttg papua. Itu cm politik.' 'Jgn sok tau ttg rempang. Bkn urusanmu." "Jgn ikut campur urusan kdrt rumah lain." Smp ada mayat tetangganya udah bau. "Jgn kepo. Urus diri sendiri aja."";0;0;0;1;in;158651508;1714069336804008259;hastarika;https://twitter.com/hastarika/status/1714069336804008259
Mon Oct 16 23:59:16 +0000 2023;1714068521632547050;"Setuju Pa, mudah dan aman seperti di Rempang";0;1;3;3;in;37552420;1714068521632547050;BennyKeef;https://twitter.com/BennyKeef/status/1714068521632547050
Mon Oct 16 23:22:51 +0000 2023;1714059356881473974;"@susipudjiastuti Kenapa baru kali ini melawan pak Jokowi? kenapa gak ktika di suruh mengambil kebijakan soal tanah Rempang atau ktika 14x kenaikan BBM ?, Sapa suruh datang Jakarta kalo omnibus law yg ngatur ketua partai, anda pun gak tahu kenapa harus import beras padahal negara ini agraria luas.";0;0;0;0;in;1092958177;1714047186110210167;pandandjati;https://twitter.com/pandandjati/status/1714059356881473974
Mon Oct 16 23:21:07 +0000 2023;1714058922842112029;"1,1 Juta Jiwa Diusir Israel dari Gaza, Rocky Gerung: Seperti Istana Gertak Rempang! https://t.co/2chaqulx0a";1;22;102;308;in;55507370;1714058922842112029;tvOneNews;https://twitter.com/tvOneNews/status/1714058922842112029
Mon Oct 16 23:07:15 +0000 2023;1714055434703912981;"@tempodotco Generasi muda Rempang beri ruang pak bahlul, mrk butuh kehidupan yang layak di tanah kelahirannya bukan disuruh buka kebon dgn fasilitas ala kadarnya.";0;0;0;0;in;973368781;1714041071339196672;peyozthoq;https://twitter.com/peyozthoq/status/1714055434703912981
Mon Oct 16 22:47:03 +0000 2023;1714050350603489355;"@tempodotco urus rempang sj ndak becus...!!";0;0;0;0;in;1513694552443727873;1714041071339196672;DermagaGarely;https://twitter.com/DermagaGarely/status/1714050350603489355
Mon Oct 16 22:30:56 +0000 2023;1714046293939835156;"Wiiihhh bakalan ada Rempang jilid 2 nih";0;0;0;0;in;2836891314;1714046293939835156;KucingNanase;https://twitter.com/KucingNanase/status/1714046293939835156
Mon Oct 16 22:15:55 +0000 2023;1714042512686584198;"@CNNIndonesia Sejak kasus Rempang, sudah hilang kekaguman saya kepada beliau. Demi jabatan, rela menggadaikan integritas yg selama ini melekat padanya. Yg penting jabatan,";0;0;0;0;in;1480713567162695681;1713888519507292289;WilahardiWisnu;https://twitter.com/WilahardiWisnu/status/1714042512686584198
Mon Oct 16 22:15:11 +0000 2023;1714042328678363203;"@gm_gm Wadas dan Rempang, kemana aja Om suaranya...";0;0;0;0;in;1557920941526884352;1713848768653897938;erdowgan;https://twitter.com/erdowgan/status/1714042328678363203
Mon Oct 16 22:15:08 +0000 2023;1714042319459291258;"Semoga tidak ada yang jadi “The Next Rempang” pasca datang dan tanda tangan di pertemuan ini.";0;4;30;67;in;44556194;1714042319459291258;elisa_jkt;https://twitter.com/elisa_jkt/status/1714042319459291258
Mon Oct 16 22:06:24 +0000 2023;1714040119706222606;"Tolak relokasi rempang";0;0;0;1;in;1670241640735473664;1714040119706222606;SatuhatiKopi;https://twitter.com/SatuhatiKopi/status/1714040119706222606
Mon Oct 16 21:53:59 +0000 2023;1714036992974151991;"@jadiwidodo @sutanmangara @DoankWarto @Gerindra Mengusir orang2 Rempang dari tanahnya,  Mengancam masyarakat miskin dengan mencabut bantuan dana dari Pemerintah  Apa bedanya dengan orde baru???🤣🤣🤣 Emang negara ini warisan dari nenek moyang PDIP??? https://t.co/Y2ZMEzJ3Ds";0;0;0;0;in;1603615945326747648;1713918874939437084;SitiMua98339951;https://twitter.com/SitiMua98339951/status/1714036992974151991
Mon Oct 16 21:50:36 +0000 2023;1714036143854141887;"@jokowi Khawatir buat kerjasama gusur warga seperti p. Rempang dan nambah hutang buat bangun IKN serta ijinkan china buat koloni di Indonesia.";0;0;0;0;in;1297659867117674496;1713762166371954793;Nazwar30452713;https://twitter.com/Nazwar30452713/status/1714036143854141887
Mon Oct 16 19:37:54 +0000 2023;1714002750135247269;"@tvOneNews Iya tp Rakyat Indonesia yg jd sulit.. liat aja kasus Rempang ama kereta cepat... #just info";0;0;0;0;in;591195676;1713994494125981915;lesmana_sofyan;https://twitter.com/lesmana_sofyan/status/1714002750135247269
Mon Oct 16 19:02:15 +0000 2023;1713993775339716962;"345 Pelajar SMP di Rempang Batam Dapat Layanan Pendampingan Psikososial https://t.co/rphCdAUAVn lewat @GoWest.ID";0;0;0;0;in;767014902099607552;1713993775339716962;gowest_id;https://twitter.com/gowest_id/status/1713993775339716962
Mon Oct 16 19:02:09 +0000 2023;1713993749506998297;"345 Pelajar SMP di Rempang Batam Dapat Layanan Pendampingan Psikososial https://t.co/V7nifJIKJ7 lewat @GoWest.ID";0;0;0;0;in;353758281;1713993749506998297;gowestid;https://twitter.com/gowestid/status/1713993749506998297
Mon Oct 16 18:49:04 +0000 2023;1713990457146097787;"Komisi III DPR RI percaya Polda Kepri tangani baik konflik Rempang https://t.co/1PLiWnfIZS";0;1;0;0;in;18071520;1713990457146097787;antaranews;https://twitter.com/antaranews/status/1713990457146097787
Mon Oct 16 18:03:03 +0000 2023;1713978879189336114;"@CifuiLui @awank2017 Urus dulu agama islam kau yg diindonesia terutama warga rempang baru urus negara org🤣🤣🤣🖕🖕🖕";0;0;0;1;in;1431658561801646080;1712873857751859233;Promosi22096333;https://twitter.com/Promosi22096333/status/1713978879189336114
Mon Oct 16 17:50:46 +0000 2023;1713975786737418735;"@tvOneNews Sdhlah jgn bersilat lidah lg....menggusur dirubah dg menggeser kasus di Rempang. Itu ucapan dr prof jg....";0;0;0;0;in;1445953000376135687;1713858785998225906;elybengk;https://twitter.com/elybengk/status/1713975786737418735
Mon Oct 16 17:45:12 +0000 2023;1713974387442073863;"@DiscussingFilm Indonesian government decided to postpone this movie 'cos it looks so similar with how Indonesian government treated indigenous people in Papua, Borneo &amp  Rempang Island...";0;0;0;0;en;1603794271559376897;1713961610031534404;TriadeAmarullo2;https://twitter.com/TriadeAmarullo2/status/1713974387442073863
Mon Oct 16 17:23:41 +0000 2023;1713968971895161294;"@CNNIndonesia @jokowi Bukan urusan saya to? Jangan lupa Rempang bosku!";0;0;0;0;in;1493700995964375040;1713916823174070498;BuangMursalim;https://twitter.com/BuangMursalim/status/1713968971895161294
Mon Oct 16 17:23:16 +0000 2023;1713968866366472460;"@al_tiawan @sahabatalaqsha cobalah kao tengok kasus di rempang, masyarakat disana mempertahankan tanah mereka";0;0;0;0;in;885864962094006272;1713898741487251702;kunysaa;https://twitter.com/kunysaa/status/1713968866366472460
Mon Oct 16 17:19:11 +0000 2023;1713967839701549412;"@Dennysiregar7 Masalah buat elo Den? 😋 Ttd  Ayah https://t.co/JMt2YZFnIQ";0;0;0;3;in;1097021784212135936;1713947611777122333;AntiPengPeng;https://twitter.com/AntiPengPeng/status/1713967839701549412
Mon Oct 16 17:12:24 +0000 2023;1713966130774327633;"@Edy46790103 @ImmaMuchtar22 @Dennysiregar7 @gibran_tweet Elu beneran apa satir sih Om? 😃 Cakep ini 🤣";0;0;0;0;in;1097021784212135936;1713947611777122333;AntiPengPeng;https://twitter.com/AntiPengPeng/status/1713966130774327633
Mon Oct 16 17:02:38 +0000 2023;1713963672928960590;"@somepeak @gibran_tweet Propaganda luar negeri masih ada, cuma lewat internal/kaki tangan, contoh dikasus rempang, kepentingan negara lain akan ikut dlm arena politik indonesia apalagi utk pemilihan seorang presiden !!";0;0;0;0;in;1557866976797937664;1713787167594733694;Bangrusag1;https://twitter.com/Bangrusag1/status/1713963672928960590
Mon Oct 16 16:51:32 +0000 2023;1713960880290054470;"Pembangunan dengan kosep ramah lingkungan (Eco City) di #rempang bisa terwujud jika pemerintah, sektor swasta, dan masyarakatnya bersinergi untuk mewujudkannya.";0;0;0;0;in;1694248463750615041;1713960880290054470;Denis8119683146;https://twitter.com/Denis8119683146/status/1713960880290054470
Mon Oct 16 16:50:05 +0000 2023;1713960514483831088;"mungkin Imajinasi bisa dikatakan bentuk kekuatan yang dapat dibuktikan dalam kehidupan nyata selama mau berusaha. demikian pula ide mengenai konsep pembangunan. mungkin salah satunya Eco city #rempang";0;0;0;0;in;1694248463750615041;1713960514483831088;Denis8119683146;https://twitter.com/Denis8119683146/status/1713960514483831088
Mon Oct 16 16:47:40 +0000 2023;1713959909535170588;"Melayu tak lagi bangkit di Malaysia lepas rusuhan di Pulau Rempang Batam Riau bulan lepas. Selamat datang Melayu Baru untuk gerakan sosial politik dan pemisahan di Asia Pacific. 🥲";0;0;0;1;in;1540661450;1713959909535170588;amiryogi;https://twitter.com/amiryogi/status/1713959909535170588
Mon Oct 16 16:42:01 +0000 2023;1713958484679737347;"Tagar #MakinEnek bukan #MakinEnak DPR buat UU Omnibus law sekarepE duEwEk, #MakinEnek soal Rempang AMDAL (sertifikasi) investor belom ada udah relokasi " pergeseran" #MakinEnek ! Gugatan di MK usia 40 gak bisa nyapres,tapi umur 36 kalo udah pernah jd pejabat boleh nyapres, hadeuh https://t.co/umBFfqoZ7o";0;0;0;0;in;1092958177;1713958484679737347;pandandjati;https://twitter.com/pandandjati/status/1713958484679737347
Mon Oct 16 16:41:25 +0000 2023;1713958333521248602;"konsep #rempang eco city mungkin berawal dari imajinasi, bukan tidak mungkin bisa membawa Indonesia menjadi bangsa yang besar.";0;0;0;0;in;1694248463750615041;1713958333521248602;Denis8119683146;https://twitter.com/Denis8119683146/status/1713958333521248602
Mon Oct 16 16:33:31 +0000 2023;1713956348566847832;"eco city #rempang . ramah lingkungan. selain bisa menarik bagi investor, bisa juga mendatangkan natural tourism yang mendorong percepatan perkembangan ekonomi Indonesia";0;0;0;0;in;1694248463750615041;1713956348566847832;Denis8119683146;https://twitter.com/Denis8119683146/status/1713956348566847832
Mon Oct 16 16:26:00 +0000 2023;1713954455421624716;"jika pembangunan eco city #rempang terwujud maka Indonesia tidak kalah dengan Jepang kota Tokyo yang memiliki target tahun 2050 menjadi zero emission city . https://t.co/nTfJd7hDqY";0;0;0;0;in;1694248463750615041;1713954455421624716;Denis8119683146;https://twitter.com/Denis8119683146/status/1713954455421624716
Mon Oct 16 16:16:35 +0000 2023;1713952085052731425;"@narkosun @ganjarpranowo Lanjutkan hutang,lanjutkan Rempang 2,3,4,5 welcome warga China";0;0;0;0;in;935999362890481664;1713803660256596382;dadangsatpam;https://twitter.com/dadangsatpam/status/1713952085052731425
Mon Oct 16 16:16:03 +0000 2023;1713951950210040230;"@M45Broo Bangga jadinya jadi Rempang 2,3,4 dan welcome sengsara";0;0;0;1;in;935999362890481664;1713909195215626250;dadangsatpam;https://twitter.com/dadangsatpam/status/1713951950210040230
Mon Oct 16 16:14:09 +0000 2023;1713951471543406901;"DPR Dukung Investasi #Rempang Buat Pertumbuhan Ekonomi https://t.co/L0C64xlGk2";0;0;0;0;in;1694248463750615041;1713951471543406901;Denis8119683146;https://twitter.com/Denis8119683146/status/1713951471543406901
Mon Oct 16 16:10:07 +0000 2023;1713950459843453077;"@msobri99 Ya dr pada Ganjar mennang makan ubi dan singkong dan welcome tenaga kerja asing dan siap2 muncul Rempang 2,3,4,5 setiap provinsi dengan alasan investasi";0;0;0;1;in;935999362890481664;1713732709846323710;dadangsatpam;https://twitter.com/dadangsatpam/status/1713950459843453077
Mon Oct 16 16:04:23 +0000 2023;1713949015786844188;"Btw, kabar rempang gimana ya";0;1;0;0;in;1167097242508877824;1713948796630319595;Zaynfiqry1;https://twitter.com/Zaynfiqry1/status/1713949015786844188
Mon Oct 16 16:03:59 +0000 2023;1713948913500291247;"Testimoni Masyarakat #Rempang - Galang yang secara sukarela bersedia direlokasi dalam mendukung proyek Rempang Eco -City";0;0;0;0;in;1694248463750615041;1713948913500291247;Denis8119683146;https://twitter.com/Denis8119683146/status/1713948913500291247
Mon Oct 16 16:02:26 +0000 2023;1713948522339536934;"Senang mendengar kabar baik warga #rempang yang telah relokasi";0;0;1;0;in;1694248463750615041;1713948522339536934;Denis8119683146;https://twitter.com/Denis8119683146/status/1713948522339536934
Mon Oct 16 16:01:24 +0000 2023;1713948264578650317;"@AndiDarwis71 Luhut beralasan sakit Krn tidak bisa merebut pulau Rempang .Sementara pembeli Pulau Rempang terus mendesak ke Luhut segera mengosongkan Pulau Rempang.";0;0;0;0;in;1509700424018063369;1710536756557394392;MocangTian;https://twitter.com/MocangTian/status/1713948264578650317
Mon Oct 16 16:00:27 +0000 2023;1713948026434359776;"Dengan terbukanya lapangan kerja, maka berdampak positif bagi kemajuan ekonomi masyarakat #rempang";0;0;0;0;in;1694248463750615041;1713948026434359776;Denis8119683146;https://twitter.com/Denis8119683146/status/1713948026434359776
Mon Oct 16 15:59:04 +0000 2023;1713947675199143957;"Terkait pengamanan. Arteria Dahlan: Polda Kepri lakukan pengamanan di #rempang sesuai prosedur";0;0;0;0;in;1694248463750615041;1713947675199143957;Denis8119683146;https://twitter.com/Denis8119683146/status/1713947675199143957
Mon Oct 16 15:52:18 +0000 2023;1713945973704261870;"@r_warossi @yudiharahap46 rempang dkk, juga para garong, utang.";0;0;1;1;in;1604130313021820929;1713882619908424095;podo_radong1;https://twitter.com/podo_radong1/status/1713945973704261870
Mon Oct 16 15:51:23 +0000 2023;1713945743936143689;"yg digugat itukan juga produk politis dri parlemen. harusnya mk sprti gugatan pt 0% tolak, bilang bukan ranahnya, knp utk produk sejenis malah dikabulkan.?  tetap waspada, jgn meleng. jgn lupakan rempang dkk.";0;1;2;6;in;1604130313021820929;1713945743936143689;podo_radong1;https://twitter.com/podo_radong1/status/1713945743936143689
Mon Oct 16 15:49:36 +0000 2023;1713945295728582808;"Gokil rembang ono gojek hahaha https://t.co/zdrxOuG1Gy";0;2;0;1;in;1387436971438469123;1713945295728582808;RamaDipa1;https://twitter.com/RamaDipa1/status/1713945295728582808
Mon Oct 16 15:47:32 +0000 2023;1713944776536633360;"@ahadu_bentha @DokterTifa Etika,  ETIKA   ?  Mg di rempang pake etika  ?  Itu namanya  SERAKAH   KEKUASAAN  !    Jelas  ???";0;0;0;2;in;1417812768992858112;1713864632962830551;D12khard;https://twitter.com/D12khard/status/1713944776536633360
Mon Oct 16 15:42:20 +0000 2023;1713943467435659327;"SEMOGA BERKAH PENCAIRAN #PINJAMAN #NASABA HARI INI 👉 TGL : 16-Oktober-2023 Bagi Yang Minat Pinjaman. Silahkan Hubungi/Chat 📲No.WA : 0815-2392-8297 💯% Amanah &amp  Terpercaya @pinjaman_real #Purworejo #Rembang #Sragen #Sukoharjo #Temanggung https://t.co/YxASbItlUe";0;0;0;1;in;1677221156011773953;1713943467435659327;pinjaman_real;https://twitter.com/pinjaman_real/status/1713943467435659327
Mon Oct 16 15:30:45 +0000 2023;1713940549210984747;"Rempang kok gak da kabar nya lagi ?";0;0;0;0;in;1112759699403726849;1713940549210984747;Boni60632169;https://twitter.com/Boni60632169/status/1713940549210984747
Mon Oct 16 15:14:29 +0000 2023;1713936456249704563;"Kesaksian Warga Rempang asli Cucu cicit pahlawan Negri Melayu, tak rela sejengkal pun tanahnya utk Asing ..... https://t.co/fFRly4hm6q";1;7;280;615;in;1439701579276251136;1713936456249704563;Li9ayaTalaChes4;https://twitter.com/Li9ayaTalaChes4/status/1713936456249704563
Mon Oct 16 15:12:01 +0000 2023;1713935837866713432;"Direktur Eksekuif LAGRIAL Muhammad Akhiri, SH.,MH Bicara Soal Rempang Ba... https://t.co/CbfFHCTbqV lewat @YouTube";0;0;0;0;in;1557006131108921347;1713935837866713432;BentengKeadilan;https://twitter.com/BentengKeadilan/status/1713935837866713432
Mon Oct 16 15:03:35 +0000 2023;1713933713736958231;"@Naz_lira Korupsi Kolusi Nepotisme ternyata Kerja Kerja Nyata mereka yang gak merasa takut sedikitpun akan segala macam pelanggaran Undang2 &amp  Hukum di NKRI ini.  Apakabar kasus2 semua korupsi, Kematian Harun Al Rasyid, 6 Syuhada, 600 anggota KPPS, perebutan lahan (Rempang dsb),,?";0;0;3;9;in;1603550094456131585;1713930993898537180;Omm3naja;https://twitter.com/Omm3naja/status/1713933713736958231
Mon Oct 16 14:25:49 +0000 2023;1713924209590903005;"Investasi Tak Hanya untuk Pertumbuhan Ekonomi, Demokrat Minta Pemerintah Utamakan Kepentingan Rakyat di Rempang  "Pemerintah harus mengutamakan kepentingan rakyat di sna (Rempang). Kalaupun kemudian rakyat bisa berdampingan dengan investor dengan pembangunan di sana, biarkan… https://t.co/tovaZCdGsQ";0;1;12;29;in;248199104;1713924209590903005;PDemokrat;https://twitter.com/PDemokrat/status/1713924209590903005
Mon Oct 16 14:24:42 +0000 2023;1713923929663066446;"Rakyat rempang masih bagian dari Indonesia kah??  https://t.co/lWxoHk4cMg";0;0;0;0;in;1692776802891235328;1713923929663066446;this77me;https://twitter.com/this77me/status/1713923929663066446
Mon Oct 16 14:19:30 +0000 2023;1713922620721352938;"Link Berita Selengkapnya :  https://t.co/eHo7iT5k6j   @DivHumas_Polri @Polripresisi @mabespolrinews @ini_polisi  @semuatentangbatam   #polri #kapolri #dprri #komnashamri #HumasPoldaKepri  #Multimediapoldakepri #polripresisisi #rempang https://t.co/7mzLqh1H7g";1;0;0;1;in;4787460974;1713922620721352938;poldakeprihumas;https://twitter.com/poldakeprihumas/status/1713922620721352938
Mon Oct 16 14:14:43 +0000 2023;1713921418084380846;"RB #Rembang Semen Gresik Jadi Tujuan Benchmarking Koordinator RB Se-Jawa Tengah #klikRMOL https://t.co/tgQEuANNak";0;0;0;0;in;950627851140710401;1713921418084380846;rmoljateng;https://twitter.com/rmoljateng/status/1713921418084380846
Mon Oct 16 14:02:24 +0000 2023;1713918315876458946;"@mantriss siapa kita? termasuk rakyat rempang, wadas? termasuk utangan cina?  TKA? Kenapa kalau nga ada interest kok terus terang cawe cawe? hadeh gimana ni kok omongan sampeyan bertolak belakang ma kenyataan ya?";0;0;0;0;in;1517078585672028160;1077764934375632897;Frolo2022;https://twitter.com/Frolo2022/status/1713918315876458946
Mon Oct 16 13:59:59 +0000 2023;1713917709929595261;"@M45Broo Yes Indonesia makan ubi sama singkong klw Ganjar menang dan siap2 Rempang 1,2,3,4 di setiap provinsi Indonesia horeeeeee menuju indonesia susah";0;0;0;0;in;935999362890481664;1713819317983396084;dadangsatpam;https://twitter.com/dadangsatpam/status/1713917709929595261
Mon Oct 16 13:35:27 +0000 2023;1713911535415005410;"Walaupun begitu, ramai penduduk di 3 kawasan / negara ini menyokong / menerima kedaulatan 🇵🇸🇮🇱 bersamaan, belum lagi di Batam, Riau bulan lalu ada rusuhan pertahankan penduduk pulau Rempang. Batam dan Riau lainnya ini sebenarnya adalah 1 kawasan Urban Liberal di Asia Pacific.";0;1;1;1;in;1540661450;1713899860867666382;amiryogi;https://twitter.com/amiryogi/status/1713911535415005410
Mon Oct 16 13:20:16 +0000 2023;1713907714118783077;"tireman macet volume 2";0;0;0;0;fr;886482346290982912;1713907714118783077;txtdarirembang;https://twitter.com/txtdarirembang/status/1713907714118783077
Mon Oct 16 13:17:01 +0000 2023;1713906896145711198;"persiapan~ https://t.co/mFfYInPxBj";0;0;0;3;in;886482346290982912;1713906896145711198;txtdarirembang;https://twitter.com/txtdarirembang/status/1713906896145711198
Mon Oct 16 12:36:42 +0000 2023;1713896751667778014;"BP Batam Kembali Umumkan Pergeseran Warga Terdampak Rempang Eco City ke Hunian Sementara https://t.co/Kjhyl9J0PN";0;0;0;0;in;1643093405302652928;1713896751667778014;PhotoBnp77308;https://twitter.com/PhotoBnp77308/status/1713896751667778014
Mon Oct 16 12:36:01 +0000 2023;1713896579843948777;"Baru saja mengirim foto https://t.co/4MPzWMdAPY";0;0;0;0;in;1416195476097953795;1713896579843948777;AtrRembang;https://twitter.com/AtrRembang/status/1713896579843948777
Mon Oct 16 12:35:47 +0000 2023;1713896518082859518;"Baru saja mengirim foto https://t.co/kqNPWwDvLC";0;0;0;0;in;1416195476097953795;1713896518082859518;AtrRembang;https://twitter.com/AtrRembang/status/1713896518082859518
Mon Oct 16 12:32:18 +0000 2023;1713895644661002497;"@gm_gm Sudah hampir 10 tahun keadilan dinjak-injak. Wadas, Kendang, Rempang. Suara anda tak terdengar. Ah, anda tidak pernah tertarik dengan keadilan.";0;0;0;0;in;1618016214768578560;1713859456482840965;HH__ONE;https://twitter.com/HH__ONE/status/1713895644661002497
Mon Oct 16 12:29:32 +0000 2023;1713894944371626280;"Ribut soal MK Rempang diem diem d caplok Bbm naek yg akan berimbas k harga bahan pokok adem Dan bnyk daerah dlm kasus plus pejabat" korup makin leluasa jarah  🇮🇩 NKRI harga mati !!! Toosss✋️☕️✌️ https://t.co/d51wdNmrJD";0;1;1;5;in;1065073322;1713894944371626280;SiPeNutur;https://twitter.com/SiPeNutur/status/1713894944371626280
Mon Oct 16 12:13:29 +0000 2023;1713890907337183233;"@STresnowat101 di demo buruh kabur naik kereta cepat  di demo rempang joged ke IKN  di demo MK kabur ke china (itu pilotnya knp gak belokin ke Jalur Gaza aja yaa?)";0;6;4;21;in;1513694552443727873;1713879417339154779;DermagaGarely;https://twitter.com/DermagaGarely/status/1713890907337183233
Mon Oct 16 12:11:44 +0000 2023;1713890467262394541;"@Mythicalforest Rempang, Seruyan, Kanjuruhan..";0;2;1;7;in;739478995;1713854565089735060;Fahr_Razi;https://twitter.com/Fahr_Razi/status/1713890467262394541
Mon Oct 16 11:53:38 +0000 2023;1713885913871454510;"@msaid_didu Rempang eko sistem ditetapkan jadi PSN itu bulan agustus juga, negeri akal2an, sakarepe dewek";0;0;1;0;in;1485085482065477635;1713845032153927979;OwiOwl1;https://twitter.com/OwiOwl1/status/1713885913871454510
Mon Oct 16 11:45:56 +0000 2023;1713883974358151429;"Elo mau jual apa lagi ke China jok ❓❓ Juli lalu elo ke China jualin Pulau Rempang ke perusahaan China disana yg bikin susah Rakyat di Rempang 🤬🤬 https://t.co/PZWHXDNmKu";0;2;1;9;in;1091528229079330816;1713883974358151429;SmokesOnMyHead;https://twitter.com/SmokesOnMyHead/status/1713883974358151429
Mon Oct 16 11:37:19 +0000 2023;1713881805265490128;"@KompasTV semoga mengaburkan fokus kita dari kasus jesica, syl, firli, rempang dan lainnya";0;1;0;0;in;1517463534233260032;1713845530990875008;r3nb0l;https://twitter.com/r3nb0l/status/1713881805265490128
Mon Oct 16 11:37:02 +0000 2023;1713881736055288139;"@jokowi Elo mau jual apa lagi ke China jok ❓❓ Juli lalu elo ke China jualin Pulau Rempang ke perusahaan China disana yg bikin susah Rakyat di Rempang 🤬🤬 https://t.co/hqJJkYiKkq";0;0;0;0;in;1091528229079330816;1713762166371954793;SmokesOnMyHead;https://twitter.com/SmokesOnMyHead/status/1713881736055288139
Mon Oct 16 11:32:03 +0000 2023;1713880480754639309;"jam segini masih sampai rembang definisi di rumah cuma numpang tidur";0;0;0;0;in;2346027938;1713880480754639309;intanalr;https://twitter.com/intanalr/status/1713880480754639309
Mon Oct 16 11:31:14 +0000 2023;1713880276634677486;"اعمل لدنياك كأنك تعيش أبداً ، واعمل لآخرتك كأنك تموت غداً  Bekerjalah untuk duniamu seakan-akan engkau hidup selamanya. Beramallah untuk akhiratmu seakan-akan engkau akan mati besok.";0;0;0;0;und;1700998856371273728;1713880276634677486;rem76176;https://twitter.com/rem76176/status/1713880276634677486
Mon Oct 16 11:11:18 +0000 2023;1713875257071906973;"@PartaiSocmed Bukan yg teratas tapi salah satu dr yg ada di atas.  Konsorsium mereka membuka waralaba. Bayar sekitar 3M kita bisa dapet satu situs plus jaminan keamanan dr penggerebekan dan perlindungan² lainnya  Clue: rempang";0;1;1;3;in;1467941813361143808;1713776422655832467;Erni483;https://twitter.com/Erni483/status/1713875257071906973
Mon Oct 16 11:09:51 +0000 2023;1713874894973534215;"Tancap Gas Relokasi Warga Rempang Demi Target Lahan Bebas 2024 https://t.co/zZekSu8Nzl";0;0;0;0;in;1330791552583548932;1713874894973534215;bisnisindo_id;https://twitter.com/bisnisindo_id/status/1713874894973534215
Mon Oct 16 10:59:20 +0000 2023;1713872245075136985;"Rembang petang. 🍃 https://t.co/DcTlpAWgh0";0;0;0;2;in;1340259674017304576;1713872245075136985;akutemaram;https://twitter.com/akutemaram/status/1713872245075136985
Mon Oct 16 10:55:40 +0000 2023;1713871324807098497;"@msobri99 Trus klau ibunegaranya kyak istri GP ekonomi bsa 7 persen? BBM turun? Wadas Rempang g terusir? impor berenti? Hutang negra turun? Itu kapasitas presiden, receh banget otak pendukung GP ya?";0;0;0;1;in;1635874305488863232;1713523418728198490;YasrizalJ57255;https://twitter.com/YasrizalJ57255/status/1713871324807098497
Mon Oct 16 10:50:40 +0000 2023;1713870067015069776;"@kh_notodiputro @ekowboy2 @mohmahfudmd Mahfud cuma caper sama rakyat seolah2 dia the best, mana tindakan dia masalah rempang? Justru membela rezim agar mega perhatian kesia utk jd  cawapres ganjar🤣🤣🤣 ngaca";0;0;0;0;in;1509605540405526529;1710444831317884999;eltiati;https://twitter.com/eltiati/status/1713870067015069776
Mon Oct 16 10:45:50 +0000 2023;1713868850142589341;"Siapa pun pemilik perusahaan yg akan mendirikan usaha di Rempang WAJIB DI CABUT IJIN USAHANYA.  TDK ADA KONSESI DIMANA ADA RAKYATNYA YG MENOLAK...   DARIPADA DICABUT NYAWA LBH BAIK CABUT IJIN USAHANYA  https://t.co/L6oZqGe2vl";0;0;0;1;in;1168102826624483329;1713868850142589341;ENS53311139;https://twitter.com/ENS53311139/status/1713868850142589341
Mon Oct 16 10:43:46 +0000 2023;1713868329621029243;"@jokowi Tolong jangan usir rempang pak Jokowi";0;0;0;0;in;1592566275489730560;1713762166371954793;nangimas88;https://twitter.com/nangimas88/status/1713868329621029243
Mon Oct 16 10:41:28 +0000 2023;1713867748500201861;"@tanyarlfes Rembang kampung gw tu";0;0;0;0;in;3382059325;1713841683128000803;kopilelet46;https://twitter.com/kopilelet46/status/1713867748500201861
Mon Oct 16 10:39:59 +0000 2023;1713867377358799328;"konco mbien pas ning cikarang nek diurut kok yo roto tenan, mulai teko blora, madiun, ngawi, magetan, rembang, pati, grobogan, kudus, sragen, batang, pekalongan, pemalang, ngapak pride meliputi tegal, kebumen, brebes, cilacap, banyumas, banjarnegara, purworejo";0;0;0;0;in;1168542196678553601;1713867377358799328;GhattiK;https://twitter.com/GhattiK/status/1713867377358799328
Mon Oct 16 10:31:31 +0000 2023;1713865244454580655;"@liaasister Batas minimal 40 tahun....atau pernah menjadi kepala daerah  Hati2 dengan tipu mislihat MK sama kayak di tempang Joko : akan saya sertifikatkan rempang...... buat.......buat.....buat...... Rakyat rampang : kami Joko: bukaaaaaaan buat....buaaat zionis china Rakyat rampang   🤬🤬";0;1;2;3;in;1617948385448976385;1713786047849492735;tanabitanabi1;https://twitter.com/tanabitanabi1/status/1713865244454580655
Mon Oct 16 10:29:25 +0000 2023;1713864718224703795;"@strike_bravo_b @fajarnugros wkwkwk pasti tuh orang bakalan tetep dukung dan selalu cinta sama jokowi sekeluarga, mantap banget emang, hahahah soal rempang aja dia kaga pernah ngebelain macem belain jokowi sekeluarga..";0;0;0;9;in;133157248;1713836122558849505;zeronol0;https://twitter.com/zeronol0/status/1713864718224703795
Mon Oct 16 10:29:10 +0000 2023;1713864655406563517;"@tanyarlfes njirr rembang😭";0;0;0;0;in;1239504373455056896;1713841683128000803;moonflowerforu;https://twitter.com/moonflowerforu/status/1713864655406563517
Mon Oct 16 10:25:18 +0000 2023;1713863683779211595;"PR hukum menumpuk, dr Kanjuruhan sampai Rempang, eh malah produk hukum spt ini yg dikeluarin. Luar biasa Cah Ganteng....";0;1;0;1;in;47030129;1713863683779211595;pangapora;https://twitter.com/pangapora/status/1713863683779211595
Mon Oct 16 10:02:56 +0000 2023;1713858052074688765;"@asom_naniura @kakilangitimur @__SudutPandang @muchlis_ar @emerson_yuntho Yg punya tanah boleh dong bertahan atau ambil paksa tanahnya, yg dirampas secara tidak sah itu. Meski dg jalan perang skalipun.  Yaaa macem  di Rempang itu...";0;1;0;1;in;1325585170146062336;1713514059990282521;SaifuddinSay;https://twitter.com/SaifuddinSay/status/1713858052074688765
Mon Oct 16 09:59:01 +0000 2023;1713857067314770080;"@MichelAdam7__ HATI - HATI...KALIMAT YANG  BIAS.  "Jangan-jangan yang di rampas aset negara dan aset  adat,seperti "Rempang dan Galang"";0;0;1;0;in;1664271300733591559;1713779137398325697;AddaRul49854;https://twitter.com/AddaRul49854/status/1713857067314770080
Mon Oct 16 09:56:03 +0000 2023;1713856319764234636;"ini versiku pedagang langganannya 1. preksu 2. soto rembang 3. soto bu bambang 4. burjo asep 5. warung rata rata 6. penyet tamkul";0;0;0;0;in;2614577804;1713856319764234636;raditjoo;https://twitter.com/raditjoo/status/1713856319764234636
Mon Oct 16 09:32:47 +0000 2023;1713850466822672624;"@gm_gm Seruyan, Rempang bergejolak penjenengan lho diam aja";0;0;0;0;in;457592376;1713790365290147991;Hadesas316;https://twitter.com/Hadesas316/status/1713850466822672624
Mon Oct 16 09:30:00 +0000 2023;1713849765165699428;"Warga Rempang mengucapkan rasa syukur dan terima kasih kepada pemerintah. selengkapnya: https://t.co/YM0goTr2M3  Trending -&gt  putusan MK breaking news projo mahkamah keluarga aaliyah risih #liachat beijing ditolak masuk #arusperubahanamin https://t.co/O8tGqOxGs4";0;0;0;0;in;1546727552881815552;1713849765165699428;GardanasionalRI;https://twitter.com/GardanasionalRI/status/1713849765165699428
Mon Oct 16 09:28:58 +0000 2023;1713849503927972141;"@VIVAcoid Kalau rakyat nya Wadas sama Rempang sih keren";0;0;0;0;in;1629094648483577856;1713779089382019465;hurip_rahayu;https://twitter.com/hurip_rahayu/status/1713849503927972141
Mon Oct 16 09:09:56 +0000 2023;1713844714607362257;"Aliansi Mahasiswa Kota Batam dn Warga Rempang-Galang bersatu  Menolak keras adanya Relokasi.  Jd kl ada Video atau berita² kl warga stuju utk direlokasi itu HOAX, Bohong.  #MahasiswaMelayuMelawan https://t.co/gFXc2Ekczj";1;0;101;172;in;1439701579276251136;1713844714607362257;Li9ayaTalaChes4;https://twitter.com/Li9ayaTalaChes4/status/1713844714607362257
Mon Oct 16 08:57:38 +0000 2023;1713841618720281013;"@setyosby @jokowi Bukannya pulau rempang udh d jual dari thun 2000 an yah?";0;0;0;0;in;1702539346610667520;1713762166371954793;uchihamikasa63;https://twitter.com/uchihamikasa63/status/1713841618720281013
Mon Oct 16 08:46:12 +0000 2023;1713838743139021299;"Jangan jadikan kaltim seperti rempang hanya untuk keperluancukong";0;0;0;0;in;1296636230143102977;1713838743139021299;Yamin71680430;https://twitter.com/Yamin71680430/status/1713838743139021299
Mon Oct 16 08:37:07 +0000 2023;1713836456530386950;"Kapolres Rembang Dampingi dan Pimpin Langsung Pengamanan Kunker Menkopolhukam Mahfud MD di Rembang   REMBANG - https://t.co/srwtuvfDkM, Menkopolhukam RI Prof. Dr. H. Mohammad Mahfud Mahmodin, S.H., S.U., M.I.P. melaksanakan kunjungan kerja ke Pondok Pesantren https://t.co/AUIdKAlHSi";0;0;0;0;in;1620650804754653184;1713836456530386950;PolsekSulang88;https://twitter.com/PolsekSulang88/status/1713836456530386950
Mon Oct 16 08:35:29 +0000 2023;1713836044549034125;"@Dennysiregar7 @officialMKRI Bukannya tujuannya emang keributan Den? Biasanya pengalihan isue apa gitu, misal biar masyarakat lupa REMPANG atau SERUYAN. Atau biar Dito Cs ga lagi terbahas. Atau KCJB yg kosong penumpang ga terlihat. Wkwk";0;0;0;1;in;303620172;1713811748715733264;Radjahoki_pro;https://twitter.com/Radjahoki_pro/status/1713836044549034125
Mon Oct 16 08:32:17 +0000 2023;1713835241406877767;"sebenernya kalo emang bener bener mau perang lawan penindasan mah gausa jauh jauh ke palestina. yang serumah dulu aja coba ke dago elos, rempang, bara baraya, dan daerah lainnya di Indonesia yang sama sama mengalami penindasan.";0;1;0;0;in;1543290027756896256;1713835241406877767;ramaaaaaa_a;https://twitter.com/ramaaaaaa_a/status/1713835241406877767
Mon Oct 16 08:31:35 +0000 2023;1713835063459393921;"#AniesMuhaimin2024 Rempang";0;0;0;1;in;1670070721186529280;1713835063459393921;joko_ngiboel;https://twitter.com/joko_ngiboel/status/1713835063459393921
Mon Oct 16 08:27:37 +0000 2023;1713834067530338433;"#AniesMuhaimin2024 Rempang";0;0;0;0;in;1670070721186529280;1713834067530338433;joko_ngiboel;https://twitter.com/joko_ngiboel/status/1713834067530338433
Mon Oct 16 08:26:59 +0000 2023;1713833906934599921;"@yo2thok Tentara Indonesia yang sekarang, dengan melihat kasus di rempang dan Panglimanya yg bilang "piting" rasanya saya senang juga kena tembak.";0;0;0;0;in;1477218869034971137;1713564944497864853;shop_yoon;https://twitter.com/shop_yoon/status/1713833906934599921
Mon Oct 16 08:18:25 +0000 2023;1713831750198329844;"Investasi #rempang #batam  memberikan keuntungan bagi ekonomi Indonesia secara umum,  dan menciptakan lapangan kerja untuk masyarakat Rempang Batam. https://t.co/VZfKIWtYxh";1;0;0;1;in;4747556570;1713831750198329844;KsatriaNKRI;https://twitter.com/KsatriaNKRI/status/1713831750198329844
Mon Oct 16 08:17:25 +0000 2023;1713831497546014843;"Investasi #rempang #batam  memberikan keuntungan bagi ekonomi Indonesia secara umum,  dan menciptakan lapangan kerja untuk masyarakat Rempang Batam. https://t.co/QEvsWZflUt";0;0;0;0;in;4747556570;1713831497546014843;KsatriaNKRI;https://twitter.com/KsatriaNKRI/status/1713831497546014843
Mon Oct 16 08:17:12 +0000 2023;1713831445884702931;"#islamselamatkanrempang #rempangkorbankapitalisme #rempang https://t.co/oQyWE18jyy";0;0;1;1;qme;1467126508837736450;1713831445884702931;_jelllov555_;https://twitter.com/_jelllov555_/status/1713831445884702931
Mon Oct 16 08:14:05 +0000 2023;1713830660824297884;"#AniesMuhaimin2024 Rempang";0;0;0;0;in;1670070721186529280;1713830660824297884;joko_ngiboel;https://twitter.com/joko_ngiboel/status/1713830660824297884
Mon Oct 16 08:13:16 +0000 2023;1713830453390758006;"Baru Diterima, Puluhan Kotak Suara di Rembang Ditemukan Rusak. Apa penyebabnya?  #KotakSuara #Pemilu2024  https://t.co/XhPG0XeMxi";0;0;0;1;in;124390203;1713830453390758006;beritaKBR;https://twitter.com/beritaKBR/status/1713830453390758006
Mon Oct 16 08:12:46 +0000 2023;1713830327117083062;"#AniesMuhaimin2024 Rempang";0;0;0;0;in;1670070721186529280;1713830327117083062;joko_ngiboel;https://twitter.com/joko_ngiboel/status/1713830327117083062
Mon Oct 16 08:12:26 +0000 2023;1713830247106527443;"#AniesMuhaimin2024 Rempang";0;0;0;0;in;1670070721186529280;1713830247106527443;joko_ngiboel;https://twitter.com/joko_ngiboel/status/1713830247106527443
Mon Oct 16 08:12:03 +0000 2023;1713830147458249066;"#AniesMuhaimin2024 Rempang";0;0;0;0;in;1670070721186529280;1713830147458249066;joko_ngiboel;https://twitter.com/joko_ngiboel/status/1713830147458249066
Mon Oct 16 08:09:37 +0000 2023;1713829537275146646;"jgn lupakan rempang, kalimantan, sumbar dkk";0;0;2;3;in;1604130313021820929;1713829537275146646;podo_radong1;https://twitter.com/podo_radong1/status/1713829537275146646
Mon Oct 16 08:08:19 +0000 2023;1713829210115174758;"#AniesMuhaimin2024 Rempang";0;0;1;1;in;1670070721186529280;1713829210115174758;joko_ngiboel;https://twitter.com/joko_ngiboel/status/1713829210115174758
Mon Oct 16 07:42:10 +0000 2023;1713822630091125083;"@ericvanderboy @indosupporter Dia santai, tidak emosian dan tidak meremehkan. Cacian dan hinaan yang gak jelas cuma dibalas satu selebrasi saja. Ya wajar. Maju terus Hokky.";0;0;0;0;in;147441595;1713544184412643524;MashudiRbg;https://twitter.com/MashudiRbg/status/1713822630091125083
Mon Oct 16 07:27:59 +0000 2023;1713819060331586014;"#TemanPemilih KPU Kabupaten Rembang melaksanakan rapat evaluasi pembentukan badan adhoc Pemilu serentak Tahun 2024, Minggu, (15/10/2023) di Pantai Karang Jahe, Rembang. #kpumelayani #PemiluSerentak2024   selengkapnya https://t.co/HoCCMo7ybc https://t.co/VWkz22y6IK";0;0;0;0;in;1372767476564389892;1713819060331586014;KPUKabRembang;https://twitter.com/KPUKabRembang/status/1713819060331586014
Mon Oct 16 07:22:35 +0000 2023;1713817701842550787;"@SoftWarNews yg penting kita tau, pendukung agressor dari kelompok mana, termasuk mereka yg mendukung penjajahan di rempang, seruyan, dan bungkam atas kematian 135+ arek malang.   mereka org dan kelompok yg sama.";0;0;0;4;in;1700913750214324224;1713809355261591577;jeryforyou;https://twitter.com/jeryforyou/status/1713817701842550787
Mon Oct 16 07:20:35 +0000 2023;1713817195221066097;"Tetep berisik.. klo berenti berisik, mrk pikir kita tidur.  Dg berisik mrk takut mo macem' thd kehidupan bernegara. Contoh masalah Rempang kendor. MK nolak gugatan usia ca(wa)pres";0;0;0;0;in;255536573;1713817195221066097;mhmfikri;https://twitter.com/mhmfikri/status/1713817195221066097
Mon Oct 16 07:06:12 +0000 2023;1713813577092698366;"Setiap Bpk Presiden ke China, saya selalu was-was apalagi milik rakyat yg akan diserahkan ke China atau beban utang apalagi yg akan bertambah. Sebelumnya sdh banyak yg diserahkan spt KA-Cepat, tambang, IKN, pulau Rempang dll";16;193;402;940;in;1117990249806721024;1713813577092698366;msaid_didu;https://twitter.com/msaid_didu/status/1713813577092698366
Mon Oct 16 07:00:27 +0000 2023;1713812131110678740;"@jokowi Oleh2 nya jangan hutang lagi ya pak? Rempang tuh, bikin susah rakyat dan menteri saja.";0;0;0;0;in;1195496004;1713762166371954793;herman_mon;https://twitter.com/herman_mon/status/1713812131110678740
Mon Oct 16 06:59:24 +0000 2023;1713811867016278178;"@HusinShihab @jokowi @ganjarpranowo Jangan lagi musuhin Pak Wali. Itu merugikan Pak Ganjar sendiri. Pendukungnya Pan Wali itu banyak, apalagi di solo raya. Disana mungkin lebih kuat dari Pak Ganjar sendiri. Kalau diterus-teruskan bisa rugi sendiri Pak Ganjar";0;0;0;1;in;147441595;1713789048169627801;MashudiRbg;https://twitter.com/MashudiRbg/status/1713811867016278178
Mon Oct 16 06:55:37 +0000 2023;1713810914120470743;"Almarhum mbahku 'pemberontak' kemerdekaan pada masanya. Masa kecilku tumbuh lewat kisah-kisah yang dituturkannya. Beliau tentu akan kecewa sekali kalau cucunya tidak berempati terhadap korban penindasan &amp  ketidakadilan baik itu di Rempang maupun di Gaza.";0;0;0;6;in;605974320;1713810912606409119;WAPamungkas;https://twitter.com/WAPamungkas/status/1713810914120470743
Mon Oct 16 06:48:33 +0000 2023;1713809133588378108;"Ikut aamiinkan seluruh doa warga #rempang terhadap mereka yang dzalim semoga disegerakan. https://t.co/HxiC7wMjjQ";0;0;0;0;in;1540137180361658370;1713809133588378108;Moekidjo;https://twitter.com/Moekidjo/status/1713809133588378108
Mon Oct 16 06:46:26 +0000 2023;1713808600785977744;"@Sam_Ardi Dikira Rambo...tetap saja jago memanah kalau gak Korea ya China";0;0;0;0;in;147441595;1713765486301983143;MashudiRbg;https://twitter.com/MashudiRbg/status/1713808600785977744
Mon Oct 16 06:46:03 +0000 2023;1713808505122234420;"@Odankok @historia_id Indonesia darurat sejarah mas. Proyek  Rempang eco park adalah bukti nyata bagaimana investasi mengabaikan sejarah.";0;0;0;21;in;1684556367032651776;1713774718661382608;ProjectQcs20;https://twitter.com/ProjectQcs20/status/1713808505122234420
Mon Oct 16 06:44:21 +0000 2023;1713808077676519497;"@gibran_tweet Orang Topo bisu malah ditanya-tanya..bingung dia";0;0;0;1;in;147441595;1713785809298751742;MashudiRbg;https://twitter.com/MashudiRbg/status/1713808077676519497
Mon Oct 16 06:38:19 +0000 2023;1713806561330811274;"a love language https://t.co/sNsKHKKT5v";0;0;0;0;en;1548344542734143496;1713806561330811274;rembang91;https://twitter.com/rembang91/status/1713806561330811274
Mon Oct 16 06:37:50 +0000 2023;1713806437930172548;"@ekokuntadhi1 Pak Ganjar suaranya masih sama2 saja dengan Prabowo. Teman sendiri malah dimusuhin habis2an. Gak ngerti. Ini Khan mau menang bukan mau gagah2an. Gugatan sudah ditolak tapi segala ucapan membekas dihati.";0;0;0;0;in;147441595;1713586830807888327;MashudiRbg;https://twitter.com/MashudiRbg/status/1713806437930172548
Mon Oct 16 06:36:00 +0000 2023;1713805977693372467;"@BangEdiii @jokowi kalo tunda banyak tuh proyek yg mau di gas!! lanjut lagi krta api cepat ke sub,ikn,rempang. yg penting dapat hutangan lagi dr tiongkok.";0;0;0;0;in;1677290578923634690;1713737715932668315;Krakensotong;https://twitter.com/Krakensotong/status/1713805977693372467
Mon Oct 16 06:32:38 +0000 2023;1713805128736903308;"Ratusan Rumah yang Disiapkan Untuk Warga Rempang di Nongsa Belum Terisi, Begini Kondisinya  #rempang #galang #nongsa #batam https://t.co/fXxtFsDgKc";0;0;0;1;in;60490875;1713805128736903308;BatamPos;https://twitter.com/BatamPos/status/1713805128736903308
Mon Oct 16 06:32:15 +0000 2023;1713805032611786868;"@KiCebongMachine @Wicaksono_J @CNNIndonesia sibuk ngutang dia,mau ngutang lagi kek nya buat kereta api cepat lagi atau mau lapor soal rempang yg belum kelar hahahahha";0;0;0;0;in;1677290578923634690;1713755769357905965;Krakensotong;https://twitter.com/Krakensotong/status/1713805032611786868
Mon Oct 16 06:32:07 +0000 2023;1713804997878788354;"BANDARA BARU DIKERJAKAN HANYA SETAHUN??? BAGAI CERITERA DONGENG KARENA AMDAL &amp  BERBAGAI KEGIATAN SEPERTI PEMBEBASAN LAHAN UNTUK MEMBANGUN INFRSTRUKTUR BUTUH WAKTU PANJANG SEBELUM PEMBANGUNAN DIMULAI. ATAUKAH GAYA PROYEK REMPANG AKAN DIGUNAKAN??? @myputun https://t.co/XpVDPV9mjS";0;0;0;0;in;1567483663545438209;1713804997878788354;PutunMy;https://twitter.com/PutunMy/status/1713804997878788354
Mon Oct 16 06:30:42 +0000 2023;1713804642654847022;"@tempodotco Itu perjuangkan saudara kita yg dirempang yg mau di usir dari tanah kelahirannya,oleh israel2 yg serumpun di indonesia yg mereka menjabat di negri ini,perjuangkan rakyat rempang itu yg utama saudara setan ah air,satu agama🤔🤔🤔";0;0;0;0;in;1463172466809835520;1713764803020509610;mmiskun137;https://twitter.com/mmiskun137/status/1713804642654847022
Mon Oct 16 06:26:58 +0000 2023;1713803705504711110;"@jokowi Jangan bicara rempang rempang lagi ya pak presiden";0;0;0;0;in;374842781;1713762166371954793;celukakuro;https://twitter.com/celukakuro/status/1713803705504711110
Mon Oct 16 06:25:32 +0000 2023;1713803343913722354;"Perhutani Serahkan Bantuan Dana TJSL untuk LMDH di Rembang https://t.co/IzTbS8Zx74";0;0;0;0;in;343820073;1713803343913722354;PerumPerhutani;https://twitter.com/PerumPerhutani/status/1713803343913722354
Mon Oct 16 06:21:58 +0000 2023;1713802444914991383;"@Dededarmamuh @strike_bravo_b Populer sih populer, tapi ya cuma di wilayah basis NU doang sekarang, gak kek dulu yang emang se Indonesia.  Sejak Rempang malah orang orang Melayu pada mau hantam pala dia. Belum blunder lainnya.  Andai NU sekritis Muhammadiyah...";0;1;0;2;in;2801772327;1713791814761894203;jonathanferiza;https://twitter.com/jonathanferiza/status/1713802444914991383
Mon Oct 16 06:10:39 +0000 2023;1713799596680614134;"@strike_bravo_b @Dededarmamuh Mahfud aja udah banyak blundernya, bahkan sebelum Rempang.";0;1;0;4;in;2801772327;1713791814761894203;jonathanferiza;https://twitter.com/jonathanferiza/status/1713799596680614134
Mon Oct 16 06:08:56 +0000 2023;1713799164977680802;"Rempang masih terus digasak oleh penguasa....";0;0;0;0;in;1569878294509789184;1713799164977680802;pondokG65657380;https://twitter.com/pondokG65657380/status/1713799164977680802
Mon Oct 16 06:06:50 +0000 2023;1713798635824332822;"@jokowi Pulau manalagi yg mau d jual pakde ? Kemarem rempang besok pulau manalgi yg d kasihkan ke china ??🥺😢";0;0;0;16;in;1118818741570064384;1713762166371954793;ukhtielya;https://twitter.com/ukhtielya/status/1713798635824332822
Mon Oct 16 06:06:17 +0000 2023;1713798497940447254;"@CNNIndonesia Mau laporan Si Luhut lagi sakit' parah... Proyek kereta cepat Jakarta Surabaya di tunda.. dan Rempang Galang blm bisa di gusur.. Biadabb laknatullah rezim Rungkad..";0;0;0;4;in;1359639919572885504;1713755769357905965;NajaiRocky;https://twitter.com/NajaiRocky/status/1713798497940447254
Mon Oct 16 05:58:25 +0000 2023;1713796520515076341;"UCAPAN TERIMAKASIH DAN HARAPAN WARGA REMPANG YANG SUDAH DI RELOKASI KEPADA BP BATAM  Warga Rempang (Pasir Panjang) yang terdampak Proyek Relokasi kini sudah ditempat dihunian yang nyaman dan layak @Li9ayaTalaChes4  @YLBHI  #NKRI #Rempang #indonesiaterusmaju #RempangGalang https://t.co/93uFuDTPZz";1;0;0;0;in;1636699207926177792;1713796520515076341;bhinekaonekepri;https://twitter.com/bhinekaonekepri/status/1713796520515076341
Mon Oct 16 05:58:19 +0000 2023;1713796493373772185;"😎Tampaknya Pak Mahfud MD menjadi Cawapres. Ganjar Pranowo - Mahfud MD saling  Melengkapi👍👍👍 @BJ____Robin @MatJohar3 @4_Jawarlis @Batara_Bulu @BangiUrang @Jayabay19479190 @bbahtiarr @Chynthia_K  Mahfud Md Kunjungi Masjid Jamik Lasem Rembang Siang Ini  https://t.co/I8VU2SBTg1";0;1;1;5;in;1656266246420316161;1713796493373772185;Junotand;https://twitter.com/Junotand/status/1713796493373772185
Mon Oct 16 05:48:18 +0000 2023;1713793971351429430;"@papasito_OF @CNNIndonesia Ya tinggal di rumah warga rempang juga , tinggal di rumah warga yg dekat dengan sirkuit Mandalika yg lahanya masih ada yg belum di bayar.  @ganjarpranowo .";0;0;0;0;in;1705470123631665152;1713283835977462267;kalkunjava;https://twitter.com/kalkunjava/status/1713793971351429430
Mon Oct 16 05:45:29 +0000 2023;1713793265500303613;"@kurawa Yang mau bertanding itu Pak Ganjar. Jadi dia harus merangkul semua pihak. Jangan dijauhi. Suara dia juga masih pas2an. Ingat Pilkada Jateng terakhir. Klu bukan pasangannya Gus Yasin bisa kalah itu Pak Ganjar. Karena hasilnya di luar dugaan.";0;0;0;0;in;147441595;1713495388265816475;MashudiRbg;https://twitter.com/MashudiRbg/status/1713793265500303613
Mon Oct 16 05:41:41 +0000 2023;1713792307760431180;"Jump Serve Keras 💥 "ROFIK"  TURNAMEN BOLA VOLI MILAD BMT CUP TAHUN 2023 Kecamatan REMBANG JAWA TENGAH  🔶 SEMI FINAL ▶️ VOLGAB (SALE) 🆚 SEKAR BERDIKARI (LASEM) 🎥 🔴 LINK VIDEO LIVE STREAMING FULL PERTANDINGAN 👇👇👇 https://t.co/tYkNEnToks #volilasem  #volleyball https://t.co/mPudymTjtR";0;0;0;0;in;1589972512020258817;1713792307760431180;VoliLasem;https://twitter.com/VoliLasem/status/1713792307760431180
Mon Oct 16 05:40:00 +0000 2023;1713791882017562965;"@gibran_tweet Pengen menang tapi teman sendiri dimusuhi, dikuyo2, dicaci maki. Ojo gumede pendukung Pak Ganjar. Setiap suara dari siapapun, dari tokoh manapun sangat berarti. Harusnya dirangkul.";0;0;0;0;in;147441595;1713783321669537802;MashudiRbg;https://twitter.com/MashudiRbg/status/1713791882017562965
Mon Oct 16 05:35:17 +0000 2023;1713790694970814543;"Menteri Investasi/Kepala BKPM Bahlil Lahadalia mengeluarkan pernyataan tidak berdasar. Pada konferensi pers (25/09/2023), Bahlil yang  mengatasnamakan dirinya sebagai orang kampung mengklaim masyarakat Rempang bersedia dipindahkan ke lokasi lain di pulau yang sama secara sukarela https://t.co/dcSNfe6OhI";0;1;2;0;in;1316280061889183745;1713790694970814543;koalisikoral;https://twitter.com/koalisikoral/status/1713790694970814543
Mon Oct 16 05:34:05 +0000 2023;1713790395493335409;"@DoradongWarrior Rempang gagal digarap mau bulangvapa dia ke tuannya? Lalu cari suaka jauh2 hari 😄 Nampaknya kejatuhan redbull kian tampak";0;0;0;0;in;1493461943910158339;1713603950270951876;usertwittwar;https://twitter.com/usertwittwar/status/1713790395493335409
Mon Oct 16 05:27:13 +0000 2023;1713788665154126078;"@MalaysiaGazette mmg bagus... x kisah kerajaan or pembangkang... sama je... nnt masuk kt medsos sembang rempang diorng je... yg menyokong brsorak x tentu pasal... bukan reti nk tengok video prsidangan yg full... haha";0;0;0;4;in;138336705;1713755503099314467;anakpakcikusop;https://twitter.com/anakpakcikusop/status/1713788665154126078
Mon Oct 16 05:17:05 +0000 2023;1713786118616096931;"@jokowi Mohon jangan jualan NKRI Pak. Terakhir kesana nasib warga Rempang hampir tergusur. Kalau dimarahi Xi Jin Ping, diem in  aja.";0;0;0;0;in;1648776909285888003;1713762166371954793;RealRH9;https://twitter.com/RealRH9/status/1713786118616096931
Mon Oct 16 05:16:27 +0000 2023;1713785955528884352;"wahai para JENDRAL, TENTARA,TNI,Sungguh HARAM MEMBIARKAN PALESTINA TANPA PENOLONG, Kalianlah orang yg paling bertanggung jawab , Kalianlah orang yang pertama ditanya kelak, Kalianlah yg telah kami percayakan senjata dan amunisi ,kirimkan TNI,POLRI KE PALESTINA,BUKAN KE REMPANG, https://t.co/J910MCJevS";0;0;0;0;in;1589527642310512640;1713785955528884352;BahrulU85579855;https://twitter.com/BahrulU85579855/status/1713785955528884352
Mon Oct 16 05:13:59 +0000 2023;1713785336441225368;"Rempang tolong diurus";0;0;0;0;in;1617507653575659520;1713785336441225368;0xBerkahNama;https://twitter.com/0xBerkahNama/status/1713785336441225368
Mon Oct 16 05:09:56 +0000 2023;1713784318156582943;"Hai pmimpin yg akn brtnggung jwb diakhirat, militer mu sgra dkirim kPalestina mmbantu mmerdekakan mereka! Jgn utk mrampas tanah Rempang #saverempang #SavePalestine";0;0;0;1;in;1033510205475053568;1713784318156582943;abuathaarrauf;https://twitter.com/abuathaarrauf/status/1713784318156582943
Mon Oct 16 05:03:54 +0000 2023;1713782799302570036;"Kapolres Rembang Dampingi dan Pimpin Langsung Pengamanan Kunker Menkopolhukam Mahfud MD di Rembang   REMBANG - https://t.co/tg3U8Q4dQu, Menkopolhukam RI Prof. Dr. H. Mohammad Mahfud Mahmodin, S.H., S.U., M.I.P. melaksanakan kunjungan kerja ke Pondok Pesantren Kapolres Rembang Al- https://t.co/5QyxwTWs46";0;0;0;0;in;1621823948706185216;1713782799302570036;PolsekKragan1;https://twitter.com/PolsekKragan1/status/1713782799302570036
Mon Oct 16 04:58:43 +0000 2023;1713781493603143824;"Jangan sampai terlupakan saudara kita di Rempang.....mereka terus bergerilya untuk merelokasi warga melayu Rempang....";0;0;25;42;in;1682598502541688832;1713781493603143824;BSbukit;https://twitter.com/BSbukit/status/1713781493603143824
Mon Oct 16 04:57:01 +0000 2023;1713781067302531074;"Jaksa Fungsional Rumenta A. Situmorang, S.H. mengikuti kegiatan Rapat Koordinasi Pengendalian Inflasi Daerah.  Kegiatan ini dihadiri oleh: 1. Wakil Bupati Minahasa Selatan Pdt. Petra Yani Rembang  https://t.co/H4NplPa8IX";0;1;0;0;in;1257564312966541314;1713781008267673780;KejariMinsel;https://twitter.com/KejariMinsel/status/1713781067302531074
Mon Oct 16 04:46:51 +0000 2023;1713778507270979861;"Kelompok perempuan mengambil peran penting dalam mempertahankan Kampung Tua Melayu di Rempang. Di sisi lain, pemerintah tetap berencana melanjutkan pembangunan Rempang Eco City.  Bagaimana nasib mereka ke depannya? https://t.co/Qgvb3tF7MF";9;3;98;147;in;23772644;1713778507270979861;BBCIndonesia;https://twitter.com/BBCIndonesia/status/1713778507270979861
Mon Oct 16 04:44:59 +0000 2023;1713778040122294760;"Ke CHINA "OK" Ke PBB " YA NDAK TAU". Mau laporan sama pak Boss dulu, masalah KCIC, sama Rempang yg belum beres. https://t.co/866i4nf6e4";1;1;4;6;in;75298598;1713778040122294760;cakar_man;https://twitter.com/cakar_man/status/1713778040122294760
Mon Oct 16 04:41:08 +0000 2023;1713777068067184941;"Ke china lagi ?? Mungkin mau melaporkan berita terkini soal Rempang";0;0;0;0;in;1605766653152661505;1713777068067184941;subarkahae;https://twitter.com/subarkahae/status/1713777068067184941
Mon Oct 16 04:39:52 +0000 2023;1713776749862088816;"Kapolres Rembang Dampingi dan Pimpin Langsung Pengamanan Kunker Menkopolhukam Mahfud MD di Rembang https://t.co/sbogNA5ouQ";0;0;0;2;in;1587353744764641281;1713776749862088816;Sek_Kaliori;https://twitter.com/Sek_Kaliori/status/1713776749862088816
Mon Oct 16 04:35:27 +0000 2023;1713775637738266739;"https://t.co/QObMRRoxdq";0;0;0;0;zxx;1416195476097953795;1713775416404754725;AtrRembang;https://twitter.com/AtrRembang/status/1713775637738266739
Mon Oct 16 04:34:34 +0000 2023;1713775416404754725;"Halo #SobATRBPN ,  Berikut kegiatan PELATARAN (Pelayanan Tanah Akhir Pekan) Kantor Pertanahan Kabupaten Rembang pada Minggu, 15 Oktober 2023.  Jam pelayanan PELATARAN : Sabtu - Minggu 09.00 - 12.00 https://t.co/E9xtwSlxsF";0;1;0;0;in;1416195476097953795;1713775416404754725;AtrRembang;https://twitter.com/AtrRembang/status/1713775416404754725
Mon Oct 16 04:33:41 +0000 2023;1713775193309798770;"@jokowi Pulang dari snaa semoga tdk ada daerah baru yg di gusur macam rempang";0;0;0;0;in;1706265640229871616;1713762166371954793;MoveOnProj79653;https://twitter.com/MoveOnProj79653/status/1713775193309798770
Mon Oct 16 04:28:27 +0000 2023;1713773878768771153;"Rempang apa kabar?   https://t.co/bE7uM1jres";0;0;0;0;in;1692776802891235328;1713773878768771153;this77me;https://twitter.com/this77me/status/1713773878768771153
Mon Oct 16 04:28:19 +0000 2023;1713773846254547435;"Halo #SobATRBPN ,  Berikut kegiatan PELATARAN (Pelayanan Tanah Akhir Pekan) Kantor Pertanahan Kabupaten Rembang pada Sabtu, 14 Oktober 2023.  Jam pelayanan PELATARAN : Sabtu - Minggu 09.00 - 12.00 https://t.co/Ily7vwbVwj";0;1;0;0;in;1416195476097953795;1713773846254547435;AtrRembang;https://twitter.com/AtrRembang/status/1713773846254547435
Mon Oct 16 04:25:53 +0000 2023;1713773232061645310;"Rempang  https://t.co/3zAP4v72j9";0;0;0;0;in;1692776802891235328;1713773232061645310;this77me;https://twitter.com/this77me/status/1713773232061645310
Mon Oct 16 04:20:45 +0000 2023;1713771941470015701;"@BANGSAygSUJUD @0K4Y08 @99propaganda @aji_lembu @adri_7i @AlmaghribiS @are_inismyname @Bank_Joee_ @bengkeldodo @Chaves1305 @cocolatetwo Masalah REMPANG saja nggak denger komitmenya  🤭";0;1;0;0;in;1249339618903748608;1713729373059072494;Harun80609721;https://twitter.com/Harun80609721/status/1713771941470015701
Mon Oct 16 04:15:47 +0000 2023;1713770691626250546;"@jokowi Smg selepas dari cina tidak ada rakyat seperti warga rempang yg kwatir wilayahnya dirampas .Aamiin";0;0;0;3;in;1605189327533002752;1713762166371954793;Didit3Ahmadi;https://twitter.com/Didit3Ahmadi/status/1713770691626250546
Mon Oct 16 04:07:49 +0000 2023;1713768683234066858;"Progres Rempang Eco-City, 31 KK Tempati Hunian Sementara   *Jumlah warga terdampak pengembangan Rempang Eco-City yang telah menempati hunian sementara terus bertambah.*  https://t.co/Shc2dY26TX";0;0;0;1;in;1702513655806676992;1713768683234066858;Gardapublik_id;https://twitter.com/Gardapublik_id/status/1713768683234066858
Mon Oct 16 04:01:56 +0000 2023;1713767205404618776;"@detikcom Ke China kemungkinan bahas gagalnya proyek di Rempang...";0;0;0;0;in;1609383619289841665;1713766719120904663;AfnanGzr;https://twitter.com/AfnanGzr/status/1713767205404618776
Mon Oct 16 04:00:18 +0000 2023;1713766793561731563;"Anak-anak Sembulang Pulau Rempang menolak dipindahkan! Tolong jangan hancurkan masa depan anak-anak Rempang pak @jokowi dan @bahlillahadalia https://t.co/maIi6UqqnB";0;0;3;5;in;1483011583152640000;1713766793561731563;EsTeh__28;https://twitter.com/EsTeh__28/status/1713766793561731563
Mon Oct 16 03:59:59 +0000 2023;1713766712271675614;"@narkosun Urus rempang aja dulu...jauh jauh kesana...";0;0;0;0;in;1436108465211011082;1712808351502131584;channel_alec;https://twitter.com/channel_alec/status/1713766712271675614
Mon Oct 16 03:54:25 +0000 2023;1713765313840554467;"Kapolres Rembang Dampingi dan Pimpin Langsung Pengamanan Kunker Menkopolhukam Mahfud MD di Rembang   REMBANG - https://t.co/mPRWXUiFcf, Menkopolhukam RI Prof. Dr. H. Mohammad Mahfud Mahmodin, S.H., S.U., M.I.P. https://t.co/wUcR9gLGkd";0;0;0;0;in;1588061116529537024;1713765313840554467;Polsekamotan3;https://twitter.com/Polsekamotan3/status/1713765313840554467
Mon Oct 16 03:53:32 +0000 2023;1713765090019913826;"Anak Pula Rempang trauma akan peristiwa bentrok dan khawatirkan relokasi. https://t.co/SW7JS60h9d";0;0;0;0;in;874558344593195008;1713765090019913826;validnewsid;https://twitter.com/validnewsid/status/1713765090019913826
Mon Oct 16 03:50:17 +0000 2023;1713764272751460611;"@Radjahoki_pro polisi ngapain itu? saat demo soal rempang di kantor si bahlil, org hmi diserang preman polisi kok bisa diam2 aja? apakah polisi sudah bersekutu dengan preman?";0;0;0;1;in;1585148692775915522;1713527962522501338;TkgFlash;https://twitter.com/TkgFlash/status/1713764272751460611
Mon Oct 16 03:47:07 +0000 2023;1713763474923500020;"@jokowi Sehabis berkunjung semoga tidak ada rakyat digusur paksa demi alasan investasi china macam rakyat rempang.";0;3;2;33;in;92969502;1713762166371954793;setyosby;https://twitter.com/setyosby/status/1713763474923500020
Mon Oct 16 03:45:48 +0000 2023;1713763143292436867;"Kapolres Rembang Dampingi dan Pimpin Langsung Pengamanan Kunker Menkopolhukam Mahfud MD di Rembang   HUMAS POLRES REMBANG https://t.co/vTO30sc4Ye";0;0;0;0;in;1615892955629510658;1713763143292436867;PolsekLasem;https://twitter.com/PolsekLasem/status/1713763143292436867
Mon Oct 16 03:40:04 +0000 2023;1713761702821703982;"@BosPurwa @faizalassegaf Menjelang pemilu semua NU. Pulau Rempang NU, Wadas NU, Kendang NU. Tapi begitu berkuasa NU nya hilang. Rempang bukan NU, Wadas bukan NU, Kendang bukan NU. Mereka ditindas, seakan yg ditindas bukan warga NU.";0;0;0;1;in;1618016214768578560;1713514930367082807;HH__ONE;https://twitter.com/HH__ONE/status/1713761702821703982
Mon Oct 16 03:37:47 +0000 2023;1713761126159458691;"@TresnoningSarah Rempang dan di Seruyan juga masih ada keadiln yang dikangkangi.";0;0;1;2;in;65822418;1713581256708170155;Iqbalnyamala;https://twitter.com/Iqbalnyamala/status/1713761126159458691
Mon Oct 16 03:35:17 +0000 2023;1713760497827520915;"*POLSEK PAMOTAN*  Kapolsek Pamotan sebagai Pembina Upacara di SMA Negeri 1 Pamotan dalam rangka Police Goes To School Polres Rembang https://t.co/VBlhU0fxr0";0;0;0;0;in;1588061116529537024;1713760497827520915;Polsekamotan3;https://twitter.com/Polsekamotan3/status/1713760497827520915
Mon Oct 16 03:30:36 +0000 2023;1713759318804504581;"Awal Mula Konflik Rempang, Ini Klarifikasi Menteri Bahlil  Prabowo Gibran PDIP #KamiMuak Muntilan #FreePalestine Jokowi Pagiii Projo Dipendem Sidoarjo Minggu #PalestineGenocide Senin #ArusPerubahanAMIN #StrongGirlNamSoonEp4 shawn mendes Onic Pecco Miya https://t.co/iQQW3QaHcj";0;0;0;0;in;1703796422834003969;1713759318804504581;buzzfeedcoco;https://twitter.com/buzzfeedcoco/status/1713759318804504581
Mon Oct 16 03:23:58 +0000 2023;1713757649035247843;"@EdiManik11 @Danu_d4nu @deddysitorus Food estate blm berhasil, yg sdh hampir berhasil menggusur warga rempang";0;0;0;0;in;1430913775083745295;1713554390299357185;Arman_topbgt;https://twitter.com/Arman_topbgt/status/1713757649035247843
Mon Oct 16 03:19:35 +0000 2023;1713756546826674357;"Sakit kelala aku ni. Tengah hari rembang  duk pasang lampu lagi. Lama lama boleh kecut otak aku 🥹";0;1;0;0;in;1504850179421179904;1713756546826674357;adaayusof;https://twitter.com/adaayusof/status/1713756546826674357
Mon Oct 16 03:19:13 +0000 2023;1713756453360783630;"@shodiqmun @kohonussa_ @SoftWarNews Habis itu kalo Hamas Lenyap Israhell pindah ke Indonesia. !  Mau ?  Rempang nyatanya !  Israhell adalah bentuk Kapitalisme dunia barat yg mau menguasai dunia dengan Uang dan Senjata.";0;1;0;0;in;1252671358254940161;1713718313342410900;berfikirpener;https://twitter.com/berfikirpener/status/1713756453360783630
Mon Oct 16 03:19:03 +0000 2023;1713756411510055361;"@Miduk17 5 tahun punya wapres tua apa gak kapok bang? Prabowo dah tua jadi gak ada salahnya kalo didampingi yang muda progresif kayak @gibran_tweet . Emang PDIP partai tua seleranya juga tua². Yang penting slow";0;0;0;0;in;2610654008;1713751880818712691;abutavtazanseda;https://twitter.com/abutavtazanseda/status/1713756411510055361
Mon Oct 16 03:14:38 +0000 2023;1713755301130985753;"Jateng 3 ojo lali 0.3 Amal Alghozali @pemudaidamanid 😆 #Pati #Blora #Grobogan #Rembang https://t.co/SSrzpiPyIE";0;0;0;1;in;1441425650;1713755301130985753;aczho;https://twitter.com/aczho/status/1713755301130985753
Mon Oct 16 03:10:16 +0000 2023;1713754201556488340;"Dukung Rempang Eco City, Warga Minta Pihak Luar Tidak Memperkeruh Suasana  #rempang #ecocity #galang #hoaks #batam https://t.co/R9qmAreECN";0;0;0;0;in;60490875;1713754201556488340;BatamPos;https://twitter.com/BatamPos/status/1713754201556488340
Mon Oct 16 03:07:40 +0000 2023;1713753549681893621;"Lihat video Sumardi Rempang! #TikTok https://t.co/QcbUESCgRt";0;0;0;0;in;1608442994327445507;1713753549681893621;ZetAbe3;https://twitter.com/ZetAbe3/status/1713753549681893621
Mon Oct 16 03:02:48 +0000 2023;1713752323435241681;"@jokowi makanya pak jngn bikin tol mulu, jngn ngbabat hutan buat dijadiin tambang mulu, jngan maksa warga rempang bwt pergi demi investasi, jangan ekspor pasir dll.. intinya JANGAN RUSAK LINGKUNGAN buat kpentingan pribadi semata. bpk sarjana kehutanan tpi gak cinta lingkungan. mengheran.";0;0;0;1;in;1496046106362679297;1713737715932668315;hala_fynn;https://twitter.com/hala_fynn/status/1713752323435241681
Mon Oct 16 03:02:44 +0000 2023;1713752304544035232;"@kumparan Revisi jualan Rempang lagi sambil ngeles putusan MK";0;0;0;0;in;1654416537535782964;1713751157750091978;jhonjhi09214119;https://twitter.com/jhonjhi09214119/status/1713752304544035232
Mon Oct 16 03:00:02 +0000 2023;1713751626400645519;"https://t.co/DPGiFvIoeY, Menkopolhukam RI Prof. Dr. H. Mohammad Mahfud Mahmodin, S.H., S.U., M.I.P. melaksanakan kunjungan kerja ke Pondok Pesantren Kapolres Rembang Al-Fakhriyyah Desa Sumbergirang Kecamatan Lasem Rembang, Minggu (15/10/2023). https://t.co/wYJAfu4UgM";0;0;0;0;in;1536567484693852166;1713751626400645519;HumasResRembang;https://twitter.com/HumasResRembang/status/1713751626400645519
Mon Oct 16 02:59:08 +0000 2023;1713751402319851888;"Bupati Rembang memimpin Rakor Kepala Desa se Kabupaten Rembang. https://t.co/DqilYJcSrX";0;0;0;1;in;1701510766082584576;1713751402319851888;prokopimdarbg;https://twitter.com/prokopimdarbg/status/1713751402319851888
Mon Oct 16 02:56:41 +0000 2023;1713750785195233720;"Rakor KHL Kabupaten Rembang, Rakor ini membahas tentang Percepatan Pengelolaan Perhutanan Sosial https://t.co/1WnOicb6qt";0;0;0;0;in;1701510766082584576;1713750785195233720;prokopimdarbg;https://twitter.com/prokopimdarbg/status/1713750785195233720
Mon Oct 16 02:41:11 +0000 2023;1713746882013639048;"@xquitavee @Uki23 @gibran_tweet @prabowo @jokowi Yang bikin ram heboh siapa? UU pemilu dirubah kok di ilang rubah konstitusi, mbok ya nalar dikit jadi pendukung Ganjar";0;0;0;0;in;2610654008;1713743002752176383;abutavtazanseda;https://twitter.com/abutavtazanseda/status/1713746882013639048
Mon Oct 16 02:32:31 +0000 2023;1713744701625631224;"@tvOneNews Konsepnya kayak di rempang ya pak ?";0;0;0;1;in;352873080;1713744471526187308;Tunak_Cekulan;https://twitter.com/Tunak_Cekulan/status/1713744701625631224
Mon Oct 16 02:32:05 +0000 2023;1713744594180170139;"@PubgMGlobal4 @Tan_Mar3M @islah_bahrawi @ajengcute16__ gak diapus juga gpp juga, khan cm salah nama, isinya mah bener. Pontennya masih 7😀🙏";0;1;0;1;in;1097021784212135936;1713712365320176050;AntiPengPeng;https://twitter.com/AntiPengPeng/status/1713744594180170139
Mon Oct 16 02:26:18 +0000 2023;1713743139083899007;"@Ibas @titiknol_jogja @txtdrMagelang @PoldaJogja @polresjogja APA YANG BISA DIHARAPKAN DARI POLISI? KALAU URUSANNYA SAMA ORMAS?   POLISI NGGA PUNYA NYALI HANYA BERANI SAMA PENONTON BOLA DAN PETANI  #REMPANG #KANJURUHAN";0;0;0;0;in;1432018212376350725;1713525113302417655;KitaUang;https://twitter.com/KitaUang/status/1713743139083899007
Mon Oct 16 02:25:17 +0000 2023;1713742882749005956;"@PubgMGlobal4 @Tan_Mar3M @islah_bahrawi @ajengcute16__ Bener sih, yg dibilang nyerang anis khan ajeng, bkn resty..😃";0;1;0;0;in;1097021784212135936;1713712365320176050;AntiPengPeng;https://twitter.com/AntiPengPeng/status/1713742882749005956
Mon Oct 16 02:20:53 +0000 2023;1713741776534798624;"@titiknol_jogja @txtdrMagelang @DivHumas_Polri mana kekuatan saat menghadapi orang #rempang  dan saat di #kanjuruhan  ? Selalu lemah lembut kalau urusannya sama ormas.  Kenapa? -takut? -ngga ada duitnya? -takut dan ngga ada duitnya?  Pak @ListyoSigitP anda ini diluar nurul";0;0;0;0;in;1432018212376350725;1713525113302417655;KitaUang;https://twitter.com/KitaUang/status/1713741776534798624
Mon Oct 16 02:20:36 +0000 2023;1713741702438228413;"@liputan6dotcom Belum lama ini juga kunker ke China..apa ada dampak dr proyek di Rempang?";0;0;0;0;in;1609383619289841665;1713740342351307162;AfnanGzr;https://twitter.com/AfnanGzr/status/1713741702438228413
Mon Oct 16 02:16:18 +0000 2023;1713740622585332084;"Ayo manfaatkan data Statistik Kesejahteraan Rakyat yang bersumber dari kegiatan Survei Sosial Ekonomi Nasional atau Susenas.. https://t.co/h9QlQ7eL8i";0;0;0;1;in;1701510766082584576;1713740622585332084;prokopimdarbg;https://twitter.com/prokopimdarbg/status/1713740622585332084
Mon Oct 16 02:13:45 +0000 2023;1713739979741147387;"#polripresisi https://t.co/bET25pGe3f";0;0;0;0;qme;1144429151471804416;1713739979741147387;SumberPolsek;https://twitter.com/SumberPolsek/status/1713739979741147387
Mon Oct 16 02:13:23 +0000 2023;1713739886178771439;"Festival Anak Sholeh Indonesia Wujudkan Generasi Santri Berakhlak Karimah #beritarembang #nurfmrembang https://t.co/D6M85iIWCm";0;0;1;1;in;3063085603;1713739886178771439;nurfmrembang;https://twitter.com/nurfmrembang/status/1713739886178771439
Mon Oct 16 02:12:21 +0000 2023;1713739628191326554;"Wisuda unimus masih ada slot ya bestie , yg lain udah pada booking mua, kamu masih sibuk bandingin harga, siap siap kehabisan slot 🔥🔥🔥 mua semarang mua smg mua undip mua unnes mua unimus  mua kedungmundu mua tembalang mua banyumanik mua gunungpati mua uin ws https://t.co/r7qE4aC3St";0;0;0;0;in;365897354;1713739628191326554;sasasasyaaa;https://twitter.com/sasasasyaaa/status/1713739628191326554
Mon Oct 16 02:05:37 +0000 2023;1713737931167551518;"#RempangEcoCity #SolusiUntukRempang #SolusiRempang #InvestasiUntukRakyat #Rempang  #PulauRempang #RempangBatam #Batam https://t.co/CdSbu9VRvM";0;0;0;0;qme;1705047715179294720;1713737931167551518;PemiluD4M41;https://twitter.com/PemiluD4M41/status/1713737931167551518
Mon Oct 16 02:05:31 +0000 2023;1713737907054510312;"#RempangEcoCity #SolusiUntukRempang #SolusiRempang #InvestasiUntukRakyat #Rempang  #PulauRempang #RempangBatam #Batam https://t.co/m8hCnnT7Wy";0;0;0;0;qme;1705047715179294720;1713737907054510312;PemiluD4M41;https://twitter.com/PemiluD4M41/status/1713737907054510312
Mon Oct 16 02:05:24 +0000 2023;1713737877761450482;"#RempangEcoCity #SolusiUntukRempang #SolusiRempang #InvestasiUntukRakyat #Rempang  #PulauRempang #RempangBatam #Batam https://t.co/0ymXs6mxj7";0;0;0;0;qme;1705047715179294720;1713737877761450482;PemiluD4M41;https://twitter.com/PemiluD4M41/status/1713737877761450482
Mon Oct 16 02:05:17 +0000 2023;1713737847260500046;"#RempangEcoCity #SolusiUntukRempang #SolusiRempang #InvestasiUntukRakyat #Rempang  #PulauRempang #RempangBatam #Batam https://t.co/RMZs6Mtp93";0;0;0;0;qme;1705047715179294720;1713737847260500046;PemiluD4M41;https://twitter.com/PemiluD4M41/status/1713737847260500046
Mon Oct 16 02:05:09 +0000 2023;1713737814091956713;"#RempangEcoCity #SolusiUntukRempang #SolusiRempang #InvestasiUntukRakyat #Rempang  #PulauRempang #RempangBatam #Batam https://t.co/GeYM3RQ9BJ";0;0;0;0;qme;1705047715179294720;1713737814091956713;PemiluD4M41;https://twitter.com/PemiluD4M41/status/1713737814091956713
Mon Oct 16 02:05:02 +0000 2023;1713737785277083843;"#RempangEcoCity #SolusiUntukRempang #SolusiRempang #InvestasiUntukRakyat #Rempang  #PulauRempang #RempangBatam #Batam https://t.co/zSfU1GshQ2";0;0;0;0;qme;1705047715179294720;1713737785277083843;PemiluD4M41;https://twitter.com/PemiluD4M41/status/1713737785277083843
Mon Oct 16 01:58:19 +0000 2023;1713736093949137185;"@merapi_uncover Sertifikat tanah untuk warga rempang";0;0;0;0;in;1596864763;1713588500820644231;don_rebellion;https://twitter.com/don_rebellion/status/1713736093949137185
Mon Oct 16 01:52:23 +0000 2023;1713734601670328790;"@geloraco Kelelahan urus kontrak Oligarki Warga rempang Murka.... Yg opung... Modar luh";0;0;0;0;in;1575739962183471104;1712476484903075932;vpicitayamgmai1;https://twitter.com/vpicitayamgmai1/status/1713734601670328790
Mon Oct 16 01:51:17 +0000 2023;1713734325785821597;"https://t.co/rImRhOMMWL";0;0;0;0;zxx;1320584851154583553;1713734325785821597;KodimRembang;https://twitter.com/KodimRembang/status/1713734325785821597
Mon Oct 16 01:51:08 +0000 2023;1713734286560694374;"https://t.co/7k8vfDbcSR";0;0;0;0;zxx;1320584851154583553;1713734286560694374;KodimRembang;https://twitter.com/KodimRembang/status/1713734286560694374
Mon Oct 16 01:50:48 +0000 2023;1713734202305519937;"https://t.co/oaoWnlOx0O";0;0;0;0;zxx;1320584851154583553;1713734202305519937;KodimRembang;https://twitter.com/KodimRembang/status/1713734202305519937
Mon Oct 16 01:50:28 +0000 2023;1713734119753163092;"https://t.co/rImRhOMMWL";0;0;0;0;zxx;1320584851154583553;1713734119753163092;KodimRembang;https://twitter.com/KodimRembang/status/1713734119753163092
Mon Oct 16 01:50:18 +0000 2023;1713734079626231935;"https://t.co/B63AO0RxzT";0;0;0;0;zxx;1320584851154583553;1713734079626231935;KodimRembang;https://twitter.com/KodimRembang/status/1713734079626231935
Mon Oct 16 01:50:09 +0000 2023;1713734039851684004;"https://t.co/oUjWmONZBr";0;0;0;0;zxx;1320584851154583553;1713734039851684004;KodimRembang;https://twitter.com/KodimRembang/status/1713734039851684004
Mon Oct 16 01:49:59 +0000 2023;1713733996478431283;"https://t.co/LXhSXyfamx";0;0;0;0;zxx;1320584851154583553;1713733996478431283;KodimRembang;https://twitter.com/KodimRembang/status/1713733996478431283
Mon Oct 16 01:49:49 +0000 2023;1713733954497577121;"https://t.co/ToTXrTgpLF";0;0;0;0;zxx;1320584851154583553;1713733954497577121;KodimRembang;https://twitter.com/KodimRembang/status/1713733954497577121
Mon Oct 16 01:49:39 +0000 2023;1713733915759038644;"https://t.co/A3JlephGYV";0;0;0;0;zxx;1320584851154583553;1713733915759038644;KodimRembang;https://twitter.com/KodimRembang/status/1713733915759038644
Mon Oct 16 01:49:27 +0000 2023;1713733862835314971;"https://t.co/oaoWnlOx0O";0;0;0;0;zxx;1320584851154583553;1713733862835314971;KodimRembang;https://twitter.com/KodimRembang/status/1713733862835314971
Mon Oct 16 01:49:19 +0000 2023;1713733831667384672;"https://t.co/0FWqcxQB2G";0;0;0;0;zxx;1320584851154583553;1713733831667384672;KodimRembang;https://twitter.com/KodimRembang/status/1713733831667384672
Mon Oct 16 01:49:05 +0000 2023;1713733770837377407;"https://t.co/Y1e2yEImVm";0;0;0;0;zxx;1320584851154583553;1713733770837377407;KodimRembang;https://twitter.com/KodimRembang/status/1713733770837377407
Mon Oct 16 01:47:41 +0000 2023;1713733420084523358;"@gus_muslih @islah_bahrawi Jokowi dan rezimnya mengusik NKRI dengan cara hendak mengusir warga Rempang dari tanah mereka yg telah didiami ratusan tahun apa tanggapanmu Gus?";0;0;0;1;in;1676506118145843200;1713564809223135476;my1425600;https://twitter.com/my1425600/status/1713733420084523358
Mon Oct 16 01:44:01 +0000 2023;1713732495672557811;"- b. jawa (gatau ini gaada pr apa2 tapi pak bangkit biasanya suka tiba2)  - sosiologi (presentasi kasus rempang yaallah takuttttt)";0;0;0;0;in;1551367314209050625;1713732493906731271;salsabyelax;https://twitter.com/salsabyelax/status/1713732495672557811
Mon Oct 16 01:41:43 +0000 2023;1713731919744250243;"@nongandah @masbutet 🤣🤣🤣, Ini lucu. Yg bikin sedih gerombolan babi bukan ketidakadilan seperti kejadian Rempang tapi justru karena berpalingnya sang idola   Elu sok sedih nyet tapi Jokowinye 👇 https://t.co/bIqzozfYqo";0;1;6;8;in;230040721;1713546475421221055;Hakim_Emkah;https://twitter.com/Hakim_Emkah/status/1713731919744250243
Mon Oct 16 01:31:00 +0000 2023;1713729219346497586;"Memilih GP sama saja dengan melestarikan kezaliman rezim boneka JKW yang merampas kampung Rempang demi kepentingan investor asing...";0;0;0;0;in;1679171049953591298;1713728868450992325;MuhammadTa6693;https://twitter.com/MuhammadTa6693/status/1713729219346497586
Mon Oct 16 01:29:36 +0000 2023;1713728868450992325;"Kasus kampung Rempang itu konsekwensi dari perjanjian hutang-piutang dengan Tiongkok :   "Loe pinjem duit ke gue boleh, tapi gue mau investasi di negara loe, di wilayah mana aja yang gue inginkan, gak peduli harus menggusur rakyat loe sendiri"....🤣🤣🤣";0;1;0;0;in;1679171049953591298;1713728868450992325;MuhammadTa6693;https://twitter.com/MuhammadTa6693/status/1713728868450992325
Mon Oct 16 01:27:55 +0000 2023;1713728443907735970;"@KeynaWu @pengarang_sajak Opung bukan mundur tapi memang sudah tidak berdaya lagi, jgn kan utk borduser rakyat rempang utk makan juga susah harus pakai selang.";0;0;0;0;in;1585466918139756544;1713507313045340552;agok_habang;https://twitter.com/agok_habang/status/1713728443907735970
Mon Oct 16 01:24:47 +0000 2023;1713727654753669414;"Tentang tanah. Narasi yg disuarakan ternyata sama: sejak dulu itu bukan tanah milik mereka, dulu mereka tidak ada disana, mereka tidak punya hak atas tempat itu sebab itu tanah milik pemerintah, dst  Sama: Palestina, Rempang, dll";0;1;1;3;in;17417729;1713727654753669414;andinie;https://twitter.com/andinie/status/1713727654753669414
Mon Oct 16 01:21:32 +0000 2023;1713726837493539007;"@Tan_Mar3M Cepu vs Buzzerp  Sama-sama orang bayaran Bentar lagi @islah_bahrawi belain deni, Miduk belain Cenul..😃  Yang ajaib  @ajengcute16__  sibuk nyerang Anies..😂😂";1;6;10;61;in;1097021784212135936;1713712365320176050;AntiPengPeng;https://twitter.com/AntiPengPeng/status/1713726837493539007
Mon Oct 16 01:02:33 +0000 2023;1713722063444431352;"@saidi_sudarsono Doa rakyat melayu rempang juga om, mereka orang yang terzalimi, makbul bin mustajab 🤲🏻🤲🏻👍🏻";0;0;0;2;in;1529809081099505664;1713704248528302180;Bagindo_Radjo;https://twitter.com/Bagindo_Radjo/status/1713722063444431352
Mon Oct 16 00:59:15 +0000 2023;1713721229537124450;"@_MbakSri_ Awas jangan sampai belok ke Rempang";0;0;1;1;in;1262856618745581568;1713692596076421233;duniabulat5;https://twitter.com/duniabulat5/status/1713721229537124450
Mon Oct 16 00:45:26 +0000 2023;1713717753356726663;"@CNNIndonesia Saat kampanye nginap di rumah warga Saat berkuasa gusur rumah warga Kasus rempang, wadas, kemdeng, kampung aquarium menunjukkan sikap penguasa yg sokmerakyat saat kampanye";0;0;0;0;in;2332613948;1713283835977462267;hdsambodo;https://twitter.com/hdsambodo/status/1713717753356726663
Mon Oct 16 00:43:21 +0000 2023;1713717229509038109;"@OmJ_JeNggot Isilop kemana ya? Kelihatan cuma ada 1 2 orang.. Giliran di rempang bisa turunin ribuan personil, ketahuan banget sih krn duit.. 🥴";0;0;0;6;in;931757910106845185;1713567732766322849;tanyaAzka;https://twitter.com/tanyaAzka/status/1713717229509038109
Mon Oct 16 00:40:41 +0000 2023;1713716558814708112;"Jika anda mau ambil tanah rempang, apa bedanya dng Israhell";0;0;0;1;in;1921503072;1713716558814708112;muhamadesmile;https://twitter.com/muhamadesmile/status/1713716558814708112
Mon Oct 16 00:18:44 +0000 2023;1713711033628713013;"@HukumDan MCD @McDonalds_ID seharusnya bantu warga #Rempang  ##Wadas &amp  korban2 Pergusuran lain yg terjadi di Indonesia lebih jahat dari Israel vs Hamas. Saya tetap makan Mcd tunggu discnya.. bisa kah mcd buka cabang di Rempang.";0;1;0;7;in;1497407025650696194;1713444301387227345;HanserNalle;https://twitter.com/HanserNalle/status/1713711033628713013
Sun Oct 15 23:35:53 +0000 2023;1713700250324808154;"@PartaiSocmed @ganjarpranowo Tum ora bahas kelanjutan Rempang Tah?";0;0;0;0;in;864645662528294913;1713424837551718540;burhanmunadi;https://twitter.com/burhanmunadi/status/1713700250324808154
Sun Oct 15 23:26:32 +0000 2023;1713697898175901973;"@Dennysiregar7 Tidak berkhianat dg Orpolnya sy sepakat, tp tidak berkhianat kepada Rakyat, sy Cuma ketawa?   bagaimana dg Wadas, bagaimana Rembang dan Pasti, Juga Sama2 Rakyatnya dikhianati.  sblm bicara' siapkan dulu fakta &amp  datanya engkau Pengkhianat dlm 10 th ini..";0;2;8;47;in;1676702884665393152;1713693868565143963;KhairulFat87870;https://twitter.com/KhairulFat87870/status/1713697898175901973
Sun Oct 15 23:23:12 +0000 2023;1713697059361202637;"@HusinShihab Wong cilik mana? Wadas? Kendeng? Rempang? Cian amat wong cilik dieksploitasi buat cari suara. Giliran udah berkuasa, kerjaannya nyaplok tanah, nggusur, neror wong cilik. Shame on you";0;1;0;0;in;274550372;1713551713439977810;koktanyasayadeh;https://twitter.com/koktanyasayadeh/status/1713697059361202637
Sun Oct 15 23:00:53 +0000 2023;1713691440923258946;"@wujudaseli Wah parah lu bocil! Jangan sampai kata2 lu balik ke diri lu sendiri yaa!  Ttg warga rempang sebelum nya memang sudah mau buat direlokasi dg dikasih ganti untung kok. Tp ada penebar fitnah yg ksh info bohong mknya jd salah paham. Gitu lho!";0;0;0;0;in;1654513222563823622;1713311168377553327;biyunge664624;https://twitter.com/biyunge664624/status/1713691440923258946
Sun Oct 15 22:55:46 +0000 2023;1713690156904124771;"@GeiszChalifah Giliran Rempang, main kabur joget" d IKN, iini parah ini..???";0;0;0;0;in;1603530960892727296;1712728112830783691;MaryonoRamadh16;https://twitter.com/MaryonoRamadh16/status/1713690156904124771
Sun Oct 15 22:47:07 +0000 2023;1713687977518674296;"@HusinShihab Iya Slogan wong Cilik apa iya Pro wong Cilik? Camkan itu....., Rempang aje mo digusur kalo gak di Viralin mah...., Pretttt";0;0;0;1;in;1557920941526884352;1713551713439977810;erdowgan;https://twitter.com/erdowgan/status/1713687977518674296
Sun Oct 15 22:45:38 +0000 2023;1713687603378307300;"@kamsuley @Kanseulir jauh sebelum kejadian rempang juga banyak minusnya, cuma banyak yg tutup mata.";0;0;0;0;in;1179765583367135232;1713412162713223213;Mujayadi8;https://twitter.com/Mujayadi8/status/1713687603378307300
Sun Oct 15 22:26:08 +0000 2023;1713682696663335123;"@EriL59620901 @danurespati Rembang.";0;1;0;1;in;1303615921550835712;1713341805302009909;RaniKancana;https://twitter.com/RaniKancana/status/1713682696663335123
Sun Oct 15 22:24:17 +0000 2023;1713682233213759631;"@joko_ngiboel Rempang entar AMIN yg bereskan, In syaa Allah, Aamiin🤲";0;0;0;0;in;852327811;1713588356427440327;rahmaniarbaftim;https://twitter.com/rahmaniarbaftim/status/1713682233213759631
Sun Oct 15 22:17:46 +0000 2023;1713680590325891565;"Astaghfirullah, Rempang Lagi??😱😱 Terkejut! Terjadi ini baru-baru ini!  https://t.co/vDa16dvIJD";0;0;0;0;in;99452989;1713680590325891565;mh_kdut;https://twitter.com/mh_kdut/status/1713680590325891565
Sun Oct 15 21:28:54 +0000 2023;1713668295906542021;"@UmarSyadatHsb__ Nb : Perubahan sangat Solid krn emg sdh hmpir 10 th sptnya di buat Gaduh. Spt Rempang akn diratakan e e lom terlaksana aktornya dah khoid duluan. Doa' org yg tersisihkan kekuatan mahadasyat.";0;0;0;0;in;1670024397799968768;1698717112750215560;dwisripudjianto;https://twitter.com/dwisripudjianto/status/1713668295906542021
Sun Oct 15 21:06:06 +0000 2023;1713662554688639052;"JAHATNYA REZIM JOKOWI‼️DERITA MELAYU REMPANG: PULANG MELAUT TANAH DAN RUMAH SUDAH TERCERABUT https://t.co/5qlFlFAGRh";1;1;34;40;in;1138950541180936192;1713662554688639052;hc_poirot;https://twitter.com/hc_poirot/status/1713662554688639052
Sun Oct 15 20:45:34 +0000 2023;1713657390153994691;"@Dennysiregar7 Cinta NKRI ?. Wadas Rempang di caplok ko diem aja";0;0;0;0;in;3190417782;1713510369287713248;denisetiawan139;https://twitter.com/denisetiawan139/status/1713657390153994691
Sun Oct 15 19:04:17 +0000 2023;1713631899841962392;"@DoankWarto jjjiiiaaahh🤣🤣 mainannya masih radika radikul... nggak usah mainnya kejauhan deh pake nama WTO, coba minta si ganjen probokep ke rempang. brani kagak?  dasar emping magot🤣🤣";0;0;0;0;in;1645877986401587205;1713195327304638564;kaspur_rahman;https://twitter.com/kaspur_rahman/status/1713631899841962392
Sun Oct 15 18:19:44 +0000 2023;1713620690853904563;"Konflik Agraria terus merebak. Pasaman Sumbar, Rempang Riau, Gorontalo, Lampung, Seruyan terupdate di media nasional. Sebenarnya jika dipublikasikan secara massif, aksi massa rakyat (petani) menuntut soal-soal agraria tak akan ada habisnya.   https://t.co/XviAO0yEcN";0;0;10;23;in;2566305450;1713620690853904563;PP__STN;https://twitter.com/PP__STN/status/1713620690853904563
Sun Oct 15 18:09:54 +0000 2023;1713618215572775349;"@slamet_nasib @RagilSemar Bpk kau lah yg kau puji puji jokowidodo ngutang ke China  tanah rakyat dijual ke China, konflik di rempang tdk ada persatuan umat islam demo bela warga muslim rempang 👎👎👎👎👎🖕🖕🖕";0;0;0;0;in;1431658561801646080;1713428237861401072;Promosi22096333;https://twitter.com/Promosi22096333/status/1713618215572775349
Sun Oct 15 17:57:16 +0000 2023;1713615035292127637;"@Dennysiregar7 Ini cuman kecil, gak sebesar Omnibus,UU KPK dan Hak tanah adat (Wadas,Rempang dll)";0;0;0;0;in;1102958023322955777;1713494070373343578;GRASSROOTS_NA;https://twitter.com/GRASSROOTS_NA/status/1713615035292127637
Sun Oct 15 17:51:53 +0000 2023;1713613681387573362;"@Dennysiregar7 Ngaku Sumatra, saudaranya di Rempang di usir gak bersuara, dahlah... anda tidak fanatik Jokowi,PDIP ataupun Ganjar. Anda itu Fanatik dengan cukong yg dibelakang calon manapun yg di dukung Cukong.";0;1;0;5;in;1102958023322955777;1713579959489646854;GRASSROOTS_NA;https://twitter.com/GRASSROOTS_NA/status/1713613681387573362
Sun Oct 15 17:04:30 +0000 2023;1713601757572694079;"Jakarta itu cuma kecoak,Semarang Rembang Kudus Grobogan Pati itu receh saja,ini tempatku kiblatnya";0;0;0;0;in;1208772224007585795;1713601757572694079;dasamocca;https://twitter.com/dasamocca/status/1713601757572694079
Sun Oct 15 17:02:11 +0000 2023;1713601174597984696;"@loli_NUsantara @moonlitbtrfly @yayadsubackward tfw no rempang wadas usut cuntas rezim they Sukonto Liem can getaway with https://t.co/7jMlGaQgJ2";0;1;1;2;in;1251712866098372608;1713568331100488057;kentvrama;https://twitter.com/kentvrama/status/1713601174597984696
Sun Oct 15 16:53:19 +0000 2023;1713598943677026768;"@PKSejahtera Perlu bereskan tragedy Km 50. Usut tragedy Kajuruan, Wadas, Rempang, dan Kalimantan.";0;0;0;0;in;1356868038;1713087404402209114;MasAdiSus;https://twitter.com/MasAdiSus/status/1713598943677026768
Sun Oct 15 16:30:40 +0000 2023;1713593242141503601;"@Heraloebss Yg salah yg anarkis apa tetap dikandangin sama seperti yg demo Rempang-&gt seruyan sepertinya kecil utk di tangkap karna apa???? 👇👇👇";0;0;0;0;in;3063944340;1713550214504804395;rosad_kr;https://twitter.com/rosad_kr/status/1713593242141503601
Sun Oct 15 16:27:12 +0000 2023;1713592369571152245;"#AniesMuhaimin2024 Rempang";0;0;0;0;in;1670070721186529280;1713592369571152245;joko_ngiboel;https://twitter.com/joko_ngiboel/status/1713592369571152245
Sun Oct 15 16:25:26 +0000 2023;1713591923280425284;"#AniesMuhaimin2024 Rempang";0;0;0;0;in;1670070721186529280;1713591923280425284;joko_ngiboel;https://twitter.com/joko_ngiboel/status/1713591923280425284
Sun Oct 15 16:23:51 +0000 2023;1713591525740069122;"#AniesMuhaimin2024 Rempang";0;0;0;1;in;1670070721186529280;1713591525740069122;joko_ngiboel;https://twitter.com/joko_ngiboel/status/1713591525740069122
Sun Oct 15 16:23:06 +0000 2023;1713591337080250395;"Hmmm boleh saja asal tidak ada turut campur dalam urusan pemerintahan, bila pengusaha mendikte pemerintahan yang susah pasti rakyat, itu pasti, contoh: Wadas, Rempang dll";0;1;0;1;in;1011617641910304768;1713591337080250395;FikriAkbar02;https://twitter.com/FikriAkbar02/status/1713591337080250395
Sun Oct 15 16:22:17 +0000 2023;1713591131865297395;"#AniesMuhaimin2024 Rempang";0;0;0;0;in;1670070721186529280;1713591131865297395;joko_ngiboel;https://twitter.com/joko_ngiboel/status/1713591131865297395
Sun Oct 15 16:21:38 +0000 2023;1713590967981560161;"#AniesMuhaimin2024 Rempang";0;0;0;0;in;1670070721186529280;1713590967981560161;joko_ngiboel;https://twitter.com/joko_ngiboel/status/1713590967981560161
Sun Oct 15 16:19:49 +0000 2023;1713590511922209085;"#AniesMuhaimin2024 Rempang";0;0;0;1;in;1670070721186529280;1713590511922209085;joko_ngiboel;https://twitter.com/joko_ngiboel/status/1713590511922209085
Sun Oct 15 16:15:14 +0000 2023;1713589358257942706;"#AniesMuhaimin2024 Rempang";0;0;0;0;in;1670070721186529280;1713589358257942706;joko_ngiboel;https://twitter.com/joko_ngiboel/status/1713589358257942706
Sun Oct 15 16:11:15 +0000 2023;1713588356427440327;"#AniesMuhaimin2024 Rempang";0;1;1;1;in;1670070721186529280;1713588356427440327;joko_ngiboel;https://twitter.com/joko_ngiboel/status/1713588356427440327
Sun Oct 15 16:06:00 +0000 2023;1713587032075993522;"#AniesMuhaimin2024 Rempang";0;0;0;0;in;1670070721186529280;1713587032075993522;joko_ngiboel;https://twitter.com/joko_ngiboel/status/1713587032075993522
