created_at;id_str;full_text;quote_count;reply_count;retweet_count;favorite_count;lang;user_id_str;conversation_id_str;username;tweet_url,,,,,,,,,,,
"Thu Oct 05 23:54:52 +0000 2023;1710081150398640443;""@RusdiSudar37213 @Mdy_Asmara1701 Melanjutkan mengsengsaraksensarakan rakyat seperti di Rempang?.!"";0;0;0;0;in;4198408577;1709849362900328880;wawananwar12;https://twitter.com/wawananwar12/status/1710081150398640443",,,,,,,,,,,
"Thu Oct 05 23:53:30 +0000 2023;1710080807464034456;""Nderek Nandang Duhito Sampun Kapundut Marak Sowan Wonten Ayunanipun Gusti Ingkang Murbeng Dumadi", Sumbah Nyai Hj Hafidhoh Binti Kh Suyuthi," Tasikagung Rembang. Lahal Fatihah.... https://t.co/kpqb4vpSQD"";0;0;0;0;in;2842747748;1710080807464034456;kopimojo;https://twitter.com/kopimojo/status/1710080807464034456",,,,,,,,,
"Thu Oct 05 23:52:51 +0000 2023;1710080642690719804;""@CNNIndonesia Ya percaya ", rumah nya kan d solo ,," Ndak mungkin kan pulang k Rempang"";0;0;0;0;in;1147475793284460544;1709839983648096636;Rantau51502257;https://twitter.com/Rantau51502257/status/1710080642690719804",,,,,,,,
"Thu Oct 05 23:46:06 +0000 2023;1710078942001222070;""Amien Rais Datang ke Pulau Rempang"," Bicara Oligarki dan Demokrasi yang Pingsan #TempoNasional https://t.co/jTg1ugAChj"";1;8;24;93;in;18129942;1710078942001222070;tempodotco;https://twitter.com/tempodotco/status/1710078942001222070",,,,,,,,,,
"Thu Oct 05 23:42:37 +0000 2023;1710078066016530640;""ACCESSORIES ALA Idol kpop  t. Ldii you and me by jennie cianjur laura basuki thank you taeyong nescafe seduh na pd jorji na jaemin you did well 78 tahun school 2015 pbsi gen z fajri investasi rempang angga cheol beckham jambu pilih aku kpai shameless onana heijin#jumatberkah"";0;13;8;18;in;1685616933377601536;1710078066016530640;geenam666;https://twitter.com/geenam666/status/1710078066016530640",,,,,,,,,,,
"Thu Oct 05 23:40:55 +0000 2023;1710077640047239262;""@PDemokrat Rakyat mana yg di urus boss", sembako mahal," Rempang dan daerah lain masih mencekam kalian sibuk aja dengan diri sendiri."";0;0;0;0;in;1569574354404655105;1709827179629236275;Desrial16;https://twitter.com/Desrial16/status/1710077640047239262",,,,,,,,,
"Thu Oct 05 23:36:58 +0000 2023;1710076642876694994;""@OposisiCerdas Pak presiden senengnya ditanya soal peresmian2", bagi2 setifikat, bagi2 bantuan, bagi2 sepeda, kalau soal Utang, kasus demo Rempang, itu bukan bidangnya," ""masa harus Presiden""."";0;0;0;4;in;457367872;1709614868205371475;aaivanrahmawan;https://twitter.com/aaivanrahmawan/status/1710076642876694994",,,,
"Thu Oct 05 23:26:38 +0000 2023;1710074045277057084;""@CNNIndonesia Inilah jakarta kmrn kalah", kira-kira IKN nanti bakalan kena kaya gini ga ya? 😅 Klo kena, pasti kaga ada AMDALnya saat akan membangun," kaya di Rempang Galang... ketahuan bergerak sebelum AMDAL turun. 🤣"";0;0;0;0;in;1227083919025221632;1709765355973861436;Zeent29;https://twitter.com/Zeent29/status/1710074045277057084",,,,,,,,
"Thu Oct 05 23:24:41 +0000 2023;1710073551871774904;""Reaksi Melayu 5 Negara BP Batam", Bahlil Lahadalia Muhammad Rudi Pembohong," Status Pengelolaan Pulau Rempang! https://t.co/YEGTRiJxRy"";0;0;0;0;in;1622493825104240641;1710073551871774904;JokoHar67908821;https://twitter.com/JokoHar67908821/status/1710073551871774904",,,,,,,,,
"Thu Oct 05 23:24:12 +0000 2023;1710073431306404044;""Bahlil sebut belum ada pembangunan konstruksi Rempang Eco City. Sebab"," masih dalam tahap pembebasan lahan yang ditargetkan selesai akhir tahun 2023 https://t.co/GPRSBN4sYm"";0;0;0;1;in;23343960;1710073431306404044;kompascom;https://twitter.com/kompascom/status/1710073431306404044",,,,,,,,,,
"Thu Oct 05 23:24:09 +0000 2023;1710073421047202259;""@jokowi Jika anda tetap merelokasi rakyat Rempang bersiap siaplah menerima hasil doa2 rakyat yg terzholimi yg mereka panjatkan kepada ALLAH SWT.  Ayo Pak! Memimpinlah dgn adil dan bijaksana. Berpihaklah pada rakyat. Jangan mementingkan partai dan golongan. Jangan takut ancaman oligarkhi."";0;0;0;1;in;1461124387512283138;1709912852688224333;MNurBonar;https://twitter.com/MNurBonar/status/1710073421047202259",,,,,,,,,,,
"Thu Oct 05 23:17:11 +0000 2023;1710071667207139566;""Wajar sih kejadian di Rempang gak beres2", wong Mandalika saja sudah sekian kali lomba," urusan tanahnya belum kelar. Investasi ala rezim ini memang seringnya menindas rakyat kecil 😴 https://t.co/8WCTmXDfht"";4;9;239;512;in;227320530;1710071667207139566;hipohan;https://twitter.com/hipohan/status/1710071667207139566",,,,,,,,,
"Thu Oct 05 23:16:12 +0000 2023;1710071420137410771;""@AlnilamOmar Kok jadi begini semua iya 🤔 Kayak pamer kebahagiaan sementara rakyat yang Rempang menangis"";0;0;0;1;in;1624876394357608448;1709936826008674560;AinahJain;https://twitter.com/AinahJain/status/1710071420137410771",,,,,,,,,,,
"Thu Oct 05 23:07:30 +0000 2023;1710069229506949508;""@Nicho_Silalahi Amnesia dengan apa yg terjadi di rempang"";0;0;0;0;in;1645278064165928960;1709793985190125745;Firmansyah79655;https://twitter.com/Firmansyah79655/status/1710069229506949508",,,,,,,,,,,
"Thu Oct 05 23:07:21 +0000 2023;1710069192710324516;""@MarnoGmesra @yunartowijaya Tegak lurus bersama bbm beras rempang gas yg lagi carut marut..suruh org2 psi makan ubi sbgmn kata menterinya harus tegak kurus kan 😁😁"";0;0;0;0;in;1581324724990509056;1707966641135550798;karaeng_lipank;https://twitter.com/karaeng_lipank/status/1710069192710324516",,,,,,,,,,,
"Thu Oct 05 23:04:44 +0000 2023;1710068532866613657;""@Kikimusampa007 @prastow Sm rempang diem..bkn krn jkw mmg krn tugas blbi ..liat sj penyitaan aset dari waktu ke waktu🤣🤣"";0;0;0;1;in;1581324724990509056;1709872324655333517;karaeng_lipank;https://twitter.com/karaeng_lipank/status/1710068532866613657",,,,,,,,,,,
"Thu Oct 05 22:59:57 +0000 2023;1710067331219480951;""@kopi_kretek @pakaipeci Bagus jg turun tangan utk memberikan kemajuan rempang cr investor dan ikutin kemauan warga"";0;1;0;1;in;97580514;1709927990837342424;NDNSTR;https://twitter.com/NDNSTR/status/1710067331219480951",,,,,,,,,,,
"Thu Oct 05 22:59:38 +0000 2023;1710067250076536997;""@giginpraginanto Rempang sengaja dipilih ""intelijen"" cina untuk mengawasi selat Malaka dan 17.000 ha lahan pulau Rempang akan mereka kuasai keseluruhan dengan alasan investasi !"";0;1;5;5;in;1616209097254375425;1709720062389572013;SsPasadena;https://twitter.com/SsPasadena/status/1710067250076536997",,,,,,,,,,,
"Thu Oct 05 22:59:04 +0000 2023;1710067109160514025;""Jalan pati kudus emang rame bgt dan jalannya ga rata. Ga terlalu parah lubang jalannya", tapi tetep bahaya bgt. Yg jalannya rusak parah justru jalan pati rembang," banyak bgt lubang yg dalamnya kaya palung Mariana :))))"";0;0;0;0;in;478128344;1710067109160514025;annisanurfdh_;https://twitter.com/annisanurfdh_/status/1710067109160514025",,,,,,,,,
"Thu Oct 05 22:58:53 +0000 2023;1710067060980519231;""@RamliRizal IKN",rempang,komodo,dll,"u china??menuju Singapore jilid 2"";0;0;0;1;in;1545365267139555328;1709772340761166196;malikacupang;https://twitter.com/malikacupang/status/1710067060980519231",,,,,,,
"Thu Oct 05 22:52:57 +0000 2023;1710065569465069743;""@VIVAcoid Bisa jadi akan terjadi dgn Warga Rempang nih jika di relokasi yg janji akan ganti rugi malah dapatnya Zonk.."";0;0;0;1;in;1638073896850292739;1709834197249163504;MrPiNetrwork;https://twitter.com/MrPiNetrwork/status/1710065569465069743",,,,,,,,,,,
"Thu Oct 05 22:51:47 +0000 2023;1710065274185974011;""@Sunyisejati @RamliRizal NEW…Kolonialisme", Rempang di Rampok IKN di gadai 190Tahun," beda2 tipis dgn Kolonial Belanda."";0;0;1;3;in;1525210627073253376;1709772340761166196;mangkubrilliant;https://twitter.com/mangkubrilliant/status/1710065274185974011",,,,,,,,,
"Thu Oct 05 22:46:33 +0000 2023;1710063957615018241;""@ListyoSigitP Slogan NKRI harga mati", ternyata hanya redaksi pemanis penguasa untuk melanggengkan kekuasaan memperkaya diri merampok dan menindas rakyat, tidak heran Aceh, Papua, Rempang siap untuk merdeka, memisahkan diri," apa yang terjadi kalau daerah lain mendukung"";0;0;0;0;in;1432218498650959879;1709761386073751687;WangsaPersada;https://twitter.com/WangsaPersada/status/1710063957615018241",,,,,
"Thu Oct 05 22:45:09 +0000 2023;1710063606790750234;""KESAKTIAN PANCASILA 1965: Menumpas komunis yang mau kuasai negara. 2023: Gusur tanah rakyat Rempang demi investasi dari negara komunis Cina.  Joko Prasetyo  Jurnalis ======================= Follow kami di: Tiktok: https://t.co/0wpoX0pVQh Telegram:https://t.co/xBMMAMUDZ1 https://t.co/wHREvAqS9J"";0;0;0;1;in;610064636;1710063606790750234;syahrulmujahid1;https://twitter.com/syahrulmujahid1/status/1710063606790750234",,,,,,,,,,,
"Thu Oct 05 22:39:11 +0000 2023;1710062103900324155;""@tempodotco Rakyat Rempang klaim dan protes karena ada masalah pak"," hadeh gimana sih.."";0;0;0;0;in;1659931422369656834;1710054677583114414;rendi082014980;https://twitter.com/rendi082014980/status/1710062103900324155",,,,,,,,,,
"Thu Oct 05 22:39:05 +0000 2023;1710062077820154124;""@RagilSemar Saudara2 orang2 kalimantan gak nyadar..nanti kejadian kek rempang baru mewek......Kalimantan itu boleh dibilang jokower"";0;0;0;1;in;1603653519839330304;1709943020613968079;BFbu88;https://twitter.com/BFbu88/status/1710062077820154124",,,,,,,,,,,
"Thu Oct 05 22:38:54 +0000 2023;1710062030328139958;""@iya123456743 @KompasTV Rempang tidak cocok buat pabrik kaca"";0;1;0;0;in;1514845309423144963;1709795707610448312;DwiSufianto;https://twitter.com/DwiSufianto/status/1710062030328139958",,,,,,,,,,,
"Thu Oct 05 22:37:33 +0000 2023;1710061693919744274;""@tvOneNews Netralnya dimana jls2 rempang aga pihakny ke jokowi ko.. Panglima edan"";0;0;0;0;in;1665937953703735296;1709798174154735833;ferylefranus;https://twitter.com/ferylefranus/status/1710061693919744274",,,,,,,,,,,
"Thu Oct 05 22:26:45 +0000 2023;1710058976308560276;""Reaksi Melayu 5 Negara BP Batam", Bahlil Lahadalia Muhammad Rudi Pembohong," Status Pengelolaan Pulau Rempang!  https://t.co/AbtWrX9J7w https://t.co/y9OlEoWUj1"";0;0;0;0;in;1484562767478935553;1710058976308560276;Rojir0;https://twitter.com/Rojir0/status/1710058976308560276",,,,,,,,,
"Thu Oct 05 22:21:19 +0000 2023;1710057604930486740;""@RidhoRahmadi85 Itu mbah @realAmienRais jalan kaki jogja - rempang …  Luar binasa"";0;2;1;4;in;966950594261864448;1709863973737381961;Jazz24632;https://twitter.com/Jazz24632/status/1710057604930486740",,,,,,,,,,,
"Thu Oct 05 22:20:41 +0000 2023;1710057447673442746;""@fransisca_ning Mmg ada global war", tapi yg di Rempang itu, bkn krn intervensi USA, tp lbh disebabkan cara Investor China &amp  Pemrintah RI yg ugal²an. Lahan pengganti &amp  kompensasi blm kelar sdh main usir warga sj, makai kkerasan polri+TNI pula &amp  tanpa perhatiin sjrah," budaya &amp  ekonomi wrga stempat"";0;1;0;0;in;175752154;1707282292396458186;taufik_q;https://twitter.com/taufik_q/status/1710057447673442746",,,,,,
"Thu Oct 05 22:20:01 +0000 2023;1710057280798925193;""Bodoh Amat Bapak", noh Rempang urus, itu borok penjajahan ekonomi," IKN juga sama"";0;0;0;2;in;486497054;1710057280798925193;infocisels;https://twitter.com/infocisels/status/1710057280798925193",,,,,,,,
"Thu Oct 05 22:17:34 +0000 2023;1710056661610594585;""@tempodotco Penyerobotan Tanah Warga Rempang"," Nusron Wahid: Apa Bedanya BP Batam dengan VOC? https://t.co/aocQ4IFaag"";0;0;0;0;in;1618351099605577730;1710054677583114414;Kyaigringsing62;https://twitter.com/Kyaigringsing62/status/1710056661610594585",,,,,,,,,,
"Thu Oct 05 22:13:43 +0000 2023;1710055692936036642;""@dwioktariyadi Demo rempang "," ujung2 nya turunkan jokowi... https://t.co/fUFYeAav3i"";0;0;0;0;in;1673287310706884611;1709852069937442830;ahmad51971;https://twitter.com/ahmad51971/status/1710055692936036642",,,,,,,,,,
"Thu Oct 05 22:10:20 +0000 2023;1710054841291034843;""AWAS! ISU REMPANG 'HILANG'! DUA TOKOH INI NEKAT BONGKAR SKENARIO MENGERIKAN! ISTANA IKUT TERLIBAT? https://t.co/Ua5cBf49s5"";0;0;0;0;in;1616209097254375425;1710054841291034843;SsPasadena;https://twitter.com/SsPasadena/status/1710054841291034843",,,,,,,,,,,
"Thu Oct 05 22:09:41 +0000 2023;1710054677583114414;""Bahlil Klaim Tak Ada Masalah di Pulau Rempang Walau Penolakan Terus Meluas #TempoNasional https://t.co/M8WMPd6Mle"";8;98;13;41;in;18129942;1710054677583114414;tempodotco;https://twitter.com/tempodotco/status/1710054677583114414",,,,,,,,,,,
"Thu Oct 05 22:07:44 +0000 2023;1710054189466869821;""Reaksi Melayu 5 Negara BP Batam", Bahlil Lahadalia Muhammad Rudi Pembohong," Status Pengelolaan Pulau Rempang! https://t.co/DVPCkUwJTR"";0;0;0;0;in;1636627729675337734;1710054189466869821;posaktualcom;https://twitter.com/posaktualcom/status/1710054189466869821",,,,,,,,,
"Thu Oct 05 22:05:37 +0000 2023;1710053654017736958;""@dwioktariyadi Lalu bagaimana solusi rempang ini  ?  Bagaimana Pancasila bisa menyelesaikan rempang ini"," tolong dijawab..."";0;2;0;3;in;1577895217977778176;1709852069937442830;Sutardi007;https://twitter.com/Sutardi007/status/1710053654017736958",,,,,,,,,,
"Thu Oct 05 22:04:00 +0000 2023;1710053248411828411;""Konflik terjadi pada proyek strategi nasional karena minimnya transparensi seperti rencana joint dengan pabrik gelas China di Rempang. Dulu perusahaan minyak dan tambang AS selalu transparan dengan rakyat setempat", bantu bangun rumah sakit," jalanan dll. https://t.co/HM0swkR2L1 https://t.co/cE9yHydFji"";0;0;0;0;in;1635358418562338819;1710053248411828411;GagahSamudra2;https://twitter.com/GagahSamudra2/status/1710053248411828411",,,,,,,,,
"Thu Oct 05 22:00:55 +0000 2023;1710052471152820642;""Semoga proyek yg diandaikan para pemikir kiri Arab setengah abad silam -meskipun belum matang- tdk hanya sebatas rangkaian seremonial reunian atas nama identitas Arab yg mesti berulang.   Andai saja kendeng", wadas," &amp  rempang mampu menghangatkan dinginnya bumi pertiwi. https://t.co/lVI6ZuFcTE"";0;0;0;2;in;1149840323939409920;1710052471152820642;Anwarsuar;https://twitter.com/Anwarsuar/status/1710052471152820642",,,,,,,,,
"Thu Oct 05 21:45:52 +0000 2023;1710048686183534958;""@VIVAcoid Setelah Rempang ke berikutnya nih mndalika... Dengan janji 2x manis 😀😀😀"";0;0;0;2;in;962338128;1709834197249163504;wieprie13a;https://twitter.com/wieprie13a/status/1710048686183534958",,,,,,,,,,,
"Thu Oct 05 21:45:50 +0000 2023;1710048676356161919;""Purworejo area:pemilu 2024",data masih terus ditelusur intensif,ada isue maraknya surat tanah ganda dan di jual pada cukong tanpa setahu pemilik.kasus seperti Rempang,Wadas,"dan lain daerah kemungkinan berawal dari ini."";0;0;0;0;in;1560870618081685505;1710048676356161919;Donisetiyawana1;https://twitter.com/Donisetiyawana1/status/1710048676356161919",,,,,,,
"Thu Oct 05 21:40:05 +0000 2023;1710047228939718845;""Bg warga IKN KONSESI LAHAN 190 th utk investor China itu ancaman sperti yg terjdi di Rempang", Krn blum tentu tanah mrk bersurat ," hukum tanah yg tak pasti n mafia tnah itu  ancaman. NJOP akan tinggi n rakyat gak kuat bayar lalu dijual. Org China akan dominasi Krn dibeking negara https://t.co/iv96xCW168"";0;0;0;1;in;1526964822507565056;1710047228939718845;LukmanSadega16;https://twitter.com/LukmanSadega16/status/1710047228939718845",,,,,,,,,
"Thu Oct 05 21:12:57 +0000 2023;1710040402404028515;""@MichelAdam7__ Emangnya terasa hasilnya ? Yg terasa oleh rakyat adalah beras mahal tapi petani tak menikmati", cari kerja susah  Jakarta, jelas terlihat hasil pembangunannya," semua kelompok agama difasilitasi  Buruh diperhatikan nasibnya  Pendemo diajak berunding tdk dikejar-kejar kayak Rempang"";0;0;0;0;in;1560912596710346753;1709381301923635399;namiraf1;https://twitter.com/namiraf1/status/1710040402404028515",,,,,,,,
"Thu Oct 05 21:02:05 +0000 2023;1710037667797495989;""Progres Relokasi Rempang Eco City"," 16 Warga Sudah Tempati Hunian Sementara  https://t.co/V1Nx3FnIJf"";0;0;0;0;in;454638631;1710037667797495989;KompasProperti;https://twitter.com/KompasProperti/status/1710037667797495989",,,,,,,,,,
"Thu Oct 05 20:44:51 +0000 2023;1710033331281346592;""@hekahert Sejarah #Rempang"";0;0;0;0;in;1426005693983649794;1709860147840029183;Laras_nia90;https://twitter.com/Laras_nia90/status/1710033331281346592",,,,,,,,,,,
"Thu Oct 05 20:43:39 +0000 2023;1710033030151393361;""@liputan6dotcom Jokowi janji swasembada pangan dan tolak impor. Realisasinya bohong. Yang dikerjakan malah yang nggak ada penting penting yang di janji kampanye nggak pernah ada seperti pulau rempang dan IKN baru."";0;0;1;1;in;1704144445648846848;1709803751069130916;Komentator_baik;https://twitter.com/Komentator_baik/status/1710033030151393361",,,,,,,,,,,
"Thu Oct 05 20:30:48 +0000 2023;1710029793931165794;""@tvOneNews Yg preman itu masyarakat Rempang apa Bahlil ? Cuma nanya ko !"";0;0;0;0;in;931713848247181312;1709343143609688394;sulaema89252948;https://twitter.com/sulaema89252948/status/1710029793931165794",,,,,,,,,,,
"Thu Oct 05 20:03:59 +0000 2023;1710023044478156867;""Amien Rais Datangi Kantor Polisi Jaminkan Diri Untuk Bebaskan Warga Rempang yang Ditangkap"," Kasatreskrim Tidak di Tempat https://t.co/9tlMSagxMW"";0;0;0;0;in;2728877828;1710023044478156867;DataRiau;https://twitter.com/DataRiau/status/1710023044478156867",,,,,,,,,,
"Thu Oct 05 19:56:54 +0000 2023;1710021263228645487;""@kopi_kretek @pakaipeci Tapi tindakan nyata dibutuhkan org rempang dari pada kaya elu yg modal bacot doank plus nyinyirin perjuangan org."";0;1;0;8;in;120681989;1709927990837342424;torqiu;https://twitter.com/torqiu/status/1710021263228645487",,,,,,,,,,,
"Thu Oct 05 19:51:21 +0000 2023;1710019866592453076;""@CNNIndonesia Mnang rezim dungu ini parah pak", kita terjajah secara ekonomi," Rempang terjajah secara kehidupan"";0;0;0;0;in;1358984771511087104;1709731552689590626;Gober79252798;https://twitter.com/Gober79252798/status/1710019866592453076",,,,,,,,,
"Thu Oct 05 19:12:46 +0000 2023;1710010157873418392;""@nopenotamused That's why they invade Indonesia through their Xinyi in Rempang"," Batam 😭😭😭 @TonySoFla"";0;0;0;2;en;465356974;1709999638667788573;aditya_ptr97;https://twitter.com/aditya_ptr97/status/1710010157873418392",,,,,,,,,,
"Thu Oct 05 18:59:10 +0000 2023;1710006735539413215;""@islah_bahrawi Islah badrowi",,,Jualan radikal radikul tapi dukung kelompok maling.. Bagaimana rumah dan kampung di jadi PSN," UNTUK Pindahkan PSN DI REMPANG  BIAR TDK TERJADI PITING ATAU BULDOSER Masyarakat REMPANG. https://t.co/NP1UZmZqBV"";0;0;0;1;in;1542387203200151552;1709915586946589058;man_zuhar;https://twitter.com/man_zuhar/status/1710006735539413215",,,,,,,
"Thu Oct 05 18:56:09 +0000 2023;1710005975300939782;""Bantu Warga"," Babinsa Koramil 12/Rembang Padamkan Kebakaran Lahan Kosong https://t.co/ytS8yoXR5z"";0;0;0;0;in;1685967309809348610;1710005975300939782;JonoMpgi94244;https://twitter.com/JonoMpgi94244/status/1710005975300939782",,,,,,,,,,
"Thu Oct 05 18:40:01 +0000 2023;1710001916049264810;""@msobri99 Sok cinta tanah air kau....warga rempang diusir dari kampungnya sendiri demi investor cina...kau diam aja tu.......NKRI yg seperti apa yg kau cintai??????"";0;0;0;0;in;1605189327533002752;1709857166889545901;Didit3Ahmadi;https://twitter.com/Didit3Ahmadi/status/1710001916049264810",,,,,,,,,,,
"Thu Oct 05 18:33:39 +0000 2023;1710000312680133040;""@MprAldo Rempang ms nangis"," menhan dah ikut pemilu"";0;0;0;1;in;621287495;1709993846921408728;Knowyourenemyz;https://twitter.com/Knowyourenemyz/status/1710000312680133040",,,,,,,,,,
"Thu Oct 05 18:10:30 +0000 2023;1709994486724730924;""@yyuuccaaa hai sasa anak rembang"";0;1;0;0;in;1294954483718340609;1709991955147690392;handballspezial;https://twitter.com/handballspezial/status/1709994486724730924",,,,,,,,,,,
"Thu Oct 05 17:40:00 +0000 2023;1709986810183491899;""Kehebohan melanda Desa Pamotan", Kecamatan Pamotan, Rembang, Jawa Tengah," setelah adanya insiden sumur bor yang mengeluarkan semburan gas dan bahkan percikan api ketika terkena korek api.  #Rambang #JawaTengah   https://t.co/5H2LK80rdd"";0;0;0;0;in;902837643024539651;1709986810183491899;medcom_id;https://twitter.com/medcom_id/status/1709986810183491899",,,,,,,
"Thu Oct 05 17:32:42 +0000 2023;1709984974202671253;""@ganjarpranowo Salam dari wadas dan rempang"";0;0;0;0;in;3365521820;1709386148148347227;yd_silalahi;https://twitter.com/yd_silalahi/status/1709984974202671253",,,,,,,,,,,
"Thu Oct 05 17:18:16 +0000 2023;1709981341713039700;""@susipudjiastuti @jokowi Mau bikin pabrik di rempang aja kena demo", emang udah benar tuh impor,  kalo lobster baru lah kita ekspor,"  orang indonesia cukup udang aja"";0;0;0;0;in;4066585873;1709798005027774670;iya123456743;https://twitter.com/iya123456743/status/1709981341713039700",,,,,,,,
"Thu Oct 05 17:01:57 +0000 2023;1709977235078451500;""#AniesMuhaimin2024 Rempang"";0;0;0;0;in;1670070721186529280;1709977235078451500;joko_ngiboel;https://twitter.com/joko_ngiboel/status/1709977235078451500",,,,,,,,,,,
"Thu Oct 05 17:00:21 +0000 2023;1709976832655884711;""#AniesMuhaimin2024 Rempang"";0;0;0;0;in;1670070721186529280;1709976832655884711;joko_ngiboel;https://twitter.com/joko_ngiboel/status/1709976832655884711",,,,,,,,,,,
"Thu Oct 05 17:00:05 +0000 2023;1709976765081452950;""Jng kejebak issue ini.. Kasian jessica ngga perlu ada ini kasus...  tW tolol  Kalau punya kasus"," yg suruh kerja gerakan satgassus samboCs..  Mau tutup reklamasi...et tidak bisa Sekaran mau tutup rempang..   Gila lu...  #tangkapmafiarempang"";0;0;0;0;in;1670241640735473664;1709976765081452950;SatuhatiKopi;https://twitter.com/SatuhatiKopi/status/1709976765081452950",,,,,,,,,,
"Thu Oct 05 17:00:02 +0000 2023;1709976754901876826;""#AniesMuhaimin2024 Rempang"";0;0;0;0;in;1670070721186529280;1709976754901876826;joko_ngiboel;https://twitter.com/joko_ngiboel/status/1709976754901876826",,,,,,,,,,,
"Thu Oct 05 16:59:27 +0000 2023;1709976606415126974;""#AniesMuhaimin2024 Rempang"";0;0;0;0;in;1670070721186529280;1709976606415126974;joko_ngiboel;https://twitter.com/joko_ngiboel/status/1709976606415126974",,,,,,,,,,,
"Thu Oct 05 16:58:24 +0000 2023;1709976343168024802;""#AniesMuhaimin2024 Rempang"";0;0;0;0;in;1670070721186529280;1709976343168024802;joko_ngiboel;https://twitter.com/joko_ngiboel/status/1709976343168024802",,,,,,,,,,,
"Thu Oct 05 16:58:11 +0000 2023;1709976289250247016;""@democrazymedia Emang Bener kt bung.@RG",B..T*,otaknya dikasihkan siapa negara dijual sampe 2abad? Rakyat di RI JADI BUDAK DINEGRI KITA SENDIRI.. La terus slogannya NKRI HARGA MATI utk apa? Klo smw kekaya'an dikasihkan china... Begini berarti sdh tdk mampu jd presiden," belum lg so'al rempang"";0;0;0;0;in;1607359469318725633;1709795552203096261;LuckyLudjaina;https://twitter.com/LuckyLudjaina/status/1709976289250247016",,,,,,,,
"Thu Oct 05 16:57:55 +0000 2023;1709976219230535905;""#AniesMuhaimin2024 Rempang"";0;0;0;0;in;1670070721186529280;1709976219230535905;joko_ngiboel;https://twitter.com/joko_ngiboel/status/1709976219230535905",,,,,,,,,,,
"Thu Oct 05 16:56:50 +0000 2023;1709975947364139361;""#AniesMuhaimin2024 Rempang"";0;0;0;0;in;1670070721186529280;1709975947364139361;joko_ngiboel;https://twitter.com/joko_ngiboel/status/1709975947364139361",,,,,,,,,,,
"Thu Oct 05 16:53:07 +0000 2023;1709975014202834955;""#AniesMuhaimin2024 Rempang"";0;0;0;0;in;1670070721186529280;1709975014202834955;joko_ngiboel;https://twitter.com/joko_ngiboel/status/1709975014202834955",,,,,,,,,,,
"Thu Oct 05 16:51:54 +0000 2023;1709974707162984647;""@Su3mul @afriadi14 @Resty_J_Cayah @KPK_RI @limpo @NasDem bentar yg dari awal dulu", pertama jakarta gagal, ikn ketar ketir, rempang jadi solusi 1," kira kira dimana lagih nih?"";0;0;0;0;in;2690036156;1709894292574241099;ruswandi_nandi;https://twitter.com/ruswandi_nandi/status/1709974707162984647",,,,,,,
"Thu Oct 05 16:48:17 +0000 2023;1709973795904373208;""#AniesMuhaimin2024 Rempang"";0;0;0;0;in;1670070721186529280;1709973795904373208;joko_ngiboel;https://twitter.com/joko_ngiboel/status/1709973795904373208",,,,,,,,,,,
"Thu Oct 05 16:47:08 +0000 2023;1709973508661588290;""#AniesMuhaimin2024 Rempang"";0;0;0;0;in;1670070721186529280;1709973508661588290;joko_ngiboel;https://twitter.com/joko_ngiboel/status/1709973508661588290",,,,,,,,,,,
"Thu Oct 05 16:46:05 +0000 2023;1709973243610959922;""Hak Pengelolaan Lahan Pulau Rempang dan Galang Dikuasai BP Batam https://t.co/YqTTWaT0ti"";0;0;0;0;in;454638631;1709973243610959922;KompasProperti;https://twitter.com/KompasProperti/status/1709973243610959922",,,,,,,,,,,
"Thu Oct 05 16:45:59 +0000 2023;1709973219158204428;""💯 PREDIKSI TOGEL BOCORAN BULLSEYE💯  ⏲️ JUMAT"," 06 OKTOBER 2023 ⏲️ 📍 JAM RESULT : 12.15 WIB 📍 . . Femmy Fyber Jorji investasi rempang #SebentarLagi2024 https://t.co/fozlHGwzp8"";0;0;0;0;in;1700806901649518592;1709973219158204428;Playslot77_;https://twitter.com/Playslot77_/status/1709973219158204428",,,,,,,,,,
"Thu Oct 05 16:45:54 +0000 2023;1709973195951157474;""#AniesMuhaimin2024 Rempang"";0;0;0;0;in;1670070721186529280;1709973195951157474;joko_ngiboel;https://twitter.com/joko_ngiboel/status/1709973195951157474",,,,,,,,,,,
"Thu Oct 05 16:44:59 +0000 2023;1709972966694621657;""#AniesMuhaimin2024 Rempang"";0;0;1;1;in;1670070721186529280;1709972966694621657;joko_ngiboel;https://twitter.com/joko_ngiboel/status/1709972966694621657",,,,,,,,,,,
"Thu Oct 05 16:43:48 +0000 2023;1709972668957769803;""@Positvevbs Demak-kudus-muria-pati-rembang-blora kak."";0;0;0;0;in;1174198196307972098;1709859284375466359;mar_ulfaaa;https://twitter.com/mar_ulfaaa/status/1709972668957769803",,,,,,,,,,,
"Thu Oct 05 16:43:14 +0000 2023;1709972524828917917;""#AniesMuhaimin2024 Rempang"";0;0;0;0;in;1670070721186529280;1709972524828917917;joko_ngiboel;https://twitter.com/joko_ngiboel/status/1709972524828917917",,,,,,,,,,,
"Thu Oct 05 16:42:54 +0000 2023;1709972440233955834;""#AniesMuhaimin2024 Rempang"";0;0;0;0;in;1670070721186529280;1709972440233955834;joko_ngiboel;https://twitter.com/joko_ngiboel/status/1709972440233955834",,,,,,,,,,,
"Thu Oct 05 16:42:40 +0000 2023;1709972382214197440;""Kerja..kerja..kerja..!!! Jual..jual..jual..!!! #KerjaNyaJualNegara ----------------------------------- Sebelum kasus di pulau Rempang.. masyarakat di pulau Komodo &amp  Labuan Bajo sdh lebih dulu mengalami kasus yg sama.. tp tidak diviralkan di media2. https://t.co/viAsvDc3qu"";0;0;0;1;in;1239969035057385475;1709972382214197440;RudiNas12074007;https://twitter.com/RudiNas12074007/status/1709972382214197440",,,,,,,,,,,
"Thu Oct 05 16:41:04 +0000 2023;1709971981964333326;""#AniesMuhaimin2024 Rempang"";0;0;0;1;in;1670070721186529280;1709971981964333326;joko_ngiboel;https://twitter.com/joko_ngiboel/status/1709971981964333326",,,,,,,,,,,
"Thu Oct 05 16:40:46 +0000 2023;1709971906492043710;""@never_alonely bukan rempang sis", itu di sampali, deliserdang sumatra utara. tetangga tuh yg pake jaket biru. NUSA DUA PROPERTI, anak usaha dari PTPN 2," kerjasama dengan perusahaan CIPUTRA. proyek DELI MEGAPOLITAN. dikita kan biasa jumpa londo ireng. 🙏🙂🙂🙂"";0;0;1;5;in;4766450011;1709706229399081297;g4suk4_pinokio;https://twitter.com/g4suk4_pinokio/status/1709971906492043710",,,,,,,
"Thu Oct 05 16:37:49 +0000 2023;1709971164301500872;""Ngaco! Gk ada hubungannya Rempang sama organisasi manapun! Khilafah"," radikal "" bacot !"" Yg TDK manusiawi tu investor ! Maksa pejabat menjajah negeri Melayu", gak ada pemberontakan yg trjadi dari organisasi Islam kpd pemerintah," yg ada pemberontakan PKI ! Pemberontakan Pancasila !"";0;1;0;1;in;1092958177;1709971164301500872;pandandjati;https://twitter.com/pandandjati/status/1709971164301500872",,,,,,,,
"Thu Oct 05 16:35:29 +0000 2023;1709970576629203409;""#AniesMuhaimin2024 Rempang"";0;0;0;0;in;1670070721186529280;1709970576629203409;joko_ngiboel;https://twitter.com/joko_ngiboel/status/1709970576629203409",,,,,,,,,,,
"Thu Oct 05 16:34:52 +0000 2023;1709970418764022220;""@Been4Q59 Woi @bahlillahadalia bahlul...tolong sudahi omong kosong anda soal Rempang"";0;0;0;0;in;1513469864798986240;1709923634314432549;Faraz_kepri;https://twitter.com/Faraz_kepri/status/1709970418764022220",,,,,,,,,,,
"Thu Oct 05 16:34:48 +0000 2023;1709970404297883747;""#AniesMuhaimin2024 Rempang"";0;0;0;0;in;1670070721186529280;1709970404297883747;joko_ngiboel;https://twitter.com/joko_ngiboel/status/1709970404297883747",,,,,,,,,,,
"Thu Oct 05 16:34:13 +0000 2023;1709970256175997089;""#AniesMuhaimin2024 Rempang"";0;0;0;0;in;1670070721186529280;1709970256175997089;joko_ngiboel;https://twitter.com/joko_ngiboel/status/1709970256175997089",,,,,,,,,,,
"Thu Oct 05 16:34:07 +0000 2023;1709970230636871869;""Investasi Rempang https://t.co/JhbP3XtKLi  #BahlilGercep"";0;0;0;0;in;1576368578248384512;1709970230636871869;irawati_gurning;https://twitter.com/irawati_gurning/status/1709970230636871869",,,,,,,,,,,
"Thu Oct 05 16:33:06 +0000 2023;1709969977024110883;""#AniesMuhaimin2024 Rempang"";0;0;0;0;in;1670070721186529280;1709969977024110883;joko_ngiboel;https://twitter.com/joko_ngiboel/status/1709969977024110883",,,,,,,,,,,
"Thu Oct 05 16:32:29 +0000 2023;1709969818504556997;""#AniesMuhaimin2024 Rempang"";0;0;0;0;in;1670070721186529280;1709969818504556997;joko_ngiboel;https://twitter.com/joko_ngiboel/status/1709969818504556997",,,,,,,,,,,
"Thu Oct 05 16:31:48 +0000 2023;1709969648878506383;""#AniesMuhaimin2024 Rempang"";0;0;0;0;in;1670070721186529280;1709969648878506383;joko_ngiboel;https://twitter.com/joko_ngiboel/status/1709969648878506383",,,,,,,,,,,
"Thu Oct 05 16:30:53 +0000 2023;1709969415520059771;""#AniesMuhaimin2024 Rempang"";0;0;0;0;in;1670070721186529280;1709969415520059771;joko_ngiboel;https://twitter.com/joko_ngiboel/status/1709969415520059771",,,,,,,,,,,
"Thu Oct 05 16:29:02 +0000 2023;1709968952305270826;""#AniesMuhaimin2024 Rempang"";0;0;0;0;in;1670070721186529280;1709968952305270826;joko_ngiboel;https://twitter.com/joko_ngiboel/status/1709968952305270826",,,,,,,,,,,
"Thu Oct 05 16:28:28 +0000 2023;1709968808058974563;""#AniesMuhaimin2024 Rempang"";0;0;0;0;in;1670070721186529280;1709968808058974563;joko_ngiboel;https://twitter.com/joko_ngiboel/status/1709968808058974563",,,,,,,,,,,
"Thu Oct 05 16:27:44 +0000 2023;1709968626932179046;""@jokowi STOP INVESTASI BODONG DI REMPANG"";0;0;0;0;in;64605516;1709912852688224333;iwalanwar;https://twitter.com/iwalanwar/status/1709968626932179046",,,,,,,,,,,
"Thu Oct 05 16:27:13 +0000 2023;1709968492769014099;""#AniesMuhaimin2024 Rempang"";0;0;0;0;in;1670070721186529280;1709968492769014099;joko_ngiboel;https://twitter.com/joko_ngiboel/status/1709968492769014099",,,,,,,,,,,
"Thu Oct 05 16:26:40 +0000 2023;1709968356005302667;""#AniesMuhaimin2024 Rempang"";0;0;0;0;in;1670070721186529280;1709968356005302667;joko_ngiboel;https://twitter.com/joko_ngiboel/status/1709968356005302667",,,,,,,,,,,
"Thu Oct 05 16:26:06 +0000 2023;1709968214032302226;""#AniesMuhaimin2024 Rempang"";0;0;0;0;in;1670070721186529280;1709968214032302226;joko_ngiboel;https://twitter.com/joko_ngiboel/status/1709968214032302226",,,,,,,,,,,
"Thu Oct 05 16:25:08 +0000 2023;1709967972520104430;""#AniesMuhaimin2024 Rempang"";0;0;0;0;in;1670070721186529280;1709967972520104430;joko_ngiboel;https://twitter.com/joko_ngiboel/status/1709967972520104430",,,,,,,,,,,
"Thu Oct 05 16:24:21 +0000 2023;1709967774997713016;""#AniesMuhaimin2024 Rempang"";0;0;0;0;in;1670070721186529280;1709967774997713016;joko_ngiboel;https://twitter.com/joko_ngiboel/status/1709967774997713016",,,,,,,,,,,
"Thu Oct 05 16:17:54 +0000 2023;1709966151990833654;""Amien Rais dan Ketum Partai Ummat Jaminkan Diri untuk Pembebasan Warga Rempang https://t.co/cmCj2pONJV"";0;0;0;0;in;1225432911899324419;1709966151990833654;RepelitaO;https://twitter.com/RepelitaO/status/1709966151990833654",,,,,,,,,,,
"Thu Oct 05 16:17:07 +0000 2023;1709965955038876058;""Rempang apa kabar"";0;0;0;0;in;550042532;1709965955038876058;mklrz;https://twitter.com/mklrz/status/1709965955038876058",,,,,,,,,,,
"Thu Oct 05 16:10:49 +0000 2023;1709964369155788918;""@tvOneNews Justice for Rempang"";0;0;0;0;en;490417289;1709343143609688394;arescience;https://twitter.com/arescience/status/1709964369155788918",,,,,,,,,,,
"Thu Oct 05 16:10:23 +0000 2023;1709964258363257225;""@dwioktariyadi Jadi Anda SETUJU meskipun belum ada Amdal", warga sudah dipaksa digeser? Anda SETUJU cara2 aparat dalam menggeser warga rempang kemarin," seperti menembakkan gas air mata kemana2 termasuk ke sekolah? Coba jawab dg tegas dalam tempo sesingkat-singkatnya."";0;0;0;0;in;303620172;1709852069937442830;Radjahoki_pro;https://twitter.com/Radjahoki_pro/status/1709964258363257225",,,,,,,,,
"Thu Oct 05 16:06:06 +0000 2023;1709963179869266353;""@strike_bravo_b Kalo @aniesbaswedan narasinya kuat dan citranya bagus", biarpun sendirian tetap menang. Contohnya SBY. Tapi Anies ga punya narasi yg jelas dan tegas. Tentang korupsi, IKN, kereta cepat," pulau Rempang bahasanya muter2 ga jelas. Coba declare PERPPU perampasan aset koruptor misalnya."";0;0;0;0;in;1618016214768578560;1709950803518394565;HH__ONE;https://twitter.com/HH__ONE/status/1709963179869266353",,,,,,,
"Thu Oct 05 16:03:34 +0000 2023;1709962542901284871;""#AniesMuhaimin2024 Rempang"";0;0;0;0;in;1670070721186529280;1709962542901284871;joko_ngiboel;https://twitter.com/joko_ngiboel/status/1709962542901284871",,,,,,,,,,,
"Thu Oct 05 16:02:54 +0000 2023;1709962375754068140;""@DokterTifa warga rempang &amp  banyak lagi wilayah lain yg lebih nyata merasakan di jajah."";0;0;0;0;in;61291893;1709875612297682993;hepihost;https://twitter.com/hepihost/status/1709962375754068140",,,,,,,,,,,
"Thu Oct 05 16:02:24 +0000 2023;1709962250495340835;""#AniesMuhaimin2024 Rempang"";0;0;0;0;in;1670070721186529280;1709962250495340835;joko_ngiboel;https://twitter.com/joko_ngiboel/status/1709962250495340835",,,,,,,,,,,
"Thu Oct 05 16:02:02 +0000 2023;1709962156664668369;""#AniesMuhaimin2024 Rempang"";0;0;0;0;in;1670070721186529280;1709962156664668369;joko_ngiboel;https://twitter.com/joko_ngiboel/status/1709962156664668369",,,,,,,,,,,
"Thu Oct 05 15:57:42 +0000 2023;1709961067005403531;""@musniumar Ya bedalah. Rkyt Rempang klo diusir", mau tinggal dimana? Rumah nggak pny. Klo yg onoh," tinggal di Alaska jg bisa. Duitnya segunung gak abis2. Klo bikin perbandingan tuh apple to apple. Jgn duku lu bandingin ama duren"";0;0;0;0;in;1043349623153127425;1709899381053530232;basava2019;https://twitter.com/basava2019/status/1709961067005403531",,,,,,,,,
"Thu Oct 05 15:52:35 +0000 2023;1709959779156897926;""Rempang itu Melayu "," Melayu 100% Islam. Rempang batas merah umat Islam."";0;0;0;0;in;1674087072255156228;1709959779156897926;rahmansyah_Ab;https://twitter.com/rahmansyah_Ab/status/1709959779156897926",,,,,,,,,,
"Thu Oct 05 15:50:33 +0000 2023;1709959266596172048;""Hati-Hati"," kelompok pengasong khilafah! ❌  #khilafah #Rempang #WorldTeachersDay #tolakradikalisme https://t.co/dB5p0oBo8D"";0;0;0;0;in;1519295302804860928;1709959266596172048;Malukutoleransi;https://twitter.com/Malukutoleransi/status/1709959266596172048",,,,,,,,,,
"Thu Oct 05 15:48:41 +0000 2023;1709958796460867662;""@spectatorindex As long Indonesia led by Jokowi who can not speak English:  Corrupt Ministers. Trapped by China's debt. Political dinasty. Human Right Violation", ex: Rempang, Kanjuruhan," etc. Fuckin Omnibus Law. Increased prices and taxes. Importer nation. Communism's pride. ESEMKA stealth car."";0;1;0;0;en;90758945;1709855953179340862;NamungAbdiGusti;https://twitter.com/NamungAbdiGusti/status/1709958796460867662",,,,,,,,
"Thu Oct 05 15:46:36 +0000 2023;1709958272118321651;""@bianca01403 Tambahin fotonya dong buat data warga #Rempang"";0;0;0;2;in;1471889468562886657;1709752276632670471;ada_pohan;https://twitter.com/ada_pohan/status/1709958272118321651",,,,,,,,,,,
"Thu Oct 05 15:41:53 +0000 2023;1709957087491723355;""Sangat tidak manusiawi"," kelompok pengasong khilafah memanfaatkan Momen kemanusiaan ❌🤚  #khilafah #Rempang #tolakradikalisme #BobiWineReturns https://t.co/1p9uMEsEzD"";1;0;0;0;in;1519295302804860928;1709957087491723355;Malukutoleransi;https://twitter.com/Malukutoleransi/status/1709957087491723355",,,,,,,,,,
"Thu Oct 05 15:41:44 +0000 2023;1709957049118060655;""@Naz_lira Bikin stiker dimobil2 photo anies anti suap",  anti oigarki, anti penjajahan, pendukung rempang," lanjutkan sembako mahal atau perubahan dll"";0;0;0;0;in;1338000307708592128;1709723805600415994;arul36959138;https://twitter.com/arul36959138/status/1709957049118060655",,,,,,,
"Thu Oct 05 15:41:15 +0000 2023;1709956928003244526;""@Naz_lira Bikin stiker dimobil2 photo anies anti suap",  anti oigarki, anti penjajahan, pendukung rempang," lanjutkan sembako mahal atau perubahan"";0;0;0;0;in;1338000307708592128;1709723805600415994;arul36959138;https://twitter.com/arul36959138/status/1709956928003244526",,,,,,,
"Thu Oct 05 15:37:42 +0000 2023;1709956033156956657;""Jangan termakan kampanye 'khilafah adalah solusi!'  #khilafah #rempang #habibsyakuralimahdi #LeoTrailerDay https://t.co/wcIpUZ9DVW"";0;0;0;0;in;1519295302804860928;1709956033156956657;Malukutoleransi;https://twitter.com/Malukutoleransi/status/1709956033156956657",,,,,,,,,,,
"Thu Oct 05 15:32:45 +0000 2023;1709954788157440087;""Hati-Hati agenda politik pendukung khilafah 🤚!  #khilafah #Rempang #tolakradikalisme #thursdayvibes https://t.co/6xxM2cRqqL"";0;0;1;1;in;1519295302804860928;1709954788157440087;Malukutoleransi;https://twitter.com/Malukutoleransi/status/1709954788157440087",,,,,,,,,,,
"Thu Oct 05 15:30:54 +0000 2023;1709954323612860476;""Indonesians resist eviction for China-backed project in #Rempang  https://t.co/1dTGULyC0K"";0;0;0;1;en;158162219;1709954323612860476;arwidodo;https://twitter.com/arwidodo/status/1709954323612860476",,,,,,,,,,,
"Thu Oct 05 15:31:35 +0000 2023;1709954495806087170;""Xinyi Glass Holding's share price continues to decline", after fraudulent investments by local government officials @bpbatam on Rempang Island," Batam #stockmarketcrash #StockMarket #SaveRempang   https://t.co/qMsrx8TAmv https://t.co/63EzRu3BfA"";0;0;0;0;en;3861172093;1709954495806087170;elditweet;https://twitter.com/elditweet/status/1709954495806087170",,,,,,,,,
"Thu Oct 05 15:32:43 +0000 2023;1709954777684046256;""Indonesian villagers vow to resist Chinese-funded project"," fearing ‘cultural genocide’ on #Rempang Island https://t.co/PmZN7W6gTz via @scmpnews"";0;0;3;6;en;158162219;1709954777684046256;arwidodo;https://twitter.com/arwidodo/status/1709954777684046256",,,,,,,,,,
"Thu Oct 05 15:30:16 +0000 2023;1709954164787425765;""@6undul0h Ahli piting sedang bergembira dlm jabatannya...tariiiiik mang"," lupakan Rempang.."";0;0;0;0;in;1584870649910407168;1709924262663065972;riverflo_well;https://twitter.com/riverflo_well/status/1709954164787425765",,,,,,,,,,
"Thu Oct 05 15:21:35 +0000 2023;1709951976149246280;""Bandung ko rasa rembang gini ya"," panas bgt ( padahal baru beres mandi 10menit lalu"";0;1;0;0;in;549751100;1709951976149246280;mitadwiutami;https://twitter.com/mitadwiutami/status/1709951976149246280",,,,,,,,,,
"Thu Oct 05 15:16:20 +0000 2023;1709950657971781889;""@jokowi Semoga  termasuk  Rempang  segera  diselesaikan  secara  manusiawi  bapak  Presiden 🙏🙏"";0;0;0;1;in;2289167562;1709912852688224333;prayitno_herman;https://twitter.com/prayitno_herman/status/1709950657971781889",,,,,,,,,,,
"Thu Oct 05 15:12:47 +0000 2023;1709949764425654549;""#Sobatair", PDAM Surya Sembada Kota Surabaya memperingati Maulid Nabi Muhammad SAW 1445 H di Masjid Al-Amin PDAM Surya Sembada (4/10).   Acara ini turut mengundang Lora Ismael Al-Kholilie (Cucu Syaikhona Kholil - Alumni Darul Mustofa, Tarim dan Al Anwar, Rembang," https://t.co/YNRakOYCRo"";0;1;0;1;in;316901513;1709949764425654549;PDAMSurabaya;https://twitter.com/PDAMSurabaya/status/1709949764425654549",,,,,,,
"Thu Oct 05 15:08:59 +0000 2023;1709948808258617606;""Hati-Hati", konflik agraria terjadi di Pulau Rempang," tersirat agenda politik mereka mendirikan negara khilafah ❌   #rempang #khilafah #tolakradikalisme https://t.co/K4EUcO0FUu"";0;0;0;0;in;1519295302804860928;1709948808258617606;Malukutoleransi;https://twitter.com/Malukutoleransi/status/1709948808258617606",,,,,,,,,
"Thu Oct 05 15:08:21 +0000 2023;1709948647608345048;""@KompasTV Mau bikin pabrik aja di demo orang orang luar rempang"," payah"";0;1;0;0;in;4066585873;1709795707610448312;iya123456743;https://twitter.com/iya123456743/status/1709948647608345048",,,,,,,,,,
"Thu Oct 05 15:02:20 +0000 2023;1709947131849793683;""# REMPANG"";0;0;0;0;in;1491752361471066113;1709947131849793683;MelayuLawyers;https://twitter.com/MelayuLawyers/status/1709947131849793683",,,,,,,,,,,
"Thu Oct 05 14:57:41 +0000 2023;1709945961072775649;""@RidhoRahmadi85 @realAmienRais Terima kasih pak @realAmienRais atas perhatiannya memperjuangkan rakyat rempang dari penjajah aseng...terharu saiya.... 😭😭😭  @KomnasPerempuan  @KomnasHAM  @YLBHI"";0;0;0;0;in;400101619;1709863973737381961;tama_hype;https://twitter.com/tama_hype/status/1709945961072775649",,,,,,,,,,,
"Thu Oct 05 14:51:21 +0000 2023;1709944367933456597;""Demo bela Rempang di Surabaya dan dimana pun beradab hanyalah kedok untuk menunjukan eksistensi HT", FPI, JAT," JAD yg mengkampanyekan khilafah ❌  @PNIB_Official #ARwaluyowasisnugroho #khilafah #rempang https://t.co/iqGsDXhFWD"";0;0;0;1;in;1519295302804860928;1709944367933456597;Malukutoleransi;https://twitter.com/Malukutoleransi/status/1709944367933456597",,,,,,,,
"Thu Oct 05 14:44:29 +0000 2023;1709942639347527990;""@ganjarpranowo Bpk coba datang ke rempang klo brani"," pasti buanyak yg nolak pk"";0;0;0;0;in;834105575822594048;1709386148148347227;Mohd_F_Aqrabi;https://twitter.com/Mohd_F_Aqrabi/status/1709942639347527990",,,,,,,,,,
"Thu Oct 05 14:39:06 +0000 2023;1709941285476520172;""Reaksi Melayu 5 Negara BP Batam", Bahlil Lahadalia Muhammad Rudi Pembohong," Status Pengelolaan Pulau Rempang ! @jokowi @mohmahfudmd Lpmhttps://www.dio-tv.com/news/50410385452/reaksi-melayu-5-negara-bp-batam-bahlil-lahadalia-muhammad-rudi-pembohong-status-pengelolaan-pulau-rempang"";0;0;0;1;in;1295445805218717696;1709941285476520172;pekasawitnas;https://twitter.com/pekasawitnas/status/1709941285476520172",,,,,,,,,
"Thu Oct 05 14:37:12 +0000 2023;1709940808642965821;""Selamat kan Rempang dan Galang! https://t.co/ljzf6bsC5O"";0;0;0;0;in;3054820975;1709940808642965821;pitung_zorro;https://twitter.com/pitung_zorro/status/1709940808642965821",,,,,,,,,,,
"Thu Oct 05 14:35:39 +0000 2023;1709940417477988493;""@ganjarpranowo Bener2 Politik identitas Bangs*t @PDI_Perjuangan kalian teriak2 Politik identitas ke orang lain", kalian teriak2 jangan sogok rakyat dengan blt tapi kalian lakukan, kalian teriak2 NKRI tapi rakyat rempang dll di geser," kalian teriak SAYA PANCASILA jgn2 ???? 🤔🤔"";0;0;0;0;in;1371230967998738436;1709866971138073002;Pembasmirasis;https://twitter.com/Pembasmirasis/status/1709940417477988493",,,,,,,,
"Thu Oct 05 14:34:35 +0000 2023;1709940150246228367;""Negara Keliru Urus Rempang: Rakyat dan Investor Sama Merugi https://t.co/eSEOobG4yM"";0;0;0;1;in;567966875;1709940150246228367;lawjusticeco;https://twitter.com/lawjusticeco/status/1709940150246228367",,,,,,,,,,,
"Thu Oct 05 14:29:57 +0000 2023;1709938984158367753;""@hmtly paket b &amp  rembang (jateng)"";0;0;0;0;in;1296056920126627840;1709858742643368430;fromseungmin;https://twitter.com/fromseungmin/status/1709938984158367753",,,,,,,,,,,
"Thu Oct 05 14:29:13 +0000 2023;1709938799692984760;""@erickthohir Modus trus",Rempang gimana Erick,JD bgun Eko city,proyek jln kn,"walaupun hak rakyat d rampas"";0;0;0;0;in;1523527585665552385;1709437822263038028;MMedialurus;https://twitter.com/MMedialurus/status/1709938799692984760",,,,,,,
"Thu Oct 05 14:27:40 +0000 2023;1709938408414761294;""@rmol_id Disini pada ributin soal rempang"," padahal disana Rakyat Rempang udah rembukan dan menystakan setuju bulad untuk dipindahkan."";0;0;0;0;in;1693832508130131968;1708837185653547418;ExaExa314613;https://twitter.com/ExaExa314613/status/1709938408414761294",,,,,,,,,,
"Thu Oct 05 14:21:37 +0000 2023;1709936886368903357;""@MuhammadHa63515 @RidhoRahmadi85 Aamiin 🤲🤲🤲 masih ada tokoh yang peduli terhadap nasib saudaranya di rempang"";0;0;0;1;in;1572549740826398720;1709863973737381961;17Mardiyansyah;https://twitter.com/17Mardiyansyah/status/1709936886368903357",,,,,,,,,,,
"Thu Oct 05 14:20:45 +0000 2023;1709936669049459172;""#AniesMuhaimin2024 Rempang"";0;0;2;8;in;1670070721186529280;1709936669049459172;joko_ngiboel;https://twitter.com/joko_ngiboel/status/1709936669049459172",,,,,,,,,,,
"Thu Oct 05 14:19:44 +0000 2023;1709936412240572541;""Si Boss Klab Malem ini punya koneksi ke yg Kasus Rempang. Ya gmn sih", tau ah pusing... Kemenporanya aja berkasus," mau ngarepin apa ?"";0;0;0;0;in;131837905;1709936412240572541;JudeWikrama;https://twitter.com/JudeWikrama/status/1709936412240572541",,,,,,,,,
"Thu Oct 05 14:19:35 +0000 2023;1709936373707542961;""#AniesMuhaimin2024 Rempang"";0;0;0;1;in;1670070721186529280;1709936373707542961;joko_ngiboel;https://twitter.com/joko_ngiboel/status/1709936373707542961",,,,,,,,,,,
"Thu Oct 05 14:18:38 +0000 2023;1709936136091758927;""#AniesMuhaimin2024 Rempang"";0;0;0;0;in;1670070721186529280;1709936136091758927;joko_ngiboel;https://twitter.com/joko_ngiboel/status/1709936136091758927",,,,,,,,,,,
"Thu Oct 05 14:17:37 +0000 2023;1709935881581437401;""#AniesMuhaimin2024 Rempang"";0;0;0;0;in;1670070721186529280;1709935881581437401;joko_ngiboel;https://twitter.com/joko_ngiboel/status/1709935881581437401",,,,,,,,,,,
"Thu Oct 05 14:17:09 +0000 2023;1709935762547019828;""#AniesMuhaimin2024 Rempang"";0;0;0;0;in;1670070721186529280;1709935762547019828;joko_ngiboel;https://twitter.com/joko_ngiboel/status/1709935762547019828",,,,,,,,,,,
"Thu Oct 05 14:13:09 +0000 2023;1709934754211172715;""🔥MAHFUD MD KABUR DI DATANGI PERWAKILAN AKSI BELA REMPANG❗❗ https://t.co/bTW8ysRBZR"";0;0;0;0;in;1640548888515084288;1709934754211172715;1453Ricky72301;https://twitter.com/1453Ricky72301/status/1709934754211172715",,,,,,,,,,,
"Thu Oct 05 14:11:54 +0000 2023;1709934441043497014;""#AniesMuhaimin2024 Rempang"";0;0;0;0;in;1670070721186529280;1709934441043497014;joko_ngiboel;https://twitter.com/joko_ngiboel/status/1709934441043497014",,,,,,,,,,,
"Thu Oct 05 14:11:28 +0000 2023;1709934332440433093;""@IND0_Update @bkpm @DPR_RI @narasitv DPR memberikan apresiasi tinggi kepada Pak Bahlil yang dengan bijaksana menangani konflik di Rempang melalui pendekatan satset dan komunikasi yang santun. Investasi Rempang #BahlilGercep"";0;0;0;0;in;1641964802527617027;1709849659068547158;lumpiarebung1;https://twitter.com/lumpiarebung1/status/1709934332440433093",,,,,,,,,,,
"Thu Oct 05 14:10:50 +0000 2023;1709934174776566102;""Pak Bahlil dengan cerdas menggabungkan dedikasi dan komunikasi yang dekat dengan rakyat Rempang. Investasi berkembang"," masyarakat bahagia!  Investasi Rempang #BahlilGercep https://t.co/OjwZSO1asn"";0;0;0;0;in;1641964802527617027;1709934174776566102;lumpiarebung1;https://twitter.com/lumpiarebung1/status/1709934174776566102",,,,,,,,,,
"Thu Oct 05 14:10:18 +0000 2023;1709934037094297719;""#AniesMuhaimin2024 Rempang"";0;0;0;0;in;1670070721186529280;1709934037094297719;joko_ngiboel;https://twitter.com/joko_ngiboel/status/1709934037094297719",,,,,,,,,,,
"Thu Oct 05 14:09:49 +0000 2023;1709933917346955480;""#AniesMuhaimin2024 Rempang"";0;0;0;0;in;1670070721186529280;1709933917346955480;joko_ngiboel;https://twitter.com/joko_ngiboel/status/1709933917346955480",,,,,,,,,,,
"Thu Oct 05 14:09:43 +0000 2023;1709933893900730593;""@IND0_Update @bkpm @DPR_RI @narasitv DPR mengakui keahlian Pak Bahlil dalam membangun hubungan baik dengan investor dan memajukan investasi di Rempang. Kolaborasi yang membuahkan hasil! Investasi Rempang #BahlilGercep"";0;0;0;0;in;1574269426001510401;1709849659068547158;topisupermanku;https://twitter.com/topisupermanku/status/1709933893900730593",,,,,,,,,,,
"Thu Oct 05 14:08:27 +0000 2023;1709933574017974378;""Gaya komunikasi sederhana Pak Bahlil memudahkan dialog dengan masyarakat dan investor di Rempang. Keberhasilan investasi adalah hasil kerja kerasnya! Investasi Rempang #BahlilGercep https://t.co/0UB5dsXBlS"";0;0;0;0;in;1574269426001510401;1709933574017974378;topisupermanku;https://twitter.com/topisupermanku/status/1709933574017974378",,,,,,,,,,,
"Thu Oct 05 14:08:05 +0000 2023;1709933479046340856;""Pak Bahlil dengan penuh semangat membawa perubahan positif ke Rempang melalui investasi. Kinerjanya patut diacungi jempol! Investasi Rempang #BahlilGercep https://t.co/tMYrdb0JMx"";0;0;0;0;in;1574269426001510401;1709933479046340856;topisupermanku;https://twitter.com/topisupermanku/status/1709933479046340856",,,,,,,,,,,
"Thu Oct 05 14:07:06 +0000 2023;1709933234019340457;""@IND0_Update @bkpm @DPR_RI @narasitv DPR menilai Pak Bahlil sebagai sosok yang memahami kebutuhan Rempang dan mengambil langkah nyata dalam mendukung investasi di sana. Bahlil memang Gercep! Investasi Rempang #BahlilGercep"";0;0;0;0;in;1577993589766131712;1709849659068547158;mylilprincess20;https://twitter.com/mylilprincess20/status/1709933234019340457",,,,,,,,,,,
"Thu Oct 05 14:06:53 +0000 2023;1709933177320739114;""#AniesMuhaimin2024 Rempang"";0;0;0;0;in;1670070721186529280;1709933177320739114;joko_ngiboel;https://twitter.com/joko_ngiboel/status/1709933177320739114",,,,,,,,,,,
"Thu Oct 05 14:06:47 +0000 2023;1709933155459944959;""Pak Bahlil tidak hanya pekerja keras"," tapi juga memiliki gaya komunikasi yang mengena. Kemampuannya dalam berinteraksi membuka pintu peluang investasi di Rempang. Investasi Rempang #BahlilGercep https://t.co/gWyn6glAWu"";0;0;0;0;in;1577993589766131712;1709933155459944959;mylilprincess20;https://twitter.com/mylilprincess20/status/1709933155459944959",,,,,,,,,,
"Thu Oct 05 14:06:27 +0000 2023;1709933070533714241;""DPR mengakui dedikasi Pak Bahlil dalam mengembangkan Rempang melalui investasi yang signifikan. Semangatnya patut dicontoh! Investasi Rempang #BahlilGercep https://t.co/LVq8NyJZqU"";0;0;0;0;in;1577993589766131712;1709933070533714241;mylilprincess20;https://twitter.com/mylilprincess20/status/1709933070533714241",,,,,,,,,,,
"Thu Oct 05 14:05:49 +0000 2023;1709932912131580177;""#AniesMuhaimin2024 Rempang"";0;0;0;0;in;1670070721186529280;1709932912131580177;joko_ngiboel;https://twitter.com/joko_ngiboel/status/1709932912131580177",,,,,,,,,,,
"Thu Oct 05 14:05:20 +0000 2023;1709932788399714452;""#AniesMuhaimin2024 Rempang"";0;0;0;0;in;1670070721186529280;1709932788399714452;joko_ngiboel;https://twitter.com/joko_ngiboel/status/1709932788399714452",,,,,,,,,,,
"Thu Oct 05 14:05:00 +0000 2023;1709932704521916750;""DPR memberikan apresiasi kepada Pak Bahlil yang bekerja keras dalam menggenjot investasi di Rempang. Kinerja satset dan komunikasi yang lugas! Investasi Rempang #BahlilGercep https://t.co/mq7H1jkgbB"";0;0;0;0;in;1553361867900600321;1709932704521916750;stoolkhaki;https://twitter.com/stoolkhaki/status/1709932704521916750",,,,,,,,,,,
"Thu Oct 05 14:04:56 +0000 2023;1709932688717889987;""#AniesMuhaimin2024 Rempang"";0;0;0;0;in;1670070721186529280;1709932688717889987;joko_ngiboel;https://twitter.com/joko_ngiboel/status/1709932688717889987",,,,,,,,,,,
"Thu Oct 05 14:04:35 +0000 2023;1709932601228894240;""DPR mengakui keberhasilan Pak Bahlil dalam menangani konflik di Rempang dengan pendekatan yang progresif dan komunikasi yang mengedepankan kerukunan. Investasi Rempang #BahlilGercep https://t.co/2hkTPkdpco"";0;0;0;0;in;1553361867900600321;1709932601228894240;stoolkhaki;https://twitter.com/stoolkhaki/status/1709932601228894240",,,,,,,,,,,
"Thu Oct 05 14:04:30 +0000 2023;1709932578843824598;""#AniesMuhaimin2024 Rempang"";0;0;0;1;in;1670070721186529280;1709932578843824598;joko_ngiboel;https://twitter.com/joko_ngiboel/status/1709932578843824598",,,,,,,,,,,
"Thu Oct 05 14:03:58 +0000 2023;1709932446706516133;""#AniesMuhaimin2024 Rempang"";0;0;0;0;in;1670070721186529280;1709932446706516133;joko_ngiboel;https://twitter.com/joko_ngiboel/status/1709932446706516133",,,,,,,,,,,
"Thu Oct 05 14:03:34 +0000 2023;1709932345074274437;""@IND0_Update @bkpm @DPR_RI @narasitv Pak Bahlil membawa kedamaian dan peluang investasi ke Rempang melalui pendekatan satset yang bijak. DPR memberi penghargaan atas kerja kerasnya! Investasi Rempang #BahlilGercep"";0;0;0;0;in;1579710223899856896;1709849659068547158;semurdagingku;https://twitter.com/semurdagingku/status/1709932345074274437",,,,,,,,,,,
"Thu Oct 05 14:03:20 +0000 2023;1709932284856746415;""#AniesMuhaimin2024 Rempang"";0;0;0;0;in;1670070721186529280;1709932284856746415;joko_ngiboel;https://twitter.com/joko_ngiboel/status/1709932284856746415",,,,,,,,,,,
"Thu Oct 05 14:03:11 +0000 2023;1709932247493771483;""Kemampuan Pak Bahlil dalam menyelesaikan konflik di Rempang adalah contoh nyata dari kepemimpinan yang visioner. Solusi cerdas"," investasi bertumbuh!  Investasi Rempang #BahlilGercep https://t.co/S4X94LkEWk"";0;0;0;0;in;1579710223899856896;1709932247493771483;semurdagingku;https://twitter.com/semurdagingku/status/1709932247493771483",,,,,,,,,,
"Thu Oct 05 14:02:41 +0000 2023;1709932123195650407;""#AniesMuhaimin2024 Rempang"";0;0;0;0;in;1670070721186529280;1709932123195650407;joko_ngiboel;https://twitter.com/joko_ngiboel/status/1709932123195650407",,,,,,,,,,,
"Thu Oct 05 14:02:41 +0000 2023;1709932120960037296;""DPR memberi hormat kepada Pak Bahlil atas kesigapan dan keahliannya menangani konflik di Rempang dengan solusi satset dan komunikasi yang ramah. Investasi Rempang #BahlilGercep https://t.co/4uM82QbmGa"";0;0;0;0;in;1579710223899856896;1709932120960037296;semurdagingku;https://twitter.com/semurdagingku/status/1709932120960037296",,,,,,,,,,,
"Thu Oct 05 14:02:16 +0000 2023;1709932016572170484;""#AniesMuhaimin2024 Rempang"";0;0;1;1;in;1670070721186529280;1709932016572170484;joko_ngiboel;https://twitter.com/joko_ngiboel/status/1709932016572170484",,,,,,,,,,,
"Thu Oct 05 14:01:31 +0000 2023;1709931829657264178;""@IND0_Update @bkpm @DPR_RI @narasitv Pak Bahlil membuktikan bahwa penyelesaian konflik di Rempang memerlukan kepemimpinan yang kuat dan komunikasi yang terbuka. Keberhasilannya menginspirasi! Investasi Rempang #BahlilGercep"";0;0;0;0;in;1579708797077303296;1709849659068547158;buntilparia;https://twitter.com/buntilparia/status/1709931829657264178",,,,,,,,,,,
"Thu Oct 05 14:01:12 +0000 2023;1709931749579632655;""Kinerja luar biasa Pak Bahlil dalam menangani konflik di Rempang patut dicontoh. Pendekatannya yang bijak membawa kedamaian dan peluang investasi. Investasi Rempang #BahlilGercep https://t.co/qcNSk2b3ab"";0;0;0;0;in;1579708797077303296;1709931749579632655;buntilparia;https://twitter.com/buntilparia/status/1709931749579632655",,,,,,,,,,,
"Thu Oct 05 14:00:49 +0000 2023;1709931650916983182;""DPR memberikan apresiasi tinggi untuk Pak Bahlil yang berhasil menyelesaikan konflik di Rempang melalui pendekatan satset dan komunikasi yang bersahaja  Investasi Rempang #BahlilGercep https://t.co/FPGyJ3dcRK"";0;0;0;0;in;1579708797077303296;1709931650916983182;buntilparia;https://twitter.com/buntilparia/status/1709931650916983182",,,,,,,,,,,
"Thu Oct 05 13:59:49 +0000 2023;1709931400995230197;""@IND0_Update @bkpm @DPR_RI @narasitv DPR menghargai langkah-langkah konkret Pak Bahlil dalam memajukan Rempang melalui investasi yang berbasis pada komunikasi yang bersahaja. Investasi Rempang #BahlilGercep"";0;0;0;0;in;1601024453910986753;1709849659068547158;botolpinkeu1;https://twitter.com/botolpinkeu1/status/1709931400995230197",,,,,,,,,,,
"Thu Oct 05 13:59:28 +0000 2023;1709931311643910289;""Pak Bahlil membawa nuansa positif dalam penyelesaian konflik di Rempang. Satset dan komunikasi yang dekat dengan masyarakat membawa perubahan yang nyata. Investasi Rempang #BahlilGercep https://t.co/oFQfeh5zHC"";0;0;0;0;in;1601024453910986753;1709931311643910289;botolpinkeu1;https://twitter.com/botolpinkeu1/status/1709931311643910289",,,,,,,,,,,
"Thu Oct 05 13:59:08 +0000 2023;1709931229255213302;""DPR bersyukur memiliki pemimpin seperti Pak Bahlil yang memiliki kemampuan menangani konflik dengan kebijaksanaan dan keberanian. Investasi Rempang #BahlilGercep https://t.co/lWUMFXa77l"";0;0;0;0;in;1601024453910986753;1709931229255213302;botolpinkeu1;https://twitter.com/botolpinkeu1/status/1709931229255213302",,,,,,,,,,,
"Thu Oct 05 13:58:08 +0000 2023;1709930976485445714;""Kasus Rempang emang Luar Biasa!!! Keren banget deh akun ini! https://t.co/CfRyuQWVLj"";0;0;0;1;in;99452989;1709930976485445714;mh_kdut;https://twitter.com/mh_kdut/status/1709930976485445714",,,,,,,,,,,
"Thu Oct 05 13:58:06 +0000 2023;1709930967329374550;""@IND0_Update @bkpm @DPR_RI @narasitv Pak Bahlil memberikan contoh nyata bahwa keberhasilan investasi tidak hanya melibatkan dana"," tapi juga komunikasi yang menghargai. Investasi Rempang #BahlilGercep"";0;0;0;0;in;1598355406023458816;1709849659068547158;poplightku;https://twitter.com/poplightku/status/1709930967329374550",,,,,,,,,,
"Thu Oct 05 13:57:50 +0000 2023;1709930899452862954;""Kemampuan Pak Bahlil dalam mendengarkan dan memahami masalah di Rempang membuka jalan bagi investasi yang berkelanjutan. DPR memberi penghargaan! Investasi Rempang #BahlilGercep https://t.co/KXg75wMJ0u"";0;0;0;0;in;1598355406023458816;1709930899452862954;poplightku;https://twitter.com/poplightku/status/1709930899452862954",,,,,,,,,,,
"Thu Oct 05 13:56:47 +0000 2023;1709930636604219649;""Pak Bahlil adalah teladan dalam penyelesaian konflik. Satset dan komunikasi down to earth membawa perdamaian dan kemajuan di Rempang. Investasi Rempang #BahlilGercep https://t.co/J746A5CkeZ"";0;0;0;0;in;1598355406023458816;1709930636604219649;poplightku;https://twitter.com/poplightku/status/1709930636604219649",,,,,,,,,,,
"Thu Oct 05 13:55:35 +0000 2023;1709930335671328796;""@RidhoRahmadi85 Terima kasih sudah hadir di Rempang. Respect"";0;0;0;5;in;2908675710;1709863973737381961;blank0429;https://twitter.com/blank0429/status/1709930335671328796",,,,,,,,,,,
"Thu Oct 05 13:55:23 +0000 2023;1709930283058008277;""@6undul0h Menari nari Kelen diatas penderitaan rakyat Rempang"," memanglah.."";0;1;0;1;in;1139372526;1709924262663065972;Nurmy_cahyo;https://twitter.com/Nurmy_cahyo/status/1709930283058008277",,,,,,,,,,
"Thu Oct 05 13:54:36 +0000 2023;1709930089058816436;""@IND0_Update @bkpm @DPR_RI @narasitv DPR mengakui ketulusan dan kesabaran Pak Bahlil dalam menangani konflik di Rempang dengan pendekatan satset yang cerdas. Kerukunan terwujud! Investasi Rempang #BahlilGercep"";0;0;0;0;in;1574257961530433536;1709849659068547158;loncengsapiku;https://twitter.com/loncengsapiku/status/1709930089058816436",,,,,,,,,,,
"Thu Oct 05 13:54:20 +0000 2023;1709930019454431331;""Pak Bahlil membuktikan bahwa investasi dalam komunikasi yang baik membawa keberhasilan. Konflik di Rempang terselesaikan"," investasi berkembang! Investasi Rempang #BahlilGercep https://t.co/a69mwLM5vY"";0;0;0;0;in;1574257961530433536;1709930019454431331;loncengsapiku;https://twitter.com/loncengsapiku/status/1709930019454431331",,,,,,,,,,
"Thu Oct 05 13:53:54 +0000 2023;1709929912495452313;""Kepemimpinan dan dedikasi beliau dalam menyelesaikan konflik di Rempang patut diacungi jempol. Komunikasinya yang ramah membangun kerukunan. Investasi Rempang #BahlilGercep https://t.co/KbRWnGk7VQ"";0;0;0;0;in;1574257961530433536;1709929912495452313;loncengsapiku;https://twitter.com/loncengsapiku/status/1709929912495452313",,,,,,,,,,,
"Thu Oct 05 13:53:45 +0000 2023;1709929875141021745;""@hekahert Ooh ini jembatan Batam #Rempang Galang"";0;0;0;0;in;4746770395;1709860147840029183;dianchibi92;https://twitter.com/dianchibi92/status/1709929875141021745",,,,,,,,,,,
"Thu Oct 05 13:53:21 +0000 2023;1709929771508072770;""@mihrabku Mas"," mohon bantu dalam doa soal Rempang agar dapat keadilan 🙏🙏🙏"";0;1;0;2;in;2908675710;1709928817006096734;blank0429;https://twitter.com/blank0429/status/1709929771508072770",,,,,,,,,,
"Thu Oct 05 13:51:11 +0000 2023;1709929226399588656;""Akhir nya aroma bau busuk penguasa tercium dan terkuak juga...!!! Kenapa sampai ngotot pakai tenggang waktu pengosongan dgn cara mengusir masyarakat Tempatan yg sdh bertahun-tahun tinggal di Rempang...tapi KPK nya dimana..???"";0;0;0;0;in;1646986207463878658;1709929226399588656;EddiSukarj22098;https://twitter.com/EddiSukarj22098/status/1709929226399588656",,,,,,,,,,,
"Thu Oct 05 13:46:16 +0000 2023;1709927990837342424;""Kalian yang muda dan masih perkasa gak malu hati lihat kakek kakek turun tangan bahkan sampai menjaminkan diri untuk menjamin kebebasan tahanan ""Rempang"" ? https://t.co/J5F0cP4azu"";8;131;1031;3290;in;99926414;1709927990837342424;pakaipeci;https://twitter.com/pakaipeci/status/1709927990837342424",,,,,,,,,,,
"Thu Oct 05 13:44:06 +0000 2023;1709927446257242147;""DPR memberikan apresiasi kepada Pak Bahlil yang bekerja keras dalam menggenjot investasi di Rempang. Kinerja satset dan komunikasi yang lugas! Investasi Rempang #BahlilGercep https://t.co/GcNgZ8oqUn"";0;0;0;0;in;1646650949849743363;1709927446257242147;essusumelonku;https://twitter.com/essusumelonku/status/1709927446257242147",,,,,,,,,,,
"Thu Oct 05 13:43:48 +0000 2023;1709927368494899572;""DPR mengakui keberhasilan Pak Bahlil dalam menangani konflik di Rempang dengan pendekatan yang progresif dan komunikasi yang mengedepankan kerukunan. Investasi Rempang #BahlilGercep https://t.co/5a2ci5sCS9"";0;0;0;0;in;1646650949849743363;1709927368494899572;essusumelonku;https://twitter.com/essusumelonku/status/1709927368494899572",,,,,,,,,,,
"Thu Oct 05 13:43:25 +0000 2023;1709927274261483864;""34 warga Rempang masih ditahan polisi karena bentrok dengan aparat saat mempertahankan ruang hidupnya dari penggusuran atas nama investasi. https://t.co/OPWmW4NUz7 #pulaurempang #polres"";0;0;0;0;in;354168059;1709927274261483864;alineadotid;https://twitter.com/alineadotid/status/1709927274261483864",,,,,,,,,,,
"Thu Oct 05 13:41:17 +0000 2023;1709926735284940982;""@CakKhum @Bozzkem805kem Rembang bersatu! Solid dukung AMIN"";0;1;0;6;in;1663431272272916480;1709873547844431955;kucluk_tenan;https://twitter.com/kucluk_tenan/status/1709926735284940982",,,,,,,,,,,
"Thu Oct 05 13:39:21 +0000 2023;1709926250830348563;""@IND0_Update @bkpm @DPR_RI @narasitv DPR menghargai langkah-langkah konkret Pak Bahlil dalam memajukan Rempang melalui investasi yang berbasis pada komunikasi yang bersahaja. Investasi Rempang #BahlilGercep"";0;0;0;0;in;1646648462564532224;1709849659068547158;myfishroll;https://twitter.com/myfishroll/status/1709926250830348563",,,,,,,,,,,
"Thu Oct 05 13:39:07 +0000 2023;1709926189123650017;""Pak Bahlil membawa nuansa positif dalam penyelesaian konflik di Rempang. Satset dan komunikasi yang dekat dengan masyarakat membawa perubahan yang nyata. Investasi Rempang #BahlilGercep https://t.co/f3jVKMKv7i"";0;0;0;0;in;1646648462564532224;1709926189123650017;myfishroll;https://twitter.com/myfishroll/status/1709926189123650017",,,,,,,,,,,
"Thu Oct 05 13:38:48 +0000 2023;1709926112250527977;""DPR bersyukur memiliki pemimpin seperti Pak Bahlil yang memiliki kemampuan menangani konflik dengan kebijaksanaan dan keberanian. Investasi Rempang #BahlilGercep https://t.co/N3tkuCRXti"";0;0;0;0;in;1646648462564532224;1709926112250527977;myfishroll;https://twitter.com/myfishroll/status/1709926112250527977",,,,,,,,,,,
"Thu Oct 05 13:37:48 +0000 2023;1709925857983398046;""@PKSejahtera @FPKSDPRRI "," mohon buka Posko juga di Rempang Galang 🙏"";0;0;13;18;in;2908675710;1709925857983398046;blank0429;https://twitter.com/blank0429/status/1709925857983398046",,,,,,,,,,
"Thu Oct 05 13:37:24 +0000 2023;1709925759199101013;""@IND0_Update @bkpm @DPR_RI @narasitv Pak Bahlil memberikan contoh nyata bahwa keberhasilan investasi tidak hanya melibatkan dana"," tapi juga komunikasi yang menghargai. Investasi Rempang #BahlilGercep"";0;0;0;0;in;1646647746852704257;1709849659068547158;kakinagaku;https://twitter.com/kakinagaku/status/1709925759199101013",,,,,,,,,,
"Thu Oct 05 13:37:07 +0000 2023;1709925686935515332;""Kemampuan Pak Bahlil dalam mendengarkan dan memahami masalah di Rempang membuka jalan bagi investasi yang berkelanjutan. DPR memberi penghargaan! Investasi Rempang #BahlilGercep https://t.co/zzgaD2TbHI"";0;0;0;0;in;1646647746852704257;1709925686935515332;kakinagaku;https://twitter.com/kakinagaku/status/1709925686935515332",,,,,,,,,,,
"Thu Oct 05 13:36:48 +0000 2023;1709925608657211403;""Pak Bahlil adalah teladan dalam penyelesaian konflik. Satset dan komunikasi down to earth membawa perdamaian dan kemajuan di Rempang. Investasi Rempang #BahlilGercep https://t.co/Q4Q03zzYeu"";0;0;0;0;in;1646647746852704257;1709925608657211403;kakinagaku;https://twitter.com/kakinagaku/status/1709925608657211403",,,,,,,,,,,
"Thu Oct 05 13:36:11 +0000 2023;1709925451815407635;""@VIVAcoid Rempang berikutnya.."";0;1;0;9;in;1549271556123070465;1709834197249163504;tigisatanoy;https://twitter.com/tigisatanoy/status/1709925451815407635",,,,,,,,,,,
"Thu Oct 05 13:35:24 +0000 2023;1709925256033714661;""@IND0_Update @bkpm @DPR_RI @narasitv DPR mengakui ketulusan dan kesabaran Pak Bahlil dalam menangani konflik di Rempang dengan pendekatan satset yang cerdas. Kerukunan terwujud! Investasi Rempang #BahlilGercep"";0;0;0;0;in;1646646749367525376;1709849659068547158;nugetabc;https://twitter.com/nugetabc/status/1709925256033714661",,,,,,,,,,,
"Thu Oct 05 13:35:07 +0000 2023;1709925183488929932;""Pak Bahlil membuktikan bahwa investasi dalam komunikasi yang baik membawa keberhasilan. Konflik di Rempang terselesaikan"," investasi berkembang! Investasi Rempang #BahlilGercep https://t.co/B8Xmnh0wAX"";0;0;0;0;in;1646646749367525376;1709925183488929932;nugetabc;https://twitter.com/nugetabc/status/1709925183488929932",,,,,,,,,,
"Thu Oct 05 13:34:42 +0000 2023;1709925077683503612;""Kepemimpinan dan dedikasi beliau dalam menyelesaikan konflik di Rempang patut diacungi jempol. Komunikasinya yang ramah membangun kerukunan. Investasi Rempang #BahlilGercep https://t.co/DGFC0g9pl3"";0;0;0;0;in;1646646749367525376;1709925077683503612;nugetabc;https://twitter.com/nugetabc/status/1709925077683503612",,,,,,,,,,,
"Thu Oct 05 13:32:53 +0000 2023;1709924621359980788;""Pak Bahlil dengan cerdas menggabungkan dedikasi dan komunikasi yang dekat dengan rakyat Rempang. Investasi berkembang"," masyarakat bahagia!  Investasi Rempang #BahlilGercep https://t.co/SZdoLXUYLB"";0;0;0;0;in;1646645943901777920;1709924621359980788;baskomgemoy2;https://twitter.com/baskomgemoy2/status/1709924621359980788",,,,,,,,,,
"Thu Oct 05 13:32:24 +0000 2023;1709924499997827335;""Rempang siap digebErr lagi ya pak sebelum masa jabatan habis ? https://t.co/fpqaPTOR3S"";0;0;0;0;in;1092958177;1709924499997827335;pandandjati;https://twitter.com/pandandjati/status/1709924499997827335",,,,,,,,,,,
"Thu Oct 05 13:31:53 +0000 2023;1709924369362006180;""@IND0_Update @bkpm @DPR_RI @narasitv DPR mengakui keahlian Pak Bahlil dalam membangun hubungan baik dengan investor dan memajukan investasi di Rempang. Kolaborasi yang membuahkan hasil! Investasi Rempang #BahlilGercep"";0;0;0;0;in;1646644926694948864;1709849659068547158;rusahijauku1;https://twitter.com/rusahijauku1/status/1709924369362006180",,,,,,,,,,,
"Thu Oct 05 13:31:34 +0000 2023;1709924291180106130;""Gaya komunikasi sederhana Pak Bahlil memudahkan dialog dengan masyarakat dan investor di Rempang. Keberhasilan investasi adalah hasil kerja kerasnya! Investasi Rempang #BahlilGercep https://t.co/bINvJoXFp5"";0;0;0;0;in;1646644926694948864;1709924291180106130;rusahijauku1;https://twitter.com/rusahijauku1/status/1709924291180106130",,,,,,,,,,,
"Thu Oct 05 13:31:12 +0000 2023;1709924199740195271;""Pak Bahlil dengan penuh semangat membawa perubahan positif ke Rempang melalui investasi. Kinerjanya patut diacungi jempol! Investasi Rempang #BahlilGercep https://t.co/8CaP9ld87S"";0;0;0;0;in;1646644926694948864;1709924199740195271;rusahijauku1;https://twitter.com/rusahijauku1/status/1709924199740195271",,,,,,,,,,,
"Thu Oct 05 13:29:49 +0000 2023;1709923849326977316;""Pak Bahlil tidak hanya pekerja keras"," tapi juga memiliki gaya komunikasi yang mengena. Kemampuannya dalam berinteraksi membuka pintu peluang investasi di Rempang. Investasi Rempang #BahlilGercep https://t.co/Ql2h70pl1D"";0;0;0;0;in;1646643551600799745;1709923849326977316;bonekakuda2;https://twitter.com/bonekakuda2/status/1709923849326977316",,,,,,,,,,
"Thu Oct 05 13:29:23 +0000 2023;1709923742758142021;""DPR mengakui dedikasi Pak Bahlil dalam mengembangkan Rempang melalui investasi yang signifikan. Semangatnya patut dicontoh! Investasi Rempang #BahlilGercep https://t.co/Ayt3wEz33Z"";0;0;0;0;in;1646643551600799745;1709923742758142021;bonekakuda2;https://twitter.com/bonekakuda2/status/1709923742758142021",,,,,,,,,,,
"Thu Oct 05 13:26:15 +0000 2023;1709922953541120319;""Dan masih banyak lagi literatur lainnya. Masih mau bilang Masyarakat Rempang tak punya hak mempertahankan Tanah nenek moyangnya?  Tak punya akal &amp  ga punya hati!  #TolakPenggusuranRempang https://t.co/cMvNJECPXs"";0;0;3;5;in;2908675710;1709922909731582145;blank0429;https://twitter.com/blank0429/status/1709922953541120319",,,,,,,,,,,
"Thu Oct 05 13:26:05 +0000 2023;1709922909731582145;""Sejumlah literatur membuktikan Masyarakat adat Pulau Rempang jauh lebih dulu menempati tanahnya daripada Otorita Batam  ▪︎Raja Haji Ahmad dan Raja Ali Haji"," ""Tuhfat al-Nafis"". Edited by Virginia Matheson. (Shah Alam: Penerbit Fajar Bakti"," 1997)  [1] #TolakPenggusuranRempang https://t.co/SaFlvqL6lJ"";2;1;31;49;in;2908675710;1709922909731582145;blank0429;https://twitter.com/blank0429/status/1709922909731582145",,,,,,,,,
"Thu Oct 05 13:26:01 +0000 2023;1709922895823257672;""@MinmonPS7 rempang?"";0;0;0;0;in;1476857989973774336;1709821538839703571;Blasttotheair;https://twitter.com/Blasttotheair/status/1709922895823257672",,,,,,,,,,,
"Thu Oct 05 13:25:51 +0000 2023;1709922852294787314;""Kemampuan Pak Bahlil dalam menyelesaikan konflik di Rempang adalah contoh nyata dari kepemimpinan yang visioner. Solusi cerdas"," investasi bertumbuh!  Investasi Rempang #BahlilGercep https://t.co/S8hBISouRu"";0;0;0;0;in;1646640172036165634;1709922852294787314;bhilmanputra;https://twitter.com/bhilmanputra/status/1709922852294787314",,,,,,,,,,
"Thu Oct 05 13:25:48 +0000 2023;1709922838852063420;""Tunggu aja berita terbaru", tiktok shop akan kembali di izinkan," Rempang apa kabar kok berita ini di tenggelamkan ?! CC.@DPR_RI  @KomisiIII  * Rempang https://t.co/ma7UZCTntL"";0;0;0;0;in;1092958177;1709922838852063420;pandandjati;https://twitter.com/pandandjati/status/1709922838852063420",,,,,,,,,
"Thu Oct 05 13:25:20 +0000 2023;1709922722804113791;""DPR memberi hormat kepada Pak Bahlil atas kesigapan dan keahliannya menangani konflik di Rempang dengan solusi satset dan komunikasi yang ramah. Investasi Rempang #BahlilGercep https://t.co/mKUP4LNUBg"";0;0;0;0;in;1646640172036165634;1709922722804113791;bhilmanputra;https://twitter.com/bhilmanputra/status/1709922722804113791",,,,,,,,,,,
"Thu Oct 05 13:25:12 +0000 2023;1709922690713465085;""[LIVE] AQSO Edisi Spesial: Ditemukan Jejak Melayu Rempang dalam Dokumen Sejarah Belanda - UAH https://t.co/lcWw1NMIKg"";0;0;0;0;in;2255014178;1709922690713465085;TsunamiKebaikan;https://twitter.com/TsunamiKebaikan/status/1709922690713465085",,,,,,,,,,,
"Thu Oct 05 13:24:13 +0000 2023;1709922440581931342;""@Dennysiregar7 Begitulah kira² KL kursinya sudah Empuk    ditagih Ahmad Dhani   mana NKRI harga Mati sudah tak bersiung  tenan sesama muslim Rempang   ",,,"mana suara Banser"";0;0;0;0;in;1426027041258807297;1709116042814071096;abdurrokhman_m;https://twitter.com/abdurrokhman_m/status/1709922440581931342",,,,,,,,
"Thu Oct 05 13:23:47 +0000 2023;1709922331852943439;""@jokowi Pernyataan Sikap Penduduk Asli Rempang https://t.co/j458mAm8ca"";0;1;0;0;in;1213358772216717312;1709912852688224333;Pinokiotukangk1;https://twitter.com/Pinokiotukangk1/status/1709922331852943439",,,,,,,,,,,
"Thu Oct 05 13:18:40 +0000 2023;1709921044126171271;""https://t.co/JTOZzdFVTQ rempang mendunia"";0;0;0;0;in;1505200948079038466;1709921044126171271;IrwanAlung;https://twitter.com/IrwanAlung/status/1709921044126171271",,,,,,,,,,,
"Thu Oct 05 13:17:02 +0000 2023;1709920633742893201;""Pak Bahlil membuktikan bahwa investasi dalam komunikasi yang baik membawa keberhasilan. Konflik di Rempang terselesaikan"," investasi berkembang! Investasi Rempang #BahlilGercep https://t.co/jwHFqOKHpS"";0;0;0;0;in;1646512522546253824;1709920633742893201;blackhawkku2;https://twitter.com/blackhawkku2/status/1709920633742893201",,,,,,,,,,
"Thu Oct 05 13:16:39 +0000 2023;1709920535780766105;""Kepemimpinan dan dedikasi beliau dalam menyelesaikan konflik di Rempang patut diacungi jempol. Komunikasinya yang ramah membangun kerukunan. Investasi Rempang #BahlilGercep https://t.co/EUkEcihzfh"";0;0;0;0;in;1646512522546253824;1709920535780766105;blackhawkku2;https://twitter.com/blackhawkku2/status/1709920535780766105",,,,,,,,,,,
"Thu Oct 05 13:12:34 +0000 2023;1709919510948675678;""BP Batam kembali memfasilitasi pemindahan enam Kepala Keluarga (KK) asal Desa Pasir Panjang", Kelurahan Rempang Cate, ke hunian sementara," Selasa (3/10/2023).  https://t.co/4vDKE8lb99"";0;0;0;0;in;1269940432336633856;1709919510948675678;batamline;https://twitter.com/batamline/status/1709919510948675678",,,,,,,,
"Thu Oct 05 13:02:45 +0000 2023;1709917041099153605;""Buku Librari Ori - Reopening Muslim Minds https://t.co/63dl7wR5VH WR 1 Batik Air Kapolsek #AniesMuhaimin2024 Rempang Jenglot Putri KW Al Kahfi #MovingEp17 #HongKongOpen2023 Narnia https://t.co/K6DnaaFI1O https://t.co/EZTWIETDCK"";0;0;0;0;in;1692294948882923521;1709917041099153605;librari_alvabet;https://twitter.com/librari_alvabet/status/1709917041099153605",,,,,,,,,,,
"Thu Oct 05 12:57:27 +0000 2023;1709915706215805416;""Buku Librari Ori - Reopening Muslim Minds https://t.co/63dl7wR5VH WR 1 Batik Air Kapolsek #AniesMuhaimin2024 Rempang Jenglot Putri KW Al Kahfi #MovingEp17 #HongKongOpen2023 Narnia https://t.co/8VY0camUVo https://t.co/r3Xe8a7dAv"";0;0;0;0;in;1692294948882923521;1709915706215805416;librari_alvabet;https://twitter.com/librari_alvabet/status/1709915706215805416",,,,,,,,,,,
"Thu Oct 05 12:56:44 +0000 2023;1709915526112379012;""7 September 2023", barangkali merupakan hari jahanam saat kemanusiaan ditindas dan dicampakkan. Menjadi hal wajar," jika ada rasa traumatis terhadap mereka yang berseragam.  Rempang hanyalah satu kasus dari sekian banyaknya pola kekerasan aparat negara dalam Proyek Strategis… https://t.co/3JrnLLPKvU"";0;0;1;2;in;46693036;1709915526112379012;inilahdotcom;https://twitter.com/inilahdotcom/status/1709915526112379012",,,,,,,,,
"Thu Oct 05 12:56:34 +0000 2023;1709915482600706520;""Anggota DPR Dukung Bahlil Libatkan Masyarakat Dalam Proyek Rempang Eco City https://t.co/VZn0mEyquI"";1;0;0;2;in;41730943;1709915482600706520;VIVAcoid;https://twitter.com/VIVAcoid/status/1709915482600706520",,,,,,,,,,,
"Thu Oct 05 12:56:06 +0000 2023;1709915366007411077;""@Adiprayitno_20 Bang", belakangan kan bestie nya lagi kena masalah di Rempang. Ga sempet lah ngasong2 PKI," sibuk bantu lobby2."";0;0;0;1;in;1104006048904433665;1709908034078843166;KevinCh84889504;https://twitter.com/KevinCh84889504/status/1709915366007411077",,,,,,,,,
"Thu Oct 05 12:55:51 +0000 2023;1709915303663313180;""@IND0_Update @bkpm @DPR_RI @narasitv DPR mengakui keberhasilan Pak Bahlil dalam menangani konflik di Rempang dengan pendekatan yang progresif dan komunikasi yang mengedepankan kerukunan. Investasi Rempang #BahlilGerce"";0;0;0;0;in;1645633704520474625;1709849659068547158;thomaslabar2;https://twitter.com/thomaslabar2/status/1709915303663313180",,,,,,,,,,,
"Thu Oct 05 12:55:30 +0000 2023;1709915214169399689;""Pak Bahlil membawa kedamaian dan peluang investasi ke Rempang melalui pendekatan satset yang bijak. DPR memberi penghargaan atas kerja kerasnya! Investasi Rempang #BahlilGercep https://t.co/H3Mgdc97xe"";0;0;0;0;in;1645633704520474625;1709915214169399689;thomaslabar2;https://twitter.com/thomaslabar2/status/1709915214169399689",,,,,,,,,,,
"Thu Oct 05 12:55:04 +0000 2023;1709915106656879053;""Semoga perpres yang mengatur Investasi Rempang segera diterbitkan..yakin sih sama pak #BahlilGercep https://t.co/cTfEYJVZXf"";0;0;0;0;in;1645633704520474625;1709915106656879053;thomaslabar2;https://twitter.com/thomaslabar2/status/1709915106656879053",,,,,,,,,,,
"Thu Oct 05 12:50:50 +0000 2023;1709914038988378257;""@musniumar Mampirlah ke rempang Bos"";0;0;0;3;in;409343156;1709899381053530232;DolangMas;https://twitter.com/DolangMas/status/1709914038988378257",,,,,,,,,,,
"Thu Oct 05 12:50:09 +0000 2023;1709913867730726923;""Jejak Melayu Rempang Dalam Dokumen Sejarah Belanda... https://t.co/FdbehoRooD"";0;0;0;1;in;62842327;1709913867730726923;endrasanjay;https://twitter.com/endrasanjay/status/1709913867730726923",,,,,,,,,,,
"Thu Oct 05 12:49:09 +0000 2023;1709913614738669742;""BP BATAM SIAPKAN KETERAMPILAN wrga REMPANG untk SAMBUT PELUANG krja https://t.co/q18WCzVSAu"";0;0;0;0;in;1691360487387377664;1709913614738669742;vinnivenita;https://twitter.com/vinnivenita/status/1709913614738669742",,,,,,,,,,,
"Thu Oct 05 12:49:07 +0000 2023;1709913606895342026;""BP BATAM SIAPKAN KETERAMPILAN WARGA REMPANG utk SAMBUT PELUANG krja https://t.co/mvdDGmk0hy"";0;0;0;0;in;1691651930832162816;1709913606895342026;ismibeliaa;https://twitter.com/ismibeliaa/status/1709913606895342026",,,,,,,,,,,
"Thu Oct 05 12:49:05 +0000 2023;1709913599052066829;""BP BATAM SIAPKAN KETERAMPILAN WARGA REMPANG UNTUK SAMBUT PELUANG KERJA https://t.co/IwCJhmAkpp"";0;0;0;0;in;1691372020918001664;1709913599052066829;miraadiyantii;https://twitter.com/miraadiyantii/status/1709913599052066829",,,,,,,,,,,
"Thu Oct 05 12:49:03 +0000 2023;1709913591850455092;""BP BATAM SIAPKAN KETERAMPILAN WARGA REMPANG UNTUK SAMBUT PELUANG krja https://t.co/AZFrLPvBGu"";0;0;0;0;in;1691826281804165120;1709913591850455092;syariefpriya;https://twitter.com/syariefpriya/status/1709913591850455092",,,,,,,,,,,
"Thu Oct 05 12:49:01 +0000 2023;1709913584560656596;""BP BATAM SIAPKAN KETERAMPILAN WARGA REMPANG unt SAMBUT PELUANG krj https://t.co/NUGH34Y1Hf"";0;0;0;0;in;1691360441791135746;1709913584560656596;alilalanita;https://twitter.com/alilalanita/status/1709913584560656596",,,,,,,,,,,
"Thu Oct 05 12:48:59 +0000 2023;1709913573743596008;""BP BATAM SIAPKAN KETERAMPILAN wrga REMPANG u/ SAMBUT PELUANG krj https://t.co/6GZ5RwIEXs"";0;0;0;0;in;1691372088429600768;1709913573743596008;ShakilaPer81870;https://twitter.com/ShakilaPer81870/status/1709913573743596008",,,,,,,,,,,
"Thu Oct 05 12:48:57 +0000 2023;1709913565837308077;""BP BATAM SIAPKAN KETERAMPILAN wrga REMPANG uttk SAMBUT PELUANG krj https://t.co/k9BoNkes87"";0;0;0;0;in;1691767111386021888;1709913565837308077;JeniCynthiaa_;https://twitter.com/JeniCynthiaa_/status/1709913565837308077",,,,,,,,,,,
"Thu Oct 05 12:48:54 +0000 2023;1709913554415910934;""Bismillah  Video 1 : Bahlil Tolak Bebaskan Warga Yg Perjuangkan Rempang", Menurut Bahlil : Kalau Dibiarkan," Negara Kita Jadi Negara Preman!  Video 2 : Aksi Mahasiswa HMI bela Rempang di hadang para preman di depan kantor kementerian Investasi.. 🤔⁉️  #SaveRempang https://t.co/slVn3LYP5R"";3;11;158;169;in;1651123026203901952;1709913554415910934;NinzExe07;https://twitter.com/NinzExe07/status/1709913554415910934",,,,,,,,,
"Thu Oct 05 12:48:54 +0000 2023;1709913553824895172;""BP BATAM SIAPKAN KETERAMPILAN WARGA REMPANG ntuk SAMBUT PELUANG KERJA https://t.co/GELbXinJZY"";0;0;0;0;in;1691106578580287489;1709913553824895172;revindajulita;https://twitter.com/revindajulita/status/1709913553824895172",,,,,,,,,,,
"Thu Oct 05 12:48:34 +0000 2023;1709913471041867925;""Terungkap Korupsi Setoran UWT Rempang Eco City Rp 3","6 Triliun https://t.co/2QRS56zlvL"";0;0;0;0;in;1562253378968637440;1709913471041867925;kamilakurniawan;https://twitter.com/kamilakurniawan/status/1709913471041867925",,,,,,,,,,
"Thu Oct 05 12:47:28 +0000 2023;1709913193160810661;""BP BATAM SIAPKAN KETERAMPILAN wrga REMPANG tuk SAMBUT PELUANG KERJA https://t.co/LxGMWI5TKn"";0;0;0;0;in;1689873933536030720;1709913193160810661;rania_septia;https://twitter.com/rania_septia/status/1709913193160810661",,,,,,,,,,,
"Thu Oct 05 12:47:05 +0000 2023;1709913095425110280;""HMI DUKUNG LANGKAH MENTERI BAHLIL SELESAIKAN maslah REMPANG https://t.co/5e6MnDlUzg"";0;0;0;0;in;1689125054465142787;1709913095425110280;sovift;https://twitter.com/sovift/status/1709913095425110280",,,,,,,,,,,
"Thu Oct 05 12:46:22 +0000 2023;1709912915808268436;""@cakimiNOW #AMINJagaDemokrasi #AniesMuhaimin2024   TNI harus bela rakyat", jangan bela presiden," save warga rempang"";0;0;0;0;in;377200183;1709892321343336602;rusdinor;https://twitter.com/rusdinor/status/1709912915808268436",,,,,,,,,
"Thu Oct 05 12:46:15 +0000 2023;1709912888809521243;""@tempodotco begini kalian ributin"," Rempang kalian bungkam"";0;0;0;0;in;1080856380737695745;1709906424640536634;hanendra_s;https://twitter.com/hanendra_s/status/1709912888809521243",,,,,,,,,,
"Thu Oct 05 12:45:52 +0000 2023;1709912790104990128;""HMI DUKUNG LANGKAH MENTERI BAHLIL SELESAIKAN msalahnya REMPANG https://t.co/8du4saUbLL"";0;0;0;0;in;1688572536676880384;1709912790104990128;nabillaokiani;https://twitter.com/nabillaokiani/status/1709912790104990128",,,,,,,,,,,
"Thu Oct 05 12:45:48 +0000 2023;1709912773696835866;""@HusinShihab Rempang proses penetapan PSN sangat cepat menabarak aturan"";0;0;0;0;in;4412080458;1709211422042071498;herdi1983ok;https://twitter.com/herdi1983ok/status/1709912773696835866",,,,,,,,,,,
"Thu Oct 05 12:45:20 +0000 2023;1709912658110271876;""HMI DUKUNG LANGKAH MENTERI BAHLIL SELESAIKAN MASALAH REMPANG https://t.co/JhE5SAkRDN"";0;0;0;0;in;1688561656895561728;1709912658110271876;kanilaalimah;https://twitter.com/kanilaalimah/status/1709912658110271876",,,,,,,,,,,
"Thu Oct 05 12:45:16 +0000 2023;1709912640766796135;""HMI DUKUNG LANGKAH MENTERI BAHLIL SELESAIKAN mslah REMPANG https://t.co/0CMGq2vqEG"";0;0;0;0;in;1688568830384320512;1709912640766796135;maurarasyanii;https://twitter.com/maurarasyanii/status/1709912640766796135",,,,,,,,,,,
"Thu Oct 05 12:45:04 +0000 2023;1709912586983178724;""@HusinShihab Rempang titipan investor Cina"";0;0;0;2;in;4412080458;1709211422042071498;herdi1983ok;https://twitter.com/herdi1983ok/status/1709912586983178724",,,,,,,,,,,
"Thu Oct 05 12:44:56 +0000 2023;1709912553399398733;""HMI DUKUNG LANGKAH MENTERI BAHLIL SELESAIKAN msalah REMPANG https://t.co/Haykoib3vs"";0;0;0;0;in;1688561536238030848;1709912553399398733;yaniriantii;https://twitter.com/yaniriantii/status/1709912553399398733",,,,,,,,,,,
"Thu Oct 05 12:44:47 +0000 2023;1709912515625517390;""HMI DUKUNG LANGKAH MENTERI BAHLIL SELESAIKAN maslah REMPANG https://t.co/Uy4bbvSFap"";0;0;0;0;in;1688931722333921280;1709912515625517390;ridhwansap;https://twitter.com/ridhwansap/status/1709912515625517390",,,,,,,,,,,
"Thu Oct 05 12:44:07 +0000 2023;1709912350244118609;""HMI DUKUNG LANGKAH MENTERI BAHLIL SELESAIKAN mslah REMPANG https://t.co/5iD8jxk2kq"";0;0;0;0;in;1688743466812276737;1709912350244118609;PutryMaulani2;https://twitter.com/PutryMaulani2/status/1709912350244118609",,,,,,,,,,,
"Thu Oct 05 12:40:17 +0000 2023;1709911385172578783;""Amien Rais Jaminkan Dirinya Bebaskan Warga Rempang yang Ditahan  https://t.co/i69BnfCMuN"";0;0;0;2;in;1167087910811623426;1709911385172578783;Barisanco;https://twitter.com/Barisanco/status/1709911385172578783",,,,,,,,,,,
"Thu Oct 05 12:38:42 +0000 2023;1709910987631923422;""[LIVE] AQSO Edisi Spesial: Ditemukan Jejak Melayu Rempang dalam Dokumen ... https://t.co/uSbNFuelrV via @YouTube"";0;0;0;1;in;390486344;1709910987631923422;iMasjidPonorogo;https://twitter.com/iMasjidPonorogo/status/1709910987631923422",,,,,,,,,,,
"Thu Oct 05 12:35:10 +0000 2023;1709910098196459726;""Berkunjung ke Pulau Rempang"," Amien Rais Berbincang dengan Warga Terdampak Relokasi PSN #TempoFoto https://t.co/d4EVdcbrSI"";2;3;144;451;in;18129942;1709910098196459726;tempodotco;https://twitter.com/tempodotco/status/1709910098196459726",,,,,,,,,,
"Thu Oct 05 12:35:05 +0000 2023;1709910075442368748;""Sosialisasi BP Batam Terus Diwarnai Penolakan Relokasi dari Warga Rempang https://t.co/RzURPvFkdq lewat @GoWest.ID"";0;0;0;0;in;767014902099607552;1709910075442368748;gowest_id;https://twitter.com/gowest_id/status/1709910075442368748",,,,,,,,,,,
"Thu Oct 05 12:34:55 +0000 2023;1709910034199785621;""Sosialisasi BP Batam Terus Diwarnai Penolakan Relokasi dari Warga Rempang https://t.co/7vdP680bNG lewat @GoWest.ID"";0;0;0;1;in;353758281;1709910034199785621;gowestid;https://twitter.com/gowestid/status/1709910034199785621",,,,,,,,,,,
"Thu Oct 05 12:34:24 +0000 2023;1709909902888681890;""BP Batam Tak Punya HPL"," Proyek Rempang Eco City Ilegal!  #TolakPenggusuranRempang  https://t.co/ywh80z4cfM https://t.co/HfxZX2T9EX"";3;1;45;69;in;2908675710;1709909902888681890;blank0429;https://twitter.com/blank0429/status/1709909902888681890",,,,,,,,,,
"Thu Oct 05 12:30:12 +0000 2023;1709908845714428013;""@IND0_Update @bkpm @DPR_RI @narasitv Investasi Rempang bersama pak Bahlil cepat tuntas bukti kontribusi yang nyata"," cari terus penghambatnya pak dan modifikasi menjadi pendukung  #BahlilGercep"";0;0;0;0;in;1606085973527629825;1709849659068547158;Pujiant35198159;https://twitter.com/Pujiant35198159/status/1709908845714428013",,,,,,,,,,
"Thu Oct 05 12:29:37 +0000 2023;1709908702403457126;""Ketua Majelis Syura Amien Rais dan Ketua Umum Partai Ummat Ridho Rahmadi hari ini mengunjungi kantor polisi Rempang untuk menjadi penjamin kebebasan para tahanan yang ditangkap polisi.  Ini langkah nyata"," selain teriak di medsos https://t.co/QRpq8tD0Ys"";3;10;438;1093;in;99926414;1709908702403457126;pakaipeci;https://twitter.com/pakaipeci/status/1709908702403457126",,,,,,,,,,
"Thu Oct 05 12:28:11 +0000 2023;1709908338560164086;""Investasi Rempang sudah mulai aktif pak buang dan teliti Setiap hambatan pak #BahlilGercep https://t.co/m6wtJZlKO8"";0;1;0;0;in;1606085973527629825;1709908338560164086;Pujiant35198159;https://twitter.com/Pujiant35198159/status/1709908338560164086",,,,,,,,,,,
"Thu Oct 05 12:27:14 +0000 2023;1709908099983892828;""Ini contoh investasi yang merugikan masyarakat. Kalau dilakukan di Rempang  Batam"," juga akan dialami seperti di Labuan Bajo NTT. https://t.co/tJPPlJgtTM"";8;0;151;327;in;114697372;1709908099983892828;musniumar;https://twitter.com/musniumar/status/1709908099983892828",,,,,,,,,,
"Thu Oct 05 12:26:41 +0000 2023;1709907964679847966;""Investasi Rempang sudah mulai jalan Mangat pak Bahlil buang penghambatnya pak  https://t.co/k9AnkNIhJu #BahlilGercep"";1;0;0;0;in;1606085973527629825;1709907964679847966;Pujiant35198159;https://twitter.com/Pujiant35198159/status/1709907964679847966",,,,,,,,,,,
"Thu Oct 05 12:25:20 +0000 2023;1709907624316256413;""@IND0_Update @bkpm @DPR_RI @narasitv Investasi Rempang sudah pada puncak teliti terus penghambatnya pak #BahlilGercep"";0;0;0;0;in;1657958590584590336;1709849659068547158;KarinAulia866;https://twitter.com/KarinAulia866/status/1709907624316256413",,,,,,,,,,,
"Thu Oct 05 12:24:59 +0000 2023;1709907536282063351;""@VIVAcoid Aneh pikiran pak presiden", kami usaha di rempang, tiba2 bapak Suruh investor masuk dan Kami diusir," bapak yang menjajah Kami"";0;0;0;0;in;1702583094296096768;1709472974846456034;ken22121628;https://twitter.com/ken22121628/status/1709907536282063351",,,,,,,,
"Thu Oct 05 12:23:54 +0000 2023;1709907261957788023;""Selalu baca berita terupdate Investasi Rempang pak Bahlil dengan sejuta solusi berhasil pakk https://t.co/UmvEo1kSRd #BahlilGercep"";0;0;0;0;in;1657958590584590336;1709907261957788023;KarinAulia866;https://twitter.com/KarinAulia866/status/1709907261957788023",,,,,,,,,,,
"Thu Oct 05 12:22:27 +0000 2023;1709906895287570779;""Semangat pak Bahlil Investasi Rempang telah mulai nampak dampak positif nya  #BahlilGercep https://t.co/Og5LVbIIXz"";0;0;0;0;in;1657958590584590336;1709906895287570779;KarinAulia866;https://twitter.com/KarinAulia866/status/1709906895287570779",,,,,,,,,,,
"Thu Oct 05 12:21:18 +0000 2023;1709906609022157101;""Harapan smg TNI lbh solid menjaga NKRI dari ancaman  pihak asing",bkn kelakuan oknum menyuruh PITING warga Pulau Rempang yg demo mempertahankan tanah milik  mrk. KontraS: Anggota TNI Terlibat 59 Aksi Kekerasan Sepanjang 2022-2023 ," lebih banyak detail : https://t.co/PVGkNRoysb"";0;0;0;0;in;1482600556669460485;1709906609022157101;ForRezim;https://twitter.com/ForRezim/status/1709906609022157101",,,,,,,,,
"Thu Oct 05 12:21:14 +0000 2023;1709906590848213473;""@IND0_Update @bkpm @DPR_RI @narasitv Investasi Rempang lancar semua aman terkendali ya pak Alhamdulillah  #BahlilGercep"";0;0;0;0;in;1509825994881789959;1709849659068547158;may_awidya;https://twitter.com/may_awidya/status/1709906590848213473",,,,,,,,,,,
"Thu Oct 05 12:20:01 +0000 2023;1709906286744306157;""Investasi Rempang berjalan baik kami senang dengarnya pak.. manfaat nantinya juga untuk bersama  https://t.co/5ZJ7c6ys7R #BahlilGercep"";0;0;0;0;in;1509825994881789959;1709906286744306157;may_awidya;https://twitter.com/may_awidya/status/1709906286744306157",,,,,,,,,,,
"Thu Oct 05 12:19:44 +0000 2023;1709906214438732005;""@Nnattassa @alifdalmim Mereka tak peduli dan tak mahu belajar dari ancaman pengusiran penduduk kampung pulau Rempang Batam Riau bulan lepas", tak kisah kaum politik mana," mereka pun ada yang sokong pengusiran penduduk."";0;0;0;1;in;1540661450;1709834850340151457;amiryogi;https://twitter.com/amiryogi/status/1709906214438732005",,,,,,,,,
"Thu Oct 05 12:18:12 +0000 2023;1709905827329618233;""Investasi Rempang berjalan baik kami menunggu dampak positif nya pak semoga segera terealisasikan #BahlilGercep https://t.co/wGN4CwLKGZ"";0;0;0;0;in;1509825994881789959;1709905827329618233;may_awidya;https://twitter.com/may_awidya/status/1709905827329618233",,,,,,,,,,,
"Thu Oct 05 12:18:01 +0000 2023;1709905782316446174;""Kayaknya pernah Ganjar ditanya soal Rempang dalam acara Kuliah Kebangsaan FISIP UI"," dengan tema 'Hendak ke mana Indonesia Kita?'"";0;1;0;3;in;1131410981131653120;1709905782316446174;dp_koesmirah;https://twitter.com/dp_koesmirah/status/1709905782316446174",,,,,,,,,,
"Thu Oct 05 12:16:40 +0000 2023;1709905440199655811;""@IND0_Update @bkpm @DPR_RI @narasitv Investasi Rempang berjalan lancar pak Bahlil selalu ada solusi keren pakk #BahlilGercep"";0;0;0;0;in;1371620122201268224;1709849659068547158;mila22_mitra;https://twitter.com/mila22_mitra/status/1709905440199655811",,,,,,,,,,,
"Thu Oct 05 12:16:05 +0000 2023;1709905295605125162;""Demi Pembebasan Warga Rempang", Amien Rais dan Ketum Partai Ummat Jaminkan Diri - Riaunews https://t.co/GfS3NyKMqD  Ketua Majelis Syura Partai Ummat, Amien Rais, dan Ketua Umum Partai Ummat, Ridho Rahmadi," mengunjungi Polresta Barelang"";0;0;11;13;in;1592173966311174145;1709905295605125162;RiauNewsCom;https://twitter.com/RiauNewsCom/status/1709905295605125162",,,,,,
"Thu Oct 05 12:15:21 +0000 2023;1709905109269008410;""Investasi Rempang beres pak Bahlil harus nya diberi apresiasi semangatt pak #BahlilGercep https://t.co/1nwRu0MfaQ"";0;0;0;0;in;1371620122201268224;1709905109269008410;mila22_mitra;https://twitter.com/mila22_mitra/status/1709905109269008410",,,,,,,,,,,
"Thu Oct 05 12:15:00 +0000 2023;1709905021989793915;""Rencana pemerintah membangun kawasan industri di Pulau Rempang", Batam," Kep. Riau berujung konflik.  Perlu komunikasi dua arah antara pemerintah dan warga setempat demi mendapat solusi terbaik atas masalah ini. Berikut catatan koresponden Kiki Harjadi. https://t.co/ns6OyEQSsE https://t.co/XVRV94z5Qd"";0;0;2;2;in;3306771829;1709905021989793915;CNNIDdaily;https://twitter.com/CNNIDdaily/status/1709905021989793915",,,,,,,,,
"Thu Oct 05 12:13:53 +0000 2023;1709904742523249091;""Investasi Rempang berjalan lancar pak Bahlil gercep tuntas kan semua https://t.co/Wq3aEQ8Bds #BahlilGercep"";0;0;0;0;in;1371620122201268224;1709904742523249091;mila22_mitra;https://twitter.com/mila22_mitra/status/1709904742523249091",,,,,,,,,,,
"Thu Oct 05 12:13:48 +0000 2023;1709904720058589431;""Beberapa warga Rempang mulai melakukan proses relokasi.   Mereka pun mulai luluh dengan janji yang disampaikan Menteri Investasi Bahlil saat melakukan negosiasi di Rempang. (ld) #rempang https://t.co/iRkm39GgiY"";2;2;3;10;in;124171593;1709904720058589431;tribunnews;https://twitter.com/tribunnews/status/1709904720058589431",,,,,,,,,,,
"Thu Oct 05 12:13:20 +0000 2023;1709904601720471688;""Warga Rempang Masih Ditahan"," Amin Rais dan Ridho Rahmadi Bersedia Jadi Jaminan Pembebasan https://t.co/2FrhChioKM lewat @jakartasatu.com"";0;0;2;5;in;1454008204027854853;1709904601720471688;HMMurah3;https://twitter.com/HMMurah3/status/1709904601720471688",,,,,,,,,,
"Thu Oct 05 12:11:53 +0000 2023;1709904239743598991;""@IND0_Update @bkpm @DPR_RI @narasitv Investasi Rempang terselesaikan pak Bahlil panutan selalu bertindak cepat #BahlilGercep"";0;0;0;0;in;1608049675944460288;1709849659068547158;saki_lasaka;https://twitter.com/saki_lasaka/status/1709904239743598991",,,,,,,,,,,
"Thu Oct 05 12:10:53 +0000 2023;1709903987988967497;""@firmanmaula10 @SiaranBolaLive Rempang", Kalimantan,Air Banggis dan laen laen, 5/10tahun lagi di jajah habis habisan 🤣," waktunya perang saudara akan menjadi kenyataan 🤣🤣"";0;0;0;2;in;1278328693778034691;1709753047826784605;Arabia_26;https://twitter.com/Arabia_26/status/1709903987988967497",,,,,,,
"Thu Oct 05 12:10:51 +0000 2023;1709903979860348946;""Investasi Rempang tuntas  Pak Bahlil hebat semua terselesaikan https://t.co/OSo4g0rS9j #BahlilGercep"";0;0;0;0;in;1608049675944460288;1709903979860348946;saki_lasaka;https://twitter.com/saki_lasaka/status/1709903979860348946",,,,,,,,,,,
"Thu Oct 05 12:10:03 +0000 2023;1709903777359405218;""@tvOneNews Mana ditahan... bahlil susah bilang... org rempang dibebaskan ada 8 org .. Selebihnya provokator dari luar.. termasuk media ini...."";0;0;0;1;in;1505683483968307202;1709328515026591796;Massthoms;https://twitter.com/Massthoms/status/1709903777359405218",,,,,,,,,,,
"Thu Oct 05 12:09:34 +0000 2023;1709903653669314617;""Investasi Rempang berjalan baik karena gerak cepat dari pak Bahlil  #BahlilGercep https://t.co/cd0TdfeeXU"";0;0;0;0;in;1608049675944460288;1709903653669314617;saki_lasaka;https://twitter.com/saki_lasaka/status/1709903653669314617",,,,,,,,,,,
"Thu Oct 05 12:08:59 +0000 2023;1709903509918044668;""@zella_fahira @BayuGorontalo @nahdatululama2 @NahdatulUlama1 @alasantri @SSG_DT @erickthohir @ganjarpranowo @AryaKuntadi @andimapawa @ch_chotimah2 @GusDinSurabaya @driveronline_17 @KerenProlink Tapi anehnya... Kenapa Erick Thohir tidak perduli dengan investasi di Rempang? Kenapa BUMN tidak ikut andil dalam PSN di sana?"";0;1;0;0;in;1652026007606689792;1708054227187384585;BangKandar79859;https://twitter.com/BangKandar79859/status/1709903509918044668",,,,,,,,,,,
"Thu Oct 05 12:07:50 +0000 2023;1709903220917825608;""Hi @TaniHitam sudah sebut Rempang dan Batam"," Tabik Hormat dari kami @SolidRempang 💜🔥!"";0;1;0;3;in;1540661450;1709903220917825608;amiryogi;https://twitter.com/amiryogi/status/1709903220917825608",,,,,,,,,,
"Thu Oct 05 12:06:51 +0000 2023;1709902972677976554;""@IND0_Update @bkpm @DPR_RI @narasitv Semangat pak Bahlil Investasi Rempang pasti berjalan lancar  #BahlilGercep"";0;0;0;0;in;1657960573638950912;1709849659068547158;_lisarara;https://twitter.com/_lisarara/status/1709902972677976554",,,,,,,,,,,
"Thu Oct 05 12:06:36 +0000 2023;1709902906986803340;""@VIVAcoid Lah belum selesai juga ternyata. Gimana nasib warga pulau Rempang ya yang dijanjikan AKAN 😁"";0;0;0;2;in;1653260978111541253;1709834197249163504;jarwokanghutang;https://twitter.com/jarwokanghutang/status/1709902906986803340",,,,,,,,,,,
"Thu Oct 05 12:06:04 +0000 2023;1709902775763771847;""@amiryogi gas"," rempang harus revolusi tuh. Jangan mau diusir dri tanah sendiri."";1;0;2;10;in;1057323143147139073;1709902460050079814;TaniHitam;https://twitter.com/TaniHitam/status/1709902775763771847",,,,,,,,,,
"Thu Oct 05 12:05:40 +0000 2023;1709902674756542466;""Dukung pak Bahlil tuntaskan Investasi Rempang segera terselesaikan dan dampak positif segera dirasakan #BahlilGercep https://t.co/WQuFID6nwl"";0;0;0;0;in;1657960573638950912;1709902674756542466;_lisarara;https://twitter.com/_lisarara/status/1709902674756542466",,,,,,,,,,,
"Thu Oct 05 12:05:37 +0000 2023;1709902659573219621;""@afriadi14 @Resty_J_Cayah @KPK_RI @limpo @NasDem rempang gagal limpo pun gagal apalagi skenario mrk"";0;1;0;6;in;1478499014744018945;1709894292574241099;Su3mul;https://twitter.com/Su3mul/status/1709902659573219621",,,,,,,,,,,
"Thu Oct 05 12:04:14 +0000 2023;1709902311882137666;""Semoga Investasi Rempang terselesaikan dengan baik pak Bahlil.. salut pak terselesaikan semua https://t.co/QhWW2qjoeF #BahlilGercep"";0;0;0;0;in;1657960573638950912;1709902311882137666;_lisarara;https://twitter.com/_lisarara/status/1709902311882137666",,,,,,,,,,,
"Thu Oct 05 12:03:26 +0000 2023;1709902111390232956;""@sandalista1789 Dan pulau rempang…"";0;0;0;1;in;783515635703750656;1709737209702867362;tommyhpamungkas;https://twitter.com/tommyhpamungkas/status/1709902111390232956",,,,,,,,,,,
"Thu Oct 05 12:03:12 +0000 2023;1709902053504651326;""@democrazymedia Urusan Begini Saja Mulai Dulu Belum Beres"," Mau Menjanjikan Lahan Rempang Yang KataX Diganti Untung 🤮🤮🤮"";0;1;1;13;in;1490014209840533511;1709896213146067376;AnsyariNasrull2;https://twitter.com/AnsyariNasrull2/status/1709902053504651326",,,,,,,,,,
"Thu Oct 05 12:02:30 +0000 2023;1709901875976532286;""@IND0_Update @bkpm @DPR_RI @narasitv Investasi Rempang juga nantinya akan berdampak positif ke masyarakat sekitar ya pak #BahlilGercep"";0;0;0;0;in;1657957514179383297;1709849659068547158;allodiahh;https://twitter.com/allodiahh/status/1709901875976532286",,,,,,,,,,,
"Thu Oct 05 12:01:04 +0000 2023;1709901514859524260;""Lawan Premanisme Menteri Bahlil Pada Kader HMI Di Aksi Peduli Rempang! https://t.co/7vlYiaZo64 via @Piye Kabare"";0;0;0;0;in;1639644165104623617;1709901514859524260;AbdullahAm16728;https://twitter.com/AbdullahAm16728/status/1709901514859524260",,,,,,,,,,,
"Thu Oct 05 12:01:01 +0000 2023;1709901502813438425;""Investasi Rempang terkendali ya pak berkat ada pak Bahlil.. gerak cepat patut diapresiasi  #BahlilGercep https://t.co/88knzetos2"";0;0;0;0;in;1657957514179383297;1709901502813438425;allodiahh;https://twitter.com/allodiahh/status/1709901502813438425",,,,,,,,,,,
"Thu Oct 05 12:00:51 +0000 2023;1709901462808211735;""Kenapa BP Batam Kuasai Hak Pengelolaan Lahan Pulau Rempang"," Begini Penjelasannya! https://t.co/85DoUFutC7"";0;0;0;0;in;1643093405302652928;1709901462808211735;PhotoBnp77308;https://twitter.com/PhotoBnp77308/status/1709901462808211735",,,,,,,,,,
"Thu Oct 05 11:59:15 +0000 2023;1709901059181990245;""Buku Timun Mas : Cerita Rakyat Indonesia (Jawa) by Rahmah Asa https://t.co/lp1x1plgVA batik air SMRC Rempang Robin #JumatBerkah Jenglot Chopper #AniesMuhaimin2024 Batalin Pagiii https://t.co/ky0y9ogIyM https://t.co/3w8Pj25a3M"";0;0;0;0;in;1692294948882923521;1709901059181990245;librari_alvabet;https://twitter.com/librari_alvabet/status/1709901059181990245",,,,,,,,,,,
"Thu Oct 05 11:58:54 +0000 2023;1709900971353248166;""Investasi Rempang semoga berjalan lancar tanpa ada kendala pak Bahlil 🙏 https://t.co/fhyFLogwQp #BahlilGercep"";0;0;0;0;in;1657957514179383297;1709900971353248166;allodiahh;https://twitter.com/allodiahh/status/1709900971353248166",,,,,,,,,,,
"Thu Oct 05 11:57:25 +0000 2023;1709900597863047409;""@unnesmenfess wkwk riil anjg smrg panasnya lebi nyelekit drpd rembang"";0;0;0;0;in;1279779315643633664;1709858454998069732;r4vencl0wn;https://twitter.com/r4vencl0wn/status/1709900597863047409",,,,,,,,,,,
"Thu Oct 05 11:57:23 +0000 2023;1709900591013740588;""Rempang Milik Adat",, Sblm Indonesia merdeka mereka sdh berdomsili di sana ketika,,,  Ketika Indonesia merdeka maka tanah2 yg dikuasai belanda kemudian di Nationalisasikan,,  Artinya Riwayat Kepemilikan itu berawal dari Tanah adat yg di serobot Oleh Penguasa,,  Itu dasarnya,,";0;0;0;0;in;1732140188;1709900591013740588;whysato2;https://twitter.com/whysato2/status/1709900591013740588
Thu Oct 05 11:55:23 +0000 2023;1709900083989487977;@Li9ayaTalaChes4 Tolong jgn pernah percaya Media2 yg udah nerima amplop dari bahlil cs soal Rempang kecuali pengakuan dari Masyarakat rempang sendiri ✍"";0;0;0;2;in;1513469864798986240;1709574773133734289;Faraz_kepri;https://twitter.com/Faraz_kepri/status/1709900083989487977"
"Thu Oct 05 11:54:27 +0000 2023;1709899848860807215;""@ganjarpranowo Di istana dan GANJAR CS tolong sampaikan sama kronix dan aparatx tolong hentikan investor cinax/ yg menindas warga rempang", biarin warga REMPANG hidup tenang jangan usir, di gusur/ di geser itu sangat meresahkan," munafik sok nasehati tapi ngatasi warga rempang tak beccus. https://t.co/LV98w5AFm3"";0;0;0;0;in;1586567954837245960;1709866971138073002;AyatulH86561504;https://twitter.com/AyatulH86561504/status/1709899848860807215",,,,,,,,
"Thu Oct 05 11:53:58 +0000 2023;1709899728425828487;""Buku TRUTH : TEMUKAN RASA UTUHMU"," TEMUKAN HIDUP by SOPHIE NAVITA https://t.co/Cy9S7qaiDb batik air Rempang Robin Chopper Pagiiii Melayu #AniesMuhaimin2024 Ocha Jenglot #MovingEp17 https://t.co/nCXCYG8Fhd https://t.co/RxfkpFO4vr"";0;0;0;0;in;1692294948882923521;1709899728425828487;librari_alvabet;https://twitter.com/librari_alvabet/status/1709899728425828487",,,,,,,,,,
"Thu Oct 05 11:52:35 +0000 2023;1709899381053530232;""Rempang milik negara. Dengan dalih milik negara", rakyat di Rempang diusir dgn menggunakan aparat gabungan.  Dengan dalih milik negara," Pontjo Sutowo dan PT Indobuildco di usir dengan menggunakan aparat dan Satpol PP.  Setali tiga uang. https://t.co/pIGm8JFFoE"";2;62;23;72;in;114697372;1709899381053530232;musniumar;https://twitter.com/musniumar/status/1709899381053530232",,,,,,,,,
"Thu Oct 05 11:51:33 +0000 2023;1709899119354110333;""Wenak pol ya jadi benalu demokrasi? Bikin aksi pemerintah memfasilitasi", provokasi pun dgn santuynya meski ada pak pulisi. Lalu tanpa rasa malu ngotot sistem khilafah satu2nya solusi.  Konflik agraria gorengan kaporit akhir2 ini," Rempang yg semakin kondusif dikomporin lagi 🔥 https://t.co/sDT4E3h5cv"";2;5;3;22;in;1190419219256504320;1709899119354110333;nimas31;https://twitter.com/nimas31/status/1709899119354110333",,,,,,,,,
"Thu Oct 05 11:49:58 +0000 2023;1709898722417815833;""@VIVAcoid Utamakan saja untuk investasi berbalut PSN bos"," buat apa alutsista toh akhirnya dipakai untuk menindas rakyat Rempang."";0;0;0;0;in;1119551875404034053;1709774967125246160;herman284939026;https://twitter.com/herman284939026/status/1709898722417815833",,,,,,,,,,
"Thu Oct 05 11:48:40 +0000 2023;1709898397065625659;""Buku Librari Ori - Ngaji Fikih (Republish) https://t.co/i0frPOp1cs Kapolsek Putri KW Rempang #AniesMuhaimin2024 #TuankuRakyat #HongKongOpen2023 Al Kahfi Jenglot #MovingEp17 #X14 Narnia Miring https://t.co/kNVDtysb1G https://t.co/cDGnUKMeW6"";0;0;0;0;in;1692294948882923521;1709898397065625659;librari_alvabet;https://twitter.com/librari_alvabet/status/1709898397065625659",,,,,,,,,,,
"Thu Oct 05 11:47:19 +0000 2023;1709898054630019356;""Warga Rempang Mulai Relokasi"," Akhirnya Luluh seusai Diberi Janji Menteri... https://t.co/nXCv465AQE lewat @YouTube https://t.co/WCOcymGjXa"";0;0;0;0;in;1243113157066776576;1709898054630019356;tribunbanten;https://twitter.com/tribunbanten/status/1709898054630019356",,,,,,,,,,
"Thu Oct 05 11:45:44 +0000 2023;1709897658004033790;""Naikin berita tentang pulau rempang dongg"";0;0;0;0;in;1569334431789518850;1709897658004033790;hayelivy;https://twitter.com/hayelivy/status/1709897658004033790",,,,,,,,,,,
"Thu Oct 05 11:44:25 +0000 2023;1709897325471223959;""Kasus Rempang menyulut pecahnya NKRI"";0;0;0;0;in;1171326344359079937;1709897325471223959;mhbmuhib17;https://twitter.com/mhbmuhib17/status/1709897325471223959",,,,,,,,,,,
"Thu Oct 05 11:44:01 +0000 2023;1709897225965560137;""info slot gacor hari ini bosku  ling slot gacor : https://t.co/IXdSFrpDGU  KitaKompak SubiantoMenang Investasi Rempang Indonesia Maju 78 TNI otw wealthy Ginting JagaSmangat UntukPakbowo Dirgahayu TNI Bridestory Pengawal Demokrasi https://t.co/FtcYh8Jq3I"";0;5;18;15;in;2355701972;1709897225965560137;slot_hari;https://twitter.com/slot_hari/status/1709897225965560137",,,,,,,,,,,
"Thu Oct 05 11:43:37 +0000 2023;1709897122659881359;""Takkan Melayu Hilang Di Rempang https://t.co/GoFpSVKlfl"";0;0;1;1;in;1628295488167608322;1709897122659881359;Indonsebrang;https://twitter.com/Indonsebrang/status/1709897122659881359",,,,,,,,,,,
"Thu Oct 05 11:43:23 +0000 2023;1709897065197896078;""Buku Librari Ori - Ngaji Fikih (Republish) https://t.co/i0frPOp1cs Kapolsek Putri KW Rempang #AniesMuhaimin2024 #TuankuRakyat #HongKongOpen2023 Al Kahfi Jenglot #MovingEp17 #X14 Narnia Miring https://t.co/0ntAEY62af https://t.co/xQ0tGkiLqj"";0;0;0;0;in;1692294948882923521;1709897065197896078;librari_alvabet;https://twitter.com/librari_alvabet/status/1709897065197896078",,,,,,,,,,,
"Thu Oct 05 11:41:21 +0000 2023;1709896555053060394;""@VIVAcoid Kl bicara begitu berarti bener mau jadi ketum PDIP kan memang begitu salama ini janji gk impor malah impor janji rempang kasih sertifikat malah digusur ambyar"";0;0;0;1;in;1581835593293918208;1709821119107412460;RelawanAniess;https://twitter.com/RelawanAniess/status/1709896555053060394",,,,,,,,,,,
"Thu Oct 05 11:40:44 +0000 2023;1709896399759008121;""Amien Rais dan Ketum Partai Ummat Ridho Rahmadi Jaminkan Diri untuk Pembebasan Tahanan Rempang  https://t.co/XXu0eu8ZuB  @RidhoRahmadi85 @ridho_alhamdi @realAmienRais @Amien__Rais @DPP_PartaiUmmat"";0;0;0;0;in;1155129834172907521;1709896399759008121;FrontNelayan;https://twitter.com/FrontNelayan/status/1709896399759008121",,,,,,,,,,,
"Thu Oct 05 11:36:14 +0000 2023;1709895267317952949;""@OposisiCerdas Penyerobotan Tanah Warga Rempang"," Nusron Wahid: Apa Bedanya BP Batam dengan VOC? https://t.co/aocQ4IFHZO"";0;0;0;0;in;1618351099605577730;1709892357959962917;Kyaigringsing62;https://twitter.com/Kyaigringsing62/status/1709895267317952949",,,,,,,,,,
"Thu Oct 05 11:36:08 +0000 2023;1709895240516305340;""[LIVE] AQSO Edisi Spesial: Ditemukan Jejak Melayu Rempang dalam Dokumen Sejarah Belanda - UAH https://t.co/87NMk3W8ni"";0;0;1;0;in;1873018076;1709895240516305340;SayaSukaNanas;https://twitter.com/SayaSukaNanas/status/1709895240516305340",,,,,,,,,,,
"Thu Oct 05 11:32:39 +0000 2023;1709894362866549041;""@never_alonely Mafia tanah air Indonesia oleh penyelengara negara Harus diakhiri...@Puspen_TNI @atr_bpn @bkpm @KantahKotaBatam .#Rempang @yanmas_reskrim"";0;0;4;3;in;1605195051084435457;1709706229399081297;sumpanto;https://twitter.com/sumpanto/status/1709894362866549041",,,,,,,,,,,
"Thu Oct 05 11:24:41 +0000 2023;1709892357959962917;""Amien Rais dan Ketum Partai Ummat Jaminkan Diri untuk Pembebasan Warga Rempang https://t.co/t3W8jikJaz"";2;2;136;411;in;887743587579944960;1709892357959962917;OposisiCerdas;https://twitter.com/OposisiCerdas/status/1709892357959962917",,,,,,,,,,,
"Thu Oct 05 11:20:58 +0000 2023;1709891422684647556;""@spectatorindex Rempang vs The Gank"";0;0;0;0;en;1112420700155863040;1709855953179340862;apellll;https://twitter.com/apellll/status/1709891422684647556",,,,,,,,,,,
"Thu Oct 05 11:16:55 +0000 2023;1709890405184205223;""Montessori for Multiple Intelligences https://t.co/FbZgra57EF Narnia #MovingEp17 Azizah Abimana KDRT #MyLovelyLiarEp14 #TXTxDior #____ Rempang https://t.co/CqQzU4RWxj https://t.co/piczNRm0U8"";0;0;0;0;in;1692294948882923521;1709890405184205223;librari_alvabet;https://twitter.com/librari_alvabet/status/1709890405184205223",,,,,,,,,,,
"Thu Oct 05 11:13:57 +0000 2023;1709889656631001481;""@IND0_Update @bkpm @DPR_RI @narasitv Pak Bahlil memang luar biasa. Kinerja beliau sangat tepat dan cara berkomunikasi juga sangat bagus Investasi Rempang #BahlilGercep"";0;0;0;0;in;1668458293793267712;1709849659068547158;Guenandow;https://twitter.com/Guenandow/status/1709889656631001481",,,,,,,,,,,
"Thu Oct 05 11:13:05 +0000 2023;1709889438791389477;""Bener banget"," agar nantinya Investasi Rempang bisa berjalan lancar dan gak ada hambatan lagi  #BahlilGercep https://t.co/EqaxnNiu08"";0;0;0;0;in;1668458293793267712;1709889438791389477;Guenandow;https://twitter.com/Guenandow/status/1709889438791389477",,,,,,,,,,
"Thu Oct 05 11:12:46 +0000 2023;1709889360957722829;""semangat terus pak .kerja keras bapak membawa hasil. Investasi Rempang #BahlilGercep https://t.co/aWeRENXfTP"";0;0;0;0;in;1694635486277771264;1709889360957722829;cindinoe0;https://twitter.com/cindinoe0/status/1709889360957722829",,,,,,,,,,,
"Thu Oct 05 11:12:39 +0000 2023;1709889330490302485;""@IND0_Update @bkpm @DPR_RI @narasitv Pak Bahlil memang super gercep bgt mengatasi masalah Investasi Rempang  #BahlilGercep"";0;0;0;0;in;1667150712248336385;1709849659068547158;dikaidris2;https://twitter.com/dikaidris2/status/1709889330490302485",,,,,,,,,,,
"Thu Oct 05 11:12:17 +0000 2023;1709889240413376977;""@6undul0h Yang preman yang merampok tanah rakyat Rempang"";0;0;0;0;in;1605525046365016065;1709559115020927219;opto1970;https://twitter.com/opto1970/status/1709889240413376977",,,,,,,,,,,
"Thu Oct 05 11:11:42 +0000 2023;1709889090823573782;""@MinmonPS7 Pantesan ngotot mo caplok Rempang"";0;0;0;2;tl;32334648;1709821538839703571;ozzy_sebastian_;https://twitter.com/ozzy_sebastian_/status/1709889090823573782",,,,,,,,,,,
"Thu Oct 05 11:11:38 +0000 2023;1709889073643757999;""Membacakan Nyaring https://t.co/RDd3b0KoZe #MovingEp17 Narnia Azizah KDRT Abimana #MyLovelyLiarEp14 #TXTxDior #____ Halo-Halo Bandung Rempang https://t.co/vDeGJCEUYH https://t.co/3t9kwcJSrm"";0;0;0;0;in;1692294948882923521;1709889073643757999;librari_alvabet;https://twitter.com/librari_alvabet/status/1709889073643757999",,,,,,,,,,,
"Thu Oct 05 11:11:31 +0000 2023;1709889045537669386;""Semoga semunya nanti berjalan lancar untuk Investasi Rempang  #BahlilGercep  https://t.co/v6Qm7SJAt2"";0;0;0;0;in;1667150712248336385;1709889045537669386;dikaidris2;https://twitter.com/dikaidris2/status/1709889045537669386",,,,,,,,,,,
"Thu Oct 05 11:10:46 +0000 2023;1709888859360960867;""Dalam kesempatan ini"," Pak Bahlil juga menyampaikan kalau pemerintah harus berpihak kepada masyarakat tapi juga jangan sampai investasi yang bakal meningkatkan perekonomian kita ini berhenti  Investasi Rempang #BahlilGercep https://t.co/5RBDN23Zql"";0;0;0;0;in;1668458293793267712;1709888859360960867;Guenandow;https://twitter.com/Guenandow/status/1709888859360960867",,,,,,,,,,
"Thu Oct 05 11:10:34 +0000 2023;1709888806869225755;""@nadialipah @anwaribrahim Nak bertukar pemerintah siapapun", nak Anwar Ibrahim di Malaysia, Anies Baswedan di Indonesia. Pemaju dan Pelabur dipaksa untuk menang.  Tak ingat ke bulan lalu kat pulau Rempang Batam Riau," penduduk dipaksa untuk diusir dan dipindahkan? 😡"";0;0;0;0;in;1540661450;1709790364520112393;amiryogi;https://twitter.com/amiryogi/status/1709888806869225755",,,,,,,,
"Thu Oct 05 11:10:25 +0000 2023;1709888770156409322;""Terungkap Korupsi Setoran UWT Rempang Eco City Rp 3",6 Triliun Oktober 04," 2023  https://t.co/lZ4Hmt7sv8"";0;0;0;0;in;1496351386300477443;1709888770156409322;KagoyaSilas;https://twitter.com/KagoyaSilas/status/1709888770156409322",,,,,,,,,
"Thu Oct 05 11:09:24 +0000 2023;1709888515214078416;""Nak bertukar pemerintah siapapun", nak Anwar Ibrahim di Malaysia, Anies Baswedan di Indonesia. Pemaju dan Pelabur dipaksa untuk menang.  Tak ingat ke bulan lalu kat pulau Rempang Batam Riau," penduduk dipaksa diusir dan dipindahkan? 😡"";0;0;1;0;in;1540661450;1709888515214078416;amiryogi;https://twitter.com/amiryogi/status/1709888515214078416",,,,,,,,
"Thu Oct 05 11:08:49 +0000 2023;1709888364932120987;""semangat pak"," kerja keras yang sangat bagus . Investasi Rempang #BahlilGercep https://t.co/oZ1M7GdwpP"";0;0;0;0;in;1694601431368740864;1709888364932120987;delianan99;https://twitter.com/delianan99/status/1709888364932120987",,,,,,,,,,
"Thu Oct 05 11:08:30 +0000 2023;1709888288356708758;""Rekomendasi Sandal Heels  ShaniStoriaFinita SebentarLagi2024 YangHappyHappyAja TibaTibaOktober Dirgahayu TNI KPAI PBSI NA JAEMIN YOU DID WELL Investasi Rempang ginting Jorji 3D FIRST WIN YOU AND ME BY JENNIE Na PD Pandawara Nescafe Lisa Jeongwoo NCT 127 COMEBACK TOMORROW JENO"";0;0;126;144;in;1486668303992975362;1709888288356708758;naaa2116;https://twitter.com/naaa2116/status/1709888288356708758",,,,,,,,,,,
"Thu Oct 05 11:08:30 +0000 2023;1709888286922354967;""Investasi Rempang memang harus jalan agar lebih maju lagi.   #BahlilGercep https://t.co/41KX0au8xW"";0;0;0;0;in;1667150712248336385;1709888286922354967;dikaidris2;https://twitter.com/dikaidris2/status/1709888286922354967",,,,,,,,,,,
"Thu Oct 05 11:08:04 +0000 2023;1709888179258745320;""@IND0_Update @bkpm @DPR_RI @narasitv Wajar beliau dapat apresiasi"," karna memang kinerja beliau nyata dan totalitas banget Investasi Rempang #BahlilGercep"";0;0;0;0;in;1668443887424397313;1709849659068547158;Guedhikaa;https://twitter.com/Guedhikaa/status/1709888179258745320",,,,,,,,,,
"Thu Oct 05 11:07:28 +0000 2023;1709888028351819977;""keren pak bahlil"," kerja keras tidak akan menghianati hasil. Investasi Rempang #BahlilGercep https://t.co/NlJlUR6fIk"";0;0;0;0;in;1630920593481809920;1709888028351819977;resaraharja;https://twitter.com/resaraharja/status/1709888028351819977",,,,,,,,,,
"Thu Oct 05 11:07:20 +0000 2023;1709887994218562029;""Alhamdulillah banyak pihak yang mendukung usaha beliau agar Investasi Rempang berjalan lancar  #BahlilGercep https://t.co/vNW2bsaZVq"";0;0;0;0;in;1668443887424397313;1709887994218562029;Guedhikaa;https://twitter.com/Guedhikaa/status/1709887994218562029",,,,,,,,,,,
"Thu Oct 05 11:06:10 +0000 2023;1709887700487245875;""Abdul Hakim pun mendukung langkah Menteri Bahlil agar investasi di Pulau Rempang ini berjalan dengan baik tanpa mengabaikan hak-hak masyarakat setempat. Investasi Rempang #BahlilGercep https://t.co/NgGhmwtyaX"";0;0;0;0;in;1668443887424397313;1709887700487245875;Guedhikaa;https://twitter.com/Guedhikaa/status/1709887700487245875",,,,,,,,,,,
"Thu Oct 05 11:05:45 +0000 2023;1709887595440926964;""kerja keras yang sangat luat biasa pak Bahlil. Investasi Rempang #BahlilGercep https://t.co/vvjrFaLwxS"";0;0;0;0;in;1629499546660376576;1709887595440926964;mayachan69;https://twitter.com/mayachan69/status/1709887595440926964",,,,,,,,,,,
"Thu Oct 05 11:05:38 +0000 2023;1709887564306604224;""@IND0_Update @bkpm @DPR_RI @narasitv Pak Bahlil satset banget mengatasi masalah Investasi Rempang  #BahlilGercep"";0;0;0;0;in;1667301724296736768;1709849659068547158;saputradani6789;https://twitter.com/saputradani6789/status/1709887564306604224",,,,,,,,,,,
"Thu Oct 05 11:05:06 +0000 2023;1709887431066202302;""Amien Rais dan Ketum Partai Ummat Turun ke Pulau Rempang https://t.co/HLr58Yomaa"";0;0;7;13;in;1216815734233264128;1709887431066202302;IDNTimesSumut;https://twitter.com/IDNTimesSumut/status/1709887431066202302",,,,,,,,,,,
"Thu Oct 05 11:05:03 +0000 2023;1709887418823016895;""@carson_gianluca @swiftiiesss @intinyabuatjbjb @tanyakanrl Iya mirip kak"," b3danya kalau pati rembang agak rendah. Ga kyak kudus pati"";0;0;0;0;in;1613152786669252613;1709732639966429493;imperfectyoja;https://twitter.com/imperfectyoja/status/1709887418823016895",,,,,,,,,,
"Thu Oct 05 11:04:35 +0000 2023;1709887303567692108;""harus diapresiasi ini cara kerja pak Bahlil. Investasi Rempang #BahlilGercep https://t.co/rR5yVER2dF"";0;0;0;0;in;1638110818968678401;1709887303567692108;adindapasai;https://twitter.com/adindapasai/status/1709887303567692108",,,,,,,,,,,
"Thu Oct 05 11:03:56 +0000 2023;1709887139704631576;""@IND0_Update @bkpm @DPR_RI @narasitv Asli gua seneng banget"," akhirnya permasalahan disana bisa teratasi dengan baik. Terimakasih pak Bahlil Investasi Rempang #BahlilGercep"";0;0;0;0;in;1667716727353020416;1709849659068547158;Baskarraw;https://twitter.com/Baskarraw/status/1709887139704631576",,,,,,,,,,
"Thu Oct 05 11:03:34 +0000 2023;1709887044531691725;""@CSzipel_ yuk bisa yuk pak @bahlillahadalia semakin cepat jalanin Investasi Rempang bakalan semakin baik buat para warga  #BahlilGercep"";0;0;0;0;in;1107780642987630592;1709850914943869266;finaa342;https://twitter.com/finaa342/status/1709887044531691725",,,,,,,,,,,
"Thu Oct 05 11:03:33 +0000 2023;1709887042803655147;""Memang cara komunikasi pak Bahlil dengan warga rempang untuk Investasi Rempang patut di ancungi jempol  #BahlilGercep https://t.co/8oy5zHWrpI"";0;0;0;0;in;1667301724296736768;1709887042803655147;saputradani6789;https://twitter.com/saputradani6789/status/1709887042803655147",,,,,,,,,,,
"Thu Oct 05 11:03:17 +0000 2023;1709886972570054831;""Menteri Investasi/Kepala BKPM"," Bahlil tegaskan bakal turun terus selesaikan persoalan di Pulau Rempang. Hal itu sesuai arahan Presiden Jokowi https://t.co/cI3pHZflSH"";0;1;0;1;in;23343960;1709886972570054831;kompascom;https://twitter.com/kompascom/status/1709886972570054831",,,,,,,,,,
"Thu Oct 05 11:02:53 +0000 2023;1709886872720380001;""Bener banget pak"," lebih cepat diterbitkan Perpresnya makan akan lebih baik juga  Investasi Rempang #BahlilGercep https://t.co/90DOEVVfDo"";0;0;0;0;in;1667716727353020416;1709886872720380001;Baskarraw;https://twitter.com/Baskarraw/status/1709886872720380001",,,,,,,,,,
"Thu Oct 05 11:02:02 +0000 2023;1709886659020619844;""@sbkbcau iy rembang dong walaupun panas ttp slay"";0;0;0;0;in;1270549272417595394;1709871889173422282;awrachmaaa;https://twitter.com/awrachmaaa/status/1709886659020619844",,,,,,,,,,,
"Thu Oct 05 11:01:46 +0000 2023;1709886590846460399;""Nah kalau orang yang tepat turun langsung pasti permasalahan bisa teratasi dengan baik. Good job pak Bahlil  Investasi Rempang #BahlilGercep https://t.co/HyJnWRDVTS"";0;0;0;0;in;1667716727353020416;1709886590846460399;Baskarraw;https://twitter.com/Baskarraw/status/1709886590846460399",,,,,,,,,,,
"Thu Oct 05 11:00:00 +0000 2023;1709886149534380524;""Memalukan! Menteri Bahlil Pakai Preman Bayaran Bubarkan Aksi HMI Bela Rempang  https://t.co/wobHMYra5c"";0;0;0;0;in;853782937782714368;1709886149534380524;radaraktual;https://twitter.com/radaraktual/status/1709886149534380524",,,,,,,,,,,
"Thu Oct 05 10:59:54 +0000 2023;1709886121361256804;""Ini semua terjadi berkat kerja keras Pak Bahlil untuk Investasi Rempang  #BahlilGercep https://t.co/JKm9HVCvcm"";0;0;0;0;in;1667301724296736768;1709886121361256804;saputradani6789;https://twitter.com/saputradani6789/status/1709886121361256804",,,,,,,,,,,
"Thu Oct 05 10:58:44 +0000 2023;1709885828112212253;""Menteri investasi pak bahlil dapet apresiasi sih hal yg wajar"," melihat kinerja nya yg baik soal Investasi Rempang ini #BahlilGercep https://t.co/EZVELkEGcI"";0;0;0;0;in;1606784091751616512;1709885828112212253;popppular67;https://twitter.com/popppular67/status/1709885828112212253",,,,,,,,,,
"Thu Oct 05 10:58:38 +0000 2023;1709885804817125841;""sangat mengapresiasi prestasi pak Bahlil. dan semoga bapak bisa turun tangan mengatasi masalah pulau . Investasi Rempang #BahlilGercep https://t.co/fTBoMRsH11"";0;0;0;0;in;1694605568059822081;1709885804817125841;miracacaz;https://twitter.com/miracacaz/status/1709885804817125841",,,,,,,,,,,
"Thu Oct 05 10:57:56 +0000 2023;1709885627968393299;""@IND0_Update @bkpm @DPR_RI @narasitv Semoga semuanya berakhir dengan baik Investasi Rempang  #BahlilGercep"";0;0;0;0;in;1676066409594621952;1709849659068547158;BobihuAmel;https://twitter.com/BobihuAmel/status/1709885627968393299",,,,,,,,,,,
"Thu Oct 05 10:57:51 +0000 2023;1709885604983718390;""Kinerja menteri investasi bahlil gercep bgt ga sih"," semoga Investasi Rempang lancar #BahlilGercep https://t.co/mWCBKiP5Ds"";0;0;0;0;in;1606784091751616512;1709885604983718390;popppular67;https://twitter.com/popppular67/status/1709885604983718390",,,,,,,,,,
"Thu Oct 05 10:56:59 +0000 2023;1709885386888261923;""@IND0_Update @bkpm @DPR_RI @narasitv Kinerja pak Bahlil emang gak usah diragukan lagi. Serba cepat dan tepat sasaran Investasi Rempang #BahlilGercep"";0;0;0;0;in;1644214153916346374;1709849659068547158;Mohapaif;https://twitter.com/Mohapaif/status/1709885386888261923",,,,,,,,,,,
"Thu Oct 05 10:56:55 +0000 2023;1709885370606010587;""Wah"," bapak bahlil sangat pintar . kerja cepat dan tanggap. Investasi Rempang #BahlilGercep https://t.co/q3LQnhIQl7"";0;0;0;0;in;1694607710896226304;1709885370606010587;muliaanisac;https://twitter.com/muliaanisac/status/1709885370606010587",,,,,,,,,,
"Thu Oct 05 10:56:33 +0000 2023;1709885279467974871;""Dpr ikut arahan bahlil terkait Investasi Rempang #BahlilGercep https://t.co/DmktLpWx3e"";0;0;0;0;in;1304248304377589760;1709885279467974871;___justasusual;https://twitter.com/___justasusual/status/1709885279467974871",,,,,,,,,,,
"Thu Oct 05 10:56:24 +0000 2023;1709885243090772293;""Akhirnya masyarakat menyetujui Investasi Rempang"," semuanya berkat ide Pak Bahlil  #BahlilGercep https://t.co/QYxgVOkDVW"";0;0;0;0;in;1676066409594621952;1709885243090772293;BobihuAmel;https://twitter.com/BobihuAmel/status/1709885243090772293",,,,,,,,,,
"Thu Oct 05 10:56:20 +0000 2023;1709885223226527908;""Gua dukung banget DPR bentuk tim khusus ini  Investasi Rempang #BahlilGercep https://t.co/cm0nfbO5SR"";0;0;0;0;in;1644214153916346374;1709885223226527908;Mohapaif;https://twitter.com/Mohapaif/status/1709885223226527908",,,,,,,,,,,
"Thu Oct 05 10:55:36 +0000 2023;1709885039163723905;""Mantap pakkk"," laksanakan tugasmu dengan baik. Investasi Rempang #BahlilGercep https://t.co/SgUNG1ceoW"";0;0;0;0;in;1694610036964925440;1709885039163723905;angelawibuu;https://twitter.com/angelawibuu/status/1709885039163723905",,,,,,,,,,
"Thu Oct 05 10:55:13 +0000 2023;1709884942593966138;""Masyarakat sudah setuju"," itu artinya Investasi Rempang bisa segera jalan #BahlilGercep https://t.co/ilzktlfNBN"";0;0;0;0;in;1644214153916346374;1709884942593966138;Mohapaif;https://twitter.com/Mohapaif/status/1709884942593966138",,,,,,,,,,
"Thu Oct 05 10:54:50 +0000 2023;1709884846267625782;""Ikutilah arahan pak Bahlil agar Investasi Rempang lancar  #BahlilGercep https://t.co/fYeuOBfOJ8"";0;0;0;0;in;1676066409594621952;1709884846267625782;BobihuAmel;https://twitter.com/BobihuAmel/status/1709884846267625782",,,,,,,,,,,
"Thu Oct 05 10:54:32 +0000 2023;1709884772938551387;""sangat keren pak Bahlil. Investasi Rempang #BahlilGercep https://t.co/betUlitIXV"";0;0;0;0;in;1694640196917284865;1709884772938551387;nanakimmy17;https://twitter.com/nanakimmy17/status/1709884772938551387",,,,,,,,,,,
"Thu Oct 05 10:53:50 +0000 2023;1709884596664578480;""Emg cocok diapresiasi sih"," karna pak bahlil bijak dalam mengatasi permasalahan dan Investasi Rempang ini #BahlilGercep https://t.co/Gl28McS2zs"";0;0;0;0;in;1304248304377589760;1709884596664578480;___justasusual;https://twitter.com/___justasusual/status/1709884596664578480",,,,,,,,,,
"Thu Oct 05 10:53:49 +0000 2023;1709884593963425898;""Sangat mengapresiasi kerja pak Bahlil dalam mengatasi pulau rempang . Investasi Rempang #BahlilGercep https://t.co/CdC4OpqiGk"";0;0;0;0;in;1694640196917284865;1709884593963425898;nanakimmy17;https://twitter.com/nanakimmy17/status/1709884593963425898",,,,,,,,,,,
"Thu Oct 05 10:53:15 +0000 2023;1709884448668549352;""@IND0_Update @bkpm @DPR_RI @narasitv Ini semua berkat pendekatan pak Bahlil yg adem. Investasi Rempang  #BahlilGercep"";0;0;0;0;in;544195781;1709849659068547158;MegaYantu;https://twitter.com/MegaYantu/status/1709884448668549352",,,,,,,,,,,
"Thu Oct 05 10:52:42 +0000 2023;1709884311527469422;""@IND0_Update @bkpm @DPR_RI @narasitv Keren"," pak Bahlil mendapat apresiasi dari sejumlah pihak termasuk DPR Investasi Rempang #BahlilGercep"";0;0;0;0;in;1644364427616223232;1709849659068547158;Gundartyo;https://twitter.com/Gundartyo/status/1709884311527469422",,,,,,,,,,
"Thu Oct 05 10:52:37 +0000 2023;1709884291994574969;""Kinerja bahlil dalam Investasi Rempang emang patut diapresiasi sih #BahlilGercep  https://t.co/TWiFLXQibq"";0;0;0;0;in;1600010876014460934;1709884291994574969;exoblaugrana;https://twitter.com/exoblaugrana/status/1709884291994574969",,,,,,,,,,,
"Thu Oct 05 10:51:54 +0000 2023;1709884108208546199;""Sekarang saatnya semua pihak bisa saling bekerja sama agar nantinya Investasi Rempang bisa berjalan lancar #BahlilGercep https://t.co/D2E95DfXsb"";0;0;0;0;in;1644364427616223232;1709884108208546199;Gundartyo;https://twitter.com/Gundartyo/status/1709884108208546199",,,,,,,,,,,
"Thu Oct 05 10:50:38 +0000 2023;1709883788833231252;""DPR apresiasi cara Menteri Bahlil tangani konflik di Pulau Rempang"," dan berani menyampaikan akar permasalahannya  Investasi Rempang #BahlilGercep https://t.co/sAqrcjrttl"";0;0;0;0;in;1644364427616223232;1709883788833231252;Gundartyo;https://twitter.com/Gundartyo/status/1709883788833231252",,,,,,,,,,
"Thu Oct 05 10:50:31 +0000 2023;1709883762987966514;""Salut banget sama Pak Bahlil. Beliau terbuka"," blakblakan dan tak ada yg ditutupi mengenai Investasi Rempang  #BahlilGercep  https://t.co/VTwn7iq2vZ"";0;0;0;0;in;544195781;1709883762987966514;MegaYantu;https://twitter.com/MegaYantu/status/1709883762987966514",,,,,,,,,,
"Thu Oct 05 10:50:27 +0000 2023;1709883745153753553;""Semoga kinerjanya semakin bagus dan tidak ada yg dirugikan dalam Investasi Rempang ini ya pak #BahlilGercep https://t.co/kQTOuDgWY4"";0;0;0;0;in;1600010876014460934;1709883745153753553;exoblaugrana;https://twitter.com/exoblaugrana/status/1709883745153753553",,,,,,,,,,,
"Thu Oct 05 10:49:17 +0000 2023;1709883449123983366;""#MelayuMelawanKebohongan Dampak investasi yg ugal2an. Dng disahkannya UUCK"," kasus Rempang akan terus berulang krn dng UUCK investasi  itu segalanya dan rakyat bs digusur dan digeser sana sini krn bukan faktor utama yg hrs diprioritaskan hak2nya https://t.co/cunNgAAJh1"";0;0;0;0;in;175442007;1709883449123983366;ecosocrights;https://twitter.com/ecosocrights/status/1709883449123983366",,,,,,,,,,
"Thu Oct 05 10:47:46 +0000 2023;1709883069656969459;""@SiaranBolaLive screenshot ini. daerah ikn bakal jadi kek rempang ttg eksploitasi lahan", penggusuran scr paksa," dll."";0;0;0;0;in;1526728618730082304;1709753047826784605;cappuciky;https://twitter.com/cappuciky/status/1709883069656969459",,,,,,,,,
"Thu Oct 05 10:47:14 +0000 2023;1709882935304929643;""@IND0_Update @bkpm @DPR_RI @narasitv Nah ini"," terbukti kan kinerja pak Bahlil emang gak main main Investasi Rempang #BahlilGercep"";0;0;0;0;in;1639794869937012737;1709849659068547158;Gueeddi;https://twitter.com/Gueeddi/status/1709882935304929643",,,,,,,,,,
"Thu Oct 05 10:46:46 +0000 2023;1709882816715268514;""@IND0_Update @bkpm @DPR_RI @narasitv Salut sama kinerja pk bahlil yg satset soal Investasi Rempang  #BahlilGercep"";0;0;0;0;in;1606784091751616512;1709849659068547158;popppular67;https://twitter.com/popppular67/status/1709882816715268514",,,,,,,,,,,
"Thu Oct 05 10:46:40 +0000 2023;1709882792597934261;""Investasi Rempang bisa kembali berjalan ini semua berkat kerja keras pak Bahlil #BahlilGercep https://t.co/K0JoLRROEu"";0;0;0;0;in;1639794869937012737;1709882792597934261;Gueeddi;https://twitter.com/Gueeddi/status/1709882792597934261",,,,,,,,,,,
"Thu Oct 05 10:45:56 +0000 2023;1709882608891641875;""Gua akui gaya komunikasi pak Bahlil ini bagus banget hingga bisa jalin kesepakatan mengenai Investasi Rempang #BahlilGercep https://t.co/BWtT3KlJh0"";0;0;0;0;in;1639794869937012737;1709882608891641875;Gueeddi;https://twitter.com/Gueeddi/status/1709882608891641875",,,,,,,,,,,
"Thu Oct 05 10:45:37 +0000 2023;1709882530038751488;""Relokasi Warga Rempang oleh BP Batam Terbaru"," 6 KK Disebut Bukan Warga Asli https://t.co/jCjVeOIGNE lewat @YouTube"";0;0;0;1;in;115936810;1709882530038751488;tribunpontianak;https://twitter.com/tribunpontianak/status/1709882530038751488",,,,,,,,,,
"Thu Oct 05 10:45:18 +0000 2023;1709882449201902021;""@IND0_Update @bkpm @DPR_RI @narasitv Bahlil emg pantas dipuji karna kinerjanya atas Investasi Rempang cepat bgt #BahlilGercep"";0;0;0;0;in;1304248304377589760;1709849659068547158;___justasusual;https://twitter.com/___justasusual/status/1709882449201902021",,,,,,,,,,,
"Thu Oct 05 10:45:18 +0000 2023;1709882447847117089;""sangat patut di apresiasi . kerja keras pak Bahlil sangat cepat . Investasi Rempang #BahlilGercep https://t.co/6kDUIQPPVu"";0;0;0;0;in;1694638376849375232;1709882447847117089;lanilami;https://twitter.com/lanilami/status/1709882447847117089",,,,,,,,,,,
"Thu Oct 05 10:44:10 +0000 2023;1709882165243351495;""REAKSI MELAYU 5 NEGARA BP. BATAM BAHLIL LAHADALIA"," MUHAMMAD RUDI PEMBOHONG STATUS PENGELOLAAN PULAU REMPANG....‼️  #JokowiPenghancurNKRI #JokowiPenghancurNKRI 🆘🆗  https://t.co/jFlNIAwXdB"";1;0;8;11;in;1679184284098367489;1709882165243351495;P3n99u94t_;https://twitter.com/P3n99u94t_/status/1709882165243351495",,,,,,,,,,
"Thu Oct 05 10:43:59 +0000 2023;1709882117646422102;""Terimakasih pak Bahlil telah membantu warga rempang. Investasi Rempang  #BahlilGercep https://t.co/RLFtdc5pbN"";0;0;0;0;in;544195781;1709882117646422102;MegaYantu;https://twitter.com/MegaYantu/status/1709882117646422102",,,,,,,,,,,
"Thu Oct 05 10:43:59 +0000 2023;1709882116744548720;""@IND0_Update @bkpm @DPR_RI @narasitv Pak Bahlil memang yang terbaik. Sukses selalu pak Investasi Rempang #BahlilGercep"";0;0;0;0;in;1639790175260921856;1709849659068547158;Guedikdik;https://twitter.com/Guedikdik/status/1709882116744548720",,,,,,,,,,,
"Thu Oct 05 10:43:58 +0000 2023;1709882114051805457;""semoga masalah terselesaikan dengan cepat. Investasi Rempang #BahlilGercep https://t.co/eiHSebOSpC"";0;0;0;0;in;1694596075397730304;1709882114051805457;cupicupiwa;https://twitter.com/cupicupiwa/status/1709882114051805457",,,,,,,,,,,
"Thu Oct 05 10:43:35 +0000 2023;1709882018082001159;""Kondisi Terkini Relokasi Rempang"," Warga Angkut Barang &amp  Tinggalkan Rumah                                        Tautan: https://t.co/SY3e2xuP39 https://t.co/1b4wVkaHAG"";0;0;0;1;in;956830843086884864;1709882018082001159;KoranTJVideo;https://twitter.com/KoranTJVideo/status/1709882018082001159",,,,,,,,,,
"Thu Oct 05 10:43:32 +0000 2023;1709882003338809453;""Gua salut banget dengan kerja keras beliau sehingga dapat hasil yang baik Investasi Rempang #BahlilGercep https://t.co/wJFZpP7l80"";0;0;0;0;in;1639790175260921856;1709882003338809453;Guedikdik;https://twitter.com/Guedikdik/status/1709882003338809453",,,,,,,,,,,
"Thu Oct 05 10:43:25 +0000 2023;1709881974360568259;""wah keren banget pak Bahlil"," seneng deh ada menteri yang sat set . Investasi Rempang #BahlilGercep https://t.co/ZS0Bsmbhrp"";0;0;0;0;in;1694596075397730304;1709881974360568259;cupicupiwa;https://twitter.com/cupicupiwa/status/1709881974360568259",,,,,,,,,,
"Thu Oct 05 10:42:35 +0000 2023;1709881763005341991;""wah keren banget . Investasi Rempang #BahlilGercep https://t.co/IeEQ9YEj2s"";0;0;0;0;in;1694637371021762560;1709881763005341991;Ariskanami;https://twitter.com/Ariskanami/status/1709881763005341991",,,,,,,,,,,
"Thu Oct 05 10:42:06 +0000 2023;1709881644189143312;""Ditangan pak Bahlil masalah Investasi Rempang bisa teratasi #BahlilGercep https://t.co/ZujJ7vBmnj"";0;0;0;0;in;1639790175260921856;1709881644189143312;Guedikdik;https://twitter.com/Guedikdik/status/1709881644189143312",,,,,,,,,,,
"Thu Oct 05 10:42:04 +0000 2023;1709881633678262690;""@Ge1Te Kejahatn Bahlil harus diproses karna semua yg menyangkut dlm Program kesejahteraan Rakyat tdk harus melakukan Penindasan terhadar rakyat itu sendiri.. dan investasi Rempang adalah KEJAHATAN KEMANUSIAAN yg dilakukan secara terstruktur"," terorganisir oleh Pemerintah. ini konspirasi."";0;1;0;1;in;1660885617306406912;1709872743343342076;zaqila959;https://twitter.com/zaqila959/status/1709881633678262690",,,,,,,,,,
"Thu Oct 05 10:41:29 +0000 2023;1709881486898540773;""@rosenverre boleh"," dari rembang ke rengasdengklok ya"";0;0;0;1;in;2498110579;1709877737601880115;Valiant_88;https://twitter.com/Valiant_88/status/1709881486898540773",,,,,,,,,,
"Thu Oct 05 10:41:11 +0000 2023;1709881413120704823;""wah"," keren banget pak .salut dengan bapak . Investasi Rempang #BahlilGercep https://t.co/XfkCqDm9yV"";0;0;0;0;in;1619327062308970497;1709881413120704823;zenaajarine;https://twitter.com/zenaajarine/status/1709881413120704823",,,,,,,,,,
"Thu Oct 05 10:40:07 +0000 2023;1709881142479147369;""Konflik TNI-Sipil"," Warga Rumpin Tolak Pengukuran Lahan: Jangan Jadikan Rempang Kedua #TempoMetro https://t.co/zLR9OUc60N"";5;6;346;542;in;18129942;1709881142479147369;tempodotco;https://twitter.com/tempodotco/status/1709881142479147369",,,,,,,,,,
"Thu Oct 05 10:39:07 +0000 2023;1709880890946629957;""Kasus Rempang sudah mulai terselesaikan"," sementara oknum-oknum eks HTI terus saja mengompori.  Menarik-narik ke isu etnis dan agama. https://t.co/8qewkwyBtI"";0;1;1;8;in;10876642;1709880285133959375;Cutes_Zee;https://twitter.com/Cutes_Zee/status/1709880890946629957",,,,,,,,,,
"Thu Oct 05 10:37:41 +0000 2023;1709880532497269087;""@IND0_Update @bkpm @DPR_RI @narasitv Pak Bahlil memang gercep banget mengatasi masalah Investasi Rempang  #BahlilGercep"";0;0;0;0;in;1667720391920603136;1709849659068547158;DianaLaras1234;https://twitter.com/DianaLaras1234/status/1709880532497269087",,,,,,,,,,,
"Thu Oct 05 10:35:00 +0000 2023;1709879855465078876;""Amien Rais dan Ketum Partai Ummat 'Jaminkan Diri' Untuk Pembebasan Warga Rempang https://t.co/h2C6xiJXjV"";0;12;167;738;in;1243804423001763841;1709879855465078876;democrazymedia;https://twitter.com/democrazymedia/status/1709879855465078876",,,,,,,,,,,
"Thu Oct 05 10:34:13 +0000 2023;1709879658706252068;""@ENJEULL @ListyoSigitP @susan1612 @KaredokLeunca__ @ahriesonta Heran saya.....serendah itu nalarnya",  bikin hoaxpun bodohnya gak karuwan," dipikirnya warga Rempang tidak ada yang punya akun twiter?"";0;1;0;2;in;1503314628876537859;1709863093906661483;SPrabawanta;https://twitter.com/SPrabawanta/status/1709879658706252068",,,,,,,,,
"Thu Oct 05 10:33:53 +0000 2023;1709879575419957255;""Semoga masalah cepat selesai  Investasi Rempang #BahlilGercep https://t.co/tsbGU9RyWb"";0;0;0;0;in;1638093948039364608;1709879575419957255;bianzaliza;https://twitter.com/bianzaliza/status/1709879575419957255",,,,,,,,,,,
"Thu Oct 05 10:33:09 +0000 2023;1709879391294197828;""wah keren pak Bahlil. Investasi Rempang #BahlilGercep https://t.co/Csg4moAqyS"";0;0;0;0;in;1636244932800413696;1709879391294197828;cindinamira;https://twitter.com/cindinamira/status/1709879391294197828",,,,,,,,,,,
"Thu Oct 05 10:32:52 +0000 2023;1709879319282221098;""@IND0_Update @bkpm @DPR_RI @narasitv Masalah Investasi Rempang ini emg cukup rumit tp pak Bahlil menyelesaikan semua dgn cepat dan teratasi dg baik mantapp pak 👏🏻  #BahlilGercep"";0;0;0;0;in;446702105;1709849659068547158;aBTS_twt;https://twitter.com/aBTS_twt/status/1709879319282221098",,,,,,,,,,,
"Thu Oct 05 10:31:22 +0000 2023;1709878943095079320;""Sangat tidak manusiawi", kelompok pengasong khilafah memanfaatkan momen kemanusiaan yang terjadi di Rempang," Trenggalek dan Pohuwato untuk membangkitkan paham khilafah. - - - #Trending #viral #tolakintoleransi #tolakradikalisme #tolakterorisme #nkrihargamati #LISAxCRAZYHORSEPARIS https://t.co/jucgQ8RLEL"";3;0;1;4;in;1523156456924606464;1709878943095079320;Sobatnkri45;https://twitter.com/Sobatnkri45/status/1709878943095079320",,,,,,,,,
"Thu Oct 05 10:31:17 +0000 2023;1709878919296602515;""wah keren pak"," semoga masalah cepat selesai . Investasi Rempang #BahlilGercep https://t.co/j9yp6MM6VI"";0;0;0;0;in;1638093948039364608;1709878919296602515;bianzaliza;https://twitter.com/bianzaliza/status/1709878919296602515",,,,,,,,,,
"Thu Oct 05 10:30:21 +0000 2023;1709878686739312861;""wah"," keren keren pak . Investasi Rempang #BahlilGercep https://t.co/gFpbZekECw"";0;0;0;0;in;1638081405489143810;1709878686739312861;bellanamora;https://twitter.com/bellanamora/status/1709878686739312861",,,,,,,,,,
"Thu Oct 05 10:29:16 +0000 2023;1709878415447507279;""@kegblgnunfaedh Saat tragedi Kanjuruhan banyak korban anak²", nih KPAI seakan tidak bersuara mencari keadilan buat korban Saat tragedi di Rempang banyak anak sekolah jadi korban gas air mata," KPAI kmna? Adakah bersuara untuk korban?"";0;0;0;0;in;1582119717300379648;1709591976327381083;DeoYudha1;https://twitter.com/DeoYudha1/status/1709878415447507279",,,,,,,,,
"Thu Oct 05 10:29:07 +0000 2023;1709878376549532095;""keren banget pak Bahlil. Investasi Rempang #BahlilGercep https://t.co/H6qaEc9PtH"";0;0;0;0;in;1638109144623517697;1709878376549532095;heraadinda18;https://twitter.com/heraadinda18/status/1709878376549532095",,,,,,,,,,,
"Thu Oct 05 10:28:23 +0000 2023;1709878193191350390;""pak bahlil bisa pastikan Investasi Rempang bisa lebih cepat  #BahlilGercep https://t.co/yFc5AfIOJI"";0;0;0;0;in;446702105;1709878193191350390;aBTS_twt;https://twitter.com/aBTS_twt/status/1709878193191350390",,,,,,,,,,,
"Thu Oct 05 10:27:45 +0000 2023;1709878033904234901;""keren pak Bahlil Investasi Rempang #BahlilGercep https://t.co/frqBPWFkaj"";0;0;0;0;in;1630919494360236032;1709878033904234901;emanabilah;https://twitter.com/emanabilah/status/1709878033904234901",,,,,,,,,,,
"Thu Oct 05 10:27:37 +0000 2023;1709877999313785013;""@RidhoRahmadi85 @realAmienRais Sokong #Rempang. cc: @SolidRempang"";0;0;0;2;in;138331907;1709863973737381961;AhmadSahidah;https://twitter.com/AhmadSahidah/status/1709877999313785013",,,,,,,,,,,
"Thu Oct 05 10:27:06 +0000 2023;1709877869705605195;""mantap pak"," keren sekali pak . Investasi Rempang #BahlilGercep https://t.co/pQIaHh6YpV"";0;0;0;0;in;1630919494360236032;1709877869705605195;emanabilah;https://twitter.com/emanabilah/status/1709877869705605195",,,,,,,,,,
"Thu Oct 05 10:26:42 +0000 2023;1709877768924877218;""belum beres????? lama nya", ga sat set kaya di rempang, owh beda ding," tidak apple to apple"";0;0;0;0;in;85701751;1709877768924877218;Thunkz_31;https://twitter.com/Thunkz_31/status/1709877768924877218",,,,,,,,
"Thu Oct 05 10:25:30 +0000 2023;1709877465135612165;""sebagai menteri"," pak bahlil keren dalam menyelesaikan Investasi Rempang 👍🏻 #BahlilGercep https://t.co/6yrbNoBuXf"";0;0;0;0;in;446702105;1709877465135612165;aBTS_twt;https://twitter.com/aBTS_twt/status/1709877465135612165",,,,,,,,,,
"Thu Oct 05 10:24:07 +0000 2023;1709877116580618584;""Eks HTI Provokator kerusuhan agraria di Media Sosial.  #tolakintoleransi #tolakradikalisme  #tolakekstremisme  #kaltarabersatu #toleransi #pancasila #bhinekatunggalika #pluralisme #rempang #hti #terorisme #anarko https://t.co/tbwimDkzGW"";0;0;0;0;in;1520680587463315456;1709877116580618584;KaltaraBersatu;https://twitter.com/KaltaraBersatu/status/1709877116580618584",,,,,,,,,,,
"Thu Oct 05 10:21:21 +0000 2023;1709876422578405555;""@IND0_Update @bkpm @DPR_RI @narasitv masalah Investasi Rempang sudah teratasi karena kemampuan komunikasi yang baik #BahlilGercep"";0;0;0;0;in;1661153924903227392;1709849659068547158;kinarrlove;https://twitter.com/kinarrlove/status/1709876422578405555",,,,,,,,,,,
"Thu Oct 05 10:20:08 +0000 2023;1709876116826325339;""@IND0_Update @bkpm @DPR_RI @narasitv Maju terus pantang mundur Investasi Rempang. #BahlilGercep"";0;0;0;0;in;1638081894498836480;1709849659068547158;poponini90;https://twitter.com/poponini90/status/1709876116826325339",,,,,,,,,,,
"Thu Oct 05 10:19:38 +0000 2023;1709875990837764382;""Investasi Rempang teratasi  keren banget kinerja #BahlilGercep https://t.co/3OtKDIXKY6"";0;0;0;0;in;1661153924903227392;1709875990837764382;kinarrlove;https://twitter.com/kinarrlove/status/1709875990837764382",,,,,,,,,,,
"Thu Oct 05 10:19:30 +0000 2023;1709875955198783788;""Mantap pak lanjutkan buat kinerja bapak . Masalah Pulau Rempang pun sudah diatasi dengan baik. Investasi Rempang #BahlilGercep https://t.co/GIzwMcZofk"";0;0;0;0;in;1638081894498836480;1709875955198783788;poponini90;https://twitter.com/poponini90/status/1709875955198783788",,,,,,,,,,,
"Thu Oct 05 10:18:49 +0000 2023;1709875783060402531;""Jangan lupa  tanah warga melayu Rempang",itu milik mereka sejak abad 18. Lebih Baik Mati Berdiri Daripada Hidup Berlutut. Takkan Hilang Warga Melayu Di Bumi Indonesia. “Diam kita ditindas," kita harus bergerak utk menyelamatkan Bangsa Negara Indonesia ini” https://t.co/fVX7iTmslS"";0;0;0;1;in;1482600556669460485;1709875783060402531;ForRezim;https://twitter.com/ForRezim/status/1709875783060402531",,,,,,,,,
"Thu Oct 05 10:18:46 +0000 2023;1709875769911251015;""@IND0_Update @bkpm @DPR_RI @narasitv Apresiasi untuk pak Bahlil dalam proyek Investasi Rempang  #BahlilGercep"";0;0;0;0;in;880993326601654272;1709849659068547158;4ortea;https://twitter.com/4ortea/status/1709875769911251015",,,,,,,,,,,
"Thu Oct 05 10:18:43 +0000 2023;1709875757135368216;""Gaya komunikasi dan pendekatan pak Bahlil bener bener merangkul masyarakat"," semuanya untuk mensukseskan Investasi Rempang  #BahlilGercep  https://t.co/piBFMLwxld"";0;0;0;0;in;1667720391920603136;1709875757135368216;DianaLaras1234;https://twitter.com/DianaLaras1234/status/1709875757135368216",,,,,,,,,,
"Thu Oct 05 10:18:08 +0000 2023;1709875612587090088;""Investasi Rempang telah teratasi karena #BahlilGercep sehingga permasalahannya selesai dengan baik https://t.co/vqxpZSypKN"";0;0;0;0;in;1661153924903227392;1709875612587090088;kinarrlove;https://twitter.com/kinarrlove/status/1709875612587090088",,,,,,,,,,,
"Thu Oct 05 10:18:01 +0000 2023;1709875582404837716;""Patut diberikan apresiasi yang hebat buat Pak #BahlilGercep dalam mengatasi Investasi Rempang. https://t.co/iDgW7xm6tr"";0;0;0;0;in;1638081894498836480;1709875582404837716;poponini90;https://twitter.com/poponini90/status/1709875582404837716",,,,,,,,,,,
"Thu Oct 05 10:17:50 +0000 2023;1709875538071113793;""Atas kinerja beliau dalam Investasi Rempang DPR pun mengapresiasi penuh #BahlilGercep https://t.co/m1OOVZZdFi"";0;0;0;0;in;880993326601654272;1709875538071113793;4ortea;https://twitter.com/4ortea/status/1709875538071113793",,,,,,,,,,,
"Thu Oct 05 10:17:08 +0000 2023;1709875359888589130;""Kerja pak Bahlil emang bagus ya bisa sat-set begitu untuk atasi masalah dipulau Rempang", sehingga bisa tercapai kesepakatan bersama yang baik. Pantas saja Pak Bahlil dapat pujian ,"keren pak.  #BahlilGercep https://t.co/O2ublJfKRy"";0;0;0;0;in;1612083591210766336;1709875359888589130;kokom1619;https://twitter.com/kokom1619/status/1709875359888589130",,,,,,,,,
"Thu Oct 05 10:16:47 +0000 2023;1709875271296602233;""Menjamin hak warga Rempang dalam proyek Investasi Rempang #BahlilGercep https://t.co/CigYdcywLY"";0;0;0;0;in;880993326601654272;1709875271296602233;4ortea;https://twitter.com/4ortea/status/1709875271296602233",,,,,,,,,,,
"Thu Oct 05 10:16:32 +0000 2023;1709875211389358526;""Sat set sat set atasi masalah. Investasi Rempang #BahlilGercep https://t.co/C59kzQhHQI"";0;0;0;0;in;1611679700363141122;1709875211389358526;zezeeriza;https://twitter.com/zezeeriza/status/1709875211389358526",,,,,,,,,,,
"Thu Oct 05 10:15:02 +0000 2023;1709874832215826769;""keren pak Bahlil Investasi Rempang #BahlilGercep https://t.co/D7IoNdeGxC"";0;0;0;0;in;1611676352406753280;1709874832215826769;yuniamawada;https://twitter.com/yuniamawada/status/1709874832215826769",,,,,,,,,,,
"Thu Oct 05 10:14:52 +0000 2023;1709874789970755942;""Kalo soal Investasi Rempang  mah pak Bahlil satset bgt   #BahlilGercep https://t.co/Uo5Wz1c9gD"";0;0;0;0;in;1667720391920603136;1709874789970755942;DianaLaras1234;https://twitter.com/DianaLaras1234/status/1709874789970755942",,,,,,,,,,,
"Thu Oct 05 10:14:52 +0000 2023;1709874789207495167;""@RidhoRahmadi85 Semoga langkah kebaikan2 bapak Amin yg membela HAK2 rakyat rempang semoga amal2 saleh di catat Ama Allah SWT ","Aamiin 🤲"";0;2;1;8;in;1678020121447792641;1709863973737381961;MuhammadHa63515;https://twitter.com/MuhammadHa63515/status/1709874789207495167",,,,,,,,,,
"Thu Oct 05 10:14:05 +0000 2023;1709874591286575148;""@IND0_Update @bkpm @DPR_RI @narasitv Mantap. Lanjukat pak. Kami sangat mendukung Investasi Rempang #BahlilGercep"";0;0;0;0;in;1598316130271170565;1709849659068547158;Mvesnia;https://twitter.com/Mvesnia/status/1709874591286575148",,,,,,,,,,,
"Thu Oct 05 10:14:04 +0000 2023;1709874590540054592;""@IND0_Update @bkpm @DPR_RI @narasitv Semoga kinerjanya makin transparan dan bisa amanah dengan Investasi Rempang #BahlilGercep"";0;0;0;0;in;1573849165422940160;1709849659068547158;zonaakbary;https://twitter.com/zonaakbary/status/1709874590540054592",,,,,,,,,,,
"Thu Oct 05 10:14:00 +0000 2023;1709874572827467915;""Suraya Afiff"," Ph.D ungkap fakta penggusuran &amp  pengusiran warga. Rakyat tidak diberi hak kepemilikan. Saksikan selengkapnya hanya di youtube Abraham Samad SPEAK UP. . https://t.co/MIYnPKjHu5 . #rempang #foodestatekalteng #AbrahamSamadSpeakUp #AbrahamSamad #jokowi https://t.co/w88AjIGwEG"";0;2;23;74;in;949066047243436032;1709874572827467915;AbrSamad;https://twitter.com/AbrSamad/status/1709874572827467915",,,,,,,,,,
"Thu Oct 05 10:13:43 +0000 2023;1709874501788582068;""Kalo gini kan enak yah"," semua pihak saling kerja sama agar Investasi Rempang berjalan baik #BahlilGercep https://t.co/t3yP38XF56"";0;0;0;0;in;1598316130271170565;1709874501788582068;Mvesnia;https://twitter.com/Mvesnia/status/1709874501788582068",,,,,,,,,,
"Thu Oct 05 10:13:19 +0000 2023;1709874398134702232;""@IND0_Update @bkpm @DPR_RI @narasitv Ayo ayo pak bahlil sukses selalu dalam menjalankan tugasnya di Investasi Rempang. #BahlilGercep"";0;0;0;0;in;1630904256143458304;1709849659068547158;anasil097045;https://twitter.com/anasil097045/status/1709874398134702232",,,,,,,,,,,
"Thu Oct 05 10:13:18 +0000 2023;1709874395089674433;""Dalam konteks Rempang"," Pak Bahlil bekerja untuk kepentingan negara dan bisa me menyelesaikan permasalahan #BahlilGercep https://t.co/rqLQERoLyt"";0;0;0;0;in;886951851794378752;1709874395089674433;damseleu;https://twitter.com/damseleu/status/1709874395089674433",,,,,,,,,,
"Thu Oct 05 10:13:18 +0000 2023;1709874394879946797;""#BahlilGercep menegaskan bahwa pihak yang bersalah dalam peristiwa Rempang", pihak yang bermain-main," hendaknya diserahkan pada hukum. Sehingga nantinya Investasi Rempang bisa berjalan https://t.co/czrfBbiNP9"";0;0;0;0;in;887744192566501376;1709874394879946797;duoughty;https://twitter.com/duoughty/status/1709874394879946797",,,,,,,,,
"Thu Oct 05 10:13:11 +0000 2023;1709874367600226474;""DPR mengapresiasi atas teratasinya masalah Investasi Rempang #BahlilGercep https://t.co/uKxXZT2GrC"";0;0;0;0;in;1573849165422940160;1709874367600226474;zonaakbary;https://twitter.com/zonaakbary/status/1709874367600226474",,,,,,,,,,,
"Thu Oct 05 10:13:02 +0000 2023;1709874329599819934;""DPR puji gaya komunikasi Bahlil yang satset dan down to earth  Investasi Rempang #BahlilGercep https://t.co/CiyBdsJQqI"";0;0;0;0;in;1598316130271170565;1709874329599819934;Mvesnia;https://twitter.com/Mvesnia/status/1709874329599819934",,,,,,,,,,,
"Thu Oct 05 10:12:20 +0000 2023;1709874154131116218;""Pak bahlil @bahlillahadalia minta DPR bentuk tim analisis penghambat investasi di batam.  Investasi Rempang #BahlilGercep https://t.co/PjqcFRt4D6"";0;0;0;0;in;1630904256143458304;1709874154131116218;anasil097045;https://twitter.com/anasil097045/status/1709874154131116218",,,,,,,,,,,
