full_text,label
Petisi 100: Batalkan Rencana Pembangunan Rempang Eco City https://t.co/nEY3lsg416 https://t.co/zCb6mXRVs4,
BUTUH DANA : 💸Dana Biaya Sekolah 💸Dana Biaya Kuliah 💸Dana Renovasi Rumah 💸Dana Modal Usaha 💸Dana Sampingan Silahkan Hubungi / Chat Klik Link WhatsApp: https://t.co/Jfj8Qz6DWI 💯Amanah &amp  Terpercaya. #Purworejo #Rembang #Sragen #Sukoharjo #Temanggung,
@SamanthaMateo09 @tvOneNews Bisa kebayang rakyat indonesia jadinya gimana... Bakalan lebih parah dari kasus pulau rempang,
"Opung pernah bilang mau mem bulduzor penduduk pulau Rempang, jika tdk mau digusur  guna mengosongkan pulau Rempang itu agar Investor China bisa masuk kepulau tersebut  Mudahan ucapan  opung itu tdk terjadi""",
"@TeddGus Lu asli dongok @teddgus  Anies menjelaskan harus PSN diturunkan dari RPJP dan RPJMN, kalau tidak akan ada titipan dari kiri dan kanan  Kiri dan kanan bisa saja dari instansi pemerintah atau siapa saja. yg tidak bersumber dari RPJMN &amp  RPJP  Contoh rempang apakah ada dalam RPJMN ?",
@P3n99u94t_ Benarkah ini Rempang?,
"Salah satu contoh media berita yg dikuasai China, yg terjadi dilapangan HMI bela rempang, tiba2 dateng preman sebagai masa tandingan, sama seperti demo aliansi buruh, dicegat masa partai buruh dan preman !  Ah benci amat kalian pada mahasiswa !",
@tvOneNews Ya Rabb lindungilah saudara 2 kami di Rempang dan di tempat 2 lain yang sedang terzalimi. Aamin https://t.co/Tg1k1W64cS,
Petisi 100: Batalkan Rencana Pembangunan Rempang Eco City! https://t.co/l36SrW4hU8,
"Warga Rempang menolak Relokasi, diGusur diGeser... Menteri Bahlil dan Kepala BP Batam mengunjungi pulau Rempang pd Jumat (6/10/2023).  Mrk disambut dgn demo oleh masyarakat Rempang yg tetap menolak relokasi ataupun pergeseran.  Dasar muka tembok https://t.co/DyWgoohXtA",
"@BiLLRaY2019 Jangan pilih yg suka bagi² sembako,,krn pasti modalnya dari oligarki,,nanti stlh berkuasa mrk akan berusaha balikin modal,trus main proyek,akibatnya bbm mahal,pendidikan,kesehatan smakin mahal,keadilan makin sulit didapat,warga wadas,rempang adlh bukti nyata...waspadalah",
"@ainunnajib Lekas sembuh yaa opung , masih banyak tugas yg belum selesai, investor xinyi menunggu Rempang dikosongkan ..",
Khawatir yg empunya proyek di Rempang itu keknya...,
"@Kanseulir @Miduk17 Mungkin hitungannya 140/280jt yg tidak puas, selebihnya puas gitu. Tp belum hitung yg di Rempang, dan tempat-tempat lainnya. Belum lagi yg kena imbas omnibus law tenaga kerja, pengangguran, dll.",
Amien Rais dan Ketum Partai Ummat Jaminkan Diri untuk Pembebasan Warga Rempang https://t.co/Lwwf4PaeC9,
"VIRAL Malay Reaction From 5 Countries Bahlil Lahadalia &amp  Muhammad Rudi Are Liars About The Management Status Of Rempang Island,! DEMOCRACY. ID October, 5, 2023  https://t.co/PgNppo8dgf",
IBU2 WARGA MELAYU REMPANG-GALANG Lempar muka BAHLIL dan ANJING2 KOMUNIS BERSERAGAM dengan telur busuk! Dan kalian yg laki2 lawan perjuangan kalian dengan bergerilya menggunakan senjata apapun BUKAN WAKTUNYA LAGI BERSIKAP LEMBUT! https://t.co/hTiCl0MPPZ https://t.co/WaEY5qI1Ue,
"@TeddGus Eeh botol, wong kasat mata begitu. Rempang titipan tommy winata, belum ada amdal, ngak ada hpl, tiba2 jokowi ngusir penduduk yang sudah turun temurun tinggal disitu. Sudah deh kau jgn banyak bacot, kau kira2 kite2 goblok kayak kau.",
"Aku mau mau bertanya nih , serius lho .... Ada yg tau kmn Banser?  Ummat Islam dr kalangan NU di Rembang lg terancam punah mau di gusur dr tanah kelahirannya. BANSER hrp nongol !!! Katanya ribuan anggotanya. Tak satupun yg nongol. BANSER kmn loe ???  Rakyat butuh loe2.",
"@kumparan Opung moga cepat sembuh,tanggung jwabmu  masih menumpuk.warga Rempang blm kamu gusur.takutnya investasi kabur lagi.🫣🫣🫣🫣",
"@Bambangmulyonoo Mau dipoles spt apapun ,sebagian rakyat sdh gak mungkin  percaya lagi...wadas ,rempang dn msih bnyk yg lain cm senyap dari liputan media... https://t.co/kroPxyo2oY",
"@tanyarlfes Lah minta ama pak de, emang rempang mau di gusur ?",
"Pantang Menyerah, Menteri Investasi Bahlil Kembali Bujuk Warga Rempang untuk Pindah: Insyaallah Akan Ada Solusi https://t.co/d3fWVWzkrZ",
"ini cuma pengalihan Isu,  dia panik proyek Rempang Terancam Batal.  ga usah di gubris, dia mau sakit, sekarat, dicabut nyawanya. Bomat buang2 energi.",
Alesan aja lu pung...  Selesain rempang itu...,
"Jika anda sudah tahu nasib rakyat saat ini makin sengsara, kemudian anda masih mendukung regime penguasa.  Maka sebenarnya anda bukan lagi mendukung, melainkan anda telah membunuh nurani anda sendiri.  Menteri Investasi, Bahlil mendatangi pulau Rempang siang ini (6/10/23). https://t.co/4WjjOc16nZ",
@cobeh2022 #wadas #Rempang #papua #Nusatenggaratimur #mandalika #pohuwato #monjoktaliwang.....,
@OposisiCerdas Pengkhianat itu yg mau jual pulau rempang y pak?,
@darenboys23 @tempodotco Yuk.kita dukung pabrik kaca rempang,
@GessyHGanie @GibraltarNc @HukumDan @NenkMonica @MCAOps @Aline_Y_Tan @logikapolitikid @PartaiSocmed @Benk299120211 @RevolusiAkhlaq2 @NIAS2013 @Nicho_Silalahi @MprAldo @Ilen_Srg @t3luuur @HelmiFelis_ @fadlizon @Asan_Almadury @GubernurPribumi @tvOneNews @BEMUI_Official @sema_stei @mahasiswaunj Ini yg mau buldoser warga yg tolak Rempang Eco City? Semoga gk bangun lagi.,
@KevinCh84889504 @Tan_Mar3M Apa hebatnya joget2 di atas penderitaan warga rempang???,
@BosPurwa Pengaruh polusi pabrik batu bara dimakan campur vaksin COVID 19 di tanah Rempang,
"@yunusberkahjaya Stt...kasihan warga Rempang, dan...semoga selamat temuan gas alam terbesar di Kaltim",
"@kurniawanaghil Lihat muka yg teriak2 minta borgol.  Tampakkan kemarahan. Maklum kl sdh jd penegak hukum tp sekaligus penghamba cuan. Lihat kelakuan mrk di Rempang, Sulawesi, Lampung, dll. Sama semua.",
@DjogdjaKembali @Nicho_Silalahi @jokowi Anj*** selalu menjilat kaki tuannya dan akan menggonggong kencang jika ada yg berusaha mengusik majikannya. Masyarakat rempang adalah saudara kami hanya anj*** yg tidak punya saudara.,
@liputan6dotcom lahanya di rempang ya pak,
Batalkan rempang !!,
@GRUNGE_GO @msaid_didu Percayaaaa? Skrg mana suaranya utk Rempang dll?,
Tolak rempang... Dan usut tuntas mafianya...,
"@TeddGus Cukup jadi manusia yg beradab saja utk mengetahui kebenaran. Lihatlah derita rakyat Rempang Galang, Wadas, Labuhan bajo. Banyak tanah rakyat yg tergerus akibat ulah oligarki Aseng.",
"Menteri ATR/BPN menjelaskan di DPR bahwa penduduk Pulau Rempang, Batam, yang akan direlokasi tidak punya sertifikat tanah. Betulkah negara memiliki tanah ? Siapa pemilik tanah di negara Indonesia? #ArtikelOpini #AdadiKompas   https://t.co/GsxgoP3li7",
@ategeo @TeddGus @jokowi Proyek rempang batam bukan titipan ya?,
"Menteri ATR/BPN menjelaskan di DPR bahwa penduduk Pulau Rempang, Batam, yang akan direlokasi tidak punya sertifikat tanah. Betulkah negara memiliki tanah ? Siapa pemilik tanah di negara Indonesia? #Opini #AdadiKompas   https://t.co/kZBIppUgqF",
@Wawat_Kurniawan Seperti pabrik kaca di Rempang,
Rekomendasi Floral dress https://t.co/pgV9W67hBU  t. Ldii you and me by jennie cianjur laura basuki thank you taeyong nescafe seduh na pd jorji na jaemin you did well firli blasteran pbsi gen z fajri investasi rempang angga cheol beckham jambu pilih aku kpai shameless onana https://t.co/Y8XvdtAPBp,
@GunRomli Rempang di doain apa sama ganjar?????,
@YLBHI @jokowi Ternyata mengirim TNI ke rempang itu afalah bagian dr komunikasi  yg dibangun oleh pemerintah jadi sekarang ini alat2 komunilasi atau sarana komunikasi iti salah satunya mengirim TNI,
@yudiharahap46 Mungkin krn rempang?,
Mungkin krn rempang?,
@YLBHI @jokowi Kenapa juga pake minta tolong ke pak @jokowi segala...? Udah jelas-2x die yang buat kebijakan mengusir warga Rempang.,
"@hc_poirot Gmn mo d bayar, lah proyek balapannya aja merugi setiap d adakan…. Sabar utk yg blom d bayar, banyak proyek infrastruktur yg dbuat tp tdk slesai dlm pembelian tanahnya… Apakabar rempang dll",
"@SyaikhuMochtar Harapan rakyat TNI lbh baik jaga NKRI dari ancaman  pihak asing,bkn seperti kelakuan oknum TNI menyuruh PITING warga Pulau Rempang yg demo mempertahankan tanah milik adat melayu yg sdh mrk huni sejak abad 18,yg akan di gusur rezim penguasa.  TNI bkn jongos pengusaha dan penguasa. https://t.co/65haJp1s2h",
@annourcharity @realAmienRais @DPP_PartaiUmmat @bintangnabire @MuchlasKamal @IwanIwanely72 @fahiraidris @AdamVelcro @is_pelssy @JamalBoegis @Ravispa12 @h4ng5eur SALAM REMPANG https://t.co/F42SbOxEc1,
@annourcharity @realAmienRais @DPP_PartaiUmmat @bintangnabire @MuchlasKamal @IwanIwanely72 @fahiraidris @AdamVelcro @is_pelssy @JamalBoegis @Ravispa12 @h4ng5eur SALAM REMPANG https://t.co/tY0LrArMqI,
@tvOneNews Perang melawan rakyat pulau Rempang dan suporter sepak bola,
@never_alonely Hoax-terus-ini-profokator-teroris-dimefsos-medsos-faktanya-masalah-Rempang-sudah-selesai,
"Purworejo area:pemilu 2024,brengkelan ,adalah lokasi strategis bisnis dan pusat kota.waspasai isue serifikat ganda dan akan diklaim cukong seperti kasus Rempang",
Emak² masyarakat rempang tagih janji BAHLIL https://t.co/boWTAs671S,
@NinzExe07 mereka bulak balik tuk rampas hak rakyat rempang apa nga punya perasaan ya hanya untuk kekuasaan moga aja tuh yang mendzalimi rakyat cepet dipanggil ma Allah kasian rakyat,
"@adijaya2000 @Tita83079013 Rempang sdh selesai.. Rakyat menerima investasi dan pembangunan kota. Harun masiku tanya SBY..krn harun masiku kader senior demokrat , disusupkan ke pdip baru 2019 langsung buat kasus utk men downgrade pdip...",
"@geloraco Beginilah proyek pemerintahan pak @jokowi , sarat dengan masalah.   Rempang, IKN, KCIC, Mandalika, Wadas, Tol, dll.",
AQSO Edisi Spesial: Ditemukan Jejak Melayu Rempang dalam Dokumen Sejarah Belanda - UAH https://t.co/Cxkxuq9oiw,
Rempang mulai lagi. https://t.co/ekzwF7KYYr,
Pemerintah di minta maaf secara terbuka kepada masyarakat Pulau Rempang.   https://t.co/28HBywnBek https://t.co/zfjMmt1XYd,
"@Malika6027 Jd keinget ada kasus penghinaan ayat alquran sbelum naik pilkada DKI, skrg ada kasus rempang... semesta mendukung, panjang umur org baik, smoga ind lebih baik dg adanya perubahan,,, at least anak cucu gw hidupnya nanti tenang ga aneh2 kyk skrg",
"@exrawrr IH melipir dulu gak sih bg, istirahat. :((( lasem kan baru deket rembang?",
appreciation post buat zada yang pagi tadi baru otw rembang dan sampai sekarang belum tidur sebab musti nunggu adik kesayangannya yang terbaring sakit di puskesmas. top tier mba-mba friendly sister🩷 https://t.co/k4ANSniRyX,
"Pulau Rempang dan Galang. Auditor negara juga seperti ayam menelan karet gelang. Nganga kagak jelas. Padahal ada proyek RS Khusus penderita Covid 19 di Pulau Galang yg konon menghabiskan biaya tidak sedikit, mengapa semua diam?",
"Berpihak pada tamu negara. Bukan pd tuan rumah. Sedihnya, mrk tega mengusir ibu kandung mrk yakni rakyat demi sebuah clandestine project di depan pintu Selat Malaka (P Rempang) demi membela perusahaan kaca yg gak jelas kontribusinya jika dibandingkan dgn pengorbanan penddk asli..",
Wooiiii mantri @bkpm  #Bakhil_Bin_Bakhul Kau lapor Lah ke Bohir2 yg suruh Kau. Jgn serba #Fitnah_Ada_IntelAsing.. [Sontoloyo Kau.] #REMPANG  Jgn lupa #Kau_Akan_Pindah_KTP #Alm_Bakhil_Bakhul di Barzah [#SengsaraKan_WNRI_melayu]  Kasian Emak Kau. https://t.co/z7f76vvEtZ,
"Bahlil digruduk emak2 rempang, emak2nya sampe nangis dianya hanya senyam-senyum saja, makin mirip VOC ya?🤨 https://t.co/Gnyq7QSidG",
@msobri99 yoman yaman..basi bong..noh yg mau gusur warga rempang sapa?  lu tuh kaum gusur 😂,
TNI POLRI masih Bergerilya Di Rempang Mengintimidasi Masyarakat Rempang. https://t.co/yrXm2rnDiS,
"@TeddGus Nanti klo di buktikan pada kepanasan, ga usah jauh jauh yg masih hangat berita Rempang , malah balik nuduh, ijazah palsu jg  sebenrnya bener ada pemimpin pakai ijazah palsu, ketahuan langsung di pecat ko🤣🤣🤣, jgn kepanasan deh ..eh cebong  PKI loe semua itu pada ngumpet .",
[LIVE] AQSO Edisi Spesial: Ditemukan Jejak Melayu Rempang dalam Dokumen ... https://t.co/B5JCHmiAGu via @YouTube,
Mentri Bahlil Disorakin Masyarakat Rempang  Ketika Berkunjung Di Ke Rempang. https://t.co/E7FpLVcl1L,
Nasional Corruption Watch (NCW) mengungkapkan hasil penyelidikan terkait karut marut relokasi lahan masyarakat Pulau Rempang  yang menguntungkan beberapa pihak pada PSN Rempang Eco-City.  https://t.co/CtQIwjVyLT,
"@Darnatisma85066 @VIVAcoid Itu artinya bahlil berani, di rempang banyak melayu malaysia dan singapura yg menyusup, mereka juga mau investor besar itu masuk ke negaranya",
@kumparan Akibat Rempang GK rampung 2 sementara ada yg tagih GK sesuai harapan rasain lu Hut 😆,
"@tempodotco Bismillah semoga dilancarkan, justice for Rempang Galang",
"https://t.co/GOHCr0NiyP JOKOWI PIMPIN RAPAT SOAL PSN, CUMA PENTINGKAN ANGKA-ANGKA, TK PEDULI RAKYAT TERGUSUR https://t.co/doSFLm3Hkq Warga 16 Kampung Tua Adang Mobil Menteri Bahlil Saat Kunjungi Pulau Rempang #JanganJualIndonesia #GerakanPribumiBangkit #TolakPenjajahChinaKomunis",
"@annourcharity @realAmienRais @DPP_PartaiUmmat @bintangnabire @MuchlasKamal @IwanIwanely72 @fahiraidris @AdamVelcro @is_pelssy @JamalBoegis @Ravispa12 @h4ng5eur https://t.co/7Gltm1mNIQ PERINGATAN UNTUK TOMY WINATA DAN REZIM PENGUASA YANG INGIN MENGUASAI REMPANG! #lawankezaliman https://t.co/fjxfM4ggZN  https://t.co/McFYygjlD3 WARGA REMPANG MENOLAK RELOKASI. INI SOAL MARWAH, HARKAT, MARTABAT! BUKAN UANG! #lawankezaliman",
Nasib Bahlil di Tanah Rempang https://t.co/kokoP7P86s Saksikan video ini https://t.co/9aYE7O0KhU,
"Dianggap Semrawut Ngurus Rempang, HMI MPO Ancam Bahlil Lahadalia Mundur dari Kursi Menteri Investasi - Hallo Id https://t.co/cGummPz27X",
"@yaniarsim Gitu deh masih cari nyaman bantuin investor dan penguasa ngurusin Rempang , kalo Papua ngopi dulu..",
@RidhoRahmadi85 Pilih Anies.  Sayang Mbah dan sodara dikampung.. Wadas ok Rempang proses.. ngeri kampung ku kena selanjutnya. Waspodo boleh kan,
"Datangi DPD, Tim Petisi 100 Minta Proyek Rempang Eco City Dibatalkan https://t.co/pPWheR6fko via @suaraislamID_",
@Android_AK_47 Pantes rempang bukan dia yg pegang mgkin dah ada tanda2,
mandalika blom beres malah terjadi bentrokan antara rakyat sm petugas ? 🤔apa rempang tdk berkaca pd masalah di mandalika?,
Konflik Rempang Belum Usai! Ramai-ramai Massa HMI Demo Anarkis di Kantor Bahlil https://t.co/TiUKbU8uQ0,
Kengeyelanya syarat ada kepentingan besar jika tdk kepentingan kenpa ngotot menahan para pejuang rempang,
"@hc_poirot Klu target waktu yg ditetapkan pemerintah, dlm hal ini menteri ybs utk mengosongkan p.rempang sdh lewat waktu, artinya gagal yg ditandai warga set4 msh bertahan, maaf sebaiknya menteri ybs &amp  pejabat set4 mundur. Empatilah dgn aparat yg sdh berhari2 pasang badan vs warga set4.",
@CNNIndonesia Klu mau bertani di rempang masih luas lahannya pk...,
@kumparan Warga rempang tau ngga tentang ini?,
"@IND0_Update @bkpm @DPR_RI @narasitv Wajar, karna kerja keras pak Bahlil , Investasi Rempang bisaa berjalan #BahlilGercep",
"Gua berharap jika sudah dibentuk tim ini, Investasi Rempang bisa berjalan dengan baik #BahlilGercep https://t.co/Xp2KEY9m5P",
Masalah kalo ditangan yang tepat pasti akan cepat selesai. Sama halnya pak Baahlil yang berhasil selesaikan konflik di Rempang  Investasi Rempang #BahlilGercep https://t.co/RHbDpGxZfU,
" TERIMAKASIH pmerintah "" "" kmi wrga rempang sukarela tuk dipindahkan, jadi tolong jangn ad provokasi lagi. "" https://t.co/0JFtBxRQxF""",
" TERIMAKASIH pemrintah "" "" Kami warga rempang sukarela utk dipindahkan, jdi tolong djangan ada provokasi lagi. "" https://t.co/8iaIpVu8h0""",
" TERIMAKASIH pmrnth "" "" kmi wrga rempang sukarela u/ dipindahkan, jd tolong jngn ad provokasi lagi. "" https://t.co/jT8vaBPv9f""",
"TERIMAKASIH PEMERINTAH"" ""Kami warga rempang sukarela untuk dipindahkan, jadi tolong jangan ada provokasi lagi."" https://t.co/lh2Ze6z4Cn""",
" TERIMAKASIH pemrintah "" "" Kami warga rempang sukarela utk dipindahkan, jd tolong jangan ada provokasi lagi. "" https://t.co/4WmYLEfH6O""",
" TERIMAKASIH pemenrintah "" "" kmi wrga rempang sukarela untk dipindahkan, jdi tolong jgan ad provokasi lagi. "" https://t.co/ChOtH4coaa""",
" TERIMAKASIH PEMERINTAH "" "" Kami warga rempang sukarela untuk dipindahkan, jdi tolong jagan ada provokasi lagi. "" https://t.co/HRHgphbUzd""",
" TERIMAKASIH pemerinth "" "" Kami warga rempang sukarela ntuk dipindahkan, jadi tolong jgn ada provokasi lagi. "" https://t.co/AEXUy9LXLm""",
" TERIMAKASIH pmrth "" "" kmi wrga rempang sukarela uttk dipindahkan, jd tolong jng ad provokasi lagi. "" https://t.co/aFmKEc0kPO""",
" TERIMAKASIH pmrnth "" "" kmi wrga rempang sukarela u/ dipindahkan, jd tolong jngn ad provokasi lagi. "" https://t.co/5iuDyTpDQV""",
" TERIMAKASIH PEMERINTAH "" "" Kami warga rempang sukarela untuk dipindahkan, jdi tolong jagan ada provokasi lagi. "" https://t.co/dvrlb4QHyy""",
" TERIMAKASIH pmrnth "" "" kmi wrga rempang sukarela u/ dipindahkan, jadi tolong jangab ad provokasi lagi. "" https://t.co/ZVuLTSUg37""",
" TERIMAKASIH pmrintah "" "" Kami warga rempang sukarela unt dipindahkan, jd tolong jngan ada provokasi lagi. "" https://t.co/nsZjsWu5AF""",
" TERIMAKASIH pmerintah "" "" kmi wrga rempang sukarela tuk dipindahkan, jadi tolong jangn ad provokasi lagi. "" https://t.co/P9FAPHswyO""",
" TERIMAKASIH pemerinth "" "" Kami warga rempang sukarela ntuk dipindahkan, jadi tolong jgn ada provokasi lagi. "" https://t.co/sSvnyxAhN0""",
" TERIMAKASIH pemrintah "" "" Kami warga rempang sukarela utk dipindahkan, jdi tolong djangan ada provokasi lagi. "" https://t.co/EKTnuEsNY2""",
" TERIMAKASIH pmrnth "" "" kmi wrga rempang sukarela u/ dipindahkan, jadi tolong jangab ad provokasi lagi. "" https://t.co/cRQQgdSNGR""",
" TERIMAKASIH PEMERINTAH "" "" Kami warga rempang sukarela untuk dipindahkan, jdi tolong jagan ada provokasi lagi. "" https://t.co/Z4WCGdmiww""",
" TERIMAKASIH pemenrintah "" "" kmi wrga rempang sukarela untk dipindahkan, jdi tolong jgan ad provokasi lagi. "" https://t.co/pY8ziQ6Bms""",
" TERIMAKASIH pemerinth "" "" Kami warga rempang sukarela ntuk dipindahkan, jadi tolong jgn ada provokasi lagi. "" https://t.co/1KyFfgnEed""",
" TERIMAKASIH pmrintah "" "" Kami warga rempang sukarela unt dipindahkan, jd tolong jngan ada provokasi lagi. "" https://t.co/qOce2v8fI7""",
,
0,
0,
8,
,
0,
0,
0,
0,
0,
,
9,
,
,
,
,
,
,
0,
0,
,
0,
0,
,
0,
,
,
,
0,
,
1,
0,
0,
0,
,
,
0,
2,
0,
0,
,
0,
0,
0,
0,
,
,
,
0,
,
0,
0,
0,
0,
,
0,
,
0,
,
0,
,
,
0,
,
,
,
0,
,
,
,
0,
,
,
,
0,
,
,
,
,
,
,
,
0,
1,
,
,
,
,
,
,
,
,
,
,
,
,
,
,
,
,
,
,
,
,
0,
0,
,
,
,
,
0,
0,
0,
1,
,
0,
0,
0,
,
,
,
0,
0,
0,
1,
,
1,
0,
1,
,
,
0,
0,
0,
,
0,
,
,
0,
0,
,
,
0,
,
,
,
,
,
,
,
0,
,
,
,
,
,
,
,
0,
,
,
,
,
,
,
,
,
,
,
0,
,
,
,
,
,
,
,
,
,
,
0,
,
,
,
1,
,
0,
,
,
1,
,
,
,
,
,
,
,
,
,
0,
0,
,
,
,
,
0,
,
0,
,
,
,
,
0,
,
,
1,
,
0,
0,
,
,
0,
,
,
0,
,
0,
,
,
0,
,
0,
,
,
,
,
,
,
,
,
,
,
,
,
11,
,
0,
,
,
0,
0,
,
,
,
,
,
,
,
,
,
,
3,
,
,
1,
0,
10,
,
0,
,
,
0,
,
,
0,
,
,
0,
,
1,
,
0,
,
0,
,
,
0,
,
0,
,
,
,
,
1,
,
,
0,
,
,
,
,
1,
,
,
,
0,
,
,
,
0,
"@Li9ayaTalaChes4 Tolong jgn pernah percaya Media2 yg udah nerima amplop dari bahlil cs soal Rempang kecuali pengakuan dari Masyarakat rempang sendiri ✍""""",
0,
0,
62,
5,
0,
,
0,
,
,
,
,
,
,
,
0,
,
,
,
,
,
,
0,
,
,
,
,
,
,
0,
0,
0,
0,
0,
,
,
0,
0,
,
,
,
,
,
0,
,
0,
,
,
1,
0,
,
,
,
,
0,
,
,
0,
,
0,
,
0,
,
0,
0,
,
,
0,
,
,
0,
,
,
0,
0,
,
0,
0,
0,
,
,
,
0,
,
,
0,
,
,
,
0,
,
0,
,
,
1,
0,
0,
6,
1,
,
,
1,
,
,
,
0,
0,
0,
0,
,
,
,
,
0,
0,
0,
,
,
,
,
,
0,
,
0,
,
,
,
0,
,
,
,
,
2,
,
,
2,
0,
,
0,
0,
,
,
,
@CNNIndonesia Rempang gimana pak,
@tvOneNews Nih menteri kayaknya layak di rajam oleh warga rempang...,
@never_alonely Kasus rempang diem aja pak @FPKSDPRRI,
@MichelAdam7__ Bahlil ini asal ngomong...baxak ngibulx seperti keterangan dia ttg Rempang....n apa kau TDK berbusa bisa berbicara kayak jual obat,
@taliwongsooo @Kopipait__78 Kmu di pihak masyarakat rempang ato pemerintah ?,
"@marsonom97 @Rizal8019 @Tjel0up @aniesbaswedan Gerombolan penyuka tai ternyata, kalo gw liat elu ga ada comment tentang Rempang bong???? Elu NKRI katanya???",
"@CNNIndonesia IKN, REMPANG, XINYI GRESIK, KERETA CEPAT.",
Warga Rempang Berterima kasih kp Bpk Amien Rais bersama Tim atas bentuk kepedulian thd Warga Rempang..... https://t.co/s0OlkzCAO3,
@tvOneNews aneh sekarang sj sudah jd negara preman kok bukan krn warga rempang......gak percaya tuuu dri wakil rakyatnya..partai politiknya smeua cara preman yg digunakan...perbaiki dulu,
@awemany 54 kursi di DPR Bau kentutnya saja tdk lagi terdengar  Harga2 naik beras  Telur  Susu  BBM  Masalah :  Rempang Wadas Ikn UU obl UU kes  Minta maaf ke PKI  kalian kurang greget terlalu vokus AHY hrs cawapres  Sebaiknya cepat gabung Ki lurah agar jelas posisi @PDemokrat https://t.co/XzoRVCsNgs,
"Yg satu: Rakyat harus menang. Dukung tokoh perubahan.   Yg lain: Rakyat harus menang. Dukung tokoh lanjutan.  Jadi: IKN, Rempang, Wadas, KCIC, kebon singkong di lahan hutan... ini semua kemenangan rakyat?",
@geloraco Yg jd pertanyaan knp si bahlil ini vokal bgt dg penggusuran pulau Rempang? Ada apa gerangangan?,
@OposisiCerdas Dijajah oleh dirimu kali rempang,
"Sodara sodariku sebangsa dan setanah air, selagi nyawa masih dikandung badan JANGAN PERNAH lupakan wajah orang ini. Kalau perlu ceritakan ke anak cucu bahwa orang ini berwawasan luas seluas PULAU REMPANG.  . . . JASMERAH https://t.co/Ospj7gqbMW",
"Bertemu Warga Sembulang Tanjung, Kepala BP Batam Bicara Soal Isu Miring Pengembangan Rempang Eco City https://t.co/oFw05qQjHv",
Pemaksaan pengosongan lahan msh terus di lakukan oleh tim gabungan di #Rempang ada 2 dari TNI dan petugas PTPN mendatangi warga melakukan intimidasi terhadap warga utk segera mengosongkan rumah2 mereka https://t.co/63sdsnQtDT,
4 Oktober 2023 masyarakat sembulang pulau #Rempang menyatakan sikap tetap akan menolak relokasi https://t.co/I0zkXKfC1G,
"Halo#SahabatData..  Tau kan kalau hari ini 5 Oktober 2023, pasti ingat kan sahabat data  Hari ini adalah Hari Ulang Tahun Tentara Nasional Indonesia    Tema kali ini adalah TNI Patriot NKRI: Pengawal Demokrasi untuk Indonesia Maju  Selamat Hari TNI ya untuk KODIM 0720/rembang https://t.co/S0vluCTPrf",
"@tvOneNews Semoga tuhan memberikan ganjaran sesuai apa yg kamu perbuat pada masy rempang, tangisan, derita, pengorban akan kamu rasakan 7 turunan",
"@papa_loren Jangan lupa  tanah warga melayu Rempang,itu milik mereka sejak abad 18. Lebih Baik Mati Berdiri Daripada Hidup Berlutut. Takkan Hilang Warga Melayu Di Bumi Indonesia. Esa Hilang Dua Terbilang. “Diam kita ditindas, kita harus bergerak utk menyelamatkan Bangsa Negara Indonesia ini” https://t.co/YIOINBSiUh",
"@JulianiMadinah Jangan lupa  tanah warga melayu Rempang,itu milik mereka sejak abad 18. Lebih Baik Mati Berdiri Daripada Hidup Berlutut. Takkan Hilang Warga Melayu Di Bumi Indonesia. Esa Hilang Dua Terbilang. “Diam kita ditindas, kita harus bergerak utk menyelamatkan Bangsa Negara Indonesia ini” https://t.co/y5QBG3X4Ne",
"Jangan lupa  tanah warga melayu Rempang,itu milik mereka sejak abad 18. Lebih Baik Mati Berdiri Daripada Hidup Berlutut. Takkan Hilang Warga Melayu Di Bumi Indonesia. Esa Hilang Dua Terbilang. “Diam kita ditindas, kita harus bergerak utk menyelamatkan Bangsa Negara Indonesia ini” https://t.co/blF9hskRCb",
"@Dennysiregar7 Saat pres bikin kesalahan kok gak di kritik waktu lalu... Contohnya masalah pulau rempang..., Giliran pilihan politik malah koar²... 💩 Lah kalau soal kritik ente wan",
"Lah kasus hutang kereta cepat ke cina dan khususnya kasus Rempang untuk investor cina itu bukan penjajahan yang endors pejabat publik?  Untuk masyarakat Luas? Bullshit! Uangnya lari ke kantong kalian-kalian juga, makanya banyak yang nolak. https://t.co/TMAHYog684",
@tvOneNews Ini parah !!! Dana APBN masa untuk menggusur rakyat rempang ? https://t.co/8kLo5bHFTp,
Petani rembang dan warga wadas bagaimana dumb dumb?! https://t.co/RZUctjWEvA,
@6undul0h Ini APBN kok dipakai untuk menggusur rakyat rempang. Why ? https://t.co/8kLo5bHFTp,
"Indonesian villagers vow to resist Chinese-funded project, fearing ‘cultural genocide’ on Rempang Island https://t.co/aGaXAQIchr The government says it will transform the area, but advocates say Jakarta’s position on the benefits of Chinese investments is an ‘illusory narrative’.",
@KompasTV Duit APBN untuk penggusuran rakyat rempang ?https://t.co/8kLo5bHFTp,
"DEMOCRAZY News | Berita &amp  Politik Indonesia: Terungkap Korupsi Setoran UWT Rempang Eco City Rp ... https://t.co/tB0511hBFp      BAH LOH NGOTOT AMAT SEBABNYA UTU. JELASKAN BAHLUL, LUHUT",
"Dengarkan menit ke 1:11, ini senjata dari Kapolda, Kapolda?, senjata diberikan ke cina untuk mengancam pribumi? @ListyoSigitP  Masak cino dilindungi dan di persenjatai, Pribumi di usir (rempang) https://t.co/yVHPXKxyOd",
"@akbarfaizal68 @jokowi STOPPPPP....cukup 10 tahun Indonesia dipimpin sama presiden ini, korupsi makin gila',politik transaksional,saling Sandra,pecah belah,penegakan hukum GK adil tumpul Kpda yg pro/kawan,tajam Kpda yg kontra/lawan.TKAcina makin merajalela,merampas tanah rakyat Rempang dgn paksa",
"@DoankWarto Sebagian besar rakyat mau dukung AMIN krn inginkan perubahan,nggak mau lagi harga² kebutuhan mahal diteruskan,bbm,listrik,pajak mahal dilanjutkan,hutang ugal²an,kejadian² warga wadas,p rempang diteruskan...sebagian besar Rakyat sdh bulat tekad akan mewujudkan Perubahan",
"@Gank_Of_Petojo @nashrullahHNI @bahlillahadalia @DPR_RI Di rapat dengar dgn DPR, Bahlil siap mundur jika ada penyimpangan di investasi Rempang.",
@abu_waras Memangnya benar yang ditahan warga rempang? Bukan penggiat demonstrasinya ya?,
Full Ngamuk...! Bang YusPul Al-Medany : Kasus Rempang Kezaliman Rezim Jo... https://t.co/M2CFYQNzhl lewat @YouTube,
"Kritik Penggusuran Rempang, Mahasiswa Unpak Demo di Jalan Sudirman  https://t.co/toBzROI6wb",
Ini yang menjadi penyebabnya sehingga rakyat dipaksa untuk pindah mengosongkan pulau Rempang.  https://t.co/hkCZlN6xQW,
@CNNIndonesia Ini lebih parah lagi. APBN untuk mindahkan rakyat pulau rempang. Investor apa sudah setoe ke kas negara ? https://t.co/8kLo5bHFTp,
"@Miduk17 tapi rempang mau di pakai bayar utang negara menempuk sembako maui did kanai pajak,apanya berhasil goblok",
"Terungkap Korupsi Setoran UWT Rempang Eco City Rp 3,6 Triliun  Korupsi korupsi korupsi teruuuusss dan semua korupsi  https://t.co/JpPlLqLifv",
@detikcom Kalau ini penjajahan apa ? Mindahkan rakyat pulau rempang kok gunakan APBN ? Investor china sudah bayar kah ? https://t.co/8kLo5bHFTp,
"Menolak Konsultasi AMDAL, Warga Pulau Rempang Bentangkan Spanduk Penolakan: Kami Menangis! https://t.co/bIBXLfhlhh",
Jadi pak @SBYudhoyono mendukung rampok p.rempang yah.,
"@bianca01403 Penyerobotan Tanah Warga Rempang, Nusron Wahid: Apa Bedanya BP Batam dengan VOC? https://t.co/aocQ4IFHZO",
@Stev3n_Peg3l @KompasTV Rempang kejauhan bos. Lah wong moso masyarakat sendiri y juga tdk dipikirkan nasibnya. ( Wadas ),
"https://t.co/Wo2ZI8zhmd Bahlil jgn bentuk Tim. Baca saja tulisan ini. Rempang ini gampang ko. Sy selesaikan byk Kp Tua  Tj Uma dll tanpa pertumpahan darah . Masalahnya Bahlil sdh bicara hal2 teknis. KPK mesti periksa Pej pemda, KLH, Agraria &amp  BP Batam utk selaraskan otoritas.",
@fajarsodikm Maksudnya apa?? Lu gak punya hati lihat saudara kita di pulau rempang digituin aama pemerintah yg zolim ini!!,
@SemutMerah2024 Dia sendiri premannya harus di uaut ini. Sama @KPK_RI malah uaut menteri pertanian yg ga ada hubungannya. Ini usut kasus investasi di pulau rempang pasti banyak itu yg korupsi. Harusnya masuk negara malah masuk kantong pribadi. Please yg amanah kerja pak/bu KPK,
"Ternyata Xinyi makelar tanah juga, bisnis antara makelar dengan makelar  Kalau hanya untuk nambang pasir , masyarakat Rempang juga bisa ... Lain halnya jika para makelar itu memang ingin dapat 'bagian' juga😂 #Rempang #kepri #batam #melayu #SaveRempang https://t.co/5MhH3RpCmT",
@RagilSemar Yang preman itu rezim pemerintah ini. Mau rampas Rempang pakai YU Preman UU CILAKA.,
"Terungkap Korupsi Setoran UWT Rempang Eco City Rp 3,6 Triliun https://t.co/e4YvWrZWX3",
@rmol_id Apa ada gratifikasi di rempang?,
"Asik seorang menteri pkai cara preman, sampai² seorang menteri sewa preman untuk bubarkan aksi HMI yg bela rempang gmn yg lainnya ya ada yg buzzer Rp untuk menjatuhkan lwn politik nya ada pkt elit kekuasaan nya untuk menyingkirkan rakyat nya seperti polisi TNI KPK kejaksaan dll",
Bts jangan nutupi rempang,
"@hc_poirot Wahai rakyat rempang ..maju terus pantang mundur ..habisi semua aparat tni yg jd anteknya, Londo Erengnya, dan Budaknya para OLIGARKI Cukong China Komunis.@puanmaharani_ri @jokowi @mohmahfudmd @DPR_RI @DivHumas_Polri",
"@tvOneNews pdhl yg preman itu bkn warga rempang lohhh, tpi...???",
"@PresidenKopi Dari cara memaksa warga Rempang harus kosongkan. Dan dengan cara paksa saja kita bisa curiga,.kenapa begitu ngotot dan ambisi buat warga Rempang menderita,.tidak mungkin jika tidak ada CUAN sebagai komisi pembebasan Tanah,.tanah perkotaan saja mau dibangun mall banyak makelarnya",
@TrioKwek212Kwek Si bahlil itu sebenarnya BAJINGAN TOLOL yg tdk punya rasa kemanusiaan terhadap rakyat rempang @bahlillahadalia,
"@msaid_didu @KompasTV @tvOneNews @BEMUI_Official @aniesbaswedan @mohmahfudmd @Metro_TV Goreng2masalah rempang, penggusuran oleh rezim, eh ini, PT BMS punya si chaplin bos nya @msaid_didu sama juga gusur lahan padi warga,yg dah lama ada disitu sama juga kek di rempang,ya  besaran dikit rempang,cuma ibarat maling sepeda komentarin maling mobil🤣👇 @sofiesyarief https://t.co/RZ8a8tlmqw",
"@tempodotco Tanyakan ke Bu Mentri .. Setiap pertanyaan yang ruwet bin mumet, atau menyangkut nyawa Rakyatnya.. Seorang presiden seolah tidak mampu menjawabnya.. 🫠 Contohnya: Kanjuruhan               rempang https://t.co/wKEqpMM7Q9",
"@BennyHarmanID Suara kamu untuk rakyat rempang apa? Apakah nasib WARGA dapil kamu yg mengundi kamu BISA JADI anggota DPR? Apakah terbela nasib mereka, berapa orang yg nganggur anak2 mereka putus sekolah apakah bpk tau , or apakah seperti kacang lupa kulitnya",
"Bukan jadi Tauladan, Menteri Bahlil Malah Sewa Preman Bubarkan Aksi HMI Bela Rempang https://t.co/xS322xCcFo",
Amien Rais Jaminan Kasus Rempang dan Bebaskan Warga yang Ditahan  https://t.co/ydfT6hsN2s,
"@tvOneNews Warga Rempang cuma mempertahankan tanahnya sendiri. Yg pake senjata dan kekerasan ya situ. Kok terus nyebut korban"" adalah preman.""",
"Tolak Bebaskan Warga Rempang yang Ditahan, Bahlil: Kalau Dibiarkan, Kita Jadi Negara Preman https://t.co/wMu8zYSOMO",
#golkar #golkarindonesia #airlanggahartarto #menkoperekonomian #Rempang @golkar_id @airlangga_hrt https://t.co/u1oJ9prIDX,
@mohmahfudmd Soal Rempang Bagian Kendala Sila ke 2 Ga Prof??,
REMPANG MENOLAK RELOKASI..!  *Tegas! Warga Melayu Rempang Tetap Menolak Relokasi dan Konsultasi AMDAL*  https://t.co/YdjHX0JepZ,
Tolak Relokasi Rakyat Rempang *DPC-LMR: BP Batam Agar Hormati Kedaulatan dan Kepentingan Rakyat Rempang di atas kepentingan Investor*  https://t.co/iLRMfI1DLS,
@BangEdiii Dan jangan ikut memviralkan hal yg sengaja diviralkan demi pengalihan isyu  Tiba2 : - keputusan emka - mempoora - rempah rempang - dll,
"@geloraco Penduduk Rempang di usir dgn cara preman, nuduh warga Rempang yg di tahan sbg preman, sekarang demonstran dibubarkan pakai preman, dasar bahlul",
"Hal baik dan harapan kabar yang terdengar kemudian Pemerintah, Investor dan Masyarakat bersinergi mewujudkan pembangunan #rempang untuk Indonesia Maju.",
Investasi Bodong ...???🤔 Jadi bagaimana nasib masyarakat Rempang ... #kepri #batam #melayu #SaveRempang  Persekongkolan Jahat ‘Investasi Bodong’ Xinyi Grup Asal China Diungkap NCW: Adanya Dugaan Korupsi dan Pengaturan Nilai Investasi https://t.co/21fEJQHKpA,
"@48alys Tugasnya apaa kak, kemarin baru bikin tugas bahas kasus rempang jugaa",
"@CNNIndonesia CAFTA itu diratifikasi tahun 2002, era presiden jual Indosat, Proyek Rempang Eco City, dan banyak lagi....",
"@tvOneNews Lah bukannya negara kita emang piara preman dari dulu ya? Kayak yang baru2 ini minta lahan parkir. Lagian warga rempang cuma mempertahankan tanah mereka, kok dikata preman. Bahlul lo bahlil",
"Secara tidak langsung bahlil menyatakan perang sama warga rempang, gak usah memperhalus kata dengan kata 'preman', mending lo urus tuh pemuda pancasila yang rill preman",
"Memposisikan kesalahan ada pada investor di pembangunan #rempang , kurang bijak rasanya.   Strategi pembangunan untuk kemajuan negara harusnya menjadi permasalahan bersama hingga mencapai solusi dari pelbagai permasalahan #rempang",
"Tetep cermati kasus Rempang yg didalamnya ada UWT sebesar 3,6 T utk hak konsesi lahan 17 rb lebih  hektar dikalikan 21 rb lebih per m2 dan keberadaannya perlu dipertanyakan? Sudah disetor belum, atau sdh habis,",
Kaki tangan VOC beraksi di Rempang. https://t.co/aHge0QWovY,
- Rempang = bukan relokasi tapi hanya pergeseran… - Banjir = air tergenang… Kira2 bahasanya sama nggak yaa ???,
@rmol_id Hmi pahlawan kesiangan dasar mahasewa kadrun. Rempang sudah damai woi..,
@Jhonkosmik Keduanya sama² punya hati dan perasaan ..peduli warga Rempang,
ini yang harus dipahami soal permasalahan pembangunan di #rempang,
Kabar baik. penduduk  #rempang sudah menempati hunian sementara,
Ahmad Doli Kurnia Nilai Sinkronisasi Terpadu Diperlukan Dalam Penyelesaian Masalah di Rempang #airlanggahartarto #kuningkeren #sayagolkar #partaigolkar #golkarpedia https://t.co/iq0lKiB2Pd,
"@PresidenKopi Pantes pada ngotot betul begundal cina ini..ngusir penduduk rempang..taunya duit panas udah masuk toh..bangsat emang..""",
"@DrEvaChaniago Si Bandit Itam ngomongin org Preman, padahal dia sendiri yg pake Preman utk menghadang anak²/adik² HMI yg demo masalah Rempang. Dasar Bangsat Itam.",
"@DrEvaChaniago Krn dia bukan bangsa indonesia Negeri ini milik generasi berikutnya Lihat daerah yg d usik sept rempang, kalimantan dst apakah mrk rela tanah generasi d ambil oleh bgs asing??? Tdk akan  dan tdk akan rela. Kita butuh rakyat bersatu ✊🏽✊🏽✊🏽✊🏽✊🏽",
@bianca01403 Rupanya para *#j!#g ingin pesta uang haram di Rempang https://t.co/GXKmmTDING,
@DjohanLianto @Affan79992133 @YaqutCQoumas Rempang mau dijual  koar2 penjaga NKRI harga mati. Hahaaa...mata loe picek.,
DEMOCRAZY News | Berita &amp  Politik Indonesia: Terungkap Korupsi Setoran UWT Rempang Eco City Rp ... https://t.co/qwPaDFlS72,
"Bedanya VOC dibantu londo ireng, kalo Rempang dibackup cino coklat.. Persamaannya mrk semua para pengkhianat!",
"@PartaiSocmed Sebenarnya tidak hanya di Gunungkidul. Daerah lain seperti Rembang, Blora juga memakan belalang, bahkan ungker (ulat kayu jati), hanya saja tidak seterkenal belalang di Gunungkidul yang notabene tempat wisata.   Harganya mahal kemungkinan karena proses berburunya tidak mudah",
"Cukong menginginkan Tanah rakyat / tanah adat membodohi pejabat gila materi agar mengatasnamakan tanah milik negara, sudah bukan rahasia umum di era repormasi kebablasan, seperti Rempang dll . https://t.co/bdWYv66HHH",
@cakyono3 @ekowboy2 Mosok?...trus taunya apa saja? Semua kputusan dlm mengambil kebijahkan ada sm beliau.salah satu contohnya soa tanahl rempang..dia tahu apa ngak soal ada konglonerat sperti Tommy winata?🤔😁,
"@islah_bahrawi Terungkap Korupsi Setoran UWT Rempang Eco City Rp 3,6 Triliun @mohmahfudmd",
"Coba blusukang ke Rempang juga bro ketum, bantu warga..",
"Jangan lupa  tanah warga melayu Rempang,itu milik mereka sejak abad 18. Lebih Baik Mati Berdiri Daripada Hidup Berlutut. Takkan Hilang Warga Melayu Di Bumi Indonesia. Esa Hilang Dua Terbilang. “Diam kita ditindas, kita harus bergerak utk menyelamatkan Bangsa Negara Indonesia ini”",
"@ecosocrights Terungkap Korupsi Setoran UWT Rempang Eco City Rp 3,6 Triliun",
@korantempo Modus Rempang ?,
"@ecosocrights PT.XINYI bukan perusahaan 10 besar dunia itu bohong, investasi di Gresik tidak jalan lalu kita mau menerima Investasi Bodong di Rempang....hanya orang bodoh yg mau menerima",
"Dengan kebohongan yg bertumpuk spt itu, menteri @bahlillahadalia msh jg mengatakan menolak membebaskan warga Rempang dgn alasan kalau dibiarkan negara kita akan jadi negara preman"". Padahal faktanya, pemerintahlah yg kerjanya lebih buruk dari preman.  https://t.co/haYlMIYHRM""",
"dan mereka menolak utk direlokasi. 3. Pemerintah menyatakan, AMDAL utk proyek Rempang sdh ada. Faktanya AMDAL blm ada.  4. Pemerintah menyatakan, warga Rempang akan dpt lahan, rumah, dan uang tunggu. Faktanya, pembiayaan relokasi &amp  penggusuran belum dialokasikan pemerintah pusat",
"68% penjualan XG di pasar lokal China. XG pernah lakukan investasi yg sama di Gresik dan Babel, tapi tdk jelas ujungnya.  2. Pemerintah menyatakan 80% warga rempang tanahnya tdk bersertifikat dan mereka sdh setuju utk direlokasi. Faktanya, 80% warga Rempang memiliki alas hak SHM",
"Temuan NCW terkait kasus Rempang menunjukkan, kebohongan pemerintah bertumpuk2 dlm proyek Rempang:  1. Pemerintah menyatakan, Xinyi Group (XG) perusahaan kelas dunia dgn jangkauan pasar global. Faktanya, XG bukan perusahaan kelas dunia. https://t.co/kIshWJDW5x",
"Nasional Corruption Watch (NCW) menyangsikan realisasi proyek Rempang Eco-City. Sebab, Xinyi Glass Holding Limited selaku investor proyek tersebut dikatakan telah beberapa kali tidak menjalankan komitmen investasinya.  https://t.co/3AiTl4N0a1",
LetsGöFollow  base › surabaya tele  › https://t.co/2ie5dS7N02 expo › 04-05 pati › 06-07 rembang  ❤ @.keempat_elsaa https://t.co/FR3F8c9ub0,
"@HusinShihab @Abu_Nafstami Masyarakat awam ga sebodoh kau sin, Kita tahu banget apa maksud pak Anies ttg PSN titipan, itu rempang contohnya, investasi swasta tp lebih galak pemerintah ke rakyat, bukannya bela hak2 rakyat malah bela investor asing, tega mengusir rakyat dari tanahnya demi seorang Tomi winata",
"@JulianiMadinah ada hukum rimba sdh disana, maka hrs dilawan dg siapapun yg akan mengusir warga rempang disana, lawan dan usir semua, apapun jabatannya dan bentuknya spt apa lawan dan usir‼️",
@tvOneNews kcuali rempang ya pak???????? #merdekakatanya,
"@CNNIndonesia Rempang kasian bgt ya Allah, investor mana paham, kerjanya ngeruk ngabisin doang. yg jaga kelestarian alam pdhl masyarakat di sana, jing",
@tvOneNews Kontol babi kau. Memangnya Rempang milik siapa? Baca sejarah.,
APBN disusun DPR &amp  Pemerintah. Pemerintah Ga boleh sembarangan ngeset semaunya  Berlaku buat KCJB juga Rempang. Enak saja main set sendiri.. emangnya DPR itu boneka?  Eh.. iya,
"@tvOneNews Kalau warga rempang punya SHM pasti menang, klo punyanya HGU / HGB ya harus pindah",
"Putra Mbah Maimoen, KH Najih: Para Pengasuh Ponpes Sarang Rembang Kompak Dukung Anies Baswedan https://t.co/GAwHeHmUdb",
@democrazymedia bongkar...audit smuanya biar jls.Jgn2 ada korupsi besar2an dsini.KPK hrs telusuri dn periksa BP Batam.Kmana tuh uang UWT...Knpa msh mnta Pempus lg dg nilai trilyunan.Rempang jgn diapa2in dlu.Biar wrga ttp ad dsna.,
@Gank_Of_Petojo @bahlillahadalia @DPR_RI Entah terbukti atau tidak tp sejak awal mencuat masalah perampasan Rempang ini ada semacam keyakinan dalam diri ini bahwa segala kengeyelan itu ujungnya pasti duit BESAR.,
@rudyno1 @titaniumarse @fransisca_ning PLA di rempang : *video play* @silaen_gunawan https://t.co/gduHsEPNOG,
@JulianiMadinah Bahlil dpt komisi brp ya dari mafia tanah rempang?,
"Progress Investasi Rempang Eco-City, Pendekatan Humanis Dijalankan https://t.co/yS28WELcaV",
"Pengembangan Rempang Eco-City, 7 KK Pindah ke Hunian Sementara https://t.co/bZSJ8UkcxT",
Rezim @jokowi akan jatuh dan hina akibat kebiadaban kpd rakyat rempang,
"Berharap ada akibat dari kasus rempang, dan akibat itu semoga sumatra merdeka spy lbh terhormat fan bermartabat krn skg sdh di acak2 olh penjahat yg jd penguasa",
"Kamu cantik sih tapi susah banget untuk di milikin, kayak pulau rempang harus negoisasi dulu.",
"Go 💙 F O L L O W  B a s e » Surabaya T e L e » https://t.co/OEQg7BlG4o E x p o › 04-05 Pati › 06-07 Rembang  @,keempat_elsaa https://t.co/dmzBpqbHNp",
Amien Rais Kembali Kunjungi Rempang - Riaunews https://t.co/nmZ83ZxUpB  Kedatangan yang kedua ini sekaligus memenuhi janji untuk kembali lagi dan memastikan terus mendampingi warga setempat yang terdampak langsung proyek strategis nasional (psn) Rempang Eco City.,
@titaniumarse @fransisca_ning wumao model @fransisca_ning ini kalo kita kritis sama RRC akan dibelokin sama dia kalo kita pro USA. Gw rasa @aditya_ptr97 temen2 dia jg. Cuitan akun bodong dia jadiin kesimpulan peran besar USA di rempang hadeeeuuuhhh,
riku kades keras suka amanda manopo gemes petualangan sherina 2 angel eyes kepsek cegil renjun perokok fisip ui bocah ice cold elfira ibu kota negara rempang udil pramuka fokus irene dante kiko gen z cilacap cpns kebayoran lama whoosh ✨Tas Selempang 🔗https://t.co/ku7HbmIVxf https://t.co/8ldNmKolSf,
@LithiumOlethea rembang?? ciamis?? Kuningan? Pangandaran? YANG MANA NIHH😭😭,
Masyarakat Rempang  hari ini kedatangan Bpk Amien Rais.  Tetap Menolak Relokasi  Allahu Akbar ✊🏼💙 https://t.co/tL8d7iaXiF,
@narkosun Rempang... https://t.co/V5WEgR9yA1,
@lukmanrzkr @ray_kairi @PartaiSocmed @lambebuzzer Persikabo kah yg pernah di sponsori sb*t*p? Ada nama T*my Win*t* disitu kayaknya pernah dibahas disini juga ada hubungannya sama rempang,
"Mulai Bertaring, Bahlil Tolak Bebaskan Warga Rempang: Kalau Dibiarkan, Negara Kita Jadi Negara Preman https://t.co/XYDt0Zftki",
"Bahlil Diminta Bebaskan Pendemo di Rempang yang Ditahan, Responsnya Begini https://t.co/GFjZXFhX6I",
@geloraco Lha malah bukannya negara yang preman sekarang? Preman bertameng UU preman? Apa bukan gitu?   Penjarakan itu nanti kepala Polisi yang tahan warga rempang.,
"Jika seluruh lapisan masyarakat bergerak bela rempang maka peluang @aniesbaswedan menang makin tinggi krn satu2nya capres yg tdk setuju rempang adalah AMIN,  ayo terus gelorakan penolakan rempang",
Semoga komisi III dan VI DPR RI masih memperjuangkan hak rakyat Rempang !,
"@6undul0h Maklum...dari awal Pak Presiden sudah menyebut ada masalah komunikasi"" soal Rempang ini... Wajar saja klo ada pejabat yg logika bahasanya aneh2 kyk gt... 🤣""",
"@infomaya_id @kegblgnunfaedh @NetflixID wadas, rempang, kalimantan, sumbar, lampung",
"Kamis-selasa(14-19/09/2023), Surindra Luhkan Kab.Rembang, Pendampingam Pelatihan pemberdayaan perempuan tentang rajungan kerjasama dengan CTC di Desa Dasun kec.Lasem #GiatLuhkanSatminkalTegal  #luhlapor @PKBLU_bp3tegal https://t.co/5bnLzrD76I",
"@ListyoSigitP moga polisi berani tangkap koboi ini, jangan hanya kepada demonstran pribumi di Rempang",
Faktanya Masyarakat Rempang-Galang tetap menolak adanya Relokasi ataupun Pergeseran ..... https://t.co/KK1gNQyFUT,
"Rabu (04/10/23), Surindra Luhkan Kab.Rembang, Pendampingan pemasaran garam di tambak garam milik BMT BUS Desa Dasun kec.Lasem, panen 8600 Kg, harga 1200/kg. #GiatLuhkanSatminkalTegal  #luhlapor @PKBLU_bp3tegal https://t.co/WD3Bl2b8Pq",
"A Minister, how beautiful&amp cool it would be if he spoke politely, full of persuasion&amp motivation in d midst of the fate of Rempang residents who were confused&amp full of uncertainty about their fate because P. Rempang without their knowledge in 2001 had been transferred to Taipan TW.",
"@VIVAcoid Saya kawatir ada di Rempang, betulkah?",
"#SaveRempang  #TolakRelokasiRakyatRempang #StopProyekOligarkiSetan  🔴GUBRAK..!!🔥MANTU HABIB RIZIEQ NGAMUK 📗JANJI JOKOWI SERTIFIKAT REMPANG, MALAH INVASI YANG DATANG❗️❗️  TONTON VIDEONYA: https://t.co/26RRZmKJOK  #RAKYAT_BERSATU_MELAWAN_KEZALIMAN",
"@HusinShihab Rempang itu proyek swasta, apa lagi namanya kalo itu bukan titipan?",
@enzocedo @PartaiSocmed Apa lagi yg maunya cina yg lain bakal dipatuhi?  Apbn dah tergadaikan.  Nikel juga gitu?. Masyarakat rempang dlm proses diusir dari tanahnya sendiri.  Apa lagi berikutnya?,
"@_croisentoi Rembang, Jawa Tengah kak",
riku kades keras suka amanda manopo gemes petualangan sherina 2 angel eyes kepsek cegil renjun perokok fisip ui bocah ice cold elfira ibu kota negara rempang udil pramuka fokus irene dante kiko gen z cilacap cpns kebayoran lama whoosh  🛒https://t.co/gFtIk8SZa3 https://t.co/LZyIPKCfuF,
"@tvOneNews Bebas kan warga yang di tahan di Rempang masyarakat sudah capek dengar stekmen preman berdasi dan cukong, saatnya masyarakat bersatu",
@RagilSemar @Abang_Faey hrsnya bahlil cs yg ditahan bukan warga rempang yg demo krn bela tanah leluhurnya,
"@geloraco Bilang negara ini negara preman bila bebaskan demonstran rempang, die sendiri diduga nyuruh reman bubarin demonstran, muna lah kau😑",
"Tdk sadar atau pura2 tdk sadar pak, apakha pak @jokowi lupa dgn pulau rempang dan kereta cepat, Ekonomi makin buruk ulah siapa pak https://t.co/hurEW4nXSF",
riku kades keras suka amanda manopo gemes petualangan sherina 2 angel eyes kepsek cegil renjun perokok fisip ui bocah ice cold elfira ibu kota negara rempang udil pramuka fokus irene dante kiko gen z cilacap cpns kebayoran lama whoosh ✨Jaket Varsity https://t.co/bKbVPJQ5cF https://t.co/41bUeE4qih,
"Bahlil Tolak Bebaskan Warga Rempang: Sudah Kami Bantu 8 Orang, tapi yang Anarkis Tetap Diproses.  RAKYAT BERPERILAKU PREMAN DIKARENAKAN KEBIJAKAN YANG DIBUAT BAGAI KEKUASAAN PREMAN TERHADAP PEMILIK KEDAULATAN NEGARA YAITU RAKYAT"" @myputun https://t.co/zhHi3TrnWo""",
"Selasa (05/09/2023),Surindra Luhkan Kab.Rembang, melakukan pendataan produksi garam di Desa Dasun-Lasem, hasil tangkapan 8700 kg, harga 8 1200 per Kg @PKBLU_bp3tegal #GiatLuhkanSatminkalTegal #luhlapor https://t.co/u8nIoBjzzm",
Jangan tercengang pernyataan ini krn BP Batam hanya pelaksana dari penetapan Pulau Rempang sdg Proyek Strategis Nasional yg ditandatangani oleh Menko Perekonomian Pak Airlangga yg juga Ketum Partai Golkar. Pak Nusron wakil Partai Golkar.,
*VIRALKAN 📢📢📢* Selamat *Untuk  Fahri  Lubis  dan Team  Advokasi Untuk Rempang🙏 dengan Berhasil  Membawa Permasalahan Rempang Ke Perserikatan Bangsa Bangsa (PBB )  Kini Rempang Sudah Menjadi Sorotan Dunia👍🇲🇨🇲🇨 Power Of Allah* https://t.co/AFodEZhnZe,
Ini kok makin byk kejadian spt ini menjelang pergantian pemerintahan tahun depan?  Kemarin Rempang sekarang ini,
@ganjarpranowo Semoga bisa bertemu secara personal dg masyarakat rempang ya pak?,
"#Rempang  @NSAGov @CIA #MSS  Kita menemukan Jejak Blackrock, Evergreen di kasus rempang, Clasified doc (TopSecret), yg di mulai sejak beberapa tahun lalu, di ketahui oleh Rockefeller, Bank Dunia, IMF.  Tp tdk hny di rempang, semua PSN ada jejaknya,khususnya IKN, KCJB, Rempang.",
"Progres Pengembangan Rempang Eco-City, 16 Warga Sudah Tempati Hunian Sementara https://t.co/Z5FgYOFLur lewat @GoWest.ID",
"Progres Pengembangan Rempang Eco-City, 16 Warga Sudah Tempati Hunian Sementara https://t.co/4twnOrsdga lewat @GoWest.ID",
"@tvOneNews Setuju,,,, Itu yang di tahan 40 orang bukan warga rempang,,, Juga nggak punya saudara di rempang Juga bukan pekerja di daerah rempang,,,, Masukin aja ke kawah merapi",
Pipa Sumur Bor Semburkan Api Hebohkan Warga Pamotan Rembang https://t.co/6dwBjHDfxF,
"@gilapersija_2 @kevinpramudya_ Kmren sabtu nnton di solo , kmren di Semarang , skrng d rembang",
@BennyHarmanID Kalo yg dibahas masalah Rempang dan utang bagus. Tapi kalo ada maunya ingin kekuasaan yah sungguh ironi,
@bianca01403 Staf rt bangga membuat rakyat rempang sengsara,
@Ronnie_Rusli Artinya kita tinggal tunggu pengumuman pembatalan yg disampaikan secara heroik  demi kepentingan  rakyat rempang ya prof?,
@AREAJULID Bisa bisanya udah tahunan di up lg sama mereka .. PENGALIHAN ISUUUU !!! Tetep kawal rempang dan 2024 !!!,
Simpati empati Rempang tp Calon yg didukung masih seputar dia2 orang juga..  ga ngerti lagi dah ah,
Scissor lift 12 meter di pati pemalang kendal batang rembang jepara jogja solo kudus klaten tegal @TribunJualBeli https://t.co/SqOXPvJuR2,
"@Araghutama @asmirzakovic @Becauseofyou_76 Ada beberapa kemungkinan pak, ruas jalan Rembang-Pati banyak perbaikan dan masalah solar~",
"@OposisiCerdas Tolong dipertegas, itu preman atau rakyat rempang yg berjuang untuk haknya terjebak terpancing bertindak anarkis??? Tolong dipertegas saat itu kapasitas pemerintahan untuk rakyat atau untuk oligarki?  Biarjelas,mana yg premannya,",
"@papa_loren Nanya om, ini Rempang  atau Xinjiang? Miripkah polanya? Putus akses, tangkap, kuasai?",
"@rmol_id Luka batin rakyat rempang sulit sembuh, apa lagi rakyat rempang yg di tahan di anggap sbg preman",
@tvOneNews Langsung turun ke batam aja kalau niat membela.  Karna warga rempang yg ditindas sama penjajah tu di rempang bukan dijakarta.,
"Mereka kira warga rempang orang utan,dikerangkeng gitu Sungguh rezim biadab https://t.co/Ap052xta5d",
"@Heraloebss Yg mnjadi pertanyaan knapa berita2 tentang jessica wongso itu dibuka lagi mndekati pemilu,ramainya soal tanah warga rempang hingga soal KCIC..knapa tdk di waktu tenang sblum2nya..jk memang dirasakan ada kejanggalan dlm kasus kopi.Sianida???..apakah krn difilmkan jd ramai.lagi?🤔",
@papa_loren Dendam amat elu @bahlillahadalia dgn rakyat rempang? Kenapa?,
"@B_nin927 Iwan Pals itu incumbent, tapi pemenangnya tetap Mas Anies.  Tobat wan, ikuti jejak Bimbo Membela Rempang, gak nggcor thok.",
"@TrioKwek212Kwek Penyerobotan Tanah Warga Rempang, Nusron Wahid: Apa Bedanya BP Batam dengan VOC? https://t.co/aocQ4IFHZO",
@msaid_didu Tandanya die panik. Krn die yg ttd proyek Rempang .Jk gagal bisa digantung  oligarki 😅☕,
"@tvOneNews Yang di tahan pendemo yang bukan warga rempang,,, Juga bukan sanak saudara warga rempang,,,  Juga tidak bekerja di sekitaran rempang,,,, Mereka2 provokator / orang2 bayaran proxy eropa dan amerika,,, Jadi nggak perlu di bebaskan Masukkan aja ke kawah merapi atawa akrakatau",
Mirip Kasus Rempang Galang #SaveRempang   https://t.co/XLJHbxNDkP,
"Bukan jadi Tauladan, Menteri Bahlil Malah Sewa Preman Bubarkan Aksi HMI Bela Rempang https://t.co/RD15puz3Ct",
@tempodotco Sampai kiamat #Rempang tidak akan pernah dijual kepada siapapun dan negara manapun @bpbatam @bkpm @erickthohir @bahlillahadalia @jokowi,
@Humairah_922 Org tolol berarti lo juga rampok tanah org Rempang dasar penghianat,
Daftar negara paling sejahtera di dunia : 1. Bali 2. Indonesia 3. Rempang,
Solusi dan kesepakatan yang diambil dari pihak pendukung proyek dan pihak media dari konflik rembang Ada yang bisa ngerjain soal diatas?  #zonauangᅠ #jokitugaskuliah #jokitugas,
"@tvOneNews Hai rakyat kalian tau tidak mksudnya itu apa? Itu artinya nyawa nya sudah di ujung tanduk klw gagal makanya kalau di biarkan negara kita jadih negara preman kata nya bukan kah ini negara banyak preman dari dl, 🤣😆 pokonya itu Rempang harus ttp jalan, klw GK paham jg mati aja",
"Maka bahlil lah pengkhianat rakyat sebenarnya, memang orang licik selalu berpenampilan bagaikan malaikat. Cari dan adili bahlil saat rezim laknat ini runtuh, jadikan dia sbg sasaran utama sbg pihak yg Paling bertanggung jawab atas penderitaan rakyat di Rempang",
"@tvOneNews Lah prilaku preman rezim yg memulai &amp  mencontohkan di Rempang. Tanpa AMDAL &amp  MoU yg sdh kadaluwarsa, hak rakyat atas tempat tinggal diusir paksa melalui tangan aparat &amp  tentara🤔",
@korantempo Di rempang warganya menolak skrang warga sepaku kesulitan mndapatka  sertifikat..sblumnya jg warga wadas..pembagunan berkeadilan yg diharapkan yg ada protes dr warga..yg diutungkan ujung Cukong jg😏,
"7 September 2023, barangkali merupakan hari jahanam saat kemanusiaan ditindas dan dicampakkan. Rempang hanyalah satu kasus dari sekian banyaknya pola kekerasan aparat negara dalam Proyek Strategis Nasional.  #TukarPikiran Exclusive: https://t.co/p2r1uZZ7C7",
BP Batam Klaim Investasi Rempang untuk Kesejahteraan Masyarakat #TempoBisnis https://t.co/az6Tpp05dx,
"Sekarang kami lagi bahas paslon Presiden, guys. Next kayanya bahas huru hara Pulau Rempang",
"Bukan jadi Tauladan, Menteri Bahlil Malah Sewa Preman Bubarkan Aksi HMI Bela Rempang https://t.co/0NRz5AueQ3 https://t.co/naQXBL8v4G",
Kejam nya kalian terhadap warga rempang,
BP Batam: Investasi Rempang untuk kesejahteraan masyarakat luas https://t.co/lrBpyd0w2g,
@tvOneNews Iya benar. Demo kebablas tuh di Rempang. Hukum RI masih ada kah,
"Bukan jadi Tauladan, Menteri Bahlil Malah Sewa Preman Bubarkan Aksi HMI Bela Rempang https://t.co/3o7V85fr86",
"@JimlyAs Bagusnya Prof sekali-kali ingatkan presiden supaya menepati janjinya sama masyarakat... Kan tidak ada visi menteri semua Visi presiden, IKN proyek tidak urgen, kcjb, terakhir Rempang. Bersuaralah Prof langsung ke jantung kekuasaan dan si menteri segala urusan....",
Warga Rempang Tuntut Nilai Rumah Relokasi Sesuai dengan yang Sekarang @SolidRempang https://t.co/qqS59xXAUZ,
"@tempodotco Soal APBN jadi jaminan utang : Tanyakan ke Bu Menkeu"" Soal Rempang : ""Masa urusan begitu harus sampai Presiden ?"" Ditanya wartawan asing : ""I want to test again my Foreign Minister, Please (sambil nunjuk Bu Retno)"" 😁""",
@korantempo Skip gak penting. Ikn Beda ama rempang yg sejak awal masyarakat lokal gak setuju.😅,
JANJI JOKOWI PALSU...  WARGA REMPANG TAGIH JANJI JOKOWI YANG MAU BERIKAN SERTIFIKAT TANAH TUA DI REMPANG....‼️  #BahlilMenteriPremanisme  #BahlilMenteriPremanisme  🆘🆗 https://t.co/EAhHcEX3jJ,
"@kretekmantab @korantempo beda ama rempang. Ikn panglima setuju bahkan yg menolak di ancam, rempang warga menolak. Jadi buat ini saya setuju buat kalian nikmati aja.😅",
"@tvOneNews Warga Rempang Persis Hidup dlm Penjajahan Kolonial Belanda dan VOC,cuma bedanya Rempah-rempah dan skr Invetasi sebagai kedok Penjajahan dan itu akan berlanjut ke daerah lain di Indonesia... https://t.co/WmVwgKLoAx",
@CNNIndonesia Rakyat rempang kemarin di hormati kah?,
Negara Keliru Urus #Rempang: Rakyat dan Investor Sama-Sama Rugi  https://t.co/ItqBT43ONL,
@RagilSemar @PineksoRoyi1 Nongol di Rempang atau IKN? 😀,
"@Dandhy_Laksono Ternyata ancaman di copot, pantes aja pihak Kepolisian tega melakukan tindakan keras terhadap rakyat pulau Rempang,  Pak @jokowi mohon untuk tidak meninggalkan jejak kinerja buruk pak,   Dan ini 👇 Akibat aturan Dari Bpk Jokowi https://t.co/T3wwU1Wti5",
"Warga Pamotan, Rembang, dihebohkan dengan munculnya semburan api di pipa yang terhubung dengan sumur bor. https://t.co/b8NdPEWMB3",
@tvOneNews Yg preman warga apa yg menyerbu warga....???  Yg bener aje nie... Gue nanya nie...bukan nuduh yee...  Kalo nuduh ntar gue bs di kandangin jg ame warga rempang...,
@tvOneNews Jadinya tanah milik warga Rempang diserobot negara untuk kapitalis....ini negara Pancasila atau komunis kapitalis?,
"Bukan jadi Tauladan, Menteri Bahlil Malah Sewa Preman Bubarkan Aksi HMI Bela Rempang https://t.co/s9Orh5wT2e",
"@geloraco Marahin tuh Nasdem, Rempang all Nasdem yg mengatur semua. 🤣🤣",
"@abu_waras Selagi warga yg ditahan blm dibebaskan artinya Rempang tidak baik-baik saja, AWAS JANGAN LENGAH !",
Hanya manusia bodoh alias kecobong harm jada percaya rempang itu tidak ada apa apa nya.,
@OposisiCerdas Kalian sendiri yg preman uang P nya sudah di terima oleh bahlil dan jkw Rp3.6 T maka nya dia ngotot mau menggusur Rakyat Rempang dan sekarang semua kejahatan bahlil sudah di ketahwi publik,
@Tan_Mar3M 17 ribu hektar lebih tanah d Rempang kau serahkan ke China Harusnya dia ngaca d depan cermin yg besar,
"@tvOneNews Termasuk pelanggaran HAM KM50, DESA WADAS, PERAMPASAN TANAH REMPANG dll",
Pulau Rempang memiliki kekayaan yg luar biasa https://t.co/aqLAEsID6g,
Bau2 mau d gusur lagi nih kyk rempang 🤔,
@tvOneNews Lah..  selama ini kan emang isinya anak anak muda...  Anak anak muda penghamba kekuasaan kah??  Bukan anak anak muda yang kritis terhadap kekuasaan. Bukan anak anak muda yg bersuara lantang membela rakyat rempang.,
"Bahlil Tolak Bebaskan Warga Rempang: Kalau Dibiarkan, Negara Kita Jadi Negara Preman. Netizen: Bahlil Sudah Kayak Kepala Preman Yang Dibiarkan Merajalela Oleh Negara. https://t.co/cBBif1LmgA",
"Rabu tanggal 04 Oktober 2023, Polsek Rembang  bekerjasama dengan Selecta Grafika melaksanakan kegiatan Baksos droping air bersih untuk membantu masyarakat yang terdampak musim kemarau di Dk. Ngotet lor Ds. Ngotet Kecamatan Rembang Kabupaten Rembang. https://t.co/0JKVqV7pyh",
"TERUNGKAP KORUPSI SETORAN UWT REMPANG ECO CITY RP. 3,6 TRILIUN....‼️  #BahlilMenteriPremanisme  #BahlilMenteriPremanisme 🆘🆗  https://t.co/3arYitztbE",
@geloraco Bahlil alias bahlul lebih baik henti kan aja ambisi jelek nya bahlil dan jkw.ngotot mau bikin proyek di pulau Rempang kalian enak dapat uang P nya Rakyat Rempang yg menanggung penderitaan nya seumur hidup,
"@tvOneNews warga rempang di gusur, pramugari simpenan lu gua satuin ke istri sah lu bahlil 😅",
"@tvOneNews Pak... di desa kami juga terancam.. mau nambah lahan , tapi hutan/belukar sudah di blok perusahaan yg mendapat izin permintah.  Perjuangan masyrakat rempang adalah kesadaran buat kami.",
@geloraco U..... yg preman rakyat REMPANG sdh ratusan tahun tinggal di Rempang lu gusur lalu tanah kamu ksih ke cina otak lu waras....!!!!!,
"@tvOneNews Ga usah nunggu jadi presiden dlu. Skrg aja action gmn ngurus korban Kanjuruhan, Wadas, rempang, munir, marsinah. Msh banyak lg klo dibeberin jar.",
"Ini maksudnya apa? Yg ngasih konsesi ratusan tahun buat perusahaan asing siapa?? Kereta cepat, IKN, Rempang 🤔🤔🤔",
Isak Tangis Warga Rempang Mohon Polisi Bebaskan Keluarga Mereka https://t.co/ShCvc83N2F lewat @YouTube https://t.co/nKSNiMMN8W,
@JulianiMadinah Lah....ini dia mulai  kok tuduh pendemo di Rempang gaya preman?,
"Hoaks Seputar Bentrokan Pulau Rempang, Simak Kumpulannya Biar Tak Terprovokasi https://t.co/872El6PXQB",
Bagaimana kalau kita suruh Pak @bahlillahadalia mundur saja jadi mentri. Dia tidak perduli dg warga Rempang juga thd penyelidikan yg dilakukan @OmbudsmanRI137 #BahlilMenteriPremanisme #BahlilMenteriPremanisme https://t.co/EtqwkQxy1m,
"@VIVAcoid Ngigau kayaknya...kan dari dulu dah diomongin jebakan batman cina..bikin karet cepet, bikin ikn, rempang dikasih",
Amien Rais Jaminan Kasus Rempang dan Bebaskan Warga yang Ditahan  https://t.co/UkvwDAIMC4,
"Bentrokan di pulau Rempang makan korban, Demokrat : Pemerintah jangan aniaya rakyat.  Pemerintah jangan menggunakan aparat keamanan unutk menganiaya rakyat dengan mengatasnamakan Proyek Strategis Nasional (PSN)"". . #demokrat #ahy #ahypemipinperubahan #jatim #demokratjatim https://t.co/4XUcLwJJsp""",
Kendaraan Perang Dipersiapkan Antisipasi Kerusuhan Rempang | NEWS OR HOAX https://t.co/bfEqe512Ua,
Sarmuji Minta Kepala BKPM Selesaikan Masalah Investasi Rempang Secara Komprehensif #airlanggahartarto #kuningkeren #sayagolkar #partaigolkar #golkarpedia https://t.co/Lcz5F3HK6T,
"@detikcom Klo disini rakyat ngga salah digusur  yang penting no 1 investasi china nnti kan dpt komisi dari yang dijual tuh tanah rempang galang... Negara sdh di-CHINAKAN sama mukidi,cukup kaos di-lempar2 dari mobil spt zaman belanda klo ngasih ke rakyat yang dijajah di-lempar2..ngga sopan",
"Warga Yang Ditangkap Karena Mempertahankan Tanah Leluhur Rempang Dianggap Sebagai Preman. Sementara  Digedung Kementerian Bahlil Ada Sekelompok Preman Brutal Menyerang Peserta Aksi Bela Rempang, Siapa Yang Mengirim Preman2 Ini ?  Preman Teriak Preman....? https://t.co/zRxRdPszqR",
"@geloraco Klw gw jd org rempang yg ditahan,gw janji setelah jd org biasa ni org dan masih dipulau jawa nnt gw buat hitung2an ama dy.akan ad wktnya lo.",
@tvOneNews KOWE OJO DADI PENJAHAT RAKYAT REMPANG BRO BAHLIL AKAN DI INGAT TERUS OLEH RAKYAT REMPANG.,
@NapiPKS @tvOneNews KYK DI REMPANG YA ??  DAMAI,
@tvOneNews Enteng banget labelin warga rempang preman...,
"@tvOneNews @agusudarmansyah Woy...@bahlillahadalia justru rezim jkw dg cara preman kuasai tanah rakyat, spt di P. Rempang dan P. Komodo.",
@VIVAcoid Rempang maksudnya Pak?,
@Humairah_922 Saya org melayu Rempang Tanah kami bukan tanah TW kecuali kalian penjajah ??? Dan Penjajah harus di lawan ...Merdek Allahu Akbar !!! 🇮🇩❤️😍👌🙏,
@CNNIndonesia Apa? Dagelan sekaliii  Ini rempang siapa yg suruh.  What...pusing palak beby.,
@Saraskund11 @Khoirunnisa378 @jayusmana752 @Jurnali2 @yunartowijaya @jokowi Teringat wadas sama rempang liat orang cuma bisa ngomong🤣🤣🤣,
"@tvOneNews Yg Preman itu Kau Bahlil, Menyerang RAKYAT Rempang duluan, Mengerahkan Pasukan Gabungan TNI-POLRI Bersenjata Lengkap &amp  GAS AIR MATA secara Diam² &amp  Tiba²,  Emang SALAH RAKYAT Rempang apa Bahlil &amp  Mereka Yg ditahan itu adlh REAKSI Balasan dari AKSI KEJAHATAN Yg Kau CIPTAKAN Bahlil",
"@tvOneNews Tidak ada visi misi mentri, adanya visi misi presiden...  Pernyataan mentri tersebut seakan gambaran dari sikap atasannya. Dalam menyikapi kasus rempang.  Bahkan mungkin komentar atasannya bisa lebih absurd. Seperti.  (YNTKTS)",
"@tvOneNews Yg Preman itu Kau Bahlil, Menyerang RAKYAT Rempang duluan, Mengerahkan Pasukan Gabungan TNI-POLRI Bersenjata Lengkap &amp  GAS AIR MATA secara Diam² &amp  Tiba²,  Emang SALAH RAKYAT Rempang apa Bahlil &amp  Mereka Yg ditahan itu adlh REAKSI Balasan dari AKSI KEJAHATAN Yg Kau CIPTAKAN Bahlil",
@intanalr wkwk tapi tadi stikernya rada gaje kak   rembang-jwn-pati-kudus-lamongan (?) wkwk,
"apakah rempang buat bakalan pangkalan, maka harus dikosongkan? https://t.co/YwX23J8x6H",
"@fullmoonfolks Gen rempang : Disinilah dulu, tanah leluhur kita""""",
@papa_loren @DidikYanto5 Justru yg preman si Bahlil tanpa punya AMDAL dan sertifikat HPL mau merampas tanah warga Rempang seharusnya si Bahlil dan rezim Jokowi dilaporkan ke aparat penegak hukum mau merampok tanah warga,
@tvOneNews Ada yg lebih pantas gak selain kata keparat buat mereka yg sudah menggagahi tanah rempang?,
"Terungkap Korupsi Setoran UWT Rempang Eco City Rp 3,6 Triliun  3,6 Triliun Angka Bagus Khanmaen @bahlillahadalia 👍👍  https://t.co/vQ65QU4WXA",
"Anies justru mengaca dari kasus P. Rempang yg menyakitkan hati rakyat Indonesia dan tahu siapa dibalik ngototnya Menteri L dan B menggusur rakyat Rempang dan tentunya atas perintah"" (bukan titipan lagi) taipan yang dikenal banyak punya hak2 atas  tanah di Banten,  Lampung, Riau""",
"Indonesia villagers vow to resist Chinese-funded project, fearing 'cultural genocide' on Rempang Island - Officials want 7,500 residents to move out of Rempang where an US$11.5B ghost city, oops, industrial &amp  tourism hub, is set to be built.  https://t.co/JmlZPz09EE",
@Humairah_922 Suruh si anjeng wali ini jadi warga rempang dulu sebelum mangap moncongnya,
"@tvOneNews @G03NT03R_ Masih ingat ? HOAX video emak2 yg marah &amp  menangis saat penertiban warung remang², dikemas diberitakan seolah kejadian di rempang. Cara licik &amp  biadab utk diskreditkan Pem. Salahkah klo rkyat mnilai inilah aslinya GENG BAJINGAN !!",
"Authorities are urging residents on Rempang in Riau Islands to immediately relocate to make way for the eco-city project on the island, amid opposition from locals over insufficient compensation for the affected people. #rempang  https://t.co/XuDPUlmB1b",
Maksudnya melalui kereta cepat atau Rempang?,
@geloraco Jahat betul kamu @bahlillahadalia  menganggap rakyat rempang preman tidak punya sopan santun pada rakyat rempang,
"@kanda__S41D Tragedi Rempang baru slh satu bukti, blm bukti2 yg lain bhw Indonesia sdh dikuwasi oligarki china melalui jongo2nya. Maka jika Bangsa ini berteriak selamatkan Indonesia, pertanyaannya: mana buktinya ?? Sedih rasanya rakyat bawah yg sdh tak berdaya.",
"Bahlil nekat tapi gapake nalar. Akut!  Guru Besar UI Prof. Ronnie: Xinyi di Rempang bukan cuma soal pasir kuarsa, tapi soal Strategic location arahan pemerintah China https://t.co/RQuzTRTdzu",
@tvOneNews Tapi satu yg bahlil semangat: membebaskan lahan rempang walau ditolak warga,
"@realAmienRais Pak Amien, Posko Rempang ga ada update informasinya. Mohon diminta secara berkala informasikan updatenya pak.",
"⁦@bahlillahadalia⁩ bagusnya cepat2 panggil bp batam untuk menjelaskan  Atau ⁦@DPR_RI⁩ panggil ⁦@bahlillahadalia⁩ menjelaskan  Jangan main2, ini bukan hanya urusan uang tp juga kelangsungan hidup rakyat di Rempang!!!  https://t.co/T365uG3PWZ",
"@Ronnie_Rusli TRAGEDI REMPANG sdh masuk ke komisi HAM PBB juga jika lihat beritanya prof, February sdh pilpres dan pileg, hitungan 4 BLN aja rezim ini BERKUASA, mungkin???🤦🤦🤦🙏🙏🙏",
@SangGuru2471 @DE__JAVU_ Rempang bagi mereka hanyalah sebagai alat untuk mengkampanyekan tujuan busuk mereka. https://t.co/EBdRedCgnj,
"YG  JUAL /MERAMPAS  TANAH RAKYAT REMPANG .SI GENJER  E.KTP , WADAS ,PEMBANGUNAN  STADION ,DLL. HASAN MASIKU ,DEP. KEUANGAN +_400 T  PIY3  KABARE ? LALU  SUAMI  BU P.UAN ,KAK ISANG , GIB RUN , ( 700 T ? YA  .KOK  GAK DI ANGKEP👈🏼TAPI 👉🏽DI UNGKEP 🎩( DI TUTUPIN )SEP. SINETRON ! 🧤🙃",
"Aksi kader Himpunan Mahasiswa Islam (HMI) membela masyarakat Rempang di depan kantor Kementerian Investasi/BKPM dibubarkan paksa oleh preman bayaran.   Mantan Ketum HMI Cabang Jakarta Barat, Rhezki Jovie Pratama menyayangkan, sebagai senior HMI, Menteri Bahlil bukan menjadi… https://t.co/4cGhfHktjD",
"@HusinShihab Kcic rempang emang bukan titipan cok, elo yg gk pake data",
"@pundingin I love how this post is like, fuck rempang, fuck our country- that is slowly moving towards a civil war, this vintage AC is fire. 😂",
"Terungkap Korupsi Setoran UWT Rempang Eco City Rp 3,6 Triliun https://t.co/QcghxSC3wB",
Penjelasan Bahlil Terkait Nasib Investasi Xinyi di Rempang Usai Terjadinya Konflik https://t.co/lANzgsz3GM,
"@tvOneNews Kalau Rakyat Rempang dan Rakyat Indonesia biarkan, Rakyat tidak mau dengan Pemerintahan Preman",
"Indonesia butuh investasi #rempang Batam agar bisa terealisasi, investasi Rempang memberikan kesejahteraan ekonomi bagi masyarakat Rempang khususnya dan ekonomi Indonesia secara umum. https://t.co/qDBQ28ydG5",
Warga Rempang Menagih Janji Jokowi👉 Sertifikat Tanah Tua di Rempang   👉Kami Benci Pengkhianat  Kami akan tetap bertahan disini sampe nyawa taruhan nya https://t.co/oXpQv5AQ01,
"@tvOneNews Kan warga Rempang adalah Pendukung mayoritas Jokowi.. ya ga usah sedihlah..harusnya bangga dan berbahagia, selamat meni'mati pilihanmu dulu dan inilah hasilnya 👍👍👍",
"Tim Advokasi Kemanusiaan Untuk Rempang mengajukan permohonan penangguhan penahanan 30 masyarakat yang ditahan dan ditetapkan sebagai tersangka pasca-aksi solidaritas yang berlangsung di Kantor BP Batam, 11 September 2023 lalu.  #IDNTimesSumut   https://t.co/rXpxPt7wHQ https://t.co/yyulw1I7XX",
@Li9ayaTalaChes4 dukung bebaskan warga rempang yang ditahan..  #saverempanggalang,
@VIVAcoid Iya pak kaya rempang kan,
"Rusun rempang warga yg mau di ungsikan .. wkwkw.. kayak penjara , wkwkek iyalah pribumi dipenjara sama rezim dan inveror ..  Ini namnya kebangsaan https://t.co/LDQIrABVmu",
"@tempodotco Dari nelayan, petani menjadi gelandangan yg pengangguran ... itu mungkin impian rezim ke rakyat Rempang  di investasi Ini.",
@himawan4578 @MagisterMMk @korantempo Btw Jokowi nepatin janji gak buat warga rempang? Ini itu murah? Gak bikin banyak aturan? Bbm murah? Mempersulit investasi?,
giat KP IX-1004  Melaksanakan giat Pengawasan bongkar ikan di TPI Tasyik agung Rembang guna atisipasi ketertiban dalam pelaksanaan bongkar ikan.  KOMANDAN KP IX-1004 BRIPKA ACMAD JAMI'ANTO https://t.co/MBZuudo12v,
"@tempodotco Untuk pelabuhan di rempang sepertinya tidak akan pernah masuk ke pantai pulau kecil mereka, jadi tidak akan berdampak pada terumbu karang pulau kecil mereka, dampak hanya sekitar pelabuhan yang di bangun saja. Ini provokator kok hobi membodohi rakyat ya, terlalu ...",
@geloraco bahlil ini pasti sangat dicintai warga rempang,
@geloraco tdk mungkin ada asap kalau tdk ada api? cara pemerintah mengatasi masalah p rempang pun sulit dikatakan benar dgn bukti temuan2 ombudsman? 🤔,
"Selasa, tanggal 3 Oktober 2023, BPS Kabupaten Pati menggelar acara pengambilan Sumpah Pegawai Negeri Sipil di Aula BPS Kabupaten Pati. Sumpah PNS diikuti oleh 16 pegawai lingkup BPS Se Eks Karesidenan Pati (BPS Kab Pati, BPS Kab Rembang, BPS Kab Blora dan BPS Kab Grobogan). https://t.co/AqmR8b6C76",
DPR Jempoli Cara Menteri Bahlil Tangani Konflik Pulau Rempang  https://t.co/2ZzKPBiffV,
"@wahabi92013848 @BangPino__ oh yg ke sandi ya, aman tuh dah lunas sesuai perjanjian. si den bokep malah kudu nerusin rencana jkw jual2in pulau buat lunasi hutang, ada 1700 kasus argria contoh rempang dll, udh jualm pulau korupsi pula, makanya gak pernah den bokep dpt penghargaan BPK",
@VIVAcoid Kalau penggusuran terhadap warga Rempang masuk kategori kolonialisme apa Pak? 🫢🫢🫢,
@tvOneNews Dia yg ngotot rempang di gusur. Makin curiga komisi nya gede,
"LBP, JKW, MULDOKO,BAHLIL HARUS BERTANGGUNG JAWAB TERHADAP KONFLIK PULAU REMPANG.  Persekongkolan Jahat ‘Investasi Bodong’ Xinyi Grup Asal China Diungkap NCW: Adanya Dugaan Korupsi dan Pengaturan Nilai Investasi 👇👇👇👇 https://t.co/tH5Le68Myb",
Janji Bahlil Selesaikan Konflik Rempang Selengkapnya saksikan di sini: https://t.co/DaQqcnURtn #rosikompastv https://t.co/fozXVvkXOd,
Bahlil Duga Ada Kepentingan Politik yang Tunggangi Konflik Rempang Selengkapnya saksikan di sini: https://t.co/DaQqcnURtn #rosikompastv https://t.co/Q3KWuiOgNQ,
"Sebut Tak Ingin Diadu Domba, Bahlil: Proyek Rempang Nggak Mungkin Batal Selengkapnya saksikan di sini: https://t.co/DaQqcnURtn #rosikompastv https://t.co/WjBlk2i4Bw",
"Konflik Rempang Eco-city terus berlanjut. Saat ini penolakan tidak hanya datang dari warga kampung tua asli yang terdampak relokasi, namun juga dari para nelayan. https://t.co/xYKYiBbvpQ",
Apa Peran Tomy Winata dalam Proyek Rempang? Ini Kata Bahlil Selengkapnya saksikan di sini: https://t.co/DaQqcnURtn #rosikompastv https://t.co/AXk0hKqt7P,
Menteri Bahlil Klarifikasi Isu Proyek Rempang Kado dari China Selengkapnya saksikan di sini: https://t.co/DaQqcnURtn #rosikompastv https://t.co/LrvoA8mKXu,
Bahlil: Kenapa Tempat Lain Nggak Se-Heboh Rempang? Selengkapnya saksikan di sini: https://t.co/DaQqcnUjDP #rosikompastv https://t.co/EbtbFzpWT9,
@Jatayu_45back 2024 pilih anjar biar rempang aman😆,
"Pengosongan Pulau Rempang Batal hingga Tawarkan Ganti Rugi, Bahlil: Mau Apa Jaminannya? Selengkapnya saksikan di sini: https://t.co/DaQqcnURtn #rosikompastv https://t.co/MMhAw6gCdt",
"Konflik Rempang, Gusur Rakyat Adat demi Investasi? Selengkapnya saksikan di sini: https://t.co/DaQqcnURtn #rosikompastv https://t.co/5yoiU07KFn",
@PejuangKeluar15 Pantes Ngeyel skali pingin ngusir warga Rempang!,
"16 Warga Rempang Sudah Menempati Hunian Sementara BP Batam kembali memfasilitasi pemindahan terhadap enam Kepala Keluarga (KK) Asal Desa Pasir Panjang, Kelurahan Rempang Cate, ke hunian sementara. Selasa (3/10/2023) #bpbatam #batam #rempang #rempanggalang https://t.co/rKZsoaRJcX",
"Warga Rempang Sampaikan Aspirasi ke Bahlil, Ini Skema Ganti Ruginya Selengkapnya saksikan di sini: https://t.co/DaQqcnURtn #rosikompastv https://t.co/R7ivN6kL4v",
"Ombudsman Sebut Menteri Bahlil Hanya Temui Warga Rempang yang Setuju Relokasi, Ini Klarifikasinya Selengkapnya saksikan di sini: https://t.co/DaQqcnURtn #rosikompastv https://t.co/QbZNYk9S0R",
"@sindoe @AzzamIzzulhaq Kalem aja gak usah nge-gas anda mau dukung pemerintah ya monggo, anda mau bilang pembangunan pabrik di rempang dan KCIC kerjasama dengan China ya monggo gwa cuma concern sama utang nya aja bro",
Bahlil: 317 KK Rempang Sukarela Pindah ke Hunian Sementara Selengkapnya saksikan di sini: https://t.co/DaQqcnURtn #rosikompastv https://t.co/moU6oBXo1R,
Rempang rempang yg lain,
"Awal Mula Konflik Rempang, Ini Klarifikasi Bahlil Selengkapnya saksikan di sini: https://t.co/DaQqcnURtn #rosikompastv https://t.co/b9BxadbtkC",
"Anehnya negara.... udah gak bisa ngasi penghasilan kepada warga, enggak ngasi mereka kesejahteraan bagi nelayan di rempang, ini malah mereka harus kehilangan rezeki. otaknya pada kemana ya pejabat sekarang",
Bahlil Akui Ada Miskomunikasi di Konflik Rempang Selengkapnya saksikan di sini: https://t.co/DaQqcnURtn #rosikompastv https://t.co/zxSJXpuNoQ,
"Pulau Rempang Belum Selesai, Dicecar Anggota Komisi VI DPR Begini Jabwan Menteri Bahlil #TempoNasional https://t.co/drp7VxZzBN",
@partaigerilya Bahlil membubarkan masyarakat Rempang,
Solusi Kemelut Rempang: Sustainable Investment Strategy yang Bermartabat https://t.co/Mm89QXgXkx,
@VIVAcoid Lah apa kabar Rempang?,
"Kalau mereka menuntut, siap-siap disebut preman oleh pejabat negara lalu dihadapkan dengan aparat seperti di Rempang. Ngenes bener nasib rakyat negeri ini",
Tim LBH Ajukan Penangguhan Penahanan 30 Warga Rempang https://t.co/OU17RRFrQq,
"Gw curiga aja ma @bahlillahadalia kok bsa Sebegitunya bela investor cina, luh dapat apa ? Kok bsa2nya Rkyat rempang dikorbanin 😬😬 Cc @muhammadiyah @MUIPusat @PBHMI_1947 @BEMUI_Official @Metro_TV @NasDem @PKSejahtera @DPP_PKB @atr_bpn @Puspen_TNI @kemendagri @jokowi @syahganda",
@tvOneNews Org yg membela tanah leluhur nya d sebut preman. Jika sprt itu...maka wajarlah jika rakyat rempang menyebut pemerintah saat ni sbgai penjajah dgn dalih investasi. Belanda jg gitu dulunya.,
Konflik Pulang Rempang: Jawaban Bahlil Lahadalia terhadap Pertanyaan Kunci Komisi VI di RDP DPR RI https://t.co/DBMx4aL4Ft,
@MichelAdam7__ Pandai bicara beda dgn pandai ngibul. Ngibulpun sering ketahuan. Gimana Rempang? Sdh ketemu uang sewa lahannya disimpen dimana?,
"KENAPA tidak dibawa kesidang DPR, kenapa HARUS ditutup jika pajak dll dibayar, bagaimana nanti nasib karwannya, ini HARUS dipelajari , hati2 dgn rempang SEBELUM di Kasi ke PT MEG, jgn TERJADI SAMA dgn perkara Hotel sultan , KELIRU BLUNDER",
Food estate dan Rempang Batam Implementasi Mafia Tanah air Indonesia oleh penyelengara negara.... @KemensetnegRI #BahlilMenteriPremanisme @atr_bpn,
"Hendaknya LBH atau para Advokad turun tangan.  Apa dasar hukumnya warga Rempang ditahan, mrk bkn melakukan kejahatan, melainkan membela dan mempertahankan hak milik tanahnya dari dirampas semena mena",
@tempodotco Ditanya soal Rempang hal kayak gitu kog sampai presiden yang urusin. Giliran ditanya utang  tanya ke menteri. Lah jadi tugas mu sebagai presiden apa cuma gunting pita selfie. Bagi2 sertifikat. Lempar kaos. Memang manusia betul yang tidak ada kualitas nya. Kalibrasi itu ga sampai,
@Beritasatu Lah maksudnya nerusin Rempang pak,
alhamdulillah...🤲🤲 . #rempanglebihmaju  #rempang  #masadepancerah #masadepanlebihbaik #indonesiamaju  . https://t.co/dZneJs6eB5,
"Kehadirannya juga sekaligus memberikan pemahaman atas isu miring yg beredar di publik terkait pengembangan Rempang Eco-City. Sehingga, ikhtiar pemerintah utk membangun daerah dapat berjalan baik &amp  bermuara kepada ekonomi masyarakat. @Li9ayaTalaChes4  @DaengWahidin2  By : BATAMPOS https://t.co/iy2P3SMgP0",
@OnlyFrens Lagi pada pokus ke Rempang sama makan beras.,
16 Warga Rempang sudah menempati Hunian sementara @Li9ayaTalaChes4  @DaengWahidin2   #Rempang #NKRIMembangun #IndonesiaMaju #Trending #viral #kepri #Respectfully https://t.co/61HGniUuLx,
#SaveRempang  #UsutTuntasProsesHukumBPBatam  #StopProyekOligarkiSetan  USUT PELANGGARAN HUKUM DAN HAM BERAT BP BATAM ‼️  RAKYAT BERSATU MELAWAN KEZALIMAN ‼️  #JAGA_TANAH_MILIK_RAKYAT_REMPANG https://t.co/RimdcuZ42T,
@papa_loren Jahat banget dia sama rakyat rempang Orang gini kok jadi pejabat publik Kurang sadis apa rezim ini sama rakyat Gara2 gagal gusur rakyat terus dia drndam sama rakyat Bahlil apa bahlul ini orang,
Naaaah.... Mulai ada yg aneh nih  DEMOCRAZY News | Berita &amp  Politik Indonesia: Terungkap Korupsi Setoran UWT Rempang Eco City Rp ... https://t.co/0eQsZSqrTl,
@AK__aja @jokowi 10.Isu orang2 dekat Presiden sengaja Merekayasa kasus Rembang utk menciptakan chaos spy @jokowi bisa mrmperpanjang jabatan 3 tahun,
Warga Sebut Bahlil Berbohong Soal Situasi di Pulau Rempang  https://t.co/J4N3wj7vMS,
@kompascom XINYI INVESTASI BODONG DI REMPANG PENELITI NCW. MUFAKAT JAHAT GRUOP XINYI. TERBUKTI DI BANGKA. DI JATIM   CASFLOW NYA $31 dan Aset juga dikit. Saham Xinyi jua jatuh di Bursa Hongkong,
@HusinShihab Rempang itu gimna ya 🤔,
@VIVAcoid Contohnya “ Rempang “,
"Sadar sekali. Contohnya kasus Rempang. Kami ingin merdeka, Pak",
"@tvOneNews Pdip selaku partai wong cilik,, koq diem aja dg kasus rempang,,,,, hanya retorika…",
"@sobat_anies Demokrat pendukung Pelemahan KPK, Korupsi, omnibuslaw, penggusuran Rempang,...",
"TVR 120- Komisi II DPR RI: Kejelasan Status Kampung Tua Di Pulau Rempang  Pembangunan Proyek Strategis Nasional Rempang Eco City, memerlukan koordinasi yang sinergi &amp  terpadu antara BP Batam dengan Pemerintah Daerah Kota Batam #tvrparlemen #dprri #tvr120 https://t.co/SZ6cduvg6X",
"Indonesia: villagers from #Rempang Island vow to resist Chinese-funded project, fearing ‘cultural genocide’ #RempangIsland #culturicide #Singapore #Gentrification  https://t.co/eSg3akKs5W",
"@Kanseulir @Kanseulir pengalamanya apa, Yaqut punya pengalaman menjadi anggota DPRD dan Wakil Bupati Rembang, Anggota DPR RI Ketua Umum GP Ansor dan Sekarang Menteri Agama, Mantap.",
Regulasi yang Mengatur Rempang – Galang  ‘Relang yang Bergabung ke Batam’ https://t.co/zaXqpASLz5 lewat @GoWest.ID,
Regulasi yang Mengatur Rempang – Galang  ‘Relang yang Bergabung ke Batam’ https://t.co/SnMurgkVPc lewat @GoWest.ID,
@AlnilamOmar Bisa dipastikan Ini Menteri cari maslah Sama Orang Melayu...Terutama Melayu kepri Rempang khususnya,
@ferdinanJefry @papasito_OF @tvOneNews memang warga rempang itu ormas atau kelompok?,
Profil Kemiskinan Kabupaten Rembang Tahun 2022  berikut infografis kemiskinan di Kabupaten Rembang periode maret tahun 2022.  https://t.co/qKEHUI7oXH  #Kemiskinan  #ProfilKemiskinanKabupatenRembang  #InfoSeputarRembang @bpsprovjateng https://t.co/l79x8Jzo1B,
"@RamliRizal Guru Besar UI Prof. Ronnie: Xinyi di Rempang bukan cuma soal pasir kuarsa, tapi soal Strategic location arahan pemerintah China https://t.co/EccTGpForv",
@hc_poirot Nyaman amat langsung mundur.. Buat rujakan warga Rempang dulu,
@tvOneNews Menteri BAHLUL yg Pake Preman buat jg kantornya dr Pendemo Rempang...,
@geloraco Wadas mendongkrak Rempang...🤣🤣🤣,
"What ????? 🤔  Terungkap Korupsi Setoran UWT Rempang Eco City Rp 3,6 Triliun https://t.co/MWEW1rwfy3",
@RagilSemar Andai warga Rempang dipaksa digusur sm pemerintah preman. Pengen sih semua rakyat kompak untuk turunkan pemerintah. Bodo amat mau dikatakan negara preman. Dulu para pejuang jg dikatakan sbg extrimis sm belanda &amp  sekarang kita katakan belanda sbg penjajah. Cc @bahlillahadalia,
@tvOneNews Apaa!?! Bukannya Si @bahlillahadalia mensponsori preman2 untuk merampas tanah adat Rempang? 🤦🏻,
"@FOODFESS2 Buka di kudus juga dong. Demak, pati, rembang ada point coffee masa kudus kelewatan @pointcoffeeid",
"Termasuk Pabrik Kaca, Xinyi Garap 10 Proyek Rp174 Triliun di Pulau Rempang https://t.co/1cJjPjhCtF",
"@tvOneNews Oh bahlil,,warga Rempang bukan lah preman,andalah yang preman,ingin merampok hak warga Rempang.",
"Siapa yg menerima setoran UWT sebanyak itu? Rakyat Rempang yg dikorbankan sementara ada yg berpesta pora menerima uang sewa.  Menyewakan tanah orang lain lagi, smg perutnya pecah krn makan uang yg bukan haknya.",
"@dundee_laziale @mas_untungJa @BangPakat Nahh ini gak lama proyek IKN akan melakukan hal sama dengan di rempang,  orang2 penduduk asli d gusur dgn alasan investasi....",
"Yang ngembat"" tanah leluhur rempang iku sopo @bahlillahadalia ?""",
"Serobot Tanah Warga Rempang, Nusron Wahid: Apa Bedanya BP Batam Dengan VOC?  https://t.co/qjgm8l2XKB",
@democrazymedia Wow. Wajar jika Bahlil mati - Matian mengusir rakyat Rempang. Modal jadi ketum Golkar kali ya.🤣🤣,
Contohnya Rempang ya,
"justru negara ini semakin HANCUR"" kalau otak pejabatnya seperti bedebah ini!  Bahlil Tolak Bebaskan Warga Rempang: Kalau Dibiarkan, Negara Kita Jadi Negara Preman https://t.co/7ryAQq22UT""",
Emang semua warga Rempang anggota milisi hitam orange? https://t.co/sp92xFd7a6,
@Ronnie_Rusli Bahlil Sebut Ada Negara Lain yang Tak Suka jika Rempang Eco City Jalan - Video https://t.co/kG2zNr1xXt,
@Ronnie_Rusli Teringat Bahlil bilang ada negara lain yang tidak mau ada investasi Rempang,
"Dinpendukcapil Purbalingga melaksanakan kegiatan Jemput Bola Pelayanan Pencatatan Sipil di Desa Bantarbarang, Kecamatan Rembang tanggal 3 Oktober 2023.  #dukcapil #dukcapiljateng #dukcapilpurbalingga #purbalingga #pemkabpurbalingga https://t.co/j8qqtUb2Fq",
Warga rempang menolak penggeseran lahannya https://t.co/wn3kyt9Heu,
Diinformasikan bahwa informasi/produk hukum berikut telah dapat didownload di web JDIH KPU:  Keputusan Sekretaris Jenderal KPU Nomor 1717 Tahun 2023 tentang Pedoman Teknis Penyusutan Arsip Pemilihan Umum di Luar Negeri Link : https://t.co/PVVOMPX2gG  Terima kasih. https://t.co/3czZ25hU9I,
"@henwizaniko @VIVAcoid Sejak kasus rempang jadi males pemilihan presiden, mau milih P sih tapi udah males sama pemerintah sekarang.",
"@tvOneNews parah beritanya ini, menteri Bahlil sudah minta KAPOLDA untuk membebaskan warga rempang, tetapi warga pendatang (bukan warga rempang) yang membuat kerusuhan yang tidak boleh di bebaskan. saya dengar RDP dengan DPR Menteri Bahlil ngomong begitu.",
"Guru Besar UI Prof. Ronnie: Xinyi di Rempang bukan cuma soal pasir kuarsa, tapi soal Strategic location arahan pemerintah China  https://t.co/rjXttfO7x2",
@NinzExe07 Terus bersuara untuk rempang   #BebaskanBangLong  #BebaskanBangLong,
Sweety Silver Pants Soft Cloud Cushion XXL 3 x 22's https://t.co/kc5087dXMl Adulting Bromo punya adik #AhnHyoSeop Alba Baptista Mundur Mahal Rempang Lebay #ATimeCalledYou Maroko https://t.co/awWsCq05ku https://t.co/aiSycn9RDB,
"Andalah preman sesungguhnya, Pak. Sebelum ada kasus Rempang, apakah ada tindakan mereka yang meresahkan masyarakat? Tapi tindakan Anda di mana-mana bikin pusing rakyat.",
DEMOCRAZY News | Berita &amp  Politik Indonesia: Terungkap Korupsi Setoran UWT Rempang Eco City Rp ... https://t.co/regwREygMC,
@ferdinanJefry @papasito_OF @tvOneNews Jgn asal ngomong bang klo g mau ngedukung masyarakat Rempang mending diam aja bang supaya kelihatan agak pintar dikit,
Panglima pajaji hanya cari panggung di masalah PSN Rempang https://t.co/7epph259Bb,
"Update Konflik Pulau Rempang, BP Batam Sebut 16 KK Sudah Tempati Hunian Sementara https://t.co/DsMqyPcuBD",
Sweety Silver Pants Soft Cloud Cushion XXL 3 x 22's https://t.co/kc5087dXMl Adulting Bromo punya adik #AhnHyoSeop Alba Baptista Mundur Mahal Rempang Lebay #ATimeCalledYou Maroko https://t.co/AXqjD7dwyM https://t.co/CYUekj2gUn,
Pajak Pati berpartisipasi sebagai Narasumber dalam Sosialisasi Kewajiban Perpajakan Koperasi bersama Dinas Perdagangan dan Koperasi UKM Kab Rembang Selasa (19/09) di Hotel Fave Rembang.  Materi perpajakan yang disampaikan adalah terkait Kewajiban Perpajakan Koperasi. https://t.co/FGVuoyldS8,
@geloraco Warga rempang yg ditahan itu bereaksi krn membela hak2nya yg mau dirampas. Tidak bisa disamakan dgn preman atau krininal lainnya. Jika pemikiran pak bahlil yg dipakai maka akan semakin banyak demonstran yg akan dipenjarakan,
"@hakimrbg Fokus PSIR Rembang mawon, mas.",
"@tvOneNews Ayo masyarakat rempang dan melayu seluruhnya..mari brrsama2galang solidaritas utk.mendukung para saudara kita yg ditahan rezim..enak betul ni rezim, giliran rakyat di proses..ktk aparat yg bertindak brutal kagak di proses..asem tenan.!",
"Bahlil Tolak Bebaskan Warga Rempang: Kalau Dibiarkan, Negara Kita Jadi N... https://t.co/sin7eFVVZi lewat @YouTube https://t.co/YRuKftouc6",
"@tvOneNews Setan sdh masuk ke jiwa nya, warga rempang kalau kaga di dahulin kaga mungkin anarkis.",
"@Jateng_Twit Alhamdulillah 2 malam Rembang hujan,Semoga tiap malam hujan",
"Pemerintah mengerahkan usaha maksimal untuk menyelesaikan konflik yang terjadi di Pulau Rempang, Kota Batam. Berkaitan dg itu, pd Minggu (17/09/2023) https://t.co/qXi5kq4Hc4  #Hantaru2023 #IndonesiaLengkap #ATRBPNKiniLebihBaik #ATRBPNMajudanModern #MelayaniProfesionalTerpercaya https://t.co/j1S4RZpDTI",
"@HusinShihab Kau laporkan lah, banyak omong. Rempang itu proyeknya siapa????",
@m_nurfatoni @ganjarpranowo Pak kunjungi warga Rempang secara personal juga donk,
@jakapujakesuma1 Mantri urusan Rempang,
"Sudah bisa diduga, upeti di balik ngototnya pemerintah mengusir warga Rempang.",
"*Tak Cuma Bangun Pabrik Kaca di Pulau Rempang, Konglomerat China Ini Bakal Ekspor Pasir*  Klik di-sini: https://t.co/UEv179qjFD *_Investor pendatang mana mau hilang kesempatan, apa aja bisa jadi uang disikatnya_*",
Eh kalian pada keluar dri rempang ..kalian usir warga rempang...WAR !!! 👊👊😡,
@democrazymedia Luar biasa napa.gak sekalian aja kasih seumur hidup sampai 7 turunan. Jangan kayak rempang wkt kampanye janji shm 3 bulan jadi skrg malahan dinusir ... yg boong siapa ???,
"Menteri Bahlil Luruskan soal Rempang, Perindo: Investasi Majukan Ekonomi dan Rakyat Harus Dilibatkan https://t.co/FdiOaeFG6v",
@RagilSemar Kayaknya pemerintah menyelesaikan kasus rempang pakai ilmu preman.,
@tvOneNews Bodoamat... warga Rempang kan mayoritas pendukung jokowi...ya selamat meni'mati 😘😘😘,
"On September 7 residents and security forces clashed on the island of Rempang, Riau province, after local people attempted to stop the authorities from conducting land measurements and boundary marking for the Eco City development project. https://t.co/MuavbrjEl8",
"MK sahkan uu Cipta kerja, Gus Miftah dirujak netizen,  demo Rempang vs Preman, Kasus Jessica rekayasa? https://t.co/n5ReDkRnQg",
@RagilSemar Bukankah 2 ormas besar NU &amp  Muhammadiyah sdh mendesak untuk batal kasus Rempang ini....tetep ngotot si bahlul....ALLAH biar perintahkan petir agar menyapanya...🤲,
"Bismillah  Kemerdekaan mana yg di dapat Warga Rempang jika mereka terusir dari Tanah Nenek Moyang Mereka.  Kemerdekaan apa yg didapat Warga Rempang jika yg berjuang demi mempertahankan Kampung Tua, malah ditangkap &amp  dijadikan tersangka!!  Indonesiaku 😔  #BebaskanBangLong https://t.co/e6yPFjfDRh",
@baonbei @CNNIndonesia Jaga Rempang jangan sampai di kuasai china,
@geloraco Justru si bahlul ini preman paling biadab dengan “menjual dan merampok” hak masyarakat Rempang…negeri ini dipegang oleh preman oligar paling setan dan bangsat!!!,
@CNNIndonesia Rakyat minta DPR menyelidiki investasi di Rempang karena belum memiliki AMDAL dan izinnya pun belum ada..,
@yusuf_dumdum Yakin bos....sekelas Jokowi aja ga kelar² masalah pelanggan HAM....yg lagi hangat aja REMPANG sampai dimana dan KANJURUAN....hayoo sampai mana penyelesaian kasus tsb,
"Rakyat punya hak atas tanah nya.. Otak dipakai..  Jangan benturkan aparat dengan rakyat... Kejar itu yg telah menjual Rempang . Ada indikasi BP Batam melanggar hukum dan HAM,  cek lagi HPL nya. Apakah ada dan masih berlaku ?..   #SaveRempang",
Kepastian hak-hak masyarakat Pulau Rempang diharapkan dapat terealisasi dengan cepat demi kesejahteraan dan kenyamanan rakyat. Kita doakan semoga pemenuhan hak masyarakat Pulau Rempang dapat berjalan lancar menuju masyarakat yang adil dan sejahtera. Aamiin YRA https://t.co/T4zvDcHeO6,
"Melanjutkan arahan dari Presiden Joko Widodo, Menko Perekonomian yang juga Ketum Partai Golkar Airlangga Hartarto menegaskan kepada masyarakat Pulau Rempang bahwa pemerintah akan memenuhi hak-hak masyarakat. https://t.co/ZBkmtgEsYI",
"KENAPA  YA  BPK PLECIDEN  KITA  SANGAT  MEMIHAK  CINO   DAN  MEMUSUHI  DAN  MENINDAAAAS ( DARI  WADAS  SAMPSI  REMBANG , DARI  MINYAK  GORENG  HILANG  SAMPAI  BERAS TERBANG ) RAKYAT  INDONESIA .? 🤔  MEMANG PRESUDEN  SEKARANG  TURUNAN  CINO  YO ? 😑",
"Batal Karena Melanggar 3 Aturan, Padahal Buat Orang Banyak dan Atasi Polisi.  Beda Sama PSN Rempang, Meski Langgar Banyak Aturan, Demi TW.   https://t.co/hhQubrm5U1",
"Yusuf Tri Aji, luhkan Kab. Rembang tgl. 2/5/23, verifikasi data calon penerima bantuan hibah uang APBD Kab. Rembang tahun 2023 Di POKDAKAN Sumber Barokah DS. Karangsekar Kec. Kaliori. @puslatluhkp @PKBLU_bp3tegal #luhlapor https://t.co/fb2QMcjxR4",
Jangan biarkan mereka sendiri Bebaskan warga rempang yang ditahan,
@Ronnie_Rusli Teringat Prof ... kisah cara China mendapatkan kapal induk dari Ukraina. Dan kemungkinan juga dilakukan di pulau Rempang Link yt: https://t.co/iVyGUTMAV1,
"@HusinShihab Kaga pake nalar tinggi. Data udah sekarung. Baca dong! Cari aja siapa yang diuntungkan.. Kok bisa investor kontrak sampai 190 tahun? tanpa Syarat? Gimana pergerakan Luhut ke Tiongkok? Kenapa jadi Rempang yang laku duluan?  maaf yee, pendukung AMIN punya modal kuota sendiri!!",
Panglima Pajaji cari panggung diatas permasalahan di Rempang!!! https://t.co/aS5pId2rRO,
"@geloraco Kenapa Jadi Begitu.? Kalau Dikaji Pemerintah Sendiri Yg Salah Tanpa Memberitahu Secara Jelas SebelumX Kepada Masyarakat Rempang. Jadi Kalau Terjadi Gejolak Setelah Itu, Itu Disebabkan Ulah Pemerintah Juga Yg SebelumX Yg Tidak Memberi Tahu Secara Jelas Kepada Masyarakat Rempang.",
@tvOneNews Mudah2an @LBH_Jakarta bisa bantu para korban Rempang yang ditahan oleh menteri ini secara semena2.,
@liaasister Itu rempang sudah mulai terkuak klu memang ada salah kebijakan,
"@tvOneNews Rempang jadi rempong krn kurang pas pendekatan dan komunikasi kpd rkyt. Prog strategi nas hrs jalan, krn untuk kepentingan rkyt, bgs dan neg. Jelaskan gamblang prog itu bukan Pem jajah rkyt. Bukan untuk kepentingan investor asing. Jika neg mampu lakukan mandiri tak perlu asing.",
@korantempo Bentar lagi m3ledak kayak rempang...warga gak tahu jika tanah mer3ka sudah digadaikan 190thn 🫢🫡,
"Bahlil Tolak Permintaan DPR dan Komnas HAM agar Peserta Demo Pulau Rempang Dibebaskan  Kalau dibiarkan, negara kita jadi negara preman,"" ujar Menteri Investasi Bahlil Lahadalia  https://t.co/XFKf8kq51E""",
"Bahlil Tolak Permintaan DPR dan Komnas HAM agar Peserta Demo Pulau Rempang Dibebaskan  Kalau dibiarkan, negara kita jadi negara preman,"" ujar Menteri Investasi Bahlil Lahadalia  https://t.co/Pk7bNugNQG""",
"obat msh belom habis, balik lagi kontrol dan ngambil hasil tes Lab, hr sabtu bsk 😣🙇🏼‍♀  . . tp bocahku tkt jenuh mau main dkt rmh 1 km,  rempang gempa Gen z panas vvip putri kw sukabumi Limpo Amanda manopo prabowo pdi kaesang Ganjar anies jokowi jessica mirna gibran whoosh https://t.co/rMLn0MZuB5",
"kl baca berita sengketa rempang, morowali, amman mineral ntb, freeport itu kayak sedang dalam masa penjajahan. domain verklaring di depan mata..",
Dewi blak-blakan bongkar tabiat asli panglima pajaji ! #Rempang https://t.co/aAxlXeSAL8,
Kita mesti pandai membedakan mana cari panggung dan mana yang tulus #Rempang https://t.co/PO7AuMQVwZ,
Panglima pajaji cari panggung diatas permasalahan di rempang #Rempang https://t.co/YyfxSNjrms,
"@MichelAdam7__ Pak Jokowi bilang, rusuh rempang karena masalah komunikasi""... pantes...menterinya kayak gini... 😅""",
"@henwizaniko @VIVAcoid Apa tiap detik harus bicarakan DITO SM REMPANG sekalian aja ya berita soal GROUP HOTEL SULTAN YG MAU DI AMBIL ALIH PEMERINTAN KAN ITU HOTL YG PUNYA KAKITANGAN SUHARTO,TERUS BERITA MENTAN YG MENGHILANG ini terus aja di beritakan jng ada berita yg lain biar kau puas😮‍💨😮‍💨😮‍💨",
"@democrazymedia nah modal apbn rupanya. hrsnya bp batam, bahlil cs yg ditahan bukan warga rempang yg demo.",
@aly_benzema @bahlillahadalia Masyarakat Rempang sudah kadung akan digusur.,
"Terungkap Korupsi Setoran UWT Rempang Eco City Rp 3,6 Triliun  https://t.co/DEhCtUgOyb",
"Kementrian tdk berhak menahan warga rempang. Mereka bukan kriminal, koruptor, aplgi pengedar obat2 terlarang. Mereka hnya ingin mempertahankan hak2 tanah mereka ! Lepaskan ! Kalian digaji dan diberikan fasilitas dari pajak rakyat !",
@tvOneNews halah ngapain ditahan segala lawong nga korupsi begal perkosa apalagi serobot lahan orang.. tuh pulau milik warga rempang sendiri hadeeehhhh,
"Di Rembang si kurang lebih juga sama ya, tp stdaknya di rumah pake ac ndekem sampe sore, di kulkas tersedia es buah tinggal ambil. Di kos semarang, pake kipas udah paling banter pol jg masih seperti padang pasirr😩 https://t.co/WGj8vnnc45",
Ternyata @efekrumahkaca bikin album RIMPANG sedikit nyeret ke REMPANG  Hmm menarik....,
"Terungkap Korupsi Setoran UWT Rempang Eco City Rp 3,6 Triliun https://t.co/aHqxlJLklz",
@Humairah_922 Doain aja itu orang semoga anak keturunan nya lebih parah dari rakyat Rempang,
@pengarang_sajak Rezim kompeni sukak rampas tanah rakyat rempang,
@papa_loren Justru anda yg memperlihatkan bahwa  pemerintah  saat ini adalah yg bersikap preman sm masyarakat Rempang  dgn mau mengusir mereka dgn cara paksa ....,
@tvOneNews Kalau VOC itu zaman penjajahan Belanda kalau Rempang zamannya kita dijajah oleh bangsa sendiri BETUL. ???,
"Bahlil mengundang pertumpahan darah nih, sayang Rakyat Rempang Batam 😭🇮🇩😭",
"@tvOneNews BAHLUL, cara² VOC diadopsi di Rempang. https://t.co/jPvJTmglW6",
"@Ronnie_Rusli jadi disini XinYi dipakai sebagai Pion saja,  karena memang bukan tujuannya bikin industri kaca di Rempang sana ?  apa itu karenanya yang MoU yang disebut2 oleh Bahlil bukan dengan pabrikan Kaca China yang benar2 masuk dalam 10 besar Industri kaca Dunia seperti China Glass…",
@Temansejat @tvOneNews Ya makanya di kampunge lu aja. Womg penduduk rempang ogah kok,
"Tragedi Rempang- Pemerintah yang taat pada Pancasila dan UUD 1945, selalu memiliki pilihan keadilan sosial dan kemanusiaan dalam setiap investasi. Itulah bedanya negara Pancasila dengan VOC ! https://t.co/1MJ23g3rue",
Walang Bacarita - Baru-baru ini Himpunan Mahasiswa Islam (HMI) menggelar aksi bela masyarakat Rempang. Namun aksi yang dilakukan HMI justru dihadang oleh sekelompok oknum preman yang diduga suruhan  Menteri Investasi Bahlil Lahadalia. #walangbacarita🇮🇩 #walangbacaritaupdate🇮🇩 https://t.co/v9bq1lNtT8,
Rempang Batam  #rempang  #batam https://t.co/BGUM9SskKv,
@henwizaniko @VIVAcoid Dito jadi saksi  Rempang relokasi Itu td malem apa pagi td gw bacanya ya. Masih diliput media kok,
Rempang Batam #rempang  #batam https://t.co/ZFYVZUcNyx,
Lil bahlil... lu yg pake preman dan cara preman nyingkirin warga rempang..  menterinya jokowi emg tolol² begini ya..,
@Stev3n_Peg3l nah hrsnya balil cs yg ditahan bukan pendemo t rempang,
#save Rempang https://t.co/cqSTOFzq49,
"@tvOneNews Udah jelas y suka melanggar HAM tuan mu, terbaru di pulau rempang, demi menggaet investor, hak rakyat dirampas",
Masalah Rempang sudah Mendunia...    Gak malu ta...? https://t.co/ZKl97LjTSZ,
Pak Bahlil disemprot Pak Nusron Wahid sebelum Kasus Rempang...... https://t.co/sAasm2wkCM,
"@Ronnie_Rusli Smg prof kasian aset negara dan rakyat rempang, mereka bahagia2 aja tuh walo cm bertani/berkebun dan nelayan",
Bukankah pemerintah sekarang jadi preman pak Men? Merampas tanah rakyat Rempang itu cara cara preman yang dilegalkan?,
Masih ragu kah kawan-kawan membela masyarakat Rempang dan Galang yang hak nya terampas oleh kepentingan oligarki peruntuh nilai bangsa.  #TheWorldWithRempang,
"@HusinShihab NOH NUSRON WAHID UDAH NYERANG SI BAHLUL, REMPANG BANYAK YG MAIN, PAKAI OTAK LOE CHIN . .",
@papa_loren Entar si Bahlil jadi wated warga Rempang,
"@tvOneNews @msaid_didu Janji si raja kodok bakal bagi-bagi sertifikat tanah rempang, eh nyatanya zonk. Siapa suruh pilih si bajingan",
"@msaid_didu Yang mau ngusir orang dari rumah nya siapa, malah dia yang teriak orang itu preman. Pak bahlul ke Rempang aja lagi, tapi tanpa pengawalan agar warga Rempang nyaman bicara dengan anda. Atau debat terbuka dengan NCW soal xinyi yg kata bahlul perusahaan gede.",
"@Malika6027 Rempang adalah potret Indonesia Raya, Semangat Juang Tinggi akan menyelamatkan Indonesia kita",
Cek Fakta: Tidak Benar Tank dan Pasukan Bersenjata Dalam Video Ini Situasi Pulau Rempang Siap Tempur https://t.co/S2LbQrvuxz,
Investasi besar-besaran dari China mengancam kehidupan warga Pulau Rempang yang telah berada di pulau itu lebih dari sea...bad lalu.                     More https://t.co/AN5UX833Nc,
"Ngga sadar, negara cq pemerintah pun bersikap preman terhadap warga Rempang #SaveRempang",
Ebih baik usir investasinya daripada usir rakyat.  Simak! Ini Permintaan Xinyi ke Bahlil Soal Proyek Rempang https://t.co/PClDfAFjxm,
"*Realisasi Proyek Rempang Eco-City Diragukan NCW, Xinyi Ternyata Pernah Gagal di Gresik dan Babel*  https://t.co/v1dDacgwoP",
"@HusinShihab Lucunya pembela rejim ini... cb tanyakn ke mentri bahlul mu, mnuduh asing bermain di rempang jg tdak dgn data.. mahmud md mnuduh 375T jg tdak jlas pelakunya.. bahlull dan asbun entee",
"Nusron wahid damprat tim pembela cukong dan investor cina di rempang, baru kali ini gw setuju ma nusron😁👍 https://t.co/NcFNRLFsJm",
@tvOneNews Rempang sounding International https://t.co/An7s4Xbqnh,
Percaya klo sdh ada bukti  Akan Dibangun Infrastruktur di Kampung Baru Pulau Rempang  Klik untuk baca: https://t.co/dBz9t7sCx6  Kompascom+ baca berita tanpa iklan: https://t.co/fTT43Drpw7 Download aplikasi: https://t.co/QsAvUPHXu8 https://t.co/dBz9t7sCx6,
BIADAB! Bahlil Tolak Bebaskan Warga Rempang  Rahmat Erwin Abdullah Whoosh Amanda Manopo jodie hamil Gen Z Pernah WO Laos pks tolak revisi uu ikn menuju masa depan #AniesMuhaimin2024 #PemimpinCerdas https://t.co/Xvxc2U8k4I,
@Humairah_922 Jokowi berani atau tidak datang ke Rempang ?,
Apa kabar rempang batam ya? Seperti hilang tertelan bumi#TikTokshop,
@tvOneNews Kalo Benar Pernyataan Wako Batam EX-OFFICIO Kepala BP bahwa Relokasi RAKYAT Rempang dibatalkan maka : 1. Segera Lepaskan RAKYAT Rempang &amp  Batam Yg masih ditahan di Polresta Barelang 2. Segera Proses JANJI Jokowi urus Sertifikat  RAKYAT Rempang atau Wako Batam cuma PEMBOHONG BESAR,
"@geloraco Yang preman sebenarnya tuh elu,ngerampas pake semua2nya yg berseragam + lengkap dg senjata.blm lgi ngerahin orang2 bayaran bt ngebubarin acara mahasiswa yg ngebela rempang.bapak sehat ??",
"Tak Serius di Gresik dan Babel, Masih Percaya Xinyi Investasi Rp 175 Triliun di Rempang?  Rahmat Erwin Abdullah Whoosh Amanda Manopo jodie hamil Gen Z Pernah WO Laos pks tolak revisi uu ikn menuju masa depan #AniesMuhaimin2024 #PemimpinCerdas https://t.co/jYRJNvpiCX",
"Bahlil Tolak Bebaskan Warga Rempang: Kalau Dibiarkan, Negara Kita Jadi Negara Preman  You Say P You Say A You Say N I Say T I Say E I Say.....   Come on Bray...  Make it burn....  ✊✊  https://t.co/iTRkUHpgVK",
@tvOneNews Pejabat rasa preman.....walaupun jadi pion dan takut kehilangan jabatan berusaha sekuat tenaga menjalankan instruksi utk  kosongkan Rempang ....,
Proyek PSN rempang titipan siapa kep bokep @HusinShihab?! https://t.co/LJI1KcdlfM,
"Berurai Air Mata, Keluarga Warga Rempang yang Ditangkap Polisi Minta Dibebaskan: Kami Hanya Berjuang Mempertahankan Kampung  Penjajahan Berkedok NKRI Harga Mati!   https://t.co/8w7erybHv0",
Permasalahan Rempang di perkeruh oleh panglima Pajaji https://t.co/0aUK6vyXpH,
@aly_benzema Kalau rempang gmana  jok???,
"Menteri Bahlil Luruskan soal Rempang, Perindo: Investasi Majukan Ekonomi dan Rakyat Harus Dilibatkan https://t.co/qH1CjYyOZY",
"@tempodotco Ah itu sekedar lips service bpk saja, buktinya saat ada kekerasan di Rempang, you joget joget pada acara gala dinner ktt asean 2023",
"@savicali Sampe pasukan negara Indonesia menyerang. Negaranya zuko gak nginvasi ke rempang og 😅 cm ke negaranya katara, eng dkk",
@RagilSemar Beginilah akibatnya klo PREMAN diberi jabatan .. warga rempang dituduhnya PREMAN!!!,
"Mereka mempertahankan hak. Justru yg mau menggusur mereka itu negara preman  Bahlil Tolak Bebaskan Warga Rempang: Kalau Dibiarkan, Negara Kita Jadi Negara Preman https://t.co/mIFP3HNPNC",
@HusinShihab Mau data apalagi..... Sdh terang-benderang contoh kasus rempang. loe yg goblok.,
"@Humairah_922 Wahai warga rempang, nih manusia setuju penggusuran di rempang, kira2 diapain nih..",
@kumparan biasa aj...jangan kan orang tikntok shop....orang rempang aj...di tutup...punya sejarah yg jelas..,
Buku Librari Ori - Mati Sebelum Mati Buka Kesadaran Hakiki https://t.co/Z9NL5KJalm WR 1 Dajjal Batik Air Rempang Kapolsek #AniesMuhaimin2024 Jenglot Miring #HongKongOpen2023 https://t.co/1JFRq6cS3c https://t.co/iqWvErZI88,
@tvOneNews Yg preman siapa? Rakyat rempang atau para pejabat pemerintah sekarang?,
"Lawan pak👍  Ketika Seorang pria rempang menantang petugas keamanan , brani tidak berhadapan dengan masyarakat tanpa senjata.  #BebaskanBangLong #BebaskanBangLong https://t.co/LMdUcDBM8L",
"Terungkap Korupsi Setoran UWT Rempang Eco City Rp 3,6 Triliun https://t.co/yXGIba0FK7",
"Tolak Bebaskan Warga Rempang yang Ditahan, Bahlil: Kalau Dibiarkan, Kita Jadi Negara Preman - https://t.co/SAaIHWiH0s",
INGAT  WARGA  REMPANG  USAHA  KAN SI  BAHLUL  MUKA  HITAM  MASUK  PENJARA  GIMANA  PUN  CARA  NYA  !  USAHA  KAN  SI BAHLUL  PENGHIANAT  KKB  ! HANCUR KAN !  HARUS  DI MANDUL  KAN  SEGERA  !  INI  ORANG  SI  BAHLUL  MUSUH RAKYAT  YG  TER BUSUUUK !  PERSIS  D.N AIDIT .( PKI ),
Buku Librari Ori - Mati Sebelum Mati Buka Kesadaran Hakiki https://t.co/Z9NL5KJalm WR 1 Dajjal Batik Air Rempang Kapolsek #AniesMuhaimin2024 Jenglot Miring #HongKongOpen2023 https://t.co/tNgkrZMZwX https://t.co/yfQiH4u6Kc,
Tapi demo perduli rempang tempo hari di bubarkan oleh preman. Masok angen. 😵‍💫😵‍💫 https://t.co/rB2HYS6OX4,
Panglima Pajaji cari panggung di atas permasalahan di rempang https://t.co/9CBUkvpBqi,
"@hc_poirot Kalau di Timor salibkan dia, bebaskan rakyat Rempang #rempang",
"@JHPrabowo Yang udah jelas jadi hunian rakyat Rempang aja dengan mudahnya menerjunkan personil keamanan buat usir rakyat.  Iya, sejarah kejahatan selalu berulang. Kali ini dikomandani si plonga-plongo melalui anak buahnya.",
Buku Librari Ori - Mati Sebelum Mati Buka Kesadaran Hakiki https://t.co/Z9NL5KJalm WR 1 Dajjal Batik Air Rempang Kapolsek #AniesMuhaimin2024 Jenglot Miring #HongKongOpen2023 https://t.co/8PKAtKNVDQ https://t.co/6BwCe5aEGF,
Inikah gambaran negara agraria yang gak berdaulat pangan karena tidak bisa mengoptimalkan produktifitas pertaniannya ?   Urusan perut jgn diperlakukan kaya org rempang lah yg udah lama hidup disana tiba2 suruh pindah lokasi 🤪  https://t.co/p7hbIZWhbX,
@PartaiSocmed Apakah Rempang harus deal juga terkait buat nego ini tum?,
@never_alonely @sexyk1ll3r #Rempang https://t.co/PDga0qbmDp,
Mantan istri bongkar aib Panglima Pajaji yang mencari panggung di Kasus Rempang.   #RempangEcoCity,
@boyam3807 Mantan istri bongkar aib Panglima Pajaji yang mencari panggung di Kasus Rempang.  #RempangEcoCity,
@boyam3807 Mantan istri bongkar aib Panglima Pajaji yang mencari panggung di Kasus Rempang.   #RempangEcoCity,
Panglima Pajaji Cari Panggung diatas Permasalahan Di Rempang https://t.co/DnCvk2i2i3,
@tvOneNews YAKIN DIA WARGA REMPANG ?,
Buku Librari Ori - Dahulukan Akhlak Di Atas Fiqih (Republish 2023) https://t.co/eO0kIsCslL Dajjal Batik Air WR 1 Kapolsek Rempang #AniesMuhaimin2024 Jenglot Miring Kamis Fajar #HongKongOpen2023 https://t.co/1qgjIxqPiy https://t.co/PpNx2GZSLr,
"list mentri yang paling tidak saya suka setelah opung. semenjak kasus rempang, sekarang #tiktokshop. bikin kebijakan seenaknya aja, gak mendengarkan dari sisi kedua belah pihak dan membuat solusi terbaik, langsung main cut aja.",
@VIVAcoid Ga ada kasus baru munculin kasus lama.emang pinter pengalihan isu y.masyarakat jadi lupa kasus rempang dan si dito menpora yg tak kunjung ditangkap.,
"#Copas  DEMO BELA REMPANG, MAHASISWA HMI DIANIAYA PREMAN SURUHAN BAHLIL  Aksi Solidaritas untuk warga Rempang dilakukan oleh Himpunan Mahasiswa Islam Cabang Jakarta Timur, Cabang Jakarta Raya dan Cabang Jakarta Pusat- Utara.  [Pukul : 15.00 WIB] Sebelum aksi dimulai, massa aksi… https://t.co/9VZXHyWlo8",
@HusinShihab Welah... lha itu Rempang apa bukan titipan pekingese komunis? Mata buka lebar2 wooy..  yg inves siapa?,
@Kopipait__78 Aparat rempang sdh pake preman katanya,
Seorang pria terlihat marah kepada para aparat yg sering menembakkan senjata di #Rempang dan ada seorang anak buta karenanya  Dia menantang aparat utk melawan Masyarakat tanpa senjata https://t.co/soD6elLQch,
Buku Librari Ori - Dahulukan Akhlak Di Atas Fiqih (Republish 2023) https://t.co/eO0kIsCslL Dajjal Batik Air WR 1 Kapolsek Rempang #AniesMuhaimin2024 Jenglot Miring Kamis Fajar #HongKongOpen2023 https://t.co/i0oq7PTEaA https://t.co/jEeRPn8cw2,
Padahal sewaktu pilpres warga Rempang banyak milih Jokowi. Jadi klir ya ... pemilu tak akan menyelamatkanmu dari penggusuran ...,
"@creepylogy_ Masalahnya atmosfer lingkungannya yg gak baik. Polisi baik pun jika atasan nyuruh mereka melawan warga seperti penonton kanjuruhan, warga wadas dan warga rempang otomatis mereka perlahan² ikut menjadi penjahat.",
Panglima memanfaatkan permasalahan rempang untuk terkenal. https://t.co/vwVy8I4MsZ,
"Kemarin siapa yang pake jasa preman buat bubarin demo ya?  Bahlil Tolak Bebaskan Warga Rempang: Kalau Dibiarkan, Negara Kita Jadi Negara Preman https://t.co/CeTA6sYtG7",
@tvOneNews pasti si bahlil ini bakal dicintai warga rempang,
Yuk intip lagi tempat yg di sediakan oleh BP Batam utk relokasi warga #Rempang  Seperti kamar kos atau penjara gaesss menurut Kelen ... https://t.co/FHkq3YfUow,
"Pada 2022 Di Gresik, katanya mau investasi US$700 juta. November 2022 mau bangun pabrik di Babel US$6 miliar-7 miliar. Juli 2023 di Rempang US$115 miiar.  Dua yg pertama terbukti omdo alias omong doang. Melihat kemampuan keuangan Xinyi, bisa jadi yg di Rempang juga cuma bluffing",
Buku Librari Ori - Muslimah Bukan Agen Moral https://t.co/jMLny2Q3v6 WR 1 Batik Air Kapolsek Rempang #AniesMuhaimin2024 Jenglot Miring #HongKongOpen2023 Narnia https://t.co/7SBJrDc4X6 https://t.co/XZwFW0HRp4,
Rembang panase koyo omongane tonggo lur 😫,
Polisi Diminta Bebaskan 30 Warga Terlibat Unjuk Rasa Terkait Konflik Rempang https://t.co/dH5cf6dZkt,
"Tolak Bebaskan Warga Rempang yang Ditahan, Bahlil: Kalau Dibiarkan, Kita Jadi Negara Preman https://t.co/uioU7BBctK https://t.co/wp3dFZmAfC",
Buku Librari Ori - Muslimah Bukan Agen Moral https://t.co/jMLny2Q3v6 WR 1 Batik Air Kapolsek Rempang #AniesMuhaimin2024 Jenglot Miring #HongKongOpen2023 Narnia https://t.co/Ks0wsyBIzP https://t.co/Lu8vu4WNYu,
@hc_poirot Silahkan mundur secepatnya @bahlillahadalia biar rakyat rempang dan Indonesia tenang,
"@Miduk17 Memilih Ganjar , berarti melanjutkan pergusuran tanah Rempang ,dan di daerah2 yg akan di lelang ke Taipan.",
"Dukung Pembangunan Rempang Eco City, Syarikat Islam: jngn Terpengaruh brita Hoaks https://t.co/6uR2dnHtPu",
"Dukung Pembangunan Rempang Eco City, Syarikat Islam: Jangan Terpengaruh Berita Hoaks https://t.co/memxkdLdUz",
"Dukung Pembangunan Rempang Eco City, Syarikat Islam: Jangan Terpengaruh brita Hoaks https://t.co/1VRqZlMrLW",
"Dukung Pembangunan Rempang Eco City, Syarikat Islam: djangan Terpengaruh brta Hoaks https://t.co/DHRMRFX4w2",
"Dukung Pembangunan Rempang Eco City, Syarikat Islam: jangab Terpengaruh Berita Hoaks https://t.co/JHcmSEAoBi",
"Dukung Pembangunan Rempang Eco City, Syarikat Islam: jng Terpengaruh brita Hoaks https://t.co/wR7GNvCtHJ",
"Dukung Pembangunan Rempang Eco City, Syarikat Islam: djangan Terpengaruh brta Hoaks https://t.co/uwtNBTXpXm",
"Dukung Pembangunan Rempang Eco City, Syarikat Islam: jng Terpengaruh brita Hoaks https://t.co/KBLb7Wzdo3",
"Dukung Pembangunan Rempang Eco City, Syarikat Islam: jngan Terpengaruh brita Hoaks https://t.co/2PpHNWUVdb",
"Dukung Pembangunan Rempang Eco City, Syarikat Islam: Jangan Terpengaruh brita Hoaks https://t.co/5nRxcWSzrs",
"Dukung Pembangunan Rempang Eco City, Syarikat Islam: jagan Terpengaruh brta Hoaks https://t.co/Qmhzc0TRpw",
"DIBONGKAR!!! TERNYATA XINYI HOBI OMDO DAN BANGUN INVESTASI BODONG""  Ketua NCW Hanifa Sutrisna bilang Xinyi hobi Omdo n bangun investasi tipu² sjk di Gresik n Babel. Di Rempang juga sama. ""Ini persekongkolan jahat  ‘investasi bodong’.""  https://t.co/lIRuE2I2u3""",
"Dukung Pembangunan Rempang Eco City, Syarikat Islam: jngan Terpengaruh brita Hoaks https://t.co/kvabHy1Ype",
"Dukung Pembangunan Rempang Eco City, Syarikat Islam: jgan Terpengaruh brta Hoaks https://t.co/mwjeI1qWOl",
"Dukung Pembangunan Rempang Eco City, Syarikat Islam: Jangan Terpengaruh Berita Hoaks https://t.co/8LLfqzmR7w",
"Dukung Pembangunan Rempang Eco City, Syarikat Islam: jngn Terpengaruh brita Hoaks https://t.co/zjVLdqBMhA",
"Dukung Pembangunan Rempang Eco City, Syarikat Islam: Jangan Terpengaruh brita Hoaks https://t.co/tOXWrzzP3z",
"Dukung Pembangunan Rempang Eco City, Syarikat Islam: jagan Terpengaruh brta Hoaks https://t.co/sSJDN5Dt7k",
"Dukung Pembangunan Rempang Eco City, Syarikat Islam: jangab Terpengaruh Berita Hoaks https://t.co/1IXxFEkpJB",
"Dukung Pembangunan Rempang Eco City, Syarikat Islam: jgan Terpengaruh brta Hoaks https://t.co/ugw9PKFwDl",
"Dukung Pembangunan Rempang Eco City, Syarikat Islam: jgn Terpengaruh Berita Hoaks https://t.co/xkzCHmbXAI",
"Seorang Menteri,alangkah indah &amp  sejuk jk beliau bertutur santun,penuh persuasi &amp  motivasi ditengah nasib warga Rempang yg bingung &amp  penuh ketidak-pastian akan nasibny  krn  P.Rempang tanpa sepemgetahuan mrk di 2001 tlh dialhkan ke Taipan TW..@DrEvaChaniago https://t.co/boq1N5fFDt",
Buku Librari Ori - Haji Murad https://t.co/7qZDsgk7CV WR 1 Batik Air Kapolsek #AniesMuhaimin2024 Rempang Jenglot Al Kahfi #HongKongOpen2023 Putri KW Kamis Narnia https://t.co/LjjKLWY1xg https://t.co/KeWBaEB33j,
"Dukung Pembangunan Rempang Eco City, Syarikat Islam: jngan Terpengaruh brita Hoaks https://t.co/Hh9j1kCfxD",
"Dukung Pembangunan Rempang Eco City, Syarikat Islam: jangn Terpengaruh Berita Hoaks https://t.co/fJVECTpqkx",
"Dukung Pembangunan Rempang Eco City, Syarikat Islam: Jangan Terpengaruh brita Hoaks https://t.co/m8guOxTP0f",
"Dukung Pembangunan Rempang Eco City, Syarikat Islam: jgn Terpengaruh Berita Hoaks https://t.co/xykSmSC7Ja",
"Dukung Pembangunan Rempang Eco City, Syarikat Islam: jng Terpengaruh brita Hoaks https://t.co/JBzKTbeVOx",
"Dukung Pembangunan Rempang Eco City, Syarikat Islam: jngan Terpengaruh brita Hoaks https://t.co/4NUtmZkEET",
"Dukung Pembangunan Rempang Eco City, Syarikat Islam: djangan Terpengaruh brta Hoaks https://t.co/d2ffaCax59",
"Dukung Pembangunan Rempang Eco City, Syarikat Islam: jngn Terpengaruh brita Hoaks https://t.co/79iEGLF4JX",
"Dukung Pembangunan Rempang Eco City, Syarikat Islam: Jangan Terpengaruh Berita Hoaks https://t.co/KVHeKdyTMt",
"Dukung Pembangunan Rempang Eco City, Syarikat Islam: jng Terpengaruh brita Hoaks https://t.co/3SaXb6ervw",
"Dukung Pembangunan Rempang Eco City, Syarikat Islam: jgn Terpengaruh Berita Hoaks https://t.co/AO443C617R",
"Dukung Pembangunan Rempang Eco City, Syarikat Islam: jngan Terpengaruh brita Hoaks https://t.co/3BWygFTB1j",
"@GunRomli Pa @ganjarpranowo mohon dibuka pa data proyek Wadas, biar kereta cepat dan Rempang nanti nyusul dibuka",
"Dukung Pembangunan Rempang Eco City, Syarikat Islam: jangn Terpengaruh Berita Hoaks https://t.co/AvmuaBAAh2",
"Dukung Pembangunan Rempang Eco City, Syarikat Islam: djangan Terpengaruh brta Hoaks https://t.co/bPbbm8o0B8",
@jokowi Artinya investasi di #Rempang batal ya pak 👍🏻  Jal ngomong ngono ket mbiyen nggak perlu turunkan aparat di adu domba dengan rakyat,
"DIBONGKAR!!! TERNYATA XINYI HOBI OMDO DAN BANGUN INVESTASI BODONG""  Ketua NCW Hanifa Sutrisna ternyata Xinyi hobi Omdo n bangun investasi tipu² sjk di Gresik n Babel. Di Rempang juga sama.  ""Ini persekongkolan jahat ‘investasi bodong’"" kata Hanifa.  https://t.co/gZ3sYaarKT""",
@CutSarina5 Investornya #Rempang bosnya preman hasilnya seperti ini bukan rahasia lagi,
Buku Librari Ori - Haji Murad https://t.co/7qZDsgk7CV WR 1 Batik Air Kapolsek #AniesMuhaimin2024 Rempang Jenglot Al Kahfi #HongKongOpen2023 Putri KW Kamis Narnia https://t.co/ANehloDH1b https://t.co/gsn6DNBPHp,
meresahkan di rempang panglima pajaji hanya cari panggung    #BatamDamai  #pajajicaripanggung #rempang https://t.co/mD8wvweqAF,
Panglima pajaji hanya buat kerusuhan     #BatamDamai  #pajajicaripanggung #rempang https://t.co/QLSjHv0w5J,
Panglima Pajaji sangat meresahkan    #BatamDamai  #pajajicaripanggung #rempang https://t.co/xSYoR8ZZoY,
"“Mereka yang saat ini ditahan akibat kejadian 11 September 2023 tsb karena wujud solidaritas untuk warga #Rempang. Upaya penangguhan atau pengalihan jenis penahanan ini juga merupakan langkah hukum yang diatur dalam undang-undang,”-- LBH Mawar Saron Batam  https://t.co/ezF1vbBnTs",
@KompasTV Tdk perlu penggusuran seperti di Rempang,
@jokowi Kirain mau nyusun kekuatan untuk ke Rempang pak,
Buku Librari Ori - Haji Murad https://t.co/7qZDsgk7CV WR 1 Batik Air Kapolsek #AniesMuhaimin2024 Rempang Jenglot Al Kahfi #HongKongOpen2023 Putri KW Kamis Narnia https://t.co/yux2jplACR https://t.co/NDL0Rh7Vvs,
"@tvOneNews Bullshit, apa yg bisa dipercaya dari rezim ini. Rempang saja dikerahkan preman berbaju dinas, padahal sblmnya sudah disepakati masyarakat adat tidak digusur tp realitanya?""",
Komisi VI DPR RI Minta Penyelesaian Secara Menyeluruh Masalah Investasi Rempang https://t.co/Z7jNXoQC20,
Buku Librari Ori - Haji Murad https://t.co/7qZDsgk7CV WR 1 Batik Air Kapolsek #AniesMuhaimin2024 Rempang Jenglot Al Kahfi #HongKongOpen2023 Putri KW Kamis Narnia https://t.co/d6RmxZ2xJM https://t.co/wBH1PTY8AP,
"DPR KALIAN GAWE YG BENER JGN MAU DIKIBULIN SAMA SI BAHLIL, RAKYAT REMPANG TDK MAU DIUSIR, REMPANG TANAH LELUHURNYA,  WAJIB DIPERTAHANKAN SBG CAGAR BUDAYA MELAYU https://t.co/dm1OOLWE6J",
"@NenkMonica Indonesia sdh jadi jongos cina skg, liat aja yg berbau cina dikasih karpet merah dinegeri ini. Kasus rempang bukti nyata kejongosan tsb",
"Tolak Bebaskan Warga Rempang yang Ditahan, Bahlil: Kalau Dibiarkan, Kita Jadi Negara Preman https://t.co/a70HtZZrn5",
"@HusinShihab Klo lo pinter bakal paham, rempang aja blm ada amdalnya..klo ga titipan udh selesai tuh amdal dr dl klo mau bgn proyek? Paham lo? Udh tau legal standing?🤣🤣🤣",
"@tvOneNews Khusus untuk Rempang, Bahlil harusnya melihat persoalan itu dari hulu, mereka itu hanya hilir",
"Menteri Investasi/Kepala Badan Koordinasi Penanaman Modal (BKPM), Bahlil Lahadalia menyatakan warga Rempang tidak ingin ada aparat dalam proses pergeseran atau relokasi mereka dari tempat tinggalnya sekarang ke tempat yang baru.  #IDNTimesBusiness   https://t.co/AIWZVot6iZ https://t.co/6QTzSZhLhT",
"Reaksi Melayu 5 Negara BP Batam, Bahlil Lahadalia Muhammad Rudi Pembohong ,Status Pengelolaan Pulang Rempang! https://t.co/oEaF7hzNH6",
@tvOneNews Ga ngaca si bahlul..proyek di Rempang aja asal maen serobot ga ada AMDAL nya...gaya preman dipake dongo.,
"Indonesian villagers vow to resist Chinese-funded project, fearing ‘cultural genocide’ on Rempang Island. Joko Widodo's Govt wants 7,500 villagers to leave.  Govt claims residents are squatters, while locals insist they've lived there for 300 years.  https://t.co/ZlKChTbbTq",
Panglima Pajaji sangat meresahkan    #BatamDamai  #pajajicaripanggung #rempang https://t.co/CvGqlqh167,
"Bahlil Tolak Bebaskan Warga Rempang: Kalau Dibiarkan, Negara Kita Jadi Negara Preman https://t.co/mIo85KrR2M",
"@tvOneNews Yg jelas depan mata, rempang warga yg hidup tenang selama puluhan tahun, bahkan sebelum Indonesia merdeka, diusik, tanah mau dirampas, di relokasi tanpa ada pengakuan pemilik tanah karena tanpa sertifikat.",
"@tvOneNews Semakin Bahlil bersekukuh penjarakan warga Rempang yang telah di kurung. semakin tinggi ketidakpercayaan warga Rempang terhadap PSN.. Mereka saudara kami. Klu saudara kami di penjara,tentu kami tidak suka",
"Bahlil Tolak Bebaskan Warga Rempang: Kalau Dibiarkan, Negara Kita Jadi Negara Preman  https://t.co/oz7nguVLsD",
"Mereka bukan preman, bukan penjahat dan bukan koruptor.  Klian yg sudah jadi penjahat merampas hak dan mengusir warga Rempang.   Bebaskan Warga Rempang yg masih ditahan!!!  #SaveRempangBatam #BebaskanBangLong #TolakPenggusuranRempang  https://t.co/9igasMtHNc",
"@papa_loren Dia gk sadar dg merebut tanah warga rempang, negara sdh bertindak layaknya preman",
"@sipil82 @RicKY_KCh loh...@sipil82 ngga up date nih, Demokrat menolak Omnibuslaw bersama PKS..Kita desak KPK kejar Harun Masiku waktu RDP dgn KPK. Rempang kita suruh hentikan penyiksaan pada rakyat..Demokrat BERSAMA RAKYAT https://t.co/ht6BPEuqbb",
@B3l4K0nst1tus1_ Bayangkan kurang bajingan apa Bahlil kerakan pasukan buat usir Rakyat Rempang tanpa dasar ijin dan hukum yang jelas #BahlilMenteriPremanisme,
"@MardaniAliSera Kok sekarang PKS bersuara setelah IKN udah dibangun, rempang apa pendirian PKS BPbatam telah melanggar SILA ke 5, mengusur kampung melayu",
"Bismillah,  Rezim Jokowi sgt Afkir &amp  Kadaluarsa, Terlalu banyak issu &amp  kasus di negeri ini &amp  jd konsumsi rakyat yg arahnya perpecahan, hanya hitungan bulan saja issu rezim jokowi bikin tak tenang negeri ini, mulai cawe-cawe, rempang, kerja politis kpk dlm soal korupsi,dll, dll.",
"@tvOneNews #BangsatBangsa Rezim jkw sangat arogan pd rakyatnya, klu pemenang presiden 2024 dr PDIP lg, tanah kita hanya menunggu giliran utk diambil paksa... Padahal pilpres 2019 @jokowi menang di Rempang",
"@jokowi Sudah akhir 10 th masa tugas dan tanggung jawab anda selaku presiden kok baru sekarang memikirkan penanggulangan kekeringan di pulau Jawa lagi, padahal kondisi ini setiap th terjadi. Kenapa tak seperti Rempang Eko City semangatmu investasi untuk rakyat?",
"@OposisiCerdas @NanaMirzaty Reklamasi Pantai Nelayan Di Jakarta,IKN yang telah dimsuki banyak warga Tiongkok,semua PSN memfasilitsi pekerja yang jd migran,tak lama lagi REMPANG yang akan jadi migrasi rakyat Tiongkok. IKN ditawarkan kepada Rakyat Singapura. Tentu rakyat kita akan mulai terkepung lalu PUNAH",
"Sementara 7.000 warga p.rempang akan digusur oleh rezim yg berkuasa utk keperluan investor china, kini 45.000 warga Air Bangis di Sumatera Barat juga resah atas tanah ulayat (tanah pusaka) seluas 30.162 Ha yg sdh mereka diami sejak ratusan thn juga akan digusur jika PSN berlaku.",
"Bahlil Tolak Bebaskan Warga Yang Perjuangkan Rempang: Kalau Dibiarkan, Negara Kita Jadi Negara Preman! https://t.co/4uavXS5bsS",
@tvOneNews Tindakan yg dilakukan oleh Aparat di Rempang lebih biadab dari preman dan mereka pula yg memulai mengusik kehidupan dan ketenangan warga demi investor yang entah warga negara mana.,
"Menko Perekonomian Airlangga Hartarto, mengunjungi warga dan terbuka menerima aspirasi - aspirasi yang disampaikan masyarakat di wilayah pulau rempang.  #airlanggahartarto #golkarindonesia #pulaurempang #polemikrempang #Rempang #batam #EKONOMİ #indonesiamaju #Jokowi #prabowo https://t.co/hiNv2Hr5r6",
#airlanggahartarto #pemimpin #golkarindonesia #prabowoairlangga #rempang https://t.co/MdHATMmCt2,
meresahkan di rempang panglima pajaji hanya cari panggung      #BatamDamai  #pajajicaripanggung #rempang https://t.co/fFyrZYjyBV,
Panglima pajaji hanya buat kerusuhan       #BatamDamai  #pajajicaripanggung #rempang https://t.co/faU0IJG86e,
Panglima Pajaji sangat meresahkan      #BatamDamai  #pajajicaripanggung #rempang https://t.co/8rB4yLAqs8,
Komisi VI Minta Penyelesaian Menyeluruh Masalah Investasi Rempang https://t.co/LcSN6I5GG4,
Anggota DPR berbicara soal rempang https://t.co/QXECSaNtd0,
#MutiaraHikmah 🎉  KH. Maimoen Zubair Pendiri PP. Al-Anwar Sarang Rembang  #SMAQurani #PondokPesantren #WalyatalaththofDarussalam #Kebumen https://t.co/7qw4NvTOBU,
#airlanggahartarto #pemimpin #golkarindonesia #prabowoairlangga #rempang https://t.co/zKmhxMBywe,
#MutiaraHikmah 🎉  KH. Maimoen Zubair Pendiri PP. Al-Anwar Sarang Rembang  #SMAQurani #PondokPesantren #WalyatalaththofDarussalam #Kebumen https://t.co/1sxcuQgOsQ,
#MutiaraHikmah 🎉  KH. Maimoen Zubair Pendiri PP. Al-Anwar Sarang Rembang  #SMAQurani #PondokPesantren #WalyatalaththofDarussalam #Kebumen https://t.co/trJZnvsP1O,
"Bermula dari Pulau Komodo, ada PSN dan penduduk Laboan bajo yg sdh menghuni ratusan tahun, digusur dan direlokasi yg membuat mati pencaharian mereka. Sekarang Rempang. Masih mau lanjut rezim @jokowi ?https://t.co/gy9N2b2MyU",
"I’m focused on how to survive in the village we live in."" Indonesian villagers vow to resist Chinese-funded project, fearing ‘cultural genocide’ on Rempang Island. Govt claims residents are squatters, while local insists they've lived there for 300 years https://t.co/zqzIacdh0m""",
"@jokowi Anda, menteri dan aparat TNI POLRI telah zhoilm kepada warga Rempang dan Rakyat yg anda gusur demi investasi. Ingatlah ALLAH SWT berfirman: dan perhatikanlah bagaimana kesudahan orang yang berbuat zholim"". (Al Qoshosh: 40)""",
"@HusinShihab Kereta cepat, ikn, rempang contoh yg katanya psn tapi banyak masalah dl pelaksanaannya, Anies pasti tahu itu",
"Berurai Air Mata, Keluarga Warga Rempang yang Ditangkap Polisi Minta Dibebaskan: Kami Hanya Berjuang Mempertahankan Kampung  https://t.co/BlI1k4rKvq",
@HusinShihab IKN dan Rempang emang bukan titipan itu sin,
@Siti_Margareta Pajaji hanya cari panggung dan memperkeruh keadaan di rempang,
"HENTIKAN RELOKASI DAN LINDUNGI HAK TINGGAL MASYARAKAT PULAU REMPANG, KEPULAUAN RIAU - Tandatangani Petisi! https://t.co/utdDE5a2Xk lewat @ChangeOrg_ID",
Permasalahan Rempang dijadikan panglima Pajaji sebagai panggung sensasi https://t.co/4jQ0az8Lwy,
"Lapor boss, Pulau Rempang kena Badai Elchino dah tau belum?",
"@tvOneNews Sungguh malang nasib warga rempang, padahal pemilu 2019 hampir semua pilih jokowi. Dijanjikan sertifikat tanah ternyata malah mau digusur dan dipenjara.",
@papa_loren Misal si moeldoko ngucap: Negara harus reschedule investor pulau rempang..!!!  Kira² apa ya.. Respon rakyat?,
"Isak Tangis Warga Rempang Mohon Polisi Bebaskan Keluarga Mereka, Menteri Bahlil Menolak https://t.co/DZqZvIrPpp lewat @tribunnews #konflikrempang #kisruhRempang #Rempang #pulaurempang",
@AH_SiregarXIX Sekilas pernah baca catatan penting wawancara TW di Tempo yg menyebutkan yg dibutuhkan cuma 7500 ha dr 17k ha luas rempang..btw sisanya buat mainan siapa ini..ato Apkh benar sisanya itu buat pasang panel surya PLTS yg hasilnya dijual ke negeri singa spt orasi A. Khozinudin?,
"Lawan debat mu @Hasbil_Lbs  .  Soal ijazah , utang , Rempang ,food estate , dan masih byk kasus2 lain yg masih hangat, dan itu semua REALITAS bukan DONGENG bung @Hasbil_Lbs .",
@Louis_chantika Ntar buat arena battlefield dulu.....di Rempang.......eehhh.....,
人權 Free West Papua 民運 South Maluku 自由 OPM/TPNPB 獨立 2003 Wamena Incident 多黨制 KM 50 Massacre of FPI 台灣 臺灣 Kidnapping of Activists 1997-1998 中華民國 Munir 西藏 土伯特 唐古特 Rempang 達賴喇嘛 Wadas and Kendeng Conflict 法輪功 2019 Papua Protests 新疆維吾爾自治區 The,
"Berurai Air Mata, Keluarga Warga Rempang yang Ditangkap Polisi Minta Dibebaskan: Kami Hanya Berjuang Mempertahankan Kampung https://t.co/MO4XKWRtUg",
"@msobri99 Media adu domba, Anis bilang rentan jadi titipan tapi digoreng jd titipan. Klu mo jujur contoh kasus rempang, amdal dan hpl belum ada, yg investasi xinyi group. Di group ini perusahan siapa saja didlmnya, sebagai media mainstream hal2 ini yg harus ditelusuri agar tidak ada dusta",
"@RagilSemar @bkpm pak Bahlil, bukankah anda sdh akui pemerintah melakukan kesalahan/kekeliruan menangani Rempang. Jd dasar u/menahan mrk jg otomatis gugur, Krn mrk mempertahankan hak mrk &amp  pemerintah sdh salah menangani.  Trus knp hrs terus menahan mrk ??",
"@tvOneNews Masyarakat terjebak dr kasus Rempang, tp TDK terpikir ini ada kejanggalan...",
"Sampling Udara di salah satu perusahaan yang bergerak dalam bidang penyediaan dan pengoperasian fasilitas industri hilir minyak, gas dan fasilitas energi baru dan terbarukan yang berlokasi di Kab. Rembang dilaksanakan tanggal  29 September 2023. https://t.co/NRy7xXf4dw",
@reckykal @KakekHalal Ganjar di endors presiden tidak ada efek karena kasus REMPANG dan WADAS 🥱,
"@msaid_didu Saya mau tanya sm bapak, kalo mau jelang pemilu biasanya langkah apa yg di lakukan pemerintah dan partai politik koalisinya..??? Terpikir TDK ada kejanggalan dr kasus Rempang ini di angkat di saat jelang pemilu..???",
Panglima Pajaji cari panggung diatas permasalahan di rempang.  #PanglimaPajaji #Rempang https://t.co/Nm9Aqp2QxI,
Buku Librari Ori - Reopening Muslim Minds https://t.co/63dl7wR5VH WR 1 Batik Air Kapolsek #AniesMuhaimin2024 Rempang Jenglot Putri KW Al Kahfi #MovingEp17 #HongKongOpen2023 Narnia https://t.co/8VY0camUVo https://t.co/vmlFZreGaa,
"@HusinShihab Sin sin karena jadi penjilat dan benci banget sama orang yang tdk sejalan,  koq jadi tambah dungu ya komennya. Biasakan membaca dan mendengarkan biar tdk jadi fitnah. Masalah PSN (IKN, Kereta cepat, Rempang) itu sudah jelas banyak titipan dan bancakan korupsi.",
"#NSTworld The Indonesian government recently told #Rempang island's 7,500 residents to pack their bags and leave by the end of September.  https://t.co/WBhBDshj6w  #China #Indonesia",
"Ditahan Karena Ikut Demo Rempang, Rudi Minta Penahanan Anaknya Ditangguhkan https://t.co/RRlNGzynQh",
@qwertyrm @KompasTV Semoga kau tau sejarah masyarakat adat rempang,
@tvOneNews Demi cuang bela cukong bahlil sekuat tenaga membebaskan rempang,
DPR Dikritik Usai Sahkan Kilat RUU IKN |   Partai Buruh Bakal Uji Materi Undang-Undang Cipta Kerja |   Polisi Diminta Bebaskan 30 Warga Rempang  Selengkapnya di #BuletinPagi  https://t.co/YfsHIdinG7  #PodcastIndonesia https://t.co/aCYZ9mJ8Jt,
Tim Bantuan Hukum Ajukan Penangguhan Penahanan 30 Warga Terkait Konflik Rempang https://t.co/VPGSW3qrhv,
@tvOneNews Inilah akibat klo pemimpin bodoh dalam hukum dan HAM.....emgnya kau menangkap WNI Rempang itu demi negara apa demi titipan?? BAJINGAN TOLOLL,
"@tvOneNews Apakah cara yang dipakai aparat bukan premanisme?  Ingat warga Rempang Galang sudah ratusan tahun menempati tanah tersebut, sementara negara kujuk2 mengusir rakyat Rempang demi sebuah PSN. Bukankah cara perampasan ini mirip premanisme?",
Tragedi 07 September 2023  Sosok Pemuda Rempang Gagah dan Pemberani  Pemuda Rempang Ini Menantang Petugas Keamanan Berani Tidak Menghadapi Masyarakat Kalau Tidak Pakai Senj4ta. https://t.co/AO5qI9zBXl,
"@tvOneNews Waduh framingnya malah rakyat rempang yg dikata preman, bisa gitu ya? 😅",
"Buku TRUTH : TEMUKAN RASA UTUHMU, TEMUKAN HIDUP by SOPHIE NAVITA https://t.co/Cy9S7qaiDb batik air Rempang Robin Chopper Pagiiii Melayu #AniesMuhaimin2024 Ocha Jenglot #MovingEp17 https://t.co/nCXCYG8Fhd https://t.co/Et3YZZcdxW",
"REMPANG SDG DIHANCURKAN OLH SITUA BANGKA LUHUT BINSAR PENJAJAH BANGSA SENDIRI, YG TDK TAHU DIRI DAN TAK TAHU MALU, DIGAJI OLH RAKYAT MENGABDI PADA CINA   KAPOLRI FAHAM HUKUM TAPI MEMPERMAINKAN RAKYAT MENDUKUNG PARA PENJAJAH BANGSA SENDIRI https://t.co/kdYJC4Zmdx",
@never_alonely @BangferRiau Jgn sampe dgn Takhluk Melayu Rempang oleh #GerombolanPlongoCireng,
"@tvOneNews Mereka harus dibebaskan tanpa syarat karna  mereka tdk bersalah, siapapn manusia didunia ini  jika ada yg mau mengganggu kehidupan hidup keluarganya se hari2 maka mereka akan marah &amp  melawan utk mempertahankan apa yg mereka miliki, ingat negara harus menghormati HAM warga Rempang",
"@tvOneNews Jika rempang lolos, bisa jd esok lusa akan terjadi di daerah lain. Semoga pemimpin dan pemerintah selanjutnya amanah utk rakyat bkn amanah utk investor",
Kondisi Pulau Rempang Terkini: Perempuan Terus Suarakan Penolakan Penggusuran - Nasional https://t.co/dm2YKUoM9U https://t.co/FGIrUeWtX9,
Preman &amp  Provokator di REMPANG - memang layak menerima hukumannya.... dan cari Mereka yang bertendensi MAKAR..... https://t.co/u5XsMQpNtd,
Panglima Pajaji cari panggung diatas permasalahan di rempang https://t.co/FuVtAzWJvA,
"Panglima Pajaji cuma cari masalah rempang, waspada!! https://t.co/T1YvmqrJ6v",
Panglima Pajaji cari panggung diatas permasalahan di Rempang!! https://t.co/wAKlvHQ567,
"Tak Serius di Gresik dan Babel, Masih Percaya Xinyi Investasi Rp 175 Triliun di Rempang? https://t.co/wrrOst0CYf",
"Panglima Pajaji seorang tokoh masyarakat yang memprovokasi permasalah di Rempang, Batam, terlihat mencari panggung!!!! https://t.co/zVLYEBFG6l",
@ganjarpranowo Bayangkan jika tanah nenek moyang kita dirampas seperti di wadas dan rempang oleh anjing2 penjaga oligarki cukong asing aseng asu berkedok investasi. https://t.co/kquEq8zTjI,
Sebagian besar warga di Pulau Rempang masih menolak rencana relokasi terkait proyek Rempang Eco City. Pemerintah diminta lebih dulu menjamin kepastian kompensasi dan rumah pengganti bagi warga. #Nusantara #AdadiKompas  https://t.co/whZpgtNfLC,
"BAHLIL TOLAK BEBASKAN WARGA REMPANG: KALAU DIBIARKAN, NEGARA KITA JADI NEGARA PREMAN.  Pertanyaan: Lebih PREMAN mana dg PENGUASA yg menyuruh RAKYAT pindah dr tempat tinggalnya tanpa memberi HAK mrk terlebih dahulu? #mikir  https://t.co/iRswHMMROn",
@a_yudhawastu @Widyarenee @temponewsroom Dibuatkan sertifikatnya di rempang itu?,
"@adearmando61 Jalan Ninja PSI masih sebatas Orasi, Jalan Ninja Nusron wahid saat ke batam menyelidiki konflik Agraria di rempang Adalah wujud nyata keberpihakan kepada Rakyat...",
@tvOneNews Ngotot banget Mentri ini sama Luhut...muka penjahat..emang nya rempang punya bapak mu..,
Sebagian besar warga di Pulau Rempang masih menolak rencana relokasi terkait proyek Rempang Eco City. Pemerintah diminta lebih dulu menjamin kepastian kompensasi dan rumah pengganti bagi warga. #Nusantara #AdadiKompas  https://t.co/1PP0GackdK,
"@tvOneNews Bawa ke pengadilan internasional, biar orang terkait dapet blacklist dari beberapa negara.. *selama ada bukti kuat perlakuan mereka, dan sejarah Rempang yang sudah ada dari jaman Hindia Belanda.""",
"@bd_baskoro Rating itu tidak bisa dibikin begitu saja, tapi di nilai dari semua aspek Dan penilainya itu masyarakat dunia, hasil kinerja, tingkah laku, sosial politik, dan kepentingan rakyat.  Ini rempang mau di kosong Wadas jg bgt Pemimpin model apa itu",
"Investasi Pabrik kaca China di Rempang itu, hanya modus perampasan tanah adat bangsa Melayu",
"bb palingbnyk 43,5 kg itupun proses naikin ny 3 tahun.  . . sakit baru 5 hari  turun 2,5 kg 🥺 dahlah . . 🙇🏼‍♀ #EmakHiLma  rempang gempa Gen z sukabumi Limpo Amanda manopo prabowo pdi kaesang Ganjar anies jokowi jessica mirna gibran whoosh",
@never_alonely Pahlawan dihati masyarakat Rempang dan masyarakat indoneaia yg tdk setuju akan penggusuran sewenang wenang,
Ahmad Doli Kurnia Nilai Sinkronisasi Terpadu Diperlukan Dalam Penyelesaian Masalah di Rempang https://t.co/S8UvbjsFao #golkar #golkarpedia #airlanggahartarto #golkarindonesia #golkaronsosmed #partaigolkar #kuningkeren #sayagolkar https://t.co/SX92i1WjAa,
Mantan istri bongkar aib Panglima Pajaji yang mencari panggung di Kasus Rempang.   #RempangEcoCity   https://t.co/6NsFklASMO,
@hc_poirot Dimarahin  karena  apa nie? Karena  gak sukses  mengusir  warga rempang Kah ?,
"@HusinShihab Husni, ga usah jauh2. Jawab dulu ini, pemerintah lewat Mentri Bahlil bilang proyek di Rempang sudah melakukan uji Amdal tetapi faktanya amdal baru mau dibahas. Ini kebohongan lho. Apa yg Anies sampaikan sudah media atau Jurnalis sampaikan juga. Pahami hoax itu apa. TOLOL",
"@tvOneNews Ayolah pak @ListyoSigitP, pemerintah sdh mengaku salah. Kesalahan pemerintah ini yg membuat rakyat Rempang marah karena tdk ada dasar @DivHumas_Polri utk bertindak represif. Pihak @bp_batam tdk punya HPL, tdk ada AMDAL &amp  investornya ga jelas &amp  punya rekam jejak yg kurang baik...",
"Si @YaqutCQoumas ini kata suami saya seangkatan sama adik suami saya. Tapi suami dan adik suami, di SMA 1 Rembang, Yaqut SMA 2 nya. Disana bagusan SMA 1 nya daripada SMA 2 ya, ya gak Qut? 😁",
"@tvOneNews Otak lu gak bisa dipake mikir bener yaa, Lil..??!! Bila lu punya fikiran SEHAT dan PERASAAN, lu pasti MALU bahkan KHAWATIR atas diri elu dari  Do'a2 para warga Rempang yang di dzolimi elu dan Penguasa Lalim ini!!  #TegakkanHukum #TegakkanKedaulatanRakyat ☝️🇮🇩",
"Sebutan Preman atau pemberontak bagi  warga yg membela hak nya ini biasa di ucapan VOC ..❓  Bahlil Tolak Bebaskan Warga Rempang: Kalau Dibiarkan, Negara Kita Jadi Negara Preman https://t.co/3I8MsSGPGF",
"Bahlil Tolak Bebaskan Warga Rempang: Kalau Dibiarkan, Negara Kita Jadi Negara Preman https://t.co/ACEZvWEeo8",
"DIRAMPAS! WARGA DI USIR DARI TANAHNYA! APA YANG ANDA LAKUKAN! APA BUKTI YANG ANDA UCAPKAN! RAKYAT REMPANG WARGA PERKEBUNAN SAWIT DI MANA2 MEREKA HARUS TINGGALKAN KARENA HARUS BERHADAPAN DENGAN APARAT BERSERAGAM DAN BERPAKAIAN SIPIL DENGAN PAKSA! DIMANA ANDA? JANGAN BOHONG PAK!""""",
"@IGKGARNAWA2 @IwanPmana87 @ekowboy2 Anda krg jeli mlihat Rempang, Batam itu lokasinya strategis mknya di incar cina, kedoknya pabrik kaca, tp yg di incar jalur msk dr brg cina. Stlh brhasil mrk akan minta imunitas di daerah itu,free lain2nya. Mending klo cuma brg,lha klo yg msk narkoba,tentara,tka, gak bahaya ta?🙏",
"@shda_agatha_ @Zeent29 @tvOneNews hadeeeuhhhhh, dari awal uda aneh ini prosedur rempang  https://t.co/19n3rNTAGa",
@tvOneNews Bukannya Pemerintah yang Preman?  - Menyuruh warga Rempang mengosongkan rumahnya tapi tdk ada tempat pengganti - Bangun Eco City tanpa Amdal  Parah,
@OposisiCerdas Lanjutkan omnibuslaw mak..... usir penduduk rempang,
"Tak Serius di Gresik dan Babel, Masih Percaya Xinyi Investasi Rp175 Triliun di Rempang? https://t.co/Gh7zWTmAgC",
@tvOneNews Sabar dulu yaa...? ntar knggk lama lagi Preman/prampok brdasi nyusul warga pndemo/protes Rempang ke Jeruji Besi. Aminnn.... Yarobbalalamin...🤲,
"@acenk0421862189 @Widyarenee @temponewsroom Saya dari Kepulauan Riau btw...emang Jokowi menang kok di Rempang, dia keliling Riau jualan kampanye bagi bagi sertifikat tanah gratis, karena di Batam Bintan ini rawan konflik antar perusahaan dan masyarakat adat",
@tvOneNews Warga Rempang harus melawan,
"@tvOneNews Hahaha... Bahkan sebaliknya, yang preman itu adalah yang merampas tanah rakyat rempang.😄  Kacau...",
"Kalau Keliru BATAL kan Niat untuk Menggusur REMPANG..!? Jangan Modal Minta Maaf"" pokoknya TOLAK penggusuran Warga Rempang.☝✊""",
"Bahlil Refuses to Release Rempang Residents: If Left Left, Our Country Will Become a Country of Thugs",
@RomeoWalker19 Mempermalukan org rembang..,
Senoga judul berita ini sama dengan kenyataan dalam kehidupan warga masyarakat Rempang,
@OposisiCerdas Ombudsman Temukan BP Batam Tak Punya Sertifikat Hak Pengelolaan Lahan Rempang https://t.co/xXtvKbDrQM,
"@VIVAcoid Rempang, IKN dan Kereta cepat titipan Cina ya",
"@tvOneNews Penyerobotan Tanah Warga Rempang, Nusron Wahid: Apa Bedanya BP Batam dengan VOC? https://t.co/aocQ4IFHZO",
Sama janj jokowi begitu .tapi malah pelanggaran ham subur..km50 blm tuntas.wadas.ntb komodo.rempang.dll..jgn mimpi ganjar..bau kebohongan mulai terbuka nh..,
"FAKTA REMPANG.. Sampai detik ini warga Rempang yg terdiri 16kampung Tua berpenduduk 17,600jiwa masih MENOLAK adanya relokasi yg dijanjikan bahlil, BP Batam sendiri kabarnya tidak punya HPL apapun itu PSN yg dikerjakan dgn tdk transparan rakyatlah korbannya !! https://t.co/c3pxgM3DuO",
"Bahlil Tolak Bebaskan Warga Rempang: Kalau Dibiarkan, Negara Kita Jadi Negara Preman https://t.co/K3QBrvnQZr",
@OposisiCerdas Baru bener ni orang.....gitu dong bantu hak warga rempang,
"lingkungan (akan berjalan : rempang, menjual pasir kuarsa, dsb).  4. Pemimpin yang berbisnis dengan rakyatnya ( lihat betapa gencarnya promosi ev namun izin pltu² baru masih diberikan, dsb).  Ayolah kita mahasiswa /unej/ mengontrol kebijakan pemimpin, kita dan (cont)",
"Tak Serius di Gresik dan Babel, Masih Percaya Xinyi Investasi Rp175 Triliun di Rempang? https://t.co/bv0crSMELp",
Panglima Pajaji cari panggung diatas permasalahan rempang!!  aku mencintai kalian semua JENO JAEMIN Madrid Man United CEGIL RENJUN Onana Whoosh #FLAME_RISES_IN_JAKARTA https://t.co/n6gZ3KJCcE,
Waspada Panglima Pajaji cuma cari panggung lewat masalah rempang!!   aku mencintai kalian semua JENO JAEMIN Madrid Man United CEGIL RENJUN Onana Whoosh #FLAME_RISES_IN_JAKARTA https://t.co/cwzKwIcA9l,
"Tak Serius di Gresik dan Babel, Masih Percaya Xinyi Investasi Rp175 Triliun di Rempang? https://t.co/XjyfHbXYJc",
"Bebaskan tahanan demo Rempang, mereka mempertahankan tanah yg mereka tempati sejak abad 18. Fahami Kemanusiaan Yang Adil Dan BERADAB.   Bukan Kemanusiaan Yang Sesat Mengsengsarakan Rakyat.  @mohmahfudmd  @ListyoSigitP  @DPDRI  @DPR_RI  @YLBHI  @KomnasHAM  https://t.co/MB7GZ5NNCV",
"@DokterTifa Makanya....ayo Rempang jangan menyerah...lawan semua kebathilan yg terjadi, adalah Hak kalian yg sudah turun temurun menempati pulau itu Kami turut berdoa untuk kebaikan dan kemenangan kalia... Semangaaat....💪",
"Buka mata buka hati pak @jokowi ? .. gunakan kekuasaan utk kesejahteraan rakyat..  Pak @bahlillahadalia jgn lah berpura-pura benar, bagaimana kalau Anda jd rakyat pulau Rempang.. ingat Semua yg Anda lakukan akan ada balasannya.. https://t.co/WEz8RqHI6A",
@narkosun Bantu jawab Rempang,
"@susipudjiastuti lg pada sibuk projek IKN, Rempang. lebih bikin ""kenyang"";0;0;0;0;in;1508832553704505350;1709187956446277986;BobyGosal;https://twitter.com/BobyGosal/status/1709331698985697612
Tue Oct 03 22:15:53 +0000 2023;1709331463299330518;@abu_waras @SemutMerah2024 Ditunjuk rempang jg pasti ngeles. Manusia itu kl gak ngibul ya ngeles. Dr mulai ijazah, esemka, stop impor, ekonomi meroket, anak gak berpolitik, stop tka, kcic non apbn, ikn non apbn...  Mbelgedhes, nggedabrus""",
#save Rempang https://t.co/r4I1iRuxBm,
Pengaturan lalu lintas dijalan pati-rembang https://t.co/G4jnAMjI68,
"@HusinShihab @AgusHamra @AntoniusCDN 1-Tidak menjawab bukan berarti berita bohong..jangan logical Fallacy..  2-sebenernya tidak ada yg bisa memungkiri bahwa proyek rempang Eco City itu adalah pesanan TW dan investor china ini.. penandatanganannya ini juli sepulangnya dari China,Agustus jdi proyek PSN https://t.co/iSZsFgCi7Y",
@FPKSDPRRI Rempang &amp  IKN dua proyek yang harus rakyat gagalkan.,
"@tvOneNews Penyerobotan Tanah Warga Rempang, Nusron Wahid: Apa Bedanya BP Batam dengan VOC? https://t.co/aocQ4IFHZO",
"Bahlil Lahadalia Diduga Suruh  Sekelompok Preman Bubarkan Aksi Bela Rempang yang Dilakukan Aliansi HMI Jakarta  Aksi bela Rempang dilakukan HMI  di Depan Kantor Kementrian Investasi/BKPM Senin siang, 2 Oktober 2023.  https://t.co/aE2rPVICKI https://t.co/wv8E4FUhiF",
"@musniumar Mengapa anda tdk belajar sejarah , berapa ribu meter tanah asli milik negara yg sudah beralih dan di kuasai pihak lain tanpa proses yg benar , selama orde baru sampai saat ini berapa yg di hasilkan oleh mereka , lebih kasian yg di Rempang pak Mus , Krn itu tanah leluhur mereka ,",
"Berurai Air Mata, Keluarga Warga Rempang yang Ditangkap Polisi Minta Dibebaskan: Kami Hanya Berjuang Mempertahankan Kampung https://t.co/rC37UHnup6",
@Kanseulir Proyek pengosongan bukan penggusuran di Rempang sudah selesaikah?,
@Atok_Gresik @Paltiwest Wedas dan Rempang itu ..adalah kasus nya oknum2 orang tamak ..dgn menyusupkan provokator.!,
Panglima pajaji hanya cari panggung di atas permasalahan rempang https://t.co/HH8pKo1BCW,
Panglima pajaji provokator masalah di rempang https://t.co/PR8W0SAZlx,
"semua bukan soal aturan/Kepres/Investasi..  Ini semua soal HIDEN DEBT yang harus segera di lunasi,  Kalau nggak lunas sebelum lengser PIDANA pastinya..  Lalu ada Cukong mau kasih Uang Besar tapi mintanya harus  Pulau REMPANG..  Inilah awalnya.😁  @jokowi   https://t.co/9RWVmTUosT",
Bagus lah kalo mundur.. Bikin rakyat rempang Melayu jadi tertindas... Ambil tanah rakyat,
"@habibgenit @wawananwar12 @JihaanGita Rempang hoax nya di mana? Terbukti kan pemerintah melunak soal Rempang ? Artinya ada yg salah pola investasi di Rempang, shg dibutuhkan cara baru pendekatan kepd rakyat",
"@tvOneNews Jangan sampai terjadi gejolak di masyarakat seperti yg ada di rempang sekarang, jangan sampai terjadi juga masalah di masyarakat seperti tahun 1998, PIKIRKAN ITU!!!",
@shda_agatha_ Baca dulu sana analisis ncw. Itu xinyi 2 kali wanprestasi soal investasi di Semarang dan Babel. Makanya investasi di Rempang juga diragukan. Ujung2 nya nanti mandeq lagi 20 tahun kayak si tommy Winata tuh.,
"@tvOneNews Raemu !!!  Deloken Wadas, deloken Rembang, Rempang dll. Kui Seko kroni kroni mu termasuk raemu !!!",
"Yg anehnya... Desa2 yg bakal dikosongkan itu adalah 16 Desa (walo skrg yg mau dikosongkan duluan 5, 6 desa dulu), sementra nama2 dari 16 Desa itu termasuk Desa di P. GALANG &amp  P. GALANG BARU ( 4 desa Kp. TUA ), ini bearti 3 PULAU besar itu bakal dijual smua, bukan hanya REMPANG. https://t.co/Du6XqmaZQ7",
"@KambingBosss @dapitnih @SBYudhoyono Saya kira anda masih kurang paham soal liberasi salah satunya karena itu bisa digunakan untuk meningkatkan arus modal dan apa kamu kira jokowi ga liberasi juga? Tanya nikel di morowali dan pemutihan kawasan hutan oleh para perambah bahkan lebih ngeri, kasus rempang contoh nyata",
"@Widyarenee @a_yudhawastu @temponewsroom Kami dulu memilih jokowi tante, tapi merasa kecewa bolehkan?? Masalahnya ini soal negara indonesia yg luas,, sy perhatikan janji buatkan sertifikat masyarakat rempang dalam 3bulan kok malah di gusur juga, nyata2 lagi omongannya terbalik",
Rempang Galang semakin membaik di tangan Walikota terbaik. https://t.co/Sh0vGJDrse,
"Pemerintah Stop Program Bantuan Petani Rempang, Noor Aziiz: Kejam Teramat Kejam https://t.co/Oi8J46AzVg https://t.co/8FAtdoWvCK",
panglima pajaji cuma cari panggung lewat masalah rempang WASPADA! https://t.co/ZC7XaFD32L,
Panglima Pajaji cari panggung diatas permasalahan di Rempang https://t.co/l61DXNZw47,
Tim bantuan hukum ajukan penangguhan 30 warga terlibat bentrok Rempang https://t.co/C06W41LTrt,
"@tvOneNews hai GP, jangan lupakan Rembang selatan. ingat nggak sama Budi Setiawan BRTK?",
@ArumTal Hay tante ku tente rembang mn ya kalau boleh tau,
masih sedih bangeg kebayang nyokapnya celsi ke rempang sendirian,
"yuk kapan orang ini kita selesaikan? rakyat Rempang adalah saudaraku, banyak umat Islam juga disana, mari bantu yang tertindas disana, kuncinya kita hidup adalah yang teraniaya wajib kita bela, sedangkan orang satu ini justru membantu penindas rakyat",
"Pemerintah Stop Program Bantuan Petani Rempang, Noor Aziiz: Kejam Teramat Kejam https://t.co/ijvDPIzH3X https://t.co/LHaam0zaep",
"@QianzyZ @prabowo Yang didapat anda ternyata mendukung jokowi tidak hanya bergabung di kabinet nya, bahkan hingga saat ini pun anda tetap menyokong penuh program program jokowi.  Bukan kita anti jokowi, tp apakah program jokowi itu pro rakyat? Rempang, import massive disaat panen, UU ciptaker, dll",
"Panglima pajaji seorang tokoh masyarakat yang memprovokasi permalasahan di Rempang, Batam! Terlihat canggung https://t.co/HUeJLQ8Twm",
"Pemerintah Stop Program Bantuan Petani Rempang, Noor Aziiz: Kejam Teramat Kejam https://t.co/VE8Ac7nVQH https://t.co/cGNywIqgK9",
@rmol_id Kadrun.. Rempang sudah aman.. Provokator seperti kalian ini wajar kelaut,
"Anggota Dewan Pertimbangan Presiden (Wantimpres), Djan Faridz menilai langkah Presiden Joko Widodo (Jokowi) menunda relokasi warga Pulau Rempang, Bata... https://t.co/atBlYnToAY",
@Humairah_922 Kalau kau bernyali bicara di depan masyarakat Rempang.,
Permasalahan HAM Dipulau Rempang sudah sampai ke PBB dunia sudah menyoroti HAM Rempang. https://t.co/tNhMrPkXds,
@democrazymedia Siapa terlibat? Periksa mereka yang getol mau gusur rakyat Rempang. Ayam berkotek tanda bertelor,
"Ini kabar terbaru dari 35 tahanan aksi bela #Rempang , salah satunya bang long   Sebagian sdh di proses hukum boleh  di jenguk keluarga Senin Kamis jam 10 -4 sore,   Bang long sedang di upayakan penangguhan penahanan di dampingi tim advokasi keliatan bang long dlm kondisi sehat https://t.co/0THz5Fugyz",
Panglima pajaji seorang tokoh masyarakat yang memprovokasi permasalahan di rempang Batam https://t.co/s2JyrDy6bb,
Panglima apa janji cari panggung di atas permasalahan di rempang https://t.co/M9MLLUGWxp,
"@msaid_didu @bahlillahadalia Jgn liat mslh gusur, investor dll..tapi lhtlah kasus Rempang ini muncul saat di musim politik...keanehan...apa kah partai koalisi mau melepas simpati warga Rempang dgn ada kasus penggusuran ini..??? Org yg bru maen politik saja pasti dia ber baik2 hati utk mencari simpati...🤔🤔",
@rismapc_ Terimakasih wahai aktivis Rempang🙏,
@msaid_didu TDK terpikir kasus Rempang ini aneh pak di musim2 politik ini?? Sbgaimn org2 curiga bnyk politikus di panggil KPk di musim politik ini..,
"Petugas Gabungan Lakukan Razia, Masih Ada Rokok Ilegal di Rembang https://t.co/1pUNqn2uLb via @KartiniTv",
"Hari Kontrasepsi Sedunia, Pemkab Rembang Bersama TNI Gelar KB Masal https://t.co/SQekreL1vQ via @KartiniTv",
"Hukum mati Sambo, Hukum berat pelaku tragedi kanjuruhan, Keadilan untuk Wadas, Keadilan untuk Rempang   Dan masih banyak yg lagi kasus ham lainya  @ganjarpranowo @PDI_Perjuangan @jokowi",
"@msaid_didu Musim politik kok pemerintah mau gusur, logikanya kan mencari simpati rakyat...merugikan partai koalisi kalo bgini apalagi mslh gusur... ada apa sbnrnya di balik ini..?? Rencana apa di buat pemerintah dgn mengangkat kasus ini.?? Apa yg laen TDK curiga dgn kasus Rempang ini..?",
"@SSukasim @never_alonely @ismailfahmi @tvOneNews @tempodotco @geloraco @hc_poirot @voiceofpkb @PartaiSocmed @CNNIndonesia @SiaranBolaLive Jangan percaya, Rempang masih dlm ancaman. Rakyat wajib waspada, PKI itu licik. Jangan lengah kita,,,,",
"Pemerintah Stop Program Bantuan Petani Rempang, Noor Aziiz: Kejam Teramat Kejam https://t.co/9KF4aeFdVO https://t.co/6vCyo6fOb9",
"Balap Liar Resahkan Warga, 7 Motor Diamankan Polres Rembang https://t.co/TKvCOye0hJ via @KartiniTv",
"Sebenernya aneh gak sih, hari raya politik harusnya menjadi tahun mencari simpatik kpd rakyat, nah ini justeru pemerintah memaksa pengambilan paksa tanah Rempang dengan alasan ada yg mau investasi,belakangan diketahui klaim Bahlil bkn hanya xinyi yg akan investasi, ada apa ini ? https://t.co/LbD8KmevDs",
"Masih Fluktuatif, Harga Kebutuhan Pokok di Rembang Pekan Ini https://t.co/GTxI9GXOy4 via @KartiniTv",
Airlangga Hartarto Jamin Kesejahteraan Warga Pulau Rempang  #golkar #golkarindonesia #airlanggahartarto #prabowo #prabowogolkar https://t.co/He8XXh3mtu,
"Produk Garam Rembang Turun Kualitas, Diduga Terdampak Debu Perbaikan Jalan https://t.co/AcstKoPnDm via @KartiniTv",
@bangpoerslalu @geloraco Masyarakat Rempang pun yg protes disebut kadrun...cuma pe ka i yg suka nyebut kadrun,
Komisi VI Menerima Penjelasan Menteri Bahlil Soal Rempang Eco City https://t.co/fyWJ4EzcLx via @nawacit4,
Komisi VI Menerima Penjelasan Menteri Bahlil Soal Rempang Eco City https://t.co/CEQNVah5uB via @nawacit4,
#AirlanggaHartarto #GolkarIndonesia #Golkar #Prabowo #golkarprabowo #Rempang #KunjunganKerja #PulauRempang https://t.co/Feo4uyNw6k,
"@CNNIndonesia Konon kabarnya yg mau direlokasi itu bukan warga asli, tp pendatang yg bekerja di sana.   Bahlil omongannya gk sama dgn keterangan warga rempang.",
"Sejauh ini, gue belum mendengar statment, perwakilan dari dapil Pulau rempang, kalau ga ada kayaknya ga mungkin.",
"@ismailfahmi @tvOneNews @tempodotco @geloraco @hc_poirot @never_alonely @voiceofpkb @PartaiSocmed @CNNIndonesia @SiaranBolaLive Mas Fahmi yang baik, Mohon pencerahannya ya Mas. Saya ketik tokoh rempang"" di filter tweeter, yg muncul ulasan Mas Fahmi dan lucunya muncul narasi seragam seperti latihan baris-berbaris dari akun2 baru netas dg postingan gambar seperti ini. https://t.co/oUt8uW5YEZ""",
Jaminan untuk Masyarakat di Pulau Rempang #airlanggahartarto #golkarindonesia #golkar #golkarprabowo #pulaurempang #rempang https://t.co/HGEdAbM8M0,
"Kasus Rempang ini secara logika TDK masuk akal di musim politik ini di munculkan, jelas2 pasti merugikan dr sisi politiknya utk capres dan partai politik, blom menjadi bahan lawan politik utk mencari simpati..politik itu kan mencari simpati sebanyaknya.. ntahlah ada apa sbnrnya..",
Menteri Bahlil Pastikan Investor Rempang Eco City Tidak Cuma Xinyi https://t.co/VvakvoIE8v via @nawacit4,
Menteri Bahlil Pastikan Investor Rempang Eco City Tidak Cuma Xinyi https://t.co/WFkISxoSjn via @nawacit4,
@iwantarigan @msaid_didu Kasus Rempang ini TDK masuk akal di musim politik bgini...membuat masyarakat bertambah TDK simpatik jelas merugikan..pdhal strategi politik ini menarik simpati masyarakat sebanyk2nya... ada apa di balik ini semua.?,
"@iwantarigan @msaid_didu Kalo saya curiga dgn Rempang ini, kok smdh itu pemerintah gusur menggusur pdhal ini musim politik, hrsnya menarik simpati rakyat, ada apa di blk ini..???  Logikanya kalo musim politik membuat org simpati..TDK terpikir kesitu kbnykan org..🫢🫢🫢",
"@NarasiNewsroom dg viral, min. hentikan sementara, prilaku² aneh"" yg dirasakan hati publik, dari apa yg dilakukan pengurus² negri,  sambo cs akhirnya dihkm berat (smntara😂), smpn 1 ponorogo menunda pungutan berdalih sumbangan (smntara😂), rempang dimanusiawikan (smntara😂),  stlh ga viral😔...""",
Kasian banget liat warga rempang  https://t.co/FNOJ6utPl4,
🔥REMPANG DISERBU PEMODAL❗❗ 🔥ICHSANUDDIN NOORSY DAN CHUSNUL MARIYAH🔥 https://t.co/BzEyEWGaJC,
@PakwieTopan @msobri99 @aniesbaswedan @ganjarpranowo @jokowi Itu proyek yang akan di bikin di rembang milik siapa??,
Rempang sudah tidak bergejolak lagi  #golkarindonesia #airlanggahartarto #rempang #golkar https://t.co/CZ6AB78hlf,
"@OposisiCerdas Kalau Saya Pribadi PSN yang Mana, Ko Tanya Lagi Bukanya OSN di Rempang Titipan Investor Ya ? koreksi Kalau Saya Salah",
Belasan Warga Rempang yg didampingi Tim Advokat mendatangi Mapolresta Barelang utk mengajukn surat permohonan thd 30 org keluarganya yg ditahan Polisi &amp  sdh ditetapkn menjd tersangka dlm kasus Aksi Demo  Rempang di Kantor BP Batam yg lalu..... . Update Rempang 03 Oktober 2023 https://t.co/sn2hbFc7VQ,
@HMMurah3 Bahlil dan Lae Luhut ngotot untuk Xinyi investasi di Rempang Batam... harus dimintai keterangan nya..... @kahlubirkum,
"@alisyarief Seneng banget memprovokasi rakyat, Rempang sdh kondusif, food estate sdng dijlnkan, tua ternyata tidak menjamin seseorang pinter, cerdas.",
"@TSolihien Penyerobotan Tanah Warga Rempang, Nusron Wahid: Apa Bedanya BP Batam dengan VOC? https://t.co/aocQ4IFHZO",
@M45Broo Panglima sibuk cari panggung diatas masalah rempang https://t.co/E8RuPKbFkx,
@M45Broo Panglima abal abal sibuk cari panggung diatas masalah rempang https://t.co/QW1fW2qKId,
@M45Broo Ini dia provokator konflik rempang lagi cari panggung https://t.co/yf5RKOztkA,
Nusron bongkar ada dua infestor asing di Rempang invest AS lebih dahulu lalu diberikan ke China.  Ivest China di anak emaskan. https://t.co/EpnigcvXmL,
Terungkap bukti ombusman di lapangan di Rempang aparat melakukan penekanan kepada warga dor to dor. https://t.co/VWV2L1KQCW,
"7 Temuan NCW Terkait Polemik Rempang, Nomer Enam Libatkan Pihak Keamanan https://t.co/QgFYawDrZH",
@Beritasatu Ngoceh buat pengalihan masalah Rempang nih.,
@TSolihien Hebat Juga  Om Nusron Wahid Bicara Tentang Rempang  👍👍 https://t.co/duvt1Taoz2,
#AirlanggaHartarto #GolkarIndonesia #Golkar #Golkarprabowo #cawapres #Pilpres2024 #Rempang https://t.co/ayrEYZlobN,
Panglima Pajaji seorang tokoh masyarakat yang memprovokasi permasalahan yang ada di rempang #ProjekRempang #PanglimaPajaji https://t.co/m0ziP3ZA6m,
#GolkarIndonesia #airlanggahartarto #Golkar #PrabowoSubianto #Rempang https://t.co/mr9j1hKsxY,
Ribuan Warga Rembang Ikut Pelayanan KB Serentak #beritarembang #nurfmrembang https://t.co/yb1e4QRBkb,
"@OposisiCerdas IKN, KCIC .... jgn malah pura2 bego.... Rempang saja ngapain ada tentara dan polisi ngusir rakyat dari tanah mereka klo tanpa ada titipan cina2 bangsat itu",
Wabup Gus Hanies Pastikan Stok Beras di Rembang Aman #beritarembang #nurfmrembang https://t.co/qtefA08aGV,
Penipuan pejabat² dan makelar bisnis serta cukong  menipu perusahaan xinyi China dengan mengatakan lahan kosong di Rempang. Inilah bisnis kotor pejabat. https://t.co/EK2w5y7mZb,
Jika Benar Sungguh Terlalu Terhadap Rakyat Sendiri Pakai Foreman Apalagi Ancaman Piting Sang Panglima ?   HMI Kecam Menteri Bahlil Pakai Preman Bubarkan Aksi Bela Rempang https://t.co/JmKSEFJhKO,
@M_IKBARfauzi @AgusYudhoyono Dalam kasus gusuran yg mana ya mas? Rempang kah? Cek disini ya mas... https://t.co/AMYkgyvRf7,
"Nusron unjuk gigi bela Rempang, kaki tangan cukong ga berkutik. https://t.co/9KoU3RFYQh",
Gov’t Promises to Find a Solution to Rempang https://t.co/zV7tVj5a7S,
@jokowi rempang piye pakdhe kabare🥲,
Rocky Gerung kritik keras proyek Rempang Eco City yang ternyata belum ada AMDAL #rempang https://t.co/OkUYtRJLLk,
Panglima Pajaji seorang tokoh masyarakat yang memprovokasi permasalahan di Rempang Batam ! https://t.co/DaZ04czOg8,
@tukiman_sakti @ike_hw71 @kangdede78 @cakimiNOW gimana tdk tahu wong dia sendiri yang janji mau sertifikat tanah aja tdk di lakukan ..padahal di rempang pemilu dia sdh menang..tp janji ya tinggal janji lupa lupa lupa lupa lupa lupa terus,
AIRLANGGA DATANG SAMPAIKAN KEPASTIAN DARI PEMERINTAH BAGI WARGA PULAU REMPANG #airlanggahartarto #golkarindonesia #golkarprabowo #prabowo #pilpres2024 #pemilu2024   @airlangga_hrt @golkar_id @kabargolkarnews https://t.co/KAfRQUZnBJ,
"@NenkMonica Tenang karyawan akan di tampung oleh negeri Konoha sebagai tenaga Ahli, salah satunya akan di tampung di proyek REMPANG 🤔",
wkwkw ternyata ini kelakuan seorang panglima??  #batam #panglimadayak #dayak #Trending #follobackforfolloback #Like #likeforlikes #fypviraltwitter #Rempang #rempangtanahnegara https://t.co/7WlDykqL7j,
Info Pokok permasalahan Rempang ☝️ https://t.co/BHdgeMsuLd,
Jawaban Menohok Bahlil Usai Dituduh Bohong soal Investasi Rp 175 T di Rempang   https://t.co/tyotUhBZGe. https://t.co/gV3HPEBaJH https://t.co/tyotUhBZGe,
Pantaskah mendapat gelar panglima?? dia aslinya bencong  #batam #panglimadayak #dayak #Trending #follobackforfolloback #Like #likeforlikes #fypviraltwitter #Rempang #rempangtanahnegara https://t.co/2CKZkG2lll,
ini orang kenapa ya??   #batam #panglimadayak #dayak #Trending #follobackforfolloback #Like #likeforlikes #fypviraltwitter #Rempang #rempangtanahnegara https://t.co/heZGgG6KMs,
Panglima pajaji cari panggung diatas permasalahan di rempang  #batam #panglimadayak #dayak #Trending #follobackforfolloback #Like #likeforlikes #fypviraltwitter https://t.co/9dZpMT7zvV,
Rempang dan Ketiadaan Amdal-HPL https://t.co/Ekmqiya30T via @Majelis Tabligh Muhammadiyah,
Milik Pertamina bisa diurus sedangkan milik rakyat rempang krn itu milik adat disana bukan diurus karena ada uang sampe rakyat rempang diusir   https://t.co/HvIQCvWG3M,
"Puluhan Warga Rempang Datangi Mapolresta Barelang, Minta 30 Warga yang Ditahan Dibebaskan. #Puluhan #Warga #Rempang #Bebas #polisi https://t.co/An1o21gmaH",
Justru yg harus diusut itu apa dasar Hukumnya Aparat gabungan turun ke #Rempang tempo hari secara arogan mengintimidasi &amp  menyerang Masyarakat #Rempang yg hingga detik ini masih menolak Relokasi/penggeseran atau bahasa Hantu Belau apalah dari Penguasa Bahlul. https://t.co/TesmQXoa24,
@msaid_didu @mohmahfudmd bongkar kebohongan bahlil ttg rempang,
@tvOneNews Kaan maling2 pengkhianat rakyat dan negara  Rempang,
Anies Baswedan Sowan Kiai Najih Maimoen Rembang https://t.co/IhT51RV99Y,
@IkanJerungBiru Rempang tu pun macam strategik sangat duduk situ. 🤔😌,
"Ayo Pak Jokowi blusukan ke rempang, pimpin langsung negosiasi dengan warga, jng waktu nyalon aja rajin blusukan ke rakyat,..",
@HMMurah3 Mardigu bongkar skandal Xinyi di Rempang  https://t.co/EbTZCKnrgT,
@BatamPos 35 warga Rempang masih ditahan ??? ..,
"Nasional Corruption Watch Temukan '7 Kejanggalan' di Proyek Pulau Rempang, Apa Saja? https://t.co/0gLzP1g7fr",
"Kalau satu paket sembako  Rp100.000 x100 pas 10 juta,berarti sdh bisa membantu 100 Kepala Keluarga di Pulau Rempang,Galang,mereka masih membutuhkan dan masih Bertahan di tanah Leluhur mereka..",
"Biasanya klo orang bodoh kemampuanya berbohong  Dipanggil DPR Bahas Rempang, Bahlil: Saya Tidak Bodoh! https://t.co/IhtEM4Yz6F",
@descha05 Xixixixi🤣🤣🤣🤣🤣 Baru Sadar ye... Oke Setuju👍👍👍.  Kita support.  Save REMPANG.,
"@acGA__ Kalau satu paket sembako  Rp100.000 x100 pas 10 juta,berarti sdh bisa membantu 100 Kepala Keluarga di Pulau Rempang,Galang,mereka masih membutuhkan dan masih Bertahan di tanah Leluhur mereka..",
"Hi sobat Mas Sajak ada info terbaru bayar pajak tahunan jg bisa dilakukan di BUMDES Jaya Makmur @Desa Lambangan Wetan Kec Bulu, Give Away ... kami tunggu yaa #samsatjateng #samsatbudiman #samsatrembang #bapenda #newsakpole #inforembang https://t.co/5ueXWs1vVn",
@pinkyciw lurah rembang,
"@andre_rosiade @PSSI @erickthohir @Maruarar_Sirait @NajwaShihab Itu bukan offside uda ,  Itu bola muntah 100%  gol. ==  Urus Rempang aja uda 🤣😂🤣😂",
Tim bantuan hukum yang tergabung dalam Solidaritas Nasional untuk Rempang mengajukan penangguhan penahanan untuk 28 warga yang ditahan terkait kerusuhan yang terjadi di Gedung Badan Pengusahaan (BP) Batam pada 11 September 2023 lalu.  https://t.co/nqLYYRGDKq https://t.co/AeNdbpF9H4,
#AniesMuhaimin2024 Rempang,
#AniesMuhaimin2024 Rempang,
#AniesMuhaimin2024 Rempang,
#AniesMuhaimin2024 Rempang,
#AniesMuhaimin2024 Rempang,
#AniesMuhaimin2024 Rempang,
#AniesMuhaimin2024 Rempang,
#AniesMuhaimin2024 Rempang,
#AniesMuhaimin2024 Rempang,
@Ganjar_Andika08 @Ganjar_Andika_8 Semua PARTAI juga dapat HIBAH dari DKI! Semua ormas juga dapat diatur oleh UU! Rempang emang kalian saja RADIKAL! Udah baca kalo perusahaan CHINA juga ga becus bikin pabrik di Gresik dan Belitung?,
#AniesMuhaimin2024 Rempang,
@HusinShihab Soal Rempang Lo mingkem Sin? Jangan2 Lo reinkarnasi dari Abu Lahab ya Sin ????,
#AniesMuhaimin2024 Rempang,
"@hendypratamaa_ @CNNIndonesia Kynya rempang dulu deh yg bakal nyusul, baru kalimantan😩",
#AniesMuhaimin2024 Rempang,
#AniesMuhaimin2024 Rempang,
#AniesMuhaimin2024 Rempang,
#AniesMuhaimin2024 Rempang,
#AniesMuhaimin2024 Rempang,
#AniesMuhaimin2024 Rempang,
#AniesMuhaimin2024 Rempang,
#AniesMuhaimin2024 Rempang,
#AniesMuhaimin2024 Rempang,
#AniesMuhaimin2024 Rempang,
#AniesMuhaimin2024 Rempang,
#AniesMuhaimin2024 Rempang,
#AniesMuhaimin2024 Rempang,
#AniesMuhaimin2024 Rempang,
#AniesMuhaimin2024 Rempang,
"@dwioktariyadi Isu rempang di goreng oleh sekelompok orang yang dulunya juga menjadi Anggota HTI. Sangat tidak manusiawi, mereka memanfaatkan momen kemanusiaan tersebut hanya untuk membangkitkan paham yang mereka yakini yaitu Paham Khilafah.",
#AniesMuhaimin2024 Rempang,
Panglima pajaji cari panggung diatas permasalahan rempang https://t.co/Pk08sTY2F8,
Panglima pajaju terlihat cari panggung di permasalahan rempang https://t.co/R5osnwCSQm,
"@dwioktariyadi Kedoknya aksi bela Rempang, tapi di spanduk-spanduk mereka jelas tersirat agenda politik mereka, mendirikan negara Khilafah",
LetsGöFollow  base › surabaya tele  › https://t.co/2ie5dS7N02 expo › 03-04 semarang › 04-05 pati › 06-07 rembang  ❤ @.keempat_elsaa https://t.co/5m5f56LXt5,
Panglima Pajaji seorang tokoh masyarakat yang memprovokasi permasalahan di Rempang https://t.co/JTkCYaBEYP,
@VIVAcoid Gak percaya omongannya semoga rakyat rempang tetap mempertahabkan tanah leluhurnya.,
Menko AH kunker ke Rempang #golkarprabowo #prabowo #GolkarIndonesia #AirlanggaHartarto #Golkar #golkarprabowo #prabowo https://t.co/iIkSf85d1m,
"NCW Ungkap Ada Indikasi Korupsi Dalam Pembangunan Rempang ECO City, Ini Hasil Penyelidikannya! https://t.co/3EAmVQs7Dc",
Panglima Pajaji abal-abal wkwkw. GELAR PANGLIMA itu buat mereka yang memikirkan rakyatnya !!! bukan cari panggung wkwk. WASPADA !!! Panglima Pajaji cuma cari panggung lewat rempang #rempang #carimuka https://t.co/dO7PHBJ86i,
Panglima Pajaji abal-abal wkwkw. GELAR PANGLIMA itu buat mereka yang memikirkan rakyatnya !!! bukan cari panggung wkwk. WASPADA !!! Panglima Pajaji cuma cari panggung lewat rempang #rempang #carimuka https://t.co/ckvOX3zEmW,
Panglima Pajaji abal-abal wkwkw. GELAR PANGLIMA itu buat mereka yang memikirkan rakyatnya !!! bukan cari panggung wkwk. WASPADA !!! Panglima Pajaji cuma cari panggung lewat rempang #rempang #carimuka https://t.co/59dd7oDmJG,
"Menolak Konsultasi AMDAL, Warga Pulau Rempang Bentang Spanduk Penolakan: Kami Menangis! https://t.co/7b2mmV9R0p",
Pernyataan Mengejutkan dari Warga di Rempang yang mau direlokasi.. #Batam #Rempang https://t.co/btHz16smkF,
"Relokasi warga Pulau Rempang, Batam, Kepulauan Riau akibat pembangunan Rempang Eco City hingga kini belum rampung dan menyisakan ketegangan. #VideoBerita #AdadiKompas   https://t.co/GQca0z5X80",
"Firasat Buruk Kiai Rembang, Halau Serangan PKI Dengan Bembu Runcing dan Pecut Sakti  https://t.co/kGjtm11RvP",
@detikcom Kmana luhut pnjahitan yg katanya hebat itu??? Kampung sndiri trbengkalai sok mengatur rempang... dana trilyunan sdh habis ke toba tp tdak ada sumbangsih bt negara dan rkyat wlyah ln,
"Pernyataan sikap masyarakat Sembulang MENOLAK DENGAN TEGAS RELOKASI/PERGESERAN!!!  Rempang, 03 Oktober 2023 https://t.co/sTRMY73fUZ",
"@joko_maryadi Payah, buta politik... Yg pabrik kaca panel surya di Rempang titipan LBP ma kk ET. Payah luh....",
"SEBAGIAN BENAR, Konten Berisi Video Ustad Abdul Somad tentang Warga Pulau Rempang #abdulsomad #pulaurempang #cekfakta  https://t.co/1P0T7pmz2Z",
"Go 💙 F O L L O W  B a s e » Surabaya T e L e » https://t.co/OEQg7BlG4o E x p o › 03-04 Semarang › 04-05 Pati › 06-07 Rembang  @,keempat_elsaa https://t.co/jLFee8LAfU",
Kunjungan Kerja Rempang. #airlanggahartarto #golkarindonesia #golkarprabowo #prabowo #golkar #fyp #trending  @airlangga_hrt @golkar_id https://t.co/mMWbK4xeGU,
"#TemanPemilih KPU Kabupaten Rembang menerima pengajuan perubahan rancangan Daftar  Calon Tetap (DCT) Anggota DPRD Kabupaten Rembang pada Pemilu serentak  Tahun 2024 oleh Partai Politik peserta Pemilu di Kabupatan Rembang,  Selasa (3/10/2023)  #kpumelayani #pemiluserentak2024 https://t.co/rx2LtoVv3p",
@echalicious Soto Rembang beb. Belakang Bale Bebakaran Gejayan https://t.co/CGcEZCvaos,
Awas ada prov0kasi dari Panglima Pajaji terkait kasus Rempang! Panglima abal-abal lagi cari panggung! #viral #fyp https://t.co/Hqi9MuJZUd,
Panglima pajaji cari panggung diatas permasalahan rempang https://t.co/PxB9ckfEQu,
Panglima pajaju terlihat cari panggung di permasalahan rempang https://t.co/lj47EJwXvu,
Government Guarantees New Houses For Rempang Residents: Minister  Read more:  👇  https://t.co/6X7QdVq4Ro  #Indonesia #Indonesian #indonesianpost #idnpost #rempang #riau #economy https://t.co/YpGzZU7DCK,
"Panglima Pajaji sesumbar kerahkan pasukan selamatkan warga Rempang Batam, cuma mau cari panggung saja https://t.co/6BB7WwN4El",
"Polisi Diminta Tangguhkan Penahanan Tersangka Demo Rempang, Keluarga: Tulang Punggung Keluarga #TempoNasional https://t.co/R3ub8aECg0",
Panglima Pajaji adalah seorang tokoh yang memprovokasi permasalahan di Rempang.. https://t.co/Yii0ZXVa5t,
@KompasTV Sekarang masyarakat Rempang butuh tanah kelahirannya jangan digusur...apa kata pdip...,
"@t_yudehis wkwkw biasalah dia kan fansya si penguasa, ga ada tuh tweet dia soal isu sosial di rezim ini apalagi soal rempang, emang dia keknya mau giring opini kek yang disebutin di atas",
1 Bulan menjelang masa pensiun..alngkah bijaknya bila Panglima Piting Rakyat Rempang..Laksamana TNI Yudo Margono..LAKUKAN HAL YG BERGUNA BAGI RAKYAT,
"Konflik Pulau Rempang, Legislator Sebut Investasi Tak Boleh Singkirkan Masyarakat https://t.co/vSdWnaGAvD",
"@tempodotco Nama Erick Thohir dan Luhut Binsar Disebut Ada Dibalik Penggusuran Kampung Tua Rempang, Gigin Pradianto: Ada Jejak Bisnis Pribadi https://t.co/zjVYW6vXAN",
Seperti ada persekongkolan  beraroma tak sedap   Gembar-gembor Investasi Xinyi di Pulau Rempang Dicurigai 'Goreng' Saham https://t.co/jFfEgnzs63  @inilahdotcom,
@tempodotco Kalo tidak menggunakan APBN berarti ada kemungkinan Rempang digadai atau dijual🙄,
Panglima Pajaji cari panggung diatas permasalahan di Rempang https://t.co/w4y4cfInbg,
"Kita mesti pandai membedakan mana cari panggung dan mana yang tulus, Panglima Pajaji cuma cari panggung lewat masalah Rempang, Waspada https://t.co/cmk7QUwKsP",
"Kita mesti pandai membedakan mana cari panggung &amp  mana yang tulus, panglima pajaji hanya cari panggung lewat masalah rempang, waspada!!! https://t.co/mqGQ3LNEgO",
Panglima pajaji cari panggung diatas permasalahan di rempang! https://t.co/2tV2NEa5IG,
@OposisiCerdas Lu ngomong begini ke org2 di REMPANG sono MUKIDI PRESIDEN NAJIS MUGOLADOHH!!,
@tvOneNews Khusus itu terlihat dari cara menggusur rakyat rempang @bahlillahadalia,
"Bookmarked, sebab dua tiga minggu ni otak aku tiber fikir pasal WW3 lah, US lah, China lah, kes Rempang lah, etc.",
Tomy Winata Buka Suara Dari A Sampai Z Mengenai Pulau Rempang https://t.co/6A740rle25 #KasusRempang,
"Pulau Rempang, Batam menjadi sorotan dalam beberapa waktu terakhir karena konflik agraria antara warga dan proyek strategi nasional (PSN) Eco-City. Berikut lini masa polemik konflik agraria yang terjadi di Rempang. https://t.co/AetOklFbVD #Infografis #CNNIndonesia https://t.co/ldYtM1YTQr",
"@tvOneNews Biarkan Rempang Galang demikian adanya, tidak usah dirusak atas nama investasi!!!",
#AniesMuhaimin2024 Rempang,
#AniesMuhaimin2024 Rempang,
Tim Advokasi Kemanusiaan untuk Rempang Ajukan Permohonan Penangguhan Penahanan 30 Warga https://t.co/Y1WjfGZa9e,
#AniesMuhaimin2024 Rempang,
#SaveRempangGalang  #TolakRelokasiRakyatRempang  #StopProyekOligarkiSetan  🔴REMPANG TERKINI: TERUS SUARAKAN TOLAK PENGGUSURAN TANAH MILIK RAKYAT REMPANG‼️  #RAKYAT_BERSATU_MELAWAN_KEZALIMAN https://t.co/on1vOeFEmv,
"Penguasa sudah MENYERAH:. Dan mengembalikan urusan Rempang kepada warga. TNI-POLRI telah kembali kepada masyarakat. ALHAMDULILLAH. Selamat berhidup tenang kembali sebagaimana biasanya.""",
"Gembar-gembor bahwa Xinyi Glass, anak usaha Xinyi Group bakalan investasi di Rempang Eco City sebesar US$11,5 miliar, setara Rp175 triliun, diduga han... https://t.co/ukg3212kYa",
Siasat Pemerintah Kebut Perpres Demi Jamin Hak Warga Rempang https://t.co/VCP9HT0Anv,
@Ar_Lyane @txtdariqunuy @BlueJeans_Hitam @SandraUnie @yeny0207 @w1ndyra1n Hidup Rempang  Smangatss✊,
*VIRALKAN 📢📢📢* Selamat *Untuk  Fahri  Lubis  dan Team  Advokasi Untuk Rempang🙏 dengan Berhasil  Membawa Permasalahan Rempang Ke Perserikatan Bangsa Bangsa (PBB )  Kini Rempang Sudah Menjadi Sorotan Dunia👍🇲🇨🇲🇨 Power Of Allah* https://t.co/kfp5vvOUy1,
"@alisyarief Soal hutang selalu dibayar  Soal rempang ditangani dan mendekati selesai , tinggal soal anda aja yang kurang sehat .",
MASYARAKAT SE TANGGERANG RAYA SIAP MENANGKAN PASANGAN AMIN https://t.co/gkU7Jx8Jm4 #rempang #PDIP #viralinkuy #jokowi #aniespresiden2024 https://t.co/hIYfmrdrxx,
#AniesMuhaimin2024 Rempang,
"@__R3mind_M3_ @txtdariqunuy @BlueJeans_Hitam @SandraUnie @yeny0207 @w1ndyra1n Pasukan emak emak rempong, bukan Rempang.🤭",
#AniesMuhaimin2024 Rempang,
#AniesMuhaimin2024 Rempang,
#AniesMuhaimin2024 Rempang,
Sebenarnya ada pejabat sangat dekat sama investor china masih bersikukuh ke pulau rempang karena fee cukup besar..Sedangkan pulau rempang itu perlu dilestarikan krn itu kekayaan alam dari Tuhan  https://t.co/KFVoaAr3WR,
#AniesMuhaimin2024 Rempang,
#AniesMuhaimin2024 Rempang,
"knp? pdhl mereka tdk akan berbuat demo/melawan aparat"" mereka hanya mempertahankan yg mereka anggap hak nya sebelunnya kan di p rempang baik2 saja tdk ada pergolakan nga mungkin ada asap kalau tdk ada api? 🤔""",
#AniesMuhaimin2024 Rempang,
#AniesMuhaimin2024 Rempang,
#AniesMuhaimin2024 Rempang,
#AniesMuhaimin2024 Rempang,
#AniesMuhaimin2024 Rempang,
#AniesMuhaimin2024 Rempang,
#AniesMuhaimin2024 Rempang,
#AniesMuhaimin2024 Rempang,
"DPR RI komisi terkait REMPANG"",SEGERA MEMBENTUK PANJA/PANSUS TENTANG KEPULAUAN REMPANG,AGAR PUBLIK JELAS DUDUK SOALNYA. https://t.co/kSD6G0xHdp""",
#AniesMuhaimin2024 Rempang,
#AniesMuhaimin2024 Rempang,
#AniesMuhaimin2024 Rempang,
#AniesMuhaimin2024 Rempang,
"Terkait polemik soal investasi di Rempang, Menteri Investasi Bahlil Lahadalia tegaskan tidak menganakemaskan satu investor ataupun perusahaan https://t.co/6aISsxRgGh",
@KompasTV PSN rempang jelas titipan konglo,
"emindahan warga yang terdampak pengembangan Rempang Eco-City terus membuahkan hasil.  Terbaru, sebanyak 7 Kepala Keluarga (KK) pindah secara serentak ke hunian sementara, Minggu (1/10/2023).  https://t.co/U4aiWDr4AA",
Kita harus pandai membedakan mana cari panggung dan mana yang tulus bahwa panglima Pajaji hanya mencari panggung lewat masalah rempang. !!! https://t.co/ZqEsEnjpCf,
Airlangga Hartarto Jamin Pergeseran Pemukiman Warga Rempang Aman dan Berkelanjutan #airlanggahartarto #kuningkeren #sayagolkar #partaigolkar #golkarpedia https://t.co/hulvd0wisl,
"@azdn_twider Kamu bawa2 Rempang mulu pdhl Rempang tidak ada isu2 pendanaan separatisme. Sengketa agraria di Indonesia itu bukan baru terjadi dan bukan hanya Rempang 😂. Natuna diklaim Cina, yakali makai isu Rempang. Pdhl sudah jelas Natuna akan jadi basis militer di Indonesia kedepan.",
"@imananda01 Pada waktu2 Russia sendiri berani mendanai separatisme dan kekacauan di negara2 sempadan, bukannya satu perkara yang aneh untuk China juga berbuat demikian demi kelangsungan impiannya menjadi adikuasa.  Kes di Rempang mungkin adalah pemula kepada semua itu. 😌",
@nashirr27 @DivHumas_Polri @addtaufiq @AhlulQohwah @Aryprasetyo85 @03__nakula @007koteka @ilmi_roudhotul @tolakbigotnkri @MangJamet @seeksixsuck @Paltiwest Smoga ditangkapin saja orng orng yg mencoba memanfaatkan isu Rempang demi organisasi terlarangnya HTI dpat eksis kembali,
@dwioktariyadi Rempang bismillah aman tentrem ga ada lgi konlflik dan cpt usai. Apalagi smpe HTI manfaatin kejadian ini,
"@KakekHalal Lagian PSN tiba² muncul tanpa ada di Rencana Jangka Panjang dan Menengah. Malah PSN Tanjung Lesung yg ada di program sebelumnya sekarang malah ga dikebut pembangunan nya. Tiba² muncul Rempang jadi PSN, pembangunan kok suka². Saatnya Perubahan khususnya Birokrasi",
@dwioktariyadi Jgn sampe hal begini dimanfaatin sm HTI buat kepentingan mereka. Kita bantu doa rempang semoga baik2 aja,
"Penyerobotan Tanah Warga Rempang, Nusron Wahid: Apa Bedanya BP Batam dengan VOC? https://t.co/axvKpJKlcn",
Malem ini jajan mendoan setelah siang tadi brunch soto rembang + mendoan legendarisnya 🥹✨ https://t.co/inKwBIbcTF,
Paksakan di rempang....,
FORUM INTERASIONAL PARTISAN PBB. dukung  Rempang Galang #UsirTKAChinaUnfaedah  #SaveRempang #UsirAsengCbindil @jokowi https://t.co/bMLUTfjeaF,
@hc_poirot Perlu di ingat kan Rempang itu harus di pertahan kan oleh Rakyat Rempang jika tidak nanti akan menyesal sb jika di bangun proyek eco siti maka akan terjadi lh penjajahan lokal oleh china dgn dalih imvestasi melalui mantri jkw,
AIRLANGGA HARTARTO BERSAMA MASYARAKAT PULAU REMPANG . #golkar #golkarindonesia #golkarprabowo #airlanggahartarto #prabowo #rempang https://t.co/IdswIi8Tin,
@dwioktariyadi Mari kita dukung Rempang agar damai kembali sedia kala,
@yaniarsim @Gojekmilitan @bahlillahadalia @jokowi @luhut_binsar @erickthohir @bpbatam urang Sunda bersama Rempang,
Airlangga Pastikan Hak-hak Warga Rempang Terpenuhi. #airlanggahartarto #golkarindonesia #golkar #golkarprabowo #prabowo #rempang https://t.co/gWKb1oivCw,
"Masyarakat Rempang-Galang menagih janji Presiden Joko Widodo untuk memberikan sertifikat kepada masyarakat di kampung tua, Selasa 3 Oktober 2023.  🎥: DALIL HARAHAP #rempang #galang #batam #rempangecocity #sertifikat #presiden #jokowi #breakingnews  #batampos #wargarempang https://t.co/JrzVhRI4YX",
Implementasi softskill psikologo Polsek Rembang Kota https://t.co/e1ttLQ2RHu,
"Tanah Rempang,itu milik mereka sejak abad 18. Lebih Baik Mati Berdiri Daripada Hidup Berlutut. Takkan Hilang Warga Melayu Di Bumi Indonesia. Esa Hilang Dua Terbilang. “Diam kita ditindas, kita harus bergerak utk menyelamatkan Bangsa Negara Indonesia ini” https://t.co/Cugc2gj2Xf",
"@dwioktariyadi Alhamdulillah akhirnya Rembang bisa damai, smoga ini mnjadi pelajaran buat daerah lainnya",
"Jangan lah berhenti berjuang,  Dunia membela Rempang  #SaveRempang.",
"@dwioktariyadi Kita doakan smoga kasus Rempang cepat selesai, dan tdk ada lagi timbul konflik yg justru bnyak merugikan msyarakat dan aparat.",
"@Muslim_AntiPKI9 @geloraco Hei...Bpk kakak beradik, Pak Yakult dan Yai Cimori...Knp kalian berdua tdk prnh bersuara ktka Rempang ditindas, Mandalika ditindas, dll ditindas? mrka2 ini tinggal di negara Pancasila yg kalian gembor2kan dan melanggar hukum, tdk prnh tolak Pancasila tapi kalian abaikan?? Kenapa?",
@vita_AVP Contohnya kan sudah ada rempang para nelayan di sejahterakan ???,
"@tvOneNews BRENGSEKK SANGAT SI BAHLIL‼️ MENIPU SATU INDONESIA, MENGINJAK MARTABAT PENDUDUK ASLI PULAU REMPANG https://t.co/RVYLb5fzqr",
HMI Kecam Bahlil Pakai Preman Bubarkan Aksi Bela Rempang di Kementerian Investasi  https://t.co/rww38JDJRO,
"@cnbcindonesia PNS heran kenapa mesti pindah .., Rakyat heran kenapa indonesia lebih mementingkan aset IKN untuk kepentingan pemerintah . Dan di rempang kepentingan rakyat terbengkalai.",
Panglima Pajaji cari panggung diatas permasalahan rempang!!  Jodie Hamil #earthquake Amanda Manopo Mudryk San Jaegar #ArmySelcaDay mark lee Broja Kades https://t.co/mN44fDmhub,
Waspada Panglima Pajaji cuma cari panggung lewat masalah rempang!!   Jodie Hamil #earthquake Amanda Manopo Mudryk San Jaegar #ArmySelcaDay mark lee Broja Kades https://t.co/hBSpHynpXW,
Teruslah bersuara! Dunia membela Rempang #SaveRempang  #SaveRempang,
Kepala BP Batam Hadiri RDP DPR RI Bahas Progres Investasi Rempang https://t.co/tCL8RsdKD4,
"Airlangga ke Pulau Rempang, Jamin Pemerintah Penuhi Janji ke Masyarakat.  #AirlanggaHartarto #GolkarIndonesia #Golkar #GolkarPrabowo #Prabowo https://t.co/8d9Lk28rLj",
Tim Advokasi untuk Kemanusiaan Rempang meminta polisi menangguhkan penahanan terhadap 30 warga yang berunjuk rasa menolak penggusuran di Rempang. #VideoBerita #AdadiKompas   https://t.co/zAYFVTqmc1,
"Pantas Warga Rempang Tolak Proyek Eco City, LSM NCM Temukan Banyak Hal Janggal, Ini Dia.  80 persen masyarakat Pulau Rempang yang memiliki alas hak SHM, menolak untuk dipindahkan atau direlokasi ke lokasi baru   https://t.co/DT28zwZp2n via @tribunnews",
"Sy berharap @aniesbaswedan punya tim hukum yg faham ttg hukum tanah Indonesia (agraria) utk bisa membantu pemahaman masalah Rempang. Krn tentu suatu saat akan kesana dan bicara dg masy disana, yg tentu pendapat ttg hal itu akan dinilai masy serta diperbandingkan dg rivalnya.",
"@narkosun Pabrik kaca panel surya di Rempang bukankah itu proyek titipan, pura-pura ga tau atau lo memang plonga plongo... 🤭🤭🤭",
@tvOneNews Rempang itu titipan siapa Pak?  https://t.co/T4uBNnGcwd,
memang boleh yah se sensasional itu?  📍Link Daftar:    ☞ https://t.co/W675OmKuHI     #ikn #jakarta #indonesia2024 #kawal #kemarau #rempang #Ketum #infoloker #Makassar #mylifemyadventure #poligami #viral #stophoax #buruh https://t.co/ZwR35wj2cm,
"Pengusaha di Kepri Dukung Warga Rempang, Minta Pemerintah Perhatikan Aspirasi https://t.co/xWI0vh7rgo lewat @GoWest.ID",
"Pengusaha di Kepri Dukung Warga Rempang, Minta Pemerintah Perhatikan Aspirasi https://t.co/Uewl8Iop0I lewat @GoWest.ID",
Panglima pajaji cari panggung diatas permasalahan di rempang https://t.co/s5elpczA69,
HPL BP Batam di Pulau Rempang 147 Hektare dan Kesan Terburu-buru https://t.co/5FZWA4FOUl,
HPL BP Batam di Pulau Rempang 147 Hektare dan Kesan Terburu-buru https://t.co/UcqzJ6jMcs,
"@hc_poirot Geser ke belakang. Jangan mundur, ya gak..? Rempang sekali",
"We recognize that environmental defenders take great risks to stand up to power and that visual evidence collecting is simply only one strategy to protect their rights.   This video describes the Rempang Island, #Batam, #Indonesia protest situation:  https://t.co/QrVupPpMP5",
Local residents of #Rempang Island are taking a stand against the land grabbing and human rights violations brought by government development on the program to build an 'Eco-city'.  We stand in solidarity with their fight &amp  resistance to protect their land rights.  #SaveRempang,
DPR Sebut Langkah Bahlil Tangani Konflik Rempang Sudah Tepat https://t.co/P34KCuIMaw,
Menko Airlangga memang selalu dekat dengan masyarakat ya..  #GolkarIndonesia #AirlanggaHartarto #Golkar #Prabowo #Rempang https://t.co/vZegfZFumR,
"@tempodotco Negara ini jadi apaan sih..terang benerang utak atik! Parah @mohmahfudmd @Fahrihamzah , entah pada kemana, yg sebelah sana utak atik unu, sebelah sana jor jor an IKN, sebelah sana Bbm naik, seblah sino rempang investor bla bla sbelah sono ini itu, porsi rakyat na manaa woii",
@AndiSinulingga sampai detik ini wan imigran belum pernah bilang.. 1. he ntikan pnggusuran rempang 2. Hentikan ikn 3 . hentikan kereta cepat. padahal slogannya perubhan.. para cecunguknya ngaku paling melawan. tapi pujaannya mingkem.. 🤭,
@hc_poirot Mereka warga dayak yg diam blum merasa Ntar kl mereka merasa spt yg dirasakan Rempang baru sadar d it sdh trlmbt,
Cek Fakta: Video Situasi di Depan DPR Ini Tidak Terkait dengan Pulau Rempang https://t.co/qSnKiR3cdD,
#SaveRempangBatam  #BahlilSegeraMundur #LawanKezalimanTegakkanKeadilan  Kagak Ada Yang Bener Nih... Ayo Desak Bahlil MUNDUR SEGERA‼️  #RAKYAT_BERSATU_BELA_REMPANG https://t.co/G8G9r7zYDJ,
"Penyerobotan Tanah Warga Rempang, Nusron Wahid: Apa Bedanya BP Batam dengan VOC?  Selasa Whoosh APBN Ibu Kota Negara Fraksi PKS Siam Paragon TikTok Shop Apri Laos Amanda Manopo Jodie Hamil Denny Caknan Enzy #AniesMuhaimin2024 #TembakauDizalimi  https://t.co/MG7oO45I2K",
Rempang Mendunia.. Terus bersuara dan gaungkan  Ketidakadilan bagi Rempang dan semua wilayah terdampak yg sama.. #SaveRempangBatam,
"@hatewe369 @DoankWarto PDIP2 PERIODE kemana aja? https://t.co/amI395qk1x masa, nunggu ANIES MEMERDEKAKAN REMPANG",
"Ternyata Investasi Xinyi di Gresik dan Babel Gagal...""  Tiba2 tersiar kabar mo invest di Rempang  ratusan triliun Dan demi invest tsb, pulau rempang pernah hrs dikosongkan.  Warga penghuninya akan direlokasi  https://t.co/uDjEj5JvOA""",
@DoankWarto Anies president https://t.co/amI395qk1x merdeka kan REMPANG dan pribumi lainnya,
"Pemimpin kedepan harus sudah mempunyai wawasan  Standard ESG (Environment Social &amp  governance)  tanpa pedoman itu  maka proyek macam Rempang itulah jadinya  investor mana mau masuk dengan kondisi penindasan HAM spt ini?????  entah ada korupsi atau tidak""",
@dapitnih Bahkan berita terkini tentang jeritan masyarakat Rempang diredam dengan bilang #RempangHeppyEnding padahal #RempangMelawan,
"Di awal masa jabatannya jadi ketum PSI, Kaesang sowan ke PGI, bukan ke Rempang, pasar atau kampus.  Siapa yang mulai politik identitas hayo?",
#golkarindonesia #airlaggahartarto #golkal #prabowoairlangga #golkarprabowo #rempang https://t.co/oxZpjm9TyT,
"sy percaya ini sandiwara sj, spt yg lalu2. Pura2 marah2 di ruang rapat, dipublikasi ke media sosial, sbg gimmick utk kita. Kita lihat stlh mrk marah2, apakah rakyat Rempang akan aman?",
Kali ini Menko Airlangga di Rempang ngapain ya ? #GolkarIndonesia #AirlanggaHartarto #Golkar #golkarprabowo #prabowo #rempang https://t.co/lpkkb0jAJB,
"@joko_maryadi Contohnya, pabrik kaca panel Surya dan Eco city yg akan dibangun di Rempang, itu distempel proyek strategis Nasional, pdahal bukan punya Pemerintah/BUMN, 16 desa harus digusur...Opo kwe mudeng dul... Bedul... Kwi contone dul, ojo mung ngeyel, nyerang pribadi ning plonga plongo.",
"Penyerobotan Tanah Warga Rempang, Nusron Wahid: Apa Bedanya BP Batam dengan VOC? https://t.co/k8ujCeP3lO",
@dwioktariyadi Semoga situasi di rempang semakin kondusif,
"@Resty_J_Cayah Wkwk tak kira turun gunung ikut membela warga rempang atau ikut bongkar kasus apaa gitu yg blm selesai,.ternyata turun utk kekuasaan juga,.wkwk",
*VIRALKAN 📢📢📢* Selamat *Untuk  Fahri  Lubis                          Dan Team  Advokasi Untuk Rempang🙏 dengan Berhasil  Membawa Permasalahan Rempang Ke Perserikatan Bangsa Bangsa (PBB )  Kini Rempang Sudah Menjadi Sorotan Dunia👍🇲🇨🇲🇨 Power Of Allah* https://t.co/MmsrcFfmiY,
#golkarindonesia #airlaggahartarto #golkal #prabowoairlangga #golkarprabowo #kunker #rempang https://t.co/TUNCM9Afv8,
@DaengWahidin2 Rakyat rempang dan seluruh rakyat indonesia meeting bersama dijakarta diistana negara,
"WARGA SEMBULANG CAMPING REMPANG YANG SUDAH PINDAH MANDIRI DIFASILITASI BP BATAM MINGGU, 01 OKTOBER 2023   @NinzExe07   #rempang #ecocity #IndonesiaMaju #membangunharapan #Kepri https://t.co/MN2qnA5Usp",
Same case rempang. Time rempang tgh panas out of nowhere media dorang naikkan isu ‘halo bandung’ padahal tgh ada konflik lagi teruk😂 and rakyatnya pon ikut sama la dungu lagi fokus kat isu ‘halo bandung’ dari isu rempang🤣 semudah itu je kena game dgn media sendiri🤣,
"@detikcom Ganyang marjinal Rempang ,kok' ingin lebih dekat dengan masyarakat 🤣🤣🤣",
@dwioktariyadi Kasug rempang?? Baru denger wkwk,
"Jangan lupa  tanah warga melayu Rempang,itu milik mereka sejak abad 18. Lebih Baik Mati Berdiri Daripada Hidup Berlutut. Takkan Hilang Warga Melayu Di Bumi. “Diam kita ditindas, kita harus bergerak utk menyelamatkan Bangsa Negara Indonesia ini” https://t.co/BKlny6EJM9",
@hc_poirot Mundur aja pak dari pada disumpain warga rempang,
@sang5urya @AndiSinulingga lah terus sekarang permasalahan di rempang pemerintah ganti untung juga emang nya ?,
"Soroti Konflik Pulau Rempang, Nusron Wahid: Apa Beda BP Batam dengan VOC? https://t.co/DAENRKyol8",
SATPOLAIRUD  POLRES REMBANG  Mengawasi dan memantau para nelayan yang sedang sandar Kapal dan bongkar ikan di Pelabuhan Perikanan  Pantai Tasikagung Rembang.  KASAT POLAIRUD POLRES REMBANG AKP SUKAMTO SH https://t.co/VVuiCVf9LA,
Terungkap! Marwan Batubara Sebut Motif Tersembunyi Investasi China di Rempang  https://t.co/fP6Qbd0mj5,
AIRLANGGA KUNJUNGI PULAU REMPANG #AirlanggaHartarto #GolkarIndonesia  #Golkar  #Golkarprabowo  #Prabowo https://t.co/2jzhIyM0Os,
@MOHDAHL01728541 @CNNIndonesia penguasaan lahan sampai 190 tahun itu bagus karena di tolak PKS  omnibus Law bagus karena di tolak PKS  pengusiran warga rempang adalah tindakan bagus karena di tetang PKS  pennbangan andesit ilegal di wadas itu bagus karena di tentang PKS  BBM naik itu bagus karena di tolak pks,
@eradotid Wahh bahaya tiba tiba menghilang gini kaya berita rempang juga tiba tiba ilang,
@FatraIncs @qwertyrm @KompasTV Rempang D jaman siapa..?? Deal2'an ny..,
Rempang d heboh kan... Tau tau Natuna was wes wos.. Ntar ketauan..pura pura kaget.. Hadeuh gini amat penyelengara negeri🙈,
@AndiSinulingga Sepakat Logika berpikiran pas Bahwa daerah Rembang itu sudah di tempat sebelum Indonesia merdeka. Itu harus di makna sbg nilai2 luhur,
7 KK pindah serentak he Hunian Sementara  #NKRI #Rempang #REC #IndonesiaMaju #7KK  #HUNIAN #Kepri https://t.co/7E9bfOcF1w,
"“Putra KH. Maimoen Zubair, KH. Najih Maimoen Rembang nyatakan dukungannya untuk Pak Anies Baswedan”  Alhamdulillah ada KH. Idrus Ramli,  KH. Najih Maimoen, dan semoga  IBHRS , Aamiin 🤲❤ Yg onoh jgn usil atau julid, kan ada Miftah ma Abu Janda yg dukung jagoan kalian 🤭🤣🤣 https://t.co/BOuXuzxzQ9",
"Aneh!!!!, proyek Rempang ini ditolak pelbagai elemen masyarakat sipil, NU, Muhammadiyah, MUI dan banyak anggota DPR. Jadi pemerintah ini bekerja untuk siapa sih???",
"Rame-rame Proyek Strategi Nasional (PSN) di Rempang, sebenarnya ada apa ya?  Episode 1 Siaga Bicara mengundang Dewi Kartika, Sekjen KPA untuk berbicara mengenai penggusuran di Pulau Rempang.  Selengkapnya di: https://t.co/Qpa6QFE4VK  #RempangEcoCity #PSN #Penggusuran #SiagaBicara",
Yg gresik aja mangkrak..eh mau d rempang.. Anak SmP ja tau ada yg g beres... Ada ada aja emang opung n bahlul dkk nih😀🤣🤣 Buldozer dah,
BAHLIL NGIBUL LAGI! PROYEK REMPANG GAK ADA HPL &amp  AMDAL. TAPI NEKAT GUSUR... https://t.co/L4pe0ZEu4v via @YouTube,
Sosialisasi dan pendataan terhadap warga terdampak proyek pengembangan Rempang Eco-City masih terus berlangsung. Menurut data BP Batam sudah ada 300 KK yang bersedia dari sekitar 900 KK.  Source : https://t.co/ifpM89qaS9  #Rempang #NKRI #RempangEcoCity https://t.co/DrrRlSDoLl,
NCW Sebut Eco City Rempang Belum Selesaikan Studi  https://t.co/OCsc3GRCio,
@akuudagede Yg jelas bukan d Rempang,
@OctaviaAtsila skenario siapa kalau yg di rempang?? https://t.co/XSMLpTAuJm,
@Kucing_Lawak junjungan anda vs konflik rempang  https://t.co/XSMLpTAuJm,
"@nashirr27 @DivHumas_Polri @addtaufiq @AhlulQohwah @Aryprasetyo85 @03__nakula @007koteka @ilmi_roudhotul @tolakbigotnkri @MangJamet @seeksixsuck @Paltiwest HTI sama sekali tidak punya andil dalam perjuangan kemerdekaan dan merintis berdirinya NKRI. Namun anehnya, organisasi inilah yang paling getol ingin merobohkan sendi-sendi NKRI dan menggantinya dengan khilafah serta membuat isu tentang sengketa tanah di Rempang.",
"Penyerobotan Tanah Warga Rempang, Nusron Wahid: Apa Bedanya BP Batam dengan VOC? https://t.co/noTk6N121T",
Negara tdk bisa membedakan mana tanah yg bisa di akui sebagai tanah negara dan mana yg tidak   BP Batam di kasus #Rempang sdh seperti VOC   *Kawal terus kasus Rempang dan penyerobotan lahan oleh pemerintah di seluruh wilayah NKRI https://t.co/nYJ0hBFipt,
"Penyerobotan Tanah Warga Rempang, Nusron Wahid: Apa Bedanya BP Batam dengan VOC? https://t.co/dVAxKNf01p",
"Kekhawatiran yang menyelimuti penduduk Pulau Rempang belum padam.   Sebab, Badan Pengusahaan (BP) Batam tetap melanjutkan rencana relokasi penduduk yang terkena dampak pembangunan Rempang Eco-City.  #KoranTempo  https://t.co/DUF5lIpbpc",
"Penyerobotan Tanah Warga Rempang, Nusron Wahid: Apa Bedanya BP Batam dengan VOC? https://t.co/BCADeGzzhQ https://t.co/UZHJ9OIRtC",
Keren nih mas nusron wahid bicara ttg rempang. https://t.co/0pHYFBqLZn,
"Penyerobotan Tanah Warga Rempang, Nusron Wahid: Apa Bedanya BP Batam dengan VOC? https://t.co/gOyccM2gTF",
@OmJ_JeNggot @alfatih212426 Rakyat Rempang Jangan mau di GESER apalagi di GUSUR.. Resiko makelar tanah yg sdh menjual Tanah tersebut tanpa persetujuan lebih dahulu kepada pemilik tanah Rempang. Rakyat harus melawan para makelar tanah siapa pun yg telah menjual tersebut… Kok enak ya jual2 tanah orang.. ✊💪,
Kunjungan airlangga di pulau rempang#airlanggahartarto #partaigolkar #golkarindonesia #golkarprabowo #prabowo https://t.co/8UEFeg5JcV,
@geloraco Menteri bahlul  itu harus mundur sdh menyusahksm masyarakat  dgn segala tipu daya pd mafyarakat rempang ....yg ternyata belum ada sertifikat izin dam Amdal dan nenaksakan masyarakat Rempang pindah dgn cara kasar dan  penidasan,
"Konflik Rempang Eco-city Berlajut, Giliran Nelayan Tradisional Tolak Investasi #TempoNasional https://t.co/0YxYrjcGLm",
"PSN Rempang"" diduga obyek KKN  berisi "" Persengkongkolan Jahat 'Investadi Bodong' "" ⁉️""",
Kepolisian didesak membebaskan 30 warga yang terlibat unjuk rasa terkait konflik agraria di Pulau Rempang. Sejumlah warga yang ditahan itu merupakan tulang punggung keluarga. #Nusantara #AdadiKompas  https://t.co/9Um0T5qP3H,
"Preman Bubarkan Aksi HMI Bela Rempang di Kementerian Investasi, GPI: Itu Tindakan Barbar https://t.co/yS0of8kD4L",
Kehangatan Airlangga di Rempang  #airlanggahartarto #golkarindonesia #kunjungan #dialog #masyarakat #tanjungbanon #pulaurempang #kotabatam #provinsi #kepulauanriau #rempang #batam #indonesia   AKU MENCINTAI KALIAN SEMUA https://t.co/wwCDMyQwTi,
Kepolisian didesak membebaskan 30 warga yang terlibat unjuk rasa terkait konflik agraria di Pulau Rempang. Sejumlah warga yang ditahan itu merupakan tulang punggung keluarga. #Nusantara #AdadiKompas  https://t.co/Oz0NNnH0K5,
@qwertyrm @KompasTV Rempang. Wadas. Tolol lu,
Setelah pak Prabowo bergabung dg rezim apakah berkurang ketidakadilannya? Beliau bilang bergabung dg rezim agar bisa berjuang dari dalam krn kalau oposisi tdk signifikan. Tapi hasilnya sama saja. Yg terbaru kasus Rempang 😫,
"Soal Rempang, Muslim Arbi Desak Menteri Bahlil dan Panglima TNI Mundur https://t.co/4GoBOqKjGS",
Ssstts..! Bahlil Ungkap Peran Tomy Winata di Proyek Rempang https://t.co/ApsVNyYYz0,
"Penyerobotan Tanah Warga Rempang, Nusron Wahid: Apa Bedanya BP Batam dengan VOC?  https://t.co/fCzGC1zUwa",
Masih melawan #Rempang Presiden @jokowi ? https://t.co/r2ReeXntlc,
"Penyerobotan Tanah Warga Rempang, Nusron Wahid: Apa Bedanya BP Batam dengan VOC? https://t.co/g0m2Gva9IB",
Nah! Tipu-tipu demi investasi. Sampai harus menggusur atau mengusir ribuan warga Rempang? https://t.co/AD8xv2MXBK,
Kepolisian didesak membebaskan 30 warga yang terlibat unjuk rasa terkait konflik agraria di Pulau Rempang. Sejumlah warga yang ditahan itu merupakan tulang punggung keluarga. #Nusantara #AdadiKompas    https://t.co/kgI8z718sj,
DPR Minta Bahlil Lahadalia dan Muhammad Rudi Selesaikan Konflik Rempang secara Humanis https://t.co/T6bYy1Otc2,
"Preman Bubarkan Aksi HMI Bela Rempang di Kementerian Investasi, GPI: Itu Tindakan Barbar - https://t.co/1DvPXJl6Vy",
Ini Kabar 35 Warga Didemo Rempang yang Belum Dibebaskan https://t.co/cpMf1yNCd7,
Bahlil Ungkap Warga Rempang Bakal Relokasi Mandiri https://t.co/dBpFLqYg21 lewat @YouTube,
@SeriDianawati @Gr4sssss @ghezi19 @sabar_setiabudi @Budi6gmail32922 @MOHDAHL01728541 Soal ijazah sembunyi tangan. Soal Utang berpangku tangan. Koruptor kaki tangannya. Soal Rempang lepas tangan. Soal Food estate cuci tangan.   Siapa dia? Pasti Sudah tahu semuanya.,
@tvOneNews rempang...itu jelas proyek titipan Tiongkok......hayo mau ngelak gimana?,
"@angkasaprabu89 @Humairah_922 Apa kabr Wadas, Rempang Galang, Kalbar, Kendeng, Morowali, Jambi, dll?  Masih aja kau bangga dengan para perampok uang rakyt itu?",
"@hc_poirot Bahlil mundur... yg lebih bahlul bakal maju dan pada akhirnya..., REMPANG lah yg tetap akan terusir. Bos si bahlil sih yg harus agak di tekan biar otak nya ada nge belain Rempang   #rempang",
"Gak ngikuti berita? Wadas, Morowali, Rempang, dll.... Kalau sudah lurus, pasti tak akan ada gejolak",
"@opposite6892 tampang sdh persis londo ireng , itu pengkhianat bangsa. @bahlillahadalia  nantinbuku sejarah yg akan datang , dia akan  tertulis sbg pengkhianat &amp  penindas rakyat. yg malu anak cucu keturunannya. dia semangat banget ngegusur eh ngegeser rakyat Rempang. kira2 dpt cuan brp ya ?",
"@narkosun Rempang itu jelas proyek titipan,krn dijadikan mangkrak slama 18 tahun dan br april 2023 dijadikan PSN stlh ada pertrmuan TW DGN MENKO PEREKONOMIAN AIR LANGGA",
"Pak Jokowi Mana Janji Sertifikat Kami"" bunyi salah satu spanduk penolakan relokasi saat Kepala BP Batam berkunjung ke Pulau Rempang. https://t.co/MKrXa0cGF6""",
"Inilah yg saya twittkan sejak awal tragedi rempang muncul,gaungkan secara internasional. Ini juga yg saya twittkan ke rekan perjuangan pulau komodo untuk menggaungkan secara internasional https://t.co/dmBS9fwNqJ",
"Ibu Yuliana, salah satu warga #rempang yang secara sukarela bersedia direlokasi dalam mendukung proyek Rempang Eco -City. . #investasiuntukrakyat #galang #rempang #kepri https://t.co/pTGX6Sst2n",
DPR Minta Bahlil Lahadalia dan Muhammad Rudi Selesaikan Konflik Rempang secara Humanis https://t.co/OqJPKP9DFj,
Semoga saodara rempang galang bisa hidup tenang dan damai seperti dulu https://t.co/VxSEJWlXv2,
"@PutihCongor @SangLangit01 @Hu5n4f412f424 Pp menyarankan menghadiri apel siaga, Kokam yogya tidak mengirimkan personal... Perbedaan pandangan dong.....? Terkait rempang dan syukuran IKN",
"Ustadz Bachtiar Nasir bocorkan dukungan Umat untuk Capres 2024. Menurutnya Anies, Ganjar, Prabowo jangan menjadi teladan kemusyrikan.  . Saksikan selengkapnya di youtube Abraham Samad SPEAK UP. . https://t.co/0x6etwHgqu . #AbrahamSamad #pilpres2024 #ustadzbactiarnasir #rempang https://t.co/RWN3y4yQQU",
"@tvOneNews Biar Bahlil jadi Bahlul terus kembali jadi Bahlil lagi, rakyat gak akan jual Rempang",
Rempang Mendunia ‼️ Teruslah Bersuara... Tak'kan Melayu Hilang Di Bumi. Cc @bahlillahadalia @jokowi @luhut_binsar @erickthohir @bpbatam  #SaveRempang  #SaveRempang https://t.co/0SEnCejUpt,
Menolak lupa  Mereka ingin segera mencabut izin lingkungan yang dikeluarkan oleh @ganjarpranowo  dan menghentikan kegiatan penambangan karst oleh pabrik semen yang dinilai merusak lingkungan   @Gus_Raharjo #rembang non #prabowo https://t.co/9PTTFWotyA,
Bahlil Tukang Tipu! Proyek Rempang Belum Kantongi AMDAL!  https://t.co/KAv0yBSHyy,
Menko Airlangga Jamin Pergeseran Pemukiman Warga Rempang Aman dan Berkelanjutan  https://t.co/2cj6DmC7or,
"@GomarusBudiatn4 @tvOneNews @jokowi Ini kenyataannya: 1. Rempang=ribut macam masalah 2. KCIC=biaya membengkak, pakai APBN, Bunga naik 3. IKN=HGU 190 th. 4. BTS=Korupsi Menteri pem. Jokowi 5. Tol=Korupsi 6. Wadas=problem dg warga 7. Food estate=gagal  Masih banyak lagi nih...",
Gegara liat video ini saya jadi ingat warga Rempang https://t.co/A3JxVuoWu2,
"Bismillah  Belasan warga Rempang Ibu² &amp  anaknya didampingi Tim advokat Ke Mapolresta Barelang.  Mereka kesana mengajukan permohonan pembebasan 30 orang keluarganya yg ditahan Polisi, yg terakhir kabarnya sdh dijadikan tersangka (03/10/2023)  Astaghfirullah 😔  #SaveRempangBatam https://t.co/O58HIHS422",
DPR Minta Bahlil Lahadalia dan Muhammad Rudi Selesaikan Konflik Rempang secara Humanis  Selasa Whoosh APBN Prabowo Takut Debat Fraksi PKS Macan Dear J Kades Laos Amanda Manopo Jodie Hamil Miftah Denny Caknan Enzy #AniesMuhaimin2024 #TembakauDizalimi https://t.co/tPjW2Tc7Km,
Ini Kabar 35 Warga Didemo Rempang yang Belum Dibebaskan  Selasa Whoosh APBN Prabowo Takut Debat Fraksi PKS Macan Dear J Kades Laos Amanda Manopo Jodie Hamil Miftah Denny Caknan Enzy #AniesMuhaimin2024 #TembakauDizalimi https://t.co/gewbHCU2M2,
@ganjarpranowo Pak Ganjar besok Jateng dibikin ya pak Jogja Semarang Cilacap Solo Rembang Tegal Pemalang biar semua bisa wooosh,
"@rmol_id Yg warga asli rempang adem ayem, yg jauh disana pada ribut. Seperti kasus proyek Semen Gresik di Ds Tegaldowo kab  Rembang Jateng. Warga Tegaldowo pada senang karena ganti Untung, Yg demo Waga kab Pati Jateng. 😀😀😀😀",
"Menolak Konsultasi AMDAL, Warga Pulau Rempang Bentangkan Spanduk Penolakan: Kami Menangis!  Selasa Whoosh APBN Prabowo Takut Debat Fraksi PKS Macan Dear J Kades Laos Amanda Manopo Jodie Hamil Miftah Denny Caknan Enzy #AniesMuhaimin2024 #TembakauDizalimi https://t.co/FctyIX4Zx9",
"Harus Pak Jokowi yg blusukan langsung ke Rempang, agar jadi legacy yg baik diakhir periode..",
"MENOLAK LUPA   Rembang, disana rakyat rembang demo berjilid jilid kepada gubernur  @ganjarpranowo  tidak ada respon   Orang macam ini kok mau nyapres @Gus_Raharjo   #rembang #semen https://t.co/7OUK4NqZIV",
"#TemanPemilih KPU Kabupaten Rembang menerima pengajuan perubahan rancangan Daftar Calon Tetap (DCT) Anggota DPRD Kabupaten Rembang pada Pemilu serentak Tahun 2024 oleh Partai Politik peserta Pemilu di Kabupatan Rembang, Selasa (3/10/23)  #kpumelayani #pemiluserentak2024 https://t.co/Iq3k0rwEIN",
"#TemanPemilih KPU Kabupaten Rembang menerima pengajuan perubahan rancangan Daftar Calon Tetap (DCT) Anggota DPRD Kabupaten Rembang pada Pemilu serentak Tahun 2024 oleh Partai Politik peserta Pemilu di Kabupatan Rembang, Selasa (3/10/23)  #kpumelayani #pemiluserentak2024 https://t.co/dGwizGnnva",
"Konflik Rempang Eco City Terus Berlanjut, Nelayan Menolak https://t.co/P9M6FRnY2g",
"@Dwynna_Win apa analisismu terhadap kebijakan pulau rempang? adakah kaitannya dengan perang di kawasan laut utara?""""",
@CNNIndonesia Justru dpr harus bikin panja untuk rempang apakah sudah bener,
@temponewsroom Presiden harus berani..tidak mau diatur negara lain.. Lah itu Rempang.. kok manut sama cina Lah IKN kok nurut teken hgu 190 thn.. Kereta cepat hrs pke Apbn.. kok nurut ja.. dimana beraninya ??,
🙏pak Nusron🙂👍 Rempang Galang Rambu Anarki 🙏 @iwanfals 🤲🙂🇮🇩 bukan ujung aspal pondok gede lagi...tapi pulau mo dijual manusia 1/2 gila.. #UsirTKAChinaUnfaedah  #UsirTKAChinaUnfaedah,
@bobby_risakotta Rakyat rempang gimana???,
@CarolinaDa2675 Contoh rempang amdalnya belum ada,
Mensejahterakan masyarakatnya - #Rempang  #indonesia #IndonesiaMaju  - - https://t.co/sJfH24C6qW,
Kembali ke Rempang  Semoga saudara²ku baik2 saja disana.,
"@hc_poirot Nampaknya, Opsi Mundur itu lebih baik' dan Sangat Cocok Utk Pak Bahlil yang Bahlul....  Terimakasih, teman2 Anggota DPR RI, yg telah menyambung lidah bagi Saudara-saudaraku di Rempang-Batam. Semoga Proyek Investasi di Rempang-Batam di Batalkan...",
@narkosun Rempang.....,
"@CNNIndonesia Yang tegang cuma adek-kakak dari rembang doang,yg laennya sih woless ae",
"@AndiSinulingga Keren,, baru kali ini sy kagum sama baoka ini,,  Bela rempang",
Kiai Enha: AWAS!!! ADA HTI MENUNGGANGI KASUS REMPANG  Full Video Youtube: https://t.co/5wLlaAMVSS https://t.co/XxezyEp0ca,
"@opposite6892 Di Rempang, TNI &amp  Polri gak berantem koq. Malah bersatu padu utk tujuan Memiting""..?  https://t.co/QpWGsP9rhq""",
"Xinyi Garap 10 Proyek Rp174 Triliun di Pulau Rempang, Ini Daftarnya https://t.co/1lsddQOCk1",
"Selasa Sore Nusron Wahid : Apa bedanya BP BATAM dg VOC ‼️  X ini sy sangat sependapat dengan kang Ucon 🔥 - 2 Oktober #PemimpinCerdas #SaveRempangBatam #Rempang #Rempang #SaveRempang #AniesMuhaimin2024 #AMINIndonesiaLebihBaik #AMIN2024 #AsianGames2023 #AsianGames #earthquake https://t.co/N9JTqUY5hL""",
@Chynthia_K @ekowboy2 Kalau bukan titipan apa bisa heboh di Rempang.. bentrok dan diusir warga..,
@Bambangmulyonoo Apa yang Mana nista.. hoaxs atau prank.. Yang janji kampanye pilpres dibatam-rempang kasih sertifikat dalam waktu 3 bulan..?,
@alisyarief semoga gibahin Rempang 🤣,
"Rempang jangan mau tanah mu dirampas walau hanya sejengkal""""",
"@tvOneNews Rempang eco city masuk PSN, proyek milik Tommy Winata, Luhut, Eric Tohir dan Pengusaha Tiongkok",
Reaksi Menteri Bahlil saat Dicecar DPR tentang Kasus Rempang #TempoBisnis https://t.co/C2chh3btnN,
putri ariani kades keras kdrt lesti x please petualangan sherina 2 angel eyes kepsek megumi perokok fisip ui bocah ice cold es krimnya taka gaji rempang niki ciuman pagi-pagi irene dante kiko cctv cilacap cpns gojo mba nana ✨Outer Wanita Premium https://t.co/tpXDwCJHV1 https://t.co/4yzRiamJ7T,
Kepala beserta jajaran pegawai Kantor Pertanahan Kab. Rembang mengucapkan Selamat Masa Purna Tugas kepada Bapak Sarwan.  Terimakasih atas pengabdian dan dedikasinya selama bekerja di Kantor Pertanahan Kab. Rembang.  #KementerianATRBPN  #KantahKabRembang  #ATRBPNKiniLebihBaik https://t.co/qqQYlrt7Wp,
@wawananwar12 @JihaanGita yakin? wkwk kok bibib rijik masih gitu aja kemakan hoax rempang wkwk,
#AniesPresidenRakyatRI Rempang,
#AniesPresidenRakyatRI Rempang,
#AniesPresidenRakyatRI Rempang,
#AniesPresidenRakyatRI Rempang,
@Nicho_Silalahi Tanah Rempang bukannya buruh 🤣🤣🤣🤣🤣🤣ini videonya pembela Tanah Rempang buruhnya provokator ....,
#AniesPresidenRakyatRI Rempang,
#AniesPresidenRakyatRI Rempang,
@blackshark_7890 kan ada big boss yg pegang ormas2 preman di salah satu pemegang saham eco rempang city.,
#AniesPresidenRakyatRI Rempang,
#AniesPresidenRakyatRI Rempang,
#AniesPresidenRakyatRI Rempang,
#AniesPresidenRakyatRI Rempang,
#AniesPresidenRakyatRI Rempang,
#AniesPresidenRakyatRI Rempang,
#AniesPresidenRakyatRI Rempang,
"@jakpost Indonesian Forum for the Environment(Walhi) highlighted the risks of environmental impacts fr Rempang Eco City National Strategic Project(PSN) in Batam, Riau Islands.Especially if Xinyi Group, an investor fr China,realizes the investment &amp  builds a quartz sand downstream facility",
#AniesPresidenRakyatRI Rempang,
#AniesPresidenRakyatRI Rempang,
#AniesPresidenRakyatRI Rempang,
#AniesPresidenRakyatRI Rempang,
#AniesPresidenRakyatRI Rempang,
#AniesPresidenRakyatRI Rempang,
#AniesPresidenRakyatRI Rempang,
#AniesPresidenRakyatRI Rempang,
#AniesPresidenRakyatRI Rempang,
#AniesPresidenRakyatRI Rempang,
#AniesPresidenRakyatRI Rempang,
@narkosun Lah rempang itu apa...kamu hidup di goa mungkin mas,
#AniesPresidenRakyatRI Rempang,
#AniesPresidenRakyatRI Rempang,
#AniesPresidenRakyatRI Rempang,
#AniesPresidenRakyatRI Rempang,
"@tvOneNews Kenapa ngotot investasi di Rempang???, banyak pulau lain, pasti ada tipu menipu nih.",
#AniesPresidenRakyatRI Rempang,
#AniesPresidenRakyatRI Rempang,
"@hc_poirot harusnya KAPOLRI menangkap pejabat satu ini atas ulahnya Anggota TNI POLRI berhadapan scr brutal dg warga masyarakat rempang, gak pakai lama.  #KPK #PPATK #MAKI #Kapolri #PanglimaTNI #KomnasHam #Ombudsman #KPAI",
#AniesPresidenRakyatRI Rempang,
#AniesPresidenRakyatRI Rempang,
Rezim jkw merampas tanah rakyat Rempang yg sdh di huni 1930 &amp  makam th1800 an,
@CttnDmkrs Rempang mana rempang,
Bagaimana kalo Rempang sudah di kuasai..  Apa yang terjadi..??  Jaga negeri 🇮🇩,
"@msaid_didu Rempang belum selesai ndro,,  Masa isu lama dan murahan yg dinaikkan lagi,,🙄  Buakakakkk,,😁 Kurcaci kasihan banget,, tiap hari cari bahan buat bikin isu miring,,🤭",
"TVR 120 - Komisi II DPR RI : BP Batam Belum Kantongi HPL Pulau Rempang  Komisi II DPR RI  menyoroti Bp Batam, yang belum mengantongi sertifikat Hak Pengelolaan Lahan Pulau Rempang, terkait proyek pengembangan rempang Eco City.  #tvrparlemen #dprri #tvr120 https://t.co/irvTCKasno",
"@geloraco Emang tak diselesaikan kuliahnya di UI jurs sosiologi di semester atas, krn sibuk di PMII Depok (ketua), selanjutnya ketua DPC PKB Bandung  Pulang ke Rembang, nyalon wakil bupati, lolos. Lalu anggota DPR RI 2x. Ketua Ansor  Kekurangannya dimana Jokowi ambil dia sbg menteri agama",
"Tanggapi Persoalan di Rempang, DPR: Relokasi Kawasan Harus Dilakukan Secara Bermartabat https://t.co/RL6aPI2Jm0",
"Rapat dengan Menteri Bahlil, Nusron Wahid semprot penyerobotan tanah Rempang: Apa Bedanya BP Batam dengan VOC?"" https://t.co/kJp39JzuSi""",
"Komplek situs perahu kuno Rembang kini telah dilengkapi dengan museum mini, Ada Apa Aja..? https://t.co/eIUGsUrqeI",
putri ariani kades keras kdrt lesti x please petualangan sherina 2 angel eyes kepsek megumi perokok fisip ui bocah ice cold es krimnya taka gaji rempang niki ciuman pagi-pagi irene dante kiko cctv cilacap cpns gojo mba nana ✨Gamis Polos 🔗https://t.co/wCUuioSahm https://t.co/v2WA3LVFIz,
"@hc_poirot bener kan diancam mundur kalo rempang gagal..emang sadis rezim kalo nggak sesuai maunya diamputasi kalo terjerat hukum yg borok asal organisasi atau partai,  yg beri perintah bersih , toh KPK dibawah telunjuknya.",
"@tvOneNews Nah, kenapa pemerintah ngotot buat di Rempang? Apa sudah kadung terima panjer buat logistic pemilu.",
@aly_benzema @bahlillahadalia Ombudsman ungkap bukan 300 kk tapi hanya ada 3 kk yg setuju penggusuran di Rempang https://t.co/EHJfIoTrWk,
"@tvOneNews Yg bilang Pak Anies cuman omong doang ditanya data ga ada. Sini” kita kasih contoh noh Rempang. Amdal blm ada, sertifikat hpl Batam blm ada, tiba” dlm waktu yg sangat kilat udah jadi PSN. Sosialisasi ga ada, tiba” dah main gusur aja 😂 Disinilah kadang letak sisi gelap PSN wkwkwk",
"Silaturahmi ke Ponpes di Rembang, Anies Diberi Tongkat-Menilik Kamar Mbah Maimun #rawabunga #jatinegara #jakartatimur  https://t.co/mkfFEHDe8p",
@dwioktariyadi jangan sampai kita terprovokator terhadap oknum oknum yang tidak bertanggung jawab atas kasus rempang,
@dwioktariyadi semoga pemerintah memberikan perlindungan dan hak hak yang sepatutnya diberikan kepada masyarakat rempang,
@dwioktariyadi semoga daerah daerah lain tidak ikut terprovokasi mengenai kasus rempang,
@awank2017 Jangan-jangan dia tidak tahu di mana Pulau Rempang sebelum kasus ini muncul.,
@dwioktariyadi jangan sampai konflik Rempang membuat kita terpecah belah kedepannya,
@dwioktariyadi semoga konflik rempang segera berakhir dan segera damai,
"@DoankWarto Udah dibilang Rempang, ikn..",
Saya doakan nyungsep 7xlipat sengsara hidupnya yg merampas hak rakyat rempang,
BLUNDER JOKOWI..!! INIKAH PENGKHIANATAN NEGARA PADA RAKYAT REMPANG?? HASIL KERJASAMA DENGAN XI JINPING? https://t.co/tGCa8hI98M,
@kompascom Eco city investor terbesar di Rempang apa yg diuntungkan untuk negara selama ini tdk pernah terungkap pd masyarakat ya?. Kalau di Vietnam jelas comtohnya ppn selama paling sedikit 10th..pedapatan investor selama 20 th 85% tdk boleh diambil dibawa keluar negeri,
"DAHSYAT!!! SEBUT REZIM BIADAB, KAMI SERUKAN REFERENDUM JIKA PEMERINTAH TETAP NEKAT USIK WARGA REMPANG https://t.co/EXYGniZ09z",
"Update Investasi Rempang, Kepala BP Batam Hadiri RDP Komisi VI DPR RI https://t.co/ogspnVnZkU",
"@kasintayuraaa Salah satu desa di kabupaten sy tinggal.  PURBALINGGA, INFO – Desa Karangbawang Kecamatan Rembang terpilih mewakili Kabupaten Purbalingga menuju predikat desa antikorupsi.",
@K1ngk0ngR3b0rn6 Bahlul ngibul membahayakan rakyat Rempang  #UsirTKAChinaUnfaedah  #UsirTKAChinaUnfaedah,
Bahlil Lahadalia: Proyek Rempang Eco City tidak akan menggunakan APBN. https://t.co/DpAnneNq6O,
Dialog Pak Menko dengan Masyarakat Rempang.  @airlangga_hrt @golkar_id   #AirlanggaHartarto #GolkarIndonesia #Golkar #GolkarPrabowo #Prabowo #Rempang #PSN https://t.co/vy3U4QJtsI,
@MarahIchsan Siapa lagi pemainY klo bukan s jk... Denger2 rempang yg ngacak2 dia juga,
"@RomeoWalker19 Kaya g tau maenanY s jk aja bro...denger2 rempang juga d acak2 ma s jk juga. yg pake bendera item dh pada kenyang, klo koar2 nti lapar lagi.",
Waduh ada dugaan korupsi dan investasi bodong di #Rempang ?  https://t.co/6Td8VGzjQQ,
"Kementerian PUPR akan membangun infrastruktur dasar di kampung baru warga terdampak proyek Rempang Eco City.  Infrastruktur yang dimaksud meliputi sanitasi, sekolah, puskesmas, jalan desa, pelabuhan, tempat ibadah hingga pesantren. &lt  #Properti #Rempang  https://t.co/Hrm0chhSHF",
"@tvOneNews Sudah kuduga kan, terus selidiki dan di hukum mati, , , terimakasih warga rempang telah melindungi tanah kelahiran Indonesia di rempang, perjuangan mu tidaklah sia-sia insyaallah dilindungi",
"Apel ini diikuti oleh seluruh pegawai Kantor Pertanahan Kab. Rembang, diantaranya PNS, PPPK, PPNPN, dan ASK.  #KementerianATRBPN  #KantahKabRembang  #ATRBPNKiniLebihBaik  #ATRBPNMajudanModern  #MelayaniProfesionalTerpercaya https://t.co/VXTDmLDWAt",
"Warga Pulau Rempang Mau Digeser, Asalkan Tanpa Aparat https://t.co/AIWZVot6iZ",
"Halo #SobATRBPN ,  Selasa (03/10/2023), telah diadakan Apel Rutin di Halaman Kantor Pertanahan Kabupaten Rembang dengan Bapak Pramono Budi Aji, https://t.co/aGfvuWPXra sebagai pembina apel. https://t.co/hf6gTSGEnq",
@Ronnie_Rusli @tvOneNews @didienAZHAR Kalau begitu sebaiknya kasih kesempatan investor masuk di Rempang agar bisa menyusul Singapore,
"@msaid_didu Dijual ajach kayak pulau rempang, pulau Rempang tanpa beban dijual dg usir gusur rakyat, kereta cepatnya @jokowi jual ajach spt jual tol layang MBZ habis dijual ganti nama jd kereta cepat Khu Bi Lai Khan biar ndak jadi beban rakyat!!!! Ngak papa jual rugi ajach hahaha",
@narkosun Katanya yg akan investsi di Rempang pabrik kaca no.2 terbesar di dunia dari China.. Gak ada tuh namanya... Ini salah satu indikasi titipan https://t.co/zFTbnxgCHk,
"TEGAS! Menolak Konsultasi AMDAL, Warga Pulau Rempang Bentangkan Spanduk Penolakan: Kami Menangis! https://t.co/FctyIX4Zx9",
"Menolak Konsultasi AMDAL, Warga Pulau Rempang Bentangkan Spanduk Penolakan: Kami Menangis!  Selasa Siang Whoosh APBN Prabowo Takut Debat Dear J Kades Laos Perokok Amanda Manopo Jennie Jodie Hamil Miftah Denny Caknan #AniesMuhaimin2024 #TembakauDizalimi https://t.co/FctyIX4Zx9",
"NAHLOH! NCW Ungkap Ada Indikasi Korupsi dalam Pembangunan Rempang ECO City, Ini Hasil Penyelidikannya Selasa Siang Whoosh APBN Prabowo Takut Debat Dear J Kades Laos Perokok Amanda Manopo Jodie Hamil Miftah Denny Caknan #AniesMuhaimin2024 #TembakauDizalimi https://t.co/pYYeMJrhPv",
"@nizaminz @tempodotco Lah terus Mau Lu siapa ? Hansip gitu ? Aneh juga pemikiran Lu, mereka TNi Polri itu ya melaksanakan tugasnya sebagai Pengamanan, justru itu agar Halal gajinya mereka karena Bekerja sesuai bidangnya, coba gimana kalo gada yg ngamanin ? Bisa hancur lebur tuh Rempang, kacau Balau",
"Meng Atas nama kan Rakyat..  Ternyata Untuk Memperkaya Para Kingkong OLIGARKI.   👉Itulah yang PSN.   Rakyat sendiri Di Gusur, Di Usir.   Tetap Miskin.. Walaupun ada Ganti Rugi.  Xixixixi🤣🤣🤣.  Jaga Rempang.",
Kondisi Pulau Rempang Terkini: Perempuan Terus Suarakan Penolakan Penggusuran #TempoNasional https://t.co/XaYoK3S9af,
@NGM_007 @MprAldo Nah! Itulah yg gue bilang Rempang trs disulut trs.,
"Nasional Corruption Watch Temui 7 Kejanggalan di Proyek Pulau Rempang, Apa Saja?  Selasa Siang Whoosh APBN Prabowo Takut Debat Dear J Kades Laos Perokok Amanda Manopo  Jennie Jodie Hamil Miftah Denny Caknan #AniesMuhaimin2024 #TembakauDizalimi https://t.co/E5jjPSxrCP",
"TEGAS! Soal Rempang, Muslim Arbi Desak Menteri Bahlil dan Panglima TNI Mundur  Selasa Siang Whoosh APBN Prabowo Takut Debat Dear J Kades Laos Perokok Amanda Manopo Congratulations Jennie Jodie Hamil Miftah Denny Caknan #AniesMuhaimin2024 #TembakauDizalimi https://t.co/4xOIHpm0mR",
Ssstts..! Bahlil Ungkap Peran Tomy Winata di Proyek Rempang  Selasa Siang Whoosh APBN Prabowo Takut Debat Dear J Kades Laos Perokok Amanda Manopo KLIK LINKNYA Sekarang Congratulations Jennie Jodie Hamil Miftah Caknan #AniesMuhaimin2024 #TembakauDizalimi https://t.co/1358jgVY7q,
"Soal Investasi di Rempang, Bahlil Bantah Anak Emaskan Investor China https://t.co/pxgSxIOeb0",
"Eh  Di 2023 ini, distraksi terbesar sebenernya bukan rempang, tapi ada dua yg terjadi dekat G30S  - penahanan artis kena Judi Online dan kasus duta judol, ini terjadi stlh issue Rempang agak mereda - tiktok shop",
Tanggapan ade armando tentang Channel Youth-TV  Panas Virly Virginia Bromo Indonesia Adulting Majalah Bobo Lucas KDRT Rempang BECKY IS COMING HOME Yesus Kristus Berkedut   #YTVPSI https://t.co/JCbH8LAOWL,
Terimakasih atas penilaian yang anda berikan. Masukan anda sangat bermanfaat untuk kemajuan unit kami agar terus memperbaiki dan meningkatkan kualitas pelayanan bagi masyarakat.  #rembanggemilang #dpmptsprembang #ikm #mudahberizin #pelayananprima https://t.co/n9CL35jjQv,
@CNNIndonesia Ini orang apa maling Kundang ya..ko ngebet bgt soal Rempang...jangan2 ini suruhan lgi,
"@HisyamMochtar Klo Rempang sudah viral sampai luar negeri, baru deh elite politik kita kelimpungan bikin rencana membahas nya....",
@Ayah_Nahl @rmol_id Orang rempang patungan untuk bayar demo...?,
"@tempodotco Kemarin Rempang akan jadi pabrik kaca terbesar di dunia, ternyata hoaks. Sekarang kereta cepat pertama di asean katanya.... Mari cari data!",
@hasyimmah Menarik ini Saya lebih populer dengan mencoba mengikuti pengajian virtual Gus Baha yang menurut saya bisa sedikit memberikan sudut pandang yang sesuai dengan pernyataan mas hasyim As soon as possible Insyallah bisa dtg ke rembang utk ketemu beliau,
@tvOneNews tinggal tunggu aja berita beberapa tahun kedepan pasti ada korupsi nih di kasus rempang. gak jauh2 dari yang koar2 pelakunya,
"DIMARAHI HABIS-HABISAN OLEH ANGGOTA DPR SOAL REMPANG, BAHLIL SIAP MUNDUR!! https://t.co/NAlG8d6nff",
NCW Ungkap 7 Temuan Janggal Sengkarut Investasi PSN Rempang Eco City https://t.co/2iZTkrsn2F,
"@Xutegrl__ Aku mo ngangkat rempang ini beb, tp yaallah ngantuk kali rasanya buka file 🤣",
"nyegat bus ada panda patas lewat trus menepi  👦🏻 ning ndi? 🧕🏻 ora pak, ora 👦🏻 lha arep ning ndi? 🧕🏻 ora pak, mung rembang kok 👦🏻 yo ayo munggah, biasa iki 🧕🏻 (masih blm yakin) piro pak? 👦🏻 15  🧕🏻 tenan lho yo 👦🏻 iyo ya allah, ndang munggah  wkwkwk naik patas nawar 😂🤣",
"@Okta_Roza @tijabar masa? pura2 memperjuangkan Pancasila, ujung2nya khilafuck kan?? nih contohnya saat kisruh di pulau rempang. gk usah nipu di balik agama. saya tanya negara mana yg makmur dengan penerapan khilafuck?? sebutkan satu saja. https://t.co/GWjsTTB3hj",
"Preman Bubarkan Aksi HMI Bela Rempang di Kementerian Investasi, GPI: Itu Tindakan Barbar  Selasa Siang Whoosh APBN Prabowo Takut Debat Dear J Kades Laos Perokok Amanda Manopo Jennie Jodie Hamil Miftah Denny Caknan #AniesMuhaimin2024 #TembakauDizalimi https://t.co/QgO8o5J6Mn",
Permasalahan Rempang Menjadi Sorotan Dunia 🌍✊🏼 @UNHumanRights @UN https://t.co/8rNLQ9ZapQ,
@ruhutsitompul rempang tu titipan sp ruhut😂,
"@MardaniAliSera Mengjaga kepentingan yg mana, rakyat di rempang di gusur ,mana suarau",
@KompasTV Masyarakat Indonesia khususnya Rempang percaya sama omongan bohong/dusta Bahlil bahlul,
Warga rempang seperti hidup di jaman penjajah  https://t.co/ISWTnjkFPF,
"@CNNIndonesia Polri kok gak tangkap pejabat ini orang, sdh jelas2 bukti dilapangan belum ada nya AMDAL, kok bs2 nya KLAIM sdh beres sehingga pengerahan POLRI/TNI terjadi kerugian masyarakat asli REMPANG",
@kompascom Bait terakhir 'suara warga pulau rempang perlu d dengar dan d hargai' 🤣🤣  ini mirip cebok dulu baru berak,
@MARQUEZ__93 Rempang,
"@geloraco pasca prngakuan kesalahan proses dalam case rempang, maka semua harusnya dibebaskan tanpa syarat  bukan mereka pemicu PMH, tp pemerintah sendiri dan juga sudah diakui  jadi kapan mau dibebaskan pak @ListyoSigitP ?",
"Airlangga kunjungan kerja ke rempang kepulauan riau, Batam dalam proyek nasional yaitu Rempang Eco City. @airlangga_hrt  #airlanggahartarto #golkarindonesia #golkar #golkarprabowo #prabowo #proyeknasional https://t.co/DeoTIimpNZ",
@tempodotco Swasta alias modal aseng bentar lagi lu jual rempang.,
@batamtoday Memang Miskomunikasi.  Untung Aku Cepat Publikasikan Di Twitter Ini. Aku Jelaskan Sejelas-jelasnya. Baru Reda Dikit!  Orang2 Yang Dendam Terhadap Pemerintah &amp  China Menjadi Provokator &amp  Menyulut Api Hati Warga Rempang.😏  @jokowi  @bahlillahadalia  @luhut_binsar  @TjahjantoHadi,
"Sungguh kasihan banget liat rakyat  yg tinggal dirempang, mau di usir dari tanah kelahirannya Padahal rakyat rempang sudah ada sebelum indonesia merdeka  https://t.co/WuwJsahVfx",
Ini tuh kepentingan dia ama sama rempang? Ga ada amdalnya loh...,
@KakekHalal Ente Kurng ngaca juga 🤣👇👇 Rempang itu Termasuk (PSN) ap bukan ? https://t.co/dIv7Z1GYo9,
"@narkosun Coba dibantah ini analisa nya. Kita bisa lihat di Rempang gimana contoh eksekusi PSN yg acak²an. Yang diuntungkan siapa? TW sebagai pemilik HGU,  Yang butuh PLTS? Luhut. Buat siapa listriknya? Singapura.  Sumber 1: https://t.co/NzkMHcDXlh https://t.co/U87nYY7bGI",
Bahlil: Tidak Ada Perlakukan Khusus untuk Investasi Rempang https://t.co/MbGXzd0Jw4,
"@Ronnie_Rusli @tvOneNews @didienAZHAR Yang jelas Rempang mau di kuasai dan diambil paksa dengan biaya / ongkos semurah murahnya, naif sekali rezim ini",
Bahlil Ungkap Awal Mula Konflik di Rempang Dipicu Miskomunikasi https://t.co/J7a5zfvzMG,
"pasti ad mau ny, hati2 warga rempang ini adalah permainan orang2 munafik",
Komisi IV DPR RI Minta Kementerian Investasi dan BP Batam Buat Skema Penyelesaian Konflik Pulau Rempang https://t.co/mnJGNGpbP9,
@duniabulat5 @ekowboy2 @tvOneNews PSN TITIPAN ITU KASAT MATA DI REMPANG - AMDAL BLM ADA - LANGSUNG DIBUAT PSN - SERTIFIKAT HPL BP BATAM TDK PUNYA - MAIN GUSUR,
Investment Minister Bahlil Lahadalia has conceded that adjustments will be made to the deadlines for the relocation of residents and construction timeline of the Rempang Eco City project. #jakpost https://t.co/445ReKz7RL,
@CNNIndonesia Kalau DPRRI berwibawa harusnya bikin pansus atas terjadinya kekerasan di Rempang,
Kunker Menko Airlangga Ke Rempang  #airlanggahartarto #golkarindonesia #jokowi #golkar #kerjauntukindonesia #pemilu #capres #fyp #foryourpage #viral #trending #ganjarpranowo #aniesbaswedan #prabowo #golkarprabowo #Rempang #Batam https://t.co/IPKMxyvU70,
"@tempodotco Rezim pdip mmg ambyar. Nasionalisme hanya ditaruh alas kaki.  Jual pulau juga tdk ada di konstitusi, mau jual pulau? Pantes rakyat Pulau Rembang kalian lakukan seperti ini. Bahaya sekali klo Rezim PDI-P berkuasa lagi.",
"@Ridwan_noer @VIVAcoid Sama yg rempang jelas banget Mou baru juli, amdal ga ada, studi kelayakan ga ada, hpl belum terbit , ngusir warga udah duluan tp tempat relokasi belum ada.",
@tvOneNews Pokoknya bela habis-habisan warga rempang dari perampok tanah kehidupan mereka. Sudah saatnya rakyat menang dari penjajahan berkedok investasi dan PSN,
"Bahlil Bantah Main Uang di Proyek Rempang Eco City: Kalau Ada, Saya Berhenti jadi Menteri! https://t.co/lkI0ZsrdTQ",
Babak Baru Kasus Pulau Rempang *NCW Ungkap Persekongkolan Jahat Perusahaan Xinyi Grup Asal China*  https://t.co/USVhclVct9,
Warga Belongkeng Rempang Kembali Gelar Aksi Tolak Relokasi https://t.co/VdtGLYnAZm https://t.co/63iRovLau9,
"@narkosun Mobil listrik, rempang",
"@KompasTV Rempang apa kurang jelas lagi itu titipan siapa, warga digusur pdhal belum ada amdal, belum ada studi kelayakan, tempat relokasipun belum ada, hpl belum terbit,   katanya yg stuju 300kk pdhal hanya 3 kk, apalagi yg kau dustakan",
"@tvOneNews Masih di hold kan warga rempang itu, semoga makin ga jadi Karna makin dikuliti ketidakbenarannya",
"@kumparan Ayooo, kader @psi_id , beranilah bersuara, kritisilah:  1. Utang yg menggunung 2. KPK yg dilemahkan  3. Korupsi yg merajalela 4. Pemerintahan yg korup (6 menteri) korupsi 5. Proyek yg bermasalah: Rempang, KCIC, IKN, Bts, Wadas, dll",
@Migran_TV_7777 @jokowi Ingatlah ketika kecil tinggal dipinggir Kali pepe tergusur opo ora sedih Pak @jokowi ?  Demikian pula warga asli rempang tanah tumpah darah leluhurnya mau digusur China Tiongkok dengan collaborator pedagang encek2 yang hanya mengandalkan bekingan saja untuk mengeruk keuntungan.,
Pemerintah mengklaim investasi Xinyi International Investments Limited atau Xinyi Group di proyek Rempang akan masif.  https://t.co/hBGFkwghdD #mediadigitalcpp #indotvlive #xinyi #rempang #pulaurempang https://t.co/MMqFD18s6M,
ini kata ibuku mah dlu ortunya ibu ngabisin uang buat bolak balik haji demi bisa meninggal di madinah. ujungnya juga meninggal di rembang sih😃,
REMPANG JANGAN LEPASKAN TANAH ULAYAT MU WALAUPUN ITU HANYA SEJENGKAL.!!!   BANGKIT DAN MELAWANLAH RAKYAT INDONESIA.!!! https://t.co/aJFVRTfxAH,
"Menteri Investasi/kepala BKPM, Bahlil Lahadalia banjir cemooh dan kritik.   #bahlil #Rempang #RempangMelawan #saiddidu https://t.co/QK9SbYlWTX",
"Tercemar Debu Perbaikan Jalan Pantura, Petani Garam #Rembang Gelar Aksi #klikRMOL https://t.co/oTPX4tulEK",
"@OposisiCerdas Pak Presiden @jokowi , dari hasil audit NCW proyek pulau Rempang penuh aroma bangsat dan bajingan.  Sudah begini telak kenapa pak Bahlil masih ngotot mau menggusur warga? Ada apa?",
"Minta persetujuan relokasi sama warga asli Rempang om, bukan sama anak SMP.",
@detikcom Contoh kasus ada pada psn rempang dan kereta cepat. Jwwabannya,
Ini Kabar 35 Warga Didemo Rempang yang Belum Dibebaskan  https://t.co/0SbYgKEJB9 https://t.co/gGWRvPJ0US,
Bahlil: Kami Berjiwa Besar Akui Ada Keliru soal Rempang  &lt  #Rempang #BahlilLahadalia #KonflikRempang https://t.co/K9zcZrSirI,
@tvOneNews Apakah PSN di Rempang merupakan titipan pihak-pihak tertentu seperti yang disampaikan Pak Anies Baswedan.,
@Kanseulir @bahlillahadalia Di ambil pasir Rempang lalu ekspor ke Spore sdh banyak untung,
"@ryaansop @HeyNopalll @don_julR @RandomWorldWar @SETYOELA Bagus warga lokal kesabaran setipis tisu, demokrasinya sehat.  Indonesia 130+ mati di Kanjuruhan, seklompok pemuda FPI dibunuh aparat, tanah Rempang digusur, pengadilan selesai tanpa bukti, pada diem semua, itu sabar apa dibodohi?",
"35 Warga yang Terlibat dalam Demo Rempang Masih Ditahan, Salah Satunya Ajukan Penangguhan Penahanan https://t.co/iMR0w0RxoF",
@Miduk17 @danz_sympony Jual calon presiden kok jual orang  miskin..  Jual calon presiden itu jual prestasi..   Walopun calonnya tajir melintir kalo rekan jejak bagus yg jadi pilihan..   Jojowi dulu ceritanya miskin di gusur..  Sekarang malah gusur REMPANG..  Gusur WADAS..   Jangan bodoh permanen,
"@BiLLRaY2019 Kami gak butuh naik gunung, kami gak suka presiden boneka banteng lagi. Rempang menderita",
"Sebagian Benar, Konten Berisi Video Ustad Abdul Somad tentang Warga Pulau Rempang #TempoCekFakta #CekFakta https://t.co/3vQ1mDedWb",
"*Keliru Tangani Konflik Pulau Rempang, Muslim Arbi Minta Bahlil dan Panglima TNI Mundur*  https://t.co/qyXjcDsaKM",
@narkosun narkosun!! itu rempang titipan siapa??  kereta tepu2 cina titipan siapa??? proyek bikin rugi negara ko di bela mbabi buta!,
"Nasib Pulau Rempang, Jangan Sampai seperti Teriakan Kosong, kafilah Tetap Berlalu.",
"@geloraco Pemilu itu jg bkn untung rugi, yg penting dapat pemimpin hebat. Harusnya. Kita habis triliunan rupiah unt pemilu itu tidak untuk dapat pemimpin yg cm pintar berkelit. Rugi, rakyat di bawa2. Knp unt Rempang tdk berpikir yg sama unt melayani rakyat? Knp hrs ada rakyat yg didzalimi?",
@liputan6dotcom Kereta Cepat : Whoosh pake utang Utang Meroket : Whoosh kecekek Janji Tidak Impor : Whoosh Ngibul Janji Tidak Bagi2 Kursi : Whoosh lupa Janji Sstifikat Rempang : Whoosh belaga Pilon,
Amdal Proyek Rempang Eco-City dan Klaim Menteri Bahlil https://t.co/zvgnHsVzOJ lewat @GoWest.ID,
Amdal Proyek Rempang Eco-City dan Klaim Menteri Bahlil https://t.co/eVBQkBJZGR lewat @GoWest.ID,
"Terima Data dari BP, Disdik Batam Persiapkan Sekolah Bagi Anak-Anak Rempang https://t.co/j7wxwIe4Cj",
@geloraco Duit BP Batam dari mana? Dari kantong pribadi? Woi.. @bahlillahadalia.. duit BP Batam itu dari APBN. Berbagai fasilitas dlm rangka menggusur masy Rempang itu atas beban APBN yg mau dilakukan utk kepentingan investor China dan mafia dunia hitam. Masih waraskah?,
NCW Klaim Temukan 7 Kejanggalan Proyek Rempang https://t.co/5m2QoR6dLk,
@tvOneNews Xinyi #rempang abal2 @detikcom @kompascom @jokowi @ganjarpranowo @DPR_RI @psi_id @CNNIndonesia @BBCIndonesia @jakpost @Bisniscom @korantempo @RadioElshinta @MataNajwa @antaranews @Metro_TV @antikorupsi @kumparan @liputan6dotcom @VIVAcoid @jawapos @e100ss @SonoraFM92 @mohmahfudmd,
@baba_bayuP Gas rembang meneh,
"Pandangan Para Ulama Aswaja Tapal Kuda Probolinggo Terkait Kasus Rempang  https://t.co/h1XrD9n8rN - Menanggapi kasus Rempang Kepulaun Riau, bentrok antara warga dengan aparat keamanan akibat kebijakan rezim yang menginstruksikan supaya Masyarakat setempat  #JalanMenujuIslamKaffah https://t.co/mSycYv5DCY",
"Kasus Rempang, Direktur Rumah Inspirasi Perubahan: Ada Indikasi Pemerintah Menggunakan Domein Verklaring  https://t.co/h1XrD9n8rN - Menganggapi kebijakan Rezim terhadap kasus Rempang, Direktur Rumah Inspirasi Perubahan Probolinggo Ustaz Indra Fakhruddin #JalanMenujuIslamKaffah https://t.co/JPxHwbMC8b",
Doa Baik Warga Rempang ke Airlangga Hartarto #AirlanggaHartarto #GolkarIndonesia #Golkar https://t.co/FbY8OKxX2y,
Ne kalau beneran saya mau belikan sembako buat saudara kita di Rempang Galang..Bismillah,
"Tolonglah rakyat itu, Rempang Pak, 'hikmat kebijaksanaan', bukan 'hikmat kebijakan'. Itulah pedoman kita,"" Kata JK...  Komentar :  Mengasihani rakyat bukanlah solusi, apalagi hanya sekedar ucap belaka. Sebab kerusakan negeri ini dan #jalanmenujuislamkaffah #maulidnabi https://t.co/L5cwlLl5dc""",
@CNNIndonesia Jngn mau di bodohin ml..warga rempang AZ di kadalin yg katanya mau di bikin sertipikat tanah ..padah dari th 2019 Jokowi janji ...,
HMI Kecam Menteri Bahlil Pakai Preman Bubarkan Aksi Bela Rempang https://t.co/5tO01pdMgb,
"Proyek Rempang Ecocity ini banyak menuai kontroversi. Selain di Rempang, masih ada proyek-proyek yang dikerjakan pemerintah itu selalu diwarnai kritik dan demontrasi. Ini artinya, bahwa pemerintah telah gagal mediasi dengan warga mengenai PSN itu.",
"Kekhawatiran Anies ini bukan tanpa alasan. Karena secara penalaran awam saja, beberapa PSN itu dalam pelaksanaannya tidak mencerminkan untuk kepentingan rakyatnya. Tapi lebih kepada personal atau golongan tertentu saja. Sebagai contoh: proyek di Rempang.",
"@AbyAlthaf @abhie_000 @KompasTV Proyek BTS, PLTS di rempang. Data sudah tersaji banyak..",
Dialog Airlangga dengan Masyarakat Rempang #GolkarIndonesia #AirlanggaHartarto #Rempang https://t.co/uNLUKl3eCX,
@CNNIndonesia Buat warga rempang yg belakangan ini hidupnya di landa ketakutan gelisah dan susah ini dia pelaku utamanya kalau mau cari silahkan.,
"Update Progress Investasi Rempang, Kepala BP Batam Hadiri RDP Komisi VI DPR RI https://t.co/LT06f0hHpk lewat @Bursa Kota",
@CNNIndonesia Baik nya diskusi sendiri dengan rakjat Rempang (tanpa kawal) jadi lebih kondusip. Jelaskan baik2. (Kalo ada nyali).,
DPR Minta Bahlil Lahadalia dan Muhammad Rudi Selesaikan Konflik Rempang secara Humanis https://t.co/1utHztPLqj,
@tempodotco Cari saja lokasi lain utk investasi daerah Indonesia ini kan luas..ngapain juga hrs dipaksakan pulau rempang sementara masyarakatnya tdk setuju utk direlokasi,
"@Uki23 Kira kira akan membahas BBM,harga beras ,Rempang gak @Uki",
Tokoh Rempang Ungkap: Tak akan Maju Tanpa Investasi | https://t.co/xMJ2L4HHUo https://t.co/wmmjjbC92I,
@OposisiCerdas Rempang,
Ini Kabar 35 Warga Didemo Rempang yang Belum Dibebaskan https://t.co/mbBDBQnwlM,
"@Twitkustik @MurtadhaOne1 Ya ya, penuh canda, Naikin bbm ngumpet, ngusir warga rempang, Naikin pajak, gadaikan apbn buat KCIC , enteng aja! Nyebong nye dungukan diri? Enteng aja! Emang enak jadi rakyat mukidi Men cebong kan diri",
Rapat Kerja Komisi VI DPR RI Bahas Konflik Lahan Di Rempang #sinpotv #komisi6 #dprri #hermankhaeron https://t.co/gaysw5F8Rm,
"@tvOneNews Ncw dapat data dari mana,apa data fakta atau data asumsi,imajinasi,persepsi saja.bila seperti itu ncw tak ubahnya pendukung anis.asal omong dgn asumsi,imajinasi sesat untuk membodohi rakyat indonesia.biarlah Rempang maju,makmur,sejahtera",
"Terkait Konflik Rempang, MentBahlil Akui Pemerintah Lakukan Kekeliruan https://t.co/xTrSGleBKF",
"@tvOneNews Tidak ada masyarakat yg menolak investor, dan tidak ada Investor menggusur Kampung kecuali Penjajah, apalagi Kampung Rempang yg sudah ada sebelum Pemerintah ada.",
"Pengembangan Rempang Eco-City, 7 KK Pindah ke Hunian Sementara https://t.co/GiuNl7qsah",
Tomy Winata Mengemuka dalam Proyek Rempang Eco-City: Investasi Besar di Pulau Rempang https://t.co/E1olEHpPeW,
"Waktu : 09.30 WIB (waktu server aplikasi lelang https://t.co/mRRwBKYVAz)    Tempat lelang : Bea Cukai Pasuruan Jl. Rembang Industri No.1, Kab. Pasuruan  Penetapan Pemenang : Setelah Batas Akhir Penawaran",
Lu yg tolol sbnarnya nyet. Makanya lu dikasih otak tuk berpikir! IKN ma Rempang ja udah bisa Ketauan itu titipan. Tp memang kepala lu isi cman tai.,
Link Berita Selengkapnya :  https://t.co/ECCippP3aU  #divhumaspolri  #komnasham  #rempang https://t.co/Jy9jFtqc2L,
@CNNIndonesia HAY MENTRI VAHLUL LO KIRA TANAH NENEK MOTANG REMPANG KSU SIAPA MAUKERHA SAMA  CHINA KOMUNIS ITU JAMI RAH6AT MELAYU TIDAK AKAN MEMBERIKAN TANAH JAMI SEJENGKAL PUN PADA PENGIKUT OLIGARKY,
"35 Warga Rempang Masih Ditahan, Kabid Humas: Penangguhan Penahanan Kewenangan Penyidik https://t.co/csGIKQWaFU",
@ajengcute16__ Rempang,
"@OposisiCerdas Rempang, ikn itu belum kantongi amdal semua, tapi pemerintah memaksakan kan bajingan tolol",
"Dituding Bohong soal Investasi Rp175 Triliun di Rempang, Bahlil: Mana Pernah Saya Bohongi Publik https://t.co/sNuXCTfbZq",
"Menolak Konsultasi AMDAL, Warga Pulau Rempang Bentangkan Spanduk Penolakan: Kami Menangis! https://t.co/zBbhB0QOQe",
"Bocorkan Motif Tersembunyi Investasi Rempang, Marwan Batubara: China Bisa Tancapkan... #UsirTKAChinaUnfaedah  #UsirTKAChinaUnfaedah https://t.co/uukJwB6ToL",
"Update Progress Investasi Rempang, Kepala BP Batam Hadiri RDP Komisi VI DPR RI https://t.co/YwPsBqBxji",
Warga Belongkeng Rempang Kembali Gelar Aksi Tolak Relokasi https://t.co/sxLmO87oHE,
Petinggi PSI kabarkan Mama Mega Marah ke Ganjar karena Elektabilitasnya gak naik2 alias GAK LAKU....😅  Waduh gimana soal Rempang ini bs2 whoosh whoosh disikat isu begina begini melulu 😅😅😅 https://t.co/FsD37P0C4s,
Menteri Bahlil dan Kepala BP Batam Laporkan Progress Investasi Rempang ke Komisi VI DPR RI https://t.co/VxKMjLUm1h,
DPR Minta Bahlil Lahadalia dan Muhammad Rudi Selesaikan Konflik Rempang secara Humanis https://t.co/e49DIHwCIX,
Ini Kabar 35 Warga Didemo Rempang yang Belum Dibebaskan https://t.co/WnPVuZkE5d,
@tvOneNews @bahlillahadalia makanya ttp dipaksakan ya Pak rempang wkwkwkwk,
@DoankWarto Dah dibilang REMPANG... KCIC .,
"7 Temuan NCW Terkait Polemik Rempang, Nomer Enam Libatkan Pihak Keamanan https://t.co/kkxUif3mLp",
"Kl BL gagal di Rempang, jabatannya jd taruhan. Makanya segala cara akan dilakukan. Bangsatt..",
"@OposisiCerdas @msaid_didu Kl BL gagal di Rempang, jabatannya jd taruhan. Makanya segala cara akan dilakukan. Bangsatt..",
"@CNNIndonesia Analisis itu nanti dipakai untuk pembenaran pengusiran warga, ujung-ujungnya nanti hasil analisis akan mengatakan pulau Rempang tak layak huni.",
"Gimana ceritanya rencana bisnis di rempang yg sudah lama mandek ini bisa kemudian jadi Proyek Strategis Nasional (PSN)?, titipan siapakah gerangan?",
Pertemuan dan dialog langsung Airlangga dengan masyarakat Tanjung Banon berlangsung dalam suasana akrab serta diliputi dengan harapan-harapan yang disampaikan oleh masyarakat. #GolkarIndonesia #AirlanggaHartarto #Jokowi #rempang #beritaterkini https://t.co/ntRmxlrBjM,
Ini Kabar 35 Warga Didemo Rempang yang Belum Dibebaskan https://t.co/lWipzNUsQM,
DPR Minta Bahlil Lahadalia dan Muhammad Rudi Selesaikan Konflik Rempang secara Humanis https://t.co/OSx03fcNcp,
@narkosun Proyek eco park rempang  itu titipan taipan siapa cuk? Ini baru satu...!,
"NCW Ungkap Ada Indikasi Korupsi dalam Pembangunan Rempang ECO City, Ini Hasil Penyelidikannya https://t.co/juhVCt7Xga",
"@ShamsiAli2 Cara2nya udah mirip komunis. Menghalalkan segala cara termasuk berbohong soal jumlah warga Rempang yg setuju digeser"" dan juga bahkan soal AMDAL.""",
Tenanglah kau duhai..Yahya Staquf ttg negara kesatuan &amp  Pancasila itu kt rkyat Indonesia mmg mngakuiny Final ! Semangatmu bgitu berapi2 saat Ucapkan itu.. Klo bgtu sy mau lihat jg Jiwa Pancasila kau Coba kau lihat Rakyat Rempang Silahkan mulutmu..Bicaralah! #UsirTKAChinaUnfaedah,
@FraksiRakyatID Apa kabar Rempang??,
🔴LIVE PANAS..!!🔥REMPANG MENGGELORA 🔥PUTUSAN SIDANG KORBAN MAFIA TANAH VS... https://t.co/vqBQB8mbp4 via @YouTube,
Relokasi Warga Rempang Ditanggung PUPR https://t.co/Klta0a1YUX,
"@islah_bahrawi Coba lu bahas yang lebih kekinian ngapa? Radikal radikul terus,kalo emang kelompok itu ada, abu janda yg bolak balik melecehkan ajaran islam pasti udah game over,  Bahas kasus rempang dari sudut pandang dengkulmu kek!!!",
Klaim Bahlil: Warga Rempang Pindah Sukarela https://t.co/S5dBidMiAU,
"Kalo kita menyebutkan Rempang, Wadas atau subsidi kendaraan, IKN, Patung Soekarno masuk katagori proyek titipan gak gaesss?  https://t.co/jODtZLb5rv",
"Investasi Xinyi Group di Gresik, Bangka Selatan, dan yang terbaru di Pulau Rempang diduga hanya untuk mengerek nilai saham perusahaan https://t.co/mJJ3N7thMG",
"@adrian_jordian @Kayakuwek2 @KangManto123 @Almudattsir @Resty_J_Cayah @aniesbaswedan Maaf, gua ga tll paham hal pulau rempang. Takut salah ber ucap 🙏",
HMI Kecam Menteri Bahlil Pakai Preman Bubarkan Aksi Bela Rempang  Selasa Pagii Whoosh Prabowo Takut Debat Dear J Kades Laos Perokok Konsumsi Pertalite MAU MIN SAKURA MEKAR DI JAKARTA Congratulations Jennie Jodie Hamil #AniesMuhaimin2024 https://t.co/IKU64k9Cvk,
Warga Belongkeng Rempang Kembali Gelar Aksi Tolak Relokasi https://t.co/lgFfQdbDrG https://t.co/ed0xeavfo8,
"@WatchmenID Kebanyakan nonton isil0p bully warga Rempang, Kanjuruhan, Wadas, dsb. Makanya begitu",
"@ekowboy2 IKN, KCIC, REMPANG.... gn pura2 bego.... tak baik",
"@rmol_id Itu kalian bukan sedang membela masyarakat rempang,tapi sekedar hura2 demo aja...masyarakat rempangnya udah siap direlokasi kok kalian masih ribut .nanti di gebukin aparat bilangnya kriminalisasi demokrasi...rakyat tidak butuh mahasiswa seperti kalian..",
DPR Minta Bahlil Lahadalia dan Muhammad Rudi Selesaikan Konflik Rempang secara Humanis https://t.co/8JfBAsHziP https://t.co/vjIqBpJOJw,
Ini Kabar 35 Warga Didemo Rempang yang Belum Dibebaskan https://t.co/wOt7b9JlXf https://t.co/Grm2Z7rojc,
"TELAK! Disebut Netizen Bodoh Soal Investasi Rempang, Bahlil Panik Luruskan Informasi Liar https://t.co/3oIOZQFOzT",
"TELAK! Netizen Sebut Bodoh Soal Investasi Rempang, Bahlil Luruskan Informasi Liar  Selasa Pagii Whoosh Prabowo Takut Debat Dear J Kades Laos Perokok Konsumsi Pertalite MAU MIN SAKURA MEKAR DI JAKARTA Congratulations Jennie Jodie Hamil #AniesMuhaimin2024 https://t.co/3oIOZQFOzT",
Masyarakat Pulau Rempang tidak menolak investasi. Sebagian besar masyarakat telah menyadari pentingnya membuka pintu masuk investasi untuk kemajuan Pulau Rempang.  #RempangEcoCity #RempangBatam #InvestasiRempang #RempangDamai #RempangMaju #RempangNaikKelas #InvestasiUntukRakyat https://t.co/eccH07geDC,
"@choymarkochoy Mengapa harus dengan membujuk ya ?   Paksa saja...tinggal perintahkan aparat unt membawa mereka ke sana..lagi pula sdh disediakan semua fasilitasnya   Di Rempang, Wadas dll nya bisa",
"@msobri99 Contoh paling deket, Dibuatnya Proyek Strategis Nasional pabrik panel surya China dan Eco city Rempang biar bebas usir 16 Desa titipan siapa coy... Apa perlu sy jelaskan... 😅😅🤭🤭",
@tvOneNews Pengalihan isu rempang,
"@liaasister Pejabat berpesta diatas penindasan rakyat wadas, rakyat rembang, rakyat morowali, rakyat rempang, rakyat banyuwangi, trenggalek, dll.",
"@AlghifAqsa Kalau di negara yang bener, harusnya udah pada mengikuti jejak warga Rempang ke gedung DPR dan istana presiden",
Saat Bahlil Ungkap Peran Tomy Winata di Proyek Rempang  https://t.co/8nXMt3qdjw,
xinyi ingkar mou di gresik &amp  babel. xinyi jg gk masuk 10 perusahan besar. kok ada pjbt ngr yg ngotot xinyi investasi  besar²a di P Rempang &amp  akn gusur paksa penduduk.  perusahaan pembohong &amp  pjbt ngibul. https://t.co/tjbskylQTY https://t.co/cTa0qjAPFH,
"@OposisiCerdas Orang kalau marah artinya salah, itu secara psikologi. Anies ga ngomong siapa2 tapi memperkirakan. PSN itu tujuan jangka panjang, hrs melalui jangka pendek dan menengah, ini batiba di acc utk PSN di Rempang tanpa lihat rencana, ya pastilah orang pintar mikir ada apanya.",
Masyarakat Sipil Sentil Bahlil yang Gusur Warga Rempang Tanpa AMDAL https://t.co/DF0o37XEKs,
"@ekowboy2 Di Rempang itu murni proyek swasta, karena dimiliki Erick dan LBP jadilah PSN.",
"DPR ga ngerti ya.... Masyarakat Rempang ga mau pindah, gitu aja kog repot",
"7 Temuan NCW Terkait Polemik Rempang, Nomer Enam Libatkan Pihak Keamanan https://t.co/8QHeDdgWap",
@tvOneNews Provokator dan yg gak paham apa2 saat ini byk komen soal Rempang. Nah yg kosong mudah terprovokasi.  Boys Jakarta saja seperti kawasan Mal &amp  Perkantoran Arta Gading dan Komplek Gedung SCBD Sudirman siapa yg bangun ?  Kok gak ada suara selama ini ? Diam aja selama ini kok ?!,
"@OposisiCerdas Kalau tidak ada TITIPAN, kenapa rezim Jokowi  paksakan eco city Rempang serta gembar-gemborkan Xinyi glass ?, naif jika ini tidak ada hubungan dengan proyek PLTS oligarki !",
@Atheysoearsa @Abah_MAtDil @narkosun IKN titipan para naga. Rempang titipan Tomy winata. Subsidi kendaraan listrik Proyeknya Luhut,
"@narkosun Mengabaikan jeritan 7 ribu penduduk rempang demi membela proyeknya Oligarki Tomy winata, apa bukan proyek titipan? 🤣",
Warga Belongkeng Rempang Kembali Gelar Aksi Tolak Relokasi https://t.co/p5Lz8kodfY https://t.co/UTvCovLRH9,
@tempodotco Karena memang Taipan dan cina ingin kuasai Rempang keseluruhan !,
@adrian_jordian @Kayakuwek2 @KangManto123 @Almudattsir @Resty_J_Cayah @aniesbaswedan Rempang itu udah ada sejak thn 2001... ga ada urusannya ama pakde Warga rempang baik2 aja kok... insya Allah win win 👍,
Melayu Rempang lepas bisa jadi pintu masuk utk Papua dan Aceh yg sdh lama ingin pisah ....,
Ini Kabar 35 Warga Didemo Rempang yang Belum Dibebaskan https://t.co/8v4zUp8kWe,
@ganjarpranowo Mari rapatkan barisan dukung pasangan Amin untuk perubahan yg adil makmur di bumi indonesia Bila ganjar dipastikan rakyat akan di tindas contohnya wadas selanjutnya rempang.,
"Tarian di atas derita Rempang ? gitu drun?  BEST LEADER Selingkuh Dear J Jodie Hamil Jawa Mirna Pagii Perokok Senin Kades Jessica San Jaegar 獄門疆ティラミス Whoosh Sarapan マックのCM HUANG RENJUN THANK YOU 1,7 Jt 三角チョコパイ Prabowo https://t.co/emBwlr1btw",
DPR Minta Bahlil Lahadalia dan Muhammad Rudi Selesaikan Konflik Rempang secara Humanis https://t.co/rSMUEQj5NV,
"Mana mungkin Bahlil mau mundur, wong invesrasi rempang ada cuannya kok, toh thn 2024 tdk punya job lagi",
Warga Belongkeng Rempang Kembali Gelar Aksi Tolak Relokasi https://t.co/PPORZbhIIE https://t.co/NpNfyPiSBq,
@tvOneNews Rempang,
"@KakekHalal Contohnya PSN Rempang yang belum ada HPL, Amdal, tapi sudah mau gusur warga. Bagaimana sudah ditetapkan sebagai PSN tapi syarat² tidak dipenuhi.",
"Top Isu, 02 Oktober 2023 1. Selamat Hari Batik Nasional 2. Jokowi Resmikan KCJB Whoosh 3. KPK Panggil Febri, Rasamala dan Donal 4. Konflik Rempang 5. Kenaikan Harga BBM 6. Judi Online Amanda Manopo 7. KCIC: Kereta Cepat Masih Gratis 8. MK Tolak Gugatan UU Cipta Kerja #issue #isu https://t.co/WFDNXSTXJp",
"@tvOneNews Awalnya Pulau Rempang minta dikosongkan, stlh ditolak berganti menjadi digeser.   Yg menjadi pertanyaan blm terjawab, pulau Rempang luas 17.000 ha: 1. Kenapa pabrik hrs dibangun dipemukiman warga? 2. Kenapa tdk pabriknya yg dibangun diluar pemukiman warga?  Aneh 🤔🤔🤔",
@jokowi Ke Rempang kapan whoosh nya pak???,
"@tvOneNews Kemana aje lo.....orang udh tau dr kapan ,baru ngomong sekarang.....Tolak Investasi Bodong Rempang",
@RomeoWalker19 @aniesbaswedan @jokowi Rempang,
"@KazukaQ @KompasTV Anak tolol urusan wadas nyalahi gub bahkan saat urusan dah selesai,urusan rempang nyalahi presiden",
"HMI Kecam Menteri Bahlil Pakai Preman Bubarkan Aksi Bela Rempang  ...Bukannya Diberantas, Malah Dipakai Untuk Gebuk Rakyatnya... https://t.co/Jo6V2u07kd",
"GILE BANGET...!!  TANPA AMDAL DAN HPL, REZIM MAIN GUSUR WARGA REMPANG  PANTAS WARGA MELAYU MERADANG..!! https://t.co/GnwZPnlzXb",
"@tvOneNews Jadi penggusuran Rempang akal akalan supaya dapat memiliki Pulau buat kepentingan Lain, Allah Maha Mengetahui Niat Jahat Seseorang .",
"@KompasTV Hehe, para cebong muncul.. Angel..  Urusan wadas, rempang dll podo diem, ANEH.. lu pada di bayar berapa sih?",
"Bocorkan Motif Tersembunyi Investasi Rempang, Marwan Batubara: China Bisa Tancapkan...  https://t.co/WzROst3srq",
Warga Belongkeng Rempang Kembali Gelar Aksi Tolak Relokasi https://t.co/y95Ig2q9ML https://t.co/JVUGgpTn3Q,
Ssstts..! Bahlil Ungkap Peran Tomy Winata di Proyek Rempang https://t.co/ZiDQgp2mwC,
Riil bisnis BUMS..... Kok pake aparat negara khususnya TNI untuk menggeser dan menggusur warga Rempang???... AYOO....TITIPAN APA BUKAN???🤭🤭,
"@CNNIndonesia Narasinya bukan Tim Penghambat, permainan kata lagi ni orang....Intinya TOLAK INVESTASI BODONG REMPANG.....tidak menguntungkan rakyat, hanya untuk kepentingan oligarchy @bahlillahadalia",
Penyebar Hoaks UAS Diperiksa soal Rempang Pegawai BUMN https://t.co/ah1xUP7bYD,
"@KompasTV PAPUA, REMPANG DLL, BUTUH KALIAN",
"@narkosun Yang baru aja dullu,ikn dan Rempang ??? Kalau di sebutin semua akun buzzeer yang pada comen.",
"Demi Investasi China, Perpres Penjamin Hak Warga Rempang Dikebut https://t.co/QmloXXiSBx",
@tvOneNews Klo g ada perlakuan khusus dipindah sj dr rempang ke asal daerahmu Lil bahlil..majukan papua 🫢,
"Udah terbukti xinyi GAGAL di gresik kok Masih dikasi inves pulau rempang,    ini mesti ada apa2 nya udang diblk Batu, xinyi cuma perlukan bangun pabrik 2000 H, oke bandung 2k H, kampung melayu ngak perlu disentuh dan DIGUSUR apa perlunya digusur",
"Istana Berbatik, Rempang Bergidik.",
"5 Berita Terpopuler 2 Oktober 2023, Dari Konflik Pulau Rempang Hingga Pembukaan Gerai Richeese Factory Manukan https://t.co/erOTXhp6cQ",
@inganggita KCIC? Rempang? Anies-Imin?   Tapi overall kayaknya karena mau 2024 deh,
"Top News Koran Rakyat Merdeka  Selesaikan Konflik Pulau Rempang, Menteri Bahlil Sudah Sat-Set https://t.co/nvwMMxEKWo",
"@markrutte  Biasanya kalian jika ada informasi terverifikasi, langsung bertindak, apalagi jika menyeret nama warga &amp  negaranya.  Coba ulangi sejarah boncengi #Rempang dgn NICA.  Salute!!",
Museum di Komplek Situs Perahu Kuno di Rembang Makin Berbenah https://t.co/QmrpD3Ena9,
"@terongkriting @ekowboy2 Pulau komodo, pulau rempang, reklamasi  jakut ups",
"@tgh_009 @GibraltarNc @SBYudhoyono @AgusYudhoyono Saudara -saudara di rempang sdh dilupakan , buruh yang berjuang akan nasibnya sudah tidak dipedulikan,rakyat yg terus  berat menghadapi beban hidup harga bahan pokok yg terus melambung ..Ya Allah hanya padamu kami mnyerahkan semua urusan ini.😭",
HMI Kecam Menteri Bahlil Pakai Preman Bubarkan Aksi Bela Rempang - https://t.co/TMOyTy78a7,
Thunderstorms Besok Suhu Udara di Rembang Tertinggi 89F dan Terendah 77F. by PT Amir Hajar Kilsi https://t.co/5j81A31XIt,
"300 Guru TK Asal Rembang Hari Ini Datangi DPR, Bawa 7 Tuntutan https://t.co/LnNslDs9qB",
"Seorang pria warga Pamotan, Rembang berinisial EP (22), diringkus tim Sat Reskrim Polres Rembang. Ia menjadi tersangka pengedaran uang palsu.  Baca selengkapnya:   https://t.co/u1I9eKhgBe",
"Gelar Demo di DPR, Ratusan Guru TK Non PNS Rembang Akan Ajukan 7 Tuntutan #LengkapCepatBeritanya #BeritaTerkini #Berita #News #BeritaNasional . https://t.co/JDW21QXXoa",
Baja Perindo Gelar Sahur Bersama 300 Guru TK Kabupaten Rembang di Masjid Istiqlal #LengkapCepatBeritanya #BeritaTerkini #Berita #News #BeritaNasional . https://t.co/IJnici43fm,
@andrianrpratama @adriansyahyasin Rembang gak ono KRL mergane,
KH Bahauddin Nursalim atau yang biasa disapa Gus Baha mengungkap asal usul syariat Salat Tarawih yang dilaksanakan umat Muslim setiap malam bulan Ramadan. Pengasuh Pesantren Tahfidzul Qur’an Kabupaten Rembang ini menyebut jumhur (mayoritas) ulama telah… https://t.co/XqKXRmlKqw,
ternyata wong iki dapil kab. rembang juga 😂,
"Setelah jadi manusia nomaden di palembang rembang, jadi anak mama di surabaya, sekarang dah jadi anak kos lagi wkwk",
@melongena_L @andrianrpratama @adriansyahyasin Gak kabeh wong rembang ki pinter slur 🙏,
"BMKG memprakirakan sejumlah daerah di Jawa Tengah memasuki musim kemarau pada pertengahan April mendatang. Saat ini Kabupaten Pekalongan, Pemalang, Tegal, Demak, Jepara, Kudus, Pati, dan Rembang, tengah memasuki pancaroba  #bmkg  Cc: @infomitigasi   https://t.co/4UtvE3taQT",
Lihat postingan ini… “Sewa scissor lift di pati pemalang semarang kendal batang rembang jepara cilacap purwokerto klaten kudus “. https://t.co/1FKsnGftPR,
Seng tenang prinsipe wong Lanang nak wes duwe siji ora bakal ngelirik liyane. :),
"Bismillah ,,, Ingin mengucapkan Selamat/Duka atau ucapan lainnya kepada Kerabat anda dengan Karangan Bunga,,, Hubungi kami 🌷 ngolahan Florist🌹 📲085235370797 https://t.co/5D3xOrNIdB (Terpercaya,Amanah,)  lokasi pengiriman #rembang  #lasem",
@_Yowessabar_ 𝘖𝘳𝘢 𝘢𝘺𝘶 𝘰𝘳𝘢 𝘗𝘰𝘱𝘰 𝘚𝘪𝘯𝘨 𝘱𝘦𝘯𝘵𝘪𝘯𝘨 𝘯𝘦𝘬 𝘥𝘪𝘵𝘶𝘬𝘰𝘬𝘯𝘰 𝘣𝘢𝘥𝘰𝘨𝘢𝘯 𝘥𝘪𝘦𝘯𝘵𝘦𝘬𝘯𝘰.,
KOPI LELET RAJA SRUPUT kopi khas lasem *Dijamin original 100% * Kualitas terjamin Bubuk kopi halus Kopi robusta Kopi lelet khas lasem rembang  dibuat dari biji kopi pilihan dan cita rasa khas kopi lasem yang sudah melegenda sejak dahulu.  Kopi lelet https://t.co/fqELskcwO0 https://t.co/V0d1khBVOQ,
"@hrdbacot EVITA NURSANTY anggota Komisi VI DPR RI dari fraksi pdip dapil jawa tengah III ( Kabupaten Blora, Grobogan, Pati, Rembang ) monggo yang warga blora grobogan pati dan rembang, tanggungjawab kalian yg dulu milih orang ini",
"@kimoychiii @sifa_fauzia @hrdbacot @andre_rosiade @Evitanursanty Lebih tepatnya jateng 3 sebagian relnya nonaktif di rembang, blora (tidak termasuk rel aktif cepu) , pati , Grobogan (purwodadi relnya gak aktif) #cmiiw",
"Jateng III : Kabupaten Pati, Kabupaten blora, Kabupaten rembang",
"jaman saiki enak, jkt-sby cm 11 jam. mbiyeeennn thn 2016 ke bawah haduuuh sampe kudu nginep nang batang / rembang 😭 soale ga kuat kudu nyetir solo 20 jam. thx pak @jokowi sudah bikin tol transjawa ✊🏻 tolong tol nya diterusin soalnya leces itu macet pol pak, saestu",
→ Let's G° ¡ ╭─╼╭━╮╿╿╭━╮┑╿┍ ┠─╼╰━╯╽╽╰━╯╰┻╯ ┷  ✨ 𝐁𝐞𝐛 𝐕𝐢𝐨 | ᵇᵃˢᵉ ˢᵘʳᵃᵇᵃʸᵃ     💞 @queensnow101       💞 @Imissyyu    💞 @BebVvii  Schedule Today at Surabaya 28-29 Malang  29-31 Surabaya  - April 1 Rembang 2-3 Pati https://t.co/lMAvpYe4eP,
"Dapil plat K/jateng 3 ini Minimal tau bekas kondisi stasiun aja dapil nya aja dah syukur... tuh bekas stasiun rembang banyak karaoke pantura disana, sm bekas stasiun blora banyak rental ps sm jadi terminal angkot...  😂🙏",
"155.KAKANWIL KEMENKUMHAM JATENG Dr A YUSPAHRUDDIN:  Tingkatkan Sinergitas, Rutan Rembang Teken MoU dengan RSI Arafah Rembang https://t.co/9S6mW4IQcJ #KemenkumhamJateng #AYuspahruddin #KumhamPasti @Kemenkumham_RI @kemenkumhamjtg",
145.KAKANWIL KEMENKUMHAM JATENG Dr A YUSPAHRUDDIN:  Resmi! Rutan Rembang Teken MoU dengan RSI Arafah Rembang https://t.co/PSUIFFEqnq #KemenkumhamJateng #AYuspahruddin #KumhamPasti @Kemenkumham_RI @kemenkumhamjtg,
144.KAKANWIL KEMENKUMHAM JATENG Dr A YUSPAHRUDDIN:  Resmi! Rutan Rembang Teken Kerjasama Dengan RSI Arafah Rembang https://t.co/pgbjP86UQe #KemenkumhamJateng #AYuspahruddin #KumhamPasti @Kemenkumham_RI @kemenkumhamjtg,
"Ohhh si ibu dari partai ono, dapil rembang",
"@ayyoesh Kasi paham aja ibunya, maklum dapilnya dari daerah yang gak ada kereta kaya Rembang Pati, sama Blora Grobogan yang ada kereta tapi stasiunnya jauh dari kota",
@asmirzakovic @bejo_junior Non aktif Rembang - sulang - Blora Rembang - Lasem Demak - Purwodadi Purwodadi - Wirosari Wirosari - Kradenan Wirosari - Blora Blora - Cepu,
@bejo_junior @BisKota_ oh iya ralat. Grobogan-Blora masih aktif. Pati-Rembang non aktif.,
@undtknow @nahar_gostu @andipetet @BonnieTriyana @fajarnugros @seringkluyuran Kudus Demak Jepara Jateng 2 Pati Rembang Blora Grobogan Jateng 3. mohon dimaklumi ya.... ga ada sepur d sini. Stasiun aja udah alih fungsi jadi karaoke. hehehehe....,
"@cinderjaems rembang, jateng",
"Cebong lu @Ndons_Back   Ganjar Andalkan Program Bapak Asuh Atasi Kemiskinan, Terbukti di Blora dan Rembang https://t.co/plH6h16sLP",
Andai yg setia di bayar  Pasti gua udah kaya🥲,
@andrianrpratama @adriansyahyasin Eh tetangga sebelah tenyata. Ya pantes org rembang gada kereta emng🤣,
Partai 'Wong Cilik' dari Dapil Rembang dan sekitarnya. Sudah muak dengan orang-orang semacam ini. Minim pengetahuan dan empati.,
@gerbongbagasi Belio dapil rembang btw 😂,
"Beli Handphone dengan Uang Palsu, Seorang Remaja di Rembang Ditangkap Polisi https://t.co/V3Fy0AJvfD",
"Calling out to warga Dapil III Jateng (Blora,Grobogan, Pati, Rembang) yg merasa pernah memilih orang ini barangkali ada yg mau benerin jalan pikiran Ibu Ibu berambut sasak ini.  https://t.co/ERzhNhfzBP",
"KAKANWIL KEMENKUMHAM JATENG Dr A YUSPAHRUDDIN:  Tingkatkan Sinergitas, Rutan Rembang Teken MoU dengan RSI Arafah Rembang https://t.co/gfalbPF4oF #KemenkumhamJateng #AYuspahruddin #KumhamPasti @Kemenkumham_RI @kemenkumhamjtg",
"dapil rembang ngomongin KRL, ngomongin pantura aja",
KAKANWIL KEMENKUMHAM JATENG Dr A YUSPAHRUDDIN:  Resmi! Rutan Rembang Teken MoU dengan RSI Arafah Rembang https://t.co/LOg89H4503 #KemenkumhamJateng #AYuspahruddin #KumhamPasti @Kemenkumham_RI @kemenkumhamjtg,
KAKANWIL KEMENKUMHAM JATENG Dr A YUSPAHRUDDIN:  Resmi! Rutan Rembang Teken Kerjasama Dengan RSI Arafah Rembang https://t.co/tGwYIviAVo #KemenkumhamJateng #AYuspahruddin #KumhamPasti @Kemenkumham_RI @kemenkumhamjtg,
KONFERENSI PERS TINDAK PIDANA PENGEDARAN UANG PALSU SATRESKRIM POLRES REMBANG.  #polri  #polresrembang  #kapolresrembang  #polripresisi https://t.co/543LsbsZ80,
"KAKANWIL KEMENKUMHAM JATENG Dr A YUSPAHRUDDIN:  Tingkatkan Sinergitas, Rutan Rembang Teken MoU dengan RSI Arafah Rembang https://t.co/oJIhbwcGq3 #KemenkumhamJateng #AYuspahruddin #KumhamPasti @Kemenkumham_RI @kemenkumhamjtg,",
"KAKANWIL KEMENKUMHAM JATENG Dr A YUSPAHRUDDIN:  Resmi! Rutan Rembang Teken MoU dengan RSI Arafah Rembang https://t.co/tjX2Dim7Sk #KemenkumhamJateng #AYuspahruddin #KumhamPasti @Kemenkumham_RI @kemenkumhamjtg,",
"@Ard4nnA @SusiloELS @hrdbacot Dapil Jateng 3 Grobogan, Blora, Pati, Rembang. Di Grobogan kenceng banget nih orang, maklum kandang redbul",
"KAKANWIL KEMENKUMHAM JATENG Dr A YUSPAHRUDDIN:  Resmi! Rutan Rembang Teken Kerjasama Dengan RSI Arafah Rembang https://t.co/cLW5NxGOba #KemenkumhamJateng #AYuspahruddin #KumhamPasti @Kemenkumham_RI @kemenkumhamjtg,",
"#BeritaJateng Jadwal Buka Puasa Kudus, Jepara, Pati, Blora, &amp  Rembang, Senin 27 Maret 2023 #jadwalbukapuasa #kudusraya https://t.co/2nzlm8R8rJ",
"Jadwal Buka Puasa Kudus, Jepara, Pati, Blora, &amp  Rembang, Senin 27 Maret 2023 #jadwalbukapuasakudus https://t.co/2nzlm8R8rJ",
"KAKANWIL KEMENKUMHAM JATENG Dr A YUSPAHRUDDIN:  Tingkatkan Sinergitas, Rutan Rembang Teken MoU dengan RSI Arafah Rembang https://t.co/QwAr2qltF7 #KemenkumhamJateng #AYuspahruddin #KumhamPasti @Kemenkumham_RI @kemenkumhamjtg",
"@ratiiih_ @adriansyahyasin warga Jateng dapil Jateng III Grobogan, Blora, Pati, Rembang inikah pilihan kalian kemarin? kok bisa ya orang kaya dia diberi kapasitas untuk mewakili rakyat🤔",
REMBANG 24 JAM ⏰️       + sedikit Kuduz ------------------------- Di masa sekarang tetep ga worth untuk menempuh jalanan Jakenan - Jaken - Batangan - X-ori https://t.co/mWlCLrR47B,
@fajarnugros dapil rembang itu,
"Ceritanya mau meninjau tempat latihan di Setu Rembang yang tempat dingin itu,” tutur Taufik, dikutip https://t.co/2CQIJ0JWWi dari Instagram tumgrd, Selasa (21/3/2023). #PrabowoUntukIndonesia #IkutPakde Prabowo Subianto""",
"PLTU Tanjung Jati B mampu menghasilkan FABA sekitar 359.000 ton per tahun, sementara PLTU Rembang menghasilkan 67.000 ton per tahun dan PLTU Adipala sebanyak 80.000 ton.",
"Khususnya di Jawa Tengah, PLN mengoperasikan PLTU Tanjung Jati B di Jepara, PLTU Rembang dan PLTU Adipala di Cilacap.",
@andrianrpratama @adriansyahyasin Oh dapil Rembang. Pantes belom pernah naik KRL.,
"KAKANWIL KEMENKUMHAM JATENG Dr A YUSPAHRUDDIN: Tingkatkan Sinergitas, Rutan Rembang Teken MoU dengan RSI Arafah Rembang https://t.co/4OWNrgmoeB #KemenkumhamJateng #AYuspahruddin #KumhamPasti @Kemenkumham_RI @kemenkumhamjtg",
KAKANWIL KEMENKUMHAM JATENG Dr A YUSPAHRUDDIN: Resmi! Rutan Rembang Teken MoU dengan RSI Arafah Rembang https://t.co/QR25YuFrFv #KemenkumhamJateng #AYuspahruddin #KumhamPasti @Kemenkumham_RI @kemenkumhamjtg,
KAKANWIL KEMENKUMHAM JATENG Dr A YUSPAHRUDDIN: Resmi! Rutan Rembang Teken Kerjasama Dengan RSI Arafah Rembang https://t.co/zyHfmxuw1v #KemenkumhamJateng #AYuspahruddin #KumhamPasti @Kemenkumham_RI @kemenkumhamjtg,
"@adriansyahyasin Wah ibuke perwakilan rembang, kaya mudeng aja naik krl 🙄",
Video berisi perkelahian remaja di Rembang viral di media sosial. Polisi turun tangan mengecek video yang dinarasikan 'Marhaban Ya Gelutan' itu. https://t.co/nR19zVVnFj,
"Kamu tidak mengamalkan sesuatu karena takut Riya' (pamer) itu sama saja dengan kamu melakukan Riya' (pamer).   ~Al-Adzkar An Nawawiyah~  Leteh, Rembang, Ramadhan 1444 H",
TIBAKE WONG REMBANG 🥲🥲🥲,
"Pantai Indah Layur adalah sebuah objek wisata yang terletak di Desa Gedongmulyo, Kecamatan Lasem, Kabupaten Rembang. Di sana, wisatawan bisa menikmati suasana pantai dengan pemandangan pegunungan.  https://t.co/820nwdPIAl",
"COD HP Pakai Uang Palsu, Remaja di Rembang Diringkus https://t.co/fJBIaDBZii",
"@wtfiseji @chika_rizkia @adriansyahyasin Plot twist Ybs dari Dapil Jateng 3 Kabupaten Blora, Kabupaten Grobogan, Kabupaten Pati, dan Kabupaten Rembang.",
"@andrianrpratama @adriansyahyasin dapil rembang cok ngomong kereta, ex stasiun rembang loh belakang e banyak karaoke wkkw",
"PLTU Tanjung Jati B mampu menghasilkan FABA sekitar 359.000 ton per tahun, sementara PLTU Rembang menghasilkan 67.000 ton per tahun dan PLTU Adipala sebanyak 80.000 ton.",
"Khususnya di Jawa Tengah, PLN mengoperasikan PLTU Tanjung Jati B di Jepara, PLTU Rembang dan PLTU Adipala di Cilacap.",
"PLTU Tanjung Jati B mampu menghasilkan FABA sekitar 359.000 ton per tahun, sementara PLTU Rembang menghasilkan 67.000 ton per tahun dan PLTU Adipala sebanyak 80.000 ton.",
"Khususnya di Jawa Tengah, PLN mengoperasikan PLTU Tanjung Jati B di Jepara, PLTU Rembang dan PLTU Adipala di Cilacap.",
@pratamaadlian Dapil Rembang ngomong kereta komuter. Ditambah KAJJ aja gak ada jalur ke sana,
@andrianrpratama @adriansyahyasin Oalah dapil Rembang...,
"@hrdbacot Bahan rapat cuma dr kertas, mana dia dapil jateng rembang. Sangat jauh dr tau""  Apakah kita keos apakah kita keos bae""",
"KAKANWIL KEMENKUMHAM JATENG Dr A YUSPAHRUDDIN:  Tingkatkan Sinergitas, Rutan Rembang Teken MoU dengan RSI Arafah Rembang https://t.co/J2uJpaNwan #KemenkumhamJateng #AYuspahruddin #KumhamPasti @Kemenkumham_RI @kemenkumhamjtg",
"Senin, 27 Maret 2023 Melaksanakan Kegiatan Apel Pagi setiap hari Senin di Halaman Kantor Kecamatan Rembang yang di ikuti seluruh Karyawan dan Karyawati Kecamatan Rembang dan Pendamping Desa.  Selamat Menjalankan Ibadah Puasa, MARHABAN YA RAMADHAN🙏🙏🙏"" https://t.co/8jn8O7ORwZ""",
"Anggota Koramil 03/ Sulang dipimpin Peltu Janu melaksanakan kegiatan perawatan tanaman tebu dilahan Demplot Tebu Koramil 03/Sulang Kodim 0720/Rembang,di Desa Kaliombo Kecamatan Sulang. Senin, 27/03/23. https://t.co/EZMWK5DFYE",
"Sabtu, 25 Maret 2023 Pelayanan publik Kecamatan Rembang MENYAPA: 1. Mudah akses 2. Efektif 3. Nyaman 4. Akurat 5. Prosedur sederhana 6. Akuntabel dalam kegiatan percepatan perekaman untuk pemula Untuk Rembang Gemilang  Selamat Menjalankan Ibadah Puasa,MARHABAN YA RAMADHAN🙏🙏🙏"" https://t.co/28LhNbv5bb""",
REMBANG - Serda Teguh Widodo Babinsa Tasikharjo dan Babinkamtibmas Komsos dengan Ibu Yanti Sekdes selaku Panitia rehab Musholla Al Huda tempat  Dusun Wates Desa  Tasikharjo https://t.co/lAdvIpI9Eu,
"Guna mendukung Tupok sebagai seorang Babinsa serta terwujudnya Kemanunggalan TNI-Rakyat, Babinsa Koramil 13/Sedan, Kodim 0720/Rembang Koptu Sugianto secara rutin dan berkesinambungan laksanakan Komsos dengan masyarakat di Desa Sambong, Kec. Sedan Kab  Rembang, Senin (27/03/23). https://t.co/Kp75jGzyby",
"KAKANWIL KEMENKUMHAM JATENG Dr A YUSPAHRUDDIN:  Tingkatkan Sinergitas, Rutan Rembang Teken MoU dengan RSI Arafah Rembang https://t.co/rhgQafjU7J #KemenkumhamJateng #AYuspahruddin #KumhamPasti @Kemenkumham_RI @kemenkumhamjtg",
KAKANWIL KEMENKUMHAM JATENG Dr A YUSPAHRUDDIN:  Resmi! Rutan Rembang Teken MoU dengan RSI Arafah Rembang https://t.co/tJKKbemFnU #KemenkumhamJateng #AYuspahruddin #KumhamPasti @Kemenkumham_RI @kemenkumhamjtg,
KAKANWIL KEMENKUMHAM JATENG Dr A YUSPAHRUDDIN:  Resmi! Rutan Rembang Teken Kerjasama Dengan RSI Arafah Rembang https://t.co/tGXNdu84KL #KemenkumhamJateng #AYuspahruddin #KumhamPasti @Kemenkumham_RI @kemenkumhamjtg,
"KAKANWIL KEMENKUMHAM JATENG Dr A YUSPAHRUDDIN:  Tingkatkan Sinergitas, Rutan Rembang Teken MoU dengan RSI Arafah Rembang https://t.co/PEspq9FJZh #KemenkumhamJateng #AYuspahruddin #KumhamPasti @Kemenkumham_RI @kemenkumhamjtg",
"KAKANWIL KEMENKUMHAM JATENG Dr A YUSPAHRUDDIN:  Tingkatkan Sinergitas, Rutan Rembang Teken MoU dengan RSI Arafah Rembang https://t.co/m5agCMpArD #KemenkumhamJateng #AYuspahruddin #KumhamPasti @Kemenkumham_RI @kemenkumhamjtg",
"REMBANG - Bangun infrasruktur di desa, Babinsa Koramil 03/Sulang, Serda Sukri, dan warga laksanakan karya bakti pembuatan talud jalan sepanjang 80 meter sebagai penahan tanah agar tidak selalu longsor menutup saluran air, di Desa Sulang Kec. Sulang Selatan, Senin (27/03/23). https://t.co/mKaD2g0Xcp",
KAKANWIL KEMENKUMHAM JATENG Dr A YUSPAHRUDDIN:  Resmi! Rutan Rembang Teken MoU dengan RSI Arafah Rembang https://t.co/l4ESQfuQYe #KemenkumhamJateng #AYuspahruddin #KumhamPasti @Kemenkumham_RI @kemenkumhamjtg,
KAKANWIL KEMENKUMHAM JATENG Dr A YUSPAHRUDDIN:  Resmi! Rutan Rembang Teken Kerjasama Dengan RSI Arafah Rembang https://t.co/ElNoj750UV #KemenkumhamJateng #AYuspahruddin #KumhamPasti @Kemenkumham_RI @kemenkumhamjtg,
Anggota Kodim 0720/Rembang melaksanakan upacara bendera hari Senin tanggal 27/03/2023 di halaman Makodim 0720/Rembang dengan penuh khidmat. https://t.co/ziR5OjER8W,
"KAKANWIL KEMENKUMHAM JATENG Dr A YUSPAHRUDDIN:  Tingkatkan Sinergitas, Rutan Rembang Teken MoU dengan RSI Arafah Rembang https://t.co/gzJexEFI47 #KemenkumhamJateng #AYuspahruddin #KumhamPasti @Kemenkumham_RI @kemenkumhamjtg",
"KAKANWIL KEMENKUMHAM JATENG Dr A YUSPAHRUDDIN:  Tingkatkan Sinergitas, Rutan Rembang Teken MoU dengan RSI Arafah Rembang https://t.co/BGEB5sOim5 #KemenkumhamJateng #AYuspahruddin #KumhamPasti @Kemenkumham_RI @kemenkumhamjtg",
"Beberapa pekan lalu beredar video  dari kanal Youtube tentang  dua kelompok masyarakat bertengkar dan hampir terjadi perkelahian karena memperebutkan klaim pengelolaan hutan di Rembang, Jawa Tengah. Mengapa bisa terjadi? https://t.co/dt6d8YCBdL",
"KAKANWIL KEMENKUMHAM JATENG Dr A YUSPAHRUDDIN:  Tingkatkan Sinergitas, Rutan Rembang Teken MoU dengan RSI Arafah Rembang https://t.co/tBkBo1Stsj #KemenkumhamJateng #AYuspahruddin #KumhamPasti @Kemenkumham_RI @kemenkumhamjtg",
KAKANWIL KEMENKUMHAM JATENG Dr A YUSPAHRUDDIN:  Resmi! Rutan Rembang Teken MoU dengan RSI Arafah Rembang https://t.co/hctfzIPrLw #KemenkumhamJateng #AYuspahruddin #KumhamPasti @Kemenkumham_RI @kemenkumhamjtg,
KAKANWIL KEMENKUMHAM JATENG Dr A YUSPAHRUDDIN:  Resmi! Rutan Rembang Teken Kerjasama Dengan RSI Arafah Rembang https://t.co/7bOW6vzlgS #KemenkumhamJateng #AYuspahruddin #KumhamPasti @Kemenkumham_RI @kemenkumhamjtg,
155. KAKANWIL KEMENKUMHAM JATENG A YUSPAHRUDDIN : tingkatkan-sinergitas-rutan-rembang-teken-mou-dengan-rsi-arafah-rembang  https://t.co/84Pqfj7U1E,
145.KAKANWIL KEMENKUMHAM JATENG Dr A YUSPAHRUDDIN:  Resmi! Rutan Rembang Teken MoU dengan RSI Arafah Rembang https://t.co/AVQZhNAdyf #KemenkumhamJateng #AYuspahruddin #KumhamPasti @Kemenkumham_RI @kemenkumhamjtg,
144.KAKANWIL KEMENKUMHAM JATENG Dr A YUSPAHRUDDIN:  Resmi! Rutan Rembang Teken Kerjasama Dengan RSI Arafah Rembang https://t.co/BINPV34xD6 #KemenkumhamJateng #AYuspahruddin #KumhamPasti @Kemenkumham_RI @kemenkumhamjtg,
"155.KAKANWIL KEMENKUMHAM JATENG Dr A YUSPAHRUDDIN:  Tingkatkan Sinergitas, Rutan Rembang Teken MoU dengan RSI Arafah Rembang https://t.co/SUOoA7FnMu #KemenkumhamJateng #AYuspahruddin #KumhamPasti @Kemenkumham_RI @kemenkumhamjtg",
"BMKG memprakirakan sejumlah daerah di Jawa Tengah memasuki musim kemarau pada pertengahan April mendatang. Saat ini Kabupaten Pekalongan, Pemalang, Tegal, Demak, Jepara, Kudus, Pati, dan Rembang, tengah memasuki pancaroba  #bmkg  Cc: @infomitigasi   https://t.co/4UtvE3tIGr",
#TemanPemilih KPU Kabupaten Rembang mengikuti Rapat Pleno Rekapitulasi Verifikasi Administrasi Dukungan Minimal Pemilih Perbaikan Kedua dan Penentuan Sampel Verifikasi Faktual Kedua Dukungan Bakal Calon Anggota DPD (24/03)  #kpumelayani #pemiluserentak2024 https://t.co/GykHWQCTUX,
KAKANWIL KEMENKUMHAM JATENG Dr A YUSPAHRUDDIN:  Resmi! Rutan Rembang Teken Kerjasama Dengan RSI Arafah Rembang https://t.co/94BeXrhAeu #KemenkumhamJateng #AYuspahruddin #KumhamPasti @Kemenkumham_RI @kemenkumhamjtg,
KAKANWIL KEMENKUMHAM JATENG Dr A YUSPAHRUDDIN:  Resmi! Rutan Rembang Teken MoU dengan RSI Arafah Rembang https://t.co/vUuV7pWGdb #KemenkumhamJateng #AYuspahruddin #KumhamPasti @Kemenkumham_RI @kemenkumhamjtg,
"KAKANWIL KEMENKUMHAM JATENG Dr A YUSPAHRUDDIN:  Tingkatkan Sinergitas, Rutan Rembang Teken MoU dengan RSI Arafah Rembang https://t.co/p28v3M73h1 #KemenkumhamJateng #AYuspahruddin #KumhamPasti @Kemenkumham_RI @kemenkumhamjtg",
"KAKANWIL KEMENKUMHAM JATENG Dr A YUSPAHRUDDIN:  Tingkatkan Sinergitas, Rutan Rembang Teken MoU dengan RSI Arafah Rembang https://t.co/bDiJAkKHkw #KemenkumhamJateng #AYuspahruddin #KumhamPasti @Kemenkumham_RI @kemenkumhamjtg",
"155.KAKANWIL KEMENKUMHAM JATENG Dr A YUSPAHRUDDIN:  Tingkatkan Sinergitas, Rutan Rembang Teken MoU dengan RSI Arafah Rembang https://t.co/P5Im9pkTy9 #KemenkumhamJateng #AYuspahruddin #KumhamPasti @Kemenkumham_RI @kemenkumhamjtg",
"Minggu kedua sekolah start harini. Jammed boleh tahan sana sini sinun. Kit paler sis tgh hari rembang hantar anak, jalan jammed mcm ni raya ke apa ui",
@RJ_Carnation cantiknya rembang subuh,
"Pada hari Senin tanggal 27 Maret 2023, pukul 09.30 Wib Anggota Polsek Sale Polres Rembang Ps. Kanit Samapta Aiptu Mardi dan Briptu Syehan A, SH pada saat melaksanakan patroli di Dukuh Tuder Desa Wonokerto membantu pengaturan lalu lintas. https://t.co/v23vZYjYOt",
"Puasa Tak Jadi Penghalang Bagi WBP Rutan Rembang Untuk Berolahraga  Rembang, INFO PAS - Meskipun sedang menjalankan ibadah puasa di Bulan Ramadan, hal tersebut tidak menyurutkan semangat Warga Binaan Pemasyarakatan (WBP) Rutan Kelas IIB Rembang Kanwil Kemenkunham Jawa Tengah https://t.co/AFLKbjQZK2",
Astaga tengahari rembang ni.,
KAKANWIL KEMENKUMHAM JATENG A YUSPAHRUDDIN:  Resmi! Rutan Rembang Teken Kerjasama Dengan RSI Arafah Rembang https://t.co/CU2LZO9y26 #KemenkumhamJateng #AYuspahruddin #KumhamPasti @Kemenkumham_RI @kemenkumhamjtg,
@subakkiee heheheee ya begitulahh ta aku kalo pulang sepanjang demak-rembang remuk jalannya,
"Halo #SobATRBPN ,  Berikut kegiatan PELATARAN (Pelayanan Tanah Akhir Pekan) Kantor Pertanahan Kabupaten Rembang pada Minggu, 26 Maret 2023.  Jam pelayanan PELATARAN : Sabtu - Minggu 09.00 - 12.00  Bagi pemohon yang ingin mengurus sertipikatnya sendiri yaa..  #PELATARAN https://t.co/NPzD7mSB1E",
"Berkualitas, Kemasan Makanan Rembang WA  081-3311-74400 #Kantong Kertas  #Kemasan Makanan  #Kemasan Plastik  #Kemasan Bisnis https://t.co/ex5rU8DpKr",
"Berkualitas, Kemasan Produk Rembang WA  081-3311-74400 #Kemasan  #Kemasan Custom  #Kemasan Produk  #Lunch Box https://t.co/V7smBxG18d",
Siapa Bilang Hanya Bakso Malang yang Enak? Ini Dia 4 Warung Bakso Terlaris di Rembang! https://t.co/VNgK3Taf5b,
"Personil Polsek Rembang hadir di tengah masyarakat, melaksanakan Patroli BLP Malam hari mengantisipasi tindak kriminalitas dan Ganguan kamtibmas serta memberi rasa aman dan nyaman kepada warga yang ada di wilayah kecamatan Rembang. https://t.co/QkUyb2ngaJ",
KAKANWIL KEMENKUMHAM JATENG A YUSPAHRUDDIN:  Perdana! Rutan Rembang Teken MoU dengan RSI Arafah Rembang https://t.co/LkqqFL6XHd #KemenkumhamJateng #AYuspahruddin #KumhamPasti @Kemenkumham_RI @kemenkumhamjtg,
"Khususnya di Jawa Tengah, PLN mengoperasikan PLTU Tanjung Jati B di Jepara, PLTURembang dan PLTU Adipala di Cilacap. PLTU Tanjung Jati B mampu menghasilkan FABAsekitar 359.000 ton/ tahun, sementara PLTU Rembang menghasilkan 67.000 ton/tahun &amp  PLTU Adipala sebanyak 80.000 ton.",
"Halo #SobATRBPN ,  Berikut kegiatan PELATARAN (Pelayanan Tanah Akhir Pekan) Kantor Pertanahan Kabupaten Rembang pada Sabtu, 25 Maret 2023.  Jam pelayanan PELATARAN : Sabtu - Minggu 09.00 - 12.00 https://t.co/Sqvez3syRL",
"122.KAKANWIL KEMENKUMHAM JATENG A YUSPAHRUDDIN: Tingkatkan Sinergitas, Rutan Rembang Teken MoU dengan RSI Arafah Rembang https://t.co/ZBCDknHg3c #KemenkumhamJateng #AYuspahruddin #KumhamPasti @Kemenkumham_RI @kemenkumhamjtg",
121.KAKANWIL KEMENKUMHAM JATENG A YUSPAHRUDDIN:  Resmi! Rutan Rembang Teken Kerjasama Dengan RSI Arafah Rembang https://t.co/iZb0yK5xwz #KemenkumhamJateng #AYuspahruddin #KumhamPasti @Kemenkumham_RI @kemenkumhamjtg,
120.KAKANWIL KEMENKUMHAM JATENG A YUSPAHRUDDIN:  Perdana! Rutan Rembang Teken MoU dengan RSI Arafah Rembang https://t.co/QEiXy6nE8J #KemenkumhamJateng #AYuspahruddin #KumhamPasti @Kemenkumham_RI @kemenkumhamjtg,
"119.KAKANWIL KEMENKUMHAM JATENG A YUSPAHRUDDIN: Tingkatkan Kualitas Layanan Kesehatan, Rutan Rembang Teken MoU dengan RSI Arafah Rembang https://t.co/9ZhUBJBlux #KemenkumhamJateng #AYuspahruddin #KumhamPasti @Kemenkumham_RI @kemenkumhamjtg",
"DI MALIOBORO !, 0812-2353-6083 Guest House Hotel Dekat Malioboro Jogja Kabupaten Rembang https://t.co/5keoHXoRlv",
Dear @jntexpressid paket saya pake layanan jnd biar cepet sampai ini malah 3 hari belum sampai dari Rembang Semarang ..ku wa mau kuambil sendiri di gudang besar ga bisa katanya tapi ga diantar antar https://t.co/tdQllJxZks,
"Lowongan Kerja CV Harmoni Citra Warna Penempatan Semarang, Demak, Rembang, Blora, Cepu dan Sekitarnya  Info selengkapnya klik &gt &gt  https://t.co/M14nYVY9d5  #lokersemarang #lokersmg #lowongansemarang #lokersemar #semaker #lokercot #loker #semarang #lokerjateng #lokerjoglosemar #lo… https://t.co/6kHwutFaZE",
SOSIALISASI DAN PENDAMPINGAN PENERIMAAN BTT  Pemprov Jateng melalui BPBD Provinsi Jawa Tengah memberikan sosialisasi dan pendampingan penerimaan bantuan tak terduga Provinsi Jawa tengah bagi warga terdampak tanah gerak di Dukuh Grajen Desa Sumberejo Kec. Rembang Kab. Rembang https://t.co/gmr1QGycvF,
Scattered Thunderstorms Besok Suhu Udara di Rembang Tertinggi 88F dan Terendah 76F. by PT Amir Hajar Kilsi https://t.co/xzD4yP5ljf,
jual Stiker Mesin Cuci 2 Tabung Sailor Moon ~ https://t.co/zG9vVW4t88 #gresik #rembang #jepara #blitar #nganjuk #jember #jatim #bali,
Satlantas Polres Rembang Tegur Sopir Truk Parkir di Bahu Jalan https://t.co/fN1Q54PHeg,
Satlantas Polres Rembang Tegur Sopir Truk Parkir di Bahu Jalan https://t.co/0m6Epftc6i,
@pln_123 jam segini mati lampu wilyah Mrayun SALE REMBANG pusiiing pln oh pln,
"Kapolsek Rembang,Iptu Khaliman,SH, melaksanakan operasi miras, bersama anggota di Desa Losari,Rembang. https://t.co/HuZ2A41hdx",
KAKANWIL KEMENKUMHAM JATENG A YUSPAHRUDDIN: Resmi! Rutan Rembang Teken MoU dengan RSI Arafah Rembang  https://t.co/QR25YuFrFv #KemenkumhamJateng #AYuspahruddin #KumhamPasti @Kemenkumham_RI @kemenkumhamjtg,
"KAKANWIL KEMENKUMHAM JATENG A YUSPAHRUDDIN: Tingkatkan Sinergitas, Rutan Rembang Teken MoU dengan RSI Arafah Rembang  https://t.co/4OWNrgmoeB #KemenkumhamJateng #AYuspahruddin #KumhamPasti @Kemenkumham_RI @kemenkumhamjtg",
KAKANWIL KEMENKUMHAM JATENG A YUSPAHRUDDIN: Resmi! Rutan Rembang Teken Kerjasama Dengan RSI Arafah Rembang  https://t.co/zyHfmxuw1v #KemenkumhamJateng #AYuspahruddin #KumhamPasti @Kemenkumham_RI @kemenkumhamjtg,
KAKANWIL KEMENKUMHAM JATENG A YUSPAHRUDDIN: Perdana! Rutan Rembang Teken MoU dengan RSI Arafah Rembang  https://t.co/uqlIezy6jL #KemenkumhamJateng #AYuspahruddin #KumhamPasti @Kemenkumham_RI @kemenkumhamjtg,
"KAKANWIL KEMENKUMHAM JATENG A YUSPAHRUDDIN: Tingkatkan Kualitas Layanan Kesehatan, Rutan Rembang Teken MoU dengan RSI Arafah Rembang  https://t.co/NapgQqLS8h #KemenkumhamJateng #AYuspahruddin #KumhamPasti @Kemenkumham_RI @kemenkumhamjtg",
"Manjakan Warga Rembang, 50 Varian Menu Bukber di Fave Hotel Tak Bikin Kantong Jebol https://t.co/yCw5iQEQD6 via @KartiniTv",
"Ramadan 2023 di Rembang, Warkop Dibatasi dan Karaoke Tutup https://t.co/Ah15Emf7Zx via @KartiniTv",
KAKANWIL KEMENKUMHAM JATENG A YUSPAHRUDDIN: Resmi! Rutan Rembang Teken MoU dengan RSI Arafah Rembang https://t.co/CtNm7sjh2K #KemenkumhamJateng #AYuspahruddin #KumhamPasti @Kemenkumham_RI @kemenkumhamjtg,
"KAKANWIL KEMENKUMHAM JATENG A YUSPAHRUDDIN: Tingkatkan Sinergitas, Rutan Rembang Teken MoU dengan RSI Arafah Rembang https://t.co/X5pL0rvpn5 #KemenkumhamJateng #AYuspahruddin #KumhamPasti @Kemenkumham_RI @kemenkumhamjtg",
KAKANWIL KEMENKUMHAM JATENG A YUSPAHRUDDIN:  Resmi! Rutan Rembang Teken Kerjasama Dengan RSI Arafah Rembang https://t.co/Tg5JQf7gYT #KemenkumhamJateng #AYuspahruddin #KumhamPasti @Kemenkumham_RI @kemenkumhamjtg,
"Temuan Miras dan Pekerja Di Bawah Umur, Rembang Masih Diwarnai Pekat di Malam Ramadan https://t.co/gXueIaW4SP via @KartiniTv",
KAKANWIL KEMENKUMHAM JATENG A YUSPAHRUDDIN:  Perdana! Rutan Rembang Teken MoU dengan RSI Arafah Rembang https://t.co/ZjIPeHwU17 #KemenkumhamJateng #AYuspahruddin #KumhamPasti @Kemenkumham_RI @kemenkumhamjtg,
"Bulan Ramadan, Polres Rembang Akan Tindak Tegas Penjual Miras https://t.co/YFLi2FtZzp via @KartiniTv",
"Selamat Malam Rembang , Gunakan 4 menit dan katakan padaku tentang cerita hidupmu sedetail mungkin!  Kode Referral Neo Bank : HA4YK2  DOJAEJUNGiscoming https://t.co/S62G9NOU5h",
@ryandrahmad Yak betul.. Rembang Kota Santri,
KAKANWIL KEMENKUMHAM JATENG A YUSPAHRUDDIN: Resmi! Rutan Rembang Teken MoU dengan RSI Arafah Rembang https://t.co/LOg89H4503 #KemenkumhamJateng #AYuspahruddin #KumhamPasti @Kemenkumham_RI @kemenkumhamjtg,
"KAKANWIL KEMENKUMHAM JATENG A YUSPAHRUDDIN: Tingkatkan Sinergitas, Rutan Rembang Teken MoU dengan RSI Arafah Rembang https://t.co/gfalbPF4oF #KemenkumhamJateng #AYuspahruddin #KumhamPasti @Kemenkumham_RI @kemenkumhamjtg",
KAKANWIL KEMENKUMHAM JATENG A YUSPAHRUDDIN:  Resmi! Rutan Rembang Teken Kerjasama Dengan RSI Arafah Rembang https://t.co/tGwYIviAVo #KemenkumhamJateng #AYuspahruddin #KumhamPasti @Kemenkumham_RI @kemenkumhamjtg,
KAKANWIL KEMENKUMHAM JATENG A YUSPAHRUDDIN:  Perdana! Rutan Rembang Teken MoU dengan RSI Arafah Rembang https://t.co/6tj8ZqJURk #KemenkumhamJateng #AYuspahruddin #KumhamPasti @Kemenkumham_RI @kemenkumhamjtg,
KAKANWIL KEMENKUMHAM JATENG A YUSPAHRUDDIN:  Perdana! Rutan Rembang Teken MoU dengan RSI Arafah Rembang https://t.co/KBjxCwBNxr #KemenkumhamJateng #AYuspahruddin #KumhamPasti @Kemenkumham_RI @kemenkumhamjtg,
"KAKANWIL KEMENKUMHAM JATENG A YUSPAHRUDDIN: Tingkatkan Kualitas Layanan Kesehatan, Rutan Rembang Teken MoU dengan RSI Arafah Rembang https://t.co/XXE2tpsvcv #KemenkumhamJateng #AYuspahruddin #KumhamPasti @Kemenkumham_RI @kemenkumhamjtg",
"@vidyahahaa Main ke Rembang, Vid... Mumpung masih di Jgj 😁😁😁",
Buset  Nandu bumil dari Rembang ke Tuban 😵😵😵 Semoga Khusnul Khotimah,
"Aku meneng mok kiro cidro, Giliran obah mok celuk boyo:'(",
123.KAKANWIL KEMENKUMHAM JATENG A YUSPAHRUDDIN: Resmi! Rutan Rembang Teken MoU dengan RSI Arafah Rembang https://t.co/jWtmUGa5rb #KemenkumhamJateng #AYuspahruddin #KumhamPasti @Kemenkumham_RI @kemenkumhamjtg,
"122.KAKANWIL KEMENKUMHAM JATENG A YUSPAHRUDDIN: Tingkatkan Sinergitas, Rutan Rembang Teken MoU dengan RSI Arafah Rembang https://t.co/f5XcvepRNW #KemenkumhamJateng #AYuspahruddin #KumhamPasti @Kemenkumham_RI @kemenkumhamjtg",
121.KAKANWIL KEMENKUMHAM JATENG A YUSPAHRUDDIN:  Resmi! Rutan Rembang Teken Kerjasama Dengan RSI Arafah Rembang https://t.co/h7fEAzqXuA #KemenkumhamJateng #AYuspahruddin #KumhamPasti @Kemenkumham_RI @kemenkumhamjtg,
120.KAKANWIL KEMENKUMHAM JATENG A YUSPAHRUDDIN:  Perdana! Rutan Rembang Teken MoU dengan RSI Arafah Rembang https://t.co/P19km0YWT9 #KemenkumhamJateng #AYuspahruddin #KumhamPasti @Kemenkumham_RI @kemenkumhamjtg,
"119.KAKANWIL KEMENKUMHAM JATENG A YUSPAHRUDDIN: Tingkatkan Kualitas Layanan Kesehatan, Rutan Rembang Teken MoU dengan RSI Arafah Rembang https://t.co/1vvuEFANsK #KemenkumhamJateng #AYuspahruddin #KumhamPasti @Kemenkumham_RI @kemenkumhamjtg",
→ Let's G° ¡ ╭─╼╭━╮╿╿╭━╮┑╿┍ ┠─╼╰━╯╽╽╰━╯╰┻╯ ┷  ✨ 𝐁𝐞𝐛 𝐕𝐢𝐨 | ᵇᵃˢᵉ ˢᵘʳᵃᵇᵃʸᵃ     💞 @queensnow101       💞 @Imissyyu    💞 @BebVvii  Schedule Today at Surabaya 28-29 Malang  29-31 Surabaya  - April 1 Rembang 2-3 Pati https://t.co/5HlCswjBX4,
"KAKANWIL KEMENKUMHAM JATENG A YUSPAHRUDDIN: Tingkatkan Sinergitas, Rutan Rembang Teken MoU dengan RSI Arafah Rembang https://t.co/ARynZoJd2V #KemenkumhamJateng #AYuspahruddin #KumhamPasti @Kemenkumham_RI @kemenkumhamjtg",
KAKANWIL KEMENKUMHAM JATENG A YUSPAHRUDDIN:  Resmi! Rutan Rembang Teken Kerjasama Dengan RSI Arafah Rembang https://t.co/wfP6miPc1K #KemenkumhamJateng #AYuspahruddin #KumhamPasti @Kemenkumham_RI @kemenkumhamjtg,
KAKANWIL KEMENKUMHAM JATENG A YUSPAHRUDDIN:  Perdana! Rutan Rembang Teken MoU dengan RSI Arafah Rembang https://t.co/qm9Xgbprr1 #KemenkumhamJateng #AYuspahruddin #KumhamPasti @Kemenkumham_RI @kemenkumhamjtg,
"KAKANWIL KEMENKUMHAM JATENG A YUSPAHRUDDIN: Tingkatkan Kualitas Layanan Kesehatan, Rutan Rembang Teken MoU dengan RSI Arafah Rembang https://t.co/yiJskO4BdF #KemenkumhamJateng #AYuspahruddin #KumhamPasti @Kemenkumham_RI @kemenkumhamjtg",
"Rembang - Anggota Koramil Sumber Kodim 0720/Rbg Pada hari Sabtu, 25 Maret 2023 mengikuti donor darah bersama Polsek beserta masyarakat sekitar, bertempat di kediaman Bapak H  Arifin, Desa Krikilan Kec. Sumber Kab. Rembang. Semoga setetes darah bermanfaat bagi orang banyak. Aamin https://t.co/WJPJLFTwEi",
Kangen Rembang,
@PartaiSocmed Bapaku ex Kepala Pajak kab. Rembang (th 90an). Usia skrg 89 th. Tmn2nya yg pamer uang haram udah pada mati. Beliau masih menikmati Durian meski jalan kaki pakai alat. Dia ketawa saat lihat baca berita akhir2 ini. Foto 17 Jan 23 https://t.co/1enDHjrvS7,
Tidak ada kata terlalu tua Untuk bermimpi dan tidak ada Yang terlalu muda untuk mulai mewujudkannya.,
@batitongbaine Tegal pekalongan pemalang rembang lasem  tuban ?,
KAKANWIL KEMENKUMHAM JATENG A YUSPAHRUDDIN: Resmi! Rutan Rembang Teken MoU dengan RSI Arafah Rembang https://t.co/i8ZOJR9Whd #KemenkumhamJateng #AYuspahruddin #KumhamPasti @Kemenkumham_RI @kemenkumhamjtg,
"KAKANWIL KEMENKUMHAM JATENG A YUSPAHRUDDIN: Resmi! Rutan Rembang Teken MoU dengan RSI Arafah Rembang https://t.co/tjX2DilA2M #KemenkumhamJateng #AYuspahruddin #KumhamPasti @Kemenkumham_RI @kemenkumhamjtg,,",
"KAKANWIL KEMENKUMHAM JATENG A YUSPAHRUDDIN: Tingkatkan Sinergitas, Rutan Rembang Teken MoU dengan RSI Arafah Rembang https://t.co/oJIhbwcGq3 #KemenkumhamJateng #AYuspahruddin #KumhamPasti @Kemenkumham_RI @kemenkumhamjtg,,",
"KAKANWIL KEMENKUMHAM JATENG A YUSPAHRUDDIN:  Resmi! Rutan Rembang Teken Kerjasama Dengan RSI Arafah Rembang https://t.co/cLW5NxGOba #KemenkumhamJateng #AYuspahruddin #KumhamPasti @Kemenkumham_RI @kemenkumhamjtg,,",
"KAKANWIL KEMENKUMHAM JATENG A YUSPAHRUDDIN:  Perdana! Rutan Rembang Teken MoU dengan RSI Arafah Rembang,https://t.co/LL2R7OsjW7 #KemenkumhamJateng #AYuspahruddin #KumhamPasti @Kemenkumham_RI @kemenkumhamjtg,,",
Pantura lhosss macet dari arah rembang sampe pati,
@tanyakanrl Tulip asli rembang ?,
@jumintenkoplak @1d1d111111 Rembang   mau sarung yang motif unik buat hadiah keponakan yg lebaran ini minta khitan. biar kelihatan unik aja kalo sarungnya motif unik https://t.co/ZdzN9rOJqU,
jasa make up artist Kabupaten Rembang https://t.co/Th60G2lQBf,
"Dulu rumah kontrakan Kak @vidyahahaa kabongan kidul. Sekarang udah di renov bagus gini...  Ngga napak tilas ke Rembang, Kak? https://t.co/QRi2qKvmrg",
#TemanPemilih Berikut Laporan Coklit tanggal 22 februari - 4 Maret 2023 Desa Cangkring Rembang  #pemili2024 #PemiluSerentak2024 https://t.co/9iOyr2UaOw,
#TemanPemilih Berikut Laporan Coklit tanggal 12 februari - 21 Februari 2023 Desa Cangkring Rembang  #pemili2024 #PemiluSerentak2024 https://t.co/fyoAvykhfj,
@HizbutTembakau saiki sing enak ngendi? sopo ngeri riyaya sesuk aku iso dolan antarane Demak teko Rembang/Blora,
Kigelia africana terxta baxk di Alun-alun Kota Rembang 🌳 - cc @mvngadulu @dmwsdq https://t.co/BkNS1G8yV4,
"Bhabinkamtibmas Polsek Rembang Aipda Harlan melaksanakan himbauan kepada pengunjung ATM untuk berhati hati setelah mengambil uang. , Minggu (26/03/23) #polrespurbalingga #humaspolrespurbalingga #polisi_indonesia #polisirepublikindonesia #polisiindonesia https://t.co/RVYhUfS2kx",
"@rzqyrahma Perek lah Bayangna jajal ko umahe nang rembang, ming kota serasa ming pwt wkwk",
"Dishanpan Prov Jateng menggelar Bazar Pangan Murah di Stadion Krida Kabupaten Rembang. Bazar Pangan Murah digelar untuk menyambut HBKN serta menjaga stabilisasi pasokan dan harga pangan, menjamin akses pangan dan keterjangkauan pangan masyarakat.   https://t.co/DH0tVYovd5",
"@HizbutTembakau Kemungkinan di akhir pemerintahan ini, hanya sampai Kudus atau Pati.  Rembang khabarnya ada masalah rute. Konsultannya takut sama kelompok² gak jelas.",
"Personil Polsek Rembang hadir di tengah masyarakat, memberikan himbauan kamtibmas kepada pemuda di desa Pasarbanggi Rembang untuk berperan aktif menjaga situasi kamtibmas https://t.co/vpSf1cZol9",
@queerisy Dom rembang jateng,
@FWBSmg Rembang,
@mimiknenen Rembang,
"Pada hari Minggu tanggal 26 Maret 2023, pukul 09.30 Wib Anggota Polsek Sale Polres Rembang Ps. KSPKT I Aiptu Eri Wibowo, SH dan Briptu Roni, SH membantu warga yang sedang melaksanakan kerja bakti memperbaiki paving di Masjid Baitus Shomad Desa Mrayun, Kecamatan Sale. https://t.co/DDsiJx5rsY",
"@Widino Domisili rembang Jawa Tengah bang, pengen coba  😁",
"Ini la namanya cerodek… Silap hari bulan bersepai kena sapu dengan lori 10 tayar… Konon lawa tukar lampu aftermarket kedai ah beng, tak sedor menyusahkan orang… Tengah hari rembang mana nak nampaknya lampu signal tu yeop… https://t.co/Yd6CN1rewR",
Pelaksanaan Kegiatan Operasi pekat / miras di wilayah Polsek Gunem Rembang.  #polri  #polresrembang  #kapolresrembang  #polripresisi https://t.co/QPTL0DlfTh,
"Mbok tenani yha oke,mbok gawe dolanan yha manut.",
"[2]dikemudikan lelaki inisial RDW (27) warga Banyuwangi menyerempet sepeda motor Revo dengan plat nomor K 3896 RW yang dikendarai Siswanto warga Rembang Jawa Tengah. Motor yang oleng usai diserempet bus, lalu menabrak pengayuh sepeda ontel.  AKP Mulya Sugiarto, Kasatlantas Polres",
Scattered Thunderstorms Besok Suhu Udara di Rembang Tertinggi 88F dan Terendah 76F. by PT Amir Hajar Kilsi https://t.co/ZqSfvQn5CV,
[Puisi] Rembang pagi https://t.co/nhgceb7H5h   fiksi ku yang pagi ini semoga semua senang membacanya,
Surya Bali.  Trayek Denpasar - Surabaya - Lamongan - Tuban - Rembang - Pati - Kudus - Demak - Jepara. https://t.co/NO3xd8h6bV,
"Ulama ahli Qur’an dan Tafsir asal Kab. Rembang, KH Ahmad Bahauddin Nursalim (Gus Baha), dalam suatu majelis pengajian kitab, menjelaskan tentang enam perkara sebagai kunci untuk membuka pintu Surga dan menutup pintu Neraka. Sayyidina Ali bin Abi Thalib… https://t.co/WDF4Zq3OZ5",
"Razia Malam Ramadan, Petugas Temukan Miras hingga Pekerja di Bawah Umur #rembang #wartarembang  https://t.co/Bzp5QpmQj0 https://t.co/j0dl9iDhIE",
@aditia_ptraa @iivansxx No komen kids🙏🏻mungkin ada rekomen dari wilayah rembang?,
Monev Tata kelola pemerintahan Desa dari Dinpermades Kab Rembang https://t.co/ADvgpcRlms,
"@chaintodman @undipmenfess Demak plat nya H mas seh (karisidenan Semarang/KeDUngSePur minus Purwodadi karena pindah ke Muria raya : Kendal Demak Ungaran Salatiga Semarang Purwodadi) , kalau Plat K itu karisidenan Pati/Muria raya (Pati,Kudus,Jepara,Rembang,Blora,Grobogan)",
"@garistengah_id Mbok ya sebelum benar2 memutuskan pensiun, mampir dulu ke PSIR Rembang.",
"Maimun Zubair adalah ulama besar Indonesia dan tokoh sepuh NU yang memimpin pondok pesantren Al Anwar di Rembang, Jawa Tengah. Mbah Moen wafat pada 6 Agustus 2019 lalu pada saat almarhum menjalankan rangkaian ibadah Haji.",
"Maimun Zubair adalah ulama besar Indonesia dan tokoh sepuh NU yang memimpin pondok pesantren Al Anwar di Rembang, Jawa Tengah. Mbah Moen wafat pada 6 Agustus 2019 lalu pada saat almarhum menjalankan rangkaian ibadah Haji.",
"Maimun Zubair adalah ulama besar Indonesia dan tokoh sepuh NU yang memimpin pondok pesantren Al Anwar di Rembang, Jawa Tengah. Mbah Moen wafat pada 6 Agustus 2019 lalu pada saat almarhum menjalankan rangkaian ibadah Haji.",
Latepost: Monitoring APBDes Taa 2022 dari Inspektorat Kab. Rembang. Mengecek pekerjaan fisik di TA. 2022.  @mbah_hafidz gus @bappedarembang @rembangkab @kominforebang @humasrembang @ganjar_owo @DISPERMADES_JTG https://t.co/qqeXV54ine,
"Ora perlu ganteng,sek penting tulus.ucapane wong wedok sek bar nguntal dompleng sak solare.",
"Selamat Menunaikan ibadah puasa, Ramadhan 1444 H.   @kpurembang @kpu_ri @bawaslu_rembang @gus.hanies @mbah_hafidz @hasirohhafidz @om_desti @ppk_kaliori @kpujateng https://t.co/oMkTnepOGW",
"@Widino AKU MAUUUU, dom rembang jateng huhu mau bangett, kemaren aku baru nyoba sekali karena lagi diskon dan ternyata enyaakkkk pol, buat aku yang suka keju banget ini nagih sih😭😭😭 aku pengen lagii karena yang kemaren aku salah simpen, jamuran deh kejunya 😭😭😭",
"@cak_surrrr Rembang ga banjir mas, cm elek wae dalane, lg d perbaiki",
Owhh btw today dpt makan Murtabak order via @GrabMY aja! Xda masa lah nak p bratoq pjg panas2 rembang ptg td 😫😜 #syukurramadan #iftar #Puasa2023,
"REMBANG – Babinsa Koramil 04/Sumber Kodim 0720/Rembang  Sertu Damirin melaksanakan kegiatan Komunikasi Sosial (Komsos) dengan masyarakat para pekerja yang sedang bekerja membangun rumah salah satu warga Desa Ronggomulyo, Kecamatan Sumber, Kabupaten Rembang, Sabtu (25/03/2023). https://t.co/9pjokCjSD3",
Tetap tenang di era orang orang ngabuburit bareng Ayang 😒,
@Widino aq jauh bisa dapet ngak ya domisili rembang jawa tengah,
Sekejap lewat hari ini  sesaat kukira masih pagi  ternyata masuk rembang senja..  Matahari jingga membayang di air muara   di kejauhan orang bershalawat dan menyiapkan hidangan berbuka..  Tidakkah kau merasakan nyaman tanpa alasan ?  Nikmat mana lagi yg hendak kau dustakan ? https://t.co/FvZjjwvngJ,
"@dmwsdq Bukan Kak, itu aku nulis Tectona buat lucu lucuan aja... kerana di Rembang terkenalnya itu pohon di Wisma Tectona...  Nama aslinya: Kigelia africana  Kalau: Tectona grandis = pohon jati",
"@rainfoerest @sukapelukkk @PasuruanFess Sama seperti jawaban dibawah kak. Ada raci, Bangil, Rembang. Tinggal kamu lebih nyaman dimana dan pertimbangan2 lainnya.",
@Nasikin_MA @felixsiauw Itu mas faizun orang Rembang tapi menetap di Jogja,
Personil Polsek Rembang hadir di tengah masyarakat melaksanakan pengamanan acara Gelar Pangan Murah dalam rangka Stabilitas Harga Pangan di stadion Krida Rembang https://t.co/xWDBsiSFwA,
"Sejumlah warung kopi di Kabupaten Rembang diketahui masih nekat beroperasi saat bulan Ramadhan. Hal itu terungkap dalam kegiatan razia warkop dan kafe karaoke di Rembang, Jumat (25/3/2023) malam.   Baca selengkapnya:   https://t.co/rCbNV2F0c9",
"Pada hari Sabtu tanggal 25 Maret 2023, pukul 11.40 Wib Anggota Polsek Sale Polres Rembang Ps. KSPKT III Aipda Wiharno dan Briptu Erwin Dwi Prasetyo membantu pengaturan lalu lintas karena sedang ada pengecoran bahu jalan di Jalan Raya Sale - Jatirogo. https://t.co/4VMu0YsHso",
filosofi sejarah harga sarong #batik #lasem tulis pesisir rembang tiga negeri #indonesia #batikfabric https://t.co/bbWWa5Hz2O,
"march so far: dolan dadakan, ngonser, ngepameran seni, shooting pideo profil perusahaan, balik rembang bentar (wajib sebulan sekali sejak y-team), balik jogja, beli bakpo, kena marah, siap salah, dan minta maaf~ https://t.co/YJRdpE5knm",
"Terimakasih mas sudah order massage (orang baik😘🙏🏻 Reall akun No klik👉link WA , https://t.co/TWT5EltoPG  Semoga,puas dengan  pelayanan service pijat Semua kembali ke’selera/  Thanks for Order massage(private🚗luar kota nya😘😘😘😘/kota rembang!#pijatrembang https://t.co/5FYBk6XlAw",
"#BeritaJateng  Jadwal Imsak dan Buka Puasa Kudus, Jepara, Pati, Blora, Rembang, 25 Maret 2023 #jadwalimsakdanbukapuasa #kudusraya  https://t.co/YEHJWzuseP",
Prinsip ku sekarang jadi diri sendiri Ngga perlu jadi orang lain Karna dokumen asli lebih penting dari pada fotocopy.,
SARANA GREENHOUSE DI REMBANG https://t.co/ec46Zxat2W via @YouTube,
"Rembang, Kafe Karaoke Harus Tutup dan Jam Operasional Warkop Dibatasi Selama Ramadhan https://t.co/9BE59PTds4",
KAKANWIL KEMENKUMHAM JATENG A YUSPAHRUDDIN:  Suasana Sholat Tarawih di Dalam Rutan Rembang https://t.co/ntJAgeEzjq #KemenkumhamJateng #AYuspahruddin #KumhamPasti @Kemenkumham_RI @kemenkumhamjtg,
"Kasih saran dong Cara move on dari orang yang sudah bikin kita sakit hati Bikin kita sedih,kecewa cara nya gimna",
Scattered Thunderstorms Besok Suhu Udara di Rembang Tertinggi 88F dan Terendah 76F. by PT Amir Hajar Kilsi https://t.co/YKAQCPrpMj,
"Makanya jujur sy agak heran kenapako bisa naik jadi kaisar NA JELLE SKLI SIFATMU 😭😭.  Oklah rembang terpilih grgr cowonya naik jd kaisar. But, still. Out of all the people harus sekali kau berdua??😭😭",
"@dwinucleo Iyo mas, kemaren juga ada rombongan jamaah umroh dari Rembang, Jateng . Udah sampai di Bandara Jogja, katanya tiket ke Saudi nya ga ada, biro nya kabur, sedih bgt",
"Jangan lupa his partner in crime, ibu rembang tersayangnya 🤓☝🏻. Sudah jelle ketuanya sama rembangnya, jelle lagi premis IMC nya🥵🥵 masih moko",
"Pengasuh Pesantren Tahfidzul Qur’an LP3IA Rembang, KH. Ahmad Bahauddin Nur Salim, baru-baru ini membahas tentang keberkahan menghafal Surah al-Mulk dalam sebuah pengajian. Ulama yang lebih dikenal dengan sebutan Gus Baha ini mengungkapkan bahwa Alquran… https://t.co/O1BGg6gKUy",
Lihat postingan ini… “Sewa boom lift di semarang kudus pati pemalang kendal batang rembang jepara “. https://t.co/4CIr00rCuR,
"Jadwal Imsak dan Buka Puasa Kudus, Jepara, Pati, Blora, Rembang, 25 Maret 2023 #jadwalimsakdanbukapuasa https://t.co/YEHJWzuseP",
Esok mungkin dah biasa skit. Aku ni asal nak suap anak je mst laju je tgn nak ke mulut pasal nak rs panas ke tam 😂 adehh semalam nyaris2 ye nak telan hujung2 sudu tu. Bancuh air pun lahhhh. Kak yong pulak rajin mintak oren la sirap la tghri rembang 🥲,
"Al-Ibriiz Terjemah al-Quran Bahasa Jawa  Karya KH. Bisri Mustofa, Rembang  - Latin, 1 jilid - Pegon, 3 jilid  Pemesanan ke https://t.co/d8p9GOkThx https://t.co/1upfA4PcVo",
Peretas berhasil mencuri #Database milik #kabupatrn #rembang #Indonesia,
Kelaran? Yo pantes wong raiku koyo bar maghrib:),
"jauh jauh dari semarang ke rembang berangkat kelar praktikum cuma buat minta maaf doang, ini sih bukan pacar tapi calon suami😤😤 https://t.co/hs4kaPPNSN",
75.KAKANWIL KEMENKUMHAM JATENG A YUSPAHRUDDIN: Rutan Rembang tetap Fasilitasi WBP Dalam Laksanakan Sholat Tarawih di Bulan Ramadan https://t.co/fcAFCS4NcH #KemenkumhamJateng #AYuspahruddin #KumhamPasti @Kemenkumham_RI @kemenkumhamjtg,
"74.KAKANWIL KEMENKUMHAM JATENG A YUSPAHRUDDIN:  Walau Sedang Menjalani Pidana, WBP Rutan Rembang Tetap Laksanakan Salat Tarawih https://t.co/n9z8VxGXle #KemenkumhamJateng #AYuspahruddin #KumhamPasti @Kemenkumham_RI @kemenkumhamjtg",
73.KAKANWIL KEMENKUMHAM JATENG A YUSPAHRUDDIN:  Suasana Sholat Tarawih di Dalam Rutan Rembang https://t.co/RwcoXFv4jW #KemenkumhamJateng #AYuspahruddin #KumhamPasti @Kemenkumham_RI @kemenkumhamjtg,
72.KAKANWIL KEMENKUMHAM JATENG A YUSPAHRUDDIN: Antusiasme WBP Rutan Rembang Ikuti Pelaksanaan Sholat Tarawih di Dalam Rutan https://t.co/t3x60uqfq6 #KemenkumhamJateng #AYuspahruddin #KumhamPasti @Kemenkumham_RI @kemenkumhamjtg,
"Nek wong wedok nesu ojo mbok bales nesu, ojo mbok cueki, ojo mbok tinggal ngopi, maen game, wong wedok kui nek mong trimo kon poso ngomong betahe pol senajano koe ora salah tetep o jalok sepuro. ndang dipeluk, diambung mesti lak nesune langsung ilang :)",
pantura pati-rembang apa kabar?,
@AndisBrighter @fahriteguh1 Tau-tau nyampe Rembang,
75.Rutan Rembang tetap Fasilitasi WBP Dalam Laksanakan Sholat Tarawih di Bulan Ramadan https://t.co/Funyg2auUb,
"74. Walau Sedang Menjalani Pidana, WBP Rutan Rembang Tetap Laksanakan Salat Tarawih https://t.co/nklxI98Koc",
73. Suasana Sholat Tarawih di Dalam Rutan Rembang https://t.co/bPMvqPd2h0,
72.Antusiasme WBP Rutan Rembang Ikuti Pelaksanaan Sholat Tarawih di Dalam Rutan https://t.co/z2lD99UPHP,
#FotoProfilBaru https://t.co/gw7jecpMiI,
KAKANWIL KEMENKUMHAM JATENG A YUSPAHRUDDIN: Rutan Rembang tetap Fasilitasi WBP Dalam Laksanakan Sholat Tarawih di Bulan Ramadan https://t.co/l4mP6Bhvpl,
23 Maret 2023 Selamat ulang tahun yang ke 5 untuk Outlet Ok Bento Rembang Jawa Tengah 😍  Semoga selalu diberi kelancaran dan keberkahan 🤲 Aamiin YRA https://t.co/0Ocb01MIfP,
Aku dah pernah beli. Secara dulu selalu lewat purwodadi kalo mau ke Rembang. Tapi aku wes keno onjo-onjone Cap Tiga Keong Produksi Juwana mbak.,
"Satu-satunya gol semata wayangnya dicetak saat Persebaya 1927 menghajar PSIR Rembang dengan skor 5-2 di laga tanpa penonton di Stadion Jala Krida Bumimoro, Surabaya. Gol ini memanfaatkan umpan tendangan penjuru terukur yang diberikan oleh Andik Vermansah. #gorangancev",
@SyakirAhmd__ Panas rembang lak mata mesti kena sayup je kir.,
bener bener kena culture shock di rembang,
KAKANWIL KEMENKUMHAM JATENG A YUSPAHRUDDIN: Rutan Rembang tetap Fasilitasi WBP Dalam Laksanakan Sholat Tarawih di Bulan Ramadan https://t.co/NWud5ZkNSA #KemenkumhamJateng #AYuspahruddin #KumhamPasti @Kemenkumham_RI @kemenkumhamjtg,
"KAKANWIL KEMENKUMHAM JATENG A YUSPAHRUDDIN: Walau Sedang Menjalani Pidana, WBP Rutan Rembang Tetap Laksanakan Salat Tarawih https://t.co/aplmZdMA1I #KemenkumhamJateng #AYuspahruddin #KumhamPasti @Kemenkumham_RI @kemenkumhamjtg",
KAKANWIL KEMENKUMHAM JATENG A YUSPAHRUDDIN: Suasana Sholat Tarawih di Dalam Rutan Rembang https://t.co/W5S4n18ftx #KemenkumhamJateng #AYuspahruddin #KumhamPasti @Kemenkumham_RI @kemenkumhamjtg,
KAKANWIL KEMENKUMHAM JATENG A YUSPAHRUDDIN: Antusiasme WBP Rutan Rembang Ikuti Pelaksanaan Sholat Tarawih di Dalam Rutan https://t.co/FLS5Wo3M4W #KemenkumhamJateng #AYuspahruddin #KumhamPasti @Kemenkumham_RI @kemenkumhamjtg,
"KAKANWIL KEMENKUMHAM JATENG A YUSPAHRUDDIN: Rutan Rembang tetap Fasilitasi WBP Dalam Laksanakan Sholat Tarawih di Bulan Ramadan https://t.co/GlZd66fy2I #KemenkumhamJateng #AYuspahruddin #KumhamPasti @Kemenkumham_RI @kemenkumhamjtg,",
"@junimendo007 Kemaren aja pesenin baju kekecilan. Dia kan di Bandung, aku di Rembang. Makanya pengen lihat fotonya. Klo VC jg gitu aja gak jelas",
KAKANWIL KEMENKUMHAM JATENG A YUSPAHRUDDIN:  Suasana Sholat Tarawih di Dalam Rutan Rembang https://t.co/fHldFhWwyk #KemenkumhamJateng #AYuspahruddin #KumhamPasti @Kemenkumham_RI @kemenkumhamjtg,
KAKANWIL KEMENKUMHAM JATENG A YUSPAHRUDDIN: Antusiasme WBP Rutan Rembang Ikuti Pelaksanaan Sholat Tarawih di Dalam Rutan https://t.co/BoaUKdPRIM #KemenkumhamJateng #AYuspahruddin #KumhamPasti @Kemenkumham_RI @kemenkumhamjtg,
73.KAKANWIL KEMENKUMHAM JATENG A YUSPAHRUDDIN:  Suasana Sholat Tarawih di Dalam Rutan Rembang https://t.co/yzPjE2BUOA #KemenkumhamJateng #AYuspahruddin #KumhamPasti @Kemenkumham_RI @kemenkumhamjtg,
72.KAKANWIL KEMENKUMHAM JATENG A YUSPAHRUDDIN: Antusiasme WBP Rutan Rembang Ikuti Pelaksanaan Sholat Tarawih di Dalam Rutan https://t.co/hUdPdycZw0 #KemenkumhamJateng #AYuspahruddin #KumhamPasti @Kemenkumham_RI @kemenkumhamjtg,
rembang-srengenge 15 cm. jan kroso pol ndase mlethek2 kepanasen. subhanallah,
KAKANWIL KEMENKUMHAM JATENG A YUSPAHRUDDIN:  Suasana Sholat Tarawih di Dalam Rutan Rembang https://t.co/E4QSNyUogW #KemenkumhamJateng #AYuspahruddin #KumhamPasti @Kemenkumham_RI @kemenkumhamjtg,
KAKANWIL KEMENKUMHAM JATENG A YUSPAHRUDDIN: Antusiasme WBP Rutan Rembang Ikuti Pelaksanaan Sholat Tarawih di Dalam Rutan https://t.co/jk9QYAAY26 #KemenkumhamJateng #AYuspahruddin #KumhamPasti @Kemenkumham_RI @kemenkumhamjtg,
KAKANWIL KEMENKUMHAM JATENG A YUSPAHRUDDIN:  Suasana Sholat Tarawih di Dalam Rutan Rembang https://t.co/wYaRu65yRe #KemenkumhamJateng #AYuspahruddin #KumhamPasti @Kemenkumham_RI @kemenkumhamjtg,
KAKANWIL KEMENKUMHAM JATENG A YUSPAHRUDDIN: Antusiasme WBP Rutan Rembang Ikuti Pelaksanaan Sholat Tarawih di Dalam Rutan https://t.co/mYmeTi1b7y #KemenkumhamJateng #AYuspahruddin #KumhamPasti @Kemenkumham_RI @kemenkumhamjtg,
KAKANWIL KEMENKUMHAM JATENG A YUSPAHRUDDIN: Rutan Rembang tetap Fasilitasi WBP Dalam Laksanakan Sholat Tarawih di Bulan Ramadan https://t.co/Fz4JYadzbM #KemenkumhamJateng #AYuspahruddin #KumhamPasti @Kemenkumham_RI @kemenkumhamjtg,
"KAKANWIL KEMENKUMHAM JATENG A YUSPAHRUDDIN:  Walau Sedang Menjalani Pidana, WBP Rutan Rembang Tetap Laksanakan Salat Tarawih https://t.co/YJXIKRbxMz #KemenkumhamJateng #AYuspahruddin #KumhamPasti @Kemenkumham_RI @kemenkumhamjtg",
Puasa saat Rembang lg terik teriknyaa 🔥,
jual Stiker Kompor 2 Tungku Frozen ~ https://t.co/vzOiiMbvsx  #pati #kudus #rembang #purwodadi #demak #cepu #blora #boyolali,
"@ch0cohazelmut Done ka ,bismillahirahmanirahim ✨PAKET A REMBANG https://t.co/WYMaNDhpMM",
"REMBANG – Bahas hasil tangkapan ikan, Komsos merupakan metode pembinaan teritorial yang dilakukan oleh Babinsa dalam rangka membangun serta menjaga hubungan baik antara aparat kewilayahan dengan masyarakat yang ada di wilayah binaannya. https://t.co/DyJfcQqgAt",
"Selamat KOPWAN Karya Mandiri Kelurahan Rembang yang telah melaksanakan Rapat Anggota Tahunan Tutup Buku 2022 pada hari Rabu, 22 Maret 2023.  Turut hadir dalam acara tersebut, Kepala Bidang Pemberdayaan Koperasi Dinas Koperasi, UKM dan Tenaga Kerja Kota Blitar Siti Mutmainah, SE. https://t.co/imRGYla8s9",
@mntllljellyy @tanyarlfes Tetanggane Rembang 😀,
"REMBANG - Turut membantu masyarakat yang menjadi binaannya, Sertu Karyono Babinsa Koramil 04/Sumber mendampingi petani menjemur hasil panen padi milik warga  binaan Desa Polbayem Kecamatan Sumber Kabupaten Rembang, Jumat (24/03/2023). https://t.co/IGySr9Okbn",
"PLTU Tanjung Jati B mampu menghasilkan FABA sekitar 359.000 ton per tahun, sementara PLTU Rembang menghasilkan 67.000 ton per tahun dan PLTU Adipala sebanyak 80.000 ton.  #PLN #ManfaatFABAPLN  #FightingClimateChange #PanturaLestari #EnergiBaruTerbarukan #PLNUntukIndonesia https://t.co/QAdQGgr7BT",
"Khususnya di Jawa Tengah, PLN mengoperasikan PLTU Tanjung Jati B di Jepara, PLTU Rembang dan PLTU Adipala di Cilacap.   #PLN #ManfaatFABAPLN  #FightingClimateChange #PanturaLestari #EnergiBaruTerbarukan #PLNUntukIndonesia #BUMNUntukASEAN2023 #IndonesiaUntukASEAN https://t.co/RoFCjtLlic",
Motoran budal rembang opo gak tambah ireng dop rainya 😂,
"PLTU Tanjung Jati B mampu menghasilkan FABA sekitar 359.000 ton per tahun, sementara PLTU Rembang menghasilkan 67.000 ton per tahun dan PLTU Adipala sebanyak 80.000 ton.  #PLN #ManfaatFABAPLN  #FightingClimateChange #PanturaLestari #EnergiBaruTerbarukan #PLNUntukIndonesia https://t.co/m5hCuuLI09",
"Khususnya di Jawa Tengah, PLN mengoperasikan PLTU Tanjung Jati B di Jepara, PLTU Rembang dan PLTU Adipala di Cilacap.   #PLN #ManfaatFABAPLN  #FightingClimateChange #PanturaLestari #EnergiBaruTerbarukan #PLNUntukIndonesia #BUMNUntukASEAN2023 #IndonesiaUntukASEAN https://t.co/2ldF66S7mf",
Warga di Rembang ini kesulitan melintas gegara akses jalan terhalang tiang listrik https://t.co/tuBBJg5LI6,
bakar line mat tengah hari rembang dia payung ayam gepuk. celaka betul hm,
Harini @khairulaming datang dengan Ayam Gepuk gaissss di tengah hari rembang ni,
@bliblidotcom Rembang #BliMinBeliin #BlibliSelalu,
@Faizin_Merah @LaporGub_ @BPBD_Rembang @ganjarpranowo Segera kami Koordinasikan dengan @BPBD_Rembang dan kami yakin pemkab rembang melakukan percepatan penanganan benc dimaksud. Terimakasih,
Jumat Curhat Polsek Bulu Polres Rembang bersama pemerintah desa Mantingan Kec.Bulu Kab.Rembang  #kapolresrembang #polresrembang #polsekbulu #polripresisi @HumasResRembang https://t.co/ld25xoPVpk,
Yg dok rt porn siang2 tengah2 hari rembang ni ok ka tak ok...posa sebulan ja bang...stop la sat...sebulan ja pun...,
"@estehbatu @tanyarlfes Rembang g si??soalnya aku PKL di rembang org2 sana ngomongnya gini semua, ibu kosku jg ,tiap diajak ngomong aku cuma ngah ngoh doang😭😭pernah beliau ngomong gini sama ebesem sampun ditf ta mba kok njajan terus, lk dimarahin mamiem pie leh"" gw cuma mringis aja krn g paham😭😭""",
"Rutan Rembang Tetap Fasilitasi WBP Dalam Melaksanakan Sholat Tarawih  Rembang, INFO PAS - Selama satu bulan mendatang, umat muslim akan menjalankan ibadah puasa, tak terkecuali bagi Warga Binaan Pemasyarakatan (WBP) Rutan Kelas IIB Rembang. https://t.co/mQ7HRvNZQ4",
"Pada hari Jum'at tanggal 24 Maret 2023, pukul 09.30 Wib Anggota Polsek Sale Polres Rembang Ps. Kanit Propam Aipda Aritiyono, SH dan Bripka Aang Oktavianto, SH pada saat melaksankan Patroli di Indomaret Sale membantu orang menaikan barang belanjaan ke spm. https://t.co/9F1zOZbOk0",
"Khususnya di Jawa Tengah, PLN mengoperasikan PLTU Tanjung Jati B di Jepara, PLTU Rembang dan PLTU Adipala di Cilacap. PLTU Tanjung Jati B mampu menghasilkan FABA sekitar 359.000 ton per tahun, #EnergiBaruTerbarukan #PLNUntukIndonesia #UnleashingEnergyandBeyond #BUMNUntukASEAN2023 https://t.co/YEasEYj7uw",
"Jumat Curhat Polsek Sale, 24-3-2023 di Warkop milik sdr. Jaenuri Desa Sale, Kec. Sale, Kab. Rembang. https://t.co/Q28u9iE6AJ",
"#TemanPemilih, selama Bulan Suci Ramadhan 1444 H, KPU Kabupaten Rembang tetap bekerja melayani masyarakat. Inilah jam kerja Pegawai KPU Kabupaten Rembang selama Bulan Ramadan.  #KPUMelayani #PemiluSerentak2024 https://t.co/MzMX92jMaB",
Repost Bhabinkamtibmas Polsek Rembang  Aipda Harlan Felani menyampaikan Kajian Kitab Fathul Qorib Pasal Puasa Ramadhan pada Kultum Bada Subuh di Mushola Darul Hijrah Desa Bodaskarangjati  #humaspoldajateng #humaspolrespurbalingga #humaspolri  #ditbinmaspoldajateng  #polisisantri https://t.co/6trD9hBQW0,
"Sosialisai Gratifikasi, SPIP, dan Benturan Kepentingan Polres Rembang dalam rangka pembangunan Zona Integritas menuju WBK dan WBBM Polres Rembang Tahun 2023 https://t.co/G2tJL8yl7w",
"PLTU Tanjung Jati B mampu menghasilkan FABA sekitar 359.000 ton per tahun, sementara PLTU Rembang menghasilkan 67.000 ton per tahun dan PLTU Adipala sebanyak 80.000 ton.  #PLN #ManfaatFABAPLN  #FightingClimateChange #PanturaLestari #EnergiBaruTerbarukan #PLNUntukIndonesia https://t.co/ZfeJu3RGXn",
"Khususnya di Jawa Tengah, PLN mengoperasikan PLTU Tanjung Jati B di Jepara, PLTU Rembang dan PLTU Adipala di Cilacap  #PLN #ManfaatFABAPLN  #FightingClimateChange #PanturaLestari #EnergiBaruTerbarukan #PLNUntukIndonesia #UnleashingEnergyandBeyond #BUMNUntukASEAN2023 https://t.co/JucBBRID8P",
Anggota Polres Rembang mengikuti Zoom Meeting Pembinaan Rohani Islam KHATAMAN AL QUR'AN (JUZ 1) Bagi Pegawai Negeri Pada Polri Tingkat Polda Jateng di Masjid An-Nuraniyah Polres Rembang.   #polri #polresrembang  #kapolresrembang  #polripresisi https://t.co/RhdqtGk3vo,
"@BPBD_Rembang @Faizin_Merah @ganjarpranowo Terimakasih infonya kakmin, monggo kak @Faizin_Merah",
"@Faizin_Merah @ganjarpranowo @LaporGub_ 1. Penanganan darurat evakuasi warga dan pembuatan Huntara  2. Bantuan stimulus rumah terdampak melalui BTT provinsi, dan sudah tahap akhir penyerahan kepada masyarakat terdampak dan saat ini dalam tahap penyiapan lahan relokasi. Terima kasih",
@Faizin_Merah @ganjarpranowo @LaporGub_ Ijin menjawab Pak Gub @ganjarpranowo 🙏🏻 Halo bapak @Faizin_Merah untuk bencana tanah gerak di Kabupaten Rembang sudah kami tangani bersama BPBD Provinsi Jawa Tengah. Adapun langkah-langkah penanganan yang telah kami lakukan adalah sebagai berikut :,
"Personil Polsek Rembang hadir di tengah masyarakat, memberikan himbauan kamtibmas kepada pedagang dan tukang parkir untuk tidak memarkirkan kendaraan di jalan agar tidak mengganggu arus lalulintas https://t.co/B3Ih06FqIz",
"Personil Polsek Rembang hadir di tengah masyarakat, menyebrangkan anak sekolah di SMP N 1 Rembang untuk meminimalisir terjadinya kecelakaan lalulintas dan memberi rasa aman dan nyaman kepada pengguna jalan. https://t.co/3j3hA5Uuhe",
"Segenap Pimpinan dan Pegawai Bappeda Rembang mengucapkan Selamat Menjalankan Ibadah Puasa Ramadhan 1444H.  Semoga berkah Ramadan mencurahkan hidup kita dengan kebahagiaan, kebersamaan, kemenangan dan bersinar dengan berkah Illahi. https://t.co/2cUflVjAYD",
Scattered Thunderstorms Besok Suhu Udara di Rembang Tertinggi 89F dan Terendah 76F. by PT Amir Hajar Kilsi https://t.co/SoT3634kDY,
"Himbauan Kamtibmas dibulan suci Ramadhan &amp  Pemberian Sarana Kontak Dalam Giat Haul Serta Khataman Yayasan Al Azizi di Desa Oro Oro Ombo Wetan Kecanatan Rembang Kabupaten Pasuruan, Dengan Pengasuh KH.sulthon Arifin  #AYOPAKAIMASKER #PATUHIPROTOKOLKESEHATAN #JOGOPASURUAN # https://t.co/dBVyYAfXg5",
"WA 0819 5288 4742 Harga Genteng Morando Jatiwangi di Mrebet, Supplier Genteng Jatiwangi Plentong di Padamara, Supplier Genteng Morando Super Jatiwangi di Pengadegan, Tempat Beli Genteng Morando Glazur Jatiwangi di Purbalingga, Info Harga Genteng Jatiwangi di Rembang #gentengjtw",
"Himbauan Kamtibmas dibulan suci Ramadhan &amp  Pemberian Sarana Kontak Dalam Giat Haul Serta Khataman Yayasan Al Azizi di Desa Oro Oro Ombo Wetan Kecanatan Rembang Kabupaten Pasuruan, Dengan Pengasuh KH.sulthon Arifin  #AYOPAKAIMASKER #PATUHIPROTOKOLKESEHATAN https://t.co/syln0Vao5V",
Jual Stiker Kulkas 1 Pintu Super Mario ~ https://t.co/Tq61dFe1Rs  #pati #kudus #rembang #purwodadi #demak #cepu #blora #boyolali,
"Himbauan Kamtibmas dibulan suci Ramadhan &amp  Pemberian Sarana Kontak Dalam Giat Haul Serta Khataman Yayasan Al Azizi di Desa Oro Oro Ombo Wetan Kecanatan Rembang Kabupaten Pasuruan, Dengan Pengasuh KH.sulthon Arifin  #AYOPAKAIMASKER #PATUHIPROTOKOLKESEHATAN #JOGOPASURUAN https://t.co/tzw5WlcSAV",
2/ Proses penulisan kitab Thariqatul Husul bermula ketika Kiai Sahal muda tengah berguru kepada Kiai Zubair Pesantren Sarang Rembang. Salah satu kitab yang didiskusikan adalah Ghoyatul Wushul karya Syekh Zakariya Al-Anshori ulama syafiiyah abad 9 Hijriyah.,
"pak gak usah urus neko2, urus saja jateng, jalannya banyak yang rusak, krmiskinan meningkat, jangan tik tokan terus, ingat kemacetan juanan-rembang yang berdampak rusaknya jalan2 kampung yang menjaddi alternatiff....napak lan masih gubernur, piala dunia sudah ada yang ngurus",
Rembang - Babinsa Koramil 10/Gunem Serka Sudarsono melaksanakan Komsos bersama warga Desa Trembes membahas masalah kebersihan lingkungan dan tenggang rasa saling menghargai sesama tetangga. https://t.co/XytUzafO9A,
Rembang - Serma Kismanto  Babinsa Koramil 14/Sarang melaksanakan Komsos dengan pemuda Kalipang menyampaikan pesan agar menjaga kebersihan lingkungan  terkait pasca panen musim pancaroba. https://t.co/GrPe8hKG0p,
Rembang - Babinsa Desa Tahunan  Koramil 11/Sale Serma Mujahid melaksanakan Komsos dengan karyawan pekerja tambang galian C. https://t.co/JGVpwaF1ia,
@anang_batas @lantip Kota sing wangi   #tet  Rembang 7 rupa,
Kapan ya ada di kampus rembang…,
Rembang https://t.co/ia03lNxR5W,
"Sinergitas TNI POLRI berikan manfaat untuk masyarakat. Anggota Polsek Sale Polres Rembang bersama dengan Koramil Sale malaksanakan gotong royong meratakan huruk/grosok di jalan Desa Sale, Kecamatan Sale, Kabupaten Rembang.  #polri #polresrembang  #kapolresrembang  #PolsekSale https://t.co/6pC0X6zZye",
Prabowo Kunjung Gus Mus di Rembang - FRAKSI GERINDRA https://t.co/BqFVIdhkYG #PrabowoUnggul #BangkitBersama,
@RiaKeynou @ganjarpranowo Barang sama Pak Hafidz bupati Rembang,
2/ Proses penulisan kitab Thariqatul Husul bermula ketika Kiai Sahal muda tengah berguru kepada Kiai Zubair Pesantren Sarang Rembang. Salah satu kitab yang didiskusikan adalah Ghoyatul Wushul karya Syekh Zakariya Al-Anshori ulama syafiiyah abad 9 Hijriyah.,
→ Let's G° ¡ ╭─╼╭━╮╿╿╭━╮┑╿┍ ┠─╼╰━╯╽╽╰━╯╰┻╯ ┷  ✨ 𝐁𝐞𝐛 𝐕𝐢𝐨 | ᵇᵃˢᵉ ˢᵘʳᵃᵇᵃʸᵃ     💞 @queensnow101       💞 @Imissyyu    💞 @BebVvii  Schedule Today at Surabaya 28-29 Malang  29-31 Surabaya  - April 1 Rembang 2-3 Pati https://t.co/gVvi4fOjBM,
Duh! Pasar Kota Rembang Tak Kunjung Punya Pengolahan Air ... - Radar Kudus https://t.co/i0BxtIJqaJ,
tukang parkir rembang problematik banget anjir,
"massif di pesisir Utara. Di Jawa Tengah, abarasi terjadi semakin massif mulai dari pantai sebelah timur, Rembang hingga Brebes. Di pesisir Utara Jawa Barat pun abrasi tidak kalah parah. Disepanjang pantai Rembang–Brebes rata-rata daratan yang terseret gelombang dan arus laut",
Polsek Rembang pantau beberapa lokasi memastikan situasi dalam keadaan kondusif  #polrespurbalingga #humaspolrespurbalingga #poldajatenghadir #polisi_indonesia #polisirepublikindonesia #polisiindonesia https://t.co/rKR4U3iiWC,
"@mulkanjabariyan @pribumi666 Iya, cek saja yang kemarin di rembang sudah ketinggian berapa derajat, dan yang di jogja ketinggian berapa derajat. Hasilnya sudah lebih dari 5°.",
@unnesmenfess Aku lagi pulang di Rembang ini nder balik ke gunpat Minggu klo mau dm aj nder,
Aipda Harlan Felani Bhabinkamtibmas Polsek Rembang sampaikan pesan kamtibmas kepada warga agar selalu berhati-hati terhadap kejahatan dan tetap waspada  #polrespurbalingga #humaspolrespurbalingga #poldajatenghadir #polisi_indonesia #polisirepublikindonesia #polisiindonesia https://t.co/JuaWhkauvy,
-ness ada orang Rembang yang lagi pulang dan open jastip sirup kawista ngga? Sender pengen🥺,
"Pulang kampung, mumpung libur 2 hari🖐🏻 #Rembang #Lasem https://t.co/JnREulAd6m",
@uppd_rembang mohon info apakah aturan BBNKB gratis sudah diterapkan di Rembang?,
"Info Pelayanan SAMSAT Rembang selama Bulan Ramadhan ,,,  #samsatrembang #bapenda  #inforembang https://t.co/9UiqsexDfw",
@haecatsu ya kamu ke solo pas aku ke rembang 😔😔  ayoo kamu kapan pulkam ntar tak samperin 👉👈,
"Segenap Keluarga Besar Kantor Pertanahan Kabupaten Rembang mengucapkan Selamat Menunaikan Ibadah Puasa Ramadhan 1444 H, untuk seluruh umat Islam di Indonesia.  Selamat menjalankan ibadah puasa, dan semoga di bulan yang penuh berkah ini kita semua mendapat ampunan dari Allah SWT. https://t.co/QFXVgNadlw",
@bliblidotcom Rembang #BliMinBeliin #BlibliSetiapHari,
@bliblidotcom Rembang #BliMinBeliin #BliBliSelalu,
"082390177474 - Badan Penanggulangan Bencana Daerah Rembang"" https://t.co/hg2eGVYf0E""",
"Pada hari Kamis tanggal 23 Maret 2023, pukul 11.00 Wib Anggota Polsek Sale Polres Rembang Ps. KSPKT I Aiptu Eri Wibowo, SH, Aiptu Lukman Zakaria dan Briptu Roni, SH pada saat melaksanakan patroli di Desa Gading membantu warga yang sedang kerja bakti membuat jalan desa. https://t.co/OBPtfxLZra",
"Marhaban ya Ramadan. Semoga di bulan suci Ramadan ini penuh dengan keberkahan.  Kami segenap keluarga Badan Perwakilan Mahasiswa Universitas YPPI Rembang Mengucapkan:  Selamat Menunaikan ibadah puasa tahun 1444H"" https://t.co/LYFhyMeQAb""",
"Suarakan, Tuliskan, lalu Kirimkan Segala Bentuk Aspirasi baik berupa Kritik ataupun Saran kepada segenap Civitas Akademika Universitas YPPI Rembang dengan mengisi link form dibawah ini  https://t.co/1Cnf9gKsgq MahasiswaUYR2023",
"Untuk Seluruh Keluarga Besar Mahasiswa Universitas YPPI REMBANG,  Kami siap membantu &amp  Melayani berbagai Keluhan, Saran, Kritikan, dari Mahasiswa kepada pihak Kampus baik Rektorat,  Para Dosen, Karyawan, maupun kepada Organisasi Mahasiswa.""~Komisi 3 Bidang Aspirasi dan Advokasi. https://t.co/swqvRDPQbW""",
More Info:  Narahubung :+62812-1519-9501 (Dzar A)  E-mail : bpmuniversitasyppirembang@gmail.com Instagram : @bpmuyrembang Twitter : @bpmuyrembang  #bpmuyrembang #Universitasyppirembang #Abistyabimantara ______ Badan Perwakilan Mahasiswa Universitas YPPI Rembang 2023 https://t.co/CuSjNUACZN,
"DOKUMENTASI RAPAT BEM X BPM X REKTOR TAHUN 2023  Diharapkan baik BEM, BPM, maupun PIHAK KAMPUS dapat saling bekerja sama dan bersatu  untuk mencapai apa yang telah dicita-citakan bersama di Universitas YPPI Rembang. https://t.co/1SDuDKqd4F",
"08113377377 - Perkumpulan Masyarakat Peduli Rembang"" https://t.co/zusITCH7IB""",
"Diguyur Hujan Deras, Atap Rumah Warga Rembang Ambruk https://t.co/2Jnt9WVjAQ",
"Sekilas wajahmu menghujam  Dalam benak mata yg memejam  Rasa yg dulu tajam   Kini temaram.  Kekasih, energimu, vibrasimu, auramu, kehadiranmu, pembawaanmu...membuatku bertekuk lutut sampai ke dasar bumi.  Kau memang tak terganti.   Rembang, 23Maret 2023.",
Personil Polsek Rembang hadir di tengah masyarakat memberikan himbauan kamtibmas kepada pemuda di desa Pasarbanggi untuk mengisi waktu luang dengan kegiatan yang positif dan berperan aktif menjaga situasi kamtibmas. https://t.co/I5B3ds5J49,
#rembang #dinbudparrembang #explorerembang #wisatarembang #rembangapaapaana,
Semangat pagi bapak/ibu mohon izin share Jadwal Imsakiyah Ramadhan 1444 H / 2023 Wilayah Kabupaten Rembang. Terima kasih 🙏🏻  #Jadwalimsakiyah #ramadhan2023 https://t.co/MUoA91Uv8x,
PM Thunderstorms Besok Suhu Udara di Rembang Tertinggi 90F dan Terendah 76F. by PT Amir Hajar Kilsi https://t.co/0jNCNCJeZU,
@Widino @umbianakan Khas Rembang punya itu Banyak yg bilang kacang atom nya bisa mengalahkan rasa kacang merk 2 🐇 dan 🦅food 😇,
jual  Stiker Kulkas 1 Pintu Hello Kitty Music ~ https://t.co/Irp2Vxokvf #blora #cepu #jepara #pati #kudus #rembang #sragen #cilacap,
Kapolsek Sarang bersama Camat Sarang dan Danramil Sarang menyambut kedatangan Bapak Bupati Rembang dlm rangka pembagian Sertifikat masal di Desa Sarangmeduro.  #humaspolresrembang #poldajateng #polresrembang #polseksarang #poskopresisi https://t.co/zl17uUpmXn,
"KH. Ahmad Bahauddin Nur Salim, lebih dikenal sebagai Gus Baha, ulama ternama dalam bidang tafsir Al-Qur’an dan pengasuh Pondok Pesantren Tahfidzul Qur’an LP3IA Rembang, baru-baru ini mengadakan pengajian yang membahas tentang hikmah puasa di bulan… https://t.co/gxWJD18iqU",
@gotthesin orang gila ja bukak kedai chaketiaw siang² rembang mat,
@Anggerp9 Soto rembang sok isuk well,
Bazar Ramadhan di Desa Kuangsan Kec. Kaliori Rembang yang diselenggarakan Karang Taruna dengan dukungan Pemdes Kuangsan. Sebuah agenda pemberdayaan masyarakat yang bisa meningkatkan pendapatan dan menghidupkan perekonomian warga Desa Kuangsan. Salam Aditya Karya Mahatva Yodha. https://t.co/cneWy1vFmE,
"Semarang, Tegal, Kudus, Pati, Rembang~~~",
"Sosialisasi dalam rangka kegiatan Redistribusi Tanah Objek Landreform Kantor Pertanahan Kab. Purbalingga tahun 2023 telah dilaksanakan di Aula Kantor Desa Panusupan, Kecamatan Rembang pada (Selasa, 21/03/2023).  #atrbpnpurbalingga #kantahkabpurbalingga https://t.co/UL6hkAlNTC",
Kapan jalan Pantura pati-rembang lancar jaya seperti setahun yg lalu lagi? -_-,
"@Miduk17 Saya orang Pati Jawa Tengah dan antipati pada Ganjar. Sudah bertahun-tahun jalan menuju kampung halaman di Blora hancur. Kalau ndak percaya lewat saja dr Kudus ke Rembang. Pantura'saja hancur apalagi jalan Propinsi, jalan kabupaten, jalan kecamatan",
@nctzenbase versi rembang ada ga sih😭😭😭,
#TemanPemilih Segenap keluarga besar KPU Kabupaten Rembang mengucapkan selamat menunaikan Ibadah Puasa Ramadhan 1444 Hijriah.  #kpumelayani  #pemiluserentak2024 https://t.co/9HziswLoIf,
"Tanggul Jebol, Serda Rofiq Babinsa Koramil Rembang Gerak Cepat Ke Lokasi https://t.co/uUwPtwwMdD",
"Tanggul Jebol, Serda Rofiq Babinsa Koramil Rembang Gerak Cepat Ke Lokasi https://t.co/fuRg82uB3J",
@Babydoll_014 Dumbeg Rembang uenak seh https://t.co/WpINMmNArU,
@Mafiafifa_ Rembang😭,
Ada nak boleh balut pelam bulan2 puasa ni dengan Perlis panas rembang elok pagi2. Takut teringat Kopi pekat sama nanti.  Nak buat petang nak dekat berbuka takut letih bertarawih. Nyanye nyanye. 🫠,
Setuju. Segelas es batu + teh botol + panas rembang,
"Situs Punjulharjo berada di Rembang, Jawa Tengah. Di masa kuno, Rembang memang dikenal sebagai kota pesisir yang mendukung kegiatan pelayaran.   Maka tinggalan kapal kuno di Punjulharjo merupakan bukti sahih atas hal itu.  #PerahuKuno #MozaikTirto  https://t.co/M5gLAdOPW9 https://t.co/WLXFCnCo37",
📷: ig/ asli.rembang,
"Personil Polsek Rembang hadir di tengah masyarakat, memberi himbauan kepada penjual ikan kering di desa Punjulharjo agar lebih kreatif dan inovatif mengolah hasil tangkapan ikan nelayan untuk meningkatkan nilai jualnya. https://t.co/H7PViSUAxY",
"Pada hari Rabu tanggal 22 Maret 2023, pukul 09.30 Wib Anggota Polsek Sale Polres Rembang Bripka Yoto dan Briptu Erwin Dwi Prasetyo bersama dengan Koramil Sale malaksanakan gotong royong meratakan huruk/grosok di jalan Desa Sale, Kecamatan Sale, Kabupaten Rembang. https://t.co/mYtnbiHcLw",
Segenap Keluarga Besar Kantor Pertanahan Kabupaten Rembang mengucapkan Selamat Merayakan Hari Raya Nyepi Saka 1945. Semoga damainya Nyepi membawa ketenangan dan kebahagiaan.  #HariRayaNyepi #KementerianATRBPN  #KantahKabRembang  #ATRBPNKiniLebihBaik  #ATRBPNMajudanModern https://t.co/t1hk8dzubI,
Padiaaa duduk tengah2 panas rembang pun ghairah pakcik ni😭,
"@infoBMKG info perkiraan cuaca di hari ini Rabu tgl 22 maret 2023 dari Rembang, jawa tengah.",
Anggota bhabinkamtibmas polsek gunem Polres rembang Briptu Deni soraya melaksanakan giat blusukan kamtibmas di wilayah desa binaan.  #polripresisi #polresrembang https://t.co/cO11Q1mMKd,
@4nggi4 Nih lihat du Google  jepara pati kudus rembang namanya kerupuk Begenggek   😁 https://t.co/XaGvmiDEAF,
@bliblidotcom Rembang  #BliMinBeliin #BlibliSelalu,
[ Hari Raya Nyepi Saka 1945 ]  Halo sobat #budpar 🙌🏻 Selamat Merayakan Hari Raya Nyepi Saka 1945 bagi yang merayakannya. Semoga dalam keheningan Nyepi membawa ketenangan dan kebahagiaan.  https://t.co/QFQEdWEgQb #rembang #dinbudparrembang #explorerembang #wisatarembang https://t.co/p1jXbHZ1io,
"KAKANWIL KEMENKUMHAM JATENG A YUSPAHRUDDIN: Rutan Kelas IIB Rembang Gelar Lelang Secara Tertutup, Yuk Kepoin Barang yang Dilelang https://t.co/EKRIMU5kc5 #KemenkumhamJateng #AYuspahruddin #KumhamPasti @Kemenkumham_RI @kemenkumhamjtg",
KAKANWIL KEMENKUMHAM JATENG A YUSPAHRUDDIN: Tangis Haru Warnai Tausiyah dan Doa Bersama Rutan Rembang - https://t.co/6VaFwo2jTl #KemenkumhamJateng #AYuspahruddin #KumhamPasti @Kemenkumham_RI @kemenkumhamjtg,
"KAKANWIL KEMENKUMHAM JATENG A YUSPAHRUDDIN: Bagai Lautan Air Mata, Tangis Haru warnai Doa Bersama di Rutan Rembang - https://t.co/xhrvsFh7iP #KemenkumhamJateng #AYuspahruddin #KumhamPasti @Kemenkumham_RI @kemenkumhamjtg",
"KAKANWIL KEMENKUMHAM JATENG A YUSPAHRUDDIN: Sambut Bulan Suci Ramadan, Rutan Rembang Gelar Doa Bersama - https://t.co/331RmWEa5Z #KemenkumhamJateng #AYuspahruddin #KumhamPasti @Kemenkumham_RI @kemenkumhamjtg",
@kucingvelvet2 @excikation Rembang,
09 30 Proses loading Pasuruann Rembang d3ngan lancar @RadioElshinta .//Agi https://t.co/luuYhGyyUF,
Ikhtiar mencegah abrasi di Pantai Rembang melalui tanam mangrove https://t.co/n6zfe6MVMH,
Sinergitas TNI-Polri-Kecamatan Kaliori  bersama BPBD dan masyarakat Desa Kuangsan melaksanakan kerja bakti pembuatan bronjong tanggul Daerah Aliran Sungai (DAS) Desa Kuangsan Kec Kaliori Polres Rembang   #polri #polripresisi #polresrembang #kapolresrembang #polsekkaliori https://t.co/lmDCFUVXSS,
Kepala Kepolisian Resor Rembang Beserta Staf dan Bhayangkari Mengucapkan Selamat Hari Raya Nyepi 22 Maret 2022.  #polri  #polresrembang  #kapolresrembang https://t.co/yWA8GbdhOR,
"KAKANWIL KEMENKUMHAM JATENG A YUSPAHRUDDIN: Rutan Kelas IIB Rembang Gelar Lelang Secara Tertutup, Yuk Kepoin Barang yang Dilelang https://t.co/Z0Z91ddJ4l #KemenkumhamJateng #AYuspahruddin #KumhamPasti @Kemenkumham_RI @kemenkumhamjtg",
KAKANWIL KEMENKUMHAM JATENG A YUSPAHRUDDIN: Tangis Haru Warnai Tausiyah dan Doa Bersama Rutan Rembang - https://t.co/4jkdUaAhaH #KemenkumhamJateng #AYuspahruddin #KumhamPasti @Kemenkumham_RI @kemenkumhamjtg,
"KAKANWIL KEMENKUMHAM JATENG A YUSPAHRUDDIN: Bagai Lautan Air Mata, Tangis Haru warnai Doa Bersama di Rutan Rembang - https://t.co/RirnErKfN2 #KemenkumhamJateng #AYuspahruddin #KumhamPasti @Kemenkumham_RI @kemenkumhamjtg",
"KAKANWIL KEMENKUMHAM JATENG A YUSPAHRUDDIN: Sambut Bulan Suci Ramadan, Rutan Rembang Gelar Doa Bersama - https://t.co/L76VPgrBa6 #KemenkumhamJateng #AYuspahruddin #KumhamPasti @Kemenkumham_RI @kemenkumhamjtg",
"Terbitnya matari di kaki langit tadi, kita masuk buruj baharu, yaitu حمل.  Depa kata, ghalibnya di Kedah akan ada waktu zenith/rembang, bayang-bayang hilang bila berdiri tengah terik. Orang tua-tua tegah berlama-lama tengah kawasan lapang kalau tetiba guruh nak hujan. Marbahaya. https://t.co/d4TBvPuW18",
AM Thunderstorms Besok Suhu Udara di Rembang Tertinggi 89F dan Terendah 76F. by PT Amir Hajar Kilsi https://t.co/WmuA2f5ZZR,
"78.KAKANWIL KEMENKUMHAM JATENG A YUSPAHRUDDIN: Rutan Kelas IIB Rembang Gelar Lelang Secara Tertutup, Yuk Kepoin Barang yang Dilelang https://t.co/SwEZwgY8aO #KemenkumhamJateng #AYuspahruddin #KumhamPasti @Kemenkumham_RI @kemenkumhamjtg",
76.KAKANWIL KEMENKUMHAM JATENG A YUSPAHRUDDIN: Tangis Haru Warnai Tausiyah dan Doa Bersama Rutan Rembang - https://t.co/Bd0abGIg9W #KemenkumhamJateng #AYuspahruddin #KumhamPasti @Kemenkumham_RI @kemenkumhamjtg,
"75.KAKANWIL KEMENKUMHAM JATENG A YUSPAHRUDDIN: Bagai Lautan Air Mata, Tangis Haru warnai Doa Bersama di Rutan Rembang - https://t.co/npJqUrzA25 #KemenkumhamJateng #AYuspahruddin #KumhamPasti @Kemenkumham_RI @kemenkumhamjtg",
"KAKANWIL KEMENKUMHAM JATENG A YUSPAHRUDDIN: Tangis Haru Warnai Tausiyah dan Doa Bersama Rutan Rembang - https://t.co/BUXQrYbtS2 #KemenkumhamJateng #AYuspahruddin #KumhamPasti @Kemenkumham_RI @kemenkumhamjtg,",
Semarang - Rembang. https://t.co/Kmj8XmzV35,
"KAKANWIL KEMENKUMHAM JATENG A YUSPAHRUDDIN: Bagai Lautan Air Mata, Tangis Haru warnai Doa Bersama di Rutan Rembang - https://t.co/1s2KfoqBDD #KemenkumhamJateng #AYuspahruddin #KumhamPasti @Kemenkumham_RI @kemenkumhamjtg,",
"199.KAKANWIL KEMENKUMHAM JATENG A YUSPAHRUDDIN:Tingkatkan Sinergitas, Rutan Rembang Teken MoU dengan RSI Arafah Rembang https://t.co/SUOoA7FnMu #KemenkumhamJateng #AYuspahruddin #KumhamPasti @Kemenkumham_RI @kemenkumhamjtg",
198.KAKANWIL KEMENKUMHAM JATENG A YUSPAHRUDDIN:Resmi! Rutan Rembang Teken Kerjasama Dengan RSI Arafah Rembang https://kumparan com/humasrutanrembang/203TkTrOUf7?utm_source=Desktop&amp utm_medium=copy-to-clipboard&amp shareID=rVZvVxRPK8qN #KemenkumhamJateng #AYuspahruddin #KumhamPasti,
197.KAKANWIL KEMENKUMHAM JATENG A YUSPAHRUDDIN:Perdana! Rutan Rembang Teken MoU dengan RSI Arafah Rembang - https://t.co/mr7mb4Ktzi #KemenkumhamJateng #AYuspahruddin #KumhamPasti @Kemenkumham_RI @kemenkumhamjtg,
"196KAKANWIL KEMENKUMHAM JATENG A YUSPAHRUDDIN:Tingkatkan Kualitas Layanan Kesehatan, Rutan Rembang Teken MoU dengan RSI Arafah Rembang - https://t.co/E2uuEE3hyo #KemenkumhamJateng #AYuspahruddin #KumhamPasti. @Kemenkumham_RI @kemenkumhamjtg",
@tghhrtt @fajarnugros 11 12 sama pantura Pati–Rembang. 🫢,
@cobeh2022 Semen Rembang dan Wadas sudah cukup untuk tau siapa dia .,
"196.KAKANWIL KEMENKUMHAM JATENG A YUSPAHRUDDIN:Tingkatkan Kualitas Layanan Kesehatan, Rutan Rembang Teken MoU dengan RSI Arafah Rembang - https://t.co/g43IuVWa5y #KemenkumhamJateng #AYuspahruddin #KumhamPasti @Kemenkumham_RI @kemenkumhamjtg",
KAKANWIL KEMENKUMHAM JATENG A YUSPAHRUDDIN:Perdana! Rutan Rembang Teken MoU dengan RSI Arafah Rembang - https://t.co/182gQ3C2AW #KemenkumhamJateng #AYuspahruddin #KumhamPasti @Kemenkumham_RI @kemenkumhamjtg,
198.KAKANWIL KEMENKUMHAM JATENG A YUSPAHRUDDIN:Resmi! Rutan Rembang Teken Kerjasama Dengan RSI Arafah Rembang https://kumparan com/humasrutanrembang/203TkTrOUf7?utm_source=Desktop&amp utm_medium=copy-to-clipboard&amp shareID=rVZvVxRPK8qN #KemenkumhamJateng #AYuspahruddin #KumhamPasti,
"199.KAKANWIL KEMENKUMHAM JATENG A YUSPAHRUDDIN:Tingkatkan Sinergitas, Rutan Rembang Teken MoU dengan RSI Arafah Rembang https://t.co/BGEB5sOim5 #KemenkumhamJateng #AYuspahruddin #KumhamPasti @Kemenkumham_RI @kemenkumhamjtg",
Lihat postingan ini… “Sewa scissor lift di kendal batang rembang jepara jogja solo kudus pati pemalang semarang “. https://t.co/ppRybnoA0h,
"PENGUMUMAN !!  Sehubungan dengan Hari Raya Nyepi Tahun 2023, maka dengan ini Pelayanan Kantor Pertanahan Kabupaten Rembang TUTUP SEMENTARA pada Rabu - Kamis tanggal 22 - 23 Maret 2023.  Dan BUKA KEMBALI pada Jum'at, 24 Maret 2023.  #KementerianATRBPN  #KantahKabRembang https://t.co/mskAUqXtZv",
Paket stiker kulkas 2 pintu fullbody ~ https://t.co/ZE2fLRhGRG  #blora #cepu #jepara #pati #kudus #rembang #sragen #cilacap,
"@windablora Ada yang menyapa,dr lereng gunung butak Rembang",
"KAKANWIL KEMENKUMHAM JATENG A YUSPAHRUDDIN: Bagai Lautan Air Mata, Tangis Haru warnai Doa Bersama di Rutan Rembang - https://t.co/JiKTxwCusD",
"78.KAKANWIL KEMENKUMHAM JATENG A YUSPAHRUDDIN: Rutan Kelas IIB Rembang Gelar Lelang Secara Tertutup, Yuk Kepoin Barang yang Dilelang https://t.co/fEMnUMgCNw #KemenkumhamJateng #AYuspahruddin #KumhamPasti @Kemenkumham_RI @kemenkumhamjtg",
76.KAKANWIL KEMENKUMHAM JATENG A YUSPAHRUDDIN: Tangis Haru Warnai Tausiyah dan Doa Bersama Rutan Rembang - https://t.co/uQR09aL6k8 #KemenkumhamJateng #AYuspahruddin #KumhamPasti @Kemenkumham_RI @kemenkumhamjtg,
"75.KAKANWIL KEMENKUMHAM JATENG A YUSPAHRUDDIN: Bagai Lautan Air Mata, Tangis Haru warnai Doa Bersama di Rutan Rembang - https://t.co/cl8P9LycP4 #KemenkumhamJateng #AYuspahruddin #KumhamPasti @Kemenkumham_RI @kemenkumhamjtg",
"74.KAKANWIL KEMENKUMHAM JATENG A YUSPAHRUDDIN: Sambut Bulan Suci Ramadan, Rutan Rembang Gelar Doa Bersama - https://t.co/wcdloDPYml #KemenkumhamJateng #AYuspahruddin #KumhamPasti @Kemenkumham_RI @kemenkumhamjtg",
ini rembang apa bgt jalananya yaallah cape,
"199.KAKANWIL KEMENKUMHAM JATENG A YUSPAHRUDDIN:Tingkatkan Sinergitas, Rutan Rembang Teken MoU dengan RSI Arafah Rembang https://t.co/f5XcveqpDu #KemenkumhamJateng #AYuspahruddin #KumhamPasti @Kemenkumham_RI @kemenkumhamjtg",
198.KAKANWIL KEMENKUMHAM JATENG A YUSPAHRUDDIN:Resmi! Rutan Rembang Teken Kerjasama Dengan RSI Arafah Rembang https://t.co/h7fEAzrvk8 #KemenkumhamJateng #AYuspahruddin #KumhamPasti @Kemenkumham_RI @kemenkumhamjtg,
197.KAKANWIL KEMENKUMHAM JATENG A YUSPAHRUDDIN:Perdana! Rutan Rembang Teken MoU dengan RSI Arafah Rembang - https://t.co/P19km0ZuIH #KemenkumhamJateng #AYuspahruddin #KumhamPasti @Kemenkumham_RI @kemenkumhamjtg,
"196.KAKANWIL KEMENKUMHAM JATENG A YUSPAHRUDDIN:Tingkatkan Kualitas Layanan Kesehatan, Rutan Rembang Teken MoU dengan RSI Arafah Rembang - https://t.co/1vvuEFBlii #KemenkumhamJateng #AYuspahruddin #KumhamPasti @Kemenkumham_RI @kemenkumhamjtg",
KAKANWIL KEMENKUMHAM JATENG A YUSPAHRUDDIN: Tangis Haru Warnai Tausiyah dan Doa Bersama Rutan Rembang - https://t.co/JM891IBx6B #KemenkumhamJateng #AYuspahruddin #KumhamPasti @Kemenkumham_RI @kemenkumhamjtg,
"... pertama kali masuk TV buat cerdas cermat di TVRI, satu regu sama dua kakak kelas - SMP, terlalu keranjingan intrik bola lokal sampe kontakan + diajak PSIR Rembang, nribun gak pernah - SMA, dipaksa foto sama Awkarin di Inten Pasar Rebo ...  https://t.co/OsLAw4vuts",
#TemanPemilih KPU Rembang mengucapkan Selamat Hari Raya Nyepi Tahun Baru Saka 1945.  #KPUMelayani #pemiluserentak2024 https://t.co/zzZvUW4Mc9,
"Rembang, NU Online Jateng Menteri Agama (Menag) Republik Indonesia KH Yaqut Cholil Qoumas atau yang akrab disapa Gus Yaqut mengatakan bahwa pendidikan di STAI Al Anwar Sarang Rembang lebih berkualitas. https://t.co/8AuMFxrRls @Ubaidullah_Sdq  @muzamilmahmud",
"Isi 100g  Kopi lelet Rembang per bungkus 8500, kopi arabika tanjung per bungkus 7500.   Monggo diorder via DM😍🙏 https://t.co/drzrKAI6hV",
"199.Tingkatkan Sinergitas, Rutan Rembang Teken MoU dengan RSI Arafah Rembang https://t.co/4VdJbe77BK",
197.Perdana! Rutan Rembang Teken MoU dengan RSI Arafah Rembang - https://t.co/68Bs9YRYtx,
"196.Tingkatkan Kualitas Layanan Kesehatan, Rutan Rembang Teken MoU dengan RSI Arafah Rembang - https://t.co/hL1oiwM11f",
KAKANWIL KEMENKUMHAM JATENG A YUSPAHRUDDIN:Perdana! Rutan Rembang Teken MoU dengan RSI Arafah Rembang - https://t.co/qm9Xgbprr1 #KemenkumhamJateng #AYuspahruddin #KumhamPasti @Kemenkumham_RI @kemenkumhamjtg,
"KAKANWIL KEMENKUMHAM JATENG A YUSPAHRUDDIN:Tingkatkan Kualitas Layanan Kesehatan, Rutan Rembang Teken MoU dengan RSI Arafah Rembang - https://t.co/yiJskO4BdF #KemenkumhamJateng #AYuspahruddin #KumhamPasti @Kemenkumham_RI @kemenkumhamjtg",
@pambudhi25 Rembang only mase 🙏🏼,
@patinewscom Sering terjadi kecelakaan di Rembang Lasem..apa yang dilakukan polisi ???,
5 Info ttg saya yg nga penting2 amat  -bisa ngupil dengan jempol -hobi kentut -namanya pernah masuk koran lokal rembang dan haenam untuk hal yang unfaedah -suka pia kering -ga suka dipijet karena gelian parah,
"Rembang – Babinsa Koramil 02/Kaliori Serma Rusdianto melaksanakan pendampingan pemberian vaksinasi Lumpy Skin Disase hewan ternak sapi milik masyarakat oleh Tim Vaksinasi Dinas Pertanian dan Pangan Bidang Peternakan dan Keswan Kab. Rembang  di desa Dresikulon, Kaliori.  (21/3/23) https://t.co/SELckxXe2t",
2 Anak di bawah Umur Bobol Konter HP di Rembang Terekam CCTV #MediaIndonesia #ReferensiBangsa #BocahBobolToko https://t.co/y1DzEHgY2H,
"Rembang - Kegiatan Kosmos, selain silaturahmi untuk mempererat hubungan TNI - rakyat juga untuk mengetahui perkembangan situasi di wilayah binaan. Hal tersebut ditegaskan Sertu Lilik Sugiharto Babinsa  Koramil 12/Kragan Kodim 0720/Rembang, (21/03/2023). https://t.co/QXLseg3r3D",
@delunashe @jawafess Pakem mbokem ki jawa tengah bagian blora rembang dan sekitarnya,
@Vikkristian12 @idextratime @Le_Figaro @lequipe Denger2 sih orang rembang,
"Perjalanan dr Semarang ke Rembang, bener2 diberkatin Tuhan banget.. Mulai dr drama salip kontainer sm pajero (anjing), ekspedisi jne dr arah berlawanan ambil lajur gue dan yg terakhir drama pecah ban 😭😭😭 Puji Tuhan masih selamat tanpa kenapa2 🙏🏻",
"KAKANWIL KEMENKUMHAM JATENG A YUSPAHRUDDIN: Bagai Lautan Air Mata, Tangis Haru warnai Doa Bersama di Rutan Rembang - https://t.co/npJqUrzA25 #KemenkumhamJateng #AYuspahruddin #KumhamPasti @Kemenkumham_RI @kemenkumhamjtg",
"KAKANWIL KEMENKUMHAM JATENG A YUSPAHRUDDIN: Sambut Bulan Suci Ramadan, Rutan Rembang Gelar Doa Bersama - https://t.co/cyENSirNjz #KemenkumhamJateng #AYuspahruddin #KumhamPasti @Kemenkumham_RI @kemenkumhamjtg",
@taevialuv @boboiboynoona @convomf Rembang.raci.kraton.....?,
"@UGM_FESS ga balik nder, irit ongkos. balik lebaran🥹, sekalian nyari info yg mau barengan balik ke Rembang wkwk",
"KAKANWIL KEMENKUMHAM JATENG A YUSPAHRUDDIN:Tingkatkan Sinergitas, Rutan Rembang Teken MoU dengan RSI Arafah Rembang https://t.co/oJIhbwcGq3 #KemenkumhamJateng #AYuspahruddin #KumhamPasti @Kemenkumham_RI @kemenkumhamjtg",
KAKANWIL KEMENKUMHAM JATENG A YUSPAHRUDDIN:Resmi! Rutan Rembang Teken Kerjasama Dengan RSI Arafah Rembang https://kumparan com/humasrutanrembang/203TkTrOUf7?utm_source=Desktop&amp utm_medium=copy-to-clipboard&amp shareID=rVZvVxRPK8qN #KemenkumhamJateng #AYuspahruddin #KumhamPasti,
KAKANWIL KEMENKUMHAM JATENG A YUSPAHRUDDIN:Perdana! Rutan Rembang Teken MoU dengan RSI Arafah Rembang - https://t.co/LL2R7OsjW7 #KemenkumhamJateng #AYuspahruddin #KumhamPasti @Kemenkumham_RI @kemenkumhamjtg,
"Terekam CCTV, Konter HP Laut Bonang Rembang Dibobol Pencuri https://t.co/k0wUdaLark via @KartiniTv",
Bupati Tiwi dan para pejabat Pemkab borong produk UMKM Kecamatan Rembang. https://t.co/7bGqWLORGl https://t.co/Ner70MNK00,
"#SobatJDIH, diinformasikan bahwa produk hukum berikut telah dapat didownload di web JDIH KPU:  Keputusan KPU Nomor 204 Tahun 2023  Link : https://t.co/9N3ZS6aazt  Terima Kasih. #jdihkpu #sobatjdih #kpumelayani #pemiluserentak2024 #produkhukumbaru https://t.co/aA4OndlMwX",
"#SobatJDIH, diinformasikan bahwa produk hukum berikut telah dapat didownload di web JDIH KPU:  Keputusan KPU Nomor 201 Tahun 2023  Link : https://t.co/dxkCveB9tV  Terima Kasih. #jdihkpu #sobatjdih #kpumelayani #pemiluserentak2024 #produkhukumbaru https://t.co/3ueyy8RQ0Y",
"#TemanPemilih KPU Kabupaten Rembang mengikuti Rapat Koordinasi Persiapan Penyusunan Daftar Pemilih Sementara (DPS) Pemilu Tahun 2024, yang diselenggarakan oleh KPU Provinsi Jawa Tengah di Aula Kantor KPU Provinsi Jawa Tengah. 20 - 21 Maret 2023  #kpumelayani  #pemiluserentak2024 https://t.co/kLTfh98oF0",
"Lha iyo...andai benar, kok gak sungkan ambek habib Luthfie Pekalongan dan Gus Mus Rembang yai Yazid iki.   Tapi itu medianya 4nis sendiri, bisa jadi itu untuk membohongi basisnya.   Semua dikibulin kok, asal jadi PRESIDEN. &gt &gt ",
"KAKANWIL KEMENKUMHAM JATENG A YUSPAHRUDDIN:Tingkatkan Sinergitas, Rutan Rembang Teken MoU dengan RSI Arafah Rembang https://t.co/4OWNrglQp3 #KemenkumhamJateng #AYuspahruddin #KumhamPasti @Kemenkumham_RI @kemenkumhamjtg",
KAKANWIL KEMENKUMHAM JATENG A YUSPAHRUDDIN:Perdana! Rutan Rembang Teken MoU dengan RSI Arafah Rembang - https://t.co/uqlIezxyud #KemenkumhamJateng #AYuspahruddin #KumhamPasti @Kemenkumham_RI @kemenkumhamjtg,
"KAKANWIL KEMENKUMHAM JATENG A YUSPAHRUDDIN:Tingkatkan Kualitas Layanan Kesehatan, Rutan Rembang Teken MoU dengan RSI Arafah Rembang - https://t.co/NapgQqLkiJ #KemenkumhamJateng #AYuspahruddin #KumhamPasti @Kemenkumham_RI @kemenkumhamjtg",
"Jemput Bola Pelayanan Administrasi Kependudukan dalam rangka Roadshow Pemulihan Ekonomi Pasca Pandemi Covid-19 di Desa Sumampir, Kecamatan Rembang tanggal 21 Maret 2023.  #dukcapil #dukcapiljateng #dukcapilpurbalingga #purbalingga #pemkabpurbalingga https://t.co/FwzeJKdaNx",
"Inilah rekaman cctv yang memperlihatkan aksi pencurian toko ponsel di Jalan Kartini, Kab. Rembang, Jawa Tengah pada Minggu malam.  #pencurianhandphone #pencuriankonterhp #tokoponsel #pencurian #cctv #bocahmencurihp https://t.co/U4hj8DlU5Q",
"Ceritanya mau meninjau tempat latihan di Setu Rembang yang tempat dingin itu,” tutur Taufik, dikutip https://t.co/2CQIJ0JWWi dari Instagram tumgrd, Selasa (21/3/2023). #PrabowoUntukIndonesia #IkutPakde Prabowo Subianto""",
"#TemanPemilih KPU Kabupaten Rembang menghadiri kegiatan Sosialisasi Pengawasan Partisipatif dengan Tema Kolaborasi Bawaslu dan Masyarakat Sipil dalam Membangun Kesadaran Politik,  oleh Bawaslu Rembang di Heritage Rumah Merah Lasem (21/03)  #kpumelayani  #pemiluserentak2024 https://t.co/f5iJwKmgE6",
"Berharap gak hujan sore ini, dari Rembang sampai rumah,,, pliiissss 🥹",
#TemanPemilih Ketua KPU Rembang Mengikuti Rakor Lintas OPD Rumpun Pemerintahan dan Pembangunan Manusia Kabupaten Rembang di Aula Kantor Badan Perencanaan Daerah Kabupaten Rembang (21/3)  #kpumelayani  #pemiluserentak2024 https://t.co/DwVdT16Hkg,
#TemanPemilih KPU Kabupaten Rembang mengikuti Rapat Koordinasi dan Sosialisasi Juknis DIPA Tahun 2023 (Keputusan KPU No 87 Tahun 2023) di lingkungan KPU Provinsi Jawa Tengah dan KPU Kab/Kota se Jawa Tengah (20/3)  #KPUMelayani #pemiluserentak2024 https://t.co/Mb1Zkg3YIX,
"199.KAKANWIL KEMENKUMHAM JATENG A YUSPAHRUDDIN:Tingkatkan Sinergitas, Rutan Rembang Teken MoU dengan RSI Arafah Rembang https://t.co/9S6mW4IQcJ #KemenkumhamJateng #AYuspahruddin #KumhamPasti @Kemenkumham_RI @kemenkumhamjtg",
198. Resmi! Rutan Rembang Teken Kerjasama Dengan RSI Arafah Rembang https://kumparan com/humasrutanrembang/203TkTrOUf7?utm_source=Desktop&amp utm_medium=copy-to-clipboard&amp shareID=rVZvVxRPK8qN #KemenkumhamJateng #AYuspahruddin #KumhamPasti @Kemenkumham_RI @kemenkumhamjtg,
197.KAKANWIL KEMENKUMHAM JATENG A YUSPAHRUDDIN:Perdana! Rutan Rembang Teken MoU dengan RSI Arafah Rembang - https://t.co/CvTMJPP8SN #KemenkumhamJateng #AYuspahruddin #KumhamPasti @Kemenkumham_RI @kemenkumhamjtg,
"196.KAKANWIL KEMENKUMHAM JATENG A YUSPAHRUDDIN:Tingkatkan Kualitas Layanan Kesehatan, Rutan Rembang Teken MoU dengan RSI Arafah Rembang - https://t.co/1SeYSIQOtb #KemenkumhamJateng #AYuspahruddin #KumhamPasti @Kemenkumham_RI @kemenkumhamjtg",
"@Irmuuun_ @ttmymoodb Rembang spesial D,M,W liyane ora 😂",
"KAKANWIL KEMENKUMHAM JATENG A YUSPAHRUDDIN:Tingkatkan Sinergitas, Rutan Rembang Teken MoU dengan RSI Arafah Rembang https://t.co/gfalbPF4oF #KemenkumhamJateng #AYuspahruddin #KumhamPasti @Kemenkumham_RI @kemenkumhamjtg",
KAKANWIL KEMENKUMHAM JATENG A YUSPAHRUDDIN:Perdana! Rutan Rembang Teken MoU dengan RSI Arafah Rembang - https://t.co/KBjxCwBNxr #KemenkumhamJateng #AYuspahruddin #KumhamPasti @Kemenkumham_RI @kemenkumhamjtg,
"KAKANWIL KEMENKUMHAM JATENG A YUSPAHRUDDIN:Tingkatkan Kualitas Layanan Kesehatan, Rutan Rembang Teken MoU dengan RSI Arafah Rembang - https://t.co/XXE2tpsvcv #KemenkumhamJateng #AYuspahruddin #KumhamPasti @Kemenkumham_RI @kemenkumhamjtg",
"Pecah! Tangis Haru Warnai Tausiyah dan Doa Bersama Sambut Bulan Suci Ramadan  Rembang, INFO PAS - Dalam menyambut datangnya Bulan Suci Ramadan, Rutan Kelas IIB Rembang Kanwil Kemkumham Jawa Tengah menyelenggarakan Tausiyah dan Doa Bersama di Lapangan, Selasa (21/3) pagi. https://t.co/NgjbGCRqAL",
"KAKANWIL KEMENKUMHAM JATENG A YUSPAHRUDDIN:Tingkatkan Sinergitas, Rutan Rembang Teken MoU dengan RSI Arafah Rembang https://t.co/QwAr2qltF7 #KemenkumhamJateng #AYuspahruddin #KumhamPasti @Kemenkumham_RI @kemenkumhamjtg",
"KAKANWIL KEMENKUMHAM JATENG A YUSPAHRUDDIN:Tingkatkan Sinergitas, Rutan Rembang Teken MoU dengan RSI Arafah Rembang https://t.co/J2uJpaMYkP #KemenkumhamJateng #AYuspahruddin #KumhamPasti @Kemenkumham_RI @kemenkumhamjtg",
KAKANWIL KEMENKUMHAM JATENG A YUSPAHRUDDIN:Perdana! Rutan Rembang Teken MoU dengan RSI Arafah Rembang - https://t.co/hZksRAUt8i #KemenkumhamJateng #AYuspahruddin #KumhamPasti @Kemenkumham_RI @kemenkumhamjtg,
"Berkualitas, Kemasan Makanan Rembang WA  081-3311-74400 #Paper Box  #Box Makanan  #Kantong Kertas  #Kemasan Makanan  #Kemasan Plastik  https://t.co/WsjxGxChkd https://t.co/OS0jVWJEPs",
"Berkualitas, Kemasan Produk Rembang WA  081-3311-74400 #Kemasan  #Kemasan Custom  #Kemasan Produk  #Lunch Box  https://t.co/WsjxGxChkd https://t.co/V3ifBRqgZW",
@WagimanDeep212_ @ganjarpranowo ora ngandel bib... sale-pamotan-rembang-juwana rusak sejak bertahun tahun ndak ada perubahan.,
Tak ada korban jiwa dalam kecelakaan antara pikap dan kereta api di perlintasan sebidang tanpa palang pintu di Desa Rembang Kecamatan Ngadiluwih. Tapi kengerian sangat terasa. Terutama bagi warga sekitar yang menjadi saksi mata. https://t.co/OuOzvxmase,
"PLTU Tanjung Jati B mampu menghasilkan FABA sekitar 359.000 ton per tahun, sementara PLTU Rembang menghasilkan 67.000 ton per tahun dan PLTU Adipala sebanyak 80.000 ton.",
"Khususnya di Jawa Tengah, PLN mengoperasikan PLTU Tanjung Jati B di Jepara, PLTU Rembang dan PLTU Adipala di Cilacap.",
Mendadak pengen main ke rembang,
Banyak yg ke Rembang dr Ungaran via Ngawai-Cepu-Blora-Rembang. Definisi ikut meramaikan jalan tol. 🤣,
"Tapi jangan salah,  Pak Ganjar juga gak beda jauh. Jalan Pantura ke dan dari Rembang bener-bener tidak aman dilewati motor. Lubangnya bisa buat ternak lele.",
Perdana! Rutan Rembang Teken MoU dengan RSI Arafah Rembang https://t.co/7I6cAYlPtK,
"Tingkatkan Kualitas Layanan Kesehatan, Rutan Rembang Teken MoU dengan RSI Arafah Rembang https://t.co/hkI4sT9EcD",
"Tingkatkan Sinergitas, Rutan Rembang Teken MoU dengan RSI Arafah Rembang | Retizen  https://t.co/UGRWr3e2cx",
"Njeglong di de grote postweg daerah Dresi, Rembang dengan kecepatan 90km/jam sungguh mantapp 👍🏽 Untung tidak oleng",
https://t.co/BaejTQx1ap,
"Mall Pelayanan Publik Rembang, padat merayap",
"Pada hari Selasa tanggal 21 Maret 2023, pukul 10.30 Wib Anggota Polsek Sale Polres Rembang Bripka Aang Oktavianto, SH dan Briptu Syehan A, SH  pada saat melaksanakan patroli di Jalan Raya turut tanah Desa Wonokerto Sale - Jatirogo. https://t.co/CrVunDG6ku",
"Khususnya di Jawa Tengah, PLN mengoperasikan PLTU Tanjung Jati B di Jepara, PLTU Rembang dan PLTU Adipala di Cilacap. PLTU Tanjung Jati B mampu menghasilkan FABA sekitar 359rb ton per tahun, sementara PLTU Rembang menghasilkan 67rb ton per tahun dan PLTU Adipala sebanyak 80rb ton",
"Resmi! Rutan Rembang Teken MoU dengan RSI Arafah Rembang  Rembang, INFO PAS - Dalam rangka meningkatkan kualitas pelayanan kepada Warga Binaan Pemasyarakatan, Rutan Kelas IIB Rembang Kanwil Kemenkumham Jawa Tengah terus melakukan berbagai terobosan baru. https://t.co/MpDJGu3tCg",
"INFO TEMPAT PKL, 0813-2134-9398 Tempat Prakerin lowongan magang smk rpl Kabupaten Rembang https://t.co/R1JpEtEkfX",
@bliblidotcom Rembang #BliMinBeliin #BlibliSelalu,
Sinergitas TNI-Polri-Kecamatan Kaliori  bersama BPBD dan masyarakat Desa Kuangsan melaksanakan kerja bakti pembuatan bronjong tanggul Daerah Aliran Sungai (DAS) Desa Kuangsan Kec Kaliori Polres Rembang   #Polripresisi #Polresrembang #Polsekkaliori https://t.co/AcmDyMutHP,
"hari ini bangett, di stasiun rembang🙏😊  #TXTRBG https://t.co/mpFME4taXl",
@menfesssambat @undipmenfess Moh rembang i wisata jeglongan sewu og,
@arekworthless @undipmenfess Nebeng tekan rembang enthuk? wkwkwk,
"Personil Polsek Rembang hadir di tengah masyarakat, menyebrangkan anak sekolah di SD N Tireman untuk meminimalisir terjadinya kecelakaan lalulintas dan memberi rasa aman dan nyaman kepada pengguna jalan. https://t.co/tnLKvWIZxE",
Halo Sobat Tangguh BPBD Kabupaten Rembang mengikuti Sosialisasi pengamanan pantai Kabupaten Rembang yang dilaksanakan oleh BBWS Pemali Juana bertempat di Balai Desa Kragan Kecamatan Kragan pada hari Jumat (17/03/23). https://t.co/sMyUPyFYRc,
"Halo Sobat Tangguh BPBD Kabupaten Rembang bersama Perum Perhutani KPH. Mantingan dan KPH. Kebonharjo melaksanakan Sosialisasi Kebencanaan, Kebakaran Hutan dan Lahan Balai Desa Tanjung Kecamatan Sulang, pada hari Jumat (17/03/23). https://t.co/1PGgd8ZEAe",
"Halo Sobat Tangguh Posko Damkar BPBD Kabupaten Rembang menerima kunjungan TK TRISULA KABONGAN LOR REMBANG KE POSKO DAMKAR siswa siswi TK Trisula, Kecamatan Rembang ingin belajar dan mengenal dunia pemadam kebakaran. pada hari Jumat, 17 Maret 2023 https://t.co/ZdHGaFKh0C",
"Tingkatkan Sinergitas, Perhutani Bersama Polres Rembang Adakan Pembinaan dan Pelatihan Polhut https://t.co/MQptkdGTWN",
"Khususnya di Jateng, PLN mengoperasikan PLTU Tanjung Jati B di Jepara, PLTU Rembang dan PLTU Adipala di Cilacap. PLTU Tanjung Jati B mampu menghasilkan FABA sekitar 359.000 ton/thn, sementara PLTU Rembang menghasilkan 67.000 ton per tahun dan PLTU Adipala sebanyak 80.000 ton. https://t.co/sTaxYfIIXK",
"Khususnya di Jateng, PLN mengoperasikan PLTU Tanjung Jati B di Jepara, PLTU Rembang dan PLTU Adipala di Cilacap. PLTU Tanjung Jati B mampu menghasilkan FABA sekitar 359.000 ton/thn, sementara PLTU Rembang menghasilkan 67.000 ton per tahun dan PLTU Adipala sebanyak 80.000 ton. https://t.co/qna1siZh4D",
Partly Cloudy Besok Suhu Udara di Rembang Tertinggi 89F dan Terendah 76F. by PT Amir Hajar Kilsi https://t.co/DftijGRxXp,
"@rasjawa Coba deh di pantura jawa tengah bagian pati, juwana, rembang rusakj parah rahh, jalan alternatifnya pun rusak parahhhhhh",
"@Tawakal32615407 @dkoeswoyo @kafiradikalis @ridwankamil sya org jawa tengah. tk kasih info ya, jalan dari blora menuju purwodadi hancur jalan dari pati menuju solo hancur jalan dari rembang menuju demak hancur. 😂 maneh lier mereun",
@uinwsfess untung aku wong rembang,
@disrespectmee @bbibubble @tanyakanrl Saiki wonge nek Rembang wkw,
@Faizin_Merah @ganjarpranowo @LaporGub_ Dari pemkab Rembang bagaimana? @rembangkab @HumasRembang,
Rasane nyekeli tangane  cah wedok pie ?  Bosen nyekeli manok teros :),
Kapolresta Pati sidak penanganan macet pantura naik trail sekaligus dengan humblenya bagikan ransum nasi bungkus dan minuman kepada temen-temen sopir yang terjebak macet di jalur Pantura Pati-Rembang. Semoga perbaikan jembatan Juwana dan perbaikan ruas jalan https://t.co/aTFInFIy5L,
Mbiyen ket cilik diajari wong tuoku ngadeg jejeg gede-gede malah sing ngadeg jejeg mong manuk'ku :),
@gyuvieen Rembang 👍🏻,
"Gak lama saya nunggu di Rembang akhirnya lewat juga bus arah Surabaya PO. Bus Harapan Kita (jawaban dr harapanku huhu) jurusan Cirebon-Probolinggo.. Bus nya bagus dan nyaman, gak sempat foto luar bus.. Sudah capek wkwk  Naik bus jam set 8 dan sampe di Sby jam set 2 dini hari https://t.co/BQMn0DRTz3",
"Akhirnya ibu2 pasar berhasil memberhentikan pick up dan supirnya mau memberi tumpangan ke rembang. Luamyan 21 KM..  Alhamdulillah, terimakasih ya pak https://t.co/gQM7BMAI4b",
"Beberapa kali ibu2 pasar di situ mencoba nebeng pick up dengan harapan bisa sampe Rembang kota, karena sebelum Rembang yaitu kec. Batangan sdang macet perbaikan jalan jdi muncul asumsi lgi klo bus itu lurus terus dari jakenan dan akan kembali ke pantura di pertigaan sblm kaliori",
Bandung - Rembang 10 jam perjalanan 85% tidur ekekekekek,
Penyebab Jemaah Umrah Asal Rembang dan Magelang Terlantar di Bandara Kulon Progo https://t.co/avVb9AlvZL,
"Khususnya di Jawa Tengah, PLN mengoperasikan PLTU Tanjung Jati B di Jepara, PLTU Rembang dan PLTU Adipala di Cilacap. PLTU Tanjung Jati B mampu menghasilkan FABA sekitar 359k ton per tahun, sementara PLTU Rembang menghasilkan 67k ton per tahun dan PLTU Adipala sebanyak 80k ton.",
@ganjarpranowo @bpbdjateng @ESDMJateng Ini yang kemaren saya sampaikan ke Pak @ganjarpranowo saat di Rembang setelah penutupan Musrenbangwil. Kami dari Pengurus Karang Taruna Kab. Rembang membantu penanganan teknik vegetasi di bantaran sungai &amp  kebutuhan sosial warga terutama rumah yang nyaris roboh membahayakan jiwa,
Jalur pantura Tuban-Rembang-Pati-Kudus dan juga ke Jepara memang tidak ada pilihan transportasi umum selain BUS. Tgl 17 Maret hari jum'at saya berangkat dari Surabaya ke Pati naik BUS Jaya Utama Patas jurusan sby-smg berangkat pukul 19.00 dengan lancar dan tanpa kendala https://t.co/ITfUfjKX42,
"Puluhan Jemaah Umrah Asal Rembang Batal Berangkat, 1 Oknum Perantara Ditahan Polisi  https://t.co/b54kbJnkxU",
"Kalau di Rembang pengen nasi liwet (nasi liwet Jateng khas Solo) sepengetahuanku cuma malam aja, 1 tempat, di kidul prapatan Jaeni.  Kalau di Kudus kamu mau nasi liwet, bertebaran di berbagai sudut kalau pagi - siang hari.",
Rembang 2023 Banser https://t.co/0mMUqUn0BM,
Kapolresta Pati sidak penanganan macet pantura naik trail sekaligus dengan humblenya bagikan ransum nasi bungkus dan minuman kepada temen-temen sopir yang terjebak macet di jalur Pantura Pati-Rembang.  #PolriPresisi #PoldaJatengHadir #PolrestaPatiSahabatSejati https://t.co/2IMagwWqkp,
punya mengantuk la tadi masa otw balik rumah sampai sempat lena sat kt traffic light tadi..huh mgantuk sungguh panas rembang lani,
sementara PLTU Rembang menghasilkan 67.000 ton per tahun dan PLTU Adipala sebanyak 80.000 ton. #PLN #ManfaatFABAPLN  #FightingClimateChange #PanturaLestari #EnergiBaruTerbarukan #PLNUntukIndonesia #UnleashingEnergyandBeyond #BUMNUntukASEAN2023 #IndonesiaUntukASEAN https://t.co/nAkOVTGaTh,
"Khususnya di Jawa Tengah, PLN mengoperasikan PLTU Tanjung Jati B di Jepara, PLTU Rembang dan PLTU Adipala di Cilacap. PLTU Tanjung Jati B mampu menghasilkan FABA sekitar 359.000 ton per tahun, #PLN #ManfaatFABAPLN  #FightingClimateChange #PanturaLestari #EnergiBaruTerbarukan https://t.co/tg6gROYLyU",
"Kecelakaan yang melibatkan kereta api (KA) terjadi di perlintasan tanpa palang pintu di Desa Rembang, Kecamatan Ngadiluwih, Kabupaten Kediri. Minggu malam (19/3), sekitar pukul 21.45, KA Rapih Dhoho menghantam pikap berpenumpang 4 orang. https://t.co/YtcYypAHXn",
"Walaupun YB @FadhlinaSiddiq dah bagi 'green light' tak perlu pakai tali leher pergi sekolah, tapi ramai lagi tak biasa. Apapun tahniah YB sudi bagi pilihan. Kesian dekat budak-budak, panas rembang pakai tali leher.   Harapnya, lps ni sekolah kebangsaan juga buat benda yg sama. https://t.co/S8PtwQU9DV",
"Hello Sobat Milenial ✨✨✨  “Orang mengerti BENAR tidak mau bicara, maka yang SALAH itu menjadi benar”, salah satu yang menginspirasi ayah Ganjar untuk aktif bermedia sosial adalah sosok Gus Mus (Rembang).  Panjang umur orang-orang hebat..!!! https://t.co/FkqykEEtDW",
"Hingga pekan ketiga bulan Maret ini, total tercatat ada sebanyak 2.629 ekor sapi di Kabupaten Rembang yang terjangkit wabah penyakit mematikan tersebut.   Baca selengkapnya:   https://t.co/XfYwiWFOok",
"38 Calon Jemaah Umroh Asal Rembang Jadi Korban Penipuan, Gagal Berangkat dan Terlantar di Bandara   https://t.co/MqSeJGWHge via @tribunjambiku",
"PLTU Tanjung Jati B mampu menghasilkan FABA sekitar 359.000 ton per tahun, sementara PLTU Rembang menghasilkan 67.000 ton per tahun dan PLTU Adipala sebanyak 80.000 ton.  #PLN #ManfaatFABAPLN  #FightingClimateChange #PanturaLestari #EnergiBaruTerbarukan #PLNUntukIndonesia https://t.co/ajB1bSKoYo",
"Khususnya di Jawa Tengah, PLN mengoperasikan PLTU Tanjung Jati B di Jepara, PLTU Rembang dan PLTU Adipala di Cilacap.   #PLN #ManfaatFABAPLN  #FightingClimateChange #PanturaLestari #EnergiBaruTerbarukan #PLNUntukIndonesia #BUMNUntukASEAN2023 #IndonesiaUntukASEAN https://t.co/Eai8uwdzHS",
"Viral Puluhan Calon Jemaah Umrah Asal Rembang Terlantar di Bandara YIA, Berakhir Batal Berangkat https://t.co/bS2CfGtEm0",
Kapolresta Pati sidak penanganan macet pantura naik trail sekaligus dengan humblenya bagikan ransum nasi bungkus dan minuman kepada temen-temen sopir yang terjebak macet di jalur Pantura Pati-Rembang. Semoga perbaikan jembatan Juwana dan perbaikan ruas jalan di Batangan segera bi https://t.co/3cclTbAY2u,
38 Calon Jamaah Umrah Asal Rembang Jawa Tengah Terlantar Dibandara Yogyakarta Internasional Airport Kabupaten Kulon Progo  #Jamaahuumrah #Rembang #Kulonprogo #terlantar #BeritaJogja #TVRIYogyakarta #MediaPemersatuBangsa https://t.co/p71pDtcMDx,
Kapolresta Pati sidak penanganan macet pantura naik trail sekaligus dengan humblenya bagikan ransum nasi bungkus dan minuman kepada temen-temen sopir yang terjebak macet di jalur Pantura Pati-Rembang. Semoga perbaikan jembatan Juwana https://t.co/S8rG0EpU72,
"PLN NP melalui PLTU Rembang menyumbangkan 20 tetrapod dari Fly Ash Bottom Ash (FABA) atau limbah sisa pembakaran batubara PLTU guna menanggulangi abrasi pantai pada KEE Pasarbanggi, Rembang pada Kamis (16/3).",
PROMO Kemasan Acara Rembang WA 081-3311-74400  #GoodieBag #TasHampers #KemasanPaperbag #TasBelanja #SouvenirBag #KantongPlastik #TasKantongBelanja #TasSouvenir #TasSpunbond #KemasanAcara #TasAcara #TasBrand #TasBelanjaPlastik https://t.co/7ZftspFhcg,
PROMO Kemasan Acara Rembang WA 081-3311-74400  #GoodieBag #TasHampers #KemasanPaperbag #TasBelanja #SouvenirBag #KantongPlastik #TasKantongBelanja #TasSouvenir #TasSpunbond #KemasanAcara #TasAcara #TasBrand #TasBelanjaPlastik https://t.co/7Sr4BAAAeF,
Kapolresta Pati sidak penanganan macet pantura naik trail sekaligus dengan humblenya bagikan ransum nasi bungkus dan minuman kepada temen-temen sopir yang terjebak macet di jalur Pantura Pati-Rembang. Semoga perbaikan jembatan Juwana dan perbaikan ruas jalan di Batangan https://t.co/S2wGqA7ncL,
Kapolresta Pati sidak penanganan macet pantura naik trail sekaligus dengan humblenya bagikan ransum nasi bungkus dan minuman kepada temen-temen sopir yang terjebak macet di jalur Pantura Pati-Rembang. Semoga perbaikan jembatan Juwana dan perbaikan ruas jalan di Batangan s https://t.co/nAZyLuRaQb,
Kapolresta Pati sidak penanganan macet pantura naik trail sekaligus dengan humblenya bagikan ransum nasi bungkus dan minuman kepada temen-temen sopir yang terjebak macet di jalur Pantura Pati-Rembang.   #PolriPresisi #PoldaJatengHadir #PolrestaPatiSahabatSejati #ABA2000Update https://t.co/lrmJtghVrZ,
"Kapolresta Pati sidak penanganan macet pantura naik trail sekaligus dengan humblenya bagikan ransum nasi bungkus dan minuman kepada temen-temen sopir yang terjebak macet di jalur Pantura Pati-Rembang.   -Polri Ingkang Presisi, Migunani Kagem Sedulur Pati- https://t.co/C25HolHiVi",
Kapolresta Pati sidak penanganan macet pantura naik trail sekaligus dengan humblenya bagikan ransum nasi bungkus dan minuman kepada temen-temen sopir yang terjebak macet di jalur Pantura Pati-Rembang. Semoga perbaikan jembatan Juwana dan perbaikan ruas jalan di Batangan segera https://t.co/tzBTidI9NQ,
Keluarga Besar PSHT SARANG REMBANG JAWA TENGAH BERDUKA mohon doanya https://t.co/A9ZBWnBMPm,
"Kapolresta Pati sidak penanganan macet pantura sekaligus membagikan nasi bungkus dan minuman kepada sopir yang terjebak macet di jalur Pantura Pati-Rembang. Semoga perbaikan jembatan Juwana dan  jalan di Batangan segera selesai. Polri Ingkang Presisi, Migunani Kagem Sedulur Pati https://t.co/H9DaKUPCr6",
Kapolresta Pati sidak penanganan macet pantura naik trail sekaligus dengan humblenya bagikan ransum nasi bungkus dan minuman kepada temen-temen sopir yang terjebak macet di jalur Pantura Pati-Rembang. Semoga jembatan Juwana dan perbaikan ruas jalan di Batangan segera bisa selesai https://t.co/Ii0ekGB9ub,
Kapolresta Pati sidak penanganan macet pantura naik trail sekaligus dengan humblenya bagikan ransum nasi bungkus dan minuman kepada temen-temen sopir yang terjebak macet di jalur Pantura Pati-Rembang. Semoga perbaikan jembatan Juwana dan perbaikan ruas jalan di Batangan https://t.co/H6cogN8lut,
Kapolresta Pati sidak penanganan macet pantura naik trail sekaligus dengan humblenya bagikan ransum nasi bungkus dan minuman kepada temen-temen sopir yang terjebak macet di jalur Pantura Pati-Rembang. https://t.co/tb9md8aeQu,
Kapolresta Pati sidak penanganan macet pantura naik trail sekaligus dengan humblenya bagikan ransum nasi bungkus dan minuman kepada temen-temen sopir yang terjebak macet di jalur Pantura Pati-Rembang. Semoga perbaikan jembatan Juwana dan perbaikan ruas jalan di Batangan segera https://t.co/mgUKkEYj2S,
Arek Rembang Ini Raup Cuan dari Karya Desain yang Dipasarkan Online https://t.co/OVjanXBFYy,
Fakta Soal Video Calon Jemaah Umrah Asal Rembang dan Magelang Terlantar di Bandara YIA https://t.co/r4ijfQTBmW lewat @BorobudurNews_,
Kapolresta Pati sidak penanganan macet pantura naik trail sekaligus dengan humblenya bagikan ransum nasi bungkus dan minuman kepada temen-temen sopir yang terjebak macet di jalur Pantura Pati-Rembang. Semoga perbaikan jembatan Juwana dan perbaikan ruas jalan di Batangan https://t.co/esyrKDllkn,
Kapolresta Pati sidak penanganan macet pantura naik trail sekaligus dengan humblenya bagikan ransum nasi bungkus dan minuman kepada temen-temen sopir yang terjebak macet di jalur Pantura Pati-Rembang.  #PolriPresisi #PoldaJatengHadir #PolrestaPatiSahabatSejati #ABA2000Update https://t.co/HaRGw1ewEq,
"Pada hari Senin tanggal 20 Maret 2023, pukul 10.40 Wib Anggota Polsek Sale Polres Rembang Ps. Kanit Samapta Aiptu Mardi, Aiptu Eri Wibowo, SH dan Briptu Brillyan Kholif A, SH pada saat melaksanakan patroli di Jalan Raya turut tanah Desa Sumbermulyo Sale - Jatirogo. https://t.co/IK559aDSGh",
"-ness info travel dari UNNES - Rembang dong, barangkali ada yang tau, txh u",
@ManUtd_ID Ga ada Rembang... Skip,
"38 Calon Jemaah Umroh Asal Rembang Jadi Korban Penipuan, Gagal Beranhkat dan Terlantar di Bandara   https://t.co/MqSeJGWHge via @tribunjambiku   #calonJemaahUmroh #RenbangJawaTengah #yogyakarta",
@Kemenparekraf Semangat unt Desa Wisata Kab Rembang @bupati_rbg @GusHanies,
@Kemenparekraf Ayoooo wisata ke Rembang aja @bupati_rbg @GusHanies,
"UPDATE ❗️ Kecelakaan maut terjadi di Jalur Pantura, Jawa Tengah, tepatnya di Desa Pasarbanggi, Kecamatan Rembang Kota, Jumat (10/03/2023) mengakibatkan 5 Orang meninggal dunia dan 17 orang lainnya mengalami luka-luka. https://t.co/XLnd8OeX2x",
"PLTU Tanjung Jati B mampu menghasilkan FABA sekitar 359.000 ton per tahun, sementara PLTU Rembang menghasilkan 67.000 ton per tahun dan PLTU Adipala sebanyak 80.000 ton.",
"Khususnya di Jawa Tengah, PLN mengoperasikan PLTU Tanjung Jati B di Jepara, PLTU Rembang dan PLTU Adipala di Cilacap.",
"#TemanPemilih KPU Kabupaten Rembang melaksanakan Apel Pagi pada Senin, 20 Maret 2023 bertempat di Kantor KPU Rembang. Apel Pagi dipimpin oleh  Anggota KPU Rembang Divisi Teknis, Moch. Zaenal Arifin, dan diikuti jajaran sekretariat KPU Rembang.  #KPUMelayani #PemiluSerentak2024 https://t.co/65dWYpujHc",
"Personil Polsek Rembang hadir di tengah masyarakat, melaksanakan pengamanan dan pengawalan pawai dalam rangka menyambut Bulan Suci Ramadhan 1444 H / th 2023 TK dan SD Islam Terpadu  Al Furqon https://t.co/M1rKQDTZW7",
"Berkualitas, Kemasan Makanan Rembang WA  081-3311-74400 #Paper Box  #Box Makanan  #Kantong Kertas  #Kemasan Makanan https://t.co/XFUuRhLYWV",
"Berkualitas, Kemasan Produk Rembang WA  081-3311-74400 #Kemasan  #Kemasan Custom  #Kemasan Produk  #Lunch Box https://t.co/yH3zeVtPPP",
"Personil Polsek Rembang hadir di tengah masyarakat, menyebrangkan anak sekolah di SD N Tireman untuk meminimalisir terjadinya kecelakaan lalulintas dan memberi rasa aman dan nyaman kepada pengguna jalan. https://t.co/jeqZ8KQpOv",
Partly Cloudy Besok Suhu Udara di Rembang Tertinggi 89F dan Terendah 76F. by PT Amir Hajar Kilsi https://t.co/w7NKiNGMv8,
jual Stiker Mesin Cuci 2 Tabung Sailor Moon ~ https://t.co/zG9vVW4t88 #gresik #rembang #jepara #blitar #nganjuk #jember #jatim #bali,
@jakarta_alter2 @YayangPDG @_yayangpdg03 di rembang kak,
"@radixwp @detik @jokowi @prabowo 🤦🤦🤦🤦🤦🤦 Ini saat alm mendoakan @prabowo dlm sesi doa, dlm rangka kunjungan @jokowi dan timsesnya ke ponpes Al Anwar Rembang... Sampai Romy dan @jokowi ke kamar pribadi Mbah Moen.. @tribunmedan https://t.co/Eb3LyRVytw",
Selamat kepada kakak-kakak IKADHA MAYAK komisariat Rembang yang telah menempuh Wisuda dengan jumlah 14 wisudawan dan wisudawati semoga ilmunya bermanfaat dan barokah...Aamiin https://t.co/zj54Msq8OL,
"Gus Wagub : Mulai Kabupaten Brebes hingga Kabupaten Rembang, merupakan potensi di bidang kelautan dan perikanan yang patut menjadi kebanggaan kita, Provinsi Jawa Tengah,"" #GusYasin #PanglimaSGN #SantriGayengNusantara #TajYasin #WagubJateng @TajYasinMZ https://t.co/Y8CT10bkuU""",
"Puluhan Jemaah Umrah Rembang Gagal Berangkat, Ingin Refund https://t.co/Ly34ERaXJu ......LGI2 MUSLIM KENA TIPU...SAMPAI KPN MAU JUAL AGAMA INI .... https://t.co/VWUA9L1FVu",
"30-an Jemaah Umrah Rembang Kena Tipu, Biro: Uang Belum Disetor https://t.co/JfnZkRAbSQ",
"Puluhan Jemaah Umrah Rembang Gagal Berangkat, Ingin Refund https://t.co/YQVf0Dy4qG",
"Di sana, kalian akan mendapati  2 lukisan Ulama Rembang yang terpampang di dinding warung.   Yakni, KH. Syahid atau yang misuwur dengan julukan Kiai Alhamdulillah dan Gus Baha. https://t.co/AFiMCGpGTv",
"Halo #SobATRBPN ,  Berikut kegiatan PELATARAN (Pelayanan Tanah Akhir Pekan) Kantor Pertanahan Kabupaten Rembang pada Minggu, 19 Maret 2023.  Jam pelayanan PELATARAN : Sabtu - Minggu 09.00 - 12.00  Bagi pemohon yang ingin mengurus sertipikatnya sendiri yaa..  #PELATARAN https://t.co/lmebtPn70Y",
"Menu andalan di warung ini ialah lontong tahu, sate srepeh, dan tempe bungkus godong jati, yang tak lain adalah makanan khas Rembang. https://t.co/Z6E7Erfq84",
"Warung Makan Tenda Biru Pak Djafar"" salah satu warung legendaris di Rembang.  Warung makan yang berada di Jl. Kartini no 21 itu, kini, dikelola oleh generasi ke empat.   Soal rasa, lidah saya tidak banyak cincong. Cocok.   Bumbu lontongnya sangat berasa, kental. Tidak eman-eman. https://t.co/3OG9gPUIcL""",
"Gubernur Jawa Tengah, Ganjar Pranowo kembali melakukan sidak proyek pembangunan Jembatan Juwana Pati. Namun, sidak kali ini berbeda karena dilakukan malam hari, yakni pukul 22.25 WIB.  Usai memimpin Musrenbang Wilayah di Pendapa Kabupaten Rembang, Ganjar sowan ke sejumlah kiai. https://t.co/yphSpvM7uN",
Kira-kira apa yang dilakukan Ganjar Pranowo setelah hadir pada acara Musrenbang di Kabupaten Rembang??  #SahabatGanjar #Ganjar #ganjarpranowo https://t.co/VyaW5vOH2t,
@iffamanaf Time angin kuat okay laaa time tgh hari rembang tanpa angin. Oooooo senak kepala,
@ekowboy2 Gak cuma Wadas Di Rembang Pati ada bukit kendeng dikeruk juga.pdhl bukit itu untuk menyimpan air yg dimanfaatkan petani,
Program Strategi Integrasi Menuju Pantura Lestari dimulai dari Rembang. https://t.co/6LUIQUdxi2,
panas rembang.,
"1. Mikirin nasib artis adlh kegiatan paling tidak berguna di bumi ini. Artis tuh untuk digossipin, daripada yeay gossipin tetangga 😉 2. Jadi takut nikah, karena artis, kurang apa cantiknya ttp diselingkuhi? Silahkan tinjau kembali poin kesatu.  Selamat jelang rembang petang 🤗❤️",
Tetrapod mrupakn struktur peredam gelombang laut atau beton cor yg terbuat dari fly as (abu terbang) dan bottom as (abu dasar) atau Faba yg mrupakn sisa hasil pembakaran batu bara di ruang bakar PLTU Rembang yg trbukti mampu memecah gelombang air laut. #GanjarKunciRIMajuSejahtera https://t.co/UcaUWKYQOI,
"Gubernur Jawa Tengah Ganjar Pranowo berencana mengadopsi tetrapod yang digunakan di pesisir Bonang, Rembang untuk dimanfaatkan di sepanjang garis Pantai Utara (Pantura) Jateng sebagai upaya mengurangi abrasi dan rob. #GanjarKunciRIMajuSejahtera https://t.co/9hD5retnPf",
"Untuk mempercepat penguraian kemacetan Jalan Raya Rembang - Pati, Gubernur Jawa Tengah Ganjar Pranowo meminta percepatan pengerjaan perbaikan jembatan Juwana - Pati. https://t.co/EWhXphCRGc",
Kira-kira apa yang dilakukan PakbGanjar setelah hadir pada acara Musrenbang di Rembang..?  #SahabatGanjar #Ganjar #ganjarpranowo https://t.co/P4p8ghvxSC,
@cantikbgtyampun Rembang jawa tengah tp emang udah mau dkt sana,
@cantikbgtyampun Kayaknya di Rembang juga ada daerah gitu namanya 😅,
Tingkatkan Produktivitas Babinsa Koramil 12/Rembang Sambangi Pembudidaya Lele https://t.co/vIk7ohtGil,
"@Candra4smara @Irfan_Cowgan Banjir di Pati, Kudus dst, tidak surut bermigggu², jalan² rusak di pantura, macer berjam² di Pati - Juana - Rembang, longsor di G Kendeng, ini bukan klenik ini nyata.. tp cebongpun MINGKEM..",
"Sidak lg Kli ini malam, 22.25 WIB.  Usai pimpin Musrenbang Wilayah di Rembang, Gub #GanjarPranowo  sowan ke bbrp kiai &amp  pulang lwt jl Pantura Timur.  Di Pati blio belok ke jembatan Juwana u/ melihat progres &amp  mastikan proyek jln sesuai harapan.  Moga lancar ya #sahabatganjar 🙏 https://t.co/ahG9f1ePhy",
"Ganjar Pranowo berencana mengadopsi tetrapod yang digunakan di pesisir Bonang, Rembang untuk dimanfaatkan di sepanjang garis Pantai Utara (Pantura) Jateng sebagai upaya mengurangi abrasi dan rob.  #GanjarKunciRIMajuSejahtera https://t.co/vXNa7eAeS3",
"Putra Almaghfurlah KH Syahid Kemadu Rembang, Gus Obi' Didaulat jadi Ketua Syuriah NU Sulang. https://t.co/zDncCuJ3JB https://t.co/2PmgjdNDok",
Kira-kira apa yang dilakukan Ganjar Pranowo setelah hadir pada acara Musrenbang di Kabupaten Rembang??  #SahabatGanjar #Ganjar #ganjarpranowo https://t.co/k5xuIECjiu,
"Pada hari Minggu tanggal 19 Maret 2023, pukul 10.30 Wib Anggota Polsek Sale Polres Rembang Bripka Yoto dan Briptu Erwin Dwi Prasetyo pada saat melaksanakan patroli di Jalan Raya turut tanah Desa Sumbermulyo Kec. Sale - Jatirogo. https://t.co/goQmRR3ryr",
wisuda ke-6 STAI Al-Anwar Sarang Rembang. https://t.co/1cpeMHYFb7,
Kira-kira apa yang dilakukan Ganjar Pranowo setelah hadir pada acara Musrenbang di Kabupaten Rembang??  #SahabatGanjar #Ganjar #ganjarpranowo https://t.co/sADjeTBdLt,
"Gubernur Jawa Tengah, @ganjarpranowo kembali melakukan sidak proyek pembangunan Jembatan Juwana Pati. Namun, sidak kali ini berbeda karena dilakukan malam hari, yakni pukul 22.25 WIB.  Usai memimpin Musrenbang Wilayah di Pendapa Kabupaten Rembang, Ganjar sowan ke sejumlah kiai. https://t.co/N3SCPDkH0Z",
"Personil Polsek Rembang hadir di tengah masyarakat, memberikan himbauan kamtibmas kepada warga desa Magersari untuk berperan aktif menjaga situasi kamtibmas kecamatan Rembang https://t.co/3FjYCfO6Yi",
"Gubernur Jawa Tengah, Ganjar Pranowo kembali melakukan sidak proyek pembangunan Jembatan Juwana Pati. Namun, sidak kali ini berbeda karena dilakukan malam hari, yakni pukul 22.25 WIB.  Usai memimpin Musrenbang Wilayah di Pendapa Kabupaten Rembang, Ganjar sowan ke sejumlah kiai.… https://t.co/hpMIzUhgbh",
Kira-kira apa yang dilakukan @ganjarpranowo setelah hadir pada acara Musrenbang di Kabupaten Rembang??  #SahabatGanjar #Ganjar #ganjarpranowo https://t.co/RdmoWCZWQl,
"164.KAKANWIL A YUSPAHRUDDIN KEMENKUMHAM JATENG: Peringati HBP Ke-59, Rutan Rembang Gelar Sepeda Santai Bersama https://t.co/cj12kwytVW #KemenkumhamJateng #AYuspahruddin #KumhamPasti @Kemenkumham_RI @kemenkumhamjtg",
163.KAKANWIL A YUSPAHRUDDIN KEMENKUMHAM JATENG: Semarak Sepeda Santai Rutan Rembang Dalam Peringatan HBP Ke-59 https://t.co/BV9lTe4GdE #KemenkumhamJateng #AYuspahruddin #KumhamPasti @Kemenkumham_RI @kemenkumhamjtg,
"@ganjarpranowo kembali melakukan sidak proyek pembangunan Jembatan Juwana Pati.  Usai memimpin Musrenbang Wilayah di Pendapa Kabupaten Rembang, Ganjar sowan ke sejumlah kiai. Setelah itu, Ganjar pulang melewati jalan Pantura Timur. #GanjarPranowo #GanjarHebat https://t.co/s260Ql9Sb0",
"Personil Polsek Rembang hadir di tengah masyarakat, mendampingi Pemerintah desa Kutoharjo melaksanakan pembagian bantuan alat tangkap rajungan kepada nelayan desa Kutoharjo. https://t.co/0yuvejrTsg",
"Di sini pihak kami [MTT] juga kaget dan merasa dirugikan oleh si oknum, karena pihak Mabari sudah membayar lunas semua kebutuhan ibadah,” ucapnya.  Sebelumnya rombongan calon umrah dari Rembang dan Magelang dipingpong dan terkatung-katung di Bandara YIA.""",
Cerita Rombongan Jemaah Umrah Asal Rembang dan Magelang Terlantar di Bandara Kulon Progo Yogyakarta https://t.co/BSiSIC5FKv,
"KAKANWIL A YUSPAHRUDDIN KEMENKUMHAM JATENG: Peringati HBP Ke-59, Rutan Rembang Gelar Sepeda Santai Bersama https://t.co/f3nyBmy3b0 #KemenkumhamJateng #AYuspahruddin #KumhamPasti @Kemenkumham_RI @kemenkumhamjtg",
KAKANWIL A YUSPAHRUDDIN KEMENKUMHAM JATENG: Semarak Sepeda Santai Rutan Rembang Dalam Peringatan HBP Ke-59 https://t.co/n4ll8hqPAU #KemenkumhamJateng #AYuspahruddin #KumhamPasti @Kemenkumham_RI @kemenkumhamjtg,
"Kakanwil Musta'in Ahmad mendampingi Menag Yaqut Cholil Qoumas dalam wisuda VI STAI Al-Anwar Sarang Rembang,Sabtu (18/3).  Menag Yaqut menyatakan bahwa di pesantren, anak-anak bukan hanya diajarkan untuk menjadi pintar, namun diajarkan untuk menjadikan cara berpikir sebagai kunci. https://t.co/AKUgQ4NGIK",
"Bupati Rembang, Abdul Hafidz mengatakan, kondisi jalan di wilayah Rembang banyak mengalami kerusakan.  #SahabatGanjar #Ganjar #ganjarpranowo https://t.co/MtrC6PWE2W",
"Gubernur Jawa Tengah Ganjar Pranowo banyak mendapatkan usulan terkait infrastruktur khususnya perbaikan jalan saat Musrenbang di wilayah Jekutibanglor (Kabupaten Jepara, Kudus, Pati, Rembang dan Blora), di Pendapa Kabupaten Rembang.  #SahabatGanjar #Ganjar #ganjarpranowo https://t.co/EvgNcxsSxm",
@convomf Rembang knows everything,
"Selamat Pagi Rembang.. Menu sarapan orang pesisir sudah ready.. asem2 tongkol buah pepaya, oseng2 vumi hitam, tempe+tongkol goreng, tak lupa sambal terong bakar.. https://t.co/rgfmCmPc4q",
"KAKANWIL A YUSPAHRUDDIN KEMENKUMHAM JATENG: Peringati HBP Ke-59, Rutan Rembang Gelar Sepeda Santai Bersama https://t.co/0AhYoc191C #AYuspahruddin #KumhamPasti @Kemenkumham_RI @kemenkumhamjtg",
"164.KAKANWIL A YUSPAHRUDDIN KEMENKUMHAM JATENG: Peringati HBP Ke-59, Rutan Rembang Gelar Sepeda Santai Bersama https://t.co/KZYjxijUxR #KemenkumhamJateng #AYuspahruddin #KumhamPasti @Kemenkumham_RI @kemenkumhamjtg",
163.KAKANWIL A YUSPAHRUDDIN KEMENKUMHAM JATENG: Semarak Sepeda Santai Rutan Rembang Dalam Peringatan HBP Ke-59 https://t.co/rjdgPVyXLV #KemenkumhamJateng #AYuspahruddin #KumhamPasti @Kemenkumham_RI @kemenkumhamjtg,
"@RaniKancana Sungai karanggenang, Rembang..",
164. KAKANWIL KEMENMUMHAM JATENG A YUSPAHRUDDIN : peringati-hbp-ke-59-rutan-rembang-gelar-sepeda-santai-bersama  https://t.co/VPxanX7wQo,
163. KAKANWIL KEMENMUMHAM JATENG A YUSPAHRUDDIN : semarak-sepeda-santai-rutan-rembang-dalam-peringatan-hbp-ke-59  https://t.co/nH3fleYhSs,
Scattered Thunderstorms Besok Suhu Udara di Rembang Tertinggi 89F dan Terendah 75F. by PT Amir Hajar Kilsi https://t.co/g5VfGVhpxq,
@BisKota_ adakah followersnya yg punya kontak agen kencana rembang?,
"KAKANWIL A YUSPAHRUDDIN KEMENKUMHAM JATENG: Peringati HBP Ke-59, Rutan Rembang Gelar Sepeda Santai Bersama https://t.co/UVgznzlt5A  #KemenkumhamJateng #AYuspahruddin #KumhamPasti @Kemenkumham_RI @kemenkumhamjtg",
KAKANWIL A YUSPAHRUDDIN KEMENKUMHAM JATENG: Semarak Sepeda Santai Rutan Rembang Dalam Peringatan HBP Ke-59 https://t.co/xTmKg6EjJ9  #KemenkumhamJateng #AYuspahruddin #KumhamPasti @Kemenkumham_RI @kemenkumhamjtg,
@eyank_utie Rembang Yank 🤗,
"@cantikbgtyampun Rembang? Capek, Yas",
@blackyiee__ @tanyakanrl Bhs pantura nih..pati rembang hehe,
@djum__ Rembang punya,
aku Jane Yo seneng koe tapi yopie aah mboh lah,
"Ojo lungo ya sayang? aku wes nyaman Karo awakmu, aku pengen awakmu dadi seng terakhir",
"Sunan Bonang IV alias Sunan Bonang Demak, nama aslinya Sayyid Abdul Malik bin Maulana Ibrahim Pasujudan / Sunan Bonang Rembang bin Maulana Muhammad / Sunan Bonang Bawean bin Maulana Makhdum Ibrahim Sunan Bonang I Tuban, Makamnya ada di Desa Bonang Rejo, Kec. Bonang, Kab. Demak.",
"Sunan Bonang III alias Sunan Bonang Rembang, nama aslinya Raden Ali Zainal Abidin As-Sajjad alias Maulana Ibrahim Pasujudan alias Sunan Bonang III bin Maulana Muhammmad Sunan Bonang II bin Maulana Makhdum Ibrahim Sunan Bonang I Makamnya ada di Desa Bonang, Kec Lasem, Kab. Rembang",
"Selamat Pagi Rembang , Apakah kamu merasa masa kecilmu lebih bahagia dari kebanyakan orang?  Kode Referral Bibit : bonusdaftar  yukgabung kerenin indonesia https://t.co/37KskeGeUA",
"164.KAKANWIL A YUSPAHRUDDIN KEMENKUMHAM JATENG: Peringati HBP Ke-59, Rutan Rembang Gelar Sepeda Santai Bersama https://t.co/Hnyw5MeZt3 #KemenkumhamJateng #AYuspahruddin #KumhamPasti @Kemenkumham_RI @kemenkumhamjtg",
"@_mardial_ Lah, mas bebek (Rembang)",
77.KAKANWIL KEMENKUMHAM JATENG A YUSPAHRUDDIN:  Satuan Operasional Kepatuhan Intenal Rutan Rembang Kini Resmi Dikukuhkan - https://t.co/tsdQTL4B54 #KemenkumhamJateng #AYuspahruddin #KumhamPasti @Kemenkumham_RI @kemenkumhamjtg,
"76.KAKANWIL KEMENKUMHAM JATENG A YUSPAHRUDDIN: Pengukuhan Anggota SatOps Patnal Rutan Rembang, Begini Pesan Karutan - https://t.co/Iaf5zizqV9 #KemenkumhamJateng #AYuspahruddin #KumhamPasti @Kemenkumham_RI @kemenkumhamjtg",
163.KAKANWIL A YUSPAHRUDDIN KEMENKUMHAM JATENG: Semarak Sepeda Santai Rutan Rembang Dalam Peringatan HBP Ke-59 https://t.co/e9Q9TnS8MT #KemenkumhamJateng #AYuspahruddin #KumhamPasti @Kemenkumham_RI @kemenkumhamjtg,
"164.KAKANWIL A YUSPAHRUDDIN KEMENKUMHAM JATENG: Peringati HBP Ke-59, Rutan Rembang Gelar Sepeda Santai Bersama https://t.co/dZQQiy7Lg8 #KemenkumhamJateng #AYuspahruddin #KumhamPasti @Kemenkumham_RI @kemenkumhamjtg",
"9.KAKANWIL KEMENKUMHAM JATENG A YUSPAHRUDDIN: Usai Dikukuhkan, SatOps Patnal Rutan Rembang Resmi Bertugas - https://t.co/ah9vNCqGYK #KemenkumhamJateng #AYuspahruddin #KumhamPasti @Kemenkumham_RI @kemenkumhamjtg",
8.KAKANWIL KEMENKUMHAM JATENG A YUSPAHRUDDIN:  SatOps Patnal Rutan Rembang Resmi Dikukuhkan - https://t.co/QKQHvagUJx #KemenkumhamJateng #AYuspahruddin #KumhamPasti @Kemenkumham_RI @kemenkumhamjtg,
7.KAKANWIL KEMENKUMHAM JATENG A YUSPAHRUDDIN:  Satuan Operasional Kepatuhan Intenal Rutan Rembang Kini Resmi Dikukuhkan - https://t.co/GFA0CLYosa #KemenkumhamJateng #AYuspahruddin #KumhamPasti @Kemenkumham_RI @kemenkumhamjtg,
"6.KAKANWIL KEMENKUMHAM JATENG A YUSPAHRUDDIN: Pengukuhan Anggota SatOps Patnal Rutan Rembang, Begini Pesan Karutan - https://t.co/Iaf5zizqV9 #KemenkumhamJateng #AYuspahruddin #KumhamPasti @Kemenkumham_RI @kemenkumhamjtg",
"83.KAKANWIL KEMENKUMHAM JATENG A YUSPAHRUDDIN: Bersama TNI-Polri, Rutan Rembang Gelar Pemsyarakatan Bersih-Bersih - https://t.co/wT6u10aMNL? #KemenkumhamJateng #AYuspahruddin #KumhamPasti @Kemenkumham_RI @kemenkumhamjtg",
"82.KAKANWIL KEMENKUMHAM JATENG A YUSPAHRUDDIN: Peringati HBP Ke-59, Rutan Rembang Gelar Pemasyarakatan Bersih-Bersih - https://t.co/ATJXazbO4C #KemenkumhamJateng #AYuspahruddin #KumhamPasti @Kemenkumham_RI @kemenkumhamjtg",
81.KAKANWIL KEMENKUMHAM JATENG A YUSPAHRUDDIN: Rutan Rembang Gelar Pemasyarakatan Bersih-Bersih Bareng TNI-Polri - https://t.co/LPAuwwoKyh #KemenkumhamJateng #AYuspahruddin #KumhamPasti @Kemenkumham_RI @kemenkumhamjtg,
80.KAKANWIL KEMENKUMHAM JATENG A YUSPAHRUDDIN:  Rutan Rembang Gandeng TNI-Polri Gelar Pemasyarakatan Bersih-Bersih - https://t.co/IlgEbJdq5L #KemenkumhamJateng #AYuspahruddin #KumhamPasti @Kemenkumham_RI @kemenkumhamjtg,
"79.KAKANWIL KEMENKUMHAM JATENG A YUSPAHRUDDIN: Usai Dikukuhkan, SatOps Patnal Rutan Rembang Resmi Bertugas - https://t.co/a4EC5fRw1S #KemenkumhamJateng #AYuspahruddin #KumhamPasti @Kemenkumham_RI @kemenkumhamjtg",
78.KAKANWIL KEMENKUMHAM JATENG A YUSPAHRUDDIN:  SatOps Patnal Rutan Rembang Resmi Dikukuhkan - https://t.co/GIFGj1eNb1 #KemenkumhamJateng #AYuspahruddin #KumhamPasti @Kemenkumham_RI @kemenkumhamjtg,
77.KAKANWIL KEMENKUMHAM JATENG A YUSPAHRUDDIN:  Satuan Operasional Kepatuhan Intenal Rutan Rembang Kini Resmi Dikukuhkan - https://t.co/vUcjsdNQfF #KemenkumhamJateng #AYuspahruddin #KumhamPasti @Kemenkumham_RI @kemenkumhamjtg,
"76.KAKANWIL KEMENKUMHAM JATENG A YUSPAHRUDDIN: Pengukuhan Anggota SatOps Patnal Rutan Rembang, Begini Pesan Karutan - https://t.co/hcZkyWfRFL #KemenkumhamJateng #AYuspahruddin #KumhamPasti @Kemenkumham_RI @kemenkumhamjtg",
VIRAL! PULUHAN CALON JEMAAH UMRAH DARI REMBANG TERLANTAR DI BANDARA YIA https://t.co/6fY2bNrCpM,
"Halo #SobATRBPN ,  Berikut kegiatan PELATARAN (Pelayanan Tanah Akhir Pekan) Kantor Pertanahan Kabupaten Rembang pada Sabtu, 18 Maret 2023.  Jam pelayanan PELATARAN : Sabtu - Minggu 09.00 - 12.00  Bagi pemohon yang ingin mengurus sertipikatnya sendiri yaa..  #PELATARAN https://t.co/S73vAj7ld7",
"Halo #SobATRBPN ,  Anda tidak punya waktu mengurus sertipikat pada hari kerja? Jangan khawatir! Kantor Pertanahan Kabupaten Rembang buka pada hari Sabtu - Minggu pukul 09.00 - 12.00 bagi masyarakat yang datang sendiri / tanpa dikuasakan yaaa  Yuk, urus sertipikatmu sendiri! https://t.co/fUimkiPiBG",
"Selain Rembang, bantuan perbaikan jalan juga diberikan kepada daerah lain di seluruh Jawa Tengah https://t.co/Nwku76dwcE",
Humblenya Kapolresta Pati saat terobos macet naik trail untuk bagikan ransum nasi bungkus dan minuman kepada temen-temen sopir yang terjebak macet di jalur Pantura Pati-Rembang. Semoga perbaikan jembatan Juwana dan perbaikan ruas jalan di Batangan segera bisa selesai. https://t.co/W1S41Aq50e,
"Gubernur Jawa Tengah, Ganjar Pranowo kembali melakukan sidak proyek pembangunan Jembatan Juwana Pati.  Usai memimpin Musrenbang Wilayah di Pendapa Kabupaten Rembang, Ganjar sowan ke sejumlah kiai. Setelah itu, Ganjar pulang melewati jalan Pantura Timur yang biasa macet. https://t.co/qkOsWrAOoY",
"Bupati Rembang, Abdul Hafidz mengatakan, kondisi jalan di wilayah Rembang banyak mengalami kerusakan. #SahabatGanjar #Ganjar #ganjarpranowo https://t.co/0pCn5pfTEG",
"Gubernur Jawa Tengah Ganjar Pranowo banyak mendapatkan usulan terkait infrastruktur khususnya perbaikan jalan saat Musrenbang di wilayah Jekutibanglor (Kabupaten Jepara, Kudus, Pati, Rembang dan Blora), di Pendapa Kabupaten Rembang.  #SahabatGanjar #Ganjar #ganjarpranowo https://t.co/DWpM8WvvPC",
"Ganjar Pranowo kembali melakukan sidak proyek pembangunan Jembatan Juwana Pati. Usai memimpin Musrenbang Wilayah di Pendapa Kabupaten Rembang, Ganjar sowan ke sejumlah kiai. Setelah itu, Ganjar pulang melewati jalan Pantura Timur yang biasa macet.  #sahabatganjar #ganjarpranowo https://t.co/ptrojtsYgv",
"@ZOO_FESS coba sambil dicari di komunitas jual beli kucing di fb nder, kalo di rembang ada pasar hewan juga coba di survey. bisa jadi dicuri krn mau dijual lagi. beberapa kasus di smg kucingnya ketemu di pasar kartini (pasar hewan)",
"Halo #SobATRBPN ,  Bapak Muh. Nurdin, S.T., M.T selaku Kepala Kantor Pertanahan Kabupaten Rembang beserta Bapak Sukur, A.Ptnh., M.H selaku Kepala Subbagian Tata Usaha, Bapak Zaenuri https://t.co/aGfvuWPXra., M.H selaku Kepala Seksi Survei dan Pemetaan, https://t.co/lXccJeXpwJ",
"Gubernur Jawa Tengah Ganjar Pranowo banyak mendapatkan usulan terkait infrastruktur khususnya perbaikan jalan saat Musrenbang di wilayah Jekutibanglor (Kabupaten Jepara, Kudus, Pati, Rembang dan Blora), di Pendapa Kabupaten Rembang.  #SahabatGanjar #Ganjar #ganjarpranowo https://t.co/aFtjoF8jJc",
DPD Jarnas ABW Kabupaten Rembang Jawa Tengah Terima SK Kepengurusan https://t.co/LQT9zogL2A,
@bliblidotcom Rembang #BliMinBeliin #BlibliSelalu,
"Dah mula sakit kepala, tadi tak beringat duk berjemur bawah matahari rembang koi 12",
"KAKANWIL A YUSPAHRUDDIN KEMENKUMHAM JATENG: Peringati HBP Ke-59, Rutan Rembang Gelar Sepeda Santai Bersama https://t.co/IgCcj25zOI #KemenkumhamJateng #AYuspahruddin #KumhamPasti @Kemenkumham_RI @kemenkumhamjtg",
KAKANWIL A YUSPAHRUDDIN KEMENKUMHAM JATENG: Semarak Sepeda Santai Rutan Rembang Dalam Peringatan HBP Ke-59 https://t.co/t7J9f3xfnJ #KemenkumhamJateng #AYuspahruddin #KumhamPasti @Kemenkumham_RI @kemenkumhamjtg,
"Ganjar Pranowo kembali melakukan sidak proyek pembangunan Jembatan Juwana Pati. Usai memimpin Musrenbang Wilayah di Pendapa Kab.Rembang, Ganjar sowan ke sejumlah kiai. Saat tiba di Pati, Ganjar mendadak belok ke arah jembatan Juwana.   #SahabatGanjar #GanjarUntukIndonesia https://t.co/Mqy7gBg5VY",
"KAKANWIL KEMENKUMHAM JATENG A YUSPAHRUDDIN: Bersama TNI-Polri, Rutan Rembang Gelar Pemsyarakatan Bersih-Bersih - https://t.co/5SfCSNGLz9? #KemenkumhamJateng #AYuspahruddin #KumhamPasti @Kemenkumham_RI @kemenkumhamjtg",
"KAKANWIL KEMENKUMHAM JATENG A YUSPAHRUDDIN: Peringati HBP Ke-59, Rutan Rembang Gelar Pemasyarakatan Bersih-Bersih - https://t.co/anA8gYpfI3 #KemenkumhamJateng #AYuspahruddin #KumhamPasti @Kemenkumham_RI @kemenkumhamjtg",
KAKANWIL KEMENKUMHAM JATENG A YUSPAHRUDDIN: Rutan Rembang Gelar Pemasyarakatan Bersih-Bersih Bareng TNI-Polri - https://t.co/WKTgNIqn2O #KemenkumhamJateng #AYuspahruddin #KumhamPasti @Kemenkumham_RI @kemenkumhamjtg,
KAKANWIL KEMENKUMHAM JATENG A YUSPAHRUDDIN:  Rutan Rembang Gandeng TNI-Polri Gelar Pemasyarakatan Bersih-Bersih - https://t.co/f6x8JbQ93K #KemenkumhamJateng #AYuspahruddin #KumhamPasti @Kemenkumham_RI @kemenkumhamjtg,
"KAKANWIL KEMENKUMHAM JATENG A YUSPAHRUDDIN: Usai Dikukuhkan, SatOps Patnal Rutan Rembang Resmi Bertugas - https://t.co/qkZDtovgYi #KemenkumhamJateng #AYuspahruddin #KumhamPasti @Kemenkumham_RI @kemenkumhamjtg",
@cerammide rembang😭😔,
"ミネラルザワールド横浜戦利品 クリスタルワークス@crystalworksjpさんからさらにも一つ インドネシアのカルサイト お花みたいなカルサイト可愛い～からの産地珍し～で即決でした Rembang City, East Java, Indonesia #ミネラルザワールド横浜 https://t.co/NCkYlPVrPJ",
"Bupati Rembang, Abdul Hafidz mengatakan, kondisi jalan di wilayah Rembang banyak mengalami kerusakan.  #SahabatGanjar #Ganjar #ganjarpranowo https://t.co/01uD8FuNi0",
"Gubernur Jawa Tengah @ganjarpranowo banyak mendapatkan usulan terkait infrastruktur khususnya perbaikan jalan saat Musrenbang di wilayah Jekutibanglor (Kabupaten Jepara, Kudus, Pati, Rembang dan Blora), di Pendapa Kabupaten Rembang. #SahabatGanjar #Ganjar #ganjarpranowo https://t.co/yqoucLlWfx",
"pembakaran batu bara di PLTU.  Khususnya di Jawa Tengah, PLN mengoperasikan PLTU Tanjung Jati B di Jepara, PLTU Rembang dan PLTU Adipala di Cilacap. PLTU Tanjung Jati B mampu menghasilkan FABA sekitar 359.000 ton per tahun, sementara PLTU Rembang menghasilkan 67.000 ton per tahun",
"9.KAKANWIL KEMENKUMHAM JATENG A YUSPAHRUDDIN: Usai Dikukuhkan, SatOps Patnal Rutan Rembang Resmi Bertugas - https://t.co/a4EC5fRw1S #KemenkumhamJateng #AYuspahruddin #KumhamPasti @Kemenkumham_RI @kemenkumhamjtg",
8.KAKANWIL KEMENKUMHAM JATENG A YUSPAHRUDDIN:  SatOps Patnal Rutan Rembang Resmi Dikukuhkan - https://t.co/GIFGj1eNb1 #KemenkumhamJateng #AYuspahruddin #KumhamPasti @Kemenkumham_RI @kemenkumhamjtg,
7.KAKANWIL KEMENKUMHAM JATENG A YUSPAHRUDDIN:  Satuan Operasional Kepatuhan Intenal Rutan Rembang Kini Resmi Dikukuhkan - https://t.co/2HzaPpKEIj #KemenkumhamJateng #AYuspahruddin #KumhamPasti @Kemenkumham_RI @kemenkumhamjtg,
"6.KAKANWIL KEMENKUMHAM JATENG A YUSPAHRUDDIN: Pengukuhan Anggota SatOps Patnal Rutan Rembang, Begini Pesan Karutan - https://t.co/hcZkyWfRFL #KemenkumhamJateng #AYuspahruddin #KumhamPasti @Kemenkumham_RI @kemenkumhamjtg",
"@ABANGDUDA14 @SHBcrypto Ya th lembang Bandung ,,Lembang dgn Rembang beda 🤭🤭🤭🤭",
"17.06: Arus lalu lintas di kawasan Tugu Batik Rembang, Jawa Tengah terpantau ramai lancar. 📹AKM #ElshintaWeekend https://t.co/CueIXqqHPj",
@GusKevin4 @alisyarief Proyek wadas... Proyek semen rembang...,
@IInayaturahmah @SHBcrypto Oh maaf saya kira rembang bandung😀😀😀,
Parpol di Rembang Angkat Bicara Terkait Isu Penundaan Pemilu #nurfmrembang https://t.co/08OY0qfTFj,
"KAKANWIL KEMENKUMHAM JATENG A YUSPAHRUDDIN: Usai Dikukuhkan, SatOps Patnal Rutan Rembang Resmi Bertugas -  https://t.co/1NFvYMZRWg #KemenkumhamJateng #AYuspahruddin #KumhamPasti @Kemenkumham_RI @kemenkumhamjtg",
KAKANWIL KEMENKUMHAM JATENG A YUSPAHRUDDIN: SatOps Patnal Rutan Rembang Resmi Dikukuhkan -  https://t.co/JFicoLvXiU #KemenkumhamJateng #AYuspahruddin #KumhamPasti @Kemenkumham_RI @kemenkumhamjtg,
"KAKANWIL KEMENKUMHAM JATENG A YUSPAHRUDDIN: Pengukuhan Anggota SatOps Patnal Rutan Rembang, Begini Pesan Karutan -  https://t.co/gWPflnP8nC #KemenkumhamJateng #AYuspahruddin #KumhamPasti @Kemenkumham_RI @kemenkumhamjtg",
"Gubernur Jawa Tengah Ganjar Pranowo memimpin langsung Musrenbangwil Jekutibanglor (Jepara, Kudus, Pati, Rembang dan Blora). Dalam Musrenbangwil tersebut, Gajar menerima lebih dari 14.717 usulan masyarakat.  #GanjarKunciRISejahtera https://t.co/ir5DtrC8wz",
"KAKANWIL KEMENKUMHAM JATENG A YUSPAHRUDDIN: Bersama TNI-Polri, Rutan Rembang Gelar Pemsyarakatan Bersih-Bersih - https://t.co/PNJsw6bobF? #KemenkumhamJateng #AYuspahruddin #KumhamPasti @Kemenkumham_RI @kemenkumhamjtg,",
"KAKANWIL KEMENKUMHAM JATENG A YUSPAHRUDDIN: Peringati HBP Ke-59, Rutan Rembang Gelar Pemasyarakatan Bersih-Bersih - https://t.co/IAINIuyRO7 #KemenkumhamJateng #AYuspahruddin #KumhamPasti @Kemenkumham_RI @kemenkumhamjtg,",
"Ngelist kegiatan semingguan ini: Selasa, kegiatan rapat di RM. Rembang Rabu, kegiatan BdL di Kajoran dr pagi-siang, siang-sore Terapi ES Kamis, kegiatan rapat kurikulum dr pagi-siang, siang-sore rapat OPS Jumat, kegiatan di sekolah, sore terapi ES Sabtu, rapat OPS, sore kontrol",
"KAKANWIL KEMENKUMHAM JATENG A YUSPAHRUDDIN: Usai Dikukuhkan, SatOps Patnal Rutan Rembang Resmi Bertugas - https://t.co/pHldnXc4L8 #KemenkumhamJateng #AYuspahruddin #KumhamPasti @Kemenkumham_RI @kemenkumhamjtg,",
KAKANWIL KEMENKUMHAM JATENG A YUSPAHRUDDIN:  SatOps Patnal Rutan Rembang Resmi Dikukuhkan - https://t.co/jQd4Eq33va #KemenkumhamJateng #AYuspahruddin #KumhamPasti @Kemenkumham_RI @kemenkumhamjtg,
KAKANWIL KEMENKUMHAM JATENG A YUSPAHRUDDIN:  Satuan Operasional Kepatuhan Intenal Rutan Rembang Kini Resmi Dikukuhkan - https://t.co/I0eAFWe5QW #KemenkumhamJateng #AYuspahruddin #KumhamPasti @Kemenkumham_RI @kemenkumhamjtg,
"KAKANWIL KEMENKUMHAM JATENG A YUSPAHRUDDIN: Bersama TNI-Polri, Rutan Rembang Gelar Pemsyarakatan Bersih-Bersih -  https://t.co/isNsrpD73b? #KemenkumhamJateng #AYuspahruddin #KumhamPasti @Kemenkumham_RI @kemenkumhamjtg",
"KAKANWIL KEMENKUMHAM JATENG A YUSPAHRUDDIN: Peringati HBP Ke-59, Rutan Rembang Gelar Pemasyarakatan Bersih-Bersih -  https://t.co/kPPlMXVrh9 #KemenkumhamJateng #AYuspahruddin #KumhamPasti @Kemenkumham_RI @kemenkumhamjtg",
KAKANWIL KEMENKUMHAM JATENG A YUSPAHRUDDIN: Rutan Rembang Gelar Pemasyarakatan Bersih-Bersih Bareng TNI-Polri -  https://t.co/o0zkr7V7Wm #KemenkumhamJateng #AYuspahruddin #KumhamPasti @Kemenkumham_RI @kemenkumhamjtg,
KAKANWIL KEMENKUMHAM JATENG A YUSPAHRUDDIN: Rutan Rembang Gandeng TNI-Polri Gelar Pemasyarakatan Bersih-Bersih -  https://t.co/MwKVDgsPoj #KemenkumhamJateng #AYuspahruddin #KumhamPasti @Kemenkumham_RI @kemenkumhamjtg,
KAKANWIL KEMENKUMHAM JATENG A YUSPAHRUDDIN: Satuan Operasional Kepatuhan Intenal Rutan Rembang Kini Resmi Dikukuhkan -  https://t.co/Ou74T2MNgo #KemenkumhamJateng #AYuspahruddin #KumhamPasti @Kemenkumham_RI @kemenkumhamjtg,
"KAKANWIL KEMENKUMHAM JATENG A YUSPAHRUDDIN: Usai Dikukuhkan, SatOps Patnal Rutan Rembang Resmi Bertugas -  https://t.co/o2M6PiW819 #KemenkumhamJateng #AYuspahruddin #KumhamPasti @Kemenkumham_RI @kemenkumhamjtg",
KAKANWIL KEMENKUMHAM JATENG A YUSPAHRUDDIN: SatOps Patnal Rutan Rembang Resmi Dikukuhkan -  https://t.co/YGbpHiAia0 #KemenkumhamJateng #AYuspahruddin #KumhamPasti @Kemenkumham_RI @kemenkumhamjtg,
KAKANWIL KEMENKUMHAM JATENG A YUSPAHRUDDIN: Satuan Operasional Kepatuhan Intenal Rutan Rembang Kini Resmi Dikukuhkan -  https://t.co/3qM0ot7mRm #KemenkumhamJateng #AYuspahruddin #KumhamPasti @Kemenkumham_RI @kemenkumhamjtg,
"KAKANWIL KEMENKUMHAM JATENG A YUSPAHRUDDIN: Pengukuhan Anggota SatOps Patnal Rutan Rembang, Begini Pesan Karutan -  https://t.co/pwqpBRYfaf #KemenkumhamJateng #AYuspahruddin #KumhamPasti @Kemenkumham_RI @kemenkumhamjtg",
@IInayaturahmah @SHBcrypto Oh rembang bandung.,
@ABANGDUDA14 @SHBcrypto Saya orang Rembang bang,
"Puluhan calon jemaah umrah itu ditipu oleh sebuah agen perjalanan paket umrah yang beralamat di Rembang, Jawa Tengah. #publisherstory #tugujogja https://t.co/ddqpId0w0m",
"KAKANWIL KEMENKUMHAM JATENG A YUSPAHRUDDIN: Usai Dikukuhkan, SatOps Patnal Rutan Rembang Resmi Bertugas - https://t.co/ZLp3bBupdz #KemenkumhamJateng #AYuspahruddin #KumhamPasti @Kemenkumham_RI @kemenkumhamjtg",
KAKANWIL KEMENKUMHAM JATENG A YUSPAHRUDDIN:  SatOps Patnal Rutan Rembang Resmi Dikukuhkan - https://t.co/12TNMxKVkj #KemenkumhamJateng #AYuspahruddin #KumhamPasti @Kemenkumham_RI @kemenkumhamjtg,
KAKANWIL KEMENKUMHAM JATENG A YUSPAHRUDDIN:  Satuan Operasional Kepatuhan Intenal Rutan Rembang Kini Resmi Dikukuhkan - https://t.co/2LYweBRJJ3 #KemenkumhamJateng #AYuspahruddin #KumhamPasti @Kemenkumham_RI @kemenkumhamjtg,
Udan e deres tenan Rep muleh rembang kok males nek bungur e 😇😇,
"KAKANWIL KEMENKUMHAM JATENG A YUSPAHRUDDIN: Peringati HBP Ke-59, Rutan Rembang Gelar Pemasyarakatan Bersih-Bersih - https://t.co/ngYz0KEhIR #KemenkumhamJateng #AYuspahruddin #KumhamPasti @Kemenkumham_RI @kemenkumhamjtg",
Ganjar banyak mendapatkan usulan terkait infrastruktur khususnya perbaikan jalan saat Musrenbang di wilayah Jekutibanglor di Pendapa Kabupaten Rembang.  Kiky Bencong Nakes Boti Pecat Daddies https://t.co/u6Lax6VfAa,
@malokalasem @KunciRembang dolan rembang yo ngrawon tah tuyuhan leh 😁😁,
"Personil Polsek Rembang hadir di tengah masyarakat, memberi himbauan kamtibmas kepada pedagang pasar Rembang, ikut berperan aktif menjaga situasi kamtibmas serta menjaga ketertiban dan kebersihan pasar Rembang https://t.co/RxFVr4kLJj",
@OposisiCerdas Rekam jejaknya di benci warga Rempang....Di sukai penikmat 349 T. yg lainnya tidak di sukai Krn good job,
"@repim83 Asal jangan org2 dari klompok DINASTI yg hanya ingin menang  &amp  berkuasa, appn alasannya, itu hayalah kjahatan besar yg mrusak nilai demokrasi yg untungkan diri, kluarga &amp  para oligarki pndukung yg slama ini bersamanya, jangan ada lagi investasi oligarki yg sakiti rakyat (Rempang)",
"@TuaGilaReborn di bio ada bendera merah putih, eh malah jadi buzzer Tiongkok dan mendukung Rempang dijual ke RRC",
Bagian ome tv pemain sepak bola https://t.co/4OZXQ4dTOs  https://t.co/n7gmU1hoX7  https://t.co/vPOgckzYO0  https://t.co/rBZSfFrxXY  https://t.co/DCzqzwGQFd  Rempang Arhan Messi #MUFC #GOAT𓃵 #Netflix https://t.co/VLa01Jfry6,
Dino iki meh jumatan ning rembang moga wae ktmu gusmus trs lanjut solo,
@rahmaniarbaftim @xix0_3 @stacitarpeta18 @St4ndWithMe @Abdoeljegger202 @AbdulRachimmks @AdamVelcro @Adribarza1 @Almudattsir @AlwiHusin @21_mozza Sekarang aja dia ngga bisa melindungi rakyat rempang,
@ZainabRasyidah Kebiadaban di Rempang dipamerkan Keserakahan di Wadas Kendeng diwariskan UU Ciptaneraka dilanjutkan Sementara petani menderita ketika harga beras naik JAMPUD.... ! https://t.co/HSpMCBAqir,
@kompascom Wadas Rempang,
@VIVAcoid Wadas Rempang,
@detikcom Wadas Rempang,
"@tvOneNews Mulaikkkk, petugas partai yg dulu juga bilang dulu miskin &amp  pernah digusur eehhh rempang juga digusur mana lebih kejam smpe tutup akses sekolah &amp  kesehatan",
"@hasyimmah Mahfudz oMDo: kanjuruhan, wadas, rempang, 350T.",
"@RagilSemar Opungku gmn kabarnya gong,,  Update ya,,  Kangen nih,,  Pingin lihat buldozer di rempang..",
@daeng_embang Next daerah mana lagi nih yg akan di Rempang kan🤭,
@eindro76 @BosPurwa Jeritan Rempang Jeritan petani sawit Jeritan petani di tengah kenaikan harga beras JAMPUD !,
"Update Pergeseran Warga Rempang, Sudah 52 KK Pindah ke Hunian Sementara https://t.co/dIgwLVWm6X #News #Berita #Kabar #Popular #klikwarta #InfoMasyarakat #viral #beritaterkini",
"Thohir ato gibran? Thohir gerak di blkng. Jika cebong pingin bgt, maju gibran, thohir ttp d blkg ngerjain semua urusan luhut. Reklamasi, moblis, hybrid pangan, proyek kanker dgn alasan cuaca panas &lt ------ berhubungan dgn rempang",
"@killthedj Jika memang pure penolakan GP atas nama kemanusiaan dll, kenapa GP tidak menolak kekerasan di Wadas, Meruyan, Rempang?",
@Uki23 Orang rempang ngakak ga ya liat cuitan ini????,
"Ingat bahwa @mohmahfudmd menganggap sebagian daerah yg dianggap fanatik dg Islam adalah daerah aliran keras. Iblis memang suka berperan seolah2 bagaikan malaikat yg baik, namun sebaliknya dia adalah makhluk yg paling kejam sehingga mampu melihat rakyat di Rempang terus menderita",
"@M45Broo Karena yg dijual"" AMIN itu gagasan, isi otak dan prestasi  Ya kali yg di""jual"" istri, buat narik simpati?? Mana prestasi? Wadas? Kanjuruhan? Rempang?  Receh bener.   #AniesMuhaimin2024 #AminPalingSiapUntukIndonesia""",
"@killthedj Jika memang anti terhadap segala bentuk penindasan mengapa dia diam ketika ada kasus Wadas, Meruyan, Rempang, dll.",
omeprazole LebihAdem LebihPakbowo imroatus alphard pagiii skck milkuat gilbran guru orang baik pilih orang baik mamat link shopee gofud capres angel eyes cegil renjun hotel sultan fisip ui bocah kpai ibu kota negara rempang  🛒https://t.co/dTeHTprilT https://t.co/l8KcOuGHgl,
@Tita83079013 @jembersolo @jokowi Ngomong HUMANITER tapi mengusir rakyatnya sendiri di Rempang.,
gilbran guru orang baik pilih orang baik mamat link shopee gofud capres mohaimin iskandar sore pengangguran ibu kota negara rempang school 2015 pramuka fokus real life pagi-pagi gen z cilacap cpns kebayoran lama whoosh 🔗https://t.co/z1FpIafA1R https://t.co/dxDqQGPKBo,
riku kades megumi firli guru gemes petualangan sherina 2 angel eyes himawari minion cegil renjun hotel sultan fisip ui bocah kpai ibu kota negara rempang school 2015 pramuka fokus real life capres  🔗https://t.co/ggoYoLQWnb https://t.co/7Jn8o4ouXw,
"Pelda Nurwahid, Anggota dari Koramil 12/Rembang Hadiri Pembagian Bantuan Pangan Program Pemerintah dalam Penurunan Stunting https://t.co/6BhsEDH8ZV",
@ekowboy2 CAWAPRES NYA pendukung Penggusuran Rempang..  CAPRESNYA HOBBY NONTON FILM PORNO..   Nggak bahaya tah...? 🤣😂,
"📍Barix coffee and barber, Rembang. https://t.co/StI49xdaW3",
@DarsAlexandra1 @patualanggaAsse coba liat ini bang pandangan Anies soal rempang  https://t.co/CXUD8k26lx,
@txtdrpemerintah Aku akan ingat omongan dia soal Rempang  F*ck,
"@brother_djon Saya pilih Orang yg tdk punya cacat akhlak di masa lalu, dan bebas dari perkacungan aseng dan asing , apalagi Dikacungin sama nenek tua...  Orangnya cerdas, tegas, berpihak pada rakyat , tdk menindas rakyat rempang,wadas, dan yg lainnya dgn alasan investasi dan tata kota ...",
"Pelda Nurwahid, Anggota dari Koramil 12/Rembang Hadiri Pembagian Bantuan Pangan Program Pemerintah dalam Penurunan Stunting https://t.co/Np5mT4a0nm",
@PDI_Perjuangan soal rempang dia kemana aja. sudah menginjak harkat melayu,
"@OposisiCerdas Memang betul,rekam jejak yg jelas soal duit 349 triliun di mengkeu,dan tanah rempang.",
"@DisyaAgusti GaMau berubah ya pajak akan di berlakukan di semua lini , pertalite akan langka akhirnya wajib Pertamax , gas melon 🍈 bakal lenyap , kasus Wadas , kasus Rempang akan lanjut. Mau di lanjutkan??? Serius",
#AniesMuhaimin2024 Rempang,
#AniesMuhaimin2024 Rempang,
"@Nicho_Silalahi Idiot melebihi kerbau ini anak babi hutan, yg mengusir orang rempang dr tanah mrk sapa anjing idiot🙄 Kau itu cuma smpah peduli apa dgn warga rempang",
"💚 gaes, absen dong yg dom nya di pulau Jawa. Mana aja yg udah hujan?   Sender dom Rembang, Jateng masih gerah banget 😭",
@jokowi Rempang gimana co 🙂,
Kasus rempang adalah perampasan tanah rakyat berkedok investasi oleh para cukong bos pejabar² dan politisi partai. Dimana kah Suara orang² yg selalu teriak saya NKRI harga mati kini dipertanyakan @PdiperjuanganP https://t.co/lhN8BJ1RB0,
@Tan_Mar3M CAWAPRES NYA pendukung Penggusuran Rempang..  CAPRESNYA HOBBY NONTON FILM PORNO..   Nggak bahaya tah...? 🤣😂  https://t.co/d6KpaBPwv8,
#AniesMuhaimin2024 Rempang,
@Cabekiloan @GunRomli Ybs dg pengetahuan hukumnya bukan membela masy rempang justru membela kepentingan Tommy Winata.,
"@VIVAcoid Ratu adil??? Adilnya dimana?? Emang seadil apa saat ganjar 2 periode jd gubernur di jateng??? Kendeng, wadas apa kabar?! Mpud: kasus rempang, harun masiku, duit 349T, hukuman koruptor di sunat besar2an bahkan ada yg di vonis bebas etc piye kui?? Ratu amburadul",
"@uinwsfess Bar unnes, undip, uin ws, semarang ono opo tohhh",
Rempang semakin berkembang . Bahlil Kawal Investasi  #HIPMIRempang  https://t.co/unCC6UyCoP,
@IND0_Update @MataNajwa @Metro_TV @tvOneNews Proyek Rempang Eco Park adalah contoh bagaimana investasi dapat menjadi alat untuk melestarikan alam sambil menciptakan lapangan kerja dan pertumbuhan ekonomi. Bahlil Kawal Investasi #HIPMIRempang,
@IND0_Update @MataNajwa @Metro_TV @tvOneNews Kami sangat bangga dengan inisiatif pro-investasi yang diambil oleh Menteri Bahlil dan pihak HIPMI. Proyek Rempang Eco Park adalah bukti nyata bahwa investasi dapat memberikan manfaat jangka panjang bagi lingkungan dan masyarakat. Bahlil Kawal Investasi #HIPMIRempang,
@IND0_Update @MataNajwa @Metro_TV @tvOneNews Menteri Bahlil telah memainkan peran yang sangat positif dalam mengawasi proyek Rempang Eco Park. Bahlil Kawal Investasi #HIPMIRempang,
"@IND0_Update @MataNajwa @Metro_TV @tvOneNews Dukungan investasi adalah kunci bagi pertumbuhan ekonomi yang berkelanjutan, dan inisiatif seperti Rempang Eco Park Bahlil Kawal Investasi #HIPMIRempang",
"@IND0_Update @MataNajwa @Metro_TV @tvOneNews Selamat kepada Dukung Investasi, HIPMI, dan Menteri Bahlil atas kolaborasi yang luar biasa dalam mengawal proyek Rempang Eco Park. Bahlil Kawal Investasi #HIPMIRempang",
@IND0_Update @MataNajwa @Metro_TV @tvOneNews Pendekatan holistik Dukung Investasi dan HIPMI terhadap proyek Rempang Eco Park sangat menginspirasi. Bahlil Kawal Investasi #HIPMIRempang,
"@NarasiNewsroom pendekar hkm, pmbela wong cilik,   perppu ciptaker sakiti ati buruh pekerja a.k.a wong cilik,  kanjuruhan dianggap pelanggarn ham biasa, sakiti ati kluarga korban,  wrga asli rempang sakit ati dianggap tdk ada, tpi diikutkn pemiu,  dlu, sikap bgitu, benturan psikologis"" kah ?...""",
"@IND0_Update @MataNajwa @Metro_TV @tvOneNews Kerjasama antara Dukung Investasi, HIPMI, dan Menteri Bahlil dalam mengawal realisasi proyek Rempang Eco Park adalah bukti nyata bahwa investasi dan pelestarian lingkungan bisa berjalan seiring. Bahlil Kawal Investasi #HIPMIRempang",
"@IND0_Update @MataNajwa @Metro_TV @tvOneNews Apresiasi tinggi untuk Dukung Investasi dan HIPMI yang mendukung proyek Rempang Eco Park. Langkah ini tidak hanya menciptakan peluang investasi, tetapi juga memperkuat pelestarian alam. Bahlil Kawal Investasi #HIPMIRempang",
"@IND0_Update @MataNajwa @Metro_TV @tvOneNews Sangat menggembirakan melihat Dukung Investasi dan HIPMI bersatu dalam apresiasi terhadap Menteri Bahlil, yang dengan tekunnya mengawal realisasi proyek Rempang Eco Park. Bahlil Kawal Investasi #HIPMIRempang",
@IND0_Update @MataNajwa @Metro_TV @tvOneNews HIPMI memperlihatkan komitmen nyata terhadap investasi dan pembangunan ekonomi dengan mendukung proyek Rempang Eco Park dan menghargai kerja keras Menteri Bahlil.  Bahlil Kawal Investasi #HIPMIRempang,
@Radjahoki_pro @GunRomli KANJURUHAN BANG... REMPANG URUSAN MENTERI INVESTASI WKWK,
@IND0_Update @MataNajwa @Metro_TV @tvOneNews Terima kasih kepada HIPMI atas dukungan dan apresiasinya terhadap upaya Menteri Bahlil dalam mengawal proyek Rempang Eco Park.  Bahlil Kawal Investasi #HIPMIRempang,
@IND0_Update @MataNajwa @Metro_TV @tvOneNews Apresiasi tinggi untuk HIPMI yang mendukung investasi ini dengan penuh semangat! Kerja keras Menteri Bahlil dalam mengawal realisasi proyek Rempang Eco Park patut diacungi jempol. Bahlil Kawal Investasi #HIPMIRempang,
Rempang semakin berkembang . Bahlil Kawal Investasi  #HIPMIRempang  https://t.co/UpjttYgDsb,
adil palalo rempang aja dia melipir ngumpet,
"Rempang Eco City adalah cerita nyata tentang perubahan positif. Bersama Hipmi dan Menteri Bahlil Lahadalia, kami melangkah maju, membangun komunitas yang kuat dan mandiri. Bahlil Kawal Investasi #HIPMIRempang https://t.co/hLaTKHvEEB",
"Keberhasilan Rempang Eco City bukan kebetulan, melainkan hasil dari dedikasi Hipmi dan Menteri Bahlil Lahadalia.  Bahlil Kawal Investasi #HIPMIRempang https://t.co/YgULWEMYSx",
#AniesMuhaimin2024 Rempang,
"Di Rempang Eco City, Hipmi dan Menteri Bahlil Lahadalia melukiskan cerita keberhasilan. Mereka bukan hanya membuka peluang kerja, tetapi juga membuka jalan bagi mimpi-mimpi masyarakat lokal. 💫🚀 Bahlil Kawal Investasi #HIPMIRempang https://t.co/iw96Dps7bd",
#AniesMuhaimin2024 Rempang,
"Menyuarakan harapan, membangun masa depan di Rempang Eco City. Bersama, mereka bukan hanya menciptakan investasi, tetapi juga membawa kemakmuran untuk semua. 🌟 Bahlil Kawal Investasi #HIPMIRempang https://t.co/UTX1qO7CwC",
#AniesMuhaimin2024 Rempang,
@pokameamemew @caratstalk kamu rembang sebelah mana?,
#AniesMuhaimin2024 Rempang,
@IND0_Update @MataNajwa @Metro_TV @tvOneNews Bahlil Kawal Investasi proyek rempang? Mantap banget sesuai janji ga cuma omong doang 💃🏻 #HIPMIRempang,
"Investasi Rempang Eco City adalah bukti nyata kerjasama yang berhasil antara Hipmi dan Menteri Investasi Bahlil Lahadalia. Bersama, kami membawa perubahan positif bagi masyarakat dan ekonomi lokal. Bahlil Kawal Investasi #HIPMIRempang https://t.co/RozV7YMrWc",
"Hipmi menghadirkan harapan bagi masyarakat Rempang dengan pelatihan keterampilan dan peluang kerja. Dalam sinergi dengan pemerintah, kami membuka pintu bagi pertumbuhan ekonomi yang adil dan berkesinambungan. Bahlil Kawal Investasi #HIPMIRempang https://t.co/rI3vpAkjDf",
"@Uki23 Tapi ketika rakyat pulau Rempang mau digusur malah bilang mosok urusan kayak gini harus presiden yang turun tangan"" artinya apa bang Messi. 🤔🤔""",
#AniesMuhaimin2024 Rempang,
Menteri Investasi Bahlil Lahadalia dan Hipmi bekerja bersama untuk menciptakan lingkungan investasi yang inklusif dan berkelanjutan di Rempang Eco City. Bersama kita membangun masa depan yang lebih baik untuk semua! Bahlil Kawal Investasi #HIPMIRempang https://t.co/wBZmrm2Ben,
"Hipmi berkomitmen untuk mendukung investasi Rempang Eco City dengan membantu meningkatkan keterampilan warga. Kolaborasi kami dengan pemerintah adalah kunci kesuksesan, membuka jalan bagi kemajuan bersama. Bahlil Kawal Investasi #HIPMIRempang https://t.co/eZlG0ZVwPR",
Keberhasilan investasi Rempang Eco City adalah cerminan dari kerja keras Hipmi dan Menteri Investasi Bahlil Lahadalia.  Bahlil Kawal Investasi #HIPMIRempang https://t.co/bsnwEs21qO,
@IND0_Update @MataNajwa @Metro_TV @tvOneNews Bahlil Kawal Investasi soal rempang? Widiiihhh mantul bener #HIPMIRempang,
#AniesMuhaimin2024 Rempang,
@Rizkihadi @yudiharahap46 Semoga bisa membantu penduduk pulau rempang yg sudah tinggal lama di sana tp masih blm punya sertifikat,
"Hipmi dan Menteri Investasi Bahlil Lahadalia menggandeng tangan untuk membawa keberkahan investasi Rempang ke masyarakat. Dengan peningkatan keterampilan, kami membuka pintu kesempatan bagi semua. Bahlil Kawal Investasi #HIPMIRempang https://t.co/LP96lfhe5H",
@IND0_Update @MataNajwa @Metro_TV @tvOneNews Bahlil Kawal Investasi rempang nih wah wah wah pasti di dukung dan di apresiasi  #HIPMIRempang,
Hipmi dan Menteri Investasi Bahlil Lahadalia: Memperkuat kerjasama untuk investasi Rempang Eco City.  Bahlil Kawal Investasi #HIPMIRempang https://t.co/CCaFoEA3gY,
"Belum habis sedihku inget lagu lancang kuning bergema waktu case rempang, sekarang sudah sedih lagi lihat bayi-bayi, anak-anak jadi korban di palestina. Allah… ya Allah…",
"Menteri Investasi Bahlil Lahadalia dan Hipmi berkolaborasi membangun Rempang Eco City. Keberhasilan investasi ini tak hanya untuk investor, tapi juga bagi warga lokal. Mari bersama-sama menciptakan kesejahteraan! Bahlil Kawal Investasi #HIPMIRempang https://t.co/1C81yOZv0W",
"Hipmi mendukung penuh investasi Rempang Eco City yang diperjuangkan oleh Menteri Investasi Bahlil Lahadalia. Bersama-sama, kami siap membantu mewujudkan masa depan cerah bagi masyarakat dan perekonomian Indonesia. Bahlil Kawal Investasi  #HIPMIRempang  https://t.co/5DcPbZbtQ1",
#AniesMuhaimin2024 Rempang,
Pelatihan2 yg diberikan HIPMI niscaya akan membawa dampak postif bagi masyarakat Rempang  Bahlil Kawal Investasi #HIPMIRempang  https://t.co/G0PCHp6EK8,
Widiihh pak Bahlil Kawal Investasi Rempang nih pasti dapat banyak dukungan  #HIPMIRempang  https://t.co/vhqEaJ1sA2,
#AniesMuhaimin2024 Rempang,
#AniesMuhaimin2024 Rempang,
Pak Bahlil Kawal Investasi soal rempang. Waahh akhirnya ada jalan terang #HIPMIRempang  https://t.co/YHowqjf1Fi,
@IND0_Update @MataNajwa @Metro_TV @tvOneNews Semoga kolaborasi HIPMI dan pemerintah membawa dampat positif bagi investasi di Rempang  Bahlil Kawal Investasi #HIPMIRempang,
@NenkMonica @datuakrajoangek dia yang mulai dia yang tunaikan...jangan bermain dengan perubahan.,
#AniesMuhaimin2024 Rempang,
"@savicali Aku biasa aja, Cak Lha gak ada terobosan berarti kok Tlg tanyakan ke semua capres - cawapres yg ada nantinya terkait omnibus law, Rempang, perpanjangan masa jabatan komisioner KPK, soal twk KPK n Kanjuruhan",
Ayo terus dukung pak bahlil atasi Rempang . Bahlil Kawal Investasi  #HIPMIRempang  https://t.co/rSCG3cNXRw,
@detikcom JARAH... biar sama ma Jokowi yg menjarah tanah rakyat Rempang,
#AniesMuhaimin2024 Rempang,
"@kompascom Saking seringnya berjanji jika-maka, sekelas Kompas sampe salah tahun 🤣 https://t.co/4Kd90ssUBq",
@jawafess Rembang - Rembang - Rempang,
#AniesMuhaimin2024 Rempang,
@jokowi Rempang Pye bos?,
@Miduk17 Bagi kami bangsa Melayu si Mahfud adalah bagian PENIPU yg menjual tanah MARWAH Melayu REMPANG,
@mariadi63425147 @Tan_Mar3M 🤣🤣 Lu masih bicara Rempang  Warga asli rempang nya sedang berpesta   Nah Lo siapa ? Tolol https://t.co/SiItEgm0Zq,
#AniesMuhaimin2024 Rempang,
#AniesMuhaimin2024 Rempang,
"@SukoharjoTf @willsarana Justru dari semua yang udah pasti maju, dua orang ini yang paling banyak bermasalah, wadas? Kanjuruan yang gak ada kabar? Rempang? 349 T? Masih banyak masalah lainnya kalo mau diinget2",
Menteri hebat dalam atasi rempang. Bahlil Kawal Investasi  #HIPMIRempang  https://t.co/Y3Ao38saiN,
"Wah kok jadi lupa sama kasus rempang ni, yukkk jangan lupa sama saudara kita d rempang",
@IND0_Update @MataNajwa @Metro_TV @tvOneNews Semenjak ada pak bahlil semakin berkembang Rempang . Bahlil Kawal Investasi #HIPMIRempang,
#AniesMuhaimin2024 Rempang,
#AniesMuhaimin2024 Rempang,
#AniesMuhaimin2024 Rempang,
#AniesMuhaimin2024 Rempang,
#AniesMuhaimin2024 Rempang,
#AniesMuhaimin2024 Rempang,
#AniesMuhaimin2024 Rempang,
"@febridiansyah @PartaiSocmed @prabowo @susipudjiastuti Anies bnyk Retrolika, kurang ketegasan.  Imin mencla menclo mencari keuntungan diri sendiri&amp Pendukungnya  Ganjar Pemendam Emosi, yg suatu saat akan lebih brutal dari saat ini yg sedang kita alami! Iya2 didepan mata, dibelakang bisa main tangan. dia mesin PDIP! rempang nasibnya?!",
"@aly_benzema Memang sih pak rasa keadilan di negri ini benar2 hilang ketika rakyat di gusur dari tanah kelahirannya demi proyek oligarki. Seperti Wadas, kendeng, Rempang, dll",
"Peningkatan keterampilan warga lokal Rempang melalui program upskilling merupakan investasi jangka panjang. Dengan keterampilan yang tinggi, mereka menjadi sumber daya manusia yang sangat bernilai bagi investor. #HIPMIRempang Bahlil Kawal Investasi https://t.co/rvhQKN8y4e",
Kasus Pulau Rempang masih bergulir. Tim Advokasi Solidaritas Nasional untuk Rempang memasukkan gugatan praperadilan terhadap kepolisian terkait 30 warga yang masih ditahan sejak 11 September. #VideoBerita #AdadiKompas   https://t.co/vYjz68LaBR,
"HIPMI dan pemerintah bekerja keras dalam upskilling warga lokal Rempang. Dengan keterampilan yg lebih baik, mereka tidak hanya memiliki kesempatan kerja yg lebih besar tetapi juga memberikan kontribusi lebih besar dalam pertumbuhan investasi. #HIPMIRempang Bahlil Kawal Investasi https://t.co/azMhEfdCcv",
"@mohmahfudmd @RestyCayah Mending urus gusuran Rempang saja sampai kelar, pak?",
@IND0_Update @MataNajwa @Metro_TV @tvOneNews apresiasi kinerja Pak Bahlil Kawal Investasi Rempang #HIPMIRempang,
"@Miduk17 @GunRomli @ganjariancom @ganjarpranowo @mohmahfudmd @ekokuntadhi1 @MazdjoPray @islah_bahrawi Anak kandung rakyat,kalau benar anak kandung rakyat tidak akan ada kejadian seperti diwadas,rempang. Kadi rakyat yg mana ? Rakyat oligarcy iya",
Pak Bahlil Kawal Investasi Rempang agar ekonomi masyarakat tumbuh #HIPMIRempang https://t.co/93JoqKPXPg,
"HIPMI, Ketua Bidang Maritim, Kelautan, dan Perikanan BPP, Fathul Nugroho, bersiap untuk mendukung investasi Rempang dgn menggelar pelatihan keterampilan bagi warga. Kolaborasi ini menjadi langkah nyata dalam membangun keberlanjutan investasi. #HIPMIRempang Bahlil Kawal Investasi https://t.co/inJr2lpSCK",
semangat terus Pak Bahlil Kawal Investasi Rempang nya #HIPMIRempang https://t.co/bsOW1GV9UZ,
"@IND0_Update @MataNajwa @Metro_TV @tvOneNews Keberlanjutan investasi Rempang adalah hasil dari dedikasi Pak Bahlil dlm merangkul warga &amp  UMKM sebagai rekan penting dalam proses pembangunan. Dengan pendekatan inklusif ini, proyek ini menjadi contoh inspiratif bagi investasi di Indonesia. #HIPMIRempang Bahlil Kawal Investasi",
"@ernestprakasa Sama kayak cawapres yang berjanji menegakkan hukum disaat Masih Dan sudah jabat menkopolhukam 5 tahun, disisi lain harun masiki aja ga di senggol, tragedi kanjuruhan nguap, rempang di anggap pengosongan, konflik agraria, omnibus law, kasus triliyunan yang cuma di spill. Prestasi",
Pak Bahlil menjadikan partisipasi warga dan UMKM sebagai fokus utama dalam investasi Rempang. Kemitraan yang erat ini menciptakan pertumbuhan ekonomi yang merata dan berkelanjutan bagi seluruh komunitas lokal. #HIPMIRempang Bahlil Kawal Investasi https://t.co/Ez9RQdLzNK,
"@CNNIndonesia Rakyat ente yg di rempang noh di urusin, sok bener ngutuk2in negara laen",
@oaseminang Makelar ikn penjual rempang😁😂👌,
@IND0_Update @MataNajwa @Metro_TV @tvOneNews Top banget Pak Bahlil Kawal Investasi Rempang #HIPMIRempang,
"@PDI_Perjuangan Apa? Pembela wong cilik? kM 50, Wadas, Rempang, semua ttg nistanya jadi wong cilik yg ditindas penguasa dan Mahfud ikut menginjak mereka dengan legal opionnya. Jangan mengolok-olok hukum dengan menyebutnya sebagai pendekar hukum ya!",
"@mohmahfudmd @RestyCayah bagaimana pernyataan bpk ttg plau rempang trsbt ketika 2022 investor dtg ternyata tanah trsebut sdh ditempati , kenyataannya masyarakat pulau rempang sdh menempati sblm indonesia terbentuk dan berdiri, dan bgaimana pernyataan yg ±300T tu wahai mahfud kan membuat keresahan rakyat""",
@iwanfals Bikin lagu rempang bang iwan,
@panca66 🤣🤣 Lai Da😋.  Datuak ambo urang Demokrat mah. anggota dewan di piaman😀,
HIPMI mengapresiasi Bahlil Kawal  Investasi Rempang yang dinilai bisa merangkul warga untuk melanjutkan proyek tersebut https://t.co/h4403SGucE,
"Ehh presiden sini malah ngurus perang negara lain yg bukan urusannya. Omdo pula 😂  Bela Palestina silahkan, tapi konkrit ga?  IKN belum kelar, rempang ancur.. IQ masyarakat jg tambah ancur.. Ngapain presiden urus kayak gituan.. Cukup menteri aja, atau jubir Kemlu",
@savicali masalah rempang kata penggusuran jd pengosongan wilayah ini sama kayak kata lemari es diganti kulkas,
"Cubit satu sakit semua, tergores satu tergores semua""  Aliansi Masyarakat Peduli Rempang  #TolakPenggusuranRempang  #CCTVRempang   https://t.co/2QkSewfbps""",
@hmdnrrfnaauia iku onok terusane jane  quotes by Darmaji - Rembang,
@jokowi Rempang...jok,
"@zoelfick Apanya akhir yg manis?  TGIPF Kanjuruhan? Revisi UU KPK? UU omnibuslaw? Represi aparat hukum?  Penyelesaian konflik Papua? Rempang?  349T?  Ribut mulu, akhirnya cuman jadi pengamat. Mentei rasa pengamat. Saat nyalon baru curhat kalo hukum peelu ditegakan, haduh.  Ini saja dulu",
@NcangBeni @Tan_Mar3M Udh nini nini? 😯,
"Kepala BP Batam, Muhammad Rudi, menyambut baik progres pergeseran terhadap warga terdampak pengembangan Rempang Eco-City yang jumlahnya terus bertambah hingga saat ini. #taudarikepripedia  https://t.co/l5tneTUoUb",
"@WijangWiji3214 Keren, di Rempang ini ya ?",
Kabar Rempang.,
"Lah hutan we di babat abis , pulau Rempang we didol . Tambang emas we infestor asing , pie to iki pak mud Ki . Lagi peyok PO yo",
@Tan_Mar3M Ajeng mens-nya gak kelar2 🤪 https://t.co/zFQyzLyHNj,
"@Naz_lira Setuju banget buk, kita bisa lihat dari kasus wadas,dan Rempang. Bapak2 itu kayaknya tdk punya hati jika menurut dia atas nama negara. Dan lagi bapk  mprof itu berguna buat membungkam suara kritis umat islam itulah kayaknya mengapa beliau yg diambil. Mudah2 an pak Anis yg mimpin",
"@IND0_Update @MataNajwa @Metro_TV @tvOneNews Bgus pak, HIPMI mendukung bapak mengkawal investasi di rempang  #HIPMIRempang",
HIPMI mendukung pak bahlil dalam kawal investasi di rempang  #HIPMIRempang https://t.co/WBUuvgnBh8,
@NinzExe07 Salut buat Emak Rempang https://t.co/V6TYrghx3w,
@pokameamemew @caratstalk eh rembang juga yaa??,
@innajustitia99 @rizkadwimm Kerja dibandung apa rembang kamu?,
DPR dukung upaya menteri investasi negara. Bahlil Kawal Investasi memberikan hak warga yang terdampak proyek rempang eco city #HIPMIREMPANG  https://t.co/dzi3m1dYZ4,
DPR mendukung upaya menteri investasi negara. Bahlil Kawal Investasi memberikan hak warga yang terdampak proyek rempang eco city #HIPMIRempang https://t.co/QrH2m5qbHU,
Tim Advokasi Solidaritas Nasional untuk Rempang Ajukan Praperadilan untuk 30 Tahanan Kasus Rempang  #rempang https://t.co/J469I9Sa1N,
"Upaya ini ditempuh setelah beberapa upaya hukum dilakukan sebelumnya, salah satunya permohonan penangguhan penahanan. Namun upaya tersebut belum dapat respon sampai saat ini.  #rempang  https://t.co/tIauUKIgxY",
BP Batam Kembali Umumkan 9 KK Warga Terdampak Rempang Eco City Bergeser ke Hunian Sementara https://t.co/33hOADoqpP,
"@KompasTV Anda 4 tahun di Menkopolhukam ngapain aja, kanjuruan Rempang itu apa pak..? Ngakak",
"Update Pergeseran Warga Rempang, Sudah 52 KK Pindah ke Hunian Sementara https://t.co/AOtVPwOMh2 lewat @WartaKepri",
"Permohonan penangguhan penahanan tak direspon polisi, Tim Advokasi Solidaritas Nasional Untuk Rempang ajukan gugatan Praperadilan.  #rempang https://t.co/uukCAyYBsz",
Investasi rempang yang di kawal pak bahlil berjalan baik  https://t.co/U7zhEOfT81  #HIPMIRempang,
DPR dukung pak bahlil dalam kasus rempang   #HIPMIRempang https://t.co/gxXBlucYds,
@IND0_Update @MataNajwa @Metro_TV @tvOneNews Banyak apresiasi yg di dapat Pak Bahlil dr DPR atas kinerjanya menangani rempang #HIPMIRempang,
Pak bahlil kawal investasi rempang dengan sangat baik dan konsisten   #HIPMIRempang  https://t.co/M0hE0j0dbz,
@IND0_Update @MataNajwa @Metro_TV @tvOneNews Good job pak bahlil dalam menangani kasus rempang #HIPMIRempang,
Investasi rempang yg di tangani pak Bahlil pastikan kesejahteraan  https://t.co/5gb0COvnhO  #HIPMIRempang,
Komitmen bahlil dalam menangani kasus rempang terbaik  #HIPMIRempang https://t.co/hpO8t81bbd,
@del_paijo Jokowi yg rambutnya item juga jahaad !!!  Laskar FPI dibantai Kanjuruhan dibantai Wadas dibantai Rempang diusir  Cina dicium pantatnya,
"@strike_bravo_b Udah dibilang, investasi Xinyi Glass ini gak masuk akal, mereka katanya investasi ratusan triliun rupiah di Rempang doang tapi net worth mereka gak sampai sebanyak itu. Itu mereka mau investasi gitu berapa lama?  Hebatnya Kemenkomarves nya setuju ama hal yang gak masuk akal gini.",
"@IND0_Update @MataNajwa @Metro_TV @tvOneNews Proaktifitas Menteri Investasi Bahlil Lahadalia sangat menginspirasi. Ia tidak hanya memantau investasi Rempang, tetapi juga membawa semangat baru dalam menciptakan solusi yang adil dan berkelanjutan bagi semua pihak yang terlibat. #HIPMIRempang Bahlil Kawal Investasi",
"Dalam mengawal investasi Rempang, pak Bahlil membuktikan bahwa proaktifitas adalah kunci kesuksesan. Dgn komunikasi yg baik dan cerdas, ia menciptakan kondisi yg mendukung pertumbuhan ekonomi &amp  kesejahteraan masyarakat. #HIPMIRempang Bahlil Kawal Investasi https://t.co/mCk8q8jN8q",
"Update Pergeseran Warga Rempang, Sudah 52 KK Pindah ke Hunian Sementara https://t.co/AOtVPwOMh2",
Tim Advokasi Ajukan Praperadilan Penahanan 30 Warga Rempang https://t.co/QUSllxUwLU,
"@savicali Mahfud oMDo, dari kanjuruhan, 350T, omnibus law, sampai rempang",
"Menteri Investasi Bahlil Lahadalia telah membuktikan proaktifitasnya dalam mengawal investasi Rempang. Keberhasilan ini adalah hasil dari kerja keras, komitmen, dan kesungguhan beliau dalam menciptakan kesepakatan yang adil dan berkelanjutan. #HIPMIRempang Bahlil Kawal Investasi https://t.co/EA0P2M8SS1",
@IND0_Update @MataNajwa @Metro_TV @tvOneNews Bahlil Lahadalia adalah contoh nyata pemimpin proaktif yang selalu berada di garis depan untuk memastikan investasi Rempang berjalan baik. Dukungan dan dedikasinya membawa dampak positif bagi masyarakat dan investor. #HIPMIRempang Bahlil Kawal Investasi,
@IND0_Update @MataNajwa @Metro_TV @tvOneNews sangat bagus HIMPI mendukung pak bahlil dalam mengkawal investasi yang ada di rempang  #HIPMIRempang,
"Keberhasilan investasi Rempang tak terlepas dari proaktifitas Menteri Bahlil. Dengan konsistensinya dalam memastikan kesepakatan yg adil, ia membuktikan bahwa investasi yg sukses memperhatikan kepentingan semua pihak. #HIPMIRempang Bahlil Kawal Investasi https://t.co/510sdTLyIm",
https://t.co/rWoPlXX01E  Pak Bahlil tetap kawal investasi yang ada pada rempang  #HIPMIRempang,
HIPMI siap memberikan perhatian besar dan siap kawal pak Bahlil dalam investasi di rempang  #HIPMIRempang https://t.co/63Rwk4SmiD,
"Pak Bahlil teladan proaktifitas dan integritas. Beliau tidak hanya mengawal investasi Rempang, tetapi jg memastikan terciptanya kesepakatan antara warga setempat dan investor. Kami bersyukur memiliki pemimpin yg konsisten dlm memajukan negeri. #HIPMIRempang Bahlil Kawal Investasi https://t.co/5IQhUMF8Ai",
"@MichelAdam7__ Bukan jadi rempang, tapi jadi palestina klo palesgin dikuasai israil tapi klo Indonesia dikuasai komunis cina",
"@IND0_Update @MataNajwa @Metro_TV @tvOneNews Dgn ketekunan &amp  dedikasi, Menteri Investasi Bahlil Lahadalia terus mengawal investasi Rempang untuk memberikan manfaat maksimal kpd masyarakat dan investor. Kami mengapresiasi proaktifnya dalam menciptakan solusi yg menguntungkan semua pihak. #HIPMIRempang Bahlil Kawal Investasi",
"HIPMI yakin investasi Rempang akan menciptakan efek domino positif dalam pertumbuhan ekonomi nasional. Kami bangga menjadi bagian dari dukungan ini bersama Menteri Investasi Bahlil Lahadalia. Bersama, kita wujudkan masa depan yang lebih cerah. #HIPMIRempang Bahlil Kawal Investasi https://t.co/CzkUHdVZ20",
HIPMI melihat investasi Rempang sebagai langkah maju dalam membangun ekonomi yang inklusif dan berkelanjutan. Kami mendukung penuh inisiatif Menteri Investasi Bahlil Lahadalia dalam memastikan keberhasilan proyek ini. #HIPMIRempang Bahlil Kawal Investasi https://t.co/nqT8nkvSkg,
"@GunRomli masalahnya tau saja kan ndak cukup om gun. pak mahfud pasti tau apa yg diharapkan dari keluarga korban insiden kanjuruhan, misalnya, pak ganjar pasti tau apa yg dikehendaki warga wadas dan kelompok penolak tambang dan pabrik semen di Rembang dan Pati. tau dong....",
@savicali - Rempang - Kanjuruan  Tambahin dong mbak,
HIPMI berkomitmen mendukung investasi Rempang yang dipantau ketat oleh Menteri Investasi Bahlil Lahadalia. Keberhasilan proyek ini adalah bukti nyata kolaborasi yang solid untuk memajukan perekonomian dan kesejahteraan masyarakat. #HIPMIRempang Bahlil Kawal Investasi https://t.co/kcdp1xm3cC,
"HIPMI memiliki keyakinan bahwa investasi di Rempang akan menciptakan lapangan pekerjaan, meningkatkan pendapatan daerah, dan memberdayakan masyarakat. Dukungan Bahlil Lahadalia sangat berarti dalam mewujudkan visi ini. #HIPMIRempang Bahlil Kawal Investasi https://t.co/Zrhaw6bWCg",
@IND0_Update @MataNajwa @Metro_TV @tvOneNews Semoga berjalan sesuai arahan pak bahlil selalu kawal investasi Rempang Eco City yang nantinya bisa berdampak luas bagi masyarakat pulau rempang #HIPMIRempang,
"@IND0_Update @MataNajwa @Metro_TV @tvOneNews HIPMI melihat investasi Rempang sebagai peluang emas bagi pengembangan ekonomi nasional dan kesejahteraan masyarakat sekitar. Bersama Bahlil Lahadalia, kami mendukung penuh agar proyek ini mencapai hasil terbaik. #HIPMIRempang Bahlil Kawal Investasi",
"Tahun 2023 kita melihat sederet peristiwa yang merampas hak sebagai warga negara. Melalui Diksusi Publik kita mengajak seluruh komponen masyarakat hadir.   Seruyan, Rempang, Pakel, Wadas, dan banyak lagi, adalah bukti kekerasan yang dilakukan negara.  Kalian Semua di Undang! https://t.co/PEov3gKGYc",
HIPMI optimis bahwa investasi Rempang akan menjadi pendorong pertumbuhan ekonomi nasional. Dukungan Menteri Investasi Bahlil Lahadalia sangat berarti dalam memastikan proyek ini sukses dan memberikan manfaat bagi semua. #HIPMIRempang Bahlil Kawal Investasi https://t.co/H7CKImn3eD,
Program Menteri Bahlil Kawal Investasi proyek Rempang Eco City bisa mendorong pembangunan infrastruktur disana jadi makin efektif. #HIPMIRempang  https://t.co/3aLFmTWcJW,
"HIPMI melihat masa depan cerah dalam investasi Rempang. Proyek ini tidak hanya membawa kemajuan ekonomi, tetapi juga meningkatkan kesejahteraan masyarakat sekitar. Bersama, kita menjadikan visi ini menjadi kenyataan. #HIPMIRempang Bahlil Kawal Investasi https://t.co/1XlQcyto2R",
"@ekowboy2 sorry to say bro @Adiprayitno_20 anda tbukti bego..kapal ini jd berlayar kami tdk mw ngikutin anda krn tdk mau indo jd termiskin, terstunting,tertinggi putus skolah,upah buruh kecil sbgm data BPS.kami mw skandal 349T yg diungkap mahfud (skrg kicep) tuntas,Rempang ckup yg trakhir!",
Lama saya duduk berbicara dengan bang burhan sore itu.  Saya bertanya apa rasanya memenjarakan mantan Gubernur pak ismeth om?  Dan apa rasanya menjadi maestro perlawanan rempang? Beliau jawab panggilan hati 😆,
"Dengan pak bahlil terus kawal investasi dalam negeri, diharapkan perkembangan proyek rempang eco-city bisa membawa manfaat berkelanjutan bagi semua pihak yang terlibat. #HIPMIRempang https://t.co/if7Buwyhpq",
"Bismillah  Kabar baru nih dari emak² tangguh di Kampung Tua Rempang.  Tetap Semangat mempertahankan Kampung Tua Mereka. Pokoknya... No Oligarki‼️ Oligarki tidak boleh masuk Rempang, begitu kata mereka. (19/10/2023)  Allahu Akbar ☝️ https://t.co/qecn24KbDX",
@IND0_Update @MataNajwa @Metro_TV @tvOneNews HIPMI percaya bahwa investasi di Rempang akan membuka peluang baru bagi perekonomian nasional. Kami mendukung sepenuhnya upaya Menteri Investasi Bahlil Lahadalia dalam mengawal proyek ini menuju kesuksesan. #HIPMIRempang Bahlil Kawal Investasi,
"HIPMI yakin investasi Rempang akan membawa dampak positif besar bagi ekonomi nasional dan daerah. Dengan keyakinan ini, kita bersama mendukung agar proyek ini sukses dan masyarakat sekitar dapat merasakan manfaatnya. #HIPMIRempang Bahlil Kawal Investasi https://t.co/ZtZu1pEafJ",
"@mohmahfudmd? Menolak lupa Perrpu UUCK, kekerasan di Papua, Kanjuruhan, Rempang, &amp  begitu banyak kekerasan oleh aparat negara yg dibiarkannya",
"HIPMI bersama Menteri Investasi Bahlil Lahadalia menegaskan komitmen dalam mendukung investasi Rempang Eco City. Dengan kerja sama yang solid, kita akan membangun ekonomi yang inklusif dan berkelanjutan untuk semua. #HIPMIRempang Bahlil Kawal Investasi https://t.co/fJDRLNF1xD",
@IND0_Update @MataNajwa @Metro_TV @tvOneNews HIPMI bangga melihat perhatian Menteri Investasi Bahlil Lahadalia terhadap proyek Rempang Eco City. Kami siap berkolaborasi untuk menciptakan lingkungan bisnis yang kondusif dan berdaya saing. #HIPMIRempang Bahlil Kawal Investasi,
HIPMI optimis bahwa investasi Rempang Eco City yang dipantau secara ketat oleh Menteri Investasi Bahlil Lahadalia akan menjadi pendorong pertumbuhan ekonomi lokal. Dukungan penuh untuk keberlanjutan proyek ini! #HIPMIRempang Bahlil Kawal Investasi https://t.co/LMW9Gefp64,
"HIPMI berkomitmen utk mendukung investasi Rempang Eco City yg dikawal oleh Menteri Investasi Bahlil Lahadalia. Dgn kerjasama yg solid, proyek ini akan menciptakan dampak yg signifikan bagi masyarakat dan pengusaha muda. #HIPMIRempang Bahlil Kawal Investasi https://t.co/KmTdfiMY9Z",
@CNNIndonesia Anda sendiri dikutuk oleh warga Rempang😄,
@IND0_Update @MataNajwa @Metro_TV @tvOneNews HIPMI mengapresiasi peran Menteri Investasi Bahlil Lahadalia dalam pengawalan proyek Rempang Eco City. Keberhasilan investasi ini akan menciptakan lapangan pekerjaan dan memajukan ekonomi daerah. #HIPMIRempang Bahlil Kawal Investasi,
@cesar1st @ernestprakasa @aby_surmadi Siapa bang? Pak mahfud maksudny? Rempang kan dia juga tau tuh sejarahny. Apakabar rempang sekarang ya?,
"Lalu bagaimana kasus Rempang? Pak Mahfud sebagai Menkopolhukam tentu bisa saja membela rakyat Rempang. Tapi pak Jokowi, menko marves dan menteri Investasi kan ingin ada investasi besar besaran di Indonesia. Presiden yang harusnya mikir apakah investasi ini merugikan rakyat.",
@Odiieahmad @ernestprakasa Knp ga dia urusin dulu aja itu rempang.. jauh2 amat rubah hukum di indonesia kalo jadi wapres. Buktikan dengan fakta yg ada,
"Bahlil Kawal Investasi , dukung terus buat yg terbaik warga rempang #HIPMIRempang  https://t.co/orz8h3e7Jf",
@muchlis_ar warga rempang z melawan ketika tanah kelahiran ny mau d ambil ..,
@PDI_Perjuangan Ga bela rempang?wkwk,
HIPMI bersama Menteri Investasi Bahlil Lahadalia siap mendukung proyek Rempang Eco City. Keberhasilan investasi ini akan membuka peluang baru bagi pengusaha muda dan mendukung pertumbuhan ekonomi regional. #HIPMIRempang Bahlil Kawal Investasi https://t.co/BeMkRy9GuD,
"HIPMI mendukung penuh langkah Menteri Investasi Bahlil Lahadalia dalam mengawal investasi Rempang Eco City. Bersama-sama, kita membangun masa depan yang berkelanjutan dan memberi dampak positif bagi perekonomian lokal. #HIPMIRempang Bahlil Kawal Investasi  https://t.co/q2dnUOUxmO",
"@PDI_Perjuangan Pendekar hukum pembela wong cilik, sampe warga rempang mau digusur dan di buldoser pun mahfud diam gak berkutik... Banyak kasus hukum yg terjadi, tp pendekarnya jg gak berkutik...",
@IND0_Update @MataNajwa @Metro_TV @tvOneNews HIPMI bangga melihat perhatian Menteri Investasi Bahlil Lahadalia terhadap proyek Rempang Eco City. Keterlibatan aktifnya dalam pengawasan proyek ini menunjukkan komitmen pemerintah dalam mendukung investasi berkelanjutan. #HIPMIRempang Bahlil Kawal Investasi,
"@Tengkode1 @Ratat4x @deddysitorus @elisa_jkt @NasDem Setelah kejadian penggusuran mahfud mengeluarkan statement bahwa itu bukan penggusuran tp pengosongan lahan, selanjutny beliau blg bhw org di pulau rempang br menghuni setelah tahun 2000  https://t.co/b8S3Wv8h8T",
"HIPMI yakin bahwa investasi Rempang Eco City akan membuka peluang besar bagi pengusaha muda. Dengan dukungan Menteri Investasi Bahlil Lahadalia, proyek ini diawasi secara ketat, menjanjikan keberlanjutan dan keberhasilan. #HIPMIRempang Bahlil Kawal Investasi https://t.co/J3qOgPBBre",
@TretanMuslim @mohmahfudmd tp selama jadi menteri gk ada gunanya .bnyk kasus djaman doi menteri ..gk ada penyelesaian..terakhir kasus rempang,
"HIPMI turut mendukung investasi Rempang Eco City yang digawangi oleh Menteri Investasi Bahlil Lahadalia. Keberhasilan proyek ini bukan hanya sekadar investasi, tapi juga peningkatan kesejahteraan bagi masyarakat lokal. #HIPMIRempang Bahlil Kawal Investasi https://t.co/VqgfESZKvr",
"@IND0_Update @MataNajwa @Metro_TV @tvOneNews Patut diapresiasi juga tindakan HIPMI ini, ikut Pak Bahlil Kawal Investasi Rempang #HIPMIRempang",
@Indonesiaguyub @KompasTV Wapres ora mutu. Rakyat indonesia gk goblok. Dia yg selama ini merem terhadap pelanggaran HAM termasuk rempang. Malah menyalahkan penduduk Rempang yg notabene sudah jadi masyarakat adat turun temurun.,
"@CNNIndonesia Dulu waktu kampanye teriak kemerdekaan palestina.sekaramg sudah 2 periode cuman ngutuk. Rakyat rempang,kalimantan, papua, lombok, bali korban kebijakan ngawur berdalih psn itu saja diurusi dulu pak",
@elisa_jkt sepakat sis  maput hanya sangar di sosmed SEBELUM dia menjabat menkopolhukam  saat dia menjabat Menkopolhukam... hadoooo  MLEMPEM  intimidasi minoritas rempang kanjuruhan dll termasuk yg cw lawan pemda sumatra kapan hari itu  payah payah,
Aku sangat lah sedih saat melihat tingkah ku seperti bajingan.,
"@AndiePeci Tragedi kanjuruhan, rempang, wadas, dago elos, dan masih banyak yg lain.  Rakyat sudah muak 👊",
@IND0_Update @MataNajwa @Metro_TV @tvOneNews Bahlil Kawal Investasi untuk rempang #HIPMIRempang,
"@Ratat4x @m_husni_m @deddysitorus @elisa_jkt @NasDem Nahhh,itu yg benar. Tanyakan kenapa kadernya gak mampu menangani masalah Rempang.",
@jokowi Ga usah jauh jauh ke Gaza Pak konflik di Rempang dan beberapa daerah di Indonesia di tindak lanjuti dulu,
"@m_husni_m @Ratat4x @deddysitorus @elisa_jkt @NasDem Ini statement beliau tentang rempang, bagian mananya yg menurut ente mendukung aksi anarkis aparat? Mending ente tanya tuh ketua DPW nasdem Kepri yg juga walikota Batam, kenapa masalah Rempang begitu runyam! https://t.co/nQMgAsYM0p",
@nioscenics Bikin video sambil tepuk rembang pls 😭😭😭,
I left my heart in Rembang. ❤️ https://t.co/GZTil8QPvu,
@jokowi Rempang jadi di geser pa?,
@jokowi Tindakan kekerasan yg terjadi di Rempang adalah planggaran hukum dan Ham yg dilakukan pemerintahan 🤭,
Bimtek Perbenihan Kacang Hijau Untuk Peningkatan Kapasitas Petani di Rembang https://t.co/24ah3e1eCM,
"@txtdrpemerintah Warga Rempang: nyindir diri sendiri?""""",
"@Tengkode1 @Ratat4x @deddysitorus @elisa_jkt @NasDem Ini bkn lg ngomongin tanggung jawab siapa, tp lg ngomongin pak mahfud ngapain dan berada di pihak siapa, di rempang itu jls pelanggaran ham, tp statement pak mahfud malah dukung aksi yg dilakukan aparat",
@Tendy_KeyBass @HusinShihab @mohmahfudmd @ganjarpranowo Pasti kau cemburu toh..... Urus saja capresmu. Jgn lupa ke Wadas atau Rempang,
"@smokybae @txtdrpemerintah Penyelesaian Konflik Papua? Yang ada malah makim ga beres bukan mereda.  Soal Rempang? Malah menuduh masyarakat yg tinggal di sana.  Dari periode sebelumnya, harus diakui periode skrg itu aparat makin represif.  Sudah diberi kesempatan 1 periode",
Labuan Bajo sudah merasakan tipu-tipu Investasi cukong Properti. Jangan sampai Rempang mengalami hal yang sama. Bersama kita jaga Rempang. https://t.co/0kMxRel5QC,
@jokowi Kalo kekerasan yg dialami warga rempang gimana tu mint,
Rempang: punten?!,
Aku sih sangat mendukung proses investasi di pulau Rempang Bahlil Kawal Investasi  #HIPMIRempang  https://t.co/A5QhBmjiGg,
"@IND0_Update @MataNajwa @Metro_TV @tvOneNews Semangat pak Bahlil Kawal Investasi Rempang eco city , dan sehat selalu  #HIPMIRempang",
"@bengkeldodo @Gerindra @P4P4B0W0_2024 @prabowo @prabowoisme @Ndons_Back @BANGSAygSUJUD @are_inismyname @Kimberley_2024 @MIrvanDarwin1 @AndreasSolusi @Abaaah Untuk keseluruhan jateng kirang faham mas, untuk jateng timur, rembang, jepara, kudus, demak saya yakin Ganjar tidak akan menang dengan telak, tinggal kabupaten kulo (pati) yg merahnya masih kuat, pilgub kemaren ganjar menang karena faktor Gus Yasinnya #SungkemMasku",
@jokowi Ekhemzz Rempang Ekhemzz Kajuruhan,
Sebanyak 52 KK warga Rempang sudah pindah ke hunian sementara yang terletak di empat lokasi berbeda. https://t.co/ucWsGe0qWb,
@elisa_jkt Bapak presiden apa jawabannya saat di tanya Rempang? Kog nanya saya. Apakah itu jawaban presiden?,
"Update Pergeseran Warga Rempang, Sudah 52 KK Pindah ke Hunian Sementara https://t.co/PAfMbYD7WJ",
"@Ratat4x @m_husni_m @deddysitorus @elisa_jkt @NasDem Rempang itu tanggung jawab siapa? Menkopolhukam atau kepala daerah tsb? Gak usah pake sumpah2 segala tong, wkwkwwk....",
"@m_husni_m @Ratat4x @deddysitorus @elisa_jkt @NasDem Kapasitas Menkopolhukam atas rempang apa tong? Bukankah penggusuran,  relokasi dan ganti rugi adalah tanggung jawab kepala daerah setempat?",
"Wah, Pak Bahlil sampai Kawal Investasi rempang dengan mendekati warga rempang secara humanis #HIPMIRempang  https://t.co/2bu9sP4Q0N",
@jokowi Rempang dan wadas ???,
"@tvOneNews Harapan masa depan dia, anak nya dan suaminya yg terlibat bts dan cucu cicitnya, rakyat liat aja rempang",
rilis lagi 🤗 .  langsung otw Rembang https://t.co/Zg8kSOD7zF,
@kompascom Milih baju aja bingung gmn mimpin negeri nanti suruh pilih lg bantai rakyat rempang apa piting aja 🤣,
giat KP IX-1004   Memberikan Himbauan atau Binmas kepada para pemancing agar berhati-hati saat mancing dipinggiran dermaga TPI Tasikagung Rembang. mengingatkan kepada para pemancing supaya tidak mencari ikan dengan senapan angin.   KOMANDAN KP IX-1004 BRIPKA ACMAD JAMI'ANTO https://t.co/845pSCo9yn,
"The following names are the causes and brains behind the armed conflict Papua &amp  Rempang, namely: Luhut Panjaitan, Mahfud MD &amp  Prabowo Subianto so remember not to cloose leader who bring Conflict for Indonesian Civil Society, especially Papuan People.@jubidotcom @KPU_ID #Knpbnews",
"SAT POLAIRUD POLRES REMBANG   koordinasi dan mediasi konflik nelayan bertempat di aula lantai 2 PPP bajomulyo kec. Juana kab. Pati supaya selalu damai dilaut.  Kasat Polairud Res Rembang AKP SUKAMTO, S.H. https://t.co/cPRdfz2XhW",
"@Bravo_munte @tifsembiring Kunjungan seorng dubas tidak bisa menjadi ukuran.. kecuali anda membawa data perjanjian apa yg di hasilkan dari pertemuan itu.. semisal hgu 190 th di IKN misalnya, atau pabrik kaca di pulau rempang yg penuh kebohongan itu mislanya..🤷",
@CSzipel_ masyarakat Rempang mendapatkan hak dan kesejahteraan akan meningkat  #HIPMIRempang,
#AniesMuhaimin2024 Rempang,
"@VIVAcoid Harapan seperti yang terjadi di rempang, di wadas ya",
"@lonely_ranger93 @ahmahmNiam @zhil_arf Ya tapi banyak kasus lain yang ngambang di bawah dia, spt rempang, kanjuruhan, dll. Aparat penegak hukum kan kewenangan beliau tapi ya tahu apa saya soal 🤷‍♂️",
#AniesMuhaimin2024 Rempang,
"Update Kabar Warga Rempang,  52 KK Tempati Hunian Sementara https://t.co/BLX1GK5fUI lewat @Berita Terkini Hari Ini, Kabar Akurat Independen Terpercaya -Independennews.com",
"Wajib bgt di apresiasi kinerja pak pak Bahlil, semoga Terealisasi ya pak untuk Investasi pembangunan Eco Park di Rempang segera selesai Agar perekonomian disana makin stabil #HIPMIRempang https://t.co/FFKOVfTf6c",
Semoga terealisasi pak untuk program investasi dan pembangunan Eco Park di Rempang! Semangat terus pak sampe tuntas biar ekonomi di sana makin membaik dan stabil  #HIPMIRempang https://t.co/vw5K6NORp1,
Kue Yopia merupakan jajanan asal daerah Lasem Rembang. Jajanan ini rupanya akulturasi dari kuliner Tiongkok dan Jawa https://t.co/8VqtAxalBf,
"Musim Kemarau, Dintanpan Rembang sarankan para petani memiliki cara untuk menampung air saat hujan turun. Hal yang dimaksudkan adalah dengan membuat embung, long storage, hingga sumur tanah dangkal https://t.co/C3Ry6Jd1XN",
Bahlil Kawal Investasi rempang dengan cara bekerjasama dengan pemerintah   #HIPMIRempang https://t.co/xMDO89NeCx,
Bangkit bersama menteri BKPM demi wujudkan rempang eco city Bahlil Kawal Investasi #HIPMIRempang https://t.co/oLke7ieF8p,
@IND0_Update @MataNajwa @Metro_TV @tvOneNews Menteri Bahlil Kawal Investasi rempang dengan cara bekerjasama dengan pemerintah. #HIPMIRempang,
"@IND0_Update @MataNajwa @Metro_TV @tvOneNews Wah semangat pak, banyak yang dukung bapak untuk Investasi dan Realisasi Proyek Rempang Eco Park #HIPMIRempang",
Menteri Bahlil Kawal Investasi rempang dengan cara bekerjasama dengan pemerintah. #HIPMIRempang https://t.co/1bqQIOJgo1,
"neng kota panas, balik rembang full kudanan😵‍💫",
Memberikan kontribusi nyata untuk masyarakat Rempang Bahlil Kawal Investasi  #HIPMIRempang https://t.co/Nd02qN4n5N,
Bahlil Kawal Investasi Rempang karena dengan kebijakan dan langkah2 untuk proyek tersebut dg mengutamakan hak2 warga Rempang yg tidak  ad yg perlu dirugikan bagi Pemerintah maupun Warga Rempang tsb. #HIPMIRempang https://t.co/mkcXevAI7N,
@IND0_Update @MataNajwa @Metro_TV @tvOneNews DPR dukung menteri investasi negara. Bahlil Kawal Investasi memberikan hak warga yang terdampak proyek rempang eco city #HIPMIRempang,
DPR dukung menteri investasi negara. Bahlil Kawal Investasi memberikan hak warga yang terdampak proyek rempang eco city #HIPMIRempang https://t.co/XYOQYC1p9k,
"Pemerintah sangat mendukung langkah2 yg dilakukan bahlil untuk proyek Rempang, krn kebijakan tsb warga pulau Rempang akhirnya berbalik mendukung proyek di Pulau Rempang tersebut Bahlil Kawal Investasi #HIPMIRempang https://t.co/R4brlW7tyy",
Bahlil Kawal Investasi memang sangat bagus untuk warga rempang sehingga hak hak warga yang terdampak tetap terpenuhi #HIPMIRempang https://t.co/zeY78lIaju,
@GunRomli pasangan serasi wadas - rempang,
hipmi apresiasi pro aktif Bahlil Kawal Investasi nih guys bakal deketi warga Rempang secara humanis #HIPMIRempang  https://t.co/ivfR7hApfz https://t.co/KIxb1nfdNN,
Membacakan Nyaring https://t.co/Oi8jl0lCIn #MovingEp17 Narnia Azizah KDRT Abimana #MyLovelyLiarEp14 #TXTxDior #____ Halo-Halo Bandung Rempang https://t.co/LnKJzhAoBi https://t.co/WZK8dblIAv https://t.co/Q9lHo7lwmP https://t.co/dTzgpKSfik,
wah guys DPR bakal dukung langkah Bahlil Kawal Investasi  hak warga Rempang yang terdampak investasi nihh  #HIPMIRempang  https://t.co/uaeYv4lhks https://t.co/orI7XGYSuW,
Kita berkomitmen untuk terus mendukung investasi berkelanjutan! HIPMI mengucapkan terima kasih kepada Menteri Bahlil yang telah memantau proyek Rempang Eco Park dengan tekun.    Bahlil Kawal Investasi #HIPMIRempang https://t.co/RiAyXEoFpD,
@IND0_Update @MataNajwa @Metro_TV @tvOneNews Yang penting jangan sampai hak masyarakat Rempang tersisihkan Bahlil Kawal Investasi  #HIPMIRempang,
Banyak dukungan terhadap Rempang Eco City juga karena nilai kesejahteraan masyarakat akan meningkat Bahlil Kawal Investasi  #HIPMIRempang https://t.co/eWq1H6NWIQ,
Kunci kesuksesan dari investasi ini adalah kepedulian terhadap masyarakat Rempang  Bahlil Kawal Investasi  #HIPMIRempang https://t.co/i32a6FD0Tb,
@floreskekinian2 Pendekatan secara harmonis yang dilakukan kepada para masyarakat rempang merupakan bukti bahwa Bahlil Kawal Investasi dengan cara tepat #HIPMIRempang,
"@VIVAcoid bersih apanya, yg satu masalah wadas yang satu lgi masalah rempang",
"@CSzipel_ Semangat untuk Kawal Investasi Rempang Pak Bahlil, kami percaya dengan kemampuan bapak dan membawa sinergis yang sangat baik untuk warga di Rempang  #HIPMIRempang",
@IND0_Update @MataNajwa @Metro_TV @tvOneNews Dukung Bahlil Kawal Investasi untuk proyek Rempang Eco Park #HIPMIRempang,
@floreskekinian2 Wah Pak Bahlil dapet kepercayaan serta dukungan loh terkait investasi di Rempang Bahlil Kawal Investasi #HIPMIRempang,
Montessori for Multiple Intelligences https://t.co/CV1Zs9iVeS Narnia #MovingEp17 Azizah Abimana KDRT #MyLovelyLiarEp14 #TXTxDior #____ Rempang https://t.co/NtA4GCfLgU https://t.co/FJYSAgtk8b https://t.co/1eXbcZmary https://t.co/t478gaJI4C,
@floreskekinian2 Yang dilakukan Pak Bahljl sudah tepat dan layak dapet dukungan dlm handle investasi di Rempang  Bahlil Kawal Investasi #HIPMIRempang,
@floreskekinian2 Yang dilakukan Pak Bahljl sudah tepat dan layak dapet dukungan dlm handle investasi di Rempang  Bahlil Kawal Investasi #HIPMIRempang,
"Perjanjian sepihak apa lagi yg dibuat ke CHINA Pak @jokowi?  terakhir Kemaren hampir 200 Tahun #Rempang di kasih ke China  Sekarang Wilayah Indonesia mana lagi yg sampean sodorin  untuk di Kusain CHINA??  Mending tidur pak, Daripada kerja nggak ada hasilnya.. https://t.co/9rqJK1Csl5",
"@BosPurwa @mohmahfudmd 17 ribu pulau dan konon kabarnya ribuan pulau merupakan pulau kosong, kenapa ga bangun pulau kosong, kenapa malah gusur warga Rempang. Situ sihat ke?",
@IND0_Update @MataNajwa @Metro_TV @tvOneNews Keren emang pak Bahlil Kawal Investasi di Rempang. Gak main main kinerja nya pak bahlil. #HIPMIRempang,
@floreskekinian2 tetap dukung pak bahlil dan otak cerdasnya dalam program Bahlil Kawal Investasi  dan rempang eco city #HIPMIRempang,
@floreskekinian2 intruksi Bahlil Kawal Investasi untuk Eco Rempang ini langkah yg tepat banget hingga di proyek ini  bisa berjalan lancar dan hak masyarakat terpenuhi #HIPMIRempang,
@IND0_Update @MataNajwa @Metro_TV @tvOneNews pak Bahlil Kawal Investasi rempang dengan berkolaborasi dengan pemerintah semoga berjalan lancar dan sukses #HIPMIRempang,
"@CSzipel_ Good news, Proyek Rempang ini makin berjalan dengan baik. Himpunan Pengusaha Muda Indonesia bantu Bahlil Kawal Investasi #HIPMIRempang",
@floreskekinian2 keren banget lihat Bahlil Kawal Investasi  bersama dengan rempang eco city yg lagi digarap yagesya #HIPMIRempang,
pak Bahlil Kawal Investasi rempang dengan berkolaborasi dengan pemerintah semoga berjalan lancar dan sukses #HIPMIRempang https://t.co/GQF32gnCXj,
Berita terbaru mengenai pak Bahlil Kawal Investasi rempang #HIPMIRempang  https://t.co/CBdimEt5HS,
"@IND0_Update @MataNajwa @Metro_TV @tvOneNews Bahlil Kawal Investasi tentang realisasi proyek ini Semoga selalu amanah, dan mendatangkan hak-hak masyarakat Rempang  #HIPMIRempang",
@IND0_Update @MataNajwa @Metro_TV @tvOneNews Pak Bahlil Kawal Investasi di Rempang. Mudah2an awal Indonesia makin maju. #HIPMIRempang,
@CSzipel_ Bahlil berhasil meyakinkan dan merangkul warga bahwa kepastian investasi ini akan membawa berkah 'ekonomi' kepada warga Rempang sehingga selaras komitmen dengan HIPMI #HIPMIRempang,
"@IND0_Update @MataNajwa @Metro_TV @tvOneNews Kalo HIMPI aja mengapresiasi cara Bahlil Kawal Investasi yg ada di Rempang, berarti beliau hebat bgt #HIPMIRempang",
"@IND0_Update @MataNajwa @Metro_TV @tvOneNews Bahlil Kawal Investasi di Rempang, mantap emang kinerja pak Bahlil  #HIPMIRempang",
@IND0_Update @MataNajwa @Metro_TV @tvOneNews Menteri Bahlil Kawal Investasi rempang dengan berkolaborasi dengan pemerintah semoga berjalan lancar #HIPMIRempang,
Menteri Bahlil Kawal Investasi rempang dengan berkolaborasi dengan pemerintah semoga berjalan lancar #HIPMIRempang https://t.co/ffUSSt1OMI,
@IND0_Update @MataNajwa @Metro_TV @tvOneNews komitmen besar dengan harapan Bahlil Kawal Investasi di rempang sukses #HIPMIRempang,
"@IND0_Update @MataNajwa @Metro_TV @tvOneNews Manta, pak Bahlil Kawal Investasi rempang dan dapat dukungan penuh dari HIPMI #HIPMIRempang",
"@IND0_Update @MataNajwa @Metro_TV @tvOneNews Patut diapresiasi juga tindakan HIPMI ini, ikut Pak Bahlil Kawal Investasi Rempang #HIPMIRempang",
"@IND0_Update @MataNajwa @Metro_TV @tvOneNews keren banget kinerja Pak Bahlil, semangat Pak Bahlil Kawal Investasi Rempang #HIPMIRempang",
@CSzipel_ @IND0_Update Potensi besar untuk Rempang Bahlil Kawal Investasi  #HIPMIRempang,
Gak ada yg manfaat utk rakyat boro2 bela sdr2 kita di Rempang malah disuruh serahkan tanah tumpah darah mrk .. klo jadi pemimpin makin zolim sm rakyat,
"Sinergi antara Hipmi dan pemerintah adalah kunci keberhasilan investasi di Rempang. Bersama, kita raih kesuksesan bersama! Bahlil Kawal Investasi  #HIPMIRempang https://t.co/2flSZT5Z9Z",
Hipmi berkomitmen untuk meningkatkan keterampilan warga Rempang lewat pelatihan. Investasi ini membawa kesempatan baru. Bahlil Kawal Investasi  #HIPMIRempang https://t.co/GUiqppRdmN,
"@IND0_Update @MataNajwa @Metro_TV @tvOneNews Pak Bahlil Kawal Investasi terus pak di proyek rempang eco park, kita semua dukung bapak🥰 #HIPMIRempang",
"Hipmi memiliki keyakinan bahwa investasi Rempang ini akan berjalan sesuai harapan, berdampak positif bagi perekonomian nasional dan daerah sejalan komitmen Bahlil Kawal Investasi #HIPMIRempang https://t.co/sYJTEx9H95",
@CSzipel_ terbaik dalam kasus Rempang sehingga damai Bahlil Kawal Investasi #HIPMIRempang,
@nyonyahsyuuper @hanni_priangan Rembang - Jateng,
"Keterlibatan warga sebagai subjek pembangunan adalah langkah tepat dalam investasi Rempang. Bersama, kita ciptakan win-win solution! Bahlil Kawal Investasi  #HIPMIRempang https://t.co/USuShhk11Q",
"@CSzipel_ Selama Bahlil Kawal Investasi yg ada di Rempang, beliau tidak lupa sama janji yg pernah dijanjikan kepada masyarakat sekitar sana. Mantap! #HIPMIRempang",
Banyak pihak mengapresiasi kinerja Bahlil Kawal Investasi  serta pemenuhan hak-hak yg harus didapatkan warga di Pulau rempang  #HIPMIRempang https://t.co/KL7xeZNjcA,
Hipmi apresiasi peran Menteri Bahlil dalam menjaga keberlangsungan investasi Rempang. Sukses investasi adalah kunci masa depan cerah. Bahlil Kawal Investasi  #HIPMIRempang https://t.co/nfRAbdjlkP,
Sikap humanis pak Bahlil Kawal Investasi di rempang dapat dukungan penuh dan HIPMI Pastikan ekonomi masyarakat nya tumbuh #HIPMIRempang  https://t.co/SJq7yuRCxh,
@CSzipel_ memang patut diapresisasi kinerja Bahlil Kawal Investasi yang bisa memenuhi hak warga rempang #HIPMIRempang,
"Investasi Rempang Eco Park terus kita dukung bersama, karena Menteri Bahlil Kawal Investasi dengan penuh dedikasi Bahlil Kawal Investasi  #HIPMIRempang https://t.co/MbeS3Jx4HP",
"Dukung Investasi, HIPMI Apresiasi Menteri Bahlil Kawal Realisasi Proyek Rempang Eco Park #HIPMIRempang https://t.co/TxJp8NXfRu",
"Menteri Bahlil juga konsisten memperjuangkan warga dilibatkan sebagai subjek pembangunan dalam investasi Rempang, sejalan dengan regulasi yang ada bahwa investor harus merangkul mitra usaha lokal (UMKM) dan menyerap tenaga kerja lokal. #HIPMIRempang https://t.co/aPZ8fH7b5Z",
@IND0_Update @MataNajwa @Metro_TV @tvOneNews Pak bahlil siap kawal pembangunan rempang sampai tuntas #HIPMIRempang,
@CSzipel_ Investasi Rempang Eco City ini dapet dukungan kuat dari #HIPMIRempang dan Menteri Bahlil Kawal Investasi dengan fokus pada peningkatan keterampilan warga setempat untuk mencapai manfaat ekonomi dan sosial yang lebih besar,
HIPMI apresiasi pro aktif pada kinerja  Bahlil Kawal Investasi di Rempang #HIPMIRempang https://t.co/AtTy4UWZrn,
Investasi di Rempang Eco City: Masa Depan yang Menjanjikan. Hipmi Siap Berkolaborasi untuk Kesejahteraan Daerah. Bahlil Kawal Investasi  #HIPMIRempang https://t.co/XGoJUEpmTE,
"@IND0_Update @MataNajwa @Metro_TV @tvOneNews Keren pak Bahlil yang bisa memberikan hak buat warga rempang yang terdampak investasi,  Bahlil Kawal Investasi  #HIPMIRempang",
@CSzipel_ @IND0_Update Potensi peningkatan ekonomi masyarakat di Rempang akan meningkat Bahlil Kawal Investasi  #HIPMIRempang,
@CSzipel_ sampai saat ini kami percaya pak Bahlil Kawal Investasi dengan solusi yang terbaik untuk warga rempang #HIPMIRempang,
Keren nih pak bahlil sampe dapet apresiasi dari HIPMI  ketika Bahlil Kawal Investasi di rempang  #HIPMIRempang https://t.co/JOBXyC1K1E,
Dukung Investasi Rempang Eco Park! Hipmi Apresiasi Menteri Bahlil atas Konsistensi dalam Kawal Investasi. Bahlil Kawal Investasi  #HIPMIRempang https://t.co/zOWFBqaiJZ,
"@IND0_Update @MataNajwa @Metro_TV @tvOneNews banyak yg mendukung pak Bahlil Kawal Investasi proyek rempang ini, dan semoga kolaborasi dengan himpi juga bisa meningkatkan keterampilan masyarakat untuk meningkatkan perekonomian #HIPMIRempang",
Pro aktif Menteri Investasi Bahlil Lahadalia yang konsisten mengawal dan memastikan investasi ini bisa berjalan baik. Bahlil – sebagai perwakilan pemerintah - berhasil menghadirkan ‘win-win solution’ antara warga Rempang dan investor. #HIPMIRempang https://t.co/KlIolXN96Z,
@IND0_Update @MataNajwa @Metro_TV @tvOneNews Semoga cepat terselesaikan proyek rempang eco-city ini #HIPMIRempang,
@floreskekinian2 Apresiasi tertinggi krn Bahlil Kawal Investasi dan ikut ambil andil dalam pembangunan Rempang Eco City #HIPMIRempang,
@IND0_Update @MataNajwa @Metro_TV @tvOneNews Alhamdulillah pak Bahlil Kawal Investasi di rempang  #HIPMIRempang,
@IND0_Update @MataNajwa @Metro_TV @tvOneNews Bahlil Kawal Investasi udah ngikutin berita Rempang dari awal sampai akhir semoga dampak positif segera dirasakan  #HIPMIRempang,
@IND0_Update @MataNajwa @Metro_TV @tvOneNews semangat dan sukses terus pak Bahlil Kawal Investasi ini demi kesejahteraan warga rempang #HIPMIRempang,
"@henrysubiakto Kasus Rempang saja bukti dia tidak memihak kepada Rakyat... Sekarang bicara keadilan hukum buat rakyat, padahal dia masih menjabat Menkopolhukam. Tapi nanti klu sdh duduk lupa lagi bilang rakyat bukan digusur tapi digeser...""",
@IND0_Update @MataNajwa @Metro_TV @tvOneNews Semangat terus pak bahlil untuk warga rempang #HIPMIRempang,
@IND0_Update @MataNajwa @Metro_TV @tvOneNews peduli rakyat rempang emang pas Bahlil Kawal Investasi #HIPMIRempang,
@IND0_Update @MataNajwa @Metro_TV @tvOneNews Wahh mantap banget loh sampai HIPMI memberikan Apresiasi kepada Menteri Bahlil Kawal Investasi dalam Proyek Rempang Eco Park #HIPMIRempang,
"@CSzipel_ Terimakasih utk pembangunan Rempang Eco City dan Bahlil Kawal Investasi, semoga bisa berjalan sesuai apa yang diharapkan #HIPMIRempang",
"@IND0_Update @MataNajwa @Metro_TV @tvOneNews dengan banyak dukungan kepada pak Bahlil Kawal Investasi di rempang, tentunya memudahkan serta memperlancar proyek rempang eco city #HIPMIRempang",
@IND0_Update @MataNajwa @Metro_TV @tvOneNews HIPMI rempang percaya pak bahlil #HIPMIRempang,
Investasi Berkelanjutan: Dampak Positif bagi Rempang dan Keterampilan Lokal Bahlil Kawal Investasi  #HIPMIRempang https://t.co/dG6NuNltAm,
@IND0_Update @MataNajwa @Metro_TV @tvOneNews Bahlil Kawal Investasi di rempang dengan dukungan penuh DPR dan HIPMI #HIPMIRempang,
sukses terus untuk Bahlil Kawal Investasi untuk terus  membangun Rempang eco city #HIPMIRempang https://t.co/pDlnaGYPG1,
HIPMI memberikan Apresiasi kepada Menteri Bahlil Kawal Investasi dalam Proyek Rempang Eco Park #HIPMIRempang https://t.co/kmGQwmyg6R,
"Rempang eco city itu terobosan yang menarik menurut saya, gimana tidak pak bahlil aja sampe terjun dan mengawasi, mantap lah   Bahlil Kawal Investasi #HIPMIRempang",
Sukses Investasi Rempang: Peran Proaktif Menteri Bahlil dan Kolaborasi Bahlil Kawal Investasi  #HIPMIRempang https://t.co/FTpaeM6ihN,
hayuu dukung Bahlil Kawal Investasi untuk terus  membangun Rempang eco city #HIPMIRempang https://t.co/GZ8lS0RRQQ,
@IND0_Update @MataNajwa @Metro_TV @tvOneNews HIPMI juga beri dukungan terhadap Bahlil Kawal Investasi di Rempang #HIPMIRempang,
@IND0_Update @MataNajwa @Metro_TV @tvOneNews Aku sih sangat mendukung proses investasi di pulau Rempang Bahlil Kawal Investasi  #HIPMIRempang,
@IND0_Update @MataNajwa @Metro_TV @tvOneNews kerenn emangg perealisasian Investasi rempang eco city yang Bahlil Kawal ini patut diapresiasi👍 #HIPMIRempang,
"@IND0_Update @MataNajwa @Metro_TV @tvOneNews Pak Bahlil Kawal Investasi Rempang pelan akhirnya mau pindah ya warga nya #HIPMIRempang""",
@Uki23 Kuwalat nggusur rempang Menggusur = perbuatan yang dilaknat @SolidRempang @kaesangb @PartaiPSI,
HIPMI memberikan Apresiasi kepada Menteri Bahlil Kawal Investasi Proyek Rempang Eco Park #HIPMIRempang https://t.co/HuyBP3YhLA,
@CSzipel_ Mantap Pak Bahlil Kawal Investasi dan memenuhi hak hak warga rempang. Sukses teruss.  #HIPMIRempang,
marii kita dukung Bahlil Kawal Investasi untuk terus  membangun Rempang eco city #HIPMIRempang https://t.co/J6EdyeiVoB,
Memperkuat Investasi Rempang: Sinergi Menteri Bahlil dan Hipmi Bahlil Kawal Investasi  #HIPMIRempang https://t.co/KmBA3eb8R6,
"@IND0_Update @MataNajwa @Metro_TV @tvOneNews mantap pak Bahlil Kawal Investasi di rempang, semoga di lancarkan kan pak #HIPMIRempang",
@IND0_Update @MataNajwa @Metro_TV @tvOneNews Mantap sekali Pak Bahlil Kawal Investasi Proyek Rempang Eco City #HIPMIRempang,
@IND0_Update @MataNajwa @Metro_TV @tvOneNews Wajib diapresiasi usaha Pak Bahlil Kawal Investasi Rempang  #HIPMIRempang,
@IND0_Update @MataNajwa @Metro_TV @tvOneNews Turut bangga dengan Pak Bahlil Kawal Investasi Rempang #HIPMIRempang,
Apresiasi pak Bahlil berikan hak pada warga rempang yang terkena dampak investasi. Bahlil Kawal Investasi  #HIPMIRempang https://t.co/mm3iVVE8We,
@IND0_Update @MataNajwa @Metro_TV @tvOneNews Keren sekali usaha Pak Bahlil Kawal Investasi Proyek Rempang Eco City #HIPMIRempang,
@IND0_Update @MataNajwa @Metro_TV @tvOneNews Yakin dehhh klo proyek Rempang Eco City nih bakal berhasil krn Bahlil Kawal Investasi #HIPMIRempang,
@IND0_Update @MataNajwa @Metro_TV @tvOneNews Salut dengan usaha Pak Bahlil Kawal Investasi Proyek Rempang Eco City #HIPMIRempang,
Upaya Pak Bahlil Kawal Investasi di Rempang terus mendapatkan apresiasi dari berbagai pihak.  #HIPMIRempang  https://t.co/9bjsQarVvK,
Sinergi dan kolaborasi antara Hipmi dan pemerintah diyakini akan membawa dampak positif bagi investasi di Rempang dengan adanya Bahlil Kawal Investasi #HIPMIRempang https://t.co/YVn4Pem0mK,
"HIPMI memiliki keyakinan bahwa investasi Rempang ini akan berjalan sesuai harapan, berdampak positif bagi perekonomian nasional dan daerah, serta bisa membawa kesejahteraan bagi masyarakat sekitar. Intinya masa depan investasi di Rempang ini menjanjikan.  #HIPMIRempang https://t.co/VNbVHGktFR",
Dukung terus Bahlil Kawal Investasi Rempang Eco City #HIPMIRempang https://t.co/DVI2KzyBrf,
"@IND0_Update @MataNajwa @Metro_TV @tvOneNews Karena Bahlil Kawal Investasi, jd semakin yakin kalo Rempang Eco City bakal berhasil #HIPMIRempang",
Bahlil Kawal Investasi Rempang ECO City bareng HIPMI #HIPMIRempang https://t.co/4vDtldfvrF,
@floreskekinian2 Pak Bahlil Kawal Investasi di Rempang ini sangat baik dari mulai pendekatan hingga memberikan solusi terbaik bagi masyarakat sekitar. Semangat dan sukses selalu pak #HIPMIRempang,
"@IND0_Update @MataNajwa @Metro_TV @tvOneNews Bahlil Kawal Investasi , emang keren bapak satu ini, perhatian banget sama warga rempang, bener2 berusaha memenuhi hak2 warga  #HIPMIRempang",
"Dukung Bahlil Kawal Investasi Rempang Eco city, semoga bisa bermanfaat untuk masyarakat rempang #HIPMIRempang https://t.co/PgrK2PogWf",
semoga pak bahlil amanah dalam menjalankan tugas nya dan bisa mensejahterakan warga rempang Bahlil Kawal Investasi #HIPMIRempang https://t.co/mpTquKKVNb,
Yuukk dukung program  Bahlil Kawal Investasi agar UKM di rempang bisa meningkat #HIPMIRempang https://t.co/DfiWIxElhR,
Himpunan Pengusaha Muda Indonesia (Hipmi) memberikan perhatian besar terhadap investasi Rempang Eco City yang terus dikawal oleh Menteri Investasi Bahlil Lahadalia sejak awal hingga saat ini dan siap membantu menyukseskan investasi ini. #HIPMIRempang https://t.co/OFs5JYaun2,
@IND0_Update @MataNajwa @Metro_TV @tvOneNews HIPMI dan Pemetintahan sangat mengapresiasi kinerja Bahlil dan dukung Bahlil Kawal Investasi di Proyek Rempang tsb. #HIPMIRempang,
@IND0_Update @MataNajwa @Metro_TV @tvOneNews Semangat untuk Kawal Investasi Rempang Pak Bahlil kami percaya dengan kemampuan bapak dan membawa dampak yang sangat baik untuk warga sekitar #HIPMIRempang,
"Hipmi telah  memberikan perhatian besar terhadap investasi Rempang Eco City yang terus dikawal oleh Menteri Investasi Bahlil Lahadalia sejak awal hingga saat ini dan siap membantu menyukseskan investasi ini, semoga bisa berjalan lancar &amp  bermanfaat utk semua pihak. #HIPMIRempang https://t.co/OoJK4SEzdd",
"@kkng_bbh @wonhaefoods Terserah dong Fans burik renjun aja yang tomlol yg uda taraf pemyembah berhala Daripada bela renjun mending bela Palestina, rempang, Ukraina, Wadas kek",
pendekatan secara humanis oleh bapak bahlil pada warga rempang sungguh sangat bagus. semoga rencana ini bisa berjalan dengan lancar.  Bahlil Kawal Investasi #HIPMIRempang https://t.co/O8ILtmF9Z5,
"Himpunan Pengusaha Muda Indonesia (HIPMI) yakin jika Rempang Eco City akan berhasil dan berjalan sesuai dengan yang diharapkan, hal ini dikarenakan Bahlil Kawal Investasi tersebut #HIPMIRempang https://t.co/wET4IOBDW5",
@CSzipel_ Semangat trs pakk Bahlil Kawal Investasi Rempang. semoga kolaborasi dengan HIPMI berdampak positif untuk masyarakat setempat. #HIPMIRempang,
https://t.co/V0hfzpyM9h warga Pulau Rempang yang terkena dampak pembangunan  Rempang Eco City untuk tidak khawatir dengan kompensasi yang diberikan pemerintah.  Bahlil Kawal Investasi #HIPMIRempang,
"Hipmi telah  memberikan perhatian besar terhadap investasi Rempang Eco City yang terus dikawal oleh Menteri Investasi Bahlil Lahadalia sejak awal hingga saat ini dan siap membantu menyukseskan investasi ini, semoga bisa berjalan lancar &amp  bermanfaat utk semua pihak. #HIPMIRempang https://t.co/kdKSVrlNKG",
"HIPMI menyampaikan Rempang Eco City merupakan win-win solution dikarenakan diprediksi akan berhasil dan sukses. Selain itu Bahlil Kawal Investasi dari awal ide ini muncul bahkan sampai sekarang pelaksanaannya, sehingga akan berhasil sesuai dengan apa yang diharapkan #HIPMIRempang https://t.co/PRQ7lUIVbL",
@CSzipel_ Kerja keras Menteri Bahlil dalam mendukung investasi dan hak-hak warga Rempang patut diacungi jempol! #HIPMIRempang,
https://t.co/FUye7wx1kb warga Pulau Rempang yang terkena dampak pembangunan  Rempang Eco City untuk tidak khawatir dengan kompensasi yang diberikan pemerintah.  Bahlil Kawal Investasi #HIPMIRempang,
@floreskekinian2 bersyukur pak Bahlil Kawal Investasi utk rempang menambah banyak dampak positif yang di rasakan  #HIPMIRempang,
Bahlil Kawal Investasi di Rempang Eco City mulai dari ide awal hingga pelaksanaannya diyakini merupakan hal yang positif dan diharapkan dapat berjalan sesuai dengan yang diinginkan #HIPMIRempang https://t.co/tnGvVgWdMn,
https://t.co/laOHu8GCSs warga Pulau Rempang yang terkena dampak pembangunan  Rempang Eco City untuk tidak khawatir dengan kompensasi yang diberikan pemerintah.  Bahlil Kawal Investasi #HIPMIRempang,
"Skill Lokal Meningkat, Investasi Rempang Semakin Berkembang! Sinergi Hipmi dan Pemerintah Membawa Manfaat Bersama. 🚀🔝 Bahlil Kawal Investasi  #HIPMIRempang https://t.co/9eovzsbBjd",
Bahlil Kawal Investasi di Pulau Rempang dan Juga ingin memanjukan UMKM lokal di pulau tersebut krn dg akan menarik investor yh bs menaikkan ekonomi di pulau tersebut #HIPMIRempang https://t.co/S23wkwSrqg,
Dpr dukung langkah Bahlil Kawal Investasi dan berikan hak warga rempang #HIPMIRempang https://t.co/B7rSbcysyE,
@IND0_Update @MataNajwa @Metro_TV @tvOneNews Ayo dukung dan bersinergi bersama #HIPMIRempang untuk membangun Rempang eco-city. Bahlil Kawal Investasi,
"@IND0_Update @MataNajwa @Metro_TV @tvOneNews Ikut senang melihat Bahlil Kawal Investasi  Rempang Eco City melalui langkah-langkah konkretnya, apalagi proyek pembangunan ini mendapat dukungan penuh dari #HIPMIRempang",
@IND0_Update @MataNajwa @Metro_TV @tvOneNews Teruskan pak Bahlil Kawal Investasi. Rempang bener2 harus mendapat pwrhatian penuh. #HIPMIRpempang,
@IND0_Update @MataNajwa @Metro_TV @tvOneNews Setuju sekali proyek Rempang memang harus dikawal untuk kesejahteraan masyarakat  Bahlil Kawal Investasi #HIPMIRempang,
"Hipmi telah  memberikan perhatian besar terhadap investasi Rempang Eco City yang terus dikawal oleh Menteri Investasi Bahlil Lahadalia sejak awal hingga saat ini dan siap membantu menyukseskan investasi ini, semoga bisa berjalan lancar &amp  bermanfaat utk semua pihak. #HIPMIRempang https://t.co/18YM2B9Cq8",
@IND0_Update @MataNajwa @Metro_TV @tvOneNews Semangat untuk Kawal Investasi Rempang Pak Bahlil kami percaya dengan kemampuan bapak dan membawa dampak yang sangat baik untuk warga sekitar #HIPMIRempang,
HIPMI Mendorong Pembangunan Rempang Eco Park Himpunan Pengusaha Muda Indonesia (HIPMI) dengan penuh semangat mendukung investasi dalam proyek Rempang Eco Park. Bahlil Kawal Investasi #HIPMIRempang https://t.co/uFPgNiOwBJ,
HIPMI apresiasi pak Bahlil Kawal Investasi Rempang Ecopark   #HIPMIRempang https://t.co/fH1lbHnx18,
Bahlil Kawal Investasi dan aktif dektai warga rempang secara humanis #HIPMIRempang https://t.co/7J9aMsXGeh,
@IND0_Update @MataNajwa @Metro_TV @tvOneNews Bahlil Kawal Investasi ... Semoga warga rempang semakin sejahterah  #HIPMIRempang,
"@floreskekinian2 Keren pak Bahlil yang bisa memberikan hak buat warga Rempang Eco City yang terdampak investasi, Bahlil Kawal Investasi #HIPMIRempang",
Setelah mendapat dukungan dari DPR sekarang HIPMI juga ikut mengapresiasi Pro aktif pak menteri dalam mendekati warga Rempang. #HIPMIRempang https://t.co/3UdloPOJED,
@IND0_Update @MataNajwa @Metro_TV @tvOneNews Sukses terus Pak Bahlil Kawal Investasi Rempang. semoga kolaborasi dengan HIPMI berjalan dengan lancar dan berdampak positif untuk masyarakat setempat.   #HIPMIRempang,
"@IND0_Update @MataNajwa @Metro_TV @tvOneNews Keren nih Pak Bahlil Kawal Investasi, semoga proyek Rempang eco park berjalan lancar.  #HIPMIRempang",
HIPMI Rempang ikut dukung Bahlil Kawal Investasi di proyek Rempang. Karena proyek tersebut dianggap akan berhasil dan menguntungkan baik pemerintah maupun warga Rempang sendiri.   #HIPMIRempang https://t.co/PvlmwHZAtC,
"Rempang Eco Park: Menjanjikan, Berkelanjutan, dan Menguntungkan! Terima Kasih Menteri Bahlil dan Hipmi atas Dukungannya. 🌱🏢 Bahlil Kawal Investasi  #HIPMIRempang https://t.co/hHBDZNYj6l",
"@floreskekinian2 Bahlil Kawal Investasi #HIPMIRempang yakin, investasi Rempang akan membawa kemaslahatan untuk rakyat",
@IND0_Update @MataNajwa @Metro_TV @tvOneNews Alhamdulillah HIPMI punya peran penting untuk proyek rempang eco park Bahlil Kawal Investasi #HIPMIRempang,
"Bahlil Kawal Investasi rempang jadi meningkatkan kesejahteraan masyarakat jadi lbh baik, mantap deh Pak 👍 #HIPMIRempang  https://t.co/XAFcuB72Kr",
@IND0_Update @MataNajwa @Metro_TV @tvOneNews Semangat pak Bahlil Kawal Investasi Rempang eco city #HIPMIRempang,
@IND0_Update @MataNajwa @Metro_TV @tvOneNews #HIPMIRempang apresiasi kinerja Pak Bahlil Kawal Investasi sehubungan Rempang Eco City,
"@floreskekinian2 Dari awal Pak Bahlil Kawal Investasi di pulau rempang keren banget sih... Untuk pendekatannya yang humanis, mendengarkan apa yang di inginkan rakyat. Salut banget #HIPMIRempang",
Dengan Rempang Eco City menjadikan kampung dengan nilai kesejahteraan yang tinggi Bahlil Kawal Investasi  #HIPMIRempang  https://t.co/OlUHaKlNcH,
@IND0_Update @MataNajwa @Metro_TV @tvOneNews Sukses terus Pak Bahlil semoga kolaborasi dengan HIPMI berjalan dengan lancar dan berdampak positif untuk masyarakat setempat. Semangat pakk Kawal Investasi Rempang #HIPMIRempang,
@floreskekinian2 Kinerja pak Bahlil Kawal Investasi selalu totalitas sehingga hak hak masyarakat Rempang terpenuhi dengan baik #HIPMIRempang,
Dengan peningkatan keterampilan maka warga rempang akan memperoleh kesempatan yg lebih besar dalam penyerapan kerja yg tersedia dg keberadaan investasi.  @detikcom  @bahlillahadalia  Bahlil Kawal Investasi  #HIPMIRempang  https://t.co/nS8PzIgkUN,
"Investasi Rempang Eco City, Harapan Bagi Perekonomian Nasional! HIPMI Siap Berkolaborasi dan Meningkatkan Keterampilan Warga Lokal. 🙌💪 Bahlil Kawal Investasi  #HIPMIRempang https://t.co/JvllqmQcWj",
Setuju sekali dengan pak Bahlil yang melakukan pendekatan humanis dalam proyek Rempang kali ini. Memang penerintahpun harus memanusiakan masyarakat Bahlil Kawal Investasi #HIPMIRempang https://t.co/lk9r0ek5sd,
"Bahlil Kawal Investasi  Rempang Eco City dengan cara merangkul warga sekitar melalui pendekatan humanis, untuk mendukung investasi ini #HIPMIRempang siap berkolaborasi dengan pemerintah untuk meningkatkan keterampilan warga Rempang lewat pelatihan https://t.co/kwRYfOU0gm",
Pemerintah dan HIPMI mengapresiasi kinerja Bahlil krn membuat warga mendukung proyek Rempang. Bahlil Kawal Investasi #HIPMIRempang https://t.co/iokWgTKlM3,
"@IND0_Update @MataNajwa @Metro_TV @tvOneNews Semakin byk yg mendukung pak Bahlil Kawal Investasi di Rempang Eco City, semakin cepat realisasinya. Dan makin meningkat kesejahteraan ekonomi rakyat disana.  #HIPMIRempang",
"Dengan adanya proyek Rempang Eco Park warga lokal mendapat kesempatan untuj kerja,HIPMI dan pemerintah akan berkolaborasi agar warga bisa mendapatkan pelatihan Bahlil Kawal Investasi #HIPMIRempang https://t.co/F74GHzt24B",
"Masyarakat Rempang tetap dipenuhi hak haknya, salah satunya dibangunkan UKM Center untuk meningkatkan keterampilan mereka Bahlil Kawal Investasi  #HIPMIRempang https://t.co/mKbh9BJGvu",
"Bahlil Kawal Investasi, Dalam upaya mendukung investasi ini, Hipmi siap berkolaborasi dengan pemerintah untuk meningkatkan keterampilan warga Rempang lewat pelatihan. #HIPMIRempang https://t.co/spr9UH8jLa",
"@floreskekinian2 betul, melihat bahwa pak Bahlil selalu ingat untuk melibatkan masyarakat pada pembangunan investasi Rempang ini. dukung Bahlil Kawal Investasi #HIPMIRempang",
@CSzipel_ #HIPMIRempang siap berkolaborasi dengan masyarakat terkait Rempang Eco City Bahlil Kawal Investasi,
"@CSzipel_ Kinerja pak Bahlil Kawal Investasi bener-bener harus diapresiasi, beliau teguh memenuhi hak-hak warga Rempang #HIPMIRempang",
"@CSzipel_ sumpah kita sbg warga hrs bgt dukung Pak Bahlil Kawal Investasi, rempang eco city jayaa  #HIPMIRempang",
@CSzipel_ kinerja pak Bahlil emang luar biasa untuk Kawal Investasi Rempang #HIPMIRempang,
HIPMI siap berkolaborasi dg pemerintah untuk mendukung investasi di pulau rempang dengan meningkatkan ketrampilan warga melalui pelatihan. Bahlil Kawal Investasi #HIPMIRempang https://t.co/qU72WM7JkC,
"Dalam upaya mendukung investasi rempang, #HIPMIRempang siap melakukan kolaborasi dengan pemerintah untuk meningkatkan keterampilan warga rempang lewat pelatihan.  @bahlillahadalia  @mediaindonesia  Bahlil Kawal Investasi https://t.co/B5XqMJF8Zl",
Himpunan Pengusaha Muda Indonesia (HIPMI) dukung penuh pak @bahlillahadalia sebagai perwakilan pemerintah untuk mengembangkan pulau rempang yang punya potensi besar untuk ekonomi baru Indonesia. #HIPMIRempang Bahlil Kawal Investasi @jokowi @pak,
#HIPMIRempang mengapresiasi komitmen Bahlil Kawal Investasi di Rempang Eco-City. Menurutnya langkah pak Bahlil yg proaktif menghadirkan win² solution. @ganjarpranowo  @anie,
#HIPMIRempang siap bersinergi dengan Pak Menteri Bahlil Kawal Investasi pengembangan Rempang EcoCity segera  terealisasi. @jokowi @mah,
"HIPMI mendukung penuh pembangunan proyek Rempang Eco City, karena terdapat banyak manfaat yang akan dirasakan oleh Indonesia, khususnya warga di Pulau Rempang.  Bahlil Kawal Investasi #HIPMIRempang  @jpnncom  https://t.co/iFWRUtKFxQ",
warga Pulau Rempang yang terkena dampak pembangunan  Rempang Eco City untuk tidak khawatir dengan kompensasi yang diberikan pemerintah.  Bahlil Kawal Investasi #HIPMIRempang  @PoskotaJ @poskota_jateng  https://t.co/myP67s3dD3,
#HIPMIRempang mengapresiasi kinerja Bahlil Kawal Investasi di pulau Rempang sangat proaktif mengingat pengembangan rempang terus  mengalami progres yang meningkat. @bahlillahadalia   @jokowi,
"Diakui Fathul, HIPMI siap berkolaborasi dengan pemerintah dan juga investor di Pulau Rempang.  Bahlil Kawal Investasi  #HIPMIRempang  @jpnncom  https://t.co/sSE9ghJPY4",
Mari dukung pengembangan Rempang Eco-City untuk ciptakan tenaga kerja masyarakat lokal. #HIPMIRempang Bahlil Kawal Investasi @sandiuno @hnu,
Kita yakin bahwa investasi rempang akan berjalan sesuai harapan.  @bahlillahadalia  @mediaindonesia  Bahlil Kawal Investasi  #HIPMIRempang https://t.co/cjkJL1feft,
Kita apresiasi langkah menteri @bahlillahadalia yg turun tangan untuk melakukan pendekatan secara humanis ke warga rempang.  @kompascom  @okezonenews  Bahlil Kawal Investasi  #HIPMIRempang https://t.co/Bq9D9FUwxu,
"Selain memberikan Apresiasi kepada Menteri Bahlil Kawal Investasi atas pendekatan Pak Bahlil melakukan sosialisasi, #HIPMIRempang siap memberikan pelatihan Wirausaha untuk warga Rempang yg terdampak. @sandiuno  @ridwan",
BP Batam siap menjadi wadah untuk meningkatkan produktivitas warga Rempang  #HIPMIRempang https://t.co/3cau61serQ,
keseriusan pemerintah kepada warga Rempang terlihat dari langkah-langkah konkret @bahlillahadalia  yang terus melakukan pendekatan dengan warga.  Bahlil Kawal Investasi  #HIPMIRempang https://t.co/yjLOifkrLQ,
"Rempang eco city akan berdampak positif bagi perekonomian nasional maupun daerah, serta bisa membawa kesejahteraan bagi masyarakat sekitar.  @bahlillahadalia  @tribunnews  Bahlil Kawal Investasi  #HIPMIRempang https://t.co/lS2gy2StZW",
"Selain fokus terhadap pembangunan, pak bahlil juga akan pastikan untuk memenuhi hak-hak warga rempang yang terdampak investasi @detikcom @bahlillahadalia   Bahlil Kawal Investasi #HIPMIRempang https://t.co/DPplMIhAhS",
pemerintah akan memberikan jaminan hak bagi warga Pulau Rempang yang terkena dampak pembangunan proyek.  Bahlil Kawal Investasi #HIPMIRempang  @SMN_Channel @VICE  https://t.co/Pl1wdwNsMx,
"@CSzipel_ Semangat yang luar biasa, Bahlil Kawal Investasi demi mensejahterakan warga Rempang #HIPMIRempang",
Saya setuju dengan #HIPMIRempang yang memberikan apresiasi atas usaha humanis Pak Bahlil Kawal Investasi di Rempang Eco City https://t.co/xSN3EnxtfG,
@IND0_Update @MataNajwa @Metro_TV @tvOneNews Sinergi antara Bahlil dan #HIPMIRempang untuk pengembangan Rempang Eco-City Bahlil Kawal Investasi,
@CSzipel_ Peran pro aktiv Bahlil Kawal Investasi dengan konsisten mendapatkan hasil yang baik bagi warga Rempang dan investor #HIPMIRempang,
Rempang tidak ada AMDAL...harusnya segera dilepas tahanan yang ditangkepin,
"Bahlil Kawal Investasi, Sinergi dan kolaborasi antara Hipmi dan pemerintah diyakini akan membawa dampak positif bagi investasi di Rempang. #HIPMIRempang https://t.co/bf13YPE9rH",
HIPMI mengapresiasi menteri Bahlil dalam proyek Rempang Eco Park dan meyakini bahwa investasi akan berjalan lancar dan mensejahterakan warga sekitar Bahlil Kawal Investasi #HIPMIRempang https://t.co/0l2gn4sMQB,
@IND0_Update @MataNajwa @Metro_TV @tvOneNews Semoga lancar pembangunan Rempang eco city Bahlil Kawal Investasi #HIPMIRempang,
"@CSzipel_ Alhamdulillah warga Rempang juga bisa terpenuhi hak-hak nya, semoga projek pak Bahlil Kawal Investasi bisa lancar terus #HIPMIRempang",
@floreskekinian2 Bener banget itu kalau pak  Bahlil Kawal Investasi #HIPMIRempang sehingga para warga rempang akan mendapat hal yang semestinya,
"@CSzipel_ karena proyek ini diperuntukkan untuk masyarakat, maka pak Bahlil ga henti2nya buat melibatkan masyarakat ke proyek investasi Rempang ini .. Bahlil Kawal Investasi #HIPMIRempang",
@IND0_Update @MataNajwa @Metro_TV @tvOneNews Keren HIPMI apresiasi Menteri Bahlil Kawal Investasi proyek rempang #HIPMIRempang,
Selalu amazed dengan kerja nyata pak Bahlil yang secara langsung ke Pulau Rempang untuk melakukan pendekatan ke warga agar warga mengerti dan secara sukarela pindah ke lokasi baru yang disediakan oleh pemerintah. Mari kita dukung dan kawal inivestasi ini. #HIPMIRempang https://t.co/cT2aqybRhT,
@CSzipel_ Hipmi pastikan investasi Rempang eco city berjalan baik dengan Bahlil Kawal Investasi meningkatkan ekonomi #HIPMIRempang,
Investasi proyek eco city di rempang manfaatnya akan dirasakan warga rempang secara khusus karena akan membantu mengurangi pengangguran.  @GATRA_com  @liputan6dotcom  Bahlil Kawal Investasi  #HIPMIRempang  https://t.co/meiRNhRy7q,
Pak bahlil akan pastikan untuk memberikan hak-hak warga rempang yang terdampak dalam pembangunan rempang Eco-city.  @bahlillahadalia @jokowi @detikcom   Bahlil Kawal Investasi #HIPMIRempang https://t.co/zCPO7PXD0S,
Pro aktif yang dilakukan menteri satu ini kepada para warga rempang mendapatkan apresiasi dari berbagai pihak.  Bahlil Kawal Investasi #HIPMIRempang @jawapos https://t.co/VlfVPrh2EQ,
#HIPMIRempang investasi di Rempang Eco-City menarik minat besar negara ASEAN karena dampak positif dari investasi ini adalah mampu menyerap 30rb tenaga kerja secara langsung. Bahlil Kawal Investasi @hnurwahid @dedimul,
"Ini tentu menjadi opsi besar untuk masyarakat rempang,karena melihat adanya kesejahteraan dan kebutuhan,bisa menjadi solusi tentu dengan adanya #HIPMIRempang ini. Bahlil Kawal Investasi https://t.co/5vtBIX87L1",
"Dukung penuh Pak Menteri Bahlil Kawal Investasi, pengembangan Kawasan Rempang Eco-City menjadi kawasan ekonomi baru dan dapat menyerap tenaga kerja bahkan ribuan tenaga kerja. #HIPMIRempang @ganjarpranowo @prabowo @anies",
Mari kita dukung Pulau Rempang  yang akan dijadikan Eco-City sehingga dapat memberikan manfaat lebih banyak untuk warga setempat seperti yang diharapkan #HIPMIRempang Bahlil Kawal Investasi @bahlillahadalia @jokowi,
HIPMI apresiasi pendekatan pak bahlil yang pro aktif terhadap warga rempang @bahlillahadalia @kompascom  Bahlil Kawal Investasi  #HIPMIRempang https://t.co/noUJDOLVFV,
Kita apresiasi langkah menteri @bahlillahadalia yg turun tangan mengawal proyek eco city dan selalu mengedepankan pendekatan humanis kepada warga rempang.  @jpnncom  @kompascom  Bahlil Kawal Investasi  #HIPMIRempang  https://t.co/MjPpWjSdrP,
Pak bahlil pastikan akan memberika hak-hak warga rempang yang terdampak investasi @jawapos @bahlillahadalia  Bahlil Kawal Investasi  #HIPMIRempang  https://t.co/dyJFxFpXrN,
Sinergi dan kolaborasi antara Hipmi dan pemerintah diyakini akan membawa dampak positif bagi investasi di Rempang. Bahlil Kawal Rempang  #HIPMIRempang,
Dari awal kita yakin bahwa investasi yg ada di pulau rempang akan sangat membantu pertumbuhan ekonomi warga rempang.  @poskota  @rmol_id  Bahlil Kawal Investasi  #HIPMIRempang  https://t.co/MX1ssTTgdt,
"Ada beberapa biaya yang akan diberikan pemerintah untuk warga Rempang terdampak, seperti uang tunggu dan uang sewa rumah atau kontrakan.  Bahlil Kawal Investasi  #HIPMIRempang  @jawapos  https://t.co/6gCBqsWF0f",
DPR @DPR_RI akan terus dukung pak bahlil untuk memberikan hak warga rempang yang terdampak investasi.  @tribunnews  Bahlil Kawal Investasi #HIPMIRempang https://t.co/qSiSQl7Xa6,
"Bahlil Kawal Investasi tuh emang harus didukung banget di masa-masa kek gini, nah dgn memberikan hak² warga rempang pengembangan ini  dapat berjalan dgn lancar.  #HIPMIRempang @bahlillahadalia  @Ganjar https://t.co/qjLfTA7PRa",
Bahlil Kawal Investasi di Rempang terus mengalami peningkatan. upaya Bahlil yang terus melakukan pendekatan didukung penuh oleh #HIPMIRempang @ganjarpranowo @prabowo,
Pemerintah melalui kementerian @bkpm @bahlillahadalia terus berupaya memenuhi hak warga yg terdampak proyek rempang eco city.  @mediaindonesia  @indozonemedia  Bahlil Kawal Investasi  #HIPMIRempang https://t.co/12bLt0eoOR,
Kita apresiasi langkah persuasif dilakukan menteri @bahlillahadalia dalam mendekati warga rempang.  @CNNIndonesia  @Beritasatu  Bahlil Kawal Investasi  #HIPMIRempang https://t.co/Nv03J1Jqvt,
Pencapaian pengembangan Rempang Eco-City tidak lepas dari upaya Pak Bahlil Kawal Investasi yg proaktif melakukan pendekatan yg humanis dan persuasif mendapatkan apresiasi dari #HIPMIRempang @PartaiPerindo @Nasde,
"Dukung Investasi Rembang Eco City, HIPMI Pastikan Ekonomi Masyarakat Tumbuh. Mantap HIPMI @bahlillahadalia @poskotanetwork Bahlil Kawal Investasi  #HIPMIRempang   https://t.co/56XeO2JsJN",
Komitmen Pak Menteri Bahlil Kawal Investasi di Kawasan Rempang mendapat dukungan dari HIPMI (Himpunan Pengusaha Muda Indonesia) menilai pengembangan Rempang EcoCity dapat memberikan banyak manfaat bagi ekonomi baru indonesia. #HIPMIRempang @bahlillahadalia @luhut,
"Pemerintah terus memastikan hak-hak warga rempang terpenuhi seperti hunian sementara, uang bulanan perorangan, dan uang per KK untuk kontrakan.  @bahlillahadalia  @kompascom  Bahlil Kawal Investasi  #HIPMIRempang https://t.co/UMbRR5yKhH",
"Dengan mendukung investasi rempang, HIPMI yakin nilai kesejahteraan masyarakat akan meningkat.  @bahlillahadalia  Bahlil Kawal Investasi  #HIPMIRempang https://t.co/D2SX4uzBdG",
Luar biasa memang pendekatan pak mentri dengan warga rempang banyak di apresiasi @jokowi @TRANSTV_CORP  Bahlil Kawal Investasi  #HIPMIRempang https://t.co/6mXp5Fy2LA,
Harus dikawal terus pak bahlil @bahlillahadalia jangan sampai warga rempang tidak menerima hak-haknya @kompascom @DPR_RI  Bahlil Kawal Investasi #HIPMIRempang https://t.co/f7evqrUKsU,
"@floreskekinian2 Sip, Bareng pak Bahlil Kawal Investasi Rempang Eco City. Ekonomi berkembang, rakyat pun senang.  #HIPMIRempang",
Dukung Investasi Berkelanjutan! HIPMI Memberikan Apresiasi pada Menteri Bahlil yang Konsisten Kawal Investasi Rempang Eco Park. 💼🌳 Bahlil Kawal Investasi  #HIPMIRempang https://t.co/YWtXygAGx0,
"Pemerintah dan HIPMI mrmgapresiasi kinerja Bahlil krn telahbmembuat warga Rempang yg awalnya menolak proyek tersebut , sekarang berbalik mendukung proyek Rempang. Bahlil Kawal Investasi #HIPMIRempang https://t.co/E3zhSI2847",
"Tumbuhkan investasi, wujudkan perubahan! HIPMI mengucapkan terima kasih kepada Menteri Bahlil yang dengan tekun mengawal proyek Rempang Eco Park. @liputan6dotcom  Bahlil Kawal Investasi #HIPMIRempang https://t.co/MzeMxu8rOh",
Bahlil Kawal Investasi Rempang dengan melakukan pendekatan secara humanis yg membuat warga mau sedikit demi sedikit mengikuti pemerintah untuk pindah ke tempat baru #HIPMIRempang https://t.co/pTRQGpJ6vr,
Kami bersama untuk mendukung investasi berkelanjutan! HIPMI memberikan apresiasi kepada Menteri Bahlil yang dengan tekun mengawal proyek Rempang Eco Park. @bahlillahadalia  Bahlil Kawal Investasi #HIPMIRempang,
"Hipmi memiliki keyakinan bahwa Bahlil Kawal Investasi Rempang ini akan berjalan sesuai harapan, berdampak positif bagi perekonomian nasional dan daerah.  #HIPMIRempang https://t.co/pWK1sJGaxu",
Kami solid untuk mendorong investasi berkelanjutan! HIPMI mengucapkan terima kasih kepada Menteri Bahlil yang dengan tekun mengawal proyek Rempang Eco Park. @prabowo  Bahlil Kawal Investasi #HIPMIRempang,
Kami bersama untuk mendorong investasi berkelanjutan! HIPMI memberikan penghargaan kepada Menteri Bahlil yang memantau proyek Rempang Eco Park dengan tekun. https://t.co/kJET8TsRL6 @kumparan  Bahlil Kawal Investasi #HIPMIRempang,
"Menteri Bahlil konsisten memperjuangkan warga dilibatkan sebagai subjek pembangunan dalam investasi Rempang, sejalan dengan regulasi yang ada bahwa investor harus merangkul mitra usaha lokal (UMKM) dan menyerap tenaga kerja lokal. Bahlil Kawal Investasi #HIPMIRempang https://t.co/wN5OLSN7IO",
Kami teguh dalam mendukung investasi berkelanjutan! HIPMI mengucapkan terima kasih kepada Menteri Bahlil yang tekun mengawal proyek Rempang Eco Park. https://t.co/vN76usrbng @aniesbaswedan  Bahlil Kawal Investasi #HIPMIRempang,
"Optimalkan investasi, bangun masa depan! HIPMI memberikan apresiasi kepada Menteri Bahlil yang gigih mengawal proyek Rempang Eco Park. https://t.co/svgW2Zv59F @ganjarpranowo  Bahlil Kawal Investasi #HIPMIRempang",
"Sukses investasi, tumbuh bersama! HIPMI menghargai Menteri Bahlil yang dengan tekun mengawal realisasi proyek Rempang Eco Park. @detikcom  Bahlil Kawal Investasi #HIPMIRempang https://t.co/NM2fWPuFIV",
Semoga usaha dan kerja keras Bahlil Kawal Investasi untuk pembangunan Rempang eco city lancar #HIPMIRempang https://t.co/LXJc5Zd1jP,
"Menyokong investasi, membangun masa depan! HIPMI memberikan apresiasi kepada Menteri Bahlil yang gigih mengawal proyek Rempang Eco Park. @jokowi  Bahlil Kawal Investasi #HIPMIRempang https://t.co/cVxhWJ7Gim",
Sebagai perwakilan pemerintah Bahlil Kawal Investasi  Rempang Eco City dengan konsisten  dan selalu memastikan investasi ini bisa berjalan dengan baik. #HIPMIRempang yakin bahwa investasi Rempang ini akan berdampak positif bagi perekonomian nasional dan daerah https://t.co/J1p0KrLj7s,
Komitmen kuat untuk investasi berkelanjutan! HIPMI memberikan penghargaan kepada Menteri Bahlil yang tekun mengawal proyek Rempang Eco Park. @kompascom  Bahlil Kawal Investasi #HIPMIRempang https://t.co/JCMDGYX7iG,
@IND0_Update @MataNajwa @Metro_TV @tvOneNews Sinergi dan kolaborasi antara Hipmi dan pemerintah diyakini akan membawa dampak positif bagi investasi di Rempang.Bahlil Kawal Investasi  #HIPMIRempang,
Kami kompak untuk mendukung investasi! HIPMI mengapresiasi Menteri Bahlil yang dengan tekun mengawal proyek Rempang Eco Park. @ganjarpranowo  Bahlil Kawal Investasi #HIPMIRempang https://t.co/GDlxdWJBdP,
Hipmi memberikan perhatian besar terhadap investasi Rempang Eco City yang  dikawal oleh  Bahlil Lahadalia yang siap membantu menyukseskan investasi ini. Bahlil Kawal Investasi #HIPMIRempang https://t.co/6SbNAnYXLA,
Bahlil Kawal Investasi juga sangat konsisten dalam proyek Rempang eco city semoga lancar #HIPMIRempang https://t.co/pjIiD7i3GJ,
Harusnya warga Rempang berterimakasih dengan adanya ecocity karena akan mengurangi tingkat pengangguran. Bahlil Kawal Investasi  #HIPMIRempang,
"Menteri yang pandai berkomunikasi secara humanis ya pak Bahlil, menteri yang proaktif untuk pengembangan Rempang Eco-City ya Pak Bahlil Kawal Investasi. #HIPMIRempang @bahlillahadalia https://t.co/SDB8E91WyU",
Saya juga setuju dengan langkah-langkah pak bahlil untuk berikan hak warga rempang yang terdampak investasi Bahlil Kawal Investasi  #HIPMIRempang https://t.co/IHUs7y5tp3,
Menteri Bahlil mendapat apresiasi dari HIPMI atas keberhasilannya melakukan negosiasi secara humanis dengan warga Rempang  #HIPMIRempang https://t.co/F6elxvlZlR,
"Perlahan-lahan masyarakat rempang melihat adanya harapan yang baru dengan apa yg di lakukan Pak Bahlil ini,tentu hal lain karena kesejahteraan masyarakat yg paling utama. Bahlil Kawal Investasi #HIPMIRempang https://t.co/J6UHmI6yDw",
"Bahlil memang sangat baik dalam menghadapi banyak hal seperti kasus Rempang, kita hormat sama beliau. Bahlil Kawal Investasi #HIPMIRempang",
Investasi rempang eco-city akan pastikan ekonomi masyarakat akan tumbuh dan maju Bahlil Kawal Investasi  #HIPMIRempang  https://t.co/HyJ0klKFly,
"HIPMI pastikan dengan mendukung investasi rempang, ekonomi masyarakat akan tumbuh.  @bahlillahadalia @jokowi  Bahlil Kawal Investasi  #HIPMIRempang  https://t.co/NElUGaSidA",
#HIPMIRempang aja sudah siap bersinergi mensukseskan Investasi Rempang Eco-City. Mari bantu Pak Bahlil kawal Investasi demi ekonomi baru. @jpnncom @kompas  https://t.co/szcB9SzVUl,
Alhamdulilah menteri @bahlillahadalia berhasil meyakinkan dan merangkul warga bahwa kepastian investasi di rempang akan membawa berkah bagi warga sekitar.  @tribunnews  @republikaonline  Bahlil Kawal Investasi  #HIPMIRempang https://t.co/AKasGFesdv,
#HIPMIRempang meyakini dgn jumlah investasi 381T pengembangan Rempang EcoCity dapat memberikan kesejahteraan masyarakat pulau rempang khususnya dalam penyerapan tenaga kerja. Bahlil Kawal Investasi @bahlillahadalia  @susi https://t.co/dXl6Mu8MjL,
HIPMI yakin dengan mendukung Investasi Rempang akan mensejahterakan masyarakat sekitar dan meningkatkan ekonomi masyarakat rempang.  @bahlillahadalia  @kompascom @DPP_PKB  Bahlil Kawal Investasi  #HIPMIRempang https://t.co/0SRCb7YEue,
Saya setuju langkah pak bahlil untu berikan hak warga rempang yang terdampak investasi @bahlillahadalia @jokowi  Bahlil Kawal Investasi  #HIPMIRempang https://t.co/I38cJC1yLs,
DPR mendukung upaya Bahlil guna meningkatkan pembangunan serta perekonomian nasional dan warga Rempang  #HIPMIRempang https://t.co/kloXv0Vgdu,
Dpr akan dukung terus langkah pak bahlil dalam memenuhi hak warga rempang yang terdampak dalam pembangunan rempang eco-city Bahlil kawal investasi #HIPMIRempang  https://t.co/aqTyLWgK0T,
Kami ajukan jempol terhadap Bahlil yang sudah sukses. Merangkul Rempang. Bahlil Kawal Investasi  #HIPMIRempang https://t.co/AJ5ymxwBXY,
"Saya juga setuju dengan langkah pak Bahlil terkait masyarakat warga di Pulau Rempang yang terkena dampak langsung dari rencana investasi Eco City, terutama terkait dengan apa yang disebut uang tunggu dan uang sewa. #HIPMIRempang Bahlil Kawal Investasi @pks https://t.co/XdQytbSUG6",
"Hingga saat ini upaya Pak Menteri Bahlil Kawal Investasi di Rempang Eco-City tetap konsisten memberikan hak² warga yang terdampak seperti Rumah Hunian, uang saku danlain2 dan itu mendapat dukungan dr @DPR_RI  @jawapos @CNN https://t.co/35zhUflNpg",
Banyak pujian yang datang untuk bahlil lantaran keberhasilannya dalam merangkul Rempang. Bahlil Kawal Investasi  #HIPMIRempang,
Nilai kesejahteraan masyarakat rempang akan meningkat jika dukung investasi rempang eco-city  @bahlillahadalia @detikcom  Bahlil Kawal Investasi  #HIPMIRempang https://t.co/uvaMOzoxLS,
Yesh Pak Bahlil Kawal Investasi siap bersinergi dengan #HIPMIRempang untuk pengembangan Rempang Eco-City siap melakukan pelatihan keterampilan warga yang terdampak. @PartaiSocmed @pks https://t.co/DQ259yJhWN,
Kita apresiasi kepada #HIPMIRempang yg terus mengawal dan mendukung langkah menteri @bahlillahadalia mensukseskan rempang eco city.  @detikcom  @kompascom  Bahlil Kawal Investasi https://t.co/LckLOOler8,
"Dengan investasi rempang, kesejahteraan masyarakat rempang akan meningkat.  Bahlil Kawal Investasi  #HIPMIRempang  https://t.co/HqsKkNxQsJ",
Bahlil sampai saat terus mengkawal investasi Rempang agar terus maju. Bahlil Kawal Investasi  #HIPMIRempang  https://t.co/vrbLQ1ff13,
Pak Bahlil Kawal Investasi untuk sampai kepada masyarakat rempang. #HIPMIRempang @tvOneNews https://t.co/p30s00hLDk,
Bahlil Kawal Investasi membawa positif bagi investasi Rempang #HIPMIRempang https://t.co/j3BKs2SVMF,
Kami sebagai masyarakat juga sangat mengapresiasi pendekatan pak mentri dengan warga rempang @jokowi @TVRINasional  Bahlil Kawal Investasi  #HIPMIRempang https://t.co/2UuRO2NPNJ,
Dpr dukung upaya bahlil untuk berikan hak warga yang terdampak dalam proyek rempang eco-city Bahlil Kawal Investasi  #HIPMIRempang  https://t.co/KJXHngt31T,
Pak Bahlil @bahlillahadalia akan terus kawal pembangunan rempang eco-city.  @detikcom   Bahlil Kawal Investasi #HIPMIRempang https://t.co/flmbnH2AzC,
"Dalam upaya mendukung investasi Rempang, Hipmi siap berkolaborasi dengan pemerintah untuk meningkatkan keterampilan warga Rempang lewat pelatihan. Hal ini ditegaskan oleh Ketua Bidang Maritim, Kelautan, dan Perikanan BPP Hipmi Fathul Nugroho. Bahlil Kawal Investasi #HIPMIRempang",
@floreskekinian2 Pendekatan harmonis Menteri Bahlil terhadap masyarakat Rempang adalah contoh nyata dari komitmen totalitasnya terhadap investasi. Kita dukung Bahlil Kawal Investasi yg berkelanjutan. #HIPMIRempang,
Kami bersatu untuk mendukung investasi berkelanjutan! HIPMI mengapresiasi Menteri Bahlil yang dengan tekun mengawal proyek Rempang Eco Park. @PKSejahtera  Bahlil Kawal Investasi #HIPMIRempang,
@floreskekinian2 Bahlil Kawal Investasi di Rempang. Pak Bahlil juga melakukan pendekatan yang harmonis dan pasti akan tetap memastikan masyarakat Rempang mendapatkan haknya #HIPMIRempang,
"Tumbuhkan investasi, wujudkan kemajuan! HIPMI mengucapkan terima kasih kepada Menteri Bahlil yang gigih mengawal proyek Rempang Eco Park.  @PDI_Perjuangan  Bahlil Kawal Investasi #HIPMIRempang",
HIPMI dan Bahlil siap berkolaborasi untuk meningkatkan keterampilan warga Rempang lewat pelatihan-pelatihan keterampilan yang dapat meningkatkan skill mereka.   Bahlil Kawal Investasi #HIPMIRempang https://t.co/f7CuQiDETO,
"Tumbuhkan investasi, bangun masa depan! HIPMI memberikan apresiasi kepada Menteri Bahlil yang dengan tekun mengawasi proyek Rempang Eco Park. https://t.co/4LTezwKmTI @kumparan  Bahlil Kawal Investasi #HIPMIRempang",
"Menjalankan komitmennya perihal investasi Rempang Pak Bahlil Kawal Investasi agar bisa berjalan dengan baik dan juga sesuai yang diharapkan, semuanya dilakukan beliau melalui pendekatan serta merangkul warga di wilayah sekitar yang terdampak #HIPMIRempang https://t.co/a9O4kNr5u9",
@IND0_Update @MataNajwa @Metro_TV @tvOneNews dengan turunnya Bahlil Kawal Investasi untuk masyarakat rempang yang terdampak semoga akan segera terselesaikan #HIPMIRempang,
Komitmen untuk investasi berkelanjutan! HIPMI memberikan penghargaan kepada Menteri Bahlil yang gigih mengawal proyek Rempang Eco Park. https://t.co/wj8pxLOWXN @jokowi  Bahlil Kawal Investasi #HIPMIRempang,
"Tumbuhkan investasi, wujudkan perubahan! HIPMI memberikan apresiasi kepada Menteri Bahlil yang gigih mengawal proyek Rempang Eco Park. https://t.co/V317HAs8kh  Bahlil Kawal Investasi #HIPMIRempang",
Kita bersama-sama mendorong investasi yang berkelanjutan! HIPMI memberikan penghargaan kepada Menteri Bahlil yang dengan penuh tekun mengawasi proyek Rempang Eco Park.https://t.co/eeNytsXlJb @aniesbaswedan  Bahlil Kawal Investasi #HIPMIRempang,
Kami bersama memajukan investasi berkelanjutan! HIPMI memberikan apresiasi kepada Menteri Bahlil yang dengan tekun mengawal proyek Rempang Eco Park. @liputan6dotcom  Bahlil Kawal Investasi #HIPMIRempang https://t.co/F9TjwBuCrA,
"Selain pemerintah, HIPMI jg mengapresiasi Bahlil saat menyelesaikan kasus Rempang  Bahlil Kawal Investasi #HIPMIRempang https://t.co/cKJu6URsjZ",
@CSzipel_ Bahlil Kawal Investasi dan akan memastikan masyarakat Rempang mendapatkan hak dan kesejahteraan akan meningkat  #HIPMIRempang,
Kami kokoh dalam mendukung investasi! HIPMI menghargai Menteri Bahlil yang dengan tekun mengawal proyek Rempang Eco Park.  @kompascom  Bahlil Kawal Investasi #HIPMIRempang https://t.co/WPqUwhW4pH,
Kami solid dalam mendukung investasi berkelanjutan! HIPMI memberikan apresiasi kepada Menteri Bahlil yang dengan tekun mengawal proyek Rempang Eco Park. @detikcom  Bahlil Kawal Investasi #HIPMIRempang https://t.co/L7hZlwOsrR,
Di sisi lain warga juga sangat bersyukur atas pembangunan Rempang eco city karna adanya lapangan pekerjaan untuk masyarakat dan bisa meningkatkan skill Bahlil Kawal Investasi #HIPMIRempang https://t.co/fZgN0bm4ae,
Bahlil Kawal Investasi #HIPMIRempang yakin kalau investasi Rempang akan berjalan baik https://t.co/7wb7qxXiUU,
@IND0_Update @MataNajwa @Metro_TV @tvOneNews Dukung terus Bahlil Kawal Investasi Rempang Eco-City selama tidak merugikan masyarakat Rempang.  #HIPMIRempang,
Kami teguh dalam mendukung investasi berkelanjutan! HIPMI mengucapkan terima kasih kepada Menteri Bahlil yang tekun mengawal proyek Rempang Eco Park. @prabowo  Bahlil Kawal Investasi #HIPMIRempang https://t.co/1BQzENVrde,
Bahlil Kawal Investasi dan DPR juga mendukung langkah beliau memberikan hak warga rempang  #HIPMIRempang https://t.co/bo4cdfVcRZ,
Sangat patut di apresiasi Bahlil Kawal Investasi pembangunan Rempang eco city juga sangat di percayai kepada pa bahlil  #HIPMIRempang https://t.co/QZtrDO6blw,
Bahlil Kawal Investasi #HIPMIRempang memiliki keyakinan bahwa investasi Rempang ini akan berjalan sesuai harapan https://t.co/WDJP7NVm00,
Menteri Bahlil mendapat apresiasi karena secara langsung turun ke pulau Rempang untuk melakukan pendekatan dgn warga  https://t.co/4nzYEoBrVb  Bahlil Kawal Investasi #HIPMIRempang https://t.co/z4A0LOQgER,
Sinergi untuk investasi berkelanjutan! HIPMI memberikan apresiasi kepada Menteri Bahlil atas pengawasan proyek Rempang Eco Park. @golkar_id  Bahlil Kawal Investasi #HIPMIRempang,
Kami bersama-sama memajukan investasi berkelanjutan! HIPMI memberikan apresiasi kepada Menteri Bahlil yang memantau proyek Rempang Eco Park dengan penuh komitmen. @PKSejahtera  Bahlil Kawal Investasi #HIPMIRempang,
Langkah pak Bahlil Kawal Investasi selanjutnya adalah memastikan bahwa hak masyarakat Rempang selalu terpenuhi   #HIPMIRempang https://t.co/c3940r3Eqq,
@IND0_Update @MataNajwa @Metro_TV @tvOneNews Hipmi memberikan perhatian besar dan Bahlil Kawal Investasi Rempang Eco City dan meningkatkan ekonomi #HIPMIRempang,
"Tumbuhkan investasi, wujudkan perubahan! HIPMI memberikan apresiasi kepada Menteri Bahlil yang gigih mengawasi proyek Rempang Eco Park. https://t.co/pZh2OGogkm  Bahlil Kawal Investasi #HIPMIRempang",
"Bahlil Kawal Investasi, yakin kalau rempang eco city bakal terus maju  #HIPMIRempang https://t.co/kFFmVWNyuN",
@IND0_Update @MataNajwa @Metro_TV @tvOneNews Semangat pak Bahlil Kawal Investasi yang ada di Rempang. Tolong pastikan bahwa masyarakat Rempang benar-benar mendapatkan hak nya #HIPMIRempang,
"Semangat investasi, harapan masa depan! HIPMI memberikan penghargaan kepada Menteri Bahlil yang dengan tekun mengawasi proyek Rempang Eco Park. https://t.co/2y4u6InRpH  @ganjarpranowo  Bahlil Kawal Investasi #HIPMIRempang",
Langkah menteri bahlil trus mendapat dukungan dari HIPMI untuk terus membangun Rempang Eco City yang dapat mensejahterakan masyarakat sekitar Bahlil Kawal Investasi #HIPMIRempang https://t.co/0xDvrZByfP,
@IND0_Update @MataNajwa @Metro_TV @tvOneNews Wah selalu salut baget sama Pak menteri Bahlil Kawal Investasi yang totalitas dalam kinerjanya salah satunya dalam melakukan pendekatan humanis dengan warna rempang #HIPMIRempang,
Kami bangga mendukung investasi berkelanjutan! HIPMI mengucapkan terima kasih kepada Menteri Bahlil yang dengan tekun mengawal proyek Rempang Eco Park.  @kumparan  Bahlil Kawal Investasi #HIPMIRempang https://t.co/2wokmNJ0WM,
Kami kompak untuk mendukung investasi berkelanjutan! Terima kasih Menteri Bahlil atas peran krusial dalam memantau proyek Rempang Eco Park. https://t.co/BQayMG89tL @aniesbaswedan  Bahlil Kawal Investasi #HIPMIRempang,
dengan usaha pak Bahlil Kawal Investasi di tanah Rempang semoga masyarakat bisa menerima dan masyarakat juga sejahtera #HIPMIRempang https://t.co/WWCZUVqY6X,
Kami kokoh dalam mendukung investasi! HIPMI mengapresiasi Menteri Bahlil yang dengan tekun mengawasi proyek Rempang Eco Park. @MataNajwa  Bahlil Kawal Investasi #HIPMIRempang https://t.co/dor1qRFwz6,
Langkah menteri Pak @bahlillahadalia dalam memberikan hak² warga rempang dinilai proaktif terhadap masyarakat. Tak Heran #HIPMIRempang mengapresiasi. @officialinews_ @detik  https://t.co/0XtVWJ5QxV,
#HIPMIRempang pastikan ekonomi tumbuh jika dukung investasi rempang eco-city Bahlil Kawal Investasi  https://t.co/PdQiA2nEzt,
Pemerintah tentunya harus melindungi hak warga rempang yang terdampak proyek investasi ini @jokowi @TRANSTV_CORP  Bahlil Kawal Investasi  #HIPMIRempang https://t.co/2oUffJWvnK,
"HIPMI memiliki keyakinan bahwa investasi Rempang ini akan berjalan sesuai harapan, berdampak positif bagi perekonomian nasional dan daerah, serta bisa membawa kesejahteraan bagi masyarakat sekitar. @bahlillahadalia @detikcom  Bahlil Kawal Investasi  #HIPMIRempang",
"Menteri Bahlil medukung hak warga Rempang, disambut dan didukung penuh oleh DPR  #HIPMIRempang https://t.co/ugCOHJ35xB",
"Karena dengan pemikiran yang luas untuk kesejahteraan masyarakat rempang Pak Bahlil Kawal Investasi dan terjun langsung untuk mengantisipasinya,karena dengan tindakan ini juga akan baik untuk sebuah kebutuhan masyarakat rempang. #HIPMIRempang @officialinews_  @liputan6dotcom https://t.co/njC43P9ZUb",
"Dalam proses pendekatan dengan warga rempang, kita patut acungkan jempol lantaran menteri @bahlillahadalia konsisten dengan pendekatan humanisnya.  @republikaonline  @rmol_id  Bahlil Kawal Investasi  #HIPMIRempang https://t.co/fimXbYH8jG",
Masyarakat rempang sudah seharusnya dilindungi haknya oleh pemerintah @jokowi @Metro_TV  Bahlil Kawal Investasi  #HIPMIRempang https://t.co/mgCWnyqy7g,
"Dalam konteks Pulau Rempang, adanya #HIPMIRempang Eco City dengan sendirinya memudahkan warga di sana untuk tak perlu hijrah ke tempat lain  Bahlil Kawal Investasi  @mediaindonesia   https://t.co/S8tcGmvcA1",
Keseriusan pemerintah kepada warga rempang terlihat dari langkah-langkah konkrit yg dilakukan menteri @bahlillahadalia dalam melakukan pendekatan kepada warga.  @GATRA_com  @okezonenews  Bahlil Kawal Investasi  #HIPMIRempang  https://t.co/967wBeZQfo,
Pemerintah melalui BP Batam menyiapkan UKM center guna memperkuat keterampilan warga rempang.  @bahlillahadalia  @detikcom  Bahlil Kawal Investasi  #HIPMIRempang https://t.co/EgD20KbDbD,
"Kami mendukung penuh atas kinerja pak mentri, sehingga investasi rempang berjalan dengan lancar @jokowi @KompasTV  Bahlil Kawal Investasi  #HIPMIRempang https://t.co/4NVyTHMF66",
DPR Dukung Upaya Bahlil Berikan Hak Warga Terdampak Proyek Rempang Eco City @bahlillahadalia @jokowi  Bahlil Kawal Investasi  #HIPMIRempang  https://t.co/0FYfP9aIXc,
"Iya patut kita berikan Apresiasi kepada Pak Bahlil selaku aktor penting dalam berjalannya #HIPMIRempang ini,perlahan-lahan masyarakat rempang akan sangat tertarik dengan adanya suatu yang baru dan kebutuhan yg baru. Bahlil Kawal Investasi @MetroTVToday  https://t.co/7QPlFUu2ae",
Kita apresiasi upaya yg terus dilakukan menteri @bahlillahadalia dalam memberikan hak warga rempang yg terdampak proyek strategis nasional.  @jawapos  @liputan6dotcom  Bahlil Kawal Investasi  #HIPMIRempang  https://t.co/ki2bYQAUrk,
Pak bahlil @bahlillahadalia akan terus mengawal pembangunan Rempang Eco-city sekaligus memenuhi hak - hak warga setempat dalam kebijakannya.  @detikcom @PDI_Perjuangan @FiersaBesari @DPR_RI   Bahlil Kawal Investasi #HIPMIRempang https://t.co/Dh77WLV07R,
Melindungi hak masyarakat rempang merupakan hal yang penting berdasarkan pancasila @jokowi @KompasTV  Bahlil Kawal Investasi  #HIPMIRempang https://t.co/tUinOlb613,
"Dari dampak ini kita bisa melihat betapa antusiasnya yang lain juga mendukung progres ini,peran Pak Bahlil Kawal Investasi dalam rempang cuukup vital sekali. #HIPMIRempang @TVRINasional  @CNNIndonesia https://t.co/c2LrF5GPiX",
#HIPMIRempang siap bersinergi untuk melatihan keterampilan Warga Rempang yang terdampak memperkuat komitmen Bahlil Kawal Investasi. @Gerindra @demok https://t.co/xQpACI4APL,
#HIPMIRempang mengapresiasi Menteri Bahlil yang telah beberapa kali turun secara langsung ke Pulau Rempang untuk melakukan pendekatan secara humanis ke warga untuk secara sukarela bergeser ke lokasi baru. Bahlil Kawal Investasi @Batamne https://t.co/27eamu5Et1,
"Yes, saya juga mendukung #HIPMIRempang, dengan nilai investasi   yg ditaksir 381 T Rempang EcoCity melalui Bahlil Kawal Investasi diyakini dapat memberikan  ekslasi bagipleningkatan kualitas hidup&amp  kesejahteraan warga rempang. @poskotanetwork @kumparan https://t.co/YkzRINHY8R",
Wah kece banget nih program dari #HIPMIRempang Tujuannya jelas dan sejalan dengan komitmen Bahlil Kawal Investasi di pulau Rempang. @PKSejahtera  @PAN https://t.co/DabE3yKVgE,
Hak masyarakat rempang tentunya harus di penuhi agar tidak menciderai perasaan masyarakat @jokowi @KompasTV  Bahlil Kawal Investasi  #HIPMIRempang https://t.co/aa3Pr7CAZS,
Pendekatan pak bahlil yang dekati warga rempang secara harmonis patut diapresiasi @bahlillahadalia @kompascom Bahlil Kawal Investasi  #HIPMIRempang https://t.co/nMM9W6BP6s,
"Dengan seiringnya waktu langkah ini terus berprogres secara aktif karena Pak Bahlil cukup memprioritaskan rempang city,patut kota berikan apresiasi untuknya. Bahlil Kawal Investasi #HIPMIRempang @KompasTV  @tvOneNews https://t.co/moZymAJ4QF",
Pak @bahlillahadalia akan kawal terus pembangunan rempang eco-city.  @jokowi @detikcom   Bahlil Kawal Investasi #HIPMIRempang https://t.co/lDojMHmOXi,
"Bahlil Kawal Investasi kepada masyarakat Pulau Rempang bisa diterima, sekaligus menjadi jawaban atas informasi hoax di tengah-tengah masyarakat.  #HIPMIRempang  https://t.co/0iwt5pGGlA",
Pemerintah dalam hal ini harus melindungi hak warga rempang yang terdampak proyek EcoCity @jokowi @KompasTV  Bahlil Kawal Investasi  #HIPMIRempang https://t.co/RRw1IfoRy9,
"prestasi Pak Bahlil Kawal Investasi tuh keren bgt, tidak hanya pandai melihat peluang beliau juga pandai melakukan pendekatan yang humanis dan persuasif kpd warga Rempang. #HIPMIRempang @FiersaBesari https://t.co/TYlpElVJ6L",
Kita yakin bahwa investasi yg ada di pulau rempang akan meningkatkan pertumbuhan ekonomi warga rempang.  @poskotanetwork  @Beritasatu  Bahlil Kawal Investasi  #HIPMIRempang  https://t.co/Dx29YVIlII,
Bergerak maju bersama investasi! HIPMI mengucapkan terima kasih kepada Menteri Bahlil yang dengan penuh dedikasi mengawal proyek Rempang Eco Park. @PDI_Perjuangan  Bahlil Kawal Investasi #HIPMIRempang https://t.co/x5ZeWQjxXH,
Bahlil Kawal Investasi Rempang Eco City bersama Himpunan Pengusaha Muda Indonesia (Hipmi) yang memberikan perhatian besar sejak awal hingga saat ini  #HIPMIRempang https://t.co/hwOo6WVZ3E,
@IND0_Update @MataNajwa @Metro_TV @tvOneNews Maju terus pak kami selalu dukung pak Bahlil Kawal Investasi rempang ini. #HIPMIRempang,
Bahlil Kawal Investasi  #HIPMIRempang memberikan perhatian besar terhadap investasi Rempang Eco City https://t.co/1pn6l4IuVA,
Pak Bahlil selalu mendukung investasi yang ada di Rembang dan selalu memastikan kesejahteraan masyarakat Rempang akan meningkat   Bahlil Kawal Investasi #HIPMIRempang  https://t.co/2K4sX6MAdO,
"Kinerja Bahlil utk proyek Rempang benar2 didukung oleh pemerintah. Berkat kepiawaiannya dalam menyelesaikan masalah Rempang, sehingga warga setuju utk diteruskannya proyek ini. Bahlil Kawal Investasi #HIPMIRempang https://t.co/zJi3QdE0MS",
Pembangunan Rempang eco city ini juga sangat bermanfaat untuk warga sekitar karna adanya lapangan pekerja untuk warga Bahlil Kawal Investasi #HIPMIRempang https://t.co/TT6lTHd4eo,
"@floreskekinian2 Bukan sekedar janji belaka, Bahlil Kawal Investasi sampai warga Rempang mendapatkan hak nya #HIPMIRempang",
Menyokong investasi berkelanjutan adalah komitmen kami! HIPMI mengapresiasi Menteri Bahlil yang terus mengawal proyek Rempang Eco Park.  @kompascom  Bahlil Kawal Investasi #HIPMIRempang https://t.co/trGNenkA7N,
"@CSzipel_ Wajib banget warga Rempang memenuhi hak-hak mereka sebagai warga negara, supaya Pak Bahlil Kawal Investasi Rempang Eco City berjalan dengan baik  #HIPMIRempang",
"Tumbuhkan investasi, bangun masa depan! HIPMI memberikan apresiasi kepada Menteri Bahlil yang tekun mengawal realisasi proyek Rempang Eco Park.  @PKSejahtera  Bahlil Kawal Investasi #HIPMIRempang",
@IND0_Update @MataNajwa @Metro_TV @tvOneNews Saya senantiasa mendukung pak Bahlil Kawal Investasi Rempang Eco City yang sempat tertunda  #HIPMIRempang,
Sebagai rakyat biasa gua juga mau dukung Pak Bahlil Kawal Investasi di Rempang supaya masyarakat juga bisa merasakan dampak positif dari adanya project tersebut  #HIPMIRempang https://t.co/VJpa0mPayq,
Kami berdiri teguh untuk mendukung investasi! HIPMI memberikan apresiasi kepada Menteri Bahlil yang memantau dengan sungguh-sungguh proyek Rempang Eco Park. @MataNajwa  Bahlil Kawal Investasi #HIPMIRempang,
Kami komitmen untuk mendukung investasi berkelanjutan! HIPMI menghargai Menteri Bahlil yang telah mengawal proyek Rempang Eco Park dengan penuh dedikasi. https://t.co/PBiynTbDiY  Bahlil Kawal Investasi #HIPMIRempang,
BP Batam siapkan UKM Center untuk menyiapkan warga sekitar Rempang  Bahlil Kawal Investasi #HIPMIRempang https://t.co/8KZaA976T8,
Pembangunan Rempang eco city ini juga sangat membawa dampak baik untuk warga krna pemerintah merencanakan untuk meningkatkan keterampilan warga Bahlil Kawal Investasi #HIPMIRempang https://t.co/4yX0lWmsiY,
"Tumbuhkan investasi, bangun masa depan! HIPMI memberikan apresiasi kepada Menteri Bahlil yang tekun mengawal proyek Rempang Eco Park. https://t.co/o8i1stR8YP @Gerindra  Bahlil Kawal Investasi #HIPMIRempang",
Warga Rempang memang berhak untuk mendapatkan hak mereka. Maka dengan itu pak Bahlil memberikan hal mereka dengan semestinya   Bahlil Kawal Investasi #HIPMIRempang https://t.co/rhjJwPiQlP,
Kami bersama mendukung investasi berkelanjutan! HIPMI mengapresiasi Menteri Bahlil atas pengawasannya terhadap proyek Rempang Eco Park. https://t.co/mVTUVOYWBl  Bahlil Kawal Investasi #HIPMIRempang,
Selagi Pak Bahlil Kawal Investasi beliau juga turut perkuat keterampilan warga Rempang melalui pelatihan... Langkah ini perlu diapresiasi sih #HIPMIRempang https://t.co/W7kJoQP2E2,
"@CSzipel_ Semangat luar biasa, Bahlil Kawal Investasi demi mensejahterakan warga Rempang #HIPMIRempang",
"Semangat investasi, harapan masa depan! HIPMI mengucapkan terima kasih kepada Menteri Bahlil yang memastikan kelancaran proyek Rempang Eco Park.  https://t.co/bx8NjzTZlX  Bahlil Kawal Investasi #HIPMIRempang",
Sinergi untuk investasi berkelanjutan! HIPMI memberikan apresiasi kepada Menteri Bahlil atas pengawasannya terhadap proyek Rempang Eco Park. @kumparan  Bahlil Kawal Investasi #HIPMIRempang https://t.co/lypffyQmwR,
Bahlil berhasil meyakinkan dan merangkul warga rempang bahwa investasi ini bakal membawa dampak baik bagi mereka. Bahkan mendapatkan acungan jempol dari Himpunan Pemuda Indonesia (HIPMI).  Bahlil Kawal Investasi #HIPMIRempang https://t.co/zVAznRnLh1,
Bahlil Kawal Investasi yg terjadi di Pulau Rempang dan memastikan bahwa pemerintah benar-benar memberikan jaminan hak kepada rakyat Rempang yg terkena dampak pembangunan proyek Rempang Eco Park #HIPMIRempang https://t.co/6PijV4Url4,
@IND0_Update @MataNajwa @Metro_TV @tvOneNews Inisiatif menteri Bahlil Kawal Investasi proyek Rempang Eco Park patut diacungi jempol. Kita bersama-sama mendukung investasi yang berkelanjutan. #HIPMIRempang,
"Optimalkan investasi, wujudkan kemajuan! HIPMI memberikan apresiasi kepada Menteri Bahlil yang gigih mengawal proyek Rempang Eco Park. @prabowo  Bahlil Kawal Investasi #HIPMIRempang https://t.co/tjwgu47ohy",
Kami berdiri kokoh untuk mendorong investasi! HIPMI memberikan penghargaan kepada Menteri Bahlil yang teliti mengawasi proyek Rempang Eco Park. @ganjarpranowo  Bahlil Kawal Investasi #HIPMIRempang https://t.co/bGVq3YKUfD,
Mantap banget lihat pak Bahlil Kawal Investasi. Selalu mengutamakan hak warga Rempang. Good job sukses selalu  #HIPMIRempang https://t.co/y6S1TeLgw8,
"Tumbuhkan investasi, bangun masa depan! HIPMI memberikan apresiasi kepada Menteri Bahlil yang tekun mengawal proyek Rempang Eco Park.  @MataNajwa  Bahlil Kawal Investasi #HIPMIRempang https://t.co/LOeesal5Lb",
Pak Bahlil Kawal Investasi sangat patut di acungi jempol kinerja oa bahlil karna dapat merangkul warga untuk pembangunan Rempang eco city #HIPMIRempang https://t.co/MsDA2MnuA4,
"Himpunan Pengusaha Muda Indonesia (HIMPI) beserta Bahlil Kawal Investasi guna mendukung penuh pembangunan proyek Rempang Eco City karena dirasa memiliki banyak manfaatnya, diantaranya bagi masyarakat Rempang #HIPMIRempang https://t.co/aPhcYTPbp6",
Hendrick Lewerissa anggota komisi VI DPR sangat menyetujui langkah yang dilakukan oleh menteri Bahlil Kawal Investasi terkait warga yang terkena dampak Rempang eco city #HIPMIRempang https://t.co/Kvs0jVV5mv,
Sinergi untuk investasi berkelanjutan! HIPMI memberikan apresiasi kepada Menteri Bahlil atas pengawasannya terhadap proyek Rempang Eco Park. @aniesbaswedan  Bahlil Kawal Investasi #HIPMIRempang,
@IND0_Update @MataNajwa @Metro_TV @tvOneNews Bersama Menteri Bahlil kawal investasi rempang dengan berkolaborasi dengan pemerintah semoga berjalan lancar #HIPMIRempang https://t.co/pqr2L9jwqW,
Kami komitmen untuk mendukung investasi berkelanjutan! HIPMI menghargai Menteri Bahlil yang telah mengawal proyek Rempang Eco Park dengan penuh dedikasi. @liputan6dotcom  Bahlil Kawal Investasi #HIPMIRempang,
semoga dengan Bahlil Kawal Investasi warga rempang dengan humanis dapat membuat warga sekitar agar lebih aman dan dapat segera kondusif  #HIPMIRempang https://t.co/qo6h1KHFUx,
HIPMI beri apresiasi pro aktif Bahlil Kawal Investasi dan yakin bahwa investasi rempang ini akan berjalan dengan lancar #HIPMIRempang https://t.co/pP4DhiGILn,
selalu peduli warga rempang mantap Bahlil Kawal Investasi #HIPMIRempang https://t.co/ftkTozNFsf,
Bahlil Kawal Investasi Rempang Eco Park sekaligus memberikan hak warga yang terdampak #HIPMIRempang https://t.co/LtgqgsRJKz https://t.co/CPVhk6rk6a,
Mantap sikap Pak Bahlil Kawal Investasi Rempang yg akan berdampak positif bagi perekonomian nasional dan daerah #HIPMIRempang https://t.co/VqgdTbNujv,
Wah akhirnya #HIPMIRempang siap bersinergi melakukan pelatihan kewirausahaan untuk warga rempang. Bahlil Kawal Investasi @Batamnewscom @luhut https://t.co/snNxkSG7SW,
Bahlil Kawal Investasi agar berjalan kancar. Btw proyek ini juga bermanfaat untuk tingkatkan kesejahteraan warga di Rempang  #HIPMIRempang  https://t.co/dyfrnvUGep,
Menteri Bahlil Kawal Investasi untuk mewujudkan Rempang Eco City dan pemenuhan hak-hak masyarakatnya.   #HIPMIRempang  https://t.co/0l1Ofhp22L,
Bahlil Kawal Investasi dan akan berikan hak warga rempang yang terdampak proyek rempang eco city #HIPMIRempang https://t.co/moecltc464,
"Dalam upaya mendukung investasi ini, Hipmi siap berkolaborasi nih dengan pemerintah untuk meningkatkan keterampilan warga Rempang lewat pelatihan. prabowo @Gerindra @kompascom @corbuzier  Bahlil Kawal Investasi #HIPMIRempang https://t.co/dyQLKjTcCL",
Kita terus dukung langkah-langkah pak bahlil untuk kesejahteraan masyarakat pulang rempang dengan adanya investasi Rempang Eco City.  Bahlil Kawal Investasi #HIPMIRempang https://t.co/ZWsgLprcTT,
Saya setuju dengan langkah-langkah yang telah dilakukan dan yang akan dilakukan oleh pemerintah terkait warga masyarakat di Pulau Rempang. Bahlil Kawal Investasi  #HIPMIRempang,
kesejahteraan masyarakat dinilai HIPMI akan meningkat dengan adanya proyek rempang eco city  Bahlil Kawal Investasi  #HIPMIRempang  https://t.co/hZIk8dK3Qq,
"dengan adanya Investasi rempang eco city yang selalu Bahlil Kawal ini, menjadikan warga lokal mendapatkan kesempatan kerja #HIPMIRempang https://t.co/o8qdvQFVpd",
dengan kolaborasi antara hipmi dengan pemerintah maka berdampak pada peningkatan keterampilan warga rempang melalui pelatihan Bahlil Kawal Investasi #HIPMIRempang https://t.co/2Bx2mIKTK2,
"DPR dukung upaya menteri investasi negara, pak Bahlil Kawal Investasi memberikan hak warga yang terdampak proyek rempang eco city #HIPMIRempang  https://t.co/yiZOqIfC6c",
Pendekatan Menteri Investasi memang luar biasa bagus di dalam upaya menyelesaikan masalah Rempang secara humanis dan memastikan investasi di sana berjalan dengan baik.  Bahlil Kawal Investasi  #HIPMIRempang @kompascom   https://t.co/FRyaDc349S,
Menteri @bahlillahadalia terus membuat terobosan guna membantu warga yg terdampak proyek rempang eco city dengan perkuat keterampilan warga.  @liputan6dotcom  @tribunnews  Bahlil Kawal Investasi  #HIPMIRempang https://t.co/QfmJwU4kLn,
https://t.co/14WCODx8Np  Semoga Ekonomi Masyarakat tumbuh dengan adanya Rempang Eco city Bahlil Kawal Investasu #HIPMIRempang,
Mantap usaha Pak Bahlil Kawal Investasi Proyek Rempang Eco Park #HIPMIRempang https://t.co/rhTmzzwldq,
"Setuju, Dukung Bahlil Kawal Investasi dengan mengutamakan masyarakat memberikan hak² warga rempang yang terdampak. @bahlillahadalia    @hnurwahid  #HIPMIRempang https://t.co/FvreP7ORsT",
DPR juga mendukung terhadap langkah Bahlil atas warga Rempang. Bahlil Kawal Investasi  #HIPMIRempang https://t.co/E3Mx2P3w6N,
"Bahlil Kawal Investasi di Rempang.  Kawal terus pak, semangat ya pak #HIPMIRempang   https://t.co/8n1bGH355C",
Bahlil Kawal Investasi di Rempang. Pak Bahlil pasti mampu mengawal investasi ini dengan baik #HIPMIRempang  https://t.co/FxFlLrSCQ6,
"udah ga diragukan kalo pak Bahlil Kawal Investasi di rempang, pastinya diharapkan dapat meningkatkan kesejahteraan masyarakat #HIPMIRempang  https://t.co/LxIn59NYXe",
"HIPMI siap berkolaborasi dengan Pemerintah dan juga investor di Pulau Rempang. Salah satu bentuknya, dengan memberikan pelatihan kewirausahaan bagi warga terdampak. #HIPMIRempang Bahlil Kawal Investasi @prabowo @dedi https://t.co/Mw9wf31NSn",
"Warga rempang jangan khawatir atas kompensasi yg terdampak proyek strategis nasional, karena menteri @bahlillahadalia akan memenuhi hak warga yg terkena proyek eco city.  @jpnncom  @rmol_id  Bahlil Kawal Investasi  #HIPMIRempang  https://t.co/3r0Lcwg9Lg",
Bahlil Kawal Investasi tanpa lupakan hak² warga yang terdampak proyek Rempang Eco City  #HIPMIRempang  https://t.co/FUtRViDF8W,
Bahlil Lahadalia memastikan pemerintah akan memberikan jaminan hak bagi warga Pulau Rempang yang terkena dampak pembangunan proyek Rempang Eco City. Jadi kita kawal terus pak bahlil Bahlil Kawal Investasi #HIPMIRempang https://t.co/ekIBnxGZDB,
mantap. hak² warga yang terdampak proyek Rempang Eco City juga diberikan  Bahlil Kawal Investasi  #HIPMIRempang  https://t.co/0G2T0N6bnI,
HIPMI sangat mendukubg langkah Bahlil Kawal Investasi Rempang #HIPMIRempang  https://t.co/KVhw6xplMN,
Hipmi berikan dukungan kepada investasi rempang Eco City dan memastikan ekonomi masyarakat tumbuh Bahlil Kawal Investasi  #HIPMIRempang  https://t.co/BEJmTKt063,
Turut bangga dengan usaha Pak Bahlil Kawal Investasi Proyek Rempang Eco City #HIPMIRempang https://t.co/hlBD1KA2yZ,
kesejahteraan masyarakat akan meningkat dengan adanya investasi Rempang Eco City  Bahlil Kawal Investasi  #HIPMIRempang  https://t.co/9jiA45w7ze,
Dengan dibangunnya proyek rempang EcoCity ini akan meningkatkan nilai kesejahteraan masyarakat @jokowi @Metro_TV  Bahlil Kawal Investasi  #HIPMIRempang https://t.co/CYeCwKt0F5,
HIPMI sangat mendukung Bahlil Kawal Investasi di rempang  #HIPMIRempang  https://t.co/00YkVPfROu,
HIPMI sangat mendukung Bahlil Kawal Investasi di Rempang untuk tingkatkan kesejahteraan masyarakat  #HIPMIRempang  https://t.co/vC3eeQPs1R,
Bahlil Kawal Investasi rempang eco city #HIPMIRempang pastikan kesejahteraan masyarakat meningkat  https://t.co/DCl1tNEIcq,
Mantap nih selalu dukung Pak Bahlil Kawal Investasi Proyek Rempang Eco City #HIPMIRempang https://t.co/uvLQXWPjqg,
HIPMI siap berkolaborasi dengan pemerintah dan juga investor di Pulau Rempang dengan memberikan pelatihan kewirausahaan bagi warga terdampak  #HIPMIRempang  https://t.co/zpT36qROzu,
Sudah saatnya warga Pulau Rempang bersinergi dengan pemerintah dalam mendukung pertumbuhan ekonomi #HIPMIRempang https://t.co/5JXraaPy2a,
Upaya pendekatan warga Rempang oleh menteri Bahlil berbuah manis  #HIPMIRempang https://t.co/uxtArajnot,
Bahlil Kawal Investasi ! DPR dukung upaya bahlil berikan hak warga yang terdampak proyek rempang eco city #HIPMIRempang   https://t.co/JeWXcRp32v,
"dengan bantuan yang hipmi berikan yaitu peningkatan keterampilan, maka warga lokal rempang akan memperoleh kesempatan lebih dalam penyerapan kerja dengan Investasi yang Bahlil Kawal ini #HIPMIRempang https://t.co/8OUFP7LNMo",
"semoga dengan adanya investasi Rempang, bisa tingkatkan pertumbuhan ekonomi masyarakat  Bahlil Kawal Investasi  #HIPMIRempang  https://t.co/F1hk7tyt5M",
"Pusat (BPP) Himpunan Pengusaha Muda Indonesia (HIPMI) Fathul Nugroho mengatakan, pihaknya mendukung penuh pembangunan proyek Rempang Eco City.  Bahlil Kawal Investasi  #HIPMIRempang  https://t.co/MeHzZTJpgG",
Hipmi memberikan dukungan kepada investasi rempang Eco City dan pastikan kesejahteraan masyarakat meningkat Bahlil Kawal Investasi  #HIPMIRempang  https://t.co/W5CPJeFZxz,
Upaya Bahlil untuk memberikan hak warga Rempang didukung penuh oleh DPR  #HIPMIRempang https://t.co/MQN0eXbSYS,
DPR sangat mendukung langkah Bahlil Kawal Investasi dan lakukan oendekatan yang humanis pada masyarakat Rempang  #HIPMIRempang  https://t.co/SxPtM4CSgv,
Wah ini sih program keren banget nih melalui pelatihan keterampilan dari #HIPMIRempang sejalan dengan komitmen pak Bahlil Kawal Investasi di Rempang. @DediMulyadi71 @ridwan https://t.co/9Z3AP2l9xC,
"mantap banget kalo hipmi dukung Bahlil Kawal Investasi di pulau rempang, bisa berkolaborasi meningkatkan keterampilan masyarakat untuk meningkatkan kesejahteraan ekonomi #HIPMIRempang  https://t.co/sXOWOsmNjJ",
@IND0_Update @MataNajwa @Metro_TV @tvOneNews pasti dukung juga karena ini juga untuk warga rempang lebih baik kedepannya  Bahlil Kawal Investasi #HIPMIRempang,
@IND0_Update @MataNajwa @Metro_TV @tvOneNews Hak hak Masyarakat Rempang tetap dipenuhi agar Rempang Eco City tetap berjalan dengan baik Bahlil Kawal Investasi  #HIPMIRempang,
"HIPMI mendukung dan akan support investasi di Rempang Eco City utk meningkatkan kesejahteraan rakyat, bersama Pak Bahlil Kawal Investasi. #HIPMIRempang   https://t.co/LcUuNz8QWS",
https://t.co/eYlvXgnUyV  semoga yaa dengan Rempang Eco City kesejahteraan masyakat meningkat. Pak Bahlil Kawal Investasi nya terus ya Pak. #HIPMIRempang,
#HIPMIRempang setuju dan dukung upaya Bahlil Kawal Investasi jadikan Rempang Eco city sangat megah dan kondusif  https://t.co/NfyZBX90uS,
"Lewat pendekatan humanis Bahlil, pemerintah dan warga satu suara soal investasi Rempang Eco City. manfaat besar yang akan dirasakan oleh masyarakat Rempang dari keberadaan dan hidupnya ekonomi   Bahlil Kawal Investasi  #HIPMIRempang @detikcom   https://t.co/WTHARYPgF0",
"Super keren ... Bahlil Kawal Investasi , berikut upaya beliau dalam berikan hak warga yang terdampak proyek rempang eco city #HIPMIRempang   https://t.co/A5IHXeC2xp",
"Bahlil berhasil meyakinkan dan merangkul warga rempang bahwa kepastian investasi ini akan membawa berkah ‘ekonomi’ kepada mereka. Dalam proses dan pendekatannya, Bahlil patut diacungi jempol lantaran dia konsisten dengan pendekatan humanisnya. Bahlil Kawal Investasi #HIPMIRempang",
Masyarakat harus dilibatkan dalam pembangunan proyek rempang ecocity ini @jokowi @TRANSTV_CORP  Bahlil Kawal Investasi  #HIPMIRempang https://t.co/WHchzqCHNX,
Tiada tanding pak Bahlil Kawal Investasi berikan win win solution terbaik untuk warga Rempang dan semua akan berdampak positif  #HIPMIRempang  https://t.co/xMVKhutx9V,
Hak masyarakat rempang tentunya harus dilindungi pemerintah  @jokowi @KompasTV  Bahlil Kawal Investasi  #HIPMIRempang https://t.co/Vp0yuLm6jT,
Menteri @bahlillahadalia terus berupaya melibatkan warga rempang sebagai subjek pembangunan dalam investasi rempang.  @Beritasatu  @republikaonline  Bahlil Kawal Investasi  #HIPMIRempang https://t.co/1qDxK9ZvbE,
Bahlil Kawal Investasi dan DPR juga mendukung langkah beliau memberikan hak warga rempang  #HIPMIRempang https://t.co/TnbXpTxkyA,
"investasi rempang eco city ini akan membawa kesejahteraan bagi masyarakat di rempang, terimakasih Bahlil sudah Kawal Investasi sampai sejauh ini #HIPMIRempang https://t.co/nXp7RNzfb1",
Hal ini juga dapat memperoleh kesempatan kerja yang layak di daerahnya sendiri. Rempang akan semakin tertata rapi dan maju.   Bahlil Kawal Investasi  #HIPMIRempang  https://t.co/v2OmEW6NOE,
@IND0_Update @MataNajwa @Metro_TV @tvOneNews Berharap terwujudnya Rempang Eco City yang bisa mensejahtetakan masyarakat Rempang  Bahlil Kawal Investasi  #HIPMIRempang,
dengan Rempang Eco City HIPMI nilai kesejahteraan masyarakat akan meningkat  Bahlil Kawal Investasi  #HIPMIRempang  https://t.co/S0pfA32o56,
"kerenn banget kalau hipmi mau bantu juga untuk Investasi yang Bahlil Kawal ini, maka kesempatan untuk mewujudkan kesejahteraan di rempang akan semakin cepat #HIPMIRempang https://t.co/g2IpMHuoYj",
Semuanya ngedukung Pak Bahlil Kawal Investasi di Pulau Rempang🥂 #HIPMIRempang  https://t.co/WSq4lN0cmw,
Kolaborasi HIPMI dan Bahlil kawal investasi Rempang Eco City untuk meningkatkan nilai kesejahteraan masyarakat #HIPMIRempang  https://t.co/GYucL9nB88,
kesejahteraan masyarakat sekitar akan meningkat dengan adanya proyek Rempang Eco City  Bahlil Kawal Investasi  #HIPMIRempang  https://t.co/ivz0OnUbzb,
"Banyak hal baik jika investasi di rempang ini berjalan dengan baik, lanjutkan @jokowi @tvOneNews  Bahlil Kawal Investasi  #HIPMIRempang https://t.co/4qFUwJfgS7",
Masa depan investasi di rempang sangat menjanjikan bagi peningkatan ekonomi sekitar.  @bahlillahadalia  @liputan6dotcom  Bahlil Kawal Investasi  #HIPMIRempang https://t.co/PqleMWok0p,
Janji pemerintah melalui kementerian @bkpm @bahlillahadalia terhadap warga yg terdampak proyek rempang eco city pasti terpenuhi hak mereka.  @jawapos  @tempodotco  Bahlil Kawal Investasi  #HIPMIRempang  https://t.co/reBJTcSqas,
"Tumbuhkan investasi, bangun masa depan! HIPMI memberikan apresiasi kepada Menteri Bahlil yang gigih mengawal proyek Rempang Eco Park. https://t.co/hFFcIDHBOd  Bahlil Kawal Investasi #HIPMIRempang",
Kami bersatu untuk mendorong investasi yang berkelanjutan! HIPMI mengucapkan terima kasih kepada Menteri Bahlil yang tekun mengawasi proyek Rempang Eco Park.  https://t.co/zbh2569WY8  Bahlil Kawal Investasi #HIPMIRempang,
@floreskekinian2 salut sama pak bahlil yang bisa meyakinkan warga rempang dengan pendekatan humanisnya Bahlil Kawal Investasi #HIPMIRempang,
"Dlm mendukung investasi proyek Rempang Eco Park, pak Bahlil Kawal Investasi dan HIMPI yg berkolaborasi dgn pemerintah siap untuk menjngkatkan keterampilan masyarakat Rempang setempat #HIPMIRempang https://t.co/ZTIAynBWBQ",
Solidaritas untuk investasi berkelanjutan! HIPMI menghargai Menteri Bahlil yang dengan sungguh-sungguh mengawal proyek Rempang Eco Park. https://t.co/zDlDWP6OlR  Bahlil Kawal Investasi #HIPMIRempang,
"Update Pergeseran Warga Rempang, Sudah 52 KK Pindah ke Hunian Sementara https://t.co/bLH8KXKDk1",
Bahlil Kawal Investasi rempang eco city dan trus berikan hak-hak warga disana   #HIPMIRempang,
Kami bersama-sama mendukung investasi berkelanjutan! Terima kasih kepada Menteri Bahlil yang dengan tekun mengawal realisasi proyek Rempang Eco Park.  https://t.co/u7bNraHW53  Bahlil Kawal Investasi #HIPMIRempang,
"Bahlil Kawal Investasi untuk pembangunan di Rempang. Dengan berkomitmen untuk memperkuat keterampilan warga, pak Bahlil mendirikan UKM center untuk para warga Rempang  #HIPMIRempang https://t.co/5hyxH931cB",
Pendekatan secara harmonis yang dilakukan kepada para masyarakat rempang merupakan bukti bahwa Bahlil Kawal Investasi secara totalitas #HIPMIRempang https://t.co/cPN9Ljw6sb,
"pak menteri Bahlil Kawal Investasi tuh ternyata buat memperjuangkan hak warga pulau rempang ya, keren deh #HIPMIRempang https://t.co/YA6chRdzo7",
"Semangat investasi, harapan masa depan! HIPMI mengucapkan terima kasih kepada Menteri Bahlil yang memastikan kelancaran proyek Rempang Eco Park. @prabowo  Bahlil Kawal Investasi #HIPMIRempang https://t.co/tkK62CTJma",
@IND0_Update @MataNajwa @Metro_TV @tvOneNews Bahlil Kawal Investasi #HIPMIRempang Kawal yuk agar warga Rempang dapat hak nya,
Hendrick Lewerissa anggota komisi VI DPR sangat menyetujui langkah yang dilakukan oleh menteri Bahlil Kawal Investasi terkait warga yang terkena dampak Rempang eco city #HIPMIRempang https://t.co/RNTSY9G7cz,
Kami bersama mendukung investasi berkelanjutan! HIPMI mengapresiasi Menteri Bahlil atas pengawasannya terhadap proyek Rempang Eco Park. @detikcom  Bahlil Kawal Investasi #HIPMIRempang https://t.co/MEYHZpaSVw,
"Bahlil Kawal Investasi Rempang Eco City bersama dengan Himpunan Pengusaha Muda Indonesia (HIPMI), HIPMI memberikan perhatian yg besar dan siap membantu menyukseskan investasi mega ini #HIPMIRempang",
Teguh dalam mendukung investasi berkelanjutan! HIPMI menghargai Menteri Bahlil yang memantau proyek Rempang Eco Park dengan penuh komitmen. @ganjarpranowo  Bahlil Kawal Investasi #HIPMIRempang https://t.co/Vk3gQdB2UX,
Kita berkomitmen untuk mendukung investasi berkelanjutan! HIPMI mengucapkan terima kasih kepada Menteri Bahlil yang telah memantau proyek Rempang Eco Park dengan tekun. @ganjarpranowo  Bahlil Kawal Investasi #HIPMIRempang https://t.co/4KUYCQApYq,
"Himpunan Pengusaha Muda Indonesia (HIPMI) dukung Investasi dan apresiasi tindakan Bahlil Kawal Investasi Rempang Eco City. Upaya dukungan atas proyek ini, HIPMI siap kolaborasi dengan pemerintah untuk meningkatkan keterampilan dan integritas warga melalui pelatihan #HIPMIRempang",
Bahlil Kawal Investasi drngan memastikan pemerintah akan memberikan perhatian serius kepada warga Rempang sebagaimana yang telah dituangkan dalam Perpres soal ganti rugi hak warga Rempang yang terkena dampak investasi.  #HIPMIRempang https://t.co/WuI5jXJ9aN,
"Bahlil kawal  infestasi rempang supaya berdampak baik bagi ekonomi nasional dan daerah, dan dapat membawa kesejahteraan bagi masyarakat rempang dan sekitarnya.  Bahlil kawal infestasi #HIPMIRempang https://t.co/pk4LhrXruN",
Komitmen untuk investasi berkelanjutan! HIPMI memberikan apresiasi kepada Menteri Bahlil yang memantau proyek Rempang Eco Park dengan penuh dedikasi. @jokowi  Bahlil Kawal Investasi #HIPMIRempang,
Pak Bahlil Kawal Investasi dan hipmi mempercayai pembangunan Rempang eco city kepada pak bahlil #HIPMIRempang  https://t.co/oWk7DVkoLM,
Kami bersama-sama mengawal perjalanan investasi! HIPMI mengucapkan terima kasih kepada Menteri Bahlil atas dedikasinya dalam memantau proyek Rempang Eco Park. @kompascom  Bahlil Kawal Investasi #HIPMIRempang,
Bahlil Kawal Investasi Rempang dan memastikan kesejahteraan masyarakat meningkat dan mendukung penuh agar ekonomi masyarakat setempat bertumbuh dan berkembang https://t.co/nNHv6HUKBG #HIPMIRempang,
Kami bersatu untuk mendukung investasi yang berkelanjutan! HIPMI menghargai dedikasi Menteri Bahlil dalam memantau proyek Rempang Eco Park. https://t.co/D7AbOivATK  Bahlil Kawal Investasi #HIPMIRempang,
the best banget kalo Bahlil Kawal Investasi pastinya berjalan dengan lancar dan membawa manfaat buat  masyarakat rempang #HIPMIRempang https://t.co/vGrRIGB4xr,
Pak bahlil memang pantas utk diapresiasi atas kerja kerasnya dalam upaya pendekatan terhadap warga rempang   Bahlil Kawal Investasi #HIPMIRempang https://t.co/PTQWmUYmpX,
langkah dari menteri Bahlil dalam investasi proyek rempang eco park mendapat dukungan dari himpunan pengusaha muda Indonesia (HIPMI) agar terus membangun dan memperjuangkan kesejahteraan masyarakat sekitar yang menjanjikan. Bahlil Kawal Investasi #HIPMIRempang https://t.co/VojStUqHIz,
"Tumbuhkan investasi, bangun masa depan! HIPMI mengucapkan terima kasih kepada Menteri Bahlil yang aktif mengawal proyek Rempang Eco Park. https://t.co/bqyjh67gOU  Bahlil Kawal Investasi #HIPMIRempang",
@IND0_Update @MataNajwa @Metro_TV @tvOneNews Semangat Pak Bahlil Kawal Investasi Rempang Eco City #HIPMIRempang,
Transformasi ekonomi melalui investasi berkelanjutan! HIPMI memberikan penghargaan kepada Menteri Bahlil yang gigih mengawal proyek Rempang Eco Park. https://t.co/tiXVBSwmQY  Bahlil Kawal Investasi #HIPMIRempang,
"Sukses investasi, tumbuh bersama! HIPMI mengapresiasi Menteri Bahlil atas pengawasan proyek Rempang Eco Park. @MataNajwa  Bahlil Kawal Investasi #HIPMIRempang https://t.co/dM22YkEMkJ",
Tumbuhkan ekonomi melalui investasi berkelanjutan! HIPMI memberikan apresiasi kepada Menteri Bahlil yang aktif mengawal proyek Rempang Eco Park. https://t.co/jBZgdqZZ2c  Bahlil Kawal Investasi #HIPMIRempang,
"Dalam gerakan Bahlil Kawal Investasi DPR beri dukungan untuk memberikan hak warga Rempang yang terdampak oleh investasi,dengan emberikan ganti rugi kepada warga Pulau Rempang yang terdampak Proyek Strategis Nasional (PSN) Rempang Eco City. #HIPMIRempang https://t.co/wxgGPhPTy4",
Kami solid untuk mendukung investasi! Terima kasih Menteri Bahlil atas komitmennya dalam mengawal proyek Rempang Eco Park. @prabowo  Bahlil Kawal Investasi #HIPMIRempang https://t.co/clehjMUyYk,
Kami berdiri teguh mendukung investasi berkelanjutan! Terima kasih kepada Menteri Bahlil yang gigih mengawasi proyek Rempang Eco Park. @aniesbaswedan  Bahlil Kawal Investasi #HIPMIRempang https://t.co/N488s84w5d,
Bahlil Kawal Investasi #HIPMIRempang  HIPMI memberikan perhatian besar terhadap investasi Rempang Eco City yang terus dikawal oleh Menteri Investasi Lahadalia sejak awal hingga saat ini dan siap membantu menyukseskan investasi ini. Intinya investasi di Rempang ini menjanjikan. https://t.co/J1ribErNnC,
"HIPMI berikan Apresiasi Menteri Bahlil Kawal Investasi Rempang Eco City, berkat pendekatan yang dilakukan secara humanis oleh warga #HIPMIRempang https://t.co/ZEhaKAYRUu",
apresiasi yg sebesar besarnya deh buat pak Bahlil Kawal Investasi untuk warga rempang #HIPMIRempang https://t.co/T9g0DGGJJW,
"Dpr dukung langkah pak bahlil untuk berikan hak warga rempang yang terdapat investasi ,keren nih  Bahlil Kawal Investasi #HIPMIRempang https://t.co/MQONLvHeBX",
"Perkiraan tentang masa depan Investasi Rempang sangat menjanjikan, Himpunan Pengusaha Muda Indonesia bersama Bahlil Kawal Investasi Rempang Eco City dan selalu memastikan bahwa Investasi ini akan berjalan sesuai dengan harapan #HIPMIRempang",
"Mantap !!! Indonesia semakin melangkah, Sinergi dan kolaborasi antara Hipmi dan pemerintah @bahlillahadalia diyakini akan membawa dampak positif bagi investasi di Rempang. @detikcom Bahlil Kawal Investasi  #HIPMIRempang  https://t.co/Bmrawczw2w",
Hipmi apresiasi Bahlil Kawal Investasi dan bisa dekati warga rempang secara humanis #HIPMIRempang https://t.co/fKaGtWgjoC,
Bersama kita #HIPMIRempang dukung pengembangan dan pembangunan Eco-City di kawasan Rempang dan lanjutkan pendekatan Bahlil Kawal Investasi. @bahlillahadalia @luhutdam,
Investasi rempang akan berdampak positif terhadap laju pertumbuhan perekonomian warga rempang.  Bahlil Kawal Investasi  #HIPMIRempang,
Mantap pak Bahlil memang selalu aktif dalam selesaikan Rempang. Luar biasa dengan cara humanisnya!. prabowo @Gerindra @kompascom @corbuzier Bahlil Kawal Investasi  #HIPMIRempang https://t.co/0IVn5H1P6L,
"#HIPMIRempang yakin dengan masa depan yang cerah dari investasi Rempang, berharap proyek ini akan memberi manfaat bagi ekonomi nasional dan daerah serta kesejahteraan masyarakat akhirnya Bahlil Kawal Investasi   https://t.co/lV841flwQT https://t.co/RlbSpUhJr2",
Projek Eco City akan berdampak positif utk perkembangan ekonomi Rempang  Bahlil Kawal Investasi  #HIPMIRempang,
Upaya Bahlil untuk memberikan hak warga Rempang didukung penuh oleh DPR  #HIPMIRempang https://t.co/zqBBekDZO5,
"Saya dukung terus langkah pak Bahlil, apalagi soal berikan hak kepada warga rempang yang terdampak. prabowo @Gerindra @kompascom @corbuzier Bahlil Kawal Investasi  #HIPMIRempang https://t.co/EkdoirjPPr",
wih mantep Bahlil Kawal Investasi dan yakin masa depan investasi di Rempang menjanjikan #HIPMIRempang https://t.co/Gqx7FMEyUI,
"Banyak yg ikut menyerukan mendukung Investasi @bahlillahadalia salah satunya HIPMI, HIMPI percaya pertumbuhan ekonomi &amp  penyerapan lapangan kerja akan buat Rempang maju, @detikcom  Bahlil Kawal Investasi  #HIPMIRempang https://t.co/pzTByZTeYH",
"Senang lihat Rempang skrng aman dan kembali kondusif, pak @bahlillahadalia menjalankan tugas dngn baik, dgn ttp memperjuangkan hak2 warga, banyk yg apresiasi &amp  mendukung hingga siap kolaborasi spt HIMPI  @detikcom  Bahlil Kawal Investasi  #HIPMIRempang https://t.co/NK0heI3vCH",
kegiatan yang positif untuk warga rempang dengan adanya ukm center ini Bahlil Kawal Investasi  #HIPMIRempang https://t.co/U6MHTCcw6d,
Terkait pembangunan di Pulau rempang banyak isu yang tak elok didengar namun berkat campur tangan bahlil maka di sana sudah kondusif Bahlil Kawal Investasi  #HIPMIRempang https://t.co/QI42cXj2JX,
"Intinya masa depan investasi di Rempang ini menjanjikan, kita harus dukung langkah pak @bahlillahadalia ini, warga disanapun jg 70% sudah setuju dan bersedia relokasi, @detikcom @jokowi Bahlil Kawal Investasi  #HIPMIRempang  https://t.co/M370c9urrN",
"Bahlil Kawal Investasi Rempang dan #HIPMIRempang siap berkolaborasi dengan pemerintah untuk meningkatkan keterampilan warga lewat pelatihan, lanjutkeun https://t.co/zJkwMYcAlC",
Proyek strategis nasional di Rempang ini sangat penting untuk negara. Bahlil Kawal Investasi  #HIPMIRempang,
"Potensi yang dimiliki pulau Rempang sangat luar biasa. Maka dari itu, pemerintah melakukan investasi untuk menggali potensi peningkatan ekonomi.  Bahlil Kawal Investasi  #HIPMIRempang",
@IND0_Update @MataNajwa @Metro_TV @tvOneNews Bahlil Kawal Investasi rempang ini supaya semua nya baik baik. #HIPMIRempang,
Bisa dilihat keseriusan pemerintah kepada warga Rempang terlihat dari langkah konkret Menteri @bahlillahadalia yg terus melakukan pendekatan dgn cara melakukan kunjungan berulang kali ke Rempang. Menteri yg benar2 turun langsung 👍 @MataNajwa Bahlil Kawal Investasi  #HIPMIRempang https://t.co/mqo0SLfPKL,
"Investasi Rempang bisa jadi contoh utk kedepan, Kondusifitas investasi di Indonesia yg sedang tinggi harus dijaga, karena kita juga berkompetisi dengan negara lain dalam menarik FDI, @detikcom @bahlillahadalia Bahlil Kawal Investasi  #HIPMIRempang https://t.co/nNE7PSOdYm",
"Investasi Rempang yang akhirnya bisa berjalan dengan baik tentunya berkat kinerja Pak Bahlil Kawal Investasi di wilayah tersebut &amp  kondisi disanapun kini sudah jauh lebih baik, masyarakat di sekitarpun secara perlahan bersedia untuk mengikuti arahan dari pemerintah #HIPMIRempang https://t.co/HudHlltbkR",
Saat ini masyarakat Rempang sebgian sudah ada yg mengikuti intruksi pemerintah terkait projek Eco City  Bahlil Kawal Investasi  #HIPMIRempang,
Kita dukung HIPMI dalam melakukan pelatihan kewirausahaan untuk masyarakat Rempang. @PartaiPerindo  Bahlil Kawal Investasi  #HIPMIRempang,
@IND0_Update @MataNajwa @Metro_TV @tvOneNews Ga perlu yang diragukan lagi kalau Bahlil Kawal Investasi rempang ini mah. #HIPMIRempang,
"Pak Bahlil Kawal Investasi yang sempat tertunda di Rempang, tapi alhamdulillah #HIPMIRempang ini mendukung pergerakan beliau sampai DPR apresiasi hasil kinerjanya untuk Rempang Eco City https://t.co/WsNrRTrJnu",
Sangat patut diapresiasi Pak Bahlil Kawal Investasi Rempang #HIPMIRempang https://t.co/Rr0OK28vPB,
Pak Bahlil sebagai perwakilan pemerintah  berhasil menghadirkan ‘win-win solution’ antara warga Rempang dan investor.prabowo @Gerindra @kompascom @corbuzier  Bahlil Kawal Investasi #HIPMIRempang https://t.co/a3HAQcJqfT,
Bahlil Kawal Investasi Rempang Eco City sehingga DPR memberikan dukungan dan memberikan hak warga Rempang yang terdampak investasi #HIPMIRempang https://t.co/rwES5sjSmV,
@IND0_Update @MataNajwa @Metro_TV @tvOneNews #HIPMIRempang beneran membawa dampak besar untuk Pak Bahlil Kawal Investasi Rempang Eco City yang sempat tertunda sampai bisa jalan kembali,
HIMPI yakin dengan nilai investasi mencapai 381 T berpotensi menyerap tenaga kerja yg cukup signifikan serta menumbuhkan perekonomian masyarakat. Gua jg Setuju!!! Ini jalan lurus menuju pertumbuhan ekonomi di Rempang @bahlillahadalia @jokowi Bahlil Kawal Investasi  #HIPMIRempang https://t.co/mQCo87tOSc,
Berita positif lagi berkat Pak Bahlil Kawal Investasi bersama #HIPMIRempang ini menjadi lampu hijau untuk kesuksesan pulau Rempang di masa depan nanti  https://t.co/YbgDcJB6mf,
"Bahlil Kawal Investasi di pulau rempang yang di gadang mencapai 381 triliun. #HIPMIRempang pun akan ikut berkolaborasi dengan pemerintah dan investor. https://t.co/HRiiOgfFQe""",
HIPMI dan pemerintah bersinergi memberikan kontribusi nyata untuk masyarakat Rempang. @bahlil Bahlil Kawal Investasi  #HIPMIRempang,
Masyarakat rempang yg sukarela dan ikhlas direlokasi karena mereka sadar bahwa Rempang Eco City akan membuat ekonomi warga sekitar lebih baik.  Bahlil Kawal Investasi  #HIPMIRempang,
Kita patut apresiasi atas dukungan HIPMI untuk proyek strategis nasional yang dilaksanakan di Rempang. Bahlil Kawal Investasi  #HIPMIRempang,
"Apresiasi setinggi-tingginya untuk pak @bahlillahadalia diberikan oleh HIPMI. Tidak hanya apresiasi, pembekalan serta pelatihan kewirausahaan untuk masyarakat Rempang yang terdampak. @DPR_RI  Bahlil Kawal Investasi  #HIPMIRempang https://t.co/XNvX0ErIox",
"Kita sangat optimis bahwa dengan adanya pengembangan Rempang maka akan menjadikan mesin ekonomi baru di Indonesia, dan hal itu mampu terealisasi dengan baik. Bahlil Kawal Investasi  #HIPMIRempang",
"Aku sangat optimis, Rempang akan menjadi mesin ekonomi baru Indonesia juga bakal meningkatkan pertumbuhan ekonomi daerah ke depannya. @DPR_RI @bahlillahadalia  Bahlil Kawal Investasi  #HIPMIRempang https://t.co/12rMvKr8WW",
Semua warga rempang yg ditemui menteri Bahlil memberikan dukungan agar mega proyek Rempang Eco City bisa segera dilanjutkan.  Bahlil Kawal Investasi  #HIPMIRempang,
sudah saatnya warga Pulau Rempang bersinergi dengan pemerintah dalam mendukung pertumbuhan ekonomi. @bahlillahadalia @CNNIndonesia  Bahlil Kawal Investasi  #HIPMIRempang https://t.co/FfGwWTGY3y,
Patut diapresiasi Bentuk keseriusan HIPMI dalam mendukung pembangunan di pulau Rempang. @PKSejahtera  Bahlil Kawal Investasi  #HIPMIRempang,
"Warga Rempang yg kena dampak utk tdk khawatir dgn kompensasi yang diberikan pemerintah, pak @bahlillahadalia berikan perhatian serius warga Rempang sesuai tertuang dlm Perpres soal ganti rugi hak warga Rempang yg terkena dampak investasi Bahlil Kawal Investasi  #HIPMIRempang https://t.co/XPoA0HVkns",
Hipmi sampai apresiasi pak Bahlil karena keaktifan beliau dalam dekati warga rempang secara humanis. prabowo @Gerindra @kompascom @corbuzier Bahlil Kawal Investasi  #HIPMIRempang https://t.co/TKUWzRMsHJ,
Menteri Bahlil menegaskan bahwa beliau mendukung penuh agar segala proses penanganan yang dilakukan dalam kasus Rempang ini agar bisa dilaksanakan dengan cara tanpa kekerasan sedikit pun. Bahlil Kawal Investasi  #HIPMIRempang,
ooohh ternyata HIPMI yakin dan dukung kalo inves proyek Rempang Eco Park nih bakal positif buat perekononian nasional.. bagus juga nih #HIPMIRempang https://t.co/mofjhc0j1B,
"Jelas bahwa dengan pelaksanaan pengembangan Kawasan Rempang akan disertai dengan penciptaan banyaknya lapangan pekerjaan, yang mana menjadikan masyarakat sekitar memiliki pendapatan yang meningkat. Bahlil Kawal Investasi  #HIPMIRempang",
Menteri Bahlil Kawal Investasi Proyek Rempang Eco Park #HIPMIRempang https://t.co/ugeDgi3hUi,
Dalam hal ini HIMPI siap mendukung pemerintah demi kemajuan ekonomi Rempang   Bahlil Kawal Investasi  #HIPMIRempang,
ada beberapa biaya yang akan diberikan pemerintah untuk warga Rempang terdampak. Bahlil Kawal Investasi  #HIPMIRempang,
"Kami yakin Bahlil Kawal Investasi #HIPMIRempang akan sukses, memberi berkah bagi ekonomi nasional, daerah, dan kesejahteraan masyarakat sekitar. Masa depan cerah di Rempang https://t.co/MAx8hgczLB",
Pak Bahlil Kawal Investasi di rempang #HIPMIRempang https://t.co/QYX0UOC7Ds,
Kita harus berterima kasih kepada menteri Bahlil yg berhasil meyakinkan warga rempang bahwa investasi Rempang Eco City akan berdampak positif terhadap ekonomi warga setempat.  Bahlil Kawal Investasi  #HIPMIRempang,
Berupaya memberikan layanan terbaik bagi pertumbuhan indonesia dalam jangka panjang. DPR Dukung Upaya Bahlil Berikan Hak Warga Terdampak Proyek Rempang Eco City  https://t.co/WIcUQ3lKPz Bahlil Kawal Investasi  #HIPMIRempang,
warga rempang mendapat pelatihan ketrampilan dengan agar nantinya bisa bekerja pada proyek investasi ini merupakan salah satu solusi yang dihadirkan. Bahlil Kawal Investasi #HIPMIRempang https://t.co/euud3Ihrc2,
Banyak pelatihan yang diberikan pemerintah melalui BP Batam untuk menambah keterampilan masyarakat Rempang. @Official_MNCTV @PartaiSocmed  Bahlil Kawal Investasi  #HIPMIRempang https://t.co/ESuZNwTDO6,
"Ga hanya Himpi yg berterima kasih dn ucapkan apresiasi, saya sbg masyarakat jg demikian, investasi ini baik utk masa depan Rempang utk bisa punya daya saing spt kota2 besar dinegara tetangga @bahlillahadalia @detikcom Bahlil Kawal Investasi  #HIPMIRempang https://t.co/ZDEGHe13SN",
"Banyak pihak berharap bahwa Investasi Rempang akan berjalan sesuai harapan, agar masyarakat Rempang bisa meningkatkan perekonomian mereka Bahlil Kawal Investasi  #HIPMIRempang https://t.co/lQeCk3Yzt1",
Pak Bahlil Kawal Investasi dan memberikan dampak positif bagi investasi di Rempang. #HIPMIRempang https://t.co/gBtoiUz57N,
Investasi yang di Bahlil Kawal ini sudah berjalan dengan sangat baik dan menghadirkan win-win solution antara warga di rempang dengan investornya #HIPMIRempang https://t.co/isvhgkb9xx,
"@IND0_Update @MataNajwa @Metro_TV @tvOneNews Bahlil Kawal Investasi rempang eco city, #HIPMIRempang pastikan kesejahteraan rakyat meningkat",
"Bahlil Kawal Investasi, berikan hak warga rempang yang terdampak investasi #HIPMIRempang https://t.co/zY178cwjgV",
Slalu dukung Bahlil Kawal Investasi untuk terus  membangun Rempang eco city #HIPMIRempang https://t.co/GfO5Cg7uQl,
Pemerintah merancang pelatihan untuk warga lokal agar dapat meningkatkan keterampilan yang ada pada diri setiap warga Rempang  Bahlil Kawal Investasi #HIPMIRempang https://t.co/2oFClYtMu0,
Bahlil Kawal Investasi yang ada di rempang adalah suatu langkah yang sangat tepat banget.  #HIPMIRempang https://t.co/hsiQdni7Zq,
"Untuk memperkuat perekonomian dan mendukung Rempang Eco City, HIPMI siap berkolaborasi dengan Pak Bahlil mengawal investasi disana.  #HIPMIRempang https://t.co/5qTDDjdD90",
Dalam hal ini banyak yang mendukung bahwa Rempang Eco City adalah Investasi terbaik untuk masa depan Bahlil Kawal Investasi  #HIPMIRempang  https://t.co/VeTkBY9ycS,
Warga di Pulau Rempang akan mendapatkan ganti rugi yang sangat adil dan sesuai sebagaimana aset yang mereka miliki selama ini. Bahlil Kawal Investasi  #HIPMIRempang,
HIPMI siap memberikan pelatihan kewirausahaan bagi masyarakat terdampak untuk meningkatkan kesejahteraan ekonomi masyarakat Rempang. @prabowo @PDemokrat  Bahlil Kawal Investasi  #HIPMIRempang https://t.co/dbOvV6IT7V,
"himpunan pengusaha muda indonesia atau sering disebut HIPMI mendukung penuh proyek rempang eco city, semangat Pak Bahlil Kawal Investasi  #HIPMIRempang https://t.co/FnCTvF1kMb",
HIPMI mendukung penuh serta akan berperan memberikan kontribusi dengan mengadakan pelatihan kewirausahaan untuk masyarakat Rempang. @NasDem @aniesbaswedan  Bahlil Kawal Investasi  #HIPMIRempang https://t.co/JTzdxEoQUK,
Dengan adanya hal ini bisa memberi dampak ekonomi yg positif bagi warga Rempang  @bahli  Bahlil Kawal Investasi  #HIPMIRempang https://t.co/r8y2kRc1H8,
HIMPI dukung Eco City di Rempang pastikan ekonomi tumbuh dengan pesat  @bahlillahadalia  Bahlil Kawal Investasi  #HIPMIRempang  https://t.co/fyqFIB43Hr,
Tentunya dalam Bahlil Kawal Investasi ini hak-hak masyarakat Rempang harus terpenuhi agar perekonomian bisa tetap tumbuh   #HIPMIRempang  https://t.co/fHQkuiLaXr,
Keren loh sampai DPR aja dukung aksi menteri Bahlil dalam hal Kawal Investasi rempang eco park  #HIPMIRempang https://t.co/QngGRiOIfY,
good news banget ternyata Menteri Bahlil sedang Kawal Investasi Rempang Eco city. Semoga kedepannya makin lancar yaah untuk membantu rakyat #HIPMIRempang https://t.co/XIbaQAXvWD,
Keren banget pak Bahlil Kawal Investasi Rempang #HIPMIRempang https://t.co/ZkE3WHugxS,
Bahlil Kawal Investasi #HIPMIRempang DPR dukung langkah beliau berikan hak warga Rempang yan terdampak investasi https://t.co/Fn6Eaxk1Wr,
Karena kesejahteraan masyarakat Rempang adalah utama. Maka dari itu pengembangan potensi ekonomi masyarakat Rempang diutamakan. @bahlillahadalia @Official_MNCTV  Bahlil Kawal Investasi  #HIPMIRempang https://t.co/a9cdt3RK6H,
"Bahlil Kawal Investasi rempang ini dapat apresiasi dari banyak pihak, mantap bener ini langkah bagus.  #HIPMIRempang https://t.co/7ExvUqbzmu",
"Langkah tepat yang diambil oleh Bahlil Kawal Investasi rempang ini, supaya cepat selesai dan warga bisa menikmati nya. #HIPMIRempang https://t.co/n156vuShC8",
Bahlil selaku menteri investasi sangat mendorong percepatan pembangunan di pulau rempang Bahlil Kawal Investasi  #HIPMIRempang,
Dampak dari Pak Bahlil Kawal Investasi bersama #HIPMIRempang ini bikin warga Rempang aman dalam melakukan usaha mereka disana. Bahkan HIPMI apresiasi kerja beliau https://t.co/9Rf41QHico,
langkah Bahlil Kawal Investasi di rempang eco city ini tentunya akan membawa dampak besar khusus pertumbuhan ekonomi masyarakat sekitar #HIPMIRempang https://t.co/GHl57OXHti,
Bentuk keseriusan HIPMI dalam mendukung pembangunan proyek strategis nasional di Rempang adalah dengan memberikan pelatihan kewirausahaan untuk masyarakat Rempang. @DPR_RI @PartaiSocmed  Bahlil Kawal Investasi  #HIPMIRempang https://t.co/F3U7UCAHmm,
Bahlil Kawal Investasi di Rempang. Sekarang beliau memperkuat keterampilan para warga di sana #HIPMIRempang https://t.co/7GfXkRkCrp,
menteri Bahlil Kawal Investasi proyek rempang eco park patut diacungi jempol lantaran konsisten #HIPMIRempang https://t.co/TbQfY50SkY,
Warga rempang sendiri berkemungkinan untuk mendapatkan pendapatan yang meningkat jika proyek Rempang Eco City terlaksana.  Bahlil Kawal Investasi  #HIPMIRempang,
HIPMI apresiasi proaktif menteri Bahlil dalam prosesnya meyakinkan warga Rempang untuk mendukung pembangunan  Rempang Eco-City dengan pendekatan secara humanis.  Bahlil Kawal Investasi  #HIPMIRempang https://t.co/KXgwPBx4HC,
Karena kosistensi yg di bangun Bahlil terhadap Rakyat Rempang memberi dampak yg baik utk projek Eco City  Bahlil Kawal Investasi  #HIPMIRempang,
"Bahlil Kawal Investasi di pulau rempang, tidak hanya itu #HIPMIRempang siap berkolaborasi dengan pemerintah untuk memberikan pelatihan kewirausahaan bagi warga terdampak. https://t.co/npfqgkKu96",
"investasi Rempang ini akan berjalan sesuai harapan, berdampak positif bagi perekonomian nasional dan daerah, serta bisa membawa kesejahteraan bagi masyarakat sekitar. Bahlil Kawal Investasi  #HIPMIRempang",
"Bahlil Kawal Investasi pulau rempang, pak bahlil pun akan memberikan hak warga rempang yang terkena dampak, seperti uang tunggu dan uang sewa rumah yang masing 1,2juta perorang dan 1,2juta untuk sewa rumah perkepala keluarga. #HIPMIRempang https://t.co/SVt566VHJw""",
"Bener bngt sih, dari awal gua sngt dukung Rempang eco city @bahlillahadalia ini, Nilai investasinya mencapai 381 T dengan potensi penyerapan tenaga kerja. Insyaallah Ini sangat bermanfaat bagi pertumbuhan ekonomi kita @detikcom Bahlil Kawal Investasi  #HIPMIRempang https://t.co/5aZ0CNtEau",
"#HIPMIRempang berkomitmen untuk berkolaborasi dengan pemerintah dalam meningkatkan keterampilan penduduk Rempang melalui pelatihan, menawarkan lebih banyak peluang kerja didukung dengan Bahlil Kawal Investasi  #HIPMIRempang  https://t.co/SfRPKiOuHJ https://t.co/ttjUWohJCm",
Bahlil Kawal Investasi agar berjalan dengan baik serta menyiapkan ukm center nantinya untuk warga rempang #HIPMIRempang https://t.co/QxJFzFuaKv,
"Menteri @bahlillahadalia jg konsisten memperjuangkan warga dilibatkan sbg subjek pembangunan dalam investasi Rempang, sejalan dengan regulasi yang ada bahwa investor harus merangkul UMKM dan menyerap tenaga kerja lokal. TOP!! @kumparan Bahlil Kawal Investasi  #HIPMIRempang https://t.co/RIu8H154Oo",
"Bahlil Kawal Investasi rempang dapat apreasi yang bagus banget dari hipmi, maju terus pakkkk #HIPMIRempang https://t.co/rRRgPDgz8E",
"Kita apresiasi menteri Bahlil yg terus memilih pendekatan humanis, persuasif, merangkul dan mengayomi masyarakat rempang.  Bahlil Kawal Investasi  #HIPMIRempang",
"HIPMI sudah dukung penuh untuk Rempang, apalagi Pak Bahlil Kawal Investasi dengan #HIPMIRempang demi masa depan rakyat Rempang di pulaunya itu selalu bikin kagum   https://t.co/S2I5uiVack",
"Bukan hanya sekedar dukungan pada investasi yang dijalankan, tapi Bahlil Kawal Investasi dan merangkul, meyakinkan warga, dan mengusahakan yang terbaik agar warga Rempang mendapat hak mereka #HIPMIRempang https://t.co/zjtTWERXoH",
"Adanya proyek Rempang Eco City itu juga akan semakin membuka lapangan pekerjaan batu untuk seluruh masyarakat di Kepulauan Riau, utamanya adalah masyarakat di sekitaran kawasan industri itu. Bahlil Kawal Investasi  #HIPMIRempang",
Pak Bahlil  konsisten dalam memperjuangkan warga dilibatkan sebagai subjek pembangunan dalam investasi Rempang. prabowo @Gerindra @kompascom @corbuzier Bahlil Kawal Investasi  #HIPMIRempang https://t.co/QADIHy8rhJ,
Pendekatan yang humanis dalam penanganan investasi Rempang banyak pihak yang mengapresiasi pak Bahlil Kawal Investasi  #HIPMIRempang https://t.co/e1gP2uOnDe,
Rempang Eco City akan meningkatkan adanya pertumbuhan perekonomian di daerah ke depannya.  Bahlil Kawal Investasi  #HIPMIRempang,
"Bahlil Kawal Investasi ,smoga hak hak smua warga Rempang terpenuhi  #HIPMIRempang https://t.co/ytQ1hV5twT",
Sampai saat ini sedikit demi sedikit masyarakat Rempang sudah mengikuti untruksi pemerintah   Bahlil Kawal Investasi  #HIPMIRempang,
program kolaborasi  Hipmi dan pemerintah dalam membuat ukm center untuk warga rempang pasti akan berdampak positif Bahlil Kawal Investasi  #HIPMIRempang https://t.co/zNJBaYbDFM,
Ke depan kawasan Rempang menjadikan Indonesia memiliki daya saing yang tinggi di kawasan Asia Tenggara.  Bahlil Kawal Investasi  #HIPMIRempang,
Pak Bahlil Kawal Investasi dan dekati warga Rempang secara humanis #HIPMIRempang https://t.co/8FxMfJA6oC,
Demi keamanan dan kenyamanan di pulau rempang bahlil selaku menteri investasi terjun langsung ke lapangan untuk memastikan jalannya proyek di pulau rempang Rempang Aman  #DukungBahlil,
@IND0_Update @MataNajwa @Metro_TV @tvOneNews Bahlil Kawal Investasi ini emang bagus banget sih apalagi buat warga rempang kedepan nya. #HIPMIRempang,
"Ga hanya Himpi yg berterima kasih dn ucapkan apresiasi, saya sbg masyarakat jg demikian, investasi ini baik utk masa depan Rempang utk bisa punya daya saing spt kota2 besar dinegara tetangga @bahlillahadalia @detikcom Bahlil Kawal Investasi  #HIPMIRempang https://t.co/exJjIpH6t5",
Langkah yg tepat Bahlil Kawal Investasi Rempang dengan memberikan dampak yg baik bagi warga sekitar Rempang #HIPMIRempang https://t.co/GCLAhoJYsH,
Keputusan Jokowi Utus Bahlil Tangani Masalah di Pulau Rempang Didukung Kalangan Pakar Bahlil Kawal Investasi  #HIPMIRempang,
Investasi yang Bahlil Kawal ini sangat berdampak positif bagi perekonomian di rempang #HIPMIRempang https://t.co/UzBP6fuLUT,
"Proyek strategis nasional banyak manfaat yang akan dirasakan oleh Indonesia, khususnya warga Rempang. @tvOneNews @Gerindra  @golkar Bahlil Kawal Investasi  #HIPMIRempang https://t.co/ntIP1YUJc5",
Berkat bahlil pulau rempang saat ini kondisinya sudah tertib aman dan terkendali Bahlil Kawal Investasi  #HIPMIRempang,
Sinergi dan kolaborasi antara Hipmi dan pemerintah saya yakin akan membawa dampak positif bagi investasi di Rempang. Bahlil Kawal Investasi  #HIPMIRempang,
Komitmen Bahlil Kawal Investasi diharapkan akan membawa keberkahan dalam perekonomian masyarakat Rempang dan pemerintah memastikan bahwa hak-hak masyarakat terpenuhi #HIPMIRempang https://t.co/7lMXdy7skZ,
"Setuju bgt sih sama HIPMI yg mendukung penuh proyek Rempang Eco City, bersama2 bersinergi dengan pemerintah dalam mendukung pertumbuhan ekonomi  Bahlil Kawal Investasi #HIPMIRempang https://t.co/VLF7Zj0cca",
Bahlil Kawal Investasi rembang Eko city dipastikan berjalan baik dan positif #HIPMIRempang https://t.co/07TqWWm3IA,
"Win-win solution yang diutarakan bukan hanya sekedar janji belaka, tapi nyatanya Bahlil Kawal Investasi dan bantu berikan hak warga Rempang yang terkena dampaknya #HIPMIRempang https://t.co/lhcCPkRoMs",
"Menteri @bahlillahadalia jg konsisten memperjuangkan warga dilibatkan sbg subjek pembangunan dalam investasi Rempang, sejalan dengan regulasi yang ada bahwa investor harus merangkul UMKM dan menyerap tenaga kerja lokal. TOP!! @kumparan Bahlil Kawal Investasi  #HIPMIRempang https://t.co/AcKKayQcoi",
Yuk mari sama² kita bersinergi mendukung pengembangan Rempang Ecocity untuk meningkatkan sosial ekonomi  masyarakat kota batam dan khususnya pulau rempang. #HIPMIRempang Bahlil Kawal Investasi @ridwankamil @mohmahfudmd,
DPR dukung langkah Pak Menteri Bahlil berikan hak² para warga yg terdampak Investasi Rempang Eco-City. #HIPMIRempang Bahlil Kawal Investasi https://t.co/oYhOqhtWTp,
Bahlil Kawal Investasi rempang dan dekati warga secara humanis ini yang layak dicontoh buat lain.  #HIPMIRempang https://t.co/kYmd7Wii4F,
Dengan Bahlil Kawal Investasi dan bantuan Hipmi diharapkan investasi rempang berjalan dengan lancar #HIPMIRempang https://t.co/9nPV8mxYvy,
"Gua salut sama kerja keras Pak @bahlillahadalia , beliau berhasil meyakinkan &amp  merangkul warga bahwa kepastian investasi ini akan membawa berkah ekonomi kpd mereka. Rempang Eco Park bisa membuka ekonomi baru @detikcom  Bahlil Kawal Investasi  #HIPMIRempang https://t.co/BZER31xppR",
HIMPI memberikan perhatian besar terhadap investasi Rempang Eco City yg terus dikawal oleh Menteri Investasi @bahlillahadalia sejak awal hingga saat ini dan siap membantu menyukseskan investasi ini. @detikcom  Bahlil Kawal Investasi  #HIPMIRempang  https://t.co/5Fzs9w8JIb,
Bahlil Kawal Investasi #HIPMIRempang  Kita pun mendukung langkah beliau untuk berikan hak warga Rempang yg terdampak investasi https://t.co/wmkc7rSMyL,
"Sudah saatnya warga Pulau Rempang bersinergi dgn pemerintah @bahlillahadalia dlm mendukung pertumbuhan ekonomi. kitapun harus terus menjaga iklim investasi Indonesia yg sedang tinggi, momentum yg sngt bagus  @kumparan Bahlil Kawal Investasi  #HIPMIRempang https://t.co/J6VIttQ7e1",
@CSzipel_ Alhamdulillah akhirnya Pak Bahlil Kawal Investasi untuk warga Rempang berjalan lancar  #HIPMIRempang,
Kontribusi Pak Bahlil Kawal Investasi di wilayah Rempang telah mendapatkan banyak apresiasi sebab beliau sudah berhasil meyakinkan dan merangkul warga serta memastikan bahwa investasi tersebut akan membawa berkah ekonomi kepada mereka. Salut kepada Bapak #HIPMIRempang https://t.co/8g4dJNd23m,
"@floreskekinian2 Betul betul betul, beneran Pak Bahlil Kawal Investasi #HIPMIRempang yang sebelumnya sempat kemakan trust Issue tentang Rempang Eco City, tapi alhamdulillah dilanjutkan kembali proyeknya sampe dapat apresiasi lagi",
Kita selalu mendukung bahlil dalam setiap langkah dan terobosannya Rempang Aman  #DukungBahlil,
"Pak Bahlil Kawal Investasi selalu konsisten dan selalu pantau agar berjalan dengan baik.. ditambah pendekatan dgn masyrakat Rempang jg hangat. Salut pak, sukses terus! #HIPMIRempang https://t.co/Xnh086T6Zb",
"Sinergi antara Hipmi dan pemerintah, termasuk BP Batam, akan membawa dampak positif besar bagi investasi di Rempang. Peningkatan keterampilan warga lokal adalah kunci kesuksesan proyek ini. Kuncinya adalah menteri Bahlil Kawal Investasi.  #HIPMIRempang https://t.co/uXWA1WdYOv",
HIPMI mendukung penuh investasi Rempang Eco Park yang dikawal Menteri Bahlil akan membawa kesejahteraan bagi semua  Bahlil Kawal Investasi #HIPMIRempang https://t.co/NzPYfPk6yo,
Ternyata komunikasi itu sangat penting ya... Buktinya komunikasi yang dilakukan Pak Bahlil Kawal investasi dengan pendekatan Humanis perlahan tapi pasti Pengembangan Rempang EcoCity mendapat dukungan dari berbagai pihak khususnya warga rempang itu sendiri. #HIPMIRempang @CNN,
Bahlil Kawal Investasi rempang ini suatu kemajuan yang baik dan semoga perekonomian warga disana bisa meningkat. #HIPMIRempang https://t.co/m9Qa0DqwDc,
@IND0_Update @MataNajwa @Metro_TV @tvOneNews Selalu mengapresiasi menteri Bahlil yang telah beberapa kali turun langsung kepulau Rempang untuk melakukan pendekatan kepada warga   Bahlil Kawal Investasi #HIPMIRempang,
Himpunan Pengusaha Muda Indonesia (Hipmi) makin yakin investasi Rempang akan berjalan sesuai harapan karena Bahlil Kawal Investasi #HIPMIRempang https://t.co/PqkuPSbg2n,
Pak bahlil selalu berjuang demi kemajuan dan demi kemakmuran rakyat Indonesia khususnya di Pulau rempang sana Bahlil Kawal Investasi  #HIPMIRempang,
@IND0_Update @MataNajwa @Metro_TV @tvOneNews Bahlil Kawal Investasi keren sih memakmurkan warga rempang  #HIPMIRempang,
"Dalam upaya mendukung investasi ini, Hipmi siap berkolaborasi dengan pemerintah @bahlillahadalia utk meningkatkan keterampilan warga Rempang lewat pelatihan. Ini langkah yg bagus utk warga yg berdampak, saya sngt mendukung, @detikcom Bahlil Kawal Investasi  #HIPMIRempang https://t.co/BoOVap19tJ",
"Investasi Rempang Eco City  terus mendapatkan perhatian  dari Himpunan Pengusaha Muda Indonesia (Hipmi) sertapun Pak Bahlil Kawal Investasi tersebut, hal itu guna membantu menyukseskan investasi ini agar bisa berjalan dengan baik dan sesuai harapan #HIPMIRempang https://t.co/gHsfqvtseN",
Jaminan kepada warga Pulau Rempang terdampak proyek Eco City mempertegas kalau Bahlil Kawal Investasi dan membawa dampak positif bagi warga  #HIPMIRempang https://t.co/ErCwiJuOya,
Usaha pendekatan kepada warga lokal Rempang yang dilakukan Bahlil sukses mendapatkan kepercayaan warga  bahwa investasi ini akan berdampak positif terhadap ekonomi para warga  Bahlil kawal investasi #HIPMIRempang https://t.co/FPGH7pd21g,
"Salut sama Bahlil Kawal Investasi, semoga berdampak positif bagi investasi rempang   #HIPMIRempang https://t.co/WF5h8uGVPu",
@floreskekinian2 Bahlil Kawal Investasi bener adanya memberikan perhatian serius kepada warga Rempang sebagaimana yang telah dituangkan dalam Peraturan Presiden #HIPMIRempang,
"Langsung Mentri @bahlillahadalia dalam memberikan hak bagi masyarakat Rempang yang terdampak didukung penuh oleh banyak pihak, salah satu yang vokal mendukung adalah @DPR_RI  Bahlil Kawal Investasi  #HIPMIRempang https://t.co/h8aptKZNP7",
"Investasi Rempang bisa jadi contoh utk kedepan, Kondusifitas investasi di Indonesia yg sedang tinggi harus dijaga, karena kita juga berkompetisi dengan negara lain dalam menarik FDI, @detikcom @bahlillahadalia Bahlil Kawal Investasi  #HIPMIRempang https://t.co/y6qNd05elO",
"investasi Rempang ini akan berjalan sesuai harapan, berdampak positif bagi perekonomian nasional dan daerah, serta bisa membawa kesejahteraan bagi masyarakat sekitar. Bahlil Kawal Investasi  #HIPMIRempang",
Pendekatan yabg dilakukan Pak Bahlil memang luar biasa. Bahkan sampai sekarang pak Bahlil Kawal Investasi yg di Rempang #HIPMIRempang https://t.co/sEGKBWbkFG,
"Tau ga sih, langkah investasi pemerintah @balillahadalia jg didukung oleh Himpunan Pengusaha Muda Indonesia (HIPMI), Pasalnya, terdapat banyak manfaat yang akan dirasakan oleh Indonesia, khususnya warga di Pulau Rempang. @kumparan Bahlil Kawal Investasi  #HIPMIRempang https://t.co/Mhsl7X1FcI",
Apresiasi setinggi tingginya untuk pak bahlil karena berhasil dekati warga rempang secara humanis Bahlil Kawal Investasi #HIPMIRempang https://t.co/lGQur8Mhm1,
Keren sekali Pak Bahlil Kawal Investasi Proyek Rempang Eco Park #HIPMIRempang https://t.co/qbIRx84UlK,
"Kami mengapresiasi Menteri @bahlillahadalia yg telah beberapa kali turun langsung ke Rempang melakukan pendekatan humanis ke warga, smpai akhirnya warga setujui &amp  ikut mendukung investasi lanjut, @jokowi Bahlil Kawal Investasi  #HIPMIRempang  https://t.co/UCZFbicaq6",
HIMPI memberikan perhatian besar terhadap investasi Rempang Eco City yg terus  dikawal oleh Menteri Investasi @bahlillahadalia sejak awal hingga saat ini dan siap membantu menyukseskan investasi ini. @detikcom  Bahlil Kawal Investasi  #HIPMIRempang  https://t.co/89rYoIFTJO,
Bahlil Kawal Investasi dan berikan hak warga rempang yg terdampak investasi.  #HIPMIRempang https://t.co/aSS2zpWggN,
Investasi yang dilakukan di pulau Rempang merupakan bentuk keseriusan pemerintah dalam meningkatkan perekonomian Indonesia. Bahlil Kawal Investasi  #HIPMIRempang,
Memang strategi Pak Bahlil Kawal Investasi di Rempang ini keren sekali. Warga pun pasti juga menyambutnya dengan sukarela pula. Sukses ya pak. #HIPMIRempang https://t.co/S8zWzuOnsK,
"Info terbaru terkait Investasi Rempang, saat Investasi tsb didukung oleh Himpunan Pengusaha Muda (HIPMI), Hipmi sangat mengapresiasi Bahlil Kawal Investasi Proyek Rempang ini #HIPMIRempang",
Tanggung jawab penuh harus di lakukan pemerintah agar masyarakat rempang mendapatkan haknya @jokowi @tvOneNews  Bahlil Kawal Investasi  #HIPMIRempang https://t.co/i20WMoTvmN,
Kita apresiasi kerja nyata menteri Bahlil yg sukses melobi warga rempang agar mau direlokasi. Bahlil Kawal Investasi  #HIPMIRempang,
"Dengan penempatan masyarakat Rempang yang ada di hunian sementara, dalam memastikan pak Bahlil Kawal Investasi dengan baik hak-hak masyarakat Rempang pun harus terpenuhi  #HIPMIRempang https://t.co/Zf4AwDTYlt",
"@floreskekinian2 Setuju banget sama point ini, Pak Bahlil Kawal Investasi Rempang Eco City bersama dengan #HIPMIRempang ini",
Bisa dilihat keseriusan pemerintah kepada warga Rempang terlihat dari langkah konkret Menteri @bahlillahadalia yg terus melakukan pendekatan dgn cara melakukan kunjungan berulang kali ke Rempang. Menteri yg benar2 turun langsung 👍 @MataNajwa Bahlil Kawal Investasi #HIPMIRempang https://t.co/FVlUXlln7Q,
Karen sih Pak Bahlil Kawal Investasi di rempang #HIPMIRempang  https://t.co/IumWXpdq5g,
DPR @DPR_RI akan dukung terus langkah pak bahlil @bahlillahadalia yang akan berikan hak warga rempang yang terdampak investasi.  Keren pak bahlil tidak melupakan hak-hak warga yang terdampak investasi.  @jokowi @Gerindra @pandji @tribunnews  Bahlil Kawal Investasi  #HIPMIRempang https://t.co/oZxYAkrARU,
keseriusan pemerintah kepada warga Rempang terlihat dari langkah-langkah konkret Pak Bahlil yang terus melakukan pendekatan dengan warga dengan cara melakukan kunjungan berulang kali ke Pulau Rempang. @bahlillahadalia  Bahlil Kawal Investasi  #HIPMIRempang https://t.co/eDPIigf1hX,
Pelatihan kewirausahaan untuk masyarakat Rempang bisa disesuaikan dengan kemauan dan potensi yang ada di sana. HIPMI siap membantu masyarakat Rempang. @aniesbaswedan @DPP_PKB  Bahlil Kawal Investasi  #HIPMIRempang https://t.co/CZa4yALYPp,
Banyak manfaat yg akan didapat warga rempang kalau investasi Rempang Eco City dilanjutkan dikerjakan.  Bahlil Kawal Investasi  #HIPMIRempang,
"Kami mengapresiasi Menteri @bahlillahadalia yg telah beberapa kali turun langsung ke Rempang melakukan pendekatan humanis ke warga, smpai akhirnya warga setujui &amp  ikut mendukung investasi lanjut, @jokowi Bahlil Kawal Investasi  #HIPMIRempang https://t.co/VQZofCuOkx",
"Intinya masa depan investasi di Rempang ini menjanjikan, kita harus dukung langkah pak @bahlillahadalia ini, warga disanapun jg 70% sudah setuju dan bersedia relokasi, @detikcom @jokowi Bahlil Kawal Investasi  #HIPMIRempang  https://t.co/Er6RdGtOqz",
@IND0_Update @MataNajwa @Metro_TV @tvOneNews Smg berdampak baik bagi warga rempang maupun investor Bahlil Kawal Investasi #HIPMIRempang,
Sinegitas antara Pemerintah dan HIMPI akan memberi dampak yang positif terhadap ekonomi Rempang   Bahlil Kawal Investasi  #HIPMIRempang,
"Positif bngt langkah peningkatan keterampilan warga ini, warga lokal Rempang akan memperoleh kesempatan lebih besar dlm penyerapan kerja yg tersedia dengan keberadaan investasi ini.  @detikcom @bahlillahadalia Bahlil Kawal Investasi  #HIPMIRempang https://t.co/caMvKnz6Tj",
"Banyak dukungan dari berbagai sisi, yakin jadi meningkat kesejahteraan warga Rempang #HIPMIRempang https://t.co/BZdpJ87K3X",
"Bahlil Kawal Investasi , sekarang waktunya buat warga Pulau Rempang bekerjasama dengan pemerintah untuk mendukung pertumbuhan ekonomi sekitar  #HIPMIRempang https://t.co/Axh9TfPO9p",
Saya setuju dengan langkah-langkah yang telah dilakukan dan yang akan dilakukan oleh pemerintah terkait warga masyarakat di Pulau Rempang. prabowo @Gerindra @kompascom @corbuzier  Bahlil Kawal Investasi #HIPMIRempang https://t.co/QM3035E94K,
@IND0_Update @MataNajwa @Metro_TV @tvOneNews Semoga kolaborasi HIPMI dengan Bahlil untuk kawal investasi Rempang akan berdampak positif bagi kesejahteraan hidup dan ekonomi masyarakat Indonesia #HIPMIRempang,
@IND0_Update Bahlil Kawal Investasi di rempang ini banyak dampak positif yang di dapatkan oleh warga.  #HIPMIRempang,
Harus diapresiasi nih Pak Bahlil Kawal Investasi Proyek Rempang Eco City #HIPMIRempang https://t.co/sthAQoofsD,
Investasi Proyek Rempang Eco Park semakin menjanjikan berkat peran penting Menteri Bahlil. HIPMI berdiri teguh di sampingnya!  Bahlil Kawal Investasi #HIPMIRempang https://t.co/NJrjPHg1xa,
Kinerja Pak Bahlil Kawal Investasi Proyek Rempang patut diacungi jempol  #HIPMIRempang https://t.co/4LvTKlWQ8J,
Kita sangat banyak berharap kepada bahlil selaku menteri investasi agar terus mendorong kemajuan dan melahirkan kesejahteraan untuk rakyat Indonesia khususnya di pulau rempang Bahlil Kawal Investasi  #HIPMIRempang https://t.co/QI42cXj2JX,
Sudah sangat jelas bahwa dengan adanya pengembangan Kawasan Rempang dalam proyek Eco City yang digagas oleh Pemerintah RI dan mampu mendatangkan banyak investasi dari berbagai pihak di dunia.  Bahlil Kawal Investasi  #HIPMIRempang,
HIPMI siap berkolaborasi dengan pemerintah dan juga investor di Pulau Rempang. @Official_MNCTV @pak Bahlil Kawal Investasi  #HIPMIRempang https://t.co/luedNDmO9h,
Dengan pembangunan rempang EcoCity ini diharapkan ekonomi masyarakat semakin tumbuh @jokowi @TVRINasional  Bahlil Kawal Investasi  #HIPMIRempang https://t.co/j3EiaPF6us,
Sinergi dan kolaborasi antara #HIPMIRempang dan pemerintah diharapkan akan menghasilkan hasil positif untuk proyek investasi Rempang dan apresiasi untuk Bahlil Kawal Investasi  #HIPMIRempang  https://t.co/Jj7Yfzzxwl https://t.co/5LEPkWcSRS,
HIPMI Memastikan kesejahteraan masyarakat akan meningkat dengan adanya investasi Rempang Eco City dan siap mendukung dan mensukseskan investasi Rempang Eco city. @ridwankamil @detikhot @FiersaBesari  Bahlil Kawal Investasi #HIPMIRempang Baca selengkapnya:  https://t.co/k6uE0SCecw,
Hipmi atau Himpunan Pengusaha Muda Indonesia bersama dengan Bahlil Kawal investasi Rempang. Mereka yakin bahwa investasi ini akan berjalan dengan baik dan memberikan dampak positif bagi beberapa aspek terutama perekonomian nasional dan daerah #HIPMIRempang,
"Dalam upaya mendukung investasi ini, Hipmi siap berkolaborasi dengan pemerintah @bahlillahadalia utk meningkatkan keterampilan warga Rempang lewat pelatihan. Ini langkah yg bagus utk warga yg berdampak, saya sngt mendukung, @detikcom Bahlil Kawal Investasi  #HIPMIRempang https://t.co/7k2IwRp7Mk",
Investasi Rempang diyakini oleh Hipmi akan terlaksana sesuai harapan dan akan berdampak positif bagi kesejahteraan masyarakat sekitar serta perekonomian nasional dan juga daerah. Oleh sebab itu agar semuanya berjalan baik maka Pak Bahlil Kawal Investasi #HIPMIRempang https://t.co/YsQD9sM0CA,
Rempang Eco-City akan buka Ratusan ribu Lapangan pekerjaan dan #HIPMIRempang siap untuk melaksanakan pelatihan kewirausahaan untuk warga yg terdampak pengembangan Rempang Eco-City. Bahlil Kawal Investasi Cc @PartaiSocmed @Partai,
Upaya Pak Bahlil Kawal Investasi di Rempang ini benar2 membawa berkah buat warga nih. Akan banyak warga yang mempunyai pekerjaan dan penghasilan dari Rempang ini. #HIPMIRempang https://t.co/xip97tLiVE,
Hipmi memberikan perhatian besar terhadap investasi Rempang Eco City yang terus dikawal oleh Menteri Investasi Bahlil Lahadalia dan  siap membantu menyukseskan investasi ini. prabowo @Gerindra @kompascom @corbuzier Bahlil Kawal Investasi  #HIPMIRempang https://t.co/81YMPsplGw,
"Proses pembangunan proyek Rempang Eco City ini tetap memikirkan perekonomian warga Rempang, dalam hal ini Bahlil Kawal Investasi dengan menyiapkan UKM Center untuk meningkatkan ketrampilan masyarakat #HIPMIRempang https://t.co/Pzlbsc46Vh",
"dpr dukung langkah bahlil nih, dalam hal memberikan hal warga rempang yang terdampak investasi   Bahlil Kawal Investasi #HIPMIRempang https://t.co/uXvxIRjWZu",
HIMPI terus memberi perhatian terhadap pemerintah terkait projek Eco City dan siap mengawal demi kesejahteraan rakyat Rempang   Bahlil Kawal Investasi  #HIPMIRempang,
himpunan pengusaha muda indonesia (hipmi) mengapresiasi upaya Bahlil Kawal Investasi rempang eco city dan mereka siap utk membantu menyukseskan investasi ini #HIPMIRempang https://t.co/bMTOwqb7HU,
"warga Rempang yg terkena dampak utk tdk khawatir dgn kompensasi yg diberikan pemerintah, pak @bahlillahadalia berikan perhatian serius warga Rempang sesuai dlm Perpres soal ganti rugi hak warga Rempang yg terkena dampak investasi. Bahlil Kawal Investasi  #HIPMIRempang https://t.co/XDUCywdO0h",
Dengan konsisitennya pemerintah dalam membangun Eco City HIMPI memberi dukungan dan ingin mengawal bersama demi keberlangsungn ekonomi Rempang  @bahlillahadalia   Bahlil Kawal Investasi  #HIPMIRempang https://t.co/osQQVB7zty,
"Banyak yg ikut menyerukan mendukung Investasi @bahlillahadalia salah satunya HIPMI, HIMPI percaya pertumbuhan ekonomi &amp  penyerapan lapangan kerja akan buat Rempang maju, @detikcom  Bahlil Kawal Investasi  #HIPMIRempang https://t.co/7z4ai4C8TX",
Pulau rempang merupakan pulau strategis yang didukung oleh dewan perwakilan rakyat Indonesia Rempang Aman  #DukungBahlil,
HIMPI mendukung atas projek yg Bahlil kerjakan meninjukan bahwa Eco City akan berdampak baik utk ekonomi rakyat Rempang  Bahlil Kawal Investasi  #HIPMIRempang,
Sinergi dan kolaborasi antara Hipmi dan pemerintah saya yakin akan membawa dampak positif bagi investasi di Rempang. prabowo @Gerindra @kompascom @corbuzier Bahlil Kawal Investasi  #HIPMIRempang https://t.co/hjbcuhZvlA,
investasi Rempang berjalan lancar berkat semua pihak yang turut serta membantu Bahlil Kawal Investasi  #HIPMIRempang https://t.co/NoGN1uhiKM,
"Bersama Bahlil Kawal Investasi, HIPMI menunjukkan dukungannya atas proyek Rempang Eco City. Saat ini warga telah tersedia mengikuti arahan pemerintah untuk menempati kampung baru Tanjung Banun, dan sebaliknya, pemerintah memastikan hak warga terpenuhi. #HIPMIRempang https://t.co/ikS3Hpf5Yt",
"untuk proyek rempang eco city Bahlil Kawal Investasi secara langsung agar berjalan dengan lancar, hak juga akan diberikan kepada warga yang terdampak #HIPMIRempang https://t.co/1R7VymDNW7",
Bahlil Kawal Investasi rempang ini emang menarik banget karena kinerja nya bener bener bagus banget.  #HIPMIRempang https://t.co/gA8ILI3I73,
Gokill HIPMI mengapresiasi pro Aktif menteri Bahlil Lahadalia yang melakukan pendekatan humanis kepada warga Rempang.  @bahlillahadalia @detikcom @DPP_PKB @C_lontong  Bahlil Kawal Investasi #HIPMIRempang https://t.co/DBzy6LmRKP,
"Keseriusan HIPMI dalam mendukung pembangunan, HIPMI mengadakan pelatihan kewirausahaan untuk masyarakat Rempang yang terdampak. @prabowo @Gerindra  Bahlil Kawal Investasi  #HIPMIRempang https://t.co/R72xmosIP1",
Rempang Eco City dapat memberikan eskalasi bagi peningkatan kualitas hidup dan kesejahteraan warga Rempang. Bahlil Kawal Investasi  #HIPMIRempang,
Pemerintah serius dalam mengembangkan konsep Eco City di Rempang. Hal itu juga di dukung penuh oleh HIPMI. @PartaiSocmed  Bahlil Kawal Investasi  #HIPMIRempang,
"Rempang Eco City adalah proyek pengembangan yang bertujuan untuk menjadikan Pulau Rempang sebagai kawasan industri, perdagangan, dan wisata yang terintegrasi.  Bahlil Kawal Investasi  #HIPMIRempang",
DPR dukung langkah Bahlil Kawal Investasi ECO city di pulau Rempang dengan memberikan hak warga terdampak investasi yakni uang sewa dan uang tunggu #HIPMIRempang https://t.co/cLSvMdPTHF,
@CSzipel_ Bahlil Kawal Investasi terlihat sih selalu melakukan pendekatan dengan warga dengan cara melakukan kunjungan berulang kali ke Pulau Rempang #HIPMIRempang,
Pulau Rembang adalah pulau yang saat ini sedang dibangun menjadi pembangunan yang sangat strategis untuk kemajuan dan kesejahteraan di Pulau sana Bahlil Kawal Investasi  #HIPMIRempang,
Pak Bahlil Kawal Investasi untuk #HIPMIRempang ini membuahkan hasil. BP Batam mendirikan UKM Center untuk membantu UMKM warga Rempang https://t.co/umHOf92kOu,
"Pendekatan pak bahlil kepada penduduk rempang mendapat apresiasi dari berbagai pihak, salah satunya dari HIPMI Bahlil Kawal Investasi  #HIPMIRempang https://t.co/2NYyuVJpsX",
Keren bgt Menteri Investasi Bahlil Kawal Investasi Proyek Rempang #HIPMIRempang https://t.co/ALYNcjKbAG,
Dengan adanya mega oroyek Rempang Eco City maka mereka mampu mendapatkan pekerjaan atau pendapatan tambahan. Bahlil Kawal Investasi  #HIPMIRempang,
Saya selaku masyarakat Indonesia sangat mendukung pembangunan di Pulau rempang agar ke depan Pulau rempang semakin maju dan semakin sejahtera rakyatnya Bahlil Kawal Investasi  #HIPMIRempang,
Banyak alasan kenapa kita harus mendukung Bahlil dalam proyek strategis nasional di Pulau Rempang Rempang Aman  #DukungBahlil,
Pak Bahlil Kawal Investasi untuk rempang eco park #HIPMIRempang https://t.co/kJtjy6Igps,
sudah saatnya warga Pulau Rempang bersinergi dengan pemerintah dalam mendukung pertumbuhan ekonomi. @bahlillahadalia @Pak_JK  Bahlil Kawal Investasi  #HIPMIRempang https://t.co/q9wba1MoIC,
dengan adanya ukm center ini diharapkan bisa membantu warga rempang untuk meningkatkan keterampilan Bahlil Kawal Investasi #HIPMIRempang https://t.co/9hknk1ldnF,
Hipmi apresiasi Bahlil Kawal Investasi dan rangkul masyarakat untuk menyukseskan investasi Rempang Eco city #HIPMIRempang https://t.co/EQ7FlVjcCL,
"Menteri Investasi Bahlil, telah memastikan pemerintah akan berikan jaminan hak bagi warga pulau Rempang yang terkena dampak pembangunan proyek Rempang Eco City. Bahlil Kawal Investasi #HIPMIRempang https://t.co/uWk3Fv2Jqg",
"yakin banget kalau Bahlil Kawal Investasi di rempang, akan berdampak positif bagi perekonomian nasional dan daerah #HIPMIRempang https://t.co/uZmirKeE6Q",
"Dengan peningkatan keterampilan, maka warga lokal Rempang akan memperoleh kesempatan yang lebih besar dalam penyerapan kerja yang tersedia dengan keberadaan investasi ini. prabowo @Gerindra @kompascom @corbuzier Bahlil Kawal Investasi  #HIPMIRempang https://t.co/wvmmC2IKBF",
Semoga semua ada dampak positif nya untuk warga rempang   Bahlil Kawal Investasi  #HIPMIRempang https://t.co/ndZIdxSJq5,
"kan, hipmi juga yakin kalo investasi Rempang ini bakalan berjalan sukses karena diliat emang dampak positifnya banyak ayo Bahlil Kawal Investasi #HIPMIRempang https://t.co/GGN0aImvJO",
Sayapun dukung terusblangkah pak Bahlil berikan hal warga rempang yang terdampak investasi. prabowo @Gerindra @kompascom @corbuzier Bahlil Kawal Investasi  #HIPMIRempang https://t.co/fLRtuCtVrq,
"Masyarakat Rempang sudah mendukung Rempang EcoCity utk diteruskan, aspirasinya didengar &amp  mereka mendapat hak mereka, pak @bahlillahadalia jg akan kolaborasi buat pelatihan ke warga selama relokasi sementara, @detikcom Bahlil Kawal Investasi #HIPMIRempang  https://t.co/VNw2JiH9FP",
"Rempang Eco City akan mendatangkan banyak investasi dari berbagai belahan dunia, sehingga lapangan pekerjaan pun akan dibuka dengan sangat luas kepada warga sekitar.  Bahlil Kawal Investasi  #HIPMIRempang",
DPR mendukung penuh Pak Bahlil Kawal Investasi dan memberikan hak warga rempang yang terdampak #HIPMIRempang https://t.co/FDbJj0fKk9,
"UKM Center ini berguna banget nih buat ningkatin skill warga Rempang, pasti kesempatan kerjanya lebih besar Bahlil Kawal Investasi #HIPMIRempang https://t.co/9fXEbQxRnB",
"Pro aktif pak @bahlillahadalia yg konsisten mengawal &amp  memastikan investasi ini bisa berjalan baik harus diapresiasi, pak Bahlil turun sbg perwakilan pemerintah berhasil menghadirkan win2 solution antara warga Rempang &amp  investor. @MataNajwa Bahlil Kawal Investasi  #HIPMIRempang https://t.co/OmRuALEuQN",
HIMPI akan berkolaborasi dengn pemerintah demi nilai kesejahteraan rakyat Rempang @bahlillahadalia  @kompascom  @radityadika  Bahlil Kawal Investasi  #HIPMIRempang  https://t.co/oCKjfzafYb,
"Luar biasa, banyak pihak yang mendukung penuh pembangunan proyek Rempang Eco City. Pasalnya, terdapat banyak manfaat yang akan dirasakan oleh Indonesia, khususnya warga di Pulau Rempang. Bahlil Kawal Investasi  #HIPMIRempang https://t.co/Z5ZRO64A6S",
Hipmi apresiasi pro aktif Bahlil Kawal Investasi dan dekati warga rempang secara humanis #HIPMIRempang https://t.co/mTHfDom2Jm,
'Just let me die here': Why locals on Indonesia's Rempang oppose eviction for China-backed project https://t.co/E98NMoE475,
'Just let me die here': Why locals on Indonesia's Rempang oppose eviction for China-backed project https://t.co/oQJDH2ziKp,
'Just let me die here': Why locals on Indonesia's Rempang oppose eviction for China-backed project https://t.co/dhZH0d3fBu,
'Just let me die here': Why locals on Indonesia's Rempang oppose eviction for China-backed project https://t.co/1W87ElJXEu,
@Resty_J_Cayah @Miduk17 ITU GR GR KESELEK BULDOSER REMPANG KWKWKW,
"@Beritasatu Walah2 nyindir ney...tp ya bagai mana...ijazah, bagai mana koruptor, bagai mana rempang, bagai mana mafia2 sekarang...seperti nya mau nyindir2... sepertinya masih kureng jg siii...terakhir usia presiden bisa di setting ulang jg...",
'Just let me die here': Why locals on Indonesia's Rempang oppose eviction for China-backed project https://t.co/lgWPI0SQf8 https://t.co/frv6Q2GWgc,
"@IFnubia @koko_hage @Heraloebss jangan lu samain dengan jalan provinsi, lah gublogggg. kalo daerah pati - rembang gua juga mikir2 mau langsung nyebrang ambil kanan. 😪😪😪🤦🏼",
Erlangga Giat Literasi Keliling Nusantara Hadir di Pantai Palawangan Rembang https://t.co/cl0D82hsgL,
"@Resty_J_Cayah @Miduk17 Buldozer mana buldozer. Penderitaan ribuan warga Rempang lbih parah, dri pda sakitnya opung.. Do'a-do'a orang yg terzolimi tembut langsung ke ars.. selamat menikmati keserakahan opung👏👏👏👏",
@Resty_J_Cayah @Miduk17 Yang mau ngebuldoser org rempang,
antusias warga melayu bersatu mendukung investasi di p. #rempang,
"@riiuskyle Orang rembang jateng, kamu org mana kak rii?😡",
"@danielht2009 @akbarfaizal68 @mohmahfudmd Tegas untuk mengusir rakyat asli Pulau Rempang, gw sih scr study keilmuan sangat mengidolakan beliau, tapi untuk kebijakan dan gebrakan hukum terkait Pulau Rempang sgt terlihat kekejaman yg nyata.",
", mau nanya ada fans jeketi dari rembang atau sekitarnya ndak iya.?",
@bvaiq @mazzini_gsp @mohmahfudmd siap2 diserang isu rempang,
@Puthutea Ngga tau dah orang rempang dan wadas ngerasa spt mu,
@democrazymedia Kepelbagaian prilaku dan tindak tunduk kepemimpinan negara ini selalu jelas mengusik nurani rakyat. Atau kah sebuah hati itu telah kering dari cahaya perikemanusiaan yang adil dan beradab ??? Rempang dan sejenisnya. UU ciptakerja dan berbagai nya . Kejenuhan itu mbw dampak,
nyerang sego kucing segitiga😙 https://t.co/Ivcfy4sRaC,
"@cobeh2022 Iya cepat kembali lord, warga rempang kangen denganmu 🤭",
@Afirhuls @hanibeeu Mimpilah rempang pun tak settle lagi.,
"Menhan Ultah, Pedagang Pasar #Rembang Gelar Doa Bersama #klikRMOL https://t.co/jfXQVIVgYh",
https://t.co/2OK2UMjHAq,
https://t.co/YdG3gpFN7k,
https://t.co/qgGSz6gUZF,
https://t.co/QNskUOLloQ,
Check out this article: HIPMI Siapkan Pelatihan Kewirausahaan untuk Masyarakat Terdampak di Pulau Rempang - https://t.co/U0leQi5uVe,
"@tyoojani @SamSoegi @akbarfaizal68 Sebagai ketua TGIPF kasus Kanjuruhan melempem dia...truss kasus Rempang banyak blundernya juga,,kasus yg triliunan yg dia bongkar muaranya gak jelas...ntahlahh kita liat aja besok",
"@msaid_didu Kan udah bukan rahasia lagi dijamannya, ada tim pelapor ada juga tim yg menerima laporan,  Ada penggugat ada pula yg menerima mengabulkan gugatan,  Sementara kita lupa dengan rempang galang dan IKN, Selesaikan apa yg menjadikan semua itu terjadi, akhiri yg menjadikan itu terjadi",
"Erlangga Giat Literasi Keliling Nusantara akhirnya tiba di Pantai Plawangan, Rembang, Jawa Tengah. https://t.co/Wk9Tn0xFAx",
ada konser di rembang...lagi2 gue kudet...efek punya temen itu2 aja. kudet juga wkkwkwkkw,
Hipmi siap beri pelatihan wirausaha untuk warga Pulau Rempang https://t.co/fV6kKlvxnS,
Harey Mukhriz buat rempang kat SNBJ 😂,
#AniesMuhaimin2024 Rempang,
"Meskipun ga ngerasain keseeruannya, tp seneng banget kalo di rembang ada acara rame rame :)",
"@happinesttgirl @undipmenfess Kudus, pati, jepara, rembang, blora dan sekitarnya",
@cnbcindonesia Ikn dan rempang! Sejarah mencatat,
@adionooo Yang aksesnya gampang dan berlimpah juga minim minat bacanya,
"Kick Off Pemilu 2024, Nasdem Rembang Gelar Konsolidasi Internal https://t.co/8oqKjZDAgo via @KartiniTv",
@Dandhy_Laksono Semoga sehat selalu warga rempang...,
@RumahCinta15 K Timur.. Juana Rembang Lasem Kragan Sarang Tuban Lamongan,
"@Miduk17 Jualan Radikal radikul, ditanyain solusi beras mahal suruh makan singkong, pancasilais tapi bohon soal rempang,hadeeh... drama!",
@Resty_J_Cayah @Miduk17 Mau di P Rempang apa dibawah rel kareta cina?,
"bersolidaritas dengan palestina, harus pula dibarengi dengan solidaritas terhadap seruyan dan rempang !",
"@aminudinarif69 @Catatan_ali7 Tukang mebel yang suka bohong klo omong sll terbalik,sll ingkar janji, jual pasir laut,IKN DIJUAL DGN HGB 190TH+BEBAS PAJAK 30TH,REMPANG DIJUAL,RAKYAT SERUYAN MINTA HAK 20% HGU YANG DIJANJIKAN JUSTRU DITEMBAK DGN PELURU TAJAM,WADAS JG MSH BLOM BERES,begini kok PD merapat https://t.co/ouc9kuzSf7",
Selalu yakin dan optimis.  #inibuina #kartinasukawati #PartaiDemokrat #katakatabijak  #katakatahariini #quotesmotivasi  #quotesindonesia  #quotepftheday  #nasihat #bijak  #yakin  #pati #rembang #dprdjawatengah #dprdprovjateng https://t.co/uW93kFyjp5,
@liaasister apa lagi sambil baca jokowi under cover...hilang selera semua palsu,
Arteria Dahlan:  Utamakan Penyelesaian Konflik Rempang dengan Kearifan Lokal https://t.co/pRKU1DNSQK,
@Udinsam_dua @liaasister 😀,
"situesyen🥳 bal-balan ora perlu, gilga selawasee~ 📍 stadion krida  #TXTRBG #GILGA #PIJAR https://t.co/PQfqDdrfNU",
"Bismillah  Kami tdk akan melupakan kalian wahai saudaraku Bangsa Melayu di Rempang.  Dukungan pun kini datang dari Aceh utk saudara kita di Rempang (17/10/2023)  Tak kan melayu Hilang dibumi, Bumi bertuah Negeri beradat""‼️  #saverempang  Dari Aceh Untuk REMPANG  Allahu Akbar ☝️ https://t.co/SXHn7ffg2O""",
@Shankara_Q @idextratime Gak paling banyak 2-0,
@liaasister 😄,
"Percaya Pak Gak percaya juga gada gunanya, toh klu disurvey hasilnya 90 % rakyat percaya sama Bapak. Orang baik 😍🇮🇩",
@liaasister kalau punya anak atau cucu hindari nama Joko apalagi tambah akiran wi....,
@NenkMonica apa penting dibuat statistik keputusan...? lolos tetep lolos,
@dAsalbantani @Dennysiregar7 contoh rempang,
@geloraco enaknya jadi wakil selalu main barbeque...,
@Resty_J_Cayah @Miduk17 selalu bawa nama jenderal kopasus itu mungkin hanya akting....,
@liaasister kemarin cawe cawe sekarang engga ikut campur ...bibirnya terbuat dari apa ya,
"Si putih emas rilis malam ini dr adi putro malang, langsung menuju garasi rembang 😊 https://t.co/1hUg9VBtCL",
@alisyarief sampai kebuzzernya otoriter bukan jokowi saja....,
Bruakakakak Rusak semua uteke begitu nempel Jokowi..😭 @KADIN_Indonesia,
"@Dennysiregar7 @Yusrilihza_Mhd Hahaha Kalah lo Bang. Tanya Permadi, anak ini jalur mana?🤪 https://t.co/uPIQP34fcD",
"Sebagai mana tulisan yang diunggah oleh ibu Hj. Azlaini Agus,,, Dalam Kitab Tuhfat An-Nafis yang ditulis Sang Pujangga Melayu yang tersohor itu... Raja Ali Haji... terbit tahun 1890. bahwa Penduduk pulau Rempang, Galang dan Bulang adalah keturunan dari Prajurit/ https://t.co/ebxUXNGCTH",
MASALAH PULAU REMPANG Konflik Pulau Rempang terjadi antara Pihak Penguasa dengan Masyarakat pulau Rempang yang mendiami 16 Kampung Tua yang berada dipesisir pulau tsb. Merupakan sebuah bentuk Gagal Paham dan tidak memahami terhadap historis Jejak jejak sejarah masa silam.  👇 https://t.co/2qk51MQHOS,
"_*Pro Perubahan, Berjiwa Pemimpin*_ #KawalPerubahanAMIN #AniesMuhaimin2024 @cakimiNOW @DPP_PKB https://t.co/h6GFA9yflt",
"_*Pro Perubahan, Berjiwa Pemimpin*_  #KawalPerubahanAMIN #AniesMuhaimin2024  @cakiminNOW @DPP_PKB https://t.co/se3CjA6CP8",
Humanity above everything.   Silakan cuap-cuap bersimpati terhadap Palestina &amp  alangkah makin ciamik kalo peduli juga isu-isu lokal seperti perampasan tanah di Rempang misalnya atau Dago Elos/Seruyan/Wadas mungkin.  😁🫶🏻😁🫶🏻😁🫶🏻😁,
"Rabu,4 okt 2023 Baiq.S.Rini Luhkan Kab Kukar.KUB Bunga Tanjung Desa Tanjung Batuq Harapan Kec Muara Muntai,panen ikan rempang/ kendia sebanyak https://t.co/DliTDfBfqf dengan Harga Rp 15.000. #GiatluhkanSatmingkalTegal #panen #Luhlapor https://t.co/z3htcr0Qyl",
"Bahlil berbohong  Ombusman datang ke Rempang tdk ada rakyat yg mau di pindah kan   Clear yaa kebohongan Bahlil,   Menurut kepolisian kl berbohong didepan publik dapat dikenai hukuman 10th,  Bgmn dgn kasus bahlil yg berbohong?  https://t.co/0caviJtZH7",
Rempang apa kabar??? Isu lg di Alihkan ya..😂😂😂,
"Setelah gua merasakan nasi goreng di Sarang Rembang, sejak itu gua memutuskan nasi goreng sebagai makanan favorit gua.",
@dedifir30803641 @Anak__Ogi @gibran_tweet @jokowi @kaesangp Tapi harusnya gak seperti ini juga. Harus bisa menahan diri dan kecewanya. Dengan dukungan penuh dari Pak Jokowi Pak Ganjar mungkin bisa menang di Putaran 2,
"Perkara Rempang ini, sebenarnya merupakan akumulasi dari ketergesa-gesaan. Menimbulkan kecurigaan, tentu masyarakat akan melawan karena mereka dirugikan. #userstory https://t.co/ZpJUoQys9E",
Rempang Eco City . #rempang #batam #rempanggalang  #proyekstrategisnasional https://t.co/izjXnyb0Dc,
"@caratstalk Rembang, jateng. ayo sini mutualan terus meet up 🤩",
"piye ngene iki lur, https://t.co/WvVJ9VqZ3H",
Kasus Rempang belum usai sudah muncul masalah baru  https://t.co/I3b3FSpeBE,
"mantau situasi 📍tugu batik, bunderan pasar https://t.co/hYmVQ5sadu",
"@Dennysiregar7 Kalo dituding niat menyerang, ya mending itu dilakukan dengan 'menyiram bensin' waktu momen-momen krisis saat Covid, Omnibus law &amp  Rempang kemarin.  Tetapi apa faktanya di setiap momen kritis begitu? Justru bersikap sebaliknya, di setiap momentum kritis seperti itu, SELALU…",
" pake uangku dulu aja gapapa mas ""  Bukane wong wedok sok sugih,  tapi wong wedok ngunu kuwi ngerti, Angele golek duit ki koyo piye.""",
"@dwioktariyadi DOANYA RAKYAT REMPANG TERKABUL,ALLAHU AKBAR,,",
@NichNach8 @Yuraarthur83 @adearmando61 Kalau si gibran gak mau jadi cawapres nah gimana cari alasan apa lagi untuk membenci IJAZAH PALSU? REMPANG?,
"@medantalk @bobbynasution_ pKa Bobby, tlg lah dibantu.  Medan makin macet banget.  Paling gk ada petugas yg bantu mengatur.  Khususnya di daerah hm yamin, merak jingga putri hijau.  Pulang kerja bsa sampai 2 jam",
"@msaid_didu Alhamdulillah semakin jelas saya dipihak mana, setelah Didu jelas dipihak Anis. Kebencian Didu sudah memperjelas antara haq dan bathil.",
"@Dennysiregar7 Mahfud MD blom apa2 aja udah mmbela wong licik, bukan wong cilik.. Klopp dahh, capresnya gk bisa slsaikan kasus wadas. Cawapresnya gemblung di kasus pulau Rempang.  Kyk 2 biji yg dempet.. https://t.co/XinDpvFHlB",
"@koko_hage @agus_kriwul @Ahmadklaten69 @IFnubia @Heraloebss wkwk teorinya kan gitu tapi prakteknya gak se gampang itu kak, coba sini main ke daerah saya sini (rembang bagian timur) jalan pantura sini ngebut2 truk bus nya hehe, lu nyebrang berhenti di tengah sama aja kyk setor nyawa kecuali buat mobil gak masalah sih",
Kes Rempang macam mana sekarang?   Apa perkembangan?,
"@koko_hage @IFnubia @Heraloebss wkwk teorinya kan gitu tapi prakteknya gak se gampang itu kak, coba sini main ke daerah saya sini (rembang bagian timur) jalan pantura sini ngebut2 truk bus nya hehe, lu nyebrang berhenti tengah sama aja kyk setor nyawa kecuali buat mobil gak masalah sih",
"@agus_kriwul @Ahmadklaten69 @IFnubia @koko_hage @Heraloebss wkwk teorinya kan gitu tapi prakteknya gak se gampang itu kak, coba sini main ke daerah saya sini (rembang bagian timur) jalan pantura sini ngebut2 truk bus nya hehe",
https://t.co/rKxh7ihs6u  . #rempang #rempangecocity  #rempanglebihmaju https://t.co/3mprgSiGBf,
"@Bambangmulyonoo Gak usah beri pesan  Bercerminlah dgn semua bisnismu yg menggurita di dlm pemerintah, kebijakanmu yg menguntungkan kaum kaya &amp  merugikan rakyat, menghalalkan segala cara utk mencapai tujuan, &amp  kezaliman kpd warga yg lemah (misal, warga Rempang)",
"Gak usah beri pesan  Bercerminlah dgn semua bisnismu yg menggurita di dlm pemerintah, kebijakanmu yg menguntungkan kaum kaya &amp  merugikan rakyat, menghalalkan segala cara utk mencapai tujuan, &amp  kezaliman kpd warga yg lemah (misal, warga Rempang)",
"GM diam saat rakyat Wadas, Seruyan, Rempang, digilas.  GM baru 'sedih' dan merasa ditipu ketika Gibran akan jadi cawapres https://t.co/ZLMImnB1YW",
"Rempang 5 kali kiamat"" nggak akan maju kalau gak ada investasi, seperti dikutip Menteri Bahlil dari seorang tetua di pulau itu, saat Menteri Bahlil berdiskusi soal investasi Rempang Eco City.. Hmmm https://t.co/JbyAFY2UXR""",
PERGESERAN WARGA REMPANG KE TEMPAT RELOKASI SEMENTARA  @Li9ayaTalaChes4  Cawapres Panas Yusril Argo Semeru Ketua MK Islamophobic Citra Body Serum Dokter Jogja Mahasiswa UNS Paman #MakinEnek sohee Salma Salsabil BPJS Kesehatan Menteri Hukum Bekasi #NKRIMembangun #Rempang https://t.co/MnSeW05DII,
BP Batam Siapkan Beasiswa &amp  Pelatihan untuk Warga Rempang  @Li9ayaTalaChes4 Cawapres Panas Yusril Argo Semeru Ketua MK Islamophobic Citra Body Serum Dokter Jogja Mahasiswa UNS Paman #MakinEnek sohee Salma Salsabil BPJS Kesehatan Menteri Hukum Bekasi #NKRIMembangun #Rempang https://t.co/GWzl049Omi,
"Datang ke Batam, Komisi III DPR RI Bahas Pulau Rempang https://t.co/bmKZokCMIw",
"@tvOneNews dulu sebelum mengakui kalah telak di Pilgub Jateng , juga ngomong begitu🤣🤣 salam dari rembang",
"Dayang Sumbi itu Ibu Bumi, Sangkuriang itu manusia. Manusia nggak boleh “kawin” dengan ibunya sendiri yaitu Ibu Bumi.  Kisah Sangkuriang-Dayang Sumbi banyak terjadi kok hari ini, kayak di Rempang, Seruyan, Wadas, dan tempat2 lain yang tanah, air, dan udaranya dieksploitasi.",
Apa Invasi Berkedok Investasi Masih Berlanjut ?   dari Rp 197 Triliyun 👉Berapa TKA yg Akan Masuk dan Barapa Pribumi yg akan di di Usir dari Tanah Moyang nya?  Bagaimana Kabar Rempang Air Bangis dan yg Lainya? https://t.co/DD1jdVVHr2,
@Anak__Ogi @gibran_tweet @jokowi @kaesangp Urusan Piala Dunia kecewanya bisa panjang sampai seperti ini,
"Rabu, 19/7/2023 Luhkan Ade Novie Heryanto, S.Pi., https://t.co/yK6bMQDedu bersama dengan Syahbandar UPP Kelas III Rembang melaksanakan pengukuran dan verifikasi kapal nelayan di Ds. Trahan Kec. Sluke #luhlapor https://t.co/PaWHuOqPUx",
"@RSongisewu @Dennysiregar7 Bisa, klu ini gw dukung. Ada jalur Tanoto, denger2 aja sih😋",
"Apakah bisa , anak-anak dan perempuan palestine di ungsikan ke Indonesia, di tempatkan sementara di pulau rempang untuk di jadikan tempat pengungsian bukan investasian? https://t.co/NQwYlhzdfv",
@biasalahanakmud Kenapa kab rembang kok gaada bioskopnya😭💔,
"@solution_ka @Dennysiregar7 @Yusrilihza_Mhd Elo kalo mo protes masalah Rempang, telattt... Aturan main di P.Batam diatur dlm Keppres No.28 Th.1992.Cmiiw.Wadas sdh diselesaikan bln Des 2022.Beritanya dah banyak.",
Gofood rembang https://t.co/U5zQdlSZbU,
"1,1 Juta Jiwa Diusir Israel dari Gaza, Rocky Gerung: Seperti Istana Gertak Rempang! https://t.co/qe6ZtOUqat",
@ferizandra Bulan Juli lalu hasilnya Rempang digusur https://t.co/n8ain2P9B2,
@detikcom Rempang 190 tahun baru balik?,
"@msaid_didu @mohmahfudmd @Yusrilihza_Mhd Negara dibuat rusak tatanan oleh orang yang tdk punya ijazah asli,dan sll berbohong pulak,tp smw kok bs tidak BERKUTIK Aneh bin ghoib kan? Persis hasil PEMILU 2019 SMW BS TUNDUK,pdhl negara DARURAT HUTANG &amp  DICHINAKAN ASSET NEGARA DIJUALI spt IKN,REMPANG,KOK ngga da yang PROTES?",
"@Dennysiregar7 @Yusrilihza_Mhd Baru nyadar ya Hukum di kangkangi..hahaha Udah Lama Tapi Kemaren2 Soal Rempang,Wadas kok diem giliran soal yg berhungan dg Jalannya ganjar karena khawatir anak pak lurah d calonkan Kok ribut ya.hahah",
"Seleksi Administrasi PPPK 2023 Pemkab Rembang telah Diumumkan, Sebanyak 1.536 Pelamar Lolos https://t.co/3zvm6YoSDe",
@QKhalita Bukan REMPANG ya 😄,
Komitmen Pemerintah Kabupaten Rembang Tingkatkan Kepesertaan dan Akses Layanan Kesehatan JKN https://t.co/z9I1ulgxsM,
"1,1 Juta Jiwa Diusir Israel dari Gaza, Rocky Gerung: Seperti Istana Gertak Rempang!  https://t.co/5Mnp7ggjF7 https://t.co/90qZhXzqYn",
"Halo #SobATRBPN ,  Selasa (17/10/2023), telah dilaksanakan Apel Rutin di Halaman Kantor Pertanahan Kabupaten Rembang yang diikuti oleh PNS, PPPK, PPNPN, dan ASK. https://t.co/4fauzby1pJ",
"Di Butuh Kan Segera karyawati Di Warung Kekinian lokasi di Rembang (Jateng) ,Umur 20-30,Di Utamakan REMKOT,Cari Yang Serius Butuh Kerja Serius Chat Langsung Ke :  +62 812-1193-9669 Silahkan Yang Berminat 🤗🥰 Terimakasih.",
Pelamar PPPK Pemkab Rembang Capai 1.874 Orang https://t.co/IGzrTvLGI0,
@KompasTV Jakarta plus rempang adalah kartu as jokowi sebenarnya bukan IKN https://t.co/KbzAQFOpdF,
"Menggusur penduduk Rempang itu pelanggaran HAM berat,kenapa tdk dialihkan saja lokasi pabrik ke Pulau lain ?? Kan gak ribut ,, (2)",
Bagaimana perkbangan Suku Melayu Rempang yg mau digusur ? Soga gak jadi digusur ??? (1),
tugas teks tajuk tentang pulau rempang bikin sakit kepala asli,
"Menyepi dan Mendapatkan Ilmu di Ponpes Tahfidzul Quran LP3IA Rembang, Ganjar memperoleh ilmu dan pembelajaran tentang menjadi manusia yang bermanfaat dan menyelesaikan masalah dengan bijak. #JawaTimur Jawa timur Jatim https://t.co/YUgb17sRnn",
"Menyepi dan Mendapatkan Ilmu di Ponpes Tahfidzul Quran LP3IA Rembang, Ganjar memperoleh ilmu dan pembelajaran tentang menjadi manusia yang bermanfaat dan menyelesaikan masalah dengan bijak. #Jakarta Jakarta https://t.co/kUbwE42Jxd",
"@PDI_Perjuangan Preetttttttthhhhhhh....musim gini ajaa rakyat dibawa2...kendeng,,wadas, rempang, mandalika diem2 baee makkkk......#tenggelamkanbanteng2024",
"Menyepi dan Mendapatkan Ilmu di Ponpes Tahfidzul Quran LP3IA Rembang, Ganjar memperoleh ilmu dan pembelajaran tentang menjadi manusia yang bermanfaat dan menyelesaikan masalah dengan bijak. #JawaTengah Jawa tengah Jateng https://t.co/s7YB14sAnG",
"Menyepi dan Mendapatkan Ilmu di Ponpes Tahfidzul Quran LP3IA Rembang, Ganjar memperoleh ilmu dan pembelajaran tentang menjadi manusia yang bermanfaat dan menyelesaikan masalah dengan bijak. #Banten banten https://t.co/PBMWynPcgR",
Rembang Berbicara! Masyarakat Dukung Ganjar Pranowo menjadi Presiden Republik Indonesia 2024 #GanjarCapres #GanjarPresiden #GanjarPresiden2024 #GenZDukungGanjar #MilenialDukungGanjar https://t.co/jWkPcTkXDB,
"@Bang_Jemie @New_BUFFETT @akhadam77 Fakta cebong sekaum antek penjajah Israel .. bong yg di usir di Rempang itu sekaum mu .. kenapa gak bela, justru yg bela kadrun /teroris radikal/ ekstremis https://t.co/oSqhzEnhzu",
https://t.co/E3hOcWe9Bv,
"Selasa, 3 oktober 2023 Dwi Hastuti luhkan kab Rembang melakukan kunjungan ke ibu-ibu pengupas rajungan yg ada di desa pandangan kulon kec.kragan kab.rembang @PKBLU_bp3tegal #GiatLuhkansatminkaltegal https://t.co/TaeAh1NBll",
"Angelia Windy T, Luhkan Kab. Rembang pada hari Jumat tanggal 16 Juni 2023 pendampingan akses pasar bersama ibu-ibu Dharma Wanita Dinas Kelautan dan Perikanan Kab. Rembang pada acara DWP Kab. Rembang di Gedung Sanggar Budaya Kab. Rembang @PKBLU_bp3tegal  #GiatLuhkanSatminkalTegal https://t.co/1DJR3iKlOn",
@SaifuddinSay @kakilangitimur @__SudutPandang @muchlis_ar @emerson_yuntho Jangan samain rempang sama perang. Kasi contoh itu yg similar kata orang apple to apple. Loe buatnya apple to banana.,
Mau investasi macam kasus Rempang lagi? https://t.co/wrxcLXVljO,
"Angelia Windy T, Luhkan Kab. Rembang pada hari Selasa tgl 10 Oktober 2023 pendampingan pembuatan buku rekening kelompok @PKBLU_bp3tegal #GiatLuhkanSatminkalTegal #luhlapor https://t.co/9LjbmFhDs9",
"@peter_hari @__AnakKolong @ezkisuyanto @ulinyusron @WagimanDeep212_ @Paltiwest @AbankTho2 @iyanKomrad Bodo amat, loe cuma belain kelompok. Korban pemilu lalu, pembantaian FPI, kasus Kanjuruhan, Wadas, Rempang dll pada mingkem loe.",
"Kita lihat masyarkat mana lagi yg jadi korban, kmaren juga abis pulang dari sana, rakyat rempang jadi korban",
"Sudah dijelasin kemaren, yg tanda tangan dan mau direlokasi bukan orang asli Rempang ! YLBHI harus cek KTP dan kartu keluarganya jika ingin bukti autentik.  Sehat selalu perjuangan ! 💪😎🇮🇩",
"Pelajaran bagi orang orang  yg berkuasa di Pemerintahan. Janganlah zholim kpd rakyat, sayangilah rakyat.  Rakyat tdk meminta makan, rakyat hanya meminta keadilan"".   Peristiwa Rempang belum hilang dr ingatan kita. Doa2 yg dipanjatkan adalah doa2 org yg terzholimi. https://t.co/93rcpUZfGS""",
@CNNIndonesia Akankah ada lagi  rempang berikutnya,
@notnud02 @tvOneNews maksud nya israel memperlakukan palestina seperti kita memperlakukan rempang,
@Bambang01250678 @SitiRaf21214506 @Maria_Dzadina @Erick_Riksa @polt4kj4b4l23_ @Widya_Makmur11 @SiregarFre28269 @M3ChaN_1 @mikuroQ @nbea_h @Qs3488 @Bi_Bismillaah__ @dosdoo_ @RadjaJuara @vernanda_manda @jackynore @TarcisiaSim @75Mahrus @rinto_wahyudi8 @Suharma06111152 @BudiSosiawan7 @_Fiel_Seguidor @Nayla_Em @OhSamHR @Sunardi82152433 @MIndraIrawan81 @Mamanya_Azzam @AbyAlthaf @BM7NOGO @JessicaNeo4 @2Suryo @Sunny__vvv @Yoen__AR @ChyanaSurdin @sunset_030230 @VerenaSusilowa1 @tnmuda @ashaannabelle63 @Retno_Wiliss @wongndeso2021 @edi44331822 @aariejazz https://t.co/hWwUsDPvK5,
https://t.co/idjOIce6mI,
"@ch_chotimah2 @jokowi @gibran_tweet @ganjarpranowo Saya 2x pilih lurah... Tp sejak kasus rempang sudah gak ada simpatik lagi k lurah. Demi cuan masuk, rakyat d gebukin n d tembaki gas air mata. Dan pak lurah sama sekalipuan gak ada statement. Tp klo k papua bisa berkali x",
@CantikaCahyhani @Bhening_ @PutraBuana_ @TheArieAir @wiwikherma @AzisDadun_ @riezky_anand4 @sweetarumii @2TRafiS1 @Allwahid805 @w3_esbe @Evie19101 @EDHARIS3 @HerryChristant @my_ella_1111 @Diyanliya_ @afa_cantip @ayaanaya_ @miebasoka1 @mbambangsugiono @Juan_setiawan64 @Adhitya_anand4 @Julhan_Htbarat @RestuAndara99 @DLepenz @ishnacuy @lingsang32 @my_kartika_1111 @dd_afa @aveeyra @Dhinda1_ @ayoonaya_ @my_silvana_1111 @so_c1a @2Suryo @d3wa4smara @Prassana_CJ @Tasroni1971 @rubiavianto @Gita_Gina_ @IsSambalado @denmaswahab @nono_pramono @tzoelvicar48240 @KoesdionoN @h_handoko_9 @jaemcityonz @TRIAJULLY https://t.co/vytaeY4Ej6,
Masyarakat Melayu Mendukung Investasi #Rempang https://t.co/jFRaOzZasK,
"Kebohongan Pejabat di Era Jokowi : agar mendapatkan cuan, jual negara berkedok INVESTASI, sampai bawa warga luar Rempang utk tanda tangan sb tanda setuju utk direlokasi dgn mengatas namakan warga Rempang-Galang.  Licik.... Picik.... Culas.... https://t.co/xcZ3zVOzzz",
Membacakan Nyaring https://t.co/Oi8jl0lCIn #MovingEp17 Narnia Azizah KDRT Abimana #MyLovelyLiarEp14 #TXTxDior #____ Halo-Halo Bandung Rempang https://t.co/LnKJzhAoBi https://t.co/b5Nj9aU6GM https://t.co/753o52TFWL https://t.co/55FDLlHMA1,
@OposisiCerdas Demo rempang ajalah...,
fae mmg sengaja nk aku pengsan tgh2 hari rembang ni😊,
"BP Batam jg terus  memfasilitasi perpindahan Warga Rempang ke Batam, yg saat ini terus  bertambah. Lokasi relokasi sementara ini beragam, mulai dri Perumahan  Cipta Buana Tembesi, Perumahan Cipta Asri, Perumahan Anggara Graha,  Rusun Muka Kuning, Perumahan Bida 3 Sambau &amp  lain2. https://t.co/N2O67LCTtx",
@tanyarlfes Kata siapa pati rembang ga???,
@msaid_didu Rempang sdh kondusif pak..,
Investasi tak hanya untuk pertumbuhan ekonomi Demokrat minta Pemerintah utamakan kepentingan rakyat di Rempang #demokrat #demokratjatim #demokratlumajang #DemokratS14P #demokrat14 #rempang #demokratbersamarakyat #demokratsolid #bakomstrademokrat #bakomstrajatim #bakomstralumajang https://t.co/SBybgOrTSS,
"Rutin setiap selasa, #pengajian digelar. Semoga dapat meningkatkan keilmuan dan akhlakul karimah pegawai. https://t.co/vcgGU5Nyyd",
"@tempodotco Siap2 bakal banyak yg digusur, dirampas, diusir lagi, kayak di rempang.",
@NenkMonica Ngutang apa dpt minjem  Apa kasbon dngn jaminn rempang,
"@pengarang_sajak sebelum pendaftaran di KPU, semua masih belum pasti (meskipun tanda-tanda ke arah itu sudah mulai tampak)  Tetapi jalan orang benar itu seperti cahaya fajar, yang kian bertambah terang sampai rembang tengah hari. (tinggal dibalik, jika itu jalan orang tidak benar) https://t.co/ZCGCnQmQSL",
"Jika pejuang khilafah ga boleh bela Rempang, ditunggu dong pembelaan para pejuang HAM, pejuang kesetaraan, dan para pembela NKRI harga mati...  #KebijakanLalimSengsarakanRempang  #RempangKorbanKapitalisme  #IslamSelamatkanPerempuanRempang",
@akubukanilham @neohistoria_id @Muhadjir_M Tau yg ku singgung adminnya sering bahas hal-hal yg diluar sejarah kek isu sosial macam Rempang,
"@Dennysiregar7 Anda lbh bgs jadi oposisi, selain masalah itu suarakan tuntut keadilan kanjuruhan, dago elos, pasar banjaran, wadas, rempang, dan papua baru anda gentle !!",
Pengecekan Kendaraan Dinas Polres Rembang Dalam Rangka Kesiapan Operasi Mantap Brata candi 2023-2024. #polresrembang  #kapolresrembang  #polisingaji  #polisinyantri  #humaspolresrembang https://t.co/Knwz4A7P0M,
"Pengecekan Kendaraan Dinas Polres Rembang Dalam Rangka Kesiapan Operasi Mantap Brata candi 2023-2024, Dihalaman Mapolres Rembang. #polresrembang  #kapolresrembang  #polisingaji  #polisinyantri  #humaspolresrembang https://t.co/OgXJtMneon",
"Pengecekan Kendaraan Dinas Polres Rembang Dalam Rangka Kesiapan Operasi Mantap Brata candi 2023-2024, Dihalaman Mapolres Rembang.  #polri  #polresrembang  #kapolresrembang  #polisingaji  #polisinyantri  #humaspolresrembang @polisi_indonesia  @infopolisi_indonesia https://t.co/bYQDmHSC4P",
The Montessori Toddler https://t.co/x9WcC68RPU Putri KW Conjuring 1 Jenglot Kayak Bayi YOSHI BLACK HAIR Narnia #KIMJIWOONG Kapolsek #TXTxDior Arhan Rempang https://t.co/q9TzlKtPV0 https://t.co/T714nP53Fr https://t.co/sJPLA8SpWN,
"Anak di Rempang Masih Trauma Konflik, Dapat Pendampingan Psikologis https://t.co/C01ZcS2UXH",
"@papa_loren @MulkisPohan Masih ingat perkataan x mau buldozer penduduk Rempang,akhirnya badanx kena buldozer duluan.sejarusmua yg lain dadar jadikan contoh orang zolim itu pasti ada balasanx",
Buku Librari Ori - Muslimah Bukan Agen Moral https://t.co/h3DI4BteYD WR 1 Batik Air Kapolsek Rempang #AniesMuhaimin2024 Jenglot Miring #HongKongOpen2023 Narnia https://t.co/x2DPqfJKcN https://t.co/wWPqCwf4i4 https://t.co/rQmlspkoBA,
@SiregarFre28269 @saidiman Alhamdulillah jadi tambah punya alasan untuk gak pilih Ganjar. 10 tahun mimpin Jateng urus jalan Pantura aja gak becus mau urus negara,
"#live   Saat ini sedang berlangsung dialog dengan topik: BKPM Sebut Ada WNA Provokasi Warga Rempang bersama Habib Syakur Ali Mahdi - Inisiator Gerakan Nurani Kebangsaan (GNK) yang dipandu oleh Amira Arief   Selengkapnya dengarkan di 88,8FM &amp  RRI Digital.            #IMPagi -MAK https://t.co/BDETi4cllL",
Buku Librari Ori - Muslimah Bukan Agen Moral https://t.co/h3DI4BteYD WR 1 Batik Air Kapolsek Rempang #AniesMuhaimin2024 Jenglot Miring #HongKongOpen2023 Narnia https://t.co/CxVLTbTmew https://t.co/lAUoGfenud https://t.co/c0m2GZzH5D,
"#Temanpemilih KPU Kabupaten Purbalingga sebagai Narasumber pada Kegiatan Sosialisasi Pendidikan Pemilu dan Kegiatan Proyek Penguatan Profil Pelajar Pancasila (P5) Dengan Tema Suara Demokrasi "" pada hari Selasa, 17 Oktober 2023 bertempat di SMP N 2 REMBANG https://t.co/7VOfTmY3tc""",
Lapor Mas ketum @AgusYudhoyono  Boleh pinjam Seratus? 😆 @pemudaidamanid   @PDemokrat @Demokrat_TV #PolitikGembiraRiang #DapilJateng3 #Pati #Blora #Grobogan #Rembang #AmalAlghozali https://t.co/2xNydoBwdZ,
Buku Librari Ori - Haji Murad https://t.co/UicgNbHewX WR 1 Batik Air Kapolsek #AniesMuhaimin2024 Rempang Jenglot Al Kahfi #HongKongOpen2023 Putri KW Kamis Narnia https://t.co/7g5VS6jCtu https://t.co/bJMZ40lrry https://t.co/zRbGQkjjuS,
"Pengecekan Kendaraan Dinas Polres Rembang Dalam Rangka Kesiapan Operasi Mantap Brata candi 2023-2024, Dihalaman Mapolres Rembang #polri  #polresrembang  #kapolresrembang  #polisingaji  #polisinyantri  #humaspolresrembang @polisi_indonesia  @infopolisi_indonesia @divisihumaspolri https://t.co/djPPMN5OjW",
Apa kabar Rempang ?,
"Pengecekan Kendaraan Dinas Polres Rembang Dalam Rangka Kesiapan Operasi Mantap Brata candi 2023-2024, Dihalaman Mapolres Rembang. #polri  #polresrembang  #kapolresrembang  #polisingaji  #polisinyantri  #humaspolresrembang @polisi_indonesia  @infopolisi_indonesia @DivHumas_Polri https://t.co/odSQt3kkK2",
"1,1 Juta Jiwa Diusir Israel dari Gaza, Rocky Gerung: Seperti Istana Gertak Rempang! https://t.co/NWZitZvk7Y  https://t.co/NWZitZvk7Y",
Mengenal Ekologi dan Ekosistem serta Dampak Lingkungan Pulau Rempang Jadi Contoh. https://t.co/fEC0dbOFRD,
KABAR GEMBIRA MELAYU BERSATU MENDUKUNG PENUH INVESTASI REMPANG GALANG  MASYARAKAT MELAYU SANGAT ANTUSIAS DENGAN INVESTASI YANG MEMAJUKAN WARGA REMPANG  #WargaRempangSetujulnvestasi #rempang #rempanggalang https://t.co/ORhutLjB8P,
"#live  Saat ini sedang berlangsung dialog dengan topik: BKPM Sebut Ada WNA Provokasi Warga Rempang bersama Tenaga Ahli Menteri Investasi - Rizal Calvary Marimbo yang dipandu oleh Amira Arief  Selengkapnya dengarkan di 88,8FM &amp  RRI Digital.          #IMPagi -MAK https://t.co/ryhNo1UkOR",
"Apel Gelar Pasukan Operasi Mantap Brata Samrat 2023-2024 dalam rangka Pengamanan Pemilu Tahun 2024.  Kegiatan ini dihadiri oleh: 1. Bupati Minahasa Selatan Bapak Franky D. Wongkar, S.H.  2. Wakil Bupati Minahasa Selatan Pdt. Petra Yani Rembang  https://t.co/8RxXciGPhf",
@txtdrpemerintah kabare bupatiku pripun ya? @bupati_rbg,
Pembicaraan Tingkat ke Dua Terhadap Rancangan Peraturan Daerah Kab. Minahasa Selatan Tentang Pajak dan Retribusi Daerah.  Kegiatan ini dihadiri oleh: 1. Bupati Minahasa Selatan Bapak Franky D. Wongkar. S.H.  2. Wakil Bupati Minahasa Selatan Pdt. Petra Yani Rembang  https://t.co/xKUXFWcfRl,
"@jokowi Jangan terlalu percaya diri, Pak.  China juga menunggu, apakah Anies Baswedan akan melanjutkan program Bisnis Indonesia ini. Reklamasi gagal. Rempang tertunda.  Rakyat lapar, marahnya bedda",
"@CNNIndonesia Selain Rempang, apalagi yang dijual?",
Kangen peyek udang sama cumi hitam yg di rembang😔😔😔,
Anggota ⁦@DPR_RI⁩ @PDemokrat ⁦@DkiSantoso⁩: Polri Harus Kedepankan Restoratif Justice dalam Peristiwa Rempang https://t.co/IodwX8EUlT,
"@sonkski_ Rembang, sih, tapi ya hmmmm 😂",
"Golput malah ngebunuh saudara-saudara di Rempang, Wadas, Kalimantan, Kendeng dll.",
"1,1 Juta Jiwa Diusir Israel dari Gaza, Rocky Gerung: Seperti Istana Gertak Rempang! https://t.co/pCAcHFGQnA",
"1,1 Juta Jiwa Diusir Israel dari Gaza, Rocky Gerung: Seperti Istana Gertak Rempang! https://t.co/uvNHbAk2Od https://t.co/SwMtCRRmh2",
"Jual negara tapi dibungkus dg kata Investasi.  Masih ingat tambang nikel, pulau rempang, kereta api cepat dan IKN",
Bawa kado investasi atau jual negara ? Kunjungan sebelumnya jual IKN dan Pulau Rempang https://t.co/j7cGuDugOD,
"@itsicun Gua inget pas rame isu rembang, di situ kampus lu masih ga mau deket2 sama yg namanya tambang cun. Fakultas lain pada nerima sponsor dari pabrik semen, kampus lu kagak mau. Sekarang masuk aja semua wkwkkwkkw",
"Pengecekan Kendaraan Dinas Polres Rembang (Selasa,17/10/2023 https://t.co/mq5NEiqifW",
"#TemanPemilih, kamu perlu tahu, Pendaftaran Bakal Pasangan Calon Presiden dan Wakil Presiden Pemilu Tahun 2024 dibuka dari tanggal 19 sd 25 Oktober 2023 di Kantor Komisi Pemilihan Umum. Simak selengkapnya melalui scan barcode ini...  #KPUMelayani #PemiluSerentak2024 https://t.co/gJk3B0Xx8j",
"1,1 Juta Jiwa Diusir Israel dari Gaza, Rocky Gerung: Seperti Istana Gertak Rempang! https://t.co/IZP4J9Q1gS",
@SammiSoh Lihat tampilannya sih kayanya stroke berat dan nggak ada harapan pulih. Akan begitu saja terus sampai tuhan memanggilnya. Lupakanlah niat mau membuldoser warga Rempang.,
"#TemanPemilih Pengumuman Lelang Nomor: 168/RT.01.3-Pu/3317/2023, KPU Kabupaten Rembang selaku Penjual Lelang, dengan perantara KPKNL Semarang akan melaksanakan Lelang Non eksekusi Wajib Barang Milik Negara  Pengumuman selengkapnya https://t.co/OjyHDGlQOQ   #kpumelayani https://t.co/UJIAs510I6",
#RempangEcoCity #SolusiUntukRempang #SolusiRempang #InvestasiUntukRakyat #Rempang  #PulauRempang #RempangBatam #Batam https://t.co/lvVub52LmY,
@jokowi Ehm Rempang,
"Nggak hanya pameran pertanian dan pangan saja yak, tapi juga ada Lomba Cipta Menu Makanan, Gerakan Pangan Murah, Icip-Icip Jajanan Jadul, Flashmop Gerakan Minum Susu dan Pemotongan Tumpeng.   Menarik kaan, hayo siapa yang ketinggalan? https://t.co/hkdtTZKi2H",
Masih adakah suara untuk #rempang?,
#RempangEcoCity #SolusiUntukRempang #SolusiRempang #InvestasiUntukRakyat #Rempang  #PulauRempang #RempangBatam #Batam https://t.co/0R8sx6VQOk,
#RempangEcoCity #SolusiUntukRempang #SolusiRempang #InvestasiUntukRakyat #Rempang  #PulauRempang #RempangBatam #Batam https://t.co/KiDUcL2Zju,
#RempangEcoCity #SolusiUntukRempang #SolusiRempang #InvestasiUntukRakyat #Rempang  #PulauRempang #RempangBatam #Batam https://t.co/UN6pnkzrRh,
#RempangEcoCity #SolusiUntukRempang #SolusiRempang #InvestasiUntukRakyat #Rempang  #PulauRempang #RempangBatam #Batam https://t.co/k4nvPyo0f8,
#RempangEcoCity #SolusiUntukRempang #SolusiRempang #InvestasiUntukRakyat #Rempang  #PulauRempang #RempangBatam #Batam https://t.co/k6EFcGch21,
#RempangEcoCity #SolusiUntukRempang #SolusiRempang #InvestasiUntukRakyat #Rempang  #PulauRempang #RempangBatam #Batam https://t.co/laWuuqlare,
"Agro Expo 2023 memperingati Hari Pangan Sedunia tingkat #rembang  Banyak agenda loh, Wakil Bupati Rembang @GusHanies  membuka secara langsung di Dinas Pertanian dan Kehutanan. https://t.co/cZiVGWvlzS",
@Craze_26 Bahas rempang,
Hancurkan landasan bandara dan pelabuhan menuju Rempang! Beri jalan darat untuk memudahkan melakukan jebakan! Rakyat harus kompak dan bersatu padu! Tidak perlu ada pemimpin. Semua orang bisa menjadi pemimpin.,
@bebeelacccc Tak dm mbaa,
"@_BangFu 2019 waktu di rempang  kalau saya jadi presiden saya kasih surat tanah gratis"" nyata 2023 warga rempang mau digusur dari tanah nenek moyangnya 🥲""",
"@bebeelacccc Nonton neng smg wae mba tgl 14 nov ntuk triple ndx, guyonwaton, gilga 😌",
#RempangEcoCity #SolusiUntukRempang #SolusiRempang #InvestasiUntukRakyat #Rempang  #PulauRempang #RempangBatam #Batam https://t.co/KPUcV0yofz,
#RempangEcoCity #SolusiUntukRempang #SolusiRempang #InvestasiUntukRakyat #Rempang  #PulauRempang #RempangBatam #Batam https://t.co/hnvxuGoyz7,
#RempangEcoCity #SolusiUntukRempang #SolusiRempang #InvestasiUntukRakyat #Rempang  #PulauRempang #RempangBatam #Batam https://t.co/Nk6Rle5hWj,
#RempangEcoCity #SolusiUntukRempang #SolusiRempang #InvestasiUntukRakyat #Rempang  #PulauRempang #RempangBatam #Batam https://t.co/GXxR3vxQ2a,
#RempangEcoCity #SolusiUntukRempang #SolusiRempang #InvestasiUntukRakyat #Rempang  #PulauRempang #RempangBatam #Batam https://t.co/XT5HLnQa7T,
#RempangEcoCity #SolusiUntukRempang #SolusiRempang #InvestasiUntukRakyat #Rempang  #PulauRempang #RempangBatam #Batam https://t.co/4SwvCvNj11,
"Pada hari Selasa tanggal 17 Oktober 2022 Anggota Polsek Sale melaksanakan kegiatan Polisi Ngaji Polisi Nyantri di Mushola Al Hayat BKPH Desa Sale, Kecamatan Sale, Kabupaten Rembang.   #polri  #polresrembang  #polisingaji  #polisinyantri  #Polseksale https://t.co/stjKI3R6EO",
https://t.co/bw9pA24lkE,
@giginpraginanto Hati hati ... Waspada Rakyat Rempang🤔🙄,
"Kragan,Rembang 2022. . #fujifilm_xseries #fujifilm #projectphoto #dokumenter https://t.co/nUzHGejijL",
"@BosPurwa Ari pas joged kieu kapikiran wadas, rempang jeung dago elos teu nya?",
@saidiman Mang pernah pdi bersebrangan dengan jokowi?  Bbm naik diem Kasus rempang diem Ikn setuju Kcic setuju  Bersebrangannya dimane ya?,
"@Munir_Timur UMR Jateng, Wadas dan Rembang pembebasan tanahnya bermasalah penyelesaian lewat intimidasi pakai preman. Jalan TOL Demak,  tanahnya juga dihargai murah, bbrp warga tanahnya sampai sekarang msh blm selesai walaupun sdh ada rekomendasi dri Komnasham, Ganjar meninggalkan gelanggang https://t.co/xpRCiQoEOm",
"@Jelli_cent Yess...lingkunganku Ganjar. Dari yg Rembang, sampe Bandung ke Ganjar.",
@awemany Prabowo-Gibran Indonesia Maju 😍😍 @IndraJPiliang  https://t.co/JyITkKsFpe,
Begini ya kelakuan PEMUDA PANCASILA YAPTO cuma mampu pamer dengan uang hasil malak pedagang pasar dan terminal? Mana jiwa PANCASILA-nya? REMPANG-GALANG bermasalah malah diam saja malah jadi penjilat IBLIS KOMUNIS CHINA SELUNDUPAN DAN ANAK2 KOMUNIS PKI https://t.co/CRqpIKcukT https://t.co/Ri7eXEH8Fh,
"@Dennysiregar7 Permadi : Sssst udah Den, elo mau jalur $$ Dasco ato $$$ Hashim? 😋"" 🇮🇩 Indonesia Maju  https://t.co/JyITkKsFpe""",
"@gm_gm Sudahlah om, kami org kecil biasa dilecehkan! Bukan hanya perkara policik kekuasaan macam ini saja.  Sejak Omnimbuslaw disahkan, UU Minerba, diskon hukuman maling (koruptor), pembunuh dll. Rempang, dsb. 😊",
"@AbanggSayur @Dennysiregar7 @GunRomli @islah_bahrawi Paling lagi telponan sama Permadi Permadi: Nah sekarang, elo tinggal pilih, mau ikut jalur Dasco ato Hashim? 🤣 @ruhutsitompul",
@AbanggSayur @Dennysiregar7 @GunRomli Tes ring jantung Deni. Klu bisa lewati cobaan ini dia panjang umur..😂😂😂 @islah_bahrawi,
"@ZUL_Hasan  tetap melanjutkan  aroma ezim, minta maaf ke PKI, ribuan TKA china, hutang ugal2lan lemahx penegakan hukum berantas korupsi, kasus rempang. KKN putusan MK.Dll dimana letak  perjuanganmu tgakan keadilan? Sudah hilangkah mata batin   partai berbasis Haq? @Fraksi_PAN",
The Montessori Toddler https://t.co/x9WcC68RPU Putri KW Conjuring 1 Jenglot Kayak Bayi YOSHI BLACK HAIR Narnia #KIMJIWOONG Kapolsek #TXTxDior Arhan Rempang https://t.co/q9TzlKtPV0 https://t.co/rKwepc1csp https://t.co/JPIhlauM4J,
"https://t.co/OtVjUWBMVh Jadi Proyek Strategis Nasional (PSN) apa namanya setelah dirilis  MOUnya? Apa akan spt kasus Rempang, Wadas,P. Komodo,Seruyan,dll ?  Siap² dag dig dug dwuuaarrr..💣💣💣",
Setelah Keputusan 😍 Indonesia Maju  @Dennysiregar7 @GunRomli  https://t.co/JMt2YZEPTi,
@Fahrihamzah Setelah Keputusan Yes!! Indonesia Maju 😍😍 https://t.co/JMt2YZFnIQ,
@awemany Prabowo-Gibran Indonesia Maju 👍 https://t.co/JMt2YZFnIQ,
YANG JELAS IBLIS KOMUNIS CHINA SELUNDUPAN @jokowi CS ADALAH PENIPU RAKYAT INDONESIA! Para penjilat itu senang bisa dapatkan kekayaan hasil KONSPIRASI KEJAHATAN mereka menipu rakyat REMPANG atau di manapun di INDONESIA MAKA SATU KATA BUAT KALIAN L A W A N ! https://t.co/BLDLoWBXGN https://t.co/SfkLFKBmTm,
"@sahabatalaqsha Kalau Rempang gimana rm, nggak diurusin.",
#polripresisi https://t.co/4r6hCSc4Jo,
"Masyaakat kita ini ky gini: Jgn komen ttg israel vs palestina, kejauhan."" ""Jgn ikut2an komen ttg papua. Itu cm politik.' 'Jgn sok tau ttg rempang. Bkn urusanmu."" ""Jgn ikut campur urusan kdrt rumah lain."" Smp ada mayat tetangganya udah bau. ""Jgn kepo. Urus diri sendiri aja.""""",
"Setuju Pa, mudah dan aman seperti di Rempang",
"@susipudjiastuti Kenapa baru kali ini melawan pak Jokowi? kenapa gak ktika di suruh mengambil kebijakan soal tanah Rempang atau ktika 14x kenaikan BBM ?, Sapa suruh datang Jakarta kalo omnibus law yg ngatur ketua partai, anda pun gak tahu kenapa harus import beras padahal negara ini agraria luas.",
"1,1 Juta Jiwa Diusir Israel dari Gaza, Rocky Gerung: Seperti Istana Gertak Rempang! https://t.co/2chaqulx0a",
"@tempodotco Generasi muda Rempang beri ruang pak bahlul, mrk butuh kehidupan yang layak di tanah kelahirannya bukan disuruh buka kebon dgn fasilitas ala kadarnya.",
@tempodotco urus rempang sj ndak becus...!!,
Wiiihhh bakalan ada Rempang jilid 2 nih,
"@CNNIndonesia Sejak kasus Rempang, sudah hilang kekaguman saya kepada beliau. Demi jabatan, rela menggadaikan integritas yg selama ini melekat padanya. Yg penting jabatan,",
"@gm_gm Wadas dan Rempang, kemana aja Om suaranya...",
Semoga tidak ada yang jadi “The Next Rempang” pasca datang dan tanda tangan di pertemuan ini.,
Tolak relokasi rempang,
"@jadiwidodo @sutanmangara @DoankWarto @Gerindra Mengusir orang2 Rempang dari tanahnya,  Mengancam masyarakat miskin dengan mencabut bantuan dana dari Pemerintah  Apa bedanya dengan orde baru???🤣🤣🤣 Emang negara ini warisan dari nenek moyang PDIP??? https://t.co/Y2ZMEzJ3Ds",
@jokowi Khawatir buat kerjasama gusur warga seperti p. Rempang dan nambah hutang buat bangun IKN serta ijinkan china buat koloni di Indonesia.,
@tvOneNews Iya tp Rakyat Indonesia yg jd sulit.. liat aja kasus Rempang ama kereta cepat... #just info,
345 Pelajar SMP di Rempang Batam Dapat Layanan Pendampingan Psikososial https://t.co/rphCdAUAVn lewat @GoWest.ID,
345 Pelajar SMP di Rempang Batam Dapat Layanan Pendampingan Psikososial https://t.co/V7nifJIKJ7 lewat @GoWest.ID,
Komisi III DPR RI percaya Polda Kepri tangani baik konflik Rempang https://t.co/1PLiWnfIZS,
@CifuiLui @awank2017 Urus dulu agama islam kau yg diindonesia terutama warga rempang baru urus negara org🤣🤣🤣🖕🖕🖕,
@tvOneNews Sdhlah jgn bersilat lidah lg....menggusur dirubah dg menggeser kasus di Rempang. Itu ucapan dr prof jg....,
"@DiscussingFilm Indonesian government decided to postpone this movie 'cos it looks so similar with how Indonesian government treated indigenous people in Papua, Borneo &amp  Rempang Island...",
@CNNIndonesia @jokowi Bukan urusan saya to? Jangan lupa Rempang bosku!,
"@al_tiawan @sahabatalaqsha cobalah kao tengok kasus di rempang, masyarakat disana mempertahankan tanah mereka",
@Dennysiregar7 Masalah buat elo Den? 😋 Ttd  Ayah https://t.co/JMt2YZFnIQ,
@Edy46790103 @ImmaMuchtar22 @Dennysiregar7 @gibran_tweet Elu beneran apa satir sih Om? 😃 Cakep ini 🤣,
"@somepeak @gibran_tweet Propaganda luar negeri masih ada, cuma lewat internal/kaki tangan, contoh dikasus rempang, kepentingan negara lain akan ikut dlm arena politik indonesia apalagi utk pemilihan seorang presiden !!",
"Pembangunan dengan kosep ramah lingkungan (Eco City) di #rempang bisa terwujud jika pemerintah, sektor swasta, dan masyarakatnya bersinergi untuk mewujudkannya.",
mungkin Imajinasi bisa dikatakan bentuk kekuatan yang dapat dibuktikan dalam kehidupan nyata selama mau berusaha. demikian pula ide mengenai konsep pembangunan. mungkin salah satunya Eco city #rempang,
Melayu tak lagi bangkit di Malaysia lepas rusuhan di Pulau Rempang Batam Riau bulan lepas. Selamat datang Melayu Baru untuk gerakan sosial politik dan pemisahan di Asia Pacific. 🥲,
"Tagar #MakinEnek bukan #MakinEnak DPR buat UU Omnibus law sekarepE duEwEk, #MakinEnek soal Rempang AMDAL (sertifikasi) investor belom ada udah relokasi  pergeseran"" #MakinEnek ! Gugatan di MK usia 40 gak bisa nyapres,tapi umur 36 kalo udah pernah jd pejabat boleh nyapres, hadeuh https://t.co/umBFfqoZ7o""",
"konsep #rempang eco city mungkin berawal dari imajinasi, bukan tidak mungkin bisa membawa Indonesia menjadi bangsa yang besar.",
"eco city #rempang . ramah lingkungan. selain bisa menarik bagi investor, bisa juga mendatangkan natural tourism yang mendorong percepatan perkembangan ekonomi Indonesia",
jika pembangunan eco city #rempang terwujud maka Indonesia tidak kalah dengan Jepang kota Tokyo yang memiliki target tahun 2050 menjadi zero emission city . https://t.co/nTfJd7hDqY,
"@narkosun @ganjarpranowo Lanjutkan hutang,lanjutkan Rempang 2,3,4,5 welcome warga China",
"@M45Broo Bangga jadinya jadi Rempang 2,3,4 dan welcome sengsara",
DPR Dukung Investasi #Rempang Buat Pertumbuhan Ekonomi https://t.co/L0C64xlGk2,
"@msobri99 Ya dr pada Ganjar mennang makan ubi dan singkong dan welcome tenaga kerja asing dan siap2 muncul Rempang 2,3,4,5 setiap provinsi dengan alasan investasi",
"Btw, kabar rempang gimana ya",
Testimoni Masyarakat #Rempang - Galang yang secara sukarela bersedia direlokasi dalam mendukung proyek Rempang Eco -City,
Senang mendengar kabar baik warga #rempang yang telah relokasi,
@AndiDarwis71 Luhut beralasan sakit Krn tidak bisa merebut pulau Rempang .Sementara pembeli Pulau Rempang terus mendesak ke Luhut segera mengosongkan Pulau Rempang.,
"Dengan terbukanya lapangan kerja, maka berdampak positif bagi kemajuan ekonomi masyarakat #rempang",
Terkait pengamanan. Arteria Dahlan: Polda Kepri lakukan pengamanan di #rempang sesuai prosedur,
"@r_warossi @yudiharahap46 rempang dkk, juga para garong, utang.",
"yg digugat itukan juga produk politis dri parlemen. harusnya mk sprti gugatan pt 0% tolak, bilang bukan ranahnya, knp utk produk sejenis malah dikabulkan.?  tetap waspada, jgn meleng. jgn lupakan rempang dkk.",
Gokil rembang ono gojek hahaha https://t.co/zdrxOuG1Gy,
"@ahadu_bentha @DokterTifa Etika,  ETIKA   ?  Mg di rempang pake etika  ?  Itu namanya  SERAKAH   KEKUASAAN  !    Jelas  ???",
SEMOGA BERKAH PENCAIRAN #PINJAMAN #NASABA HARI INI 👉 TGL : 16-Oktober-2023 Bagi Yang Minat Pinjaman. Silahkan Hubungi/Chat 📲No.WA : 0815-2392-8297 💯% Amanah &amp  Terpercaya @pinjaman_real #Purworejo #Rembang #Sragen #Sukoharjo #Temanggung https://t.co/YxASbItlUe,
Rempang kok gak da kabar nya lagi ?,
"Kesaksian Warga Rempang asli Cucu cicit pahlawan Negri Melayu, tak rela sejengkal pun tanahnya utk Asing ..... https://t.co/fFRly4hm6q",
"Direktur Eksekuif LAGRIAL Muhammad Akhiri, SH.,MH Bicara Soal Rempang Ba... https://t.co/CbfFHCTbqV lewat @YouTube",
"@Naz_lira Korupsi Kolusi Nepotisme ternyata Kerja Kerja Nyata mereka yang gak merasa takut sedikitpun akan segala macam pelanggaran Undang2 &amp  Hukum di NKRI ini.  Apakabar kasus2 semua korupsi, Kematian Harun Al Rasyid, 6 Syuhada, 600 anggota KPPS, perebutan lahan (Rempang dsb),,?",
"Investasi Tak Hanya untuk Pertumbuhan Ekonomi, Demokrat Minta Pemerintah Utamakan Kepentingan Rakyat di Rempang  Pemerintah harus mengutamakan kepentingan rakyat di sna (Rempang). Kalaupun kemudian rakyat bisa berdampingan dengan investor dengan pembangunan di sana, biarkan… https://t.co/tovaZCdGsQ""",
Rakyat rempang masih bagian dari Indonesia kah??  https://t.co/lWxoHk4cMg,
Link Berita Selengkapnya :  https://t.co/eHo7iT5k6j   @DivHumas_Polri @Polripresisi @mabespolrinews @ini_polisi  @semuatentangbatam   #polri #kapolri #dprri #komnashamri #HumasPoldaKepri  #Multimediapoldakepri #polripresisisi #rempang https://t.co/7mzLqh1H7g,
RB #Rembang Semen Gresik Jadi Tujuan Benchmarking Koordinator RB Se-Jawa Tengah #klikRMOL https://t.co/tgQEuANNak,
"@mantriss siapa kita? termasuk rakyat rempang, wadas? termasuk utangan cina?  TKA? Kenapa kalau nga ada interest kok terus terang cawe cawe? hadeh gimana ni kok omongan sampeyan bertolak belakang ma kenyataan ya?",
"@M45Broo Yes Indonesia makan ubi sama singkong klw Ganjar menang dan siap2 Rempang 1,2,3,4 di setiap provinsi Indonesia horeeeeee menuju indonesia susah",
"Walaupun begitu, ramai penduduk di 3 kawasan / negara ini menyokong / menerima kedaulatan 🇵🇸🇮🇱 bersamaan, belum lagi di Batam, Riau bulan lalu ada rusuhan pertahankan penduduk pulau Rempang. Batam dan Riau lainnya ini sebenarnya adalah 1 kawasan Urban Liberal di Asia Pacific.",
tireman macet volume 2,
persiapan~ https://t.co/mFfYInPxBj,
BP Batam Kembali Umumkan Pergeseran Warga Terdampak Rempang Eco City ke Hunian Sementara https://t.co/Kjhyl9J0PN,
Baru saja mengirim foto https://t.co/4MPzWMdAPY,
Baru saja mengirim foto https://t.co/kqNPWwDvLC,
"@gm_gm Sudah hampir 10 tahun keadilan dinjak-injak. Wadas, Kendang, Rempang. Suara anda tak terdengar. Ah, anda tidak pernah tertarik dengan keadilan.",
"Ribut soal MK Rempang diem diem d caplok Bbm naek yg akan berimbas k harga bahan pokok adem Dan bnyk daerah dlm kasus plus pejabat korup makin leluasa jarah  🇮🇩 NKRI harga mati !!! Toosss✋️☕️✌️ https://t.co/d51wdNmrJD""",
@STresnowat101 di demo buruh kabur naik kereta cepat  di demo rempang joged ke IKN  di demo MK kabur ke china (itu pilotnya knp gak belokin ke Jalur Gaza aja yaa?),
"@Mythicalforest Rempang, Seruyan, Kanjuruhan..",
"@msaid_didu Rempang eko sistem ditetapkan jadi PSN itu bulan agustus juga, negeri akal2an, sakarepe dewek",
Elo mau jual apa lagi ke China jok ❓❓ Juli lalu elo ke China jualin Pulau Rempang ke perusahaan China disana yg bikin susah Rakyat di Rempang 🤬🤬 https://t.co/PZWHXDNmKu,
"@KompasTV semoga mengaburkan fokus kita dari kasus jesica, syl, firli, rempang dan lainnya",
@jokowi Elo mau jual apa lagi ke China jok ❓❓ Juli lalu elo ke China jualin Pulau Rempang ke perusahaan China disana yg bikin susah Rakyat di Rempang 🤬🤬 https://t.co/hqJJkYiKkq,
jam segini masih sampai rembang definisi di rumah cuma numpang tidur,
اعمل لدنياك كأنك تعيش أبداً ، واعمل لآخرتك كأنك تموت غداً  Bekerjalah untuk duniamu seakan-akan engkau hidup selamanya. Beramallah untuk akhiratmu seakan-akan engkau akan mati besok.,
@PartaiSocmed Bukan yg teratas tapi salah satu dr yg ada di atas.  Konsorsium mereka membuka waralaba. Bayar sekitar 3M kita bisa dapet satu situs plus jaminan keamanan dr penggerebekan dan perlindungan² lainnya  Clue: rempang,
Tancap Gas Relokasi Warga Rempang Demi Target Lahan Bebas 2024 https://t.co/zZekSu8Nzl,
Rembang petang. 🍃 https://t.co/DcTlpAWgh0,
"@msobri99 Trus klau ibunegaranya kyak istri GP ekonomi bsa 7 persen? BBM turun? Wadas Rempang g terusir? impor berenti? Hutang negra turun? Itu kapasitas presiden, receh banget otak pendukung GP ya?",
"@kh_notodiputro @ekowboy2 @mohmahfudmd Mahfud cuma caper sama rakyat seolah2 dia the best, mana tindakan dia masalah rempang? Justru membela rezim agar mega perhatian kesia utk jd  cawapres ganjar🤣🤣🤣 ngaca",
Siapa pun pemilik perusahaan yg akan mendirikan usaha di Rempang WAJIB DI CABUT IJIN USAHANYA.  TDK ADA KONSESI DIMANA ADA RAKYATNYA YG MENOLAK...   DARIPADA DICABUT NYAWA LBH BAIK CABUT IJIN USAHANYA  https://t.co/L6oZqGe2vl,
@jokowi Tolong jangan usir rempang pak Jokowi,
@tanyarlfes Rembang kampung gw tu,
"konco mbien pas ning cikarang nek diurut kok yo roto tenan, mulai teko blora, madiun, ngawi, magetan, rembang, pati, grobogan, kudus, sragen, batang, pekalongan, pemalang, ngapak pride meliputi tegal, kebumen, brebes, cilacap, banyumas, banjarnegara, purworejo",
@liaasister Batas minimal 40 tahun....atau pernah menjadi kepala daerah  Hati2 dengan tipu mislihat MK sama kayak di tempang Joko : akan saya sertifikatkan rempang...... buat.......buat.....buat...... Rakyat rampang : kami Joko: bukaaaaaaan buat....buaaat zionis china Rakyat rampang   🤬🤬,
"@strike_bravo_b @fajarnugros wkwkwk pasti tuh orang bakalan tetep dukung dan selalu cinta sama jokowi sekeluarga, mantap banget emang, hahahah soal rempang aja dia kaga pernah ngebelain macem belain jokowi sekeluarga..",
@tanyarlfes njirr rembang😭,
"PR hukum menumpuk, dr Kanjuruhan sampai Rempang, eh malah produk hukum spt ini yg dikeluarin. Luar biasa Cah Ganteng....",
"@asom_naniura @kakilangitimur @__SudutPandang @muchlis_ar @emerson_yuntho Yg punya tanah boleh dong bertahan atau ambil paksa tanahnya, yg dirampas secara tidak sah itu. Meski dg jalan perang skalipun.  Yaaa macem  di Rempang itu...",
"@MichelAdam7__ HATI - HATI...KALIMAT YANG  BIAS.  Jangan-jangan yang di rampas aset negara dan aset  adat,seperti ""Rempang dan Galang""""",
ini versiku pedagang langganannya 1. preksu 2. soto rembang 3. soto bu bambang 4. burjo asep 5. warung rata rata 6. penyet tamkul,
"@gm_gm Seruyan, Rempang bergejolak penjenengan lho diam aja",
Warga Rempang mengucapkan rasa syukur dan terima kasih kepada pemerintah. selengkapnya: https://t.co/YM0goTr2M3  Trending -&gt  putusan MK breaking news projo mahkamah keluarga aaliyah risih #liachat beijing ditolak masuk #arusperubahanamin https://t.co/O8tGqOxGs4,
@VIVAcoid Kalau rakyat nya Wadas sama Rempang sih keren,
"Aliansi Mahasiswa Kota Batam dn Warga Rempang-Galang bersatu  Menolak keras adanya Relokasi.  Jd kl ada Video atau berita² kl warga stuju utk direlokasi itu HOAX, Bohong.  #MahasiswaMelayuMelawan https://t.co/gFXc2Ekczj",
@setyosby @jokowi Bukannya pulau rempang udh d jual dari thun 2000 an yah?,
Jangan jadikan kaltim seperti rempang hanya untuk keperluancukong,
"Kapolres Rembang Dampingi dan Pimpin Langsung Pengamanan Kunker Menkopolhukam Mahfud MD di Rembang   REMBANG - https://t.co/srwtuvfDkM, Menkopolhukam RI Prof. Dr. H. Mohammad Mahfud Mahmodin, S.H., S.U., M.I.P. melaksanakan kunjungan kerja ke Pondok Pesantren https://t.co/AUIdKAlHSi",
"@Dennysiregar7 @officialMKRI Bukannya tujuannya emang keributan Den? Biasanya pengalihan isue apa gitu, misal biar masyarakat lupa REMPANG atau SERUYAN. Atau biar Dito Cs ga lagi terbahas. Atau KCJB yg kosong penumpang ga terlihat. Wkwk",
"sebenernya kalo emang bener bener mau perang lawan penindasan mah gausa jauh jauh ke palestina. yang serumah dulu aja coba ke dago elos, rempang, bara baraya, dan daerah lainnya di Indonesia yang sama sama mengalami penindasan.",
#AniesMuhaimin2024 Rempang,
#AniesMuhaimin2024 Rempang,
"@yo2thok Tentara Indonesia yang sekarang, dengan melihat kasus di rempang dan Panglimanya yg bilang piting"" rasanya saya senang juga kena tembak.""",
"Investasi #rempang #batam  memberikan keuntungan bagi ekonomi Indonesia secara umum,  dan menciptakan lapangan kerja untuk masyarakat Rempang Batam. https://t.co/VZfKIWtYxh",
"Investasi #rempang #batam  memberikan keuntungan bagi ekonomi Indonesia secara umum,  dan menciptakan lapangan kerja untuk masyarakat Rempang Batam. https://t.co/QEvsWZflUt",
#islamselamatkanrempang #rempangkorbankapitalisme #rempang https://t.co/oQyWE18jyy,
#AniesMuhaimin2024 Rempang,
"Baru Diterima, Puluhan Kotak Suara di Rembang Ditemukan Rusak. Apa penyebabnya?  #KotakSuara #Pemilu2024  https://t.co/XhPG0XeMxi",
#AniesMuhaimin2024 Rempang,
#AniesMuhaimin2024 Rempang,
#AniesMuhaimin2024 Rempang,
"jgn lupakan rempang, kalimantan, sumbar dkk",
#AniesMuhaimin2024 Rempang,
"@ericvanderboy @indosupporter Dia santai, tidak emosian dan tidak meremehkan. Cacian dan hinaan yang gak jelas cuma dibalas satu selebrasi saja. Ya wajar. Maju terus Hokky.",
"#TemanPemilih KPU Kabupaten Rembang melaksanakan rapat evaluasi pembentukan badan adhoc Pemilu serentak Tahun 2024, Minggu, (15/10/2023) di Pantai Karang Jahe, Rembang. #kpumelayani #PemiluSerentak2024   selengkapnya https://t.co/HoCCMo7ybc https://t.co/VWkz22y6IK",
"@SoftWarNews yg penting kita tau, pendukung agressor dari kelompok mana, termasuk mereka yg mendukung penjajahan di rempang, seruyan, dan bungkam atas kematian 135+ arek malang.   mereka org dan kelompok yg sama.",
"Tetep berisik.. klo berenti berisik, mrk pikir kita tidur.  Dg berisik mrk takut mo macem' thd kehidupan bernegara. Contoh masalah Rempang kendor. MK nolak gugatan usia ca(wa)pres",
"Setiap Bpk Presiden ke China, saya selalu was-was apalagi milik rakyat yg akan diserahkan ke China atau beban utang apalagi yg akan bertambah. Sebelumnya sdh banyak yg diserahkan spt KA-Cepat, tambang, IKN, pulau Rempang dll",
"@jokowi Oleh2 nya jangan hutang lagi ya pak? Rempang tuh, bikin susah rakyat dan menteri saja.",
"@HusinShihab @jokowi @ganjarpranowo Jangan lagi musuhin Pak Wali. Itu merugikan Pak Ganjar sendiri. Pendukungnya Pan Wali itu banyak, apalagi di solo raya. Disana mungkin lebih kuat dari Pak Ganjar sendiri. Kalau diterus-teruskan bisa rugi sendiri Pak Ganjar",
Almarhum mbahku 'pemberontak' kemerdekaan pada masanya. Masa kecilku tumbuh lewat kisah-kisah yang dituturkannya. Beliau tentu akan kecewa sekali kalau cucunya tidak berempati terhadap korban penindasan &amp  ketidakadilan baik itu di Rempang maupun di Gaza.,
Ikut aamiinkan seluruh doa warga #rempang terhadap mereka yang dzalim semoga disegerakan. https://t.co/HxiC7wMjjQ,
@Sam_Ardi Dikira Rambo...tetap saja jago memanah kalau gak Korea ya China,
@Odankok @historia_id Indonesia darurat sejarah mas. Proyek  Rempang eco park adalah bukti nyata bagaimana investasi mengabaikan sejarah.,
@gibran_tweet Orang Topo bisu malah ditanya-tanya..bingung dia,
a love language https://t.co/sNsKHKKT5v,
@ekokuntadhi1 Pak Ganjar suaranya masih sama2 saja dengan Prabowo. Teman sendiri malah dimusuhin habis2an. Gak ngerti. Ini Khan mau menang bukan mau gagah2an. Gugatan sudah ditolak tapi segala ucapan membekas dihati.,
"@BangEdiii @jokowi kalo tunda banyak tuh proyek yg mau di gas!! lanjut lagi krta api cepat ke sub,ikn,rempang. yg penting dapat hutangan lagi dr tiongkok.",
"Ratusan Rumah yang Disiapkan Untuk Warga Rempang di Nongsa Belum Terisi, Begini Kondisinya  #rempang #galang #nongsa #batam https://t.co/fXxtFsDgKc",
"@KiCebongMachine @Wicaksono_J @CNNIndonesia sibuk ngutang dia,mau ngutang lagi kek nya buat kereta api cepat lagi atau mau lapor soal rempang yg belum kelar hahahahha",
BANDARA BARU DIKERJAKAN HANYA SETAHUN??? BAGAI CERITERA DONGENG KARENA AMDAL &amp  BERBAGAI KEGIATAN SEPERTI PEMBEBASAN LAHAN UNTUK MEMBANGUN INFRSTRUKTUR BUTUH WAKTU PANJANG SEBELUM PEMBANGUNAN DIMULAI. ATAUKAH GAYA PROYEK REMPANG AKAN DIGUNAKAN??? @myputun https://t.co/XpVDPV9mjS,
"@tempodotco Itu perjuangkan saudara kita yg dirempang yg mau di usir dari tanah kelahirannya,oleh israel2 yg serumpun di indonesia yg mereka menjabat di negri ini,perjuangkan rakyat rempang itu yg utama saudara setan ah air,satu agama🤔🤔🤔",
@jokowi Jangan bicara rempang rempang lagi ya pak presiden,
Perhutani Serahkan Bantuan Dana TJSL untuk LMDH di Rembang https://t.co/IzTbS8Zx74,
"@Dededarmamuh @strike_bravo_b Populer sih populer, tapi ya cuma di wilayah basis NU doang sekarang, gak kek dulu yang emang se Indonesia.  Sejak Rempang malah orang orang Melayu pada mau hantam pala dia. Belum blunder lainnya.  Andai NU sekritis Muhammadiyah...",
"@strike_bravo_b @Dededarmamuh Mahfud aja udah banyak blundernya, bahkan sebelum Rempang.",
Rempang masih terus digasak oleh penguasa....,
@jokowi Pulau manalagi yg mau d jual pakde ? Kemarem rempang besok pulau manalgi yg d kasihkan ke china ??🥺😢,
@CNNIndonesia Mau laporan Si Luhut lagi sakit' parah... Proyek kereta cepat Jakarta Surabaya di tunda.. dan Rempang Galang blm bisa di gusur.. Biadabb laknatullah rezim Rungkad..,
UCAPAN TERIMAKASIH DAN HARAPAN WARGA REMPANG YANG SUDAH DI RELOKASI KEPADA BP BATAM  Warga Rempang (Pasir Panjang) yang terdampak Proyek Relokasi kini sudah ditempat dihunian yang nyaman dan layak @Li9ayaTalaChes4  @YLBHI  #NKRI #Rempang #indonesiaterusmaju #RempangGalang https://t.co/93uFuDTPZz,
😎Tampaknya Pak Mahfud MD menjadi Cawapres. Ganjar Pranowo - Mahfud MD saling  Melengkapi👍👍👍 @BJ____Robin @MatJohar3 @4_Jawarlis @Batara_Bulu @BangiUrang @Jayabay19479190 @bbahtiarr @Chynthia_K  Mahfud Md Kunjungi Masjid Jamik Lasem Rembang Siang Ini  https://t.co/I8VU2SBTg1,
"@papasito_OF @CNNIndonesia Ya tinggal di rumah warga rempang juga , tinggal di rumah warga yg dekat dengan sirkuit Mandalika yg lahanya masih ada yg belum di bayar.  @ganjarpranowo .",
@kurawa Yang mau bertanding itu Pak Ganjar. Jadi dia harus merangkul semua pihak. Jangan dijauhi. Suara dia juga masih pas2an. Ingat Pilkada Jateng terakhir. Klu bukan pasangannya Gus Yasin bisa kalah itu Pak Ganjar. Karena hasilnya di luar dugaan.,
"Jump Serve Keras 💥 ROFIK""  TURNAMEN BOLA VOLI MILAD BMT CUP TAHUN 2023 Kecamatan REMBANG JAWA TENGAH  🔶 SEMI FINAL ▶️ VOLGAB (SALE) 🆚 SEKAR BERDIKARI (LASEM) 🎥 🔴 LINK VIDEO LIVE STREAMING FULL PERTANDINGAN 👇👇👇 https://t.co/tYkNEnToks #volilasem  #volleyball https://t.co/mPudymTjtR""",
"@gibran_tweet Pengen menang tapi teman sendiri dimusuhi, dikuyo2, dicaci maki. Ojo gumede pendukung Pak Ganjar. Setiap suara dari siapapun, dari tokoh manapun sangat berarti. Harusnya dirangkul.",
"Menteri Investasi/Kepala BKPM Bahlil Lahadalia mengeluarkan pernyataan tidak berdasar. Pada konferensi pers (25/09/2023), Bahlil yang  mengatasnamakan dirinya sebagai orang kampung mengklaim masyarakat Rempang bersedia dipindahkan ke lokasi lain di pulau yang sama secara sukarela https://t.co/dcSNfe6OhI",
@DoradongWarrior Rempang gagal digarap mau bulangvapa dia ke tuannya? Lalu cari suaka jauh2 hari 😄 Nampaknya kejatuhan redbull kian tampak,
@MalaysiaGazette mmg bagus... x kisah kerajaan or pembangkang... sama je... nnt masuk kt medsos sembang rempang diorng je... yg menyokong brsorak x tentu pasal... bukan reti nk tengok video prsidangan yg full... haha,
"@jokowi Mohon jangan jualan NKRI Pak. Terakhir kesana nasib warga Rempang hampir tergusur. Kalau dimarahi Xi Jin Ping, diem in  aja.",
"wahai para JENDRAL, TENTARA,TNI,Sungguh HARAM MEMBIARKAN PALESTINA TANPA PENOLONG, Kalianlah orang yg paling bertanggung jawab , Kalianlah orang yang pertama ditanya kelak, Kalianlah yg telah kami percayakan senjata dan amunisi ,kirimkan TNI,POLRI KE PALESTINA,BUKAN KE REMPANG, https://t.co/J910MCJevS",
Rempang tolong diurus,
"Hai pmimpin yg akn brtnggung jwb diakhirat, militer mu sgra dkirim kPalestina mmbantu mmerdekakan mereka! Jgn utk mrampas tanah Rempang #saverempang #SavePalestine",
"Kapolres Rembang Dampingi dan Pimpin Langsung Pengamanan Kunker Menkopolhukam Mahfud MD di Rembang   REMBANG - https://t.co/tg3U8Q4dQu, Menkopolhukam RI Prof. Dr. H. Mohammad Mahfud Mahmodin, S.H., S.U., M.I.P. melaksanakan kunjungan kerja ke Pondok Pesantren Kapolres Rembang Al- https://t.co/5QyxwTWs46",
Jangan sampai terlupakan saudara kita di Rempang.....mereka terus bergerilya untuk merelokasi warga melayu Rempang....,
"Jaksa Fungsional Rumenta A. Situmorang, S.H. mengikuti kegiatan Rapat Koordinasi Pengendalian Inflasi Daerah.  Kegiatan ini dihadiri oleh: 1. Wakil Bupati Minahasa Selatan Pdt. Petra Yani Rembang  https://t.co/H4NplPa8IX",
"Kelompok perempuan mengambil peran penting dalam mempertahankan Kampung Tua Melayu di Rempang. Di sisi lain, pemerintah tetap berencana melanjutkan pembangunan Rempang Eco City.  Bagaimana nasib mereka ke depannya? https://t.co/Qgvb3tF7MF",
"Ke CHINA OK"" Ke PBB "" YA NDAK TAU"". Mau laporan sama pak Boss dulu, masalah KCIC, sama Rempang yg belum beres. https://t.co/866i4nf6e4""",
Ke china lagi ?? Mungkin mau melaporkan berita terkini soal Rempang,
Kapolres Rembang Dampingi dan Pimpin Langsung Pengamanan Kunker Menkopolhukam Mahfud MD di Rembang https://t.co/sbogNA5ouQ,
https://t.co/QObMRRoxdq,
"Halo #SobATRBPN ,  Berikut kegiatan PELATARAN (Pelayanan Tanah Akhir Pekan) Kantor Pertanahan Kabupaten Rembang pada Minggu, 15 Oktober 2023.  Jam pelayanan PELATARAN : Sabtu - Minggu 09.00 - 12.00 https://t.co/E9xtwSlxsF",
@jokowi Pulang dari snaa semoga tdk ada daerah baru yg di gusur macam rempang,
Rempang apa kabar?   https://t.co/bE7uM1jres,
"Halo #SobATRBPN ,  Berikut kegiatan PELATARAN (Pelayanan Tanah Akhir Pekan) Kantor Pertanahan Kabupaten Rembang pada Sabtu, 14 Oktober 2023.  Jam pelayanan PELATARAN : Sabtu - Minggu 09.00 - 12.00 https://t.co/Ily7vwbVwj",
Rempang  https://t.co/3zAP4v72j9,
@BANGSAygSUJUD @0K4Y08 @99propaganda @aji_lembu @adri_7i @AlmaghribiS @are_inismyname @Bank_Joee_ @bengkeldodo @Chaves1305 @cocolatetwo Masalah REMPANG saja nggak denger komitmenya  🤭,
@jokowi Smg selepas dari cina tidak ada rakyat seperti warga rempang yg kwatir wilayahnya dirampas .Aamiin,
"Progres Rempang Eco-City, 31 KK Tempati Hunian Sementara   *Jumlah warga terdampak pengembangan Rempang Eco-City yang telah menempati hunian sementara terus bertambah.*  https://t.co/Shc2dY26TX",
@detikcom Ke China kemungkinan bahas gagalnya proyek di Rempang...,
Anak-anak Sembulang Pulau Rempang menolak dipindahkan! Tolong jangan hancurkan masa depan anak-anak Rempang pak @jokowi dan @bahlillahadalia https://t.co/maIi6UqqnB,
@narkosun Urus rempang aja dulu...jauh jauh kesana...,
"Kapolres Rembang Dampingi dan Pimpin Langsung Pengamanan Kunker Menkopolhukam Mahfud MD di Rembang   REMBANG - https://t.co/mPRWXUiFcf, Menkopolhukam RI Prof. Dr. H. Mohammad Mahfud Mahmodin, S.H., S.U., M.I.P. https://t.co/wUcR9gLGkd",
Anak Pula Rempang trauma akan peristiwa bentrok dan khawatirkan relokasi. https://t.co/SW7JS60h9d,
"@Radjahoki_pro polisi ngapain itu? saat demo soal rempang di kantor si bahlil, org hmi diserang preman polisi kok bisa diam2 aja? apakah polisi sudah bersekutu dengan preman?",
@jokowi Sehabis berkunjung semoga tidak ada rakyat digusur paksa demi alasan investasi china macam rakyat rempang.,
Kapolres Rembang Dampingi dan Pimpin Langsung Pengamanan Kunker Menkopolhukam Mahfud MD di Rembang   HUMAS POLRES REMBANG https://t.co/vTO30sc4Ye,
"@BosPurwa @faizalassegaf Menjelang pemilu semua NU. Pulau Rempang NU, Wadas NU, Kendang NU. Tapi begitu berkuasa NU nya hilang. Rempang bukan NU, Wadas bukan NU, Kendang bukan NU. Mereka ditindas, seakan yg ditindas bukan warga NU.",
@TresnoningSarah Rempang dan di Seruyan juga masih ada keadiln yang dikangkangi.,
*POLSEK PAMOTAN*  Kapolsek Pamotan sebagai Pembina Upacara di SMA Negeri 1 Pamotan dalam rangka Police Goes To School Polres Rembang https://t.co/VBlhU0fxr0,
"Awal Mula Konflik Rempang, Ini Klarifikasi Menteri Bahlil  Prabowo Gibran PDIP #KamiMuak Muntilan #FreePalestine Jokowi Pagiii Projo Dipendem Sidoarjo Minggu #PalestineGenocide Senin #ArusPerubahanAMIN #StrongGirlNamSoonEp4 shawn mendes Onic Pecco Miya https://t.co/iQQW3QaHcj",
"@EdiManik11 @Danu_d4nu @deddysitorus Food estate blm berhasil, yg sdh hampir berhasil menggusur warga rempang",
Sakit kelala aku ni. Tengah hari rembang  duk pasang lampu lagi. Lama lama boleh kecut otak aku 🥹,
@shodiqmun @kohonussa_ @SoftWarNews Habis itu kalo Hamas Lenyap Israhell pindah ke Indonesia. !  Mau ?  Rempang nyatanya !  Israhell adalah bentuk Kapitalisme dunia barat yg mau menguasai dunia dengan Uang dan Senjata.,
@Miduk17 5 tahun punya wapres tua apa gak kapok bang? Prabowo dah tua jadi gak ada salahnya kalo didampingi yang muda progresif kayak @gibran_tweet . Emang PDIP partai tua seleranya juga tua². Yang penting slow,
Jateng 3 ojo lali 0.3 Amal Alghozali @pemudaidamanid 😆 #Pati #Blora #Grobogan #Rembang https://t.co/SSrzpiPyIE,
"Dukung Rempang Eco City, Warga Minta Pihak Luar Tidak Memperkeruh Suasana  #rempang #ecocity #galang #hoaks #batam https://t.co/R9qmAreECN",
Lihat video Sumardi Rempang! #TikTok https://t.co/QcbUESCgRt,
"@jokowi makanya pak jngn bikin tol mulu, jngn ngbabat hutan buat dijadiin tambang mulu, jngan maksa warga rempang bwt pergi demi investasi, jangan ekspor pasir dll.. intinya JANGAN RUSAK LINGKUNGAN buat kpentingan pribadi semata. bpk sarjana kehutanan tpi gak cinta lingkungan. mengheran.",
@kumparan Revisi jualan Rempang lagi sambil ngeles putusan MK,
"https://t.co/DPGiFvIoeY, Menkopolhukam RI Prof. Dr. H. Mohammad Mahfud Mahmodin, S.H., S.U., M.I.P. melaksanakan kunjungan kerja ke Pondok Pesantren Kapolres Rembang Al-Fakhriyyah Desa Sumbergirang Kecamatan Lasem Rembang, Minggu (15/10/2023). https://t.co/wYJAfu4UgM",
Bupati Rembang memimpin Rakor Kepala Desa se Kabupaten Rembang. https://t.co/DqilYJcSrX,
"Rakor KHL Kabupaten Rembang, Rakor ini membahas tentang Percepatan Pengelolaan Perhutanan Sosial https://t.co/1WnOicb6qt",
"@xquitavee @Uki23 @gibran_tweet @prabowo @jokowi Yang bikin ram heboh siapa? UU pemilu dirubah kok di ilang rubah konstitusi, mbok ya nalar dikit jadi pendukung Ganjar",
@tvOneNews Konsepnya kayak di rempang ya pak ?,
"@PubgMGlobal4 @Tan_Mar3M @islah_bahrawi @ajengcute16__ gak diapus juga gpp juga, khan cm salah nama, isinya mah bener. Pontennya masih 7😀🙏",
@Ibas @titiknol_jogja @txtdrMagelang @PoldaJogja @polresjogja APA YANG BISA DIHARAPKAN DARI POLISI? KALAU URUSANNYA SAMA ORMAS?   POLISI NGGA PUNYA NYALI HANYA BERANI SAMA PENONTON BOLA DAN PETANI  #REMPANG #KANJURUHAN,
"@PubgMGlobal4 @Tan_Mar3M @islah_bahrawi @ajengcute16__ Bener sih, yg dibilang nyerang anis khan ajeng, bkn resty..😃",
@titiknol_jogja @txtdrMagelang @DivHumas_Polri mana kekuatan saat menghadapi orang #rempang  dan saat di #kanjuruhan  ? Selalu lemah lembut kalau urusannya sama ormas.  Kenapa? -takut? -ngga ada duitnya? -takut dan ngga ada duitnya?  Pak @ListyoSigitP anda ini diluar nurul,
@liputan6dotcom Belum lama ini juga kunker ke China..apa ada dampak dr proyek di Rempang?,
Ayo manfaatkan data Statistik Kesejahteraan Rakyat yang bersumber dari kegiatan Survei Sosial Ekonomi Nasional atau Susenas.. https://t.co/h9QlQ7eL8i,
#polripresisi https://t.co/bET25pGe3f,
Festival Anak Sholeh Indonesia Wujudkan Generasi Santri Berakhlak Karimah #beritarembang #nurfmrembang https://t.co/D6M85iIWCm,
"Wisuda unimus masih ada slot ya bestie , yg lain udah pada booking mua, kamu masih sibuk bandingin harga, siap siap kehabisan slot 🔥🔥🔥 mua semarang mua smg mua undip mua unnes mua unimus  mua kedungmundu mua tembalang mua banyumanik mua gunungpati mua uin ws https://t.co/r7qE4aC3St",
#RempangEcoCity #SolusiUntukRempang #SolusiRempang #InvestasiUntukRakyat #Rempang  #PulauRempang #RempangBatam #Batam https://t.co/CdSbu9VRvM,
#RempangEcoCity #SolusiUntukRempang #SolusiRempang #InvestasiUntukRakyat #Rempang  #PulauRempang #RempangBatam #Batam https://t.co/m8hCnnT7Wy,
#RempangEcoCity #SolusiUntukRempang #SolusiRempang #InvestasiUntukRakyat #Rempang  #PulauRempang #RempangBatam #Batam https://t.co/0ymXs6mxj7,
#RempangEcoCity #SolusiUntukRempang #SolusiRempang #InvestasiUntukRakyat #Rempang  #PulauRempang #RempangBatam #Batam https://t.co/RMZs6Mtp93,
#RempangEcoCity #SolusiUntukRempang #SolusiRempang #InvestasiUntukRakyat #Rempang  #PulauRempang #RempangBatam #Batam https://t.co/GeYM3RQ9BJ,
#RempangEcoCity #SolusiUntukRempang #SolusiRempang #InvestasiUntukRakyat #Rempang  #PulauRempang #RempangBatam #Batam https://t.co/zSfU1GshQ2,
@merapi_uncover Sertifikat tanah untuk warga rempang,
@geloraco Kelelahan urus kontrak Oligarki Warga rempang Murka.... Yg opung... Modar luh,
https://t.co/rImRhOMMWL,
https://t.co/7k8vfDbcSR,
https://t.co/oaoWnlOx0O,
https://t.co/rImRhOMMWL,
https://t.co/B63AO0RxzT,
https://t.co/oUjWmONZBr,
https://t.co/LXhSXyfamx,
https://t.co/ToTXrTgpLF,
https://t.co/A3JlephGYV,
https://t.co/oaoWnlOx0O,
https://t.co/0FWqcxQB2G,
https://t.co/Y1e2yEImVm,
@gus_muslih @islah_bahrawi Jokowi dan rezimnya mengusik NKRI dengan cara hendak mengusir warga Rempang dari tanah mereka yg telah didiami ratusan tahun apa tanggapanmu Gus?,
- b. jawa (gatau ini gaada pr apa2 tapi pak bangkit biasanya suka tiba2)  - sosiologi (presentasi kasus rempang yaallah takuttttt),
"@nongandah @masbutet 🤣🤣🤣, Ini lucu. Yg bikin sedih gerombolan babi bukan ketidakadilan seperti kejadian Rempang tapi justru karena berpalingnya sang idola   Elu sok sedih nyet tapi Jokowinye 👇 https://t.co/bIqzozfYqo",
Memilih GP sama saja dengan melestarikan kezaliman rezim boneka JKW yang merampas kampung Rempang demi kepentingan investor asing...,
"Kasus kampung Rempang itu konsekwensi dari perjanjian hutang-piutang dengan Tiongkok :   Loe pinjem duit ke gue boleh, tapi gue mau investasi di negara loe, di wilayah mana aja yang gue inginkan, gak peduli harus menggusur rakyat loe sendiri""....🤣🤣🤣""",
"@KeynaWu @pengarang_sajak Opung bukan mundur tapi memang sudah tidak berdaya lagi, jgn kan utk borduser rakyat rempang utk makan juga susah harus pakai selang.",
"Tentang tanah. Narasi yg disuarakan ternyata sama: sejak dulu itu bukan tanah milik mereka, dulu mereka tidak ada disana, mereka tidak punya hak atas tempat itu sebab itu tanah milik pemerintah, dst  Sama: Palestina, Rempang, dll",
"@Tan_Mar3M Cepu vs Buzzerp  Sama-sama orang bayaran Bentar lagi @islah_bahrawi belain deni, Miduk belain Cenul..😃  Yang ajaib  @ajengcute16__  sibuk nyerang Anies..😂😂",
"@saidi_sudarsono Doa rakyat melayu rempang juga om, mereka orang yang terzalimi, makbul bin mustajab 🤲🏻🤲🏻👍🏻",
@_MbakSri_ Awas jangan sampai belok ke Rempang,
"@CNNIndonesia Saat kampanye nginap di rumah warga Saat berkuasa gusur rumah warga Kasus rempang, wadas, kemdeng, kampung aquarium menunjukkan sikap penguasa yg sokmerakyat saat kampanye",
"@OmJ_JeNggot Isilop kemana ya? Kelihatan cuma ada 1 2 orang.. Giliran di rempang bisa turunin ribuan personil, ketahuan banget sih krn duit.. 🥴",
"Jika anda mau ambil tanah rempang, apa bedanya dng Israhell",
@HukumDan MCD @McDonalds_ID seharusnya bantu warga #Rempang  ##Wadas &amp  korban2 Pergusuran lain yg terjadi di Indonesia lebih jahat dari Israel vs Hamas. Saya tetap makan Mcd tunggu discnya.. bisa kah mcd buka cabang di Rempang.,
@PartaiSocmed @ganjarpranowo Tum ora bahas kelanjutan Rempang Tah?,
"@Dennysiregar7 Tidak berkhianat dg Orpolnya sy sepakat, tp tidak berkhianat kepada Rakyat, sy Cuma ketawa?   bagaimana dg Wadas, bagaimana Rembang dan Pasti, Juga Sama2 Rakyatnya dikhianati.  sblm bicara' siapkan dulu fakta &amp  datanya engkau Pengkhianat dlm 10 th ini..",
"@HusinShihab Wong cilik mana? Wadas? Kendeng? Rempang? Cian amat wong cilik dieksploitasi buat cari suara. Giliran udah berkuasa, kerjaannya nyaplok tanah, nggusur, neror wong cilik. Shame on you",
@wujudaseli Wah parah lu bocil! Jangan sampai kata2 lu balik ke diri lu sendiri yaa!  Ttg warga rempang sebelum nya memang sudah mau buat direlokasi dg dikasih ganti untung kok. Tp ada penebar fitnah yg ksh info bohong mknya jd salah paham. Gitu lho!,
"@GeiszChalifah Giliran Rempang, main kabur joget d IKN, iini parah ini..???""",
"@HusinShihab Iya Slogan wong Cilik apa iya Pro wong Cilik? Camkan itu....., Rempang aje mo digusur kalo gak di Viralin mah...., Pretttt",
"@kamsuley @Kanseulir jauh sebelum kejadian rempang juga banyak minusnya, cuma banyak yg tutup mata.",
@EriL59620901 @danurespati Rembang.,
"@joko_ngiboel Rempang entar AMIN yg bereskan, In syaa Allah, Aamiin🤲",
"Astaghfirullah, Rempang Lagi??😱😱 Terkejut! Terjadi ini baru-baru ini!  https://t.co/vDa16dvIJD",
@UmarSyadatHsb__ Nb : Perubahan sangat Solid krn emg sdh hmpir 10 th sptnya di buat Gaduh. Spt Rempang akn diratakan e e lom terlaksana aktornya dah khoid duluan. Doa' org yg tersisihkan kekuatan mahadasyat.,
JAHATNYA REZIM JOKOWI‼️DERITA MELAYU REMPANG: PULANG MELAUT TANAH DAN RUMAH SUDAH TERCERABUT https://t.co/5qlFlFAGRh,
@Dennysiregar7 Cinta NKRI ?. Wadas Rempang di caplok ko diem aja,
"@DoankWarto jjjiiiaaahh🤣🤣 mainannya masih radika radikul... nggak usah mainnya kejauhan deh pake nama WTO, coba minta si ganjen probokep ke rempang. brani kagak?  dasar emping magot🤣🤣",
"Konflik Agraria terus merebak. Pasaman Sumbar, Rempang Riau, Gorontalo, Lampung, Seruyan terupdate di media nasional. Sebenarnya jika dipublikasikan secara massif, aksi massa rakyat (petani) menuntut soal-soal agraria tak akan ada habisnya.   https://t.co/XviAO0yEcN",
"@slamet_nasib @RagilSemar Bpk kau lah yg kau puji puji jokowidodo ngutang ke China  tanah rakyat dijual ke China, konflik di rempang tdk ada persatuan umat islam demo bela warga muslim rempang 👎👎👎👎👎🖕🖕🖕",
"@Dennysiregar7 Ini cuman kecil, gak sebesar Omnibus,UU KPK dan Hak tanah adat (Wadas,Rempang dll)",
"@Dennysiregar7 Ngaku Sumatra, saudaranya di Rempang di usir gak bersuara, dahlah... anda tidak fanatik Jokowi,PDIP ataupun Ganjar. Anda itu Fanatik dengan cukong yg dibelakang calon manapun yg di dukung Cukong.",
"Jakarta itu cuma kecoak,Semarang Rembang Kudus Grobogan Pati itu receh saja,ini tempatku kiblatnya",
@loli_NUsantara @moonlitbtrfly @yayadsubackward tfw no rempang wadas usut cuntas rezim they Sukonto Liem can getaway with https://t.co/7jMlGaQgJ2,
"@PKSejahtera Perlu bereskan tragedy Km 50. Usut tragedy Kajuruan, Wadas, Rempang, dan Kalimantan.",
@Heraloebss Yg salah yg anarkis apa tetap dikandangin sama seperti yg demo Rempang-&gt seruyan sepertinya kecil utk di tangkap karna apa???? 👇👇👇,
#AniesMuhaimin2024 Rempang,
#AniesMuhaimin2024 Rempang,
#AniesMuhaimin2024 Rempang,
"Hmmm boleh saja asal tidak ada turut campur dalam urusan pemerintahan, bila pengusaha mendikte pemerintahan yang susah pasti rakyat, itu pasti, contoh: Wadas, Rempang dll",
#AniesMuhaimin2024 Rempang,
#AniesMuhaimin2024 Rempang,
#AniesMuhaimin2024 Rempang,
#AniesMuhaimin2024 Rempang,
#AniesMuhaimin2024 Rempang,
#AniesMuhaimin2024 Rempang,
@Aryprasetyo85 @007koteka @03__nakula @__AnakKolong @aan_muba @al_lasan @Anak__Ogi @GunRomli @Marbot_Udien @Miduk17 @seruanhl Ya mgk dia org rempang yg kawin dgn org singapore terlalu picik pikiranmu,
"@jorymicah the same fate as the people of Rempang, in Indonesia 😭",
"@onthesbrew @HarryMagurame Gimana dia mau ngoceh urusan palestina, lha anak buahnya sendiri ngancurin rempang, bunuh 135 orang di kanjuruhan.",
@kaesangx @ag_ya_ya @Aurora_L_Hunt @liputan6dotcom Nah.... Kayak yg di Rempang😁,
@PDemokrat @PDemokrat  apa kabar rempang dan kalteng dimana keperpihakannya untuk rakyat https://t.co/8rg0o7hNse,
@Nicho_Silalahi Lega hatiku rakyat Rempang gak jadi dibuldozer.,
@rudysibarani @Nicho_Silalahi Nicho baru berdoa sdngkn yh didoakan sdh berencana buldozer rakyat Rempang. Lebih bodat mana?,
"@6undul0h Awas modus gusur ala P.Rempang.  Dalihnya kawasan khusus, ujungnya penggusuran paksa, diserahkan ke asing pula (investor).",
@tempodotco Kalian percaya sama dia? Memihak kepentingan rakyat? Kasus rempang dimana posisi dia?,
"@CNNIndonesia Macam jokowi. Saat kampanye butuh suara, dari masuk gorong gorong sampai janji segunung dilakukan. Giliran sudah berkuasa, banyak bohong dan lupa rakyat. Lihat saja warga wadas, rempang dll. Warga wadas ke kantor gubernur bukan ditemui malah dihalangi kawat berduri.",
Tolong Follow akun baru sobat X @ImaIsBack . #FreePalestine #save_rempang,
"PERISTIWA YG DIALAMI SAUDARA KITA DI REMPANG GALANG AKIBAT KLAIM SEPIHAK KAWASAN HUTAN NEGARA SECARA SEPIHAK ATAS TANAH ULAYAT / RAKYAT, KEMUDIAN DIPERTEGAS OLEH ATR / BPN, JADI 2 INSTANSI ITU BIANG KEROK WAJIB DIBENAHI PRESIDEN.  https://t.co/DB331i2Y8G",
"Lihat video Ngofa Ngare! #TikTok https://t.co/CNk1AHv1ld makanta REMPANG mau di jadikan Daerah Terkaya d ke 2 setelah maluku Utara byk nolak. MALKU UTARA subur makmur,karana orang irang Maluku Utara tdk berulah seperti rempang.",
"PERISTIWA YANG DIALAMI SAUDARA KITA DI REMPANG GALANG AKIBAT KERAKUSAN KLAIM WILAYAH PERUNTUKAN. BERAWAL DARI KLAIM SEPIHAK KAWASAN HUTAN NEGARA SECARA SEPIHAK ATAS TANAH ULAYAT / RAKYAT .. KEMUDIAN YANG DIPERTEGAS OLEH ATR / BPN, JADI 2 INSTANSI ITU YANG WAJIB DIBENAHI PRESIDEN.",
"@kumparan Sewaktu sehat kau kejam thd rakyat pung, bahkan warga rempang batam mau kau buldozer !!!!! skrg kau rasakan jadi ariel sharon yg hidup dengan bantuan alat2 ...semoga kau modar n suul khotimah...aamiin",
"Dih. Gini aja lu butuh rakyat, bahkan nyusahin. Selain tutup mata konflik Urut Sewu, ngebiarin Semarang tenggelam, langgar putusan PTUN terkait Rembang, sembarangan PSN-in tambang dan rampas tanah di Wadas, mempertahankan limbah PLTU Cilacap, skrg mau ngegimmick pro rakyat?",
"@opposite6892 Semoga beneran sakit, bukan lg proses NEGO Semoga rempang gagal total Singapore dan kakak tertua marah, lalu opung dead disana",
@jokowi Rempang,
@bianca01403 Rempang adalah perumpamaan #palestine di suatu negeri,
25 KK Warga Rempang Sudah Bergeser Tempati Hunian Sementara . sumber berita: iNews tv Batam . https://t.co/Gfk9Kq84xr,
Membacakan Nyaring https://t.co/Oi8jl0lCIn #MovingEp17 Narnia Azizah KDRT Abimana #MyLovelyLiarEp14 #TXTxDior #____ Halo-Halo Bandung Rempang https://t.co/LnKJzhAoBi https://t.co/b5Nj9aU6GM https://t.co/DxMKnATDdf https://t.co/Bw9nInwXH2,
@bianca01403 @DwiNina93 Rempang bukan Gaza,
@narkosun @ganjarpranowo Klau dia menang Jawa bisa jdi kaya Rempang karena dia akan melanjutkan yg skrg LG berjalan JD Indonesia sama aaja ga akan berubah,
@Heraloebss Maunya di rempang warga pelihara ular yah jd klo ada aparat yg preman2 suruh duel ama ular2 sekalian ular anaconda,
rembang lossdoll💥💥,
"@Dennysiregar7 bosen ah, meratap mulu... dmn kau saat ratapan warga Badas, masyarakat Rempang? kalo aku sebut KM 50, iblismu pun tetap akan keluar",
@BayuAngora Lalu kenapa congormu tak pernah sekalipun membahas Rempang? Apakah Rempang tidak kau anggap sebagai saudara negeri sendiri?  Atau bayaran nasbung tidak dialokasikan utk bahas Rempang? https://t.co/BqjU532BzT,
#AniesMuhaimin2024 Rempang,
S a ma ma rempang ..,
#AniesMuhaimin2024 Rempang,
Teruslah berjuang Bersama @plalestina dari mulai hal terkecil yg bisa saudaraku lakukan. Bila ada tamu asing tak dikenal masuk rumah kalian apa yg kalian lakukan ???  Seperti itu israel datang ke palestina tamu mengusir pribumi .. sama hal rempang https://t.co/CNOXpTuYWY,
"@tvOneNews Apa kata bapak aja, Israel vs Palestina udh ditanggapi hingga cerita kenaikan BBM. Kasus Rempang dll yg ada ada ditanah Indonesia udah sampai dimana?",
@bianca01403 Sengaja supaya masyarakat Rempang mau di geser.....anjing jg ni pemerintah,
@AffiatFarid @sosmedkeras Rembang dan probolinggo penulisannya masih sama 😁,
Warga Rempang yang Pindah ke Hunian Sementara Terus Bertambah https://t.co/KJhQ4xCoyv #beritajogja #jogja #jogjaistimewa https://t.co/JafQiIHbYU,
@bianca01403 Rempang Gaza 11 12,
BP Batam: Warga Rempang yang pindah ke hunian sementara bertambah https://t.co/0ZbFH41VSI,
"@bianca01403 Rezim zalim, ya Allah lindungi dan selamatkan saudara kami dari kezaliman rezim ini di Rempang.. Aamiin ya Rabb.",
"@opposite6892 Kualat sama warga Rempang kayaknya nih,  Smg bs jd pelajaran buat para pejabat lain, sesombong ini aja skrg tak berdaya d RS,",
Alhabib Sholeh bin Abdurrohman al-Djufri (Solo) Syekh Maher as-Syafi'i ad-Dimasqi (Suriah) KH. Rochmat Abd Rozaq (Rembang)  Dimeriahkan oleh Hadroh Majlis Sholawat Riyadlul Muhibbin,
@OposisiCerdas sebelum perang rempang n palestina hrg myk ttp naik Jgn buat alasan lah,
Rempang,
BP Batam: Warga Rempang yang pindah ke hunian sementara bertambah https://t.co/6rrxzj86PA,
"@awank2017 Tolol untuk negara lain buka donasi, giliran warga rempang ngak ada buka donasi 👎🖕🖕🖕🖕🖕🖕🖕🖕🖕🖕",
Belanda saja bisa diusir setelah ratusan tahun menjajah Apa lagi cuma Jokowi yg baru 10 th memimpin . Pertahankan rempang dengan darah dan nyawa https://t.co/p7tFh4BBSB,
sejumlah pelatihan dipersiapkan untuk warga #rempang,
@fairyreeen Tiba-tiba bahas sejarah pulau Rempang HAHAHAHAHAHAAHAHHAHA ngakak pol,
@bianca01403 Mirip jokowi sebagai Israel mengusir warga rempang sebagai Palestina.,
"Bapak2 komplek gue ngomongin kasus rempang sok iye banget “ekosistem iblis, orang iblis” gak ada argumentasi kuat kenapa iblis🤣  Semudah “feasibility study” dan “embezzlement” udah itu malah ngeluarin iblas iblis",
"Masih untung sadarnya ketika masih hidup. Bayangin pendukung Jokowi yg udah keburu mati, di dalam kubur baru sadar.  Mo nulis penyesalan dalam liang lahat?",
Udah kayak Gaza aja Rempang saat ini...???,
"@elisa_jkt belum lagi petugas TPS meninggal ampe 700 orang, kanjuhurungan nga jelas, rempang..lebih 1000 kali parah saat ini dibanding orba",
"@Amienstein Keponakanku baca ini ngakak, jgn2 kau bukan orang indonesia yg jarang baca dan liat berita bekal, anak bunuh ortu, rempang digusur, papua dll. Mungkin kau gak tau dari sblm jaman majapahit jg banyak perang. Sana belajar yg rajin kau",
#AniesMuhaimin2024 Rempang,
#AniesMuhaimin2024 Rempang,
@awemany Kepinteran lo Bang. Yg gampang2 aja mikirnya https://t.co/SXwZgNrStz,
Kejadian di pulau Rempang tak beda jauh dengan keadaan di palestina...,
"@elisa_jkt @rachlannashidik 6 warga sipil ditembak, warga kalteng ditembak, korban kanjuruhan tak mendapat keadilan, warga rempang diusir dr tanah kelahiran.. kurang zionis apa rezim ini",
#AniesMuhaimin2024 Rempang,
Kemenag Rembang Salurkan Bantuan 100 Tangki Air Bersih ke 13 Kecamatan #beritarembang @Kemenag_RI  #nurfmrembang https://t.co/Li8ycnG0nK,
"Cuma di era ini, orang kerja admin gampang banget meninggal. https://t.co/GpBLf76eOo",
@Metro_TV Gak usah pertimbangan macam². Berani tidak bukak²an sama KPK,
"@HusinShihab Fakta cebong sekaum penjajah Israil .. dik..dik junjungan ente lagi pencitraan cari suara muslim jangan justru menunjukkan cebong sekaum bela Israil. Mending bantuan Ganjar pencitraan cari simpati suara muslim , rempang di jajah China cebongpun bela RRC https://t.co/5H2bvXjRqa",
"@mohmahfudmd Lanjut ke Al Anwar, Sarang, Rembang, Jateng...",
Saudara2 di Rempang dan Air Bangis Apa kabar? #SaveRempang #SaveAirBangis,
"@BayuAngora Waktu Rempang, Lo dimana?",
@Alif294 @FransAlosius @SoftWarNews Kayak kasus rempang,
SEMOGA BERKAH #PENCAIRAN PINJAMAN NASABA HARI INI 👉 TGL : 14-Oktober-2023 Bagi Yang Minat Pinjaman. Silahkan Hubungi/Chat 📲No.WA : 0815-2392-8297 💯% Amanah &amp  Terpercaya #Purworejo #Rembang #Sragen #Sukoharjo #Temanggung  #Karanganyar #Kebumen #Klaten #Magelang #Pekalongan https://t.co/rpdBBXOgKT,
"BP Batam Offers Scholarships, Training for Relocated Rempang Locals https://t.co/HUxLTbuLIp",
Relocated Rempang Locals Hold Traditional Banquet https://t.co/AKsEEOf1uR,
@itsbunaa @PasuruanFess Dalan gek daerah sukorejo pelosok arah nang rembang jek onok seng bolong btw 🙂,
@Humairah_922 opung semoga cepat mati.... Krn org inilah penyebab rempang digusur....,
"Nah Lo ! .. ini berlaku juga di tiap proyek strategis nasional ntah di IKN, Rempang ECO city maupun PSN lainnya yg mengijinkan investor untuk membawa karyawannya orang² sendiri, jadi dengan alasan tersebut pekerja lokal gak guna, maka jadilah PROYEK STRATEGI NASIONAL.",
"@tanyarlfes ngapain, negara lu jg negara penjajah...  papua, rempang, seruyan, komodo, dago elos, wadas, dll",
"@VIVAcoid Iya kebanyakan bicara akhir tidak ada yg di realisasikan ,sampe2 warga kota tua rempang di janjikan sertifakat tanah ternyata bohong",
@opposite6892 Doa org Rempang melayu dan semua rakyat Indonesia,
@Miduk17 rakyat mana lagi yang kamu dustai duk @Miduk17 ? rakyat tersakiti di Wadas dan Rempang kamu mingken bae,
@b_otonom @Dandhy_Laksono Betul sekali. Tanahnya dijual seenaknya sama calo dan pejabat korup. Yang punya tanah digusur seperti di Rempang dengan alasan meroket ke surga.,
inalilahi wainailahi rojiun...sesama manusia walaupun berbeda politik https://t.co/8xoUnxlxZO,
"Rempang ternyata Meniru Israel thd Palestina,,  Stop Pelayanan Kesehatan dan Hajat Hidup Masy Luas,..  Emg BIADAB",
"Hampir Semua Proyek di Era Jokowi Meninggalkan Effek Negatif yg jelas Merugikan Negara dan Rakyat. Lihat Proyek IKN yg  mencapai 190 thn, menyerupai lama waktu penjajahan Belanda. KCJB ka cpt ninggalin hutang tak terbayar. Mandalika hutang Rp. 4,6 T Pulau Rempang..😢 Byk lg🥺",
densi mah gk jelas kgk usah di gubris lah bos @Partono_ADjem. bersatunya majapahit mataram solo jogja ayah @prabowo @gibran_tweet @GibranRakabumi @kaesangp @SBYudhoyono @AgusYudhoyono pakdhe @jokowi jauh lebih terhormat ketimbang penjual pulau megachan. rempang resmi dibatalkan,
"Progres Rempang Eco-City, 31 KK Tempati Hunian Sementara https://t.co/hMXLkIXPwf",
"jawa timur kali, aku gabilang kalau makanan jawa tengahan ga enak cuma kdg ada yg hambar atau terlalu manis.  aku pernah KKN di Rembang apa krn letaknya hampir ke jatim jd cocok sm lidahku dan jarang ketemukan makanan manis, kecuali waktu itu lontong tuyuhannya.",
@seisriro Tepuk rembang tu gimana si?,
@Subur0204 Aman Mungkin waktu itu akan ada isue Rempang makanya dimunculkan masalah ini biar heboh dulu !!,
"@bianca01403 Dengan cara busuk pemerintah menggusur rakyat rempang, 1, dengan menghentikan layanan kesehatan, 2, menghentikan pendidikan,   Biadab kalian semua, kenapa rakyat sudah gak mau digusur atau di beli tanahnya, kenapa kalian bunuh mereka dengan cara menghentikan layanan kshatan?",
@BosPurwa bro jgn mentang2 kusno bela palestina anti israel kau sekarang belain kusno ingat siapa yg undang pki ke istana itu kusno bapaknya megachan. pakdhe @jokowi 2 periode jauh lebih terhormat presiden w batalkan proyek rempang mega tw. mataram majapahit vs pki ccp jucheidea https://t.co/9Fq1s0G6Gs,
@tanteMelda92 @Tantemonik69 Ngebahas yang gak-nggak mulu' mending membahas pulau yang lagi digusur pulau rempang gimana menurut kalian???,
Mari kita saksikan wajah pejabat yang hadir di konflik Rempang  (Sebuah Utas) https://t.co/gIQuyQoYiB,
@blank0429 Tetap jaga Rempang✊✊✊ #TakanBumiMelayuHilang,
KEJANGGALAN PROYEK REMPANG DI BONGKAR HABIS....  KEBOHONGAN JOKOWI LUHUT DI BONGKAR....‼️  #JokowiWajibDitumbangkan  #JokowiWajibDitumbangkan  🆘🆗 https://t.co/etD3sVq8j8,
"Kenali lebih dekat Jamaahmu Pandang gambar besarnya Sebagai warga sebagai Rakyat Indonesia Yang selama ini tak sepenuhnya berdaulat di Negerinya sendiri terlebih dibidang ekonomi  Sumber daya alam yang melimpah bukannya jadi berkah, justru jadi musibah Rempang, konawe, papua dlsb",
@hc_poirot Semoga sehat dan bisa kembali  membuat bumi rempang jadi penampungan china,
"@Jelajahi_IDN Mirip Jalur Pantura Lasem, Rembang...dekat Petilasan Sunan Bonang 😀",
@NanoNano1626 medali po sek enek sing via rembang?,
Masyarakat Rempang bukan barang yang bisa dipindah semaunya hanya demi kepentingan pemilik modal. #KebijakanLalimSengsarakanRempan #RempangKorbanKapitalisme  #IslamSelamatkanPerempuanRempang,
@BayuAngora Oke saya tunggu donasimu tuk Pribumi melayu rempang  JANGAN NGOMONG DOANG,
@RanggaWijayaka @perangutan23 Yang di rempang namanya rumah apa brother?,
@kompascom ditekan China berani? china masuk negara besar??  kalau berani akhiri urusan rempang dgn mengembalikan kpd warga rempang,
"@BaguzFX @mazzini_gsp sama rakyat sendiri, sesama manusia, di rempang aja bgtu 🥲",
"Rakyat Rempang Terancam Diusir, Kedaulatan Rakyat hanya Pemanis Bibir  #KebijakanLalimSengsarakanRempang  #RempangKorbanKapitalisme  #IslamSelamatkanPerempuanRempang",
"Peduli Pengusaha Kecil #BahlilUMK https://t.co/fwcZ53vNnf Perekonomian di rempang memang seharusnya dibagi secara merata baik dari Pengusaha Kecil maupun non pengusaha, goodjob",
@kangdede78 Wes dang patoki tanah nang rempang ae kon,
"@floreskekinian2 @CNBC @BreakingNews Peduli Usaha Kecil, menteri kita secara merata memberikan keadilan perekonomian untuk semua kalangan tanpa terkecuali di rempang #BahlilUMK",
"@floreskekinian2 @CNBC @BreakingNews Semua kalangan mendapatkan imbas positif dari adanya proyek yang ada di pulau rempang, menteri kita Peduli Usaha Kecil supaya merata keadilan yang didapat  #BahlilUMK",
"@tvOneNews agak rancu ya, soekarno aja penyambung lidah rakyat tapi yang fundamental adalah komunikasi di segala aspek, contoh rempang itu katanya salah komunikasi nya nah jadi bisa dilihat kerja tanpa komunikasi ya chaos",
@asmirzakovic @dhanipare87 Pati - Rembang better pantura apa blusukan alas jakenan,
"@Dennysiregar7 @officialMKRI Ada sesuatu dasitu, dari Rempang pindah makasar dan  Kolor katok 💜💜💜 https://t.co/DTTrQsaFP2",
Buzzer mau bikin trending pakai bot gini pakai duit rakyat apa bukan?  Sementara kita sibuk soal urusan lain.. Pemerintah di sana asik agitasi Masyarakat Rempang yg pertahankan Haknya  Mohon tenangkan Masyarakat di Rempang yg bertahan @YLBHI   #TolakPenggusuranRempang https://t.co/5ar9yjljeP,
"@geloraco Trus opung kok digotong ke singapur, emang nya singapur itu msk wil rempang kali?????",
Indonesia: Investigation by rights groups finds numerous rights violations in Rempang: Nine human rights organisations calling themselves the “National Solidarity for Rempang” have published the results of a preliminary investigation into the September 7… https://t.co/XeejTDqUnE,
@OposisiCerdas Doa nya warga rempang terjawab sudah.,
"Apa kabar saudara2 ku di Rempang dan lainnya ?  Semoga selalu sehat, damai dan dilindungi oleh Allah SWT",
Kapan kafilah negeri tirai bambu berbondong bondong ke Rempang?,
"Bahlil adalah citra arogansi pemerintah terhadap rakyat di Rempang, banyak pihak yg dibohongi termasuk presiden kalau proyek Eco city sudah memiliki ijin (AMDAL), padahal belum jadi dibuat, PB Batam diharap jangan maksa rakyat untuk relokasi, ECO city adalah bentuk penjajahan.",
@OposisiCerdas hanya ingin tau...ada rencana apa dibalik itu?,
"@NarasiNewsroom jaman Avatar anak kecil bisa menguasai Air, Bumi dan Api...jaman sekarang hanya seumuran Luhut yang bisa seperti itu",
@Paltiwest PBB tidak melihat penggusuran tanah rempang dan kalimantan.itu pelanggaran HAM.kok bisa dijadikan anggota PBB.,
@OposisiCerdas hanya ktp kartu keluarga masa engga punya kalo warga asli yang elu perjuangkan yang engga punya siapa...?,
@NenkMonica cepat sembuh...jangan biarkan jokowi sendiri menghadapi pengadilan rakyat perlu didampingi mantan jendral kopasus...,
"@Naz_lira Sadarlah wahai rakyat indo belalah terlebih dahulu hak rakyat yang lagi menderita di rempang mereka mau kemana kalau digusur,jangan lihat penderitaan negara lain sedang penderitaan negaramu kau tutup matamu,jangan pura pura suci",
KEGIATAN KENDURI AKBAR ( RUMAH BARU masyarakt REMPANG DI LAPANGAN FASUM BUANA CENTRE PARK https://t.co/1A9dmCpLiv,
"@ronavioleta Lebih baik bela palestina daripada bela warga Rempang yang menderita akibat lahan dan rumahnya di rampas investor,demikian juga warga Seruyan yang di tembak polisi di diamkan lebih baik berdemo bela palestina,bela rakyat Indonesia belom pernah demo",
Yahudi Pesek penyembah pohon dan Yahudi Keling penyembah sapi.  #FreePalestine,
@Nazarudin171 @AbidinIdris7 Sebenarnya bukan hanya Buzer Israel yg ada di Indonesia Tp Kekejaman Israel pun sdh di Import ke Indonesia.. Contoh kasus Rempang (Perampasan tanah milik rakyat oleh Rezim) sebagaimana Israel merampas tanah2 milik rakyat Pelestina.. Maka 2024 hrs ada perubahan/penggantian Rezim.,
"@ganjarpranowo BUKANKAH DU WADAS BANYAK YATIM PIATU NJAR, REMPANG PUN DEMIKIAN, 2 WIKAYAH ITU RUSAK MAU DI AMBIL CUKONG, BASI BANGT TWITAN LU",
@tvOneNews Rempang ... kanjuruhan  n papua,
"@ekowboy2 Daftarnya masih panjang, potensi ada di Golkar yaitu Dito BTS, Airlangga Migor dan Bahlul Rempang, PAN dengan Zulkifli hutan, Gerindra dengan Prabowo casava..😂😂😂",
KENDURI AKBAR-MASYARAKAT REMPANG (RATUSAN WARGA REMPANG HADIR DUKUNG PEMBANGUNAN REMPANG ECO CITY ) https://t.co/VV6VrWsDlJ,
KENDURI AKBAR-MASYARAKAT REMPANG ( RATUSAN WARGA REMPANG HADIR DUKUNG PEMBANGUNAN REMPANG ECO CITY ) https://t.co/9gllFzGwh5,
KENDURI AKBAR-MASYARAKAT REMPANG ( RATUSAN wrga REMPANG HADIR DUKUNG PEMBANGUNAN REMPANG ECO CITY ) https://t.co/EghvLnaqZw,
KENDURI AKBAR-MASYARAKAT REMPANG (RATUSAN WARGA REMPANG HADIR DUKUNG PEMBANGUNAN REMPANG ECO CITY ) https://t.co/u9J0Q3msHb,
KENDURI AKBAR-MASYARAKAT REMPANG ( RATUSAN wrga REMPANG HADIR DUKUNG PEMBANGUNAN REMPANG ECO CITY ) https://t.co/Vc3M2uEfaN,
KENDURI AKBAR-MASYARAKAT REMPANG ( RATUSAN WARGA REMPANG HADIR DUKUNG PEMBANGUNAN REMPANG ECO CITY ) https://t.co/Lb0a7dVY6S,
KENDURI AKBAR-MASYARAKAT REMPANG ( RATUSAN WARGA REMPANG HADIR DUKUNG PEMBANGUNAN REMPANG ECO CITY ) https://t.co/N5aM1RUjfw,
KENDURI AKBAR-MASYARAKAT REMPANG (RATUSAN WARGA REMPANG HADIR DUKUNG PEMBANGUNAN REMPANG ECO CITY ) https://t.co/7RWU5gGqfR,
KENDURI AKBAR-MASYARAKAT REMPANG ( RATUSAN WARGA REMPANG HADIR DUKUNG PEMBANGUNAN REMPANG ECO CITY ) https://t.co/cq0iUwlWKn,
KENDURI AKBAR-MASYARAKAT REMPANG ( RATUSAN wrga REMPANG HADIR DUKUNG PEMBANGUNAN REMPANG ECO CITY ) https://t.co/TnuGWqGu8B,
KENDURI AKBAR-MASYARAKAT REMPANG (RATUSAN WARGA REMPANG HADIR DUKUNG PEMBANGUNAN REMPANG ECO CITY ) https://t.co/Uhy3pb3Cay,
KENDURI AKBAR-MASYARAKAT REMPANG ( RATUSAN WARGA REMPANG HADIR DUKUNG PEMBANGUNAN REMPANG ECO CITY ) https://t.co/LbxMkGys04,
KENDURI AKBAR-MASYARAKAT REMPANG ( RATUSAN wrga REMPANG HADIR DUKUNG PEMBANGUNAN REMPANG ECO CITY ) https://t.co/H6nvvPnFoR,
KENDURI AKBAR-MASYARAKAT REMPANG ( RATUSAN WARGA REMPANG HADIR DUKUNG PEMBANGUNAN REMPANG ECO CITY ) https://t.co/K61q9glFE5,
KENDURI AKBAR-MASYARAKAT REMPANG (RATUSAN WARGA REMPANG HADIR DUKUNG PEMBANGUNAN REMPANG ECO CITY ) https://t.co/7reHhy7UWR,
KENDURI AKBAR-MASYARAKAT REMPANG ( RATUSAN wrga REMPANG HADIR DUKUNG PEMBANGUNAN REMPANG ECO CITY ) https://t.co/gh8vHj3qsn,
KENDURI AKBAR-MASYARAKAT REMPANG (RATUSAN WARGA REMPANG HADIR DUKUNG PEMBANGUNAN REMPANG ECO CITY ) https://t.co/NehlOh34As,
KENDURI AKBAR-MASYARAKAT REMPANG (RATUSAN WARGA REMPANG HADIR DUKUNG PEMBANGUNAN REMPANG ECO CITY ) https://t.co/71TxPTAbFL,
KENDURI AKBAR-MASYARAKAT REMPANG ( RATUSAN wrga REMPANG HADIR DUKUNG PEMBANGUNAN REMPANG ECO CITY ) https://t.co/3Tq30MpgWR,
KENDURI AKBAR-MASYARAKAT REMPANG ( RATUSAN WARGA REMPANG HADIR DUKUNG PEMBANGUNAN REMPANG ECO CITY ) https://t.co/G4u8R2FsHL,
KENDURI AKBAR-MASYARAKAT REMPANG (RATUSAN WARGA REMPANG HADIR DUKUNG PEMBANGUNAN REMPANG ECO CITY ) https://t.co/uo6JUdjtrD,
KENDURI AKBAR-MASYARAKAT REMPANG ( RATUSAN WARGA REMPANG HADIR DUKUNG PEMBANGUNAN REMPANG ECO CITY ) https://t.co/akVC3BX2Ji,
DPR memberikan apresiasi tulus terhadap upaya pak Bahlil dalam merelokasi warga Rempang. Keputusan warga yang ikhlas dan tanpa paksaan menjadi pijakan penting bagi pertumbuhan ekonomi Rempang yang lebih baik #WargaDukung  Rempang Eco City https://t.co/9LPLPVWodx,
KENDURI AKBAR-MASYARAKAT REMPANG ( RATUSAN WARGA REMPANG HADIR DUKUNG PEMBANGUNAN REMPANG ECO CITY ) https://t.co/9I0n7p0KaP,
KENDURI AKBAR-MASYARAKAT REMPANG ( RATUSAN wrga REMPANG HADIR DUKUNG PEMBANGUNAN REMPANG ECO CITY ) https://t.co/YzhgXYrg9g,
KENDURI AKBAR-MASYARAKAT REMPANG (RATUSAN WARGA REMPANG HADIR DUKUNG PEMBANGUNAN REMPANG ECO CITY ) https://t.co/djwtdOEsti,
Apresiasi tinggi kepada DPR atas pengakuan dan dukungannya terhadap keberhasilan pak Bahlil dalam merelokasi warga Rempang. Keikhlasan tanpa paksaan mereka adalah cerminan semangat untuk kemajuan ekonomi lokal.  #WargaDukung  Rempang Eco City https://t.co/3jMKAD6KAy,
KENDURI AKBAR-MASYARAKAT REMPANG ( RATUSAN WARGA REMPANG HADIR DUKUNG PEMBANGUNAN REMPANG ECO CITY ) https://t.co/cIyUIC4qGT,
KENDURI AKBAR-MASYARAKAT REMPANG ( RATUSAN wrga REMPANG HADIR DUKUNG PEMBANGUNAN REMPANG ECO CITY ) https://t.co/8GZntr2i5y,
KENDURI AKBAR-MASYARAKAT REMPANG ( RATUSAN WARGA REMPANG HADIR DUKUNG PEMBANGUNAN REMPANG ECO CITY ) https://t.co/P2mS8f2COJ,
KENDURI AKBAR-MASYARAKAT REMPANG ( RATUSAN wrga REMPANG HADIR DUKUNG PEMBANGUNAN REMPANG ECO CITY ) https://t.co/HH1prz2ClJ,
KENDURI AKBAR-MASYARAKAT REMPANG (RATUSAN WARGA REMPANG HADIR DUKUNG PEMBANGUNAN REMPANG ECO CITY ) https://t.co/InCFjKgKWI,
KENDURI AKBAR-MASYARAKAT REMPANG ( RATUSAN WARGA REMPANG HADIR DUKUNG PEMBANGUNAN REMPANG ECO CITY ) https://t.co/YhSKDUF8If,
KENDURI AKBAR-MASYARAKAT REMPANG ( RATUSAN wrga REMPANG HADIR DUKUNG PEMBANGUNAN REMPANG ECO CITY ) https://t.co/egVdCAgZU2,
KENDURI AKBAR-MASYARAKAT REMPANG ( RATUSAN wrga REMPANG HADIR DUKUNG PEMBANGUNAN REMPANG ECO CITY ) https://t.co/WteNxlmg1W,
KENDURI AKBAR-MASYARAKAT REMPANG (RATUSAN WARGA REMPANG HADIR DUKUNG PEMBANGUNAN REMPANG ECO CITY ) https://t.co/9IUSCF8VGC,
KENDURI AKBAR-MASYARAKAT REMPANG ( RATUSAN WARGA REMPANG HADIR DUKUNG PEMBANGUNAN REMPANG ECO CITY ) https://t.co/mkQY4a1ITP,
KENDURI AKBAR-MASYARAKAT REMPANG (RATUSAN WARGA REMPANG HADIR DUKUNG PEMBANGUNAN REMPANG ECO CITY ) https://t.co/XUxVc3PDAI,
KENDURI AKBAR-MASYARAKAT REMPANG ( RATUSAN WARGA REMPANG HADIR DUKUNG PEMBANGUNAN REMPANG ECO CITY ) https://t.co/9JWEBLB2Kx,
KENDURI AKBAR-MASYARAKAT REMPANG ( RATUSAN wrga REMPANG HADIR DUKUNG PEMBANGUNAN REMPANG ECO CITY ) https://t.co/VbSrmlm0UW,
KENDURI AKBAR-MASYARAKAT REMPANG (RATUSAN WARGA REMPANG HADIR DUKUNG PEMBANGUNAN REMPANG ECO CITY ) https://t.co/8tUMd5Sy6t,
KENDURI AKBAR-MASYARAKAT REMPANG ( RATUSAN WARGA REMPANG HADIR DUKUNG PEMBANGUNAN REMPANG ECO CITY ) https://t.co/U9GR1PfvhN,
KENDURI AKBAR-MASYARAKAT REMPANG (RATUSAN WARGA REMPANG HADIR DUKUNG PEMBANGUNAN REMPANG ECO CITY ) https://t.co/9LLXZ2IBc3,
KENDURI AKBAR-MASYARAKAT REMPANG ( RATUSAN WARGA REMPANG HADIR DUKUNG PEMBANGUNAN REMPANG ECO CITY ) https://t.co/gYOY3xi7b4,
Katanya akan buldoser warga Pulau Rempang?   Apa iyaaaa?   https://t.co/MLiD8RTvgK,
KENDURI AKBAR-MASYARAKAT REMPANG ( RATUSAN wrga REMPANG HADIR DUKUNG PEMBANGUNAN REMPANG ECO CITY ) https://t.co/xAnsVjbHAc,
KEGIATAN KENDURI AKBAR ( RUMAH BARU MASYARAKAT REMPANG DI LAPANGAN FASUM BUANA CENTRE PARK https://t.co/wl8hA9aZzz,
"Keputusan ikhlas dan tanpa paksaan dari warga Rempang untuk relokasi adalah contoh nyata dari semangat komunitas yang kuat. Bersama, mereka membangun pondasi ekonomi yang kokoh untuk Rempang #WargaDukung  Rempang Eco City https://t.co/p3iPXFVhrI",
"@akumakanbuku Dan Seruyan, dan Rempang, dan masih banyak lagi kak :(",
"Warga Rempang Memberi Syarat Kepada Menteri Bahlil, Jika Siap di Realokasi https://t.co/Ga4OrKSiCx",
BAHLIL yg bahlul diusir warga Rempang cengengesan malu  https://t.co/xz9wt6LLpW,
"@OposisiCerdas Pusing mikirin Rempang, saatnya ompung ISTIRAHAT",
Siap melawan Zionis pesek yg ingin merampas tanah ulayat 16 kampung tua Rempang.,
@DrEvaChaniago Sangat tidak cocok. Sungung ngung ngung suara buldoserrr.....  #SaveRempang  #SaveRempang Melukai warga rempang Singapur dekat batam tenggelam. Aamiin,
@hc_poirot Bahlul cuma jongos.. bossnya lagi sekarat  deket dengan Rempang di RS Singapur,
@DoankWarto Emang PDIP selama ini pakai etika politik?  Pakai moral?  Ngaku partai wong cilik fakta nya apa... Rempang dan masih banyak lainnya. PDIP semoga tidak memanen apa yg telah dikerjakannya.,
"Cara Santun Warga Melayu Rempang Tolak Relokasi, Dari Pantun Hingga Sholawat  Isnur juga memastikan kalau aksi solidaritas warga ini secara langsung membantah klaim Bahlil Lahadalia yang menyatakan bahwa ada 70 persen warga yang setuju untuk direlokasi. https://t.co/iSBrPpsBVO",
"@mulkanjabariyan Sampek keluar belatung dari mulutnya, yg koar koar mau buldoser warga rempang",
"Spy bs amankan aset dn proyek nya dn opung yg sdg berjalan .Bgmn rempang pak @jokowi ,berantakan ya si @bahlillahadalia ,opung dah mamvus ituh,gak kenal uwong lg .",
"@indracahyana90 @msaid_didu Sadarlah,negara sdh dikuasai oligarki china liat rempang +desa seruyan kaltim rakyat ndiri dibantai demi taipan china bdrinvestasi...",
Tuh.. Bahlil dicariin sama penduduk Rempang.,
"@musniumar Indonesia kalau ingin maju butuh investor yg banyak mus, tidak rempang aja taukkk ...",
@tvOneNews Rempang mana...,
TAK Bego-bego banget. Orang itu yang yang mengancam masyarakat Melayu di Rempang dengan BULDOZER. Sekarang saya siap adakan buldozer untuk Dia.,
"Maksud w tuh kek??? Mikir bjir udah gede, gua aja sampw gumoh baca berita lokal pusing banget stress argghhh. Setiap akun punya hal yang mereka up masing masing, kalo lu mantengin berita timteng ya gabakal nongol nama rempang di sana",
Mahbi Maulaya and Almuamas Zikri discussed the historical impetus of the recent dispute in Rempang Island.  #Indonesia  https://t.co/UoSgSLFXgW,
Masyarakat Rempang bukan barang yang bisa dipindah semaunya hanya demi kepentingan pemilik modal.,
"@hc_poirot Semoga bisa beristirahat dengan tenang, jauh dari hiruk pikuk Rempang dan conflict of interestnya",
"Sesaat lewat subuh  📍Grajen, Rembang   #nightphotography  #travelphotography  #skyphotography  #Documentary https://t.co/ZJyuXqL7hZ",
@msaid_didu Blm tentu yg demo itu org asli Rempang,
@OposisiCerdas Stres soal Rempang,
@tvOneNews Maaf ye negara Indonesia aja ngak berdaya pengusaha china ambil tanah rempang krn Indonesia terlilit hutang dgn Chinat,
"@KepaArgawinata2 Woi hti dan fpi kontol urus tu konflik warga rempang, warga papua jgn sok paten kau. Kl kau punya nyali berangkat kau ke Palestina",
"@geloraco Tinggal pilih, ikn atau rempang tempat perustirahatannya.",
Warga Pulau #Rempang Terdampak Relokasi Diminta Bayar Selisih Harga Rumah.  apa benar?  https://t.co/LY9kw20jcV,
"@HukumDan Hukum milik penguasa, tetapi kalau hukum digunakan untuk menindas dan menggusur rakyat, kemerdekaan adalah hak setiap bangsa, yang terjadi di Palestina, tidak berbeda dengan yang terjadi di Rempang, Komodo, Lombok, Aceh, Papua, Wadas dan banyak lagi terjadi di seluruh Indonesia",
Semoga komitmen BP Batam untuk terus melakukan pendekatan kepada warga. dapat merealisasikan investasi melalui pembangunan di #rempang   https://t.co/zFmDjPAhEc,
"@DrEvaChaniago Bagaimana dengan Rempang, Lombok, Aceh dan Papua, kalau penindasan dan penggusuran tidak dihentikan, cuma kemerdekaan yang akan menghentikan itu",
Potensi #Rempang untuk menyerap investasi masih sangat besar. https://t.co/IY0aCkbcek,
"Kepala Biro Humas, Promosi dan Protokol Ariastuty Sirait menjelaskan  bahwa jika investasi ini berjalan, akan ada banyak dampak positif yang diterima masyarakat.  #rempang  https://t.co/O6SLhtQgZH",
Pembangunan #rempang bakal jadi Mesin Ekonomi bagi Indonesia.,
"investasi di #Rempang, termasuk wilayah Batam secara  keseluruhan sangat menarik bagi para investor karena aksesnya sudah  terbuka secara keseluruhan, mulai dari darat, laut, dan udara."" Kepala BP Batam Muhammad Rudi dalam program Power Lunch CNBC Indonesia. (15/9/2023)""",
#AniesMuhaimin2024 Rempang,
#AniesMuhaimin2024 Rempang,
@_yosi_h @BagasBagaspati @yusuf_dumdum Kalau rakyat rempang dan wadas bagaimana?,
"Pembangunan daerah #rempang bisa menjadi penting &amp  strategis, menggerakan langkah perekonomian dan beberapa aspek lainnya",
"semoga relokasi warga Pasir Panjang #rempang , nantinya 100 persen berjalan baik",
"@Li9ayaTalaChes4 Rempang harus solid dan bersatu menjaga kedaulatan tanah adat dan tanah sejarah bangsa ini, bukan menolak pembangunan kami hanya menolak investor asing yg sewenang-wenang terhadap  hak rakyat ! Dan menolak pengakuan hak asing terhadap tanah moyang kami ! 💪😎🇮🇩 https://t.co/MlHAHo4SKO",
"@Dennysiregar7 Anjing kurap penjilat mendukung selalu untuk kepentingan periok nasinya jgn bocor, bukan mikir kepentingan rakyat coba aja lihat kasus rempang galang si deni dan anjing kurap lainnya mingkem",
@setia_purnama @SoftWarNews beda sangat beda kalau kasus di rempang itu tanah milik pemerintah dan itu hanya izin pakai dan bukan izin pemilikan,
@geloraco Doa rakyat rempang mulai kelihatan moga di percepat penjemputan malaikat iszroil ya pung,
"@Rheny_Prihaty29 @Dennysiregar7 eh bloon,kau kurang wacana ato fanatik buta trhadap presiden? kau buta tdk bs melihat kasus rempang dimana itu adalah PSN yg notabene ambisi politik presiden yg berbuntut pelanggaran HAM? yg hoax itu isi kepalamu karna kurang wacana!",
@kurniawan_16166 @inibunaay Rembang,
"Ini memang rezim paling bobrok.  Apalagi klu bukan uang kickback proyek😌  Markup anggaran kongkalikong eksekutif-legislatif.  Duit Pajak, hak kesejahteraan rakyat dijadikan bancakan.  @KPK_RI  terbaik  Om @Fahrihamzah ? Atau KPK juga kebagian? Lulusan TWK🙄",
"@gendut71teng2 Yaa pastinya begitu, karena anggaran untuk pembangunan perumahan rakyat belum tentu ada, sebelum pengolahan pabrik berjalan atau export pasir kuarsa dari lepas Pantai Rempang dan sekitarnya. 🤫🤭 https://t.co/uyDAqLMlmR",
@musniumar Aduuh.. Kok tolol amat kamu ini mus.. Masyarakat rempang justru menerima.  Kamu lihat sana mereka gak ada masalah.. Yg rusuh itu pelaku anarkis dari luar rempang.. Benar² goblok kamu musni,
Orasi KeTum YLBHI di Rempang menyatakan Dukungan dr Penjuru Nusantara utk Warga Rempang yg menolak  Relokasi  Batam 11-10-2023 https://t.co/EjM93L48dl,
BKPM Buka Suara Soal Relokasi Warga Pasir Panjang dari Rempang Eco-City https://t.co/hBR1vkYLGg,
"@dapitnih Ya Alloh gus.... Kmana aja sih smp baru sadar bahwa hukum di negeri ini gak pernah berpihak ke rakyat. Lihat tuh Rempang,seruyan di sana jokowi menang telak,tp skrg mrk diusir dr tanah nya sendiri,bahkan ada yg tewas ditembak.",
ini kasus rempang btw,
"Kapan TNI-Polri akan melindungi rakyatnya ? Koq bisa Pajak Rakyat (APBN) digunakan untuk GAJI, PERALATAN PERANG DAN FASILITAS POLRI, malah TNI-Polri dgn kejam dan bengis memukuli rakyat Rempang tuk kepentingan TW dan RRC? #UsutSkandalKejahatanLuhut  #UsutSkandalKejahatanLuhut https://t.co/PRFO5ePLWl",
@PartaiSocmed @prabowo @susipudjiastuti Jangan lupa proyek jokowi teruskan pak prabowo. Termasuk BBM nya naikin lagi. Rempang jual lagi 🤣🤣,
BATALKAN PENGGUSURAN REMPANG !!! HUKUM MATI SIAPAPUN YANG TELAH MENJUAL REMPANG !!!!! #UsutSkandalKejahatanLuhut  #UsutSkandalKejahatanLuhut,
@OposisiCerdas Gara2 Rempang gagal ???,
Warga rempang senang dan nyaman ditempat relokasi🥰✨ . *Jangan Ada Provokasi Lagi!!!*. . . . #trending #rempanggalang #viralbatam #minggu #rempang #kondusif #kepri #masadepancerah  . https://t.co/xtpPYcC1ke,
@yangmi3prnew Dan bodohnya pada mudah terhasut sich warga rempang,
@NenkMonica Perbuatan semacam ini juga udah di tiru di Konoha yaitu masyarakat Rempang Galang di usir dari tanah Mereka sendiri demi investasi dari Cina,
"@CaloTerminl malem min, rekomendasi bis dari daerah ancol ke rembang yg berangkat sore/malem.suwun",
"@SammiSoh Sama persis dengan polanya kl dikaitkan kasus Rempang,masyarakat yg tahunan bertempat tinggal disitu,lalu menolak pengusiran,malah dianggap preman. Ini jelas bajingan,bukan akar masalahnya yg dibahas,tp org yg berupaya memperjuangkan haknya dianggap extrimis. Kan tai",
@RWati65 @MichelAdam7__ @NHastom Tidak boleh kerja tidak boleh mikir. Gitu. Terus dia sumbangankan semua uangnya ke rempang. Aamiin,
@Stev3n_Peg3l Kondisi Rempang update   Sekarang datang dari PT MEG..besok Dateng lagi dari  PT MUG besoknya lagi Dateng dari PT MAG....  Yg punya Proyek xinyi 1 orang lagi Bedrest  Yg 1 orangnya lagi sibuk cawe2 agar tetap jadi Politik Dinasty  Yg 1 orangnya lagi asik nari2 pesta2,
"@hariankompas Mana ada, janji jokowi untuk kampung tua Batam bukan Rempang",
@joko_ngiboel @Yurissa_Samosir Kan blm jd presiden Rempang Yo tanya sarkowi dong,
@Heraloebss Rembang mbak her,
@kilalayu5 @bianca01403 Lha di rempang saja cebong dimakan kodok,
"@eriemrn @Aryprasetyo85 @007koteka @03__nakula @__AnakKolong @aan_muba @al_lasan @Anak__Ogi @GunRomli @Marbot_Udien @Miduk17 @seruanhl Masa, kasus rempang gag ada hubungannya dgn singapur, ini mah murni akal akalan pejabat cr cuan, kayak gg th aja🤭🤭",
@musniumar Hai prepeser! Kau.....msh ngebahas Rempang aja kau! Dasar kau provokator!,
Masih tentang penolakan warga masyarakat Rempang terhadap Proyek Strategis Nasional (PSN) akal2an rezim oligarki di Pulau Rempang... https://t.co/24tNam4WCa,
My heart cannot tahan with all the news recently.. rempang.. palestina.. pemilu.. kek.. kalo ni hati dibawa keluar keknya udh lecet sana sini,
"@BisKota_ @dprpbismalam Duet sejauh ini masih aman, sejak rumah makan sampai Rembang gandeng terus🤟 https://t.co/U8sYob70t1",
"Semangat terus buk @NZuairina , bela saudara kita di Rempang 💪",
"@hc_poirot @adiputro220 Jgn takut saudaraku di Rempang,itu hanya nakut nakuti aja! Jaga kekompakan!",
"Sedih bgt habis baca caption sw asprak gue dulu🥺 Dan dia adalah salah satu orang yang bikin gue ikhlas dapet KKN di Rembang cukup dengan kalimat: Gapapa, dimana pun itu semoga tetap bisa menebar kebaikan.""""",
"M. Ismail Yusanto: Di tengah gemerlapnya Freeport, ada banyak rakyat yg jauh dr fasilitas pendidikan, jauh dr kesejahteraan. Kalau itu dipaksakan sgt mungkin terjadi juga di Rempang""   #Kebijakanlalimsengsarakanrempang #RempangKorbanKapitalisme #Islamselamatkanperempuanrempang""",
"@kang_agoenk @awank2017 Penjajah Israil memberi makan Palestina ? Kalau boikot makanan jelas .. jangan kan di Palestina , rakyat Rempang saja makanannya di boikot rezim penjajah China",
@hekahert @YouTube Untuk kehidupan warga #rempang agar menjadi lebih baik,
#AniesMuhaimin2024 Rempang,
#AniesMuhaimin2024 Rempang,
#AniesMuhaimin2024 Rempang,
#AniesMuhaimin2024 Rempang,
#AniesMuhaimin2024 Rempang,
"@Aryprasetyo85 @007koteka @03__nakula @__AnakKolong @aan_muba @al_lasan @Anak__Ogi @GunRomli @Marbot_Udien @Miduk17 @seruanhl Terus yang buat Investasi di Rempang yang tidak sesuai Konstitusi, Pancasila, dan nilai budaya Trisakti juga dari luar negeri ya. Tidak pengin kesejahteraan dan keadilan bangsa terwujud?",
#AniesMuhaimin2024 Rempang,
#AniesMuhaimin2024 Rempang,
#AniesMuhaimin2024 Rempang,
Mana itu si Bahlil pembohong...! Kalau berani datang kesini hadapan dengan saya. TELAK dibongkar Emak2 Rempang si Bahlil.🤣😅😄😛😜 https://t.co/3utAt97yJS,
#AniesMuhaimin2024 Rempang,
#AniesMuhaimin2024 Rempang,
#AniesMuhaimin2024 Rempang,
#AniesMuhaimin2024 Rempang,
#AniesMuhaimin2024 Rempang,
#AniesMuhaimin2024 Rempang,
#AniesMuhaimin2024 Rempang,
#AniesMuhaimin2024 Rempang,
#AniesMuhaimin2024 Rempang,
#AniesMuhaimin2024 Rempang,
"Pembangunan Rempang Eco-City, Berpihak pada Siapa? – Muslimah News https://t.co/cDGRMZv9bA  #KebijakanLalimSengsarakanRempang #RempangKorbanKapitalisme #IslamSelamatkanPerempuanRempang",
@Stev3n_Peg3l Dukung masyarakat Rempang.  Merdeka!!!!,
#AniesMuhaimin2024 Rempang,
"@JGhenrietta @cordova_media Kalau anda berpikiran begitu sama aja kaya sekarang tuh di Rempang, berarti yang salah warga Rempang",
#AniesMuhaimin2024 Rempang,
"@IamBOQYES @wahyoe_affandy Dimanfaatkan siapa ?? Orang Palestina lbh suka mati sahid drpd diusir dari tanah airnya sendiri. Jgnkan tanah Palestina yg ada masjid sucinya, orang Rempang aja gak mau direlokasi (ini kl orang waras). Mrk membela dn cinta Hamas bukan Saudi, Iran, Irak, Suriah dll",
"@NinzExe07 Rakyat Rempang punya potensi besar bisa hidup lebih HEBAT dari singapura. Kenapa tdk diberdayakan ? Kenapa harus gusur geser ? Dasar rezim korup pesta pora foya2 bermegah2 aman makmur sejahtera diatas penderitaan rakyat, sudah pasti miskin moral &amp  ide. Otak kosong  . . . !! 🙏🙏",
#AniesMuhaimin2024 Rempang,
#AniesMuhaimin2024 Rempang,
"Warga Pasir Panjang Mulai Pindah, Siap Dukung Proyek Rempang Eco City https://t.co/HgaB3UQfGb",
Menyedihkan !! warga dipaksa angkat kaki. Simak fakta tentang Pulau Rempang mega proyek Eco City https://t.co/WLd8snymrN,
"@mr_roofx @penikmat_hujann @kegblgnunfaedh Masyarakat yg tinggal disekitar hutan jati Purwodadi, Gundih, Rembang, Blora, Cepu, Bojonegoro, Ngawi menyebut enthung"".""",
#AniesMuhaimin2024 Rempang,
#AniesMuhaimin2024 Rempang,
@MichelAdam7__ @NHastom Trs Dokternya blg  mulai sekarang Pak Luhut tdk boleh Kerja apapun hrs Istirahat total minimal 5 thn  Si Kakek Luhut blg Siap Dokter  Kemungkinan besar nti dlm Istirahat dia akan dpt bisikan ghoib blg : Luhut sumbangkan semua uangmu utk Rakyat Rempang Kata Luhut : Siiiaaappp,
@hekahert @YouTube Masyarakat #rempang pasti memilih untuk #indonesia maju. Tetap tolak untuk di provokasi yess gaes..... kita dukung pemerintah,
@kumparan Doa rakyat pulau rempang terkabul,
@myfutureeeeee siap pantau area rembang,
Save Rempang #rempang #partaiummat #indonesia https://t.co/JI2fpxxbEn,
@OposisiCerdas Rempang kepiye paaakkk .. sama rakyate Dewe wae Ra Ono welas asih e...,
@keuangannews_id Pulau Rempang gagal di buldoser bikin jantungan di kejar deadline investor.,
Montessori for Multiple Intelligences https://t.co/CV1Zs9iVeS Narnia #MovingEp17 Azizah Abimana KDRT #MyLovelyLiarEp14 #TXTxDior #____ Rempang https://t.co/NtA4GCfLgU https://t.co/FJYSAgtk8b https://t.co/2DZFA243pn https://t.co/LiE9H0obP2,
Membacakan Nyaring https://t.co/Oi8jl0lCIn #MovingEp17 Narnia Azizah KDRT Abimana #MyLovelyLiarEp14 #TXTxDior #____ Halo-Halo Bandung Rempang https://t.co/LnKJzhAoBi https://t.co/WZK8dblIAv https://t.co/LCqB4lojBf https://t.co/XxsglQ6Pqs,
"@KomunitasKretek Udah lama sih, waktu masih kos di Rembang dapat oleh2 dari Malang rokok Penamas kretek 1 slop. Dan habis seminggu. Rekor rokok kretek 1 slop habis seminggu seorang diri. Enteng soalnya. 😅",
"Kasus tanah Rempang, Bangkal, IKN dll, itu pelanggaran HAM bukan?! https://t.co/ctB50lVAXM",
"@YLBHI Buat Warga Rempang, simbolis dan perwakilan Melayu hanya ada 2 pilihan terhormat: Menang membela martabatnya, hak dan artefak Melayu mereka di Rempang  atau Mati.",
Pemerintah Klaim 400 KK di Rempang Setuju Direlokasi  https://t.co/uiwBhQC9QK,
Chemistry nya sudah bisa diadu lawan vindes si https://t.co/geB2BtpluH,
Wah kalau di daerah rembang makanan wenakk inii,
"@asetiaji @NenkMonica Doa penduduk rempang yg mau dibuldozer luhut langsung diijabah Allah. Kalau ET macam2, bisa lewat jg doi.",
@MariaAlcaff Warga di gusur di Rempang dan warga di tembak di Seruyan juga kekejaman zionis Israel ya,
MasyaAllah Tabarakallah dapat best makeup untuk yg ketiga kalinya setiap ikut workshop  dari 80peserta 🥹🥹mua semarang mua smg mua undip mua unnes mua usm upgris polines akpelni amni polkesmar mua tembalang mua banyumanik mua gunungpati mua uin ws mua ngaliyan mua wisuda smg https://t.co/ACs6zFLVKC,
@pahlevirezaaaaa @UNYmfs Sementara Soto RemBang duluu https://t.co/05hUo40bg2,
"@memelord_666666 Meme ini benar, karna memang warga indonesia menaruh perhatian ke konflik di middle east tp tetap saja jd bagian dan tetap pegangan tgn dgn konflik di papua, rempang ataupun isu2 lainnya di tanah air, solidaritas itu tetap ada kok",
"Ckckck, Tukang Hasut Bayaran @Dennysiregar7 mmg bermulut besar. Koar demi tegaknya hukum di negara demokrasi ini. Lupa dg usulnya @jokowi tambah 1 periode bila perlu Seumur Hidup. Demokrasi ala Tukang Hasut? Lalu sembunyikan fakta kasus Rempang &amp  Wadas di era @jokowi? Waras dab? https://t.co/GoX1VVAW1b""",
"Kemarau pagi  📍Pasar Kambing, Rembang   #travelphotography  #streetphoto  #photograph  #Documentary https://t.co/dIxNXuUsC4",
"Wuuah ini sama seperti Zionis China yahudi garis keras di Indonesia,mrk menebar hoax di media bahwa 70% warga Rempang brsedia direlokasi namun di sana baru beberapa KK yg setuju relokasi,itupn warga pendatang, mrka ramai buat video ibu anu inu mau relokasi pdhl bkn warga Rempang",
"@mukidioon3 Akhir² kita dapat kabar baik., israel kocar kacir di bimbardir Hamas, trus daoat kabar lagi klo pembukuh darahnya pecah..., ah warga rempang.., paten kali do'a orang² terdzolimi..",
"🤭 Kasus Rempang piye jadinya pak dhe @jokowi  Pernyataan Presiden Jokowi Terkait Situasi Terkini Konflik Palestina-Israel, 10 Oktober 2023 https://t.co/uaEiYlfQZC",
@geloraco akar konflik pemerintah mau menduduki p rempang untuk investor?,
@kumparan Sdh buldozer rempang yah,
Yang dijual pulau rempang?,
@hc_poirot Bahlil ke rempang kan kode keras dukungan penuh rezim ke MEG utk menempuh apapun cara utk merebut tanah rakyat,
"@Dennysiregar7 @__AnakKolong @cokro_tv @2045Tv Ayo berjuang untuk rakyat, lihat Rempang, lihat Komodo, lihat Wadas, lihat Lombok, dan banyak lagi, ternyata reformasi hanya untuk meruntuhkan dan belajar dari orde baru untuk lebih parah menindas rakyat, ayo bentuk perlawanan baru melawan penindasan kepada rakyat",
"@jokowi Jokowi mau pergi kemana? Di panggil pengadilan di suruh buktikan ijasahx, kok kerjax keluyuran gk jelas, mau cari mangsa ya, yg mau di jajah seperti di pulau rempang itu ya? Kalau takut untuk menunjuk ijasahx mending mudur aja, indonesia tampa jokowi aman dn makmur dn jaya rakytx https://t.co/G1SCS99av0",
Warga Rempang itu manusia. Kok mau dipindah-pindah semaunya?  #KebijakanLalimSengsarakanRempang #RempangKorbanKapitalisme #IslamSelamatkanPerempuanRempang,
"@liputan6dotcom Itu yg mau gusur warga rempang suruh balik investornya, gak usah jauh2 dulu",
@kompascom Waktu ada kasus warga rempang kok tdk ada anjuran semua mesjid Indonesia doakan warga rempang,
@RizkiAsihan 😀😀😀😀terus yg rampas tanah rempang loe sebut opo urus aja konflik dlm negri ingat byk tanah rakyat di Indonesia dirampas krn telah dijual ke negara lain terutama ke china,
"Rakyat Rempang Terancam Diusir, Kedaulatan Rakyat hanya Pemanis Bibir.  #KebijakanLalimSengsarakanRempang   #RempangKorbanKapitalisme   #IslamSelamatkanPerempuanRempang",
"Domein Verklaring pada Kasus Rempang, Pembangunan Berwatak Kolonial? https://t.co/ycE4Fqykhj  #KebijakanLalimSengsarakanRempang   #RempangKorbanKapitalisme   #IslamSelamatkanPerempuanRempang",
@ardi_riau5 Manusia2 goblog aja...udah tahu melayu lagi di zholimi di rempang eh kok jilat2 capres yg di dukung rezim penzholim....coba ga kurang goblog apa alagi tuh,
Montessori for Multiple Intelligences https://t.co/CV1Zs9iVeS Narnia #MovingEp17 Azizah Abimana KDRT #MyLovelyLiarEp14 #TXTxDior #____ Rempang https://t.co/NtA4GCfLgU https://t.co/FJYSAgtk8b https://t.co/1eXbcZmary https://t.co/w5ERDSvnKP,
Membacakan Nyaring https://t.co/Oi8jl0lCIn #MovingEp17 Narnia Azizah KDRT Abimana #MyLovelyLiarEp14 #TXTxDior #____ Halo-Halo Bandung Rempang https://t.co/LnKJzhAoBi https://t.co/WZK8dblIAv https://t.co/Q9lHo7lwmP https://t.co/nh6hA3kiFJ,
"Beredar Hoaks Warga Rempang Diminta Bayar Selisih Harga Rumah, Sari Dwi Mulyawaty: Masyarakat Harus Tenang Jangan Terpancing  https://t.co/xfV1WYIKYn  #Saridwimulyawaty #dapil6kotabatam #calegdprdkotabatam",
"“The govt has suggested moving residents to other locations on Rempang, rather than off the island entirely, and postponed the Sep 28 eviction date.  While no new date has been announced, locals say it is only a matter of time before they are evicted.”https://t.co/t9Y6VcXz96",
Menteri Bahlil Sebut 400 KK di Pulau Rempang Setuju Direlokasi https://t.co/QZoOYPFRNQ,
@never_alonely @lurahistana ini maksud after Rempang?,
@Narasi_winda Zefanya 2:4 (TB)  Sebab Gaza akan ditinggalkan orang dan Askelon akan menjadi sunyi  Asdod akan dihalau penduduknya pada rembang tengah hari dan Ekron akan dibongkar-bangkirkan.  https://t.co/NrdWGOWqfC  Ini nubuatan terjadi ribuan thn lalu Win,
Membacakan Nyaring https://t.co/Oi8jl0lCIn #MovingEp17 Narnia Azizah KDRT Abimana #MyLovelyLiarEp14 #TXTxDior #____ Halo-Halo Bandung Rempang https://t.co/LnKJzhAoBi https://t.co/b5Nj9aU6GM https://t.co/DxMKnATDdf https://t.co/rX2bC0tJPV,
"Warga Rempang Ungkap Utusan MEG Bak Preman Main Ukur Lahan, Bawa Golok Ngaku Mau Masuk Hutan https://t.co/FwlAnHPJyR",
"Dari mulai REMPANG , SERUYAN, WADAS, sampai nun jauh di AFGANISTAN .. hampir memiliki kesamaan kisah.. Ditindas, hak mereka dirampas oleh Jelmaan BINATANG yg Tamak, Cacat Hati dan Lumpuh Otak‼️  Berpihak kpd mereka adlh salah satu ciri bahwa kita bukan binatang .. itu Pasti ‼️ https://t.co/gPciEk8YBT",
@VIVAcoid Halo.... Rempang apa kabar?,
"kasian dibalik hebohnya berita mbak becca, ternyata ada pro kontra di Rempang, sedihh 😭",
@NarasiNewsroom Rempang gimana nih jok?,
@AgusYudhoyono Konflik Palestina Israel itu seperti perang saudara..  Lo gk usah urus yg itu dl.. Rempang..Rempang mana suaramu?,
"@NarasiNewsroom Rapat di PBB aja males wkwkwk , ah males liatnya  Jauh jauh ngurus Palestina , Rempang aja pura pura ga tau wkwk apalagi Kanjuruhan 'saya jawab nanti'  Amit amit",
"@OposisiCerdas Udh lama didoakan oleh Warga Rempang, makanya opnm🤭",
@ardi_riau5 AYO PROTES OKNUM 2 LAM DI JAKARTA YANG BERTEMU DENGAN SI GANJAR...!!!!  AYO MASYARAKAT RIAU.... MARI SATUKAN TEKAD....!!! JANGAN KASIH KESEMPATAN SEDIKIT PUN KEPADA REZIM JKW DAN PDIP DAN ANTEK2 NYA ....!!! JAGA BUMI MELAYU...!!! INGAT REMPANG TANAH MELAYU ...!!!,
"@hc_poirot @sipil82 Masyarakat Rempang harus bersatu, ciduk masing-masing preman tersebut, lalu usir...bawa ke hutan, setelah itu terserah mau diapain.",
"Halo #SobATRBPN ,  Selasa (10/10/2023) bertempat di Ruang Rapat Kantor Pertanahan Kabupaten Rembang, para pejabat pengawas mengikuti kegiatan Evaluasi Pelaksanaan Tugas &amp  Fungsi di Lingkungan Kanwil BPN Prov. Jateng secara daring.  #KementerianATRBPN  #KantahKabRembang https://t.co/snZ85VRVjK",
@adaapa77744049 @narkosun Dimna damai? Di Papua? Di Rempang? Di Seruyan? Di Pohuwato? Dmna nih?,
"@reginaphee @hasyimmah Ya kalo kamu mau bela2 salah satu dari negara itu ya terserah aja. Toh ini udah 75thn tetep aja tu dua negara sampai sekarang milih perang  Iye, UUD bilang gitu, tp kita punya Papua... Belum lagi noh konflik yg kmrn di pulau rempang",
@PakJenggot___ @henkijm @yo2thok Contoh dekat2 rempang..warga udah berabad2 tinggal di rempang..sebelum nkri lahir mau di usir di relokasi demi kepuasan bisnis sesaat...akibatnya rakyat rempang melawan..sama palestina..dr eropa yahudi datang ..bantuan inggris .amerika..mencaplok tanah rakyat palestina...,
"@Dennysiregar7 @cokro_tv @2045Tv Langsung gaskeun investasi rempang , sangat cocok di up",
@jogmfs Jalas soto rembang https://t.co/4kZFKqRbLs,
"Sejarawan Nicko Pandawa menilai, praktik domein verklaring pada kasus Rempang menunjukkan watak pemerintah yang kolonial.  https://t.co/FMlBslKG6c  #KebijakanLalimSengsarakanRempang  #RempangKorbanKapitalisme  #IslamSelamatkanPerempuanRempang",
CATATAN Walhi Terhadap Proyek Rempang Eco City dan Bentrok di Seruyan https://t.co/JEDcv3cicl,
"Halah ! Sudahlah media sekarang sama ja dibayar buat bikin hoax! Mau Australi Belanda Singapure China atau negara manapun, intinya rakyat Rempang gak mau di relokasi  Udah gak usah dipaksa!"" Kalian ini investor apa penjajah ? Kok maksa amat ?! https://t.co/XP7DThXwB1""",
"@NarasiNewsroom Mending hentikan rempang dan seruyan dulu pak, itu juga rakyat mengalami kekerasan",
@Miduk17 Termasuk menguasai pulau rempang dan Pulau Komodo kepada Investor..😁🤣🤣,
"@eegoiii Kata siapa bang, kalau punya mulut jangan asal jeplak, kasus rempang dan seruyan dukung rakyat yg mempertahankan tanahnya, pas kasus brigadir J kasusnya janggal kita semua teriak meminta keadilan, penembakan di tol km 56 banyak koq bersuara, Palestina dijajah selama 70 tahun juga",
@RobbiNugraha_ mana sejarah rempang yg perlu saya baca...kirim sini,
"Rakyat Rempang Terancam Diusir, Kedaulatan Rakyat hanya Pemanis Bibir https://t.co/XsHTF5Hk8r   #KebijakanLalimSengsarakanRempan #RempangKorbanKapitalisme  #IslamSelamatkanPerempuanRempang",
Warga Rempang Ungkap Utusan MEG Bak Preman Main Ukur Lahan: 'Bawa Golok Ngaku Mau Masuk Hutan' https://t.co/Rmocht4YDj,
"@gorogoro2019 @anton_harjo O iya, kemaren jg open donasi buat rempang jg ya?🤣🤣🤣",
"@gamegg15112976 @Mantanmontir22 @aniesbaswedan @NassPur_ Makanya kalo gak tau gak usah sotoy, Rempang dan galang itu masuk dalam kawasan batam, itu sebab derahnya dinamakan barelang (batam, rempang, galang), semua daerah itu dibawah pemerintahan PB BATAM (wali kota), provinsi kepri, Sampe sini faham lu dul ?",
"Bacot lu jok, seruyan sama rempang noh urusin",
Masyarakat Rempang bukan barang yang bisa dipindah semaunya hanya demi kepentingan pemilik modal.   #KebijakanLalimSengsarakanRempang  #RempangKorbanKapitalisme  #IslamSelamatkanPerempuanRempang,
"@NarasiNewsroom berisik lu presiden indo ngurus rempang aja kicep, kalimantan mati kemaren sok sok an ngurusin negara orang",
"Jika pejuang khilafah ga boleh bela Rempang, ditunggu dong pembelaan para pejuang HAM, pejuang kesetaraan, dan para pembela NKRI harga mati...  #KebijakanLalimSengsarakanRempang  #RempangKorbanKapitalisme  #IslamSelamatkanPerempuanRempang",
"M.Ismail Yusanto: “Di tengah gemerlapnya Freeport, ada banyak rakyat yang jauh dari fasilitas pendidikan, kesejahteraan. Kalau itu dipaksakan, sangat mungkin terjadi juga di Rempang.” #KebijakanLalimSengsarakanRempang   #RempangKorbanKapitalisme   #IslamSelamatkanPerempuanRempang",
@blantik_pedhet1 @anton_harjo Setelah gagal di Rempang 😜🤭,
@__PASMANTAP Shok dia gak busa usir warga rempang padahal duitnya sudah di embat duluan,
"Siapa yang tak mengenal Madrasah Aliyah (MA) Riyadlotut Tholabah Sedan? Bagi warga di Kecamatan Sedan, Kabupaten Rembang, pasti tak asing lagi dengan Madrasah Aliyah hebat ini  https://t.co/2tbjLO7Sy0",
@hc_poirot Tanah Rempang Tanah Melayu..jgn pernah akan dijadikan tanah u tuk zionis modern,
@tempodotco Penggeseran warga rempang dilanjutkan ?,
"@geloraco Wkwkw .. warga Rempang &amp  Kalimantan aja mukidi bantai  malah minta dikirimin pasukan perdamaian , otak loe udh koslet bal 😂🤣😂",
@AuntyNovi1978 @jokowi @SBYudhoyono @prabowo Jangan gusur kami ya pak seperti dipulau rempang.,
"https://t.co/yNtX8TUv7D   Aksi demonstrasi yang terjadi di Pulau Rempang, Batam saat kedatangan Menteri Investasi dan Kepala BPM Bahlil Lahadalia, Jumat (6/10) kemarin, dicurigai dibiayai oleh pengusaha asal Singapura.  #infoalur #singapura",
#AniesMuhaimin2024 Rempang,
#AniesMuhaimin2024 Rempang,
@liputan6dotcom Proyek rempang gagal...takut di kejar pemodal... jadi stres...dan jatuh sakit...,
#AniesMuhaimin2024 Rempang,
#AniesMuhaimin2024 Rempang,
#AniesMuhaimin2024 Rempang,
@el_avraham rempang aja yang seuprit ga jadi2 sertipikatnya  ini lagi mo bikin nu sagede gaban,
#AniesMuhaimin2024 Rempang,
"Cepet banget respon pak presiden @jokowi kalau soal yang jauh disana. Itu di Bangkal, di Rempang. Kemana aja?",
"400 KK Warga Rempang Setuju Direlokasi, Bahlil: Sukarela Digeser : Okezone Economy https://t.co/Sn6KwqYt6t",
@jokowi Rempang piye pak???,
"Miris, belum kering luka saudara rempang yang dijajah oleh negara sendiri. sudah luka lagi saudara kami di Palestina, yang dijajah israel.  masih banyak negeri - negeri muslim lain yang masih dijajah.",
"HATI...HATI  ADA  YG DATANG  KE REMPANG , IBU  KOTA  BARU  ATAU WADAS ,  DUA   KAPAL   SEP .INI  👇🏼 BACA  ! 👓 👇🏼  JAGA🤺  TANAH AIR 🇲🇨 KITA DARI  KESERAKAHAN   SI PHIT  THUNG  ! ☹️",
"Ahh kata siapa. Bagi saya, korban warga sipil, di Palestina, Israel, Ukraina, Russia, Papua, Rempang, Seruyan, Papua, warga korban gusuran di Jakarta itu sama pentingnya. Nyawa warga sipil tidak boleh jadi korban buat negaranya.",
"HATI..HATI  CINO  MENGUASAI  TANAH AIR  KITA. REMPANG  TETAP LAH  BERJUANG . KALAU  REMPANG  MENANG , INSYAALLAH SELAMAT  LAH WILAYAH  LAIN. BELAJAR  DARI  PENGALAN RAKYAT  PALESTINA ..YG WILAYAH  NYA  TERUUUS  DI AMBIL  MUSUH 👺KITA  MESTI SEKUAT  TENAGA  MENJAGA TANAH  KITA 🇲🇨",
"@psi_id Kalau begini2an nanti saja. Belum bikin simpati dan nambah elektabilitas. Ayo dibawa Ketum PSI ke Rempang, Kalsel atau Maluku dsb.  Buktikan patriotisme Pemuda itu bukan generasi jingkrak atau picnic unfaedah. Bisa nggak PSI rangkul Rakyat yang didzalimi?",
@BANGSAygSUJUD @Chaves1305 @bengkeldodo @alextham878 @Lembayung071 @Ndons_Back @PaPaBowo_2024 @Ndaxwz @Minietweets_ @mpoklela7 @Kimberley_2024 Waaah.... Bagaimana dengan kasus Rempang boss Apa pantas seorang presiden berbicara seperti ini.dilain tempat banyak Rakyat yg menderita.yg dikatakan sebagai Investasi Namun sebenarnya invasi,
"Diusir Warga Rempang, Gus Umar Sentil Bahlil: Katanya Rakyat Mau Direlokasi, Sedangkan Kau Diusir Warga https://t.co/mgIa2xqiS0",
Ada Pengusaha Singapura Dicurigai Biayai Aksi Demo Warga Rempang https://t.co/wy7rY213U4,
Ada Pengusaha Singapura Dicurigai Biayai Aksi Demo Warga Rempang https://t.co/LdDuMyCJWK,
Geng mcm ni patut kena sesah dengan pelepah kelapa kat belakang badan. Tak pun merangkak kat atas jalan tar waktu tengahari rembang.,
@narkosun Trauma Wadas dan Rempang kita cari Bu Negara yang punya rasa kasihan gak tega lihat Mbah di geser / dikosongkan.. biarkan Mbah Mbah kita aman nyaman tentram rukun dikampung,
"@KompasTV As wr wb,bapak kejauhan ngurusnya negara orang nich di negri sendiri tuh,papua,riau rempang dan kalimantan dan lainnya. https://t.co/ImuBiEyJbu",
@liputan6dotcom Pendudukan terhadap rempang gmn pak?,
"@memelord_666666 Wadas, rempang, dan seruyan :",
Ganti Rugi Rumah Warga Rempang Dijanjikan Selesai Tahun Depan https://t.co/xnqgmGta6R,
"Coba ditanya ke Penduduk Rempang, Benarkah apa yang di bilang Bahlil ? https://t.co/2E8m1s3qp6",
"@DoankWarto ciri khas buzzeRp Ganjar nih!!! di Rempang mereka memihak oligarki dan investor.. Di Palestina mereka jadi zionis pesek!!! mereka itu aslinya islamphobia, narasi ga jauh dari radikal radikul... biar masyarakat Indonesia yg nilai kelakuan zerRp ini!",
@kumparan Masih sanggup  membuldoser warga Rempang pung?,
Bahlil Klaim 400 KK di Rempang Setuju Direlokasi https://t.co/eqobZivgiq,
@bisayukbisa_ Di rembang,
Bahlil Klaim 400 Kepala Keluarga di Pulau Rempang Bersedia Direlokasi #TempoBisnis https://t.co/8FAzbLzfKJ,
@leecuteknow Eh ini rembang bagian mana?,
@liputan6dotcom Kentut mu besar. Tukang ngibul. Rempang galang kau jual. Boro2 mau ancam israel. Kelakuan mu lebih dari israel tukang ngibul,
@dyahNeZza Ga bahaya ta rempang memanas kok malah alpukat sieger?🤣😂,
"@kumparan Cepat sembuh, rakyat rempang menunggu",
Solusi tuntas untuk segala macam kezaliman seperti di palestina Rempang Indonesia Dan lain lainnya hanyalah dengan penerapan syariat Islam Kaffa Apa yang datang dari Allah SWT kita kembalikan lagi Allah SWT,
"@mkusumawijaya Rempang kan juga, yg ngasih bantuan dipanggil aparat",
Waduuh Bahlil .....kasihan ya ngotot rampas tanah rakyat di Rempang ya.,
"@6undul0h Katanya PSN ada 2... Pertama yang dibiayai negara seperti jalan tol .. Ok, saya setuju, karena pasti nya jalan tol adalah access semua masyarakat.  Tapi di Rempang, ini adalah PSS, proyek strategis swasta.. Karena milik swasta dan tanahnya tanah rakyat daerah tapi dikuasai asing",
"@msaid_didu Bebaskan warga Rempang yang masih ditahan mereka bukan preman,mereka hanya mempertahankan tanah kelahirannya,wahai Bahlil bin balik....!!!",
@VIVAcoid Itu bukan konflik itu penjajahan. Urus aja dl rempang dan wadas 😊,
@MelodiAsyik @islah_bahrawi Yang bego kamu....kalau nga tahu masalah Rempang ngga usah muat di medsos.,
"@KitaSayangPakde Wadas, rempang dan Seruyan gimana kabarnya",
"Jangan² opung dan terima setoran Rempang nih, bentar lagi elu alesan sakit ya bablul.  https://t.co/xf27e1f2QS",
@tempodotco Bener kata pak Jokowi dan sebaiknya kata beliau di sampaikan ke presiden Indonesia..agar kondisikan dulu Seruyan dan Rempang...baru bicara perang Palestina dan Israel..,
@BossToukeeIsa @aniesbaswedan @NasDem @PKSejahtera @DPP_PKB @DPP_PartaiUmmat @cakimiNOW Bro yg tukang ngibul itu pakde joko udah jelas byk yg udah dia omongin eh skrg kenyataannya berbanding terbalik.. Dulu mau buat sertifikat buat org rempang eh malah digusur.. Dasar pinokio,
"Kata si menteri Bahlul ini 70% warga rempang mau d relokasi, tp saat dia berkunjung malah d usir warga 😂😂 https://t.co/yUVxaI6dPW",
@NarasiNewsroom giliran kanjuruhan sama pulau rempang aja hadehhhh 🤣🤣,
"@geloraco Setelah Luhut, menurut masyarakat Rempang, Bahlil bakal nyusul ke RS",
Hilma foto sawah gk disapa? omBaik @sherpa701 ini ddpn makam ayah hilma 😣🙇🏼‍♀🙏🏻😔 :)  kitabisa com di bio.  Panjang umur kebaikan  rempang allahu akbar hujan imam mahdi nabi isa Bali gempa panas Limpo prabowo kaesang Ganjar anies jokowi jessica netflix gibran hamas israel IKN https://t.co/Xg29wfjHai,
@cordova_media Jadi ingat REMPANG  kemarin,
@liputan6dotcom Joko Wi urus dulu kabinet mu selesaikan urusan dalam negeri seperti Rempang dan Wadas dijateng.janganlahmencampuriburuan negara orang lain,
Sejatinya Yang preman siapa sih?? ✓ Warga Rempang : Mempertahankan hak  (lahannya) ✓ Penguasa : membela investor mengkriminalkan warga!  Saat nya muslimah Melayu bersuara!!!  #KebijakanLalimSengsarakanRempang  #RempangKorbanKapitalisme  #IslamSelamatkanPerempuanRempang,
@NarasiNewsroom Wadas? Kanjuruhan? Rempang? Seruyan? Papua?,
"@jokowi banyak darah di pulau REMPANG""""",
"@jokowi Maaf pak,jokowi rakyat negara lain bpk perihatin, rakyat bpk yg menangis,tertindas di rempang,galang dan di daerah lain yg mengalami hal yg sama  bpk tdk peduli dimana hati nurani bpk 🙏🙏🙏",
@BangPakat Ayo TW pindah kan saja proyek yg di rempang ke kalimantan mumpung org dayak asli nya welcome...🤣,
"Maaf kalau boleh berkata kasar, perilaku polisi kita saat ini mirip-mirip polisi Yahudi dengan gampangnya menganiaya demonstran di Rempang dan bahkan di Kalimantan  ada yang tertembak mati.",
"Coba Kita Rakyat Indonesia Rasakan Bagimana SeandaiNya Tanah Negeri Kita Dirampas Oleh Tiongkok , Seperti Rempang Saat ini , Lihatlah Rakyat Palestina Yg NegaraNya Dirampas Paksa ZIONIS ISRAEL LAKNATULLAH 😢😢😢😢😢❤️❤️❤️🇵🇸🇵🇸🇵🇸🇵🇸🇵🇸🇵🇸🇵🇸",
"Itu kamu dan circle mu kali Rim.. Gwe ngga gitu.. Banyak temen gwe ga gitu.. Dulu waktu kasus Ahmadiyah, gw jg bersuara. Kasus Benoa, gwe jg bersuara. Kasus bukit duri, rempang &amp  kalbar, gwe bersuara. Elu dan circle lu kyknya yg malah ga pernah nyenggol kasus kasus seperti itu.",
Menteri Investasi/Kepala Badan Koordinasi Penanaman Modal (BKPM) Bahlil Lahadalia meninjau langsung hunian sementara yang telah dihuni oleh beberapa warga Rempang yang setuju melakukan pergeseran sehubungan dengan pembangunan Rempang Eco City  @Li9ayaTalaChes4  #NKRIMembangun https://t.co/LikhJT8tn7,
Lowongan Kerja Cook di Cafe &amp  Resto Dapur Lasem Rembang https://t.co/r89WDVxaaV https://t.co/qFhQm3PXfP,
@Ecko29502961 @ansorbangilcen1 @pwansorjatim Sukses selalu untuk Ansor PAC Rembang,
Tragedi Rempang dan Sindrom “Gajah Putih” – Muslimah News https://t.co/8iuFcpBsLN  #KebijakanLalimSengsarakanRempang #RempangKorbanKapitalisme #IslamSelamatkanPerempuanRempang,
"@tempodotco Halah kentut, itu yg di Kalimantan diurus dulu, tewas 1 org ditembak aparat keparat. Rempang juga sama.",
@hc_poirot Bahlil sudah angkat tangan  Klo MEG pengen ya selesaikan kan sendiri sama masyarakat rempang  Bahlul bahlul,
"@txtdrimedia harusnya jiwa model begini lahir di rempang dendam adalah kayu bakar kehidupan""""",
"Iya tahun depan (selesai). Butuh waktu 6- 7 bulan,"" terang Bahlil pada Selasa (10/10).  Download #MetroTVXtend sekarang di Play Store &amp  App Store.  #BahlilLahadalia #MenteriInvestasi #Relokasi #Pulau #Rempang #Batam #Riau https://t.co/TFtbFVBzmi""",
"Menteri Investasi Bahlil Lahadalia (@bahlillahadalia) mengatakan proses pembangunan rumah untuk relokasi warga di Pulau Rempang, Batam, Provinsi Kepulauan Riau akan selesai pada tahun depan. Hal itu ia sampaikan saat ditanya soal janji pemerintah yang memberikan hunian serta… https://t.co/VtPMKfCGK1",
@setiyocobenk @SoftWarNews Wkwkwk heran soal menghilangkan nyawa aja masih di banding bandingkan mau di rempang bangkal israel sama aja cm skrg fokusnya lg ke sana karna disana pembantaian agresi militer,
Rembang kpn udanee,
Lowongan Kerja Cook di Cafe &amp  Resto Dapur Lasem Rembang https://t.co/hGQcaFq8Ea https://t.co/waZrzQDE40,
"@jokowi Mengheningkan cipta. Mudah2n jokowi cepat lengser, Dan cepat di ganti PAK ANIS, Agar kegaduhan di REMPANG dan kalimantan cepat selesai, Dan para korupsi bersih dari negara indonesia, Dan biar gk ada lagi kebohongan/ cawe-cawe, rakyatx yg lemah di tindas dan yg membela di pnjara https://t.co/qRf7CqwY0K",
"Menteri Investasi/Kepala BKPM Bahlil Lahadalia mengatakan sebanyak 400 kepala keluarga (KK) di Pulau Rempang, Batam, Kepulauan Riau, sudah setuju untuk direlokasi guna pembangunan proyek Rempang Eco City.  https://t.co/DB8fd3pRb5",
Bahlil Sebut 400 KK Warga Rempang Ajukan Relokasi Secara Sukarela https://t.co/2lBB2CAVfw,
Himbauan &amp  Maklumat Padan Provinsi Riau Terkait Rempang-Galang Batam https://t.co/vFrxA6JZxJ,
Lowongan Kerja Cook di Cafe &amp  Resto Dapur Lasem Rembang   Info selengkapnya klik &gt &gt  https://t.co/Iafgzi4sWb  #lokersemarang #lokersmg #lowongansemarang #lokersemar #semaker #lokercot #loker #semarang #lokerjateng #lokerjoglosemar #lokerterbaru #semaranginfo https://t.co/m0YBwl6tT6,
"terima kasih kami ucapkan kepada bapak Kabaintelkam Polri yang telah memberikan bantuan sembako kepada kami, warga relokasi Rempang Batam...ibu Dedi, istri Bapak Dedi Yunhar... Hamas Gaza Hujan https://t.co/N58vxvvMNz https://t.co/BtCGb0Dxvz",
"terima kasih kami ucapkan kpd bapak Kabaintelkam Polri yang telah mberikan bantuan sembako kpd kami, warga relokasi Rempang Batam... nyokap Dedi, istri Bapak Dedi Yunhar... Hamas Gaza Hujan https://t.co/hF4PIeVaf9 https://t.co/IrG3Y7Idm1",
"terima kasih kmi ucapkan kepada bapak Kabaintelkam Polri yg telah memberikan bantuan sembako kepada kmi, wrga relokasi Rempang Batam... ibuk Dedi, isteri Bapak Dedi Yunhar... Hamas Gaza Hujan https://t.co/GHWnHUnHRX https://t.co/K1cbS5Ryd4",
"Terima kasih Bapak Kabaintelkam atas bantuan sembakonya untuk warga relokasi Rempang... ibu Sarinah, Istri Bapak Rantau... Hamas Gaza Hujan https://t.co/q0RJGvoE93 https://t.co/AmGHkKGKsF",
"terima kasih kami ucapkan kpd bapak Kabaintelkam Polri yang telah mberikan bantuan sembako kpd kami, warga relokasi Rempang Batam... nyokap Dedi, istri Bapak Dedi Yunhar... Hamas Gaza Hujan https://t.co/Q5DDRIoShZ https://t.co/UH8hs3fOrn",
"Terima kasih Bapak Kabaintelkam ats bantuan sembakonya uttk wrga relokasi Rempang... ibuk Sarinah, isteri Bapak Rantau... Hamas Gaza Hujan https://t.co/zWOMIYBG5d https://t.co/d97g1zrWOt",
"terima kasih kami ucapkan kepda bapak Kabaintelkam Polri yang telah ngasih bantuan sembako kepda kami, warga relokasi Rempang Batam... ibu Dedi, istri Bapak Dedi Yunhar... Hamas Gaza Hujan https://t.co/bg4YKWKk3p https://t.co/FETFvz0Gaa",
"Terima kasih Bapak Kabaintelkam ats bantuan sembakonya untk wrga relokasi Rempang... mak Sarinah, isteri Bapak Rantau... Hamas Gaza Hujan https://t.co/C8WoahOFaV https://t.co/oXwRKDReZY",
"Terima kasih Bapak Kabaintelkam atas bantuan sembakonya unt warga relokasi Rempang... ibu Sarinah, Istri Bapak Rantau... Hamas Gaza Hujan https://t.co/7OsZzTo9eo https://t.co/4oGgNszGr1",
"terima kasih kami ucapkan kepada bapak Kabaintelkam Polri yang telah memberikan bantuan sembako kepada kami, warga relokasi Rempang Batam...ibu Dedi, istri Bapak Dedi Yunhar... Hamas Gaza Hujan https://t.co/QP2mBxjM1I https://t.co/yNwOw8Glcp",
"Terima kasih Bapak Kabaintelkam atas bantuan sembakonya utk warga relokasi Rempang... nyokap Sarinah, Istri Bapak Rantau... Hamas Gaza Hujan https://t.co/qEmPcBEIAB https://t.co/K9w4JaUH6u",
"Terima kasih Bapak Kabaintelkam ats bantuan sembakonya u/ wrga relokasi Rempang... mak Sarinah, isteri Bapak Rantau... Hamas Gaza Hujan https://t.co/ShJTakE16q https://t.co/VGVIQf8Kmg",
"Terima kasih Bapak Kabaintelkam atas bantuan sembakonya untuk warga relokasi Rempang...ibu Sarinah, Istri Bapak Rantau...Hamas Gaza Hujan https://t.co/tkY1idZ3pG https://t.co/d7Uq73mbwb",
"Terima kasih Bapak Kabaintelkam atas bantuan sembakonya untuk warga relokasi Rempang... ibu Sarinah, Istri Bapak Rantau... Hamas Gaza Hujan https://t.co/XoHQb1KdA7 https://t.co/2RcmOMqh2R",
"Terima kasih Bapak Kabaintelkam ats bantuan sembakonya uttk wrga relokasi Rempang... ibuk Sarinah, isteri Bapak Rantau... Hamas Gaza Hujan https://t.co/tSPgjdqzml https://t.co/oPzIFjnie0",
"Terima kasih Bapak Kabaintelkam atas bantuan sembakonya ntuk warga relokasi Rempang... nyokap Sarinah, Istri Bapak Rantau... Hamas Gaza Hujan https://t.co/S5Fkrd5zbf https://t.co/rBVSsaaEU2",
"Terima kasih Bapak Kabaintelkam ats bantuan sembakonya untk wrga relokasi Rempang... mak Sarinah, isteri Bapak Rantau... Hamas Gaza Hujan https://t.co/rBnSh8q81e https://t.co/MQWF9Klynj",
"Terima kasih Bapak Kabaintelkam atas bantuan sembakonya unt warga relokasi Rempang... ibu Sarinah, Istri Bapak Rantau... Hamas Gaza Hujan https://t.co/VpXTqG5ryO https://t.co/T8z0JPn7HR",
"Terima kasih Bapak Kabaintelkam ats bantuan sembakonya u/ wrga relokasi Rempang... mak Sarinah, isteri Bapak Rantau... Hamas Gaza Hujan https://t.co/B5t1K6S87o https://t.co/l2M2Jqtg8h",
"Terima kasih Bapak Kabaintelkam atas bantuan sembakonya untuk warga relokasi Rempang...ibu Sarinah, Istri Bapak Rantau...Hamas Gaza Hujan https://t.co/aq0JDWbIHu https://t.co/fOercVMvoa",
"terima kasih kmi ucapkan kepada bapak Kabaintelkam Polri yg telah memberikan bantuan sembako kepada kmi, wrga relokasi Rempang Batam... ibuk Dedi, isteri Bapak Dedi Yunhar... Hamas Gaza Hujan https://t.co/3YGwgbUApx https://t.co/G60roPeIKM",
"Terima kasih Bapak Kabaintelkam ats bantuan sembakonya uttk wrga relokasi Rempang... ibuk Sarinah, isteri Bapak Rantau... Hamas Gaza Hujan https://t.co/P8MMMngciK https://t.co/DnaIyKuaYB",
"Terima kasih Bapak Kabaintelkam atas bantuan sembakonya unt warga relokasi Rempang... ibu Sarinah, Istri Bapak Rantau... Hamas Gaza Hujan https://t.co/Lh1rseykDJ https://t.co/ax5cxJYg0A",
"terima kasih kami ucapkan kepda bapak Kabaintelkam Polri yang telah ngasih bantuan sembako kepda kami, warga relokasi Rempang Batam... ibu Dedi, istri Bapak Dedi Yunhar... Hamas Gaza Hujan https://t.co/NrY0S8474f https://t.co/cQPW34wfQW",
"Terima kasih Bapak Kabaintelkam ats bantuan sembakonya tuk wrga relokasi Rempang... ibuk Sarinah, isteri Bapak Rantau... Hamas Gaza Hujan https://t.co/Wc8nG5uFOJ https://t.co/fXoEUjtVWS",
"terima kasih kami ucapkan kpd bapak Kabaintelkam Polri yang telah mberikan bantuan sembako kpd kami, warga relokasi Rempang Batam... nyokap Dedi, istri Bapak Dedi Yunhar... Hamas Gaza Hujan https://t.co/COF8z093Tg https://t.co/sddDM54xMF",
"terima kasih kami ucapkan kepda bapak Kabaintelkam Polri yang telah ngasih bantuan sembako kepda kami, warga relokasi Rempang Batam... ibu Dedi, istri Bapak Dedi Yunhar... Hamas Gaza Hujan https://t.co/t5tzYyq4HH https://t.co/i9wAJJL6Td",
"terima kasih kami ucapkan kpd bapak Kabaintelkam Polri yang telah mberikan bantuan sembako kpd kami, warga relokasi Rempang Batam... nyokap Dedi, istri Bapak Dedi Yunhar... Hamas Gaza Hujan https://t.co/FqPXgFa6Tj https://t.co/9coSzaRbbz",
"Terima kasih Bapak Kabaintelkam atas bantuan sembakonya ntuk warga relokasi Rempang... nyokap Sarinah, Istri Bapak Rantau... Hamas Gaza Hujan https://t.co/Cf13fb5gN3 https://t.co/gxRuOHBEw9",
"Terima kasih Bapak Kabaintelkam ats bantuan sembakonya untk wrga relokasi Rempang... mak Sarinah, isteri Bapak Rantau... Hamas Gaza Hujan https://t.co/Mjxo4QCP2l https://t.co/DAsPgjPgua",
"terima kasih kami ucapkan kepada bapak Kabaintelkam Polri yang telah memberikan bantuan sembako kepada kami, warga relokasi Rempang Batam...ibu Dedi, istri Bapak Dedi Yunhar... Hamas Gaza Hujan https://t.co/efAl60R8lS https://t.co/UK0NKiS45p",
"Terima kasih Bapak Kabaintelkam atas bantuan sembakonya unt warga relokasi Rempang... ibu Sarinah, Istri Bapak Rantau... Hamas Gaza Hujan https://t.co/MchCGtC0Ym https://t.co/bCys1tqpbG",
"terima kasih kami ucapkan kepda bapak Kabaintelkam Polri yang telah ngasih bantuan sembako kepda kami, warga relokasi Rempang Batam... ibu Dedi, istri Bapak Dedi Yunhar... Hamas Gaza Hujan https://t.co/I48jHe73n1 https://t.co/QbISKXUqht",
"Terima kasih Bapak Kabaintelkam atas bantuan sembakonya utk warga relokasi Rempang... nyokap Sarinah, Istri Bapak Rantau... Hamas Gaza Hujan https://t.co/9xq2OxebkD https://t.co/j6sLQKhZc7",
"Konflik Relokasi Warga Rempang, Bagaimana Pandangan Masyarakat Lainnya? https://t.co/8nmNV4TCS4",
"terima kasih kami ucapkan kpd bapak Kabaintelkam Polri yang telah mberikan bantuan sembako kpd kami, warga relokasi Rempang Batam... nyokap Dedi, istri Bapak Dedi Yunhar... Hamas Gaza Hujan https://t.co/gUuwSZZpsH https://t.co/VStDHEfKeM",
"@Naz_lira Abu janda bacot Lo tuh sok belain Yahudi...  Lo ikut aja jadi Relawan Perang Israel, berani ngak,jgn sok jdi Pahlawan utk orang Yahudi...  Di Indonesia aja Rakyat Rempang lagi di Zholimi oleh Rezim, knp ngak Lo belain,knp hrs Negara Israel yg Lo belain",
@_Banyoe Ngak usah terlalu jauh…bagaimana dgm masyarakat rempang ?,
@VIVAcoid Halllaahhh banyak lagu luh warga Rempang Wadas aja kalian tindas,
CATATAN Walhi Terhadap Proyek Rempang Eco City dan Bentrok di Seruyan https://t.co/rYVQP06W1g,
"@13FreeStranger Hebat nian adik2 ini. Kita juga jadi paham, bedanya pemilik ijasah asli &amp  pemilik ijasah palsu. Pemilik ijasah asli ternyata menolak penggusuran/penggeseran warga Rempang. Beda bukan?! 😁",
"Undang Investor Bangun Rempang, Habib Syakur : Saya Bangga dengan Jiwa. Sosial Tomy Winata Sc: tongtongkerupukkaleng  #solusiuntukrempang #rempang #fyp #foryou  #rempanggalang #tomywinata #HabibSyakur https://t.co/n8t2YWVlPg",
Ngga malu sama warga rempang ?,
@BangPakat Raykat Rempang ajha di prank...... padahal Jokowi menang disitu.... selamat menikmati pilihan anda Bang.,
"Sudahlah Bahlil cs Hentikan narasi bohong mu atas REMPANG, hari gini berbohong? Jejak digital akan bicara,  https://t.co/kIZxClQKH0 Saksikan video ini https://t.co/8ElOpAFsvb https://t.co/dwJvMcOcZD https://t.co/izO2T3PMTn https://t.co/wG22GmBtPM",
Membacakan Nyaring https://t.co/Oi8jl0lCIn #MovingEp17 Narnia Azizah KDRT Abimana #MyLovelyLiarEp14 #TXTxDior #____ Halo-Halo Bandung Rempang https://t.co/LnKJzhAoBi https://t.co/b5Nj9aU6GM https://t.co/DxMKnATDdf https://t.co/AwMQSLhu8X,
Demi Agama dan Negara jangan biarkan kezaliman di depan mata yg terjadi di Pulau Rempang,
"Liat nih liciknya media barat. Iya, ini media yg sama yg kmrn2 ikut ngomporin Rempang. Dan no no, mereka tdk pernah berada di tengah. Media mainstream sejak awal kelahirannya memang tdk bertujuan utk objektif mengabarkan berita, tp sbg alat cuci otak &amp  propaganda.",
"@psi_id keren banget mas ketum. kapan menyapa basis relawan jokowi di P. Rempang rakyat di sana kangen, loh",
@coldbrew165 @yo2thok Jadi Hamas ini memang harus dihabisi. Indonesia tak perlu mencampuri urusan dalam negeri mereka...! Mending kita urus KKB Papua..dan Rempang,
SAVE REMPANG...!https://t.co/PuPPFSynlH,
Mutiara Umat Institute: Pemberian HGU Pulau Rempang ke Investor Asing adalah Kezaliman https://t.co/iUf45Z5Kk8 via @mediaumat,
"Pembangunan Rempang Eco-City, Berpihak pada Siapa?  #KebijakanLalimSengsarakanRempang  #RempangKorbanKapitalisme  #IslamSelamatkanPerempuanRempang https://t.co/HedVjRmZ7f https://t.co/HedVjRmZ7f",
"@hasyimmah Jika anda orang Melayu Rempang, apa yang akan anda lakukan saat ini???",
"Enaknya jadi Inggris. Dia yg garis2 wilayah orang, giliran yg punya tanah melawan tinggal sebut teroris. Dejavu Rempang. Ehh.",
"@VIVAcoid Tuan putri sibuk amat, amat sj gak sibuk urus Rempang, dan kekacauan di Kalimantan. Yg mana abdi negara nembak rakyat jelata. Urus negerimu yg amburadul, stelah beres baru bs urus negara laen",
"Penjajahan berganti dari Pusat ke Pemprov!! Mirip rempang ya?pusat nya Binjai. Setelah ditinggal Gub gini, Plt gk ada yg bagus kutengok. Mending ksh Sekda/Asekda. Yg angkat Kementrian yg ganti Pemprov, mo jadikan apalagi itu.hati2 medali internasional ditarik kembali!!!😲😲😲",
"Rempang jg blum kelar,  jgn muluk2 lah, ngaca...",
"@BSbukit BELANDA HITAM YG DIPAKE BAJINGAN INVESTASI, UNTUK INTIMIDASI WARGA MELAYU REMPANG.",
@BangPakat @tukangkanebo Kqyak nya sebentar lg tanah dayak kayak rempang😅,
@HutajuluP27080 @STresnowat101 Orang yg bela Palestina rata2 sangat vokal bela kasus rempang. Yang sinis/diam masalah Palestina umumnya juga sinis/diam dalam masalah Rempang. Coba perhatikan. Mereka berada dalam sisi yang sama.,
"@Bambangmulyonoo @AgusPrasodjo2 Demikian juga penggusuran di Rempang,menyisakan kesedihan dan dendam .",
"@Basukirahmat70 @rachlannashidik Begini lah model pendukung rezim ini tdk punya hati,semoga kelak    dia jg rasakan apa yg di rasakan warga rempang.",
"@arrahmah #FreePalastine   Usir penjajah Indonesia di Rempang, Kalimantan, Sulawesi, Papua, dan Istana Negara.  #FreePalastine https://t.co/USnIdMogqZ",
"@sahabatalaqsha #BreakingNews Hingga saat ini, lebih dari 1.000 orang penjajah israel tewas sejak penyerbuan ke permukiman penjajah israel di sekitar Jalur Gaza (sumber lansiran sumber Ibrani) Sumber: Ar-Risalah  Semoga Penjajah Indonesia di Rempang, Kalimantan,  bisa kita usir. #FreePalastine https://t.co/8xuFwcI94N",
"@AzzamIzzulhaq #BreakingNews Hingga saat ini, lebih dari 1.000 orang penjajah israel tewas sejak penyerbuan ke permukiman penjajah israel di sekitar Jalur Gaza (kata lansiran sumber Ibrani) Sumber: Ar-Risalah  Semoga Penjajah Indonesia di Rempang, Kalimantan,  bisa kita usir. #FreePalastine https://t.co/QSGUUE1fcf",
"@yo2thok #BreakingNews Hingga saat ini, lebih dari 1.000 orang penjajah israel tewas sejak penyerbuan ke permukiman penjajah israel di sekitar Jalur Gaza (menurut lansiran sumber Ibrani) Sumber: Ar-Risalah  Semoga Penjajah Indonesia di Rempang, Kalimantan,  bisa kita usir. #FreePalastine https://t.co/UCdcbjEtaT",
"@arrahmah #BreakingNews Hingga kini, lebih dari 1.000 orang penjajah israel tewas sejak penyerbuan ke permukiman penjajah israel di sekitar Jalur Gaza (menurut lansiran sumber Ibrani) Sumber: Ar-Risalah  Semoga Penjajah Indonesia di Rempang, Kalimantan,  bisa kita usir. #FreePalastine",
"#BreakingNews Hingga saat ini, lebih dari 1.000 orang penjajah israel tewas sejak penyerbuan ke permukiman penjajah israel di sekitar Jalur Gaza (menurut lansiran sumber Ibrani) Sumber: Ar-Risalah  Semoga Penjajah Indonesia di Rempang, Kalimantan,  bisa kita usir. #FreePalastine",
"@VIVAcoid Di Seruyan,Wadas dan Rempang aja gak bisa jadi penengah yang baik,kok iseng jadi penengah Hamas-Israel?",
"@KMoran35356 @ganjarpranowo https://t.co/FZFigFwRir Yg ngomong kelar itu Mbahmu, Rakyat Pribumi Rempang Galang jelas menolak tanah leluhurnya digusur demi investasi China.",
"@jaack_sorrow @ZahidFaoziah @ronaldy596 Justru anda yg terlihat sbg buzzer, buzzer oligarki. Ini soal paradigma, cara berpikir, sama dengan kasus Rempang, warga lokal yg sdh ratusan tahun turun temurun dipaksa pindah dgn logika ganti rugi. Ini soal keadilan sosial.",
"@VIVAcoid Wealah to mbak @puanmaharani_ri ... wacana  Nya bagus sih, tapi apa gak pada ketawa negara lain,, ngatasi Rempang aja pakai TNI POLRI,, ngatasi protes sawit aja pakai tembak mati. Sepertinya problem negeriku lebih kompleks dari perang gaza",
"Jika pejuang Khilafah ga boleh bela Rempang, ditunggu dong pembelaan para pejuang HAM, pejuang kesetaraan, pejuang NKRI harga mati.....  #KebijakanLalimSengsarakanRempang  #RempangKorbanKapitalisme  #IslamSelamatkanPerempuanRempang",
@Kevin07_M @yoeandha01 @hasyimmah Nah lu pandangan gmn ttg rempang cebong.,
"Solidaritas untuk Palestina, Papua, Rempang, Seruyan, dan seluruh umat manusia yang terjajah dan memutuskan untuk melawan dengan apa yang mereka punya, semoga saudaraku meraih kemenangan, Aamiin",
"Solidaritas untuk Palestina, Papua, Rempang, Seruyan, dan seluruh umat manusia yang terjajah dan memutuskan untuk melawan dengan apa yang mereka punya, semoga saudaraku meraih kemenangan",
"Solidaritas untuk Palestina, Papua, Rempang, Seruyan, dan seluruh umat manusia yang terjajah dan memutuskan untuk melawan dengan apa yang mereka punya, semoga saudaraku meraih kemenangan",
"@VIVAcoid Terlalu mengide bu. Rempang, kalimantan bentrok aja. Gak mau ibu ajukan penengah ke pemerintah. 🥲",
warga melayu rempang ekstra ketat menjaga daerahnya dari orang² aneh yg datang dengan membawa golok utk melakukan pengukuran lahan https://t.co/OjzKI5QGiX,
"Rakyat KTNA Rempang Gantungkan Nasibnya ke DPRD Kepri, Aziis: Tidak Ada Titik Terang https://t.co/q2KB8IeBaA https://t.co/kQvCApUW8F",
"@ArieMutyara Anak2, perempuan di Rempang gimana...Yahud",
"Ingat cerita jaman dulu, saat Indonesia di jajah, Rakyat bersatu bahu membahu untuk mengusir Penjajah, tujuannya hanya satu mempertahankan dan merebut Tanah ini"". #FreePalastine #Israel #Rempang #Seruyan #Malam #00.00 WIB #Mauuu #cpns #Rp 1 #DALEM SAYANG #Hamas""",
@VIVAcoid Ke rempang aja dulu,
@ZulkifliLubis69 @jokowi Bahlul @bahlillahadalia Londo Ireng masih napsu mengusir rakyat Rempang dari tanah mereka. Diusir rakyat masih cengengesan sungguh tak tahu malu.,
"@OnlineNico37586 @tvOneNews yang korupsi trilyunan si mata sipit pemakan babi,yg lu benci arab.konflik rempang gegara perusahaan cina,yg lu benci yaman.temen gw banyak yg kristen,tapi gak goblok kek lu",
"@VIVAcoid Kenapa puan tdk meminta juga pemerintah utk memerdekakan masyarakat,rempang,galang dan di daerah lain yg mengalami hal yg sama tertindas",
"@LM5WiN @Depa_29 @kegblgnunfaedh Jokowi Rempang aja ga di urusin, apalgi ginian",
"@VIVAcoid Sementara yang dekat aja dulu bu. Konflik rempang, Kalimantan, dll",
@hannywidia Panas ye daerah rembang dan sekitarnya han?,
#AniesMuhaimin2024 Rempang,
@jokowi woey...rempang lagi tumpah darah.g puny hati lol,
#AniesMuhaimin2024 Rempang,
#AniesMuhaimin2024 Rempang,
#AniesMuhaimin2024 Rempang,
#AniesMuhaimin2024 Rempang,
"@dee_jacobus @Bro_Lucky86 @MardaniAliSera klo ge jawab gak ada agresi disana, tapi faktanya ada. Bong got 🐸🔨👊 gw mau tanya, apa tujuan anjing polisi dan teeni keparat ada di Rempang, jumlahnya ribuan lagi, jawab bong got 🐸🔨👊",
#AniesMuhaimin2024 Rempang,
#AniesMuhaimin2024 Rempang,
#AniesMuhaimin2024 Rempang,
"70 Persen Warga Rempang Bersedia Digeser, Partai Perindo Apresiasi Dialog Pemerintah dan Masyarakat https://t.co/1R3sytQMDG",
#AniesMuhaimin2024 Rempang,
#AniesMuhaimin2024 Rempang,
"70% Warga Rempang Bersedia Digeser, Perindo Apresiasi Dialog Pemerintah dan Masyarakat https://t.co/kkxcfb3yyS",
"@Catatan_ali7 Yang di rempang dah mulai pada pindah ke hunian sementara( perumahan sambau, rusun muka kuning dan ruko buana park)...kayaknya negosiasi pemerintah dan masyarakat rempang berhasil mendapatkan kesempatan...",
Tetap kawal saudara saudara kita di Seruyan dan Rempang yang sedang berjuang memperjuangkan HAK mereka........  Jangan sampai Memikirkan Negara Lain lupa memikirkan nasib negara sendiri.....,
"Mirip kasus rempang,  iya ga iya ga?.",
"Sampaikan Aspirasi ke Wakil Rakyat, Petisi 100 Minta Proyek Rempang Eco City Dibatalkan via @kedaipenacom https://t.co/QyZCsYKI0z",
ramai mengatasnamakan bela warga #rempang .  tapi kalau seandainya tidak ada pembangunan di #rempang .  apa mereka peduli ?,
Catatan Walhi Terhadap Proyek Rempang Eco City dan Bentrok di Seruyan https://t.co/v9QDtCTIFh  https://t.co/v9QDtCTIFh,
"Solidaritas untuk Palestine... Rempang, seruyan dan semua wilayah orang yang sedang terjajah... #standwithPalestine",
"Majlis Syura Partai Ummat)   📝Sambutan dan Pengantar Diskusi : Dr. Ing. Ridho Rahmadi, https://t.co/QcOn2ml2Pn. (Ketua Umum Partai Ummat)  📣Nara Sumber : 1️⃣ Syaed Lukman (Ketua Tim Advokasi Rempang Partai Ummat)  2️⃣ Kazzaini KS (Pengamat Masyarakat Melayu Rempang)",
"بِسْمِ اللهِ الرَّحْمٰنِ الرَّحِيْم  *UMMAT LEADERS' CLUB PRESENTS*  Webinar : *_Class Action_ Warga Rempang : Menggugat Pemerintah Salah Urus Rakyat""*  🗓️ Hari/Tgl. : Rabu, 11 Oktober 2023  🕓 Pukul : 16.00 s.d. 18. 00  🎤 _Keynote Speaker :_ Prof. Dr. M. Amien Rais, MA (Ketua https://t.co/IOq9xwb6RT""",
@alisyarief @jokowi Efek  doa  Rakyat Rempang 🤩,
"@msaid_didu Wah kalau proyek di rempang itu gagal Pak @bahlillahadalia rugi, hehe",
tadi belajar kasus rempang taunya yang dibahas kasus seruyan 😁,
Khabar dari #rempang  . #batam #kepri #rempangmasadepancerah  #rempangsejahtera https://t.co/jzkLTFOKJc,
@andikamalreza Sama2 tidak ada yg bela rempang dan serayun,
"Hentikan semua kebohonganmu soal Rempang  Bahlil, pulanglah ke asalmu Papua, bangunlah ECO city disana agar kamu berguna. https://t.co/N9lfhIq6Sz",
"@HutajuluP27080 @STresnowat101 Rempang dan kalimantan tetap saya bela karna saya cinta Indonesia ,klw palestina itu pangilan agama kami sebagai muslim cinta pakestine jangan kau bilang bodoh klw kami bela palestina",
"@Stev3n_Peg3l Jokowi ngak mau melindungi Rakyat Rempang sih  Suatu hari kamu sendiri nti yg di usir oleh Proses Alam dri rumah kamu  Harusnya di Masa Akhir tugasmu, buktikan pada Rakyat, klo kamu Pemimpin yg Amanah bsa menjaga, Melindungi dan Menghormati seluruh Rakyat Indonesia 🇮🇩🇮🇩🇮🇩",
"Good news Lur! Sebentar lagi GoFood akan ada di Rembang/Pati/Grobogan/Blora dan sekitarnya, yang punya usaha kuliner, ayo kembangkan usahamu dengan daftar via aplikasi GoBiz (Gratis)  https://t.co/xZjDlvITy6 https://t.co/KaPyFBKo83",
Jangan lupakan Rempang,
Bagaimana kelanjutan Polemik Rempang Batam ?  Rapat Komisi VI DPR RI dan Menteri Investasi RI.  https://t.co/lNZoScNsmC,
@NinzExe07 yg ngotot pulau rempang hrs di kosongkan utk pabrik kaca itu!! itu dia!! penjahatnya!!! dialah sumber malh di rempang!! krn dia punya keoentingan pribadi dan golonganya disana!!! penghianat bangsat sebenarnya mereka‼️,
@BSbukit Sekitar Rempang banyak wajah tampang model gini. Di Galang pinggiran,
@Kevin07_M @yoeandha01 @hasyimmah Sama kayak rempang ya...dijajah bangsa sendiri,
"BP Batam kembali memfasilitasi pergeseran terhadap delapan Kepala Keluarga (KK) yang terdampak pengembangan Rempang Eco-City ke hunian sementara, Sabtu (7/10/2023).  https://t.co/SSZHND5VXL",
"10/🎭  The Rempang Eco City project sketches a compelling narrative of modern development tales, where economic ambitions, local communities, and global geopolitics dance together. As the tale unfolds, the ripples are felt far and wide.",
9/ 💼 Global investors are watching closely. The unfolding scenario in Rempang could significantly impact Indonesia's attractiveness as a lucrative investment destination. The stakes are high as the drama unfolds on the Rempang shores.,
"5/ 🌏 The Malacca Dilemma"" unveils China's economic security challenges, a narrative that intertwines with the significant Chinese investment in the Rempang project. It’s a geopolitical dance on a tightrope between economic growth and security.""",
"2/ 🌆 The blueprint of Rempang Eco City is deemed to be a peek into a future with industrial modernization, agrotourism, and sustainable energy generation.   It's more than just an industrial venture  it's a comprehensive plan for a multi-faceted urban landscape.",
"@ricardo_bobby @SoftWarNews Dikira yg rebut rebutan cmn islam doang? Zaman dlu hal bgt dah lumrah, bhkan skrg jga masih brlaku. Jgn jauh2 ke amerika rebut dri indian, ausi dari aborigin, di rempang aja masih berlaku",
"Gelar Maulid Nabi di Rembang, PPP Ajak Santri Teladani Ajaran Nabi Muhammad https://t.co/4rD8L7VfZb #maulidnabi",
@opposite6892 Orang bayaran ...bukan penduduk REMPANG,
"Reklamasi Benoa, gwe bersuara. Reklamasi jakarta, gwe bersuara. Kendeng, gwe bersuara. Kanjuruhan gwe bersuara, Km 50 gwe bersuara. Wadas, gwe bersuara. Rohingya gwe bersuara. Uighur gwe bersuara. Rempang, gwe bersuara. Kalbar jg.   Konsistensi menunjukkan asli tidaknya kita.",
@msaid_didu Pernyataan Bahlil tentang ada campur tangan negara lain agar Rempang gagal. Saya kira itu cuma sukuzon di Bahlil aj. Yang benar masyarakat Melayu Rempang g mau daerah itu d masuki Tiongkok. Ngerti g tu si Bahlil,
@themorningtide @BSbukit @anton_harjo Rempang tanah melayu,
@DoankWarto buzzeRp ganjar!!! menyalahkan penduduk Rempang.. sekarang menyalahkan Hamas...,
"*Bantah 70 Persen Warga Rempang Mau Direlokasi, Warga Melayu Tempatan Sebut Investor yang Harus Angkat Kaki*  https://t.co/ySBoDy7NTB",
@nieke_olivia Sebelum ada Indonesia ada bahlil yg bahlul jg TM &amp  investor sdh ada warga rempang terlebih dahulu tp faktanya. Ssh mbak klu bcr fakta sm org semodel @DeHoutman_id,
"@KaryaGlobalindo @alisyarief Bang, jangan berharap lebih, kasus rempang aja gk mau tau, kasus warga kalimantan yang ditembak mati aja gk ada prihatinnya.   🥲🥲🥲",
@Tulus_nih70 Bukan untuk beli pulau Rempang nih https://t.co/v2tGRN589Z,
@hekahert ini kabar baik dari #rempang,
#AniesMuhaimin2024 Rempang,
ini kabar baik dari #rempang,
#AniesMuhaimin2024 Rempang,
#AniesMuhaimin2024 Rempang,
"Konflik rempang, konflik seruyan. Dijajah negara sendiri. Emang bener kata Bung Karno.",
#AniesMuhaimin2024 Rempang,
#AniesMuhaimin2024 Rempang,
#AniesMuhaimin2024 Rempang,
#AniesMuhaimin2024 Rempang,
#AniesMuhaimin2024 Rempang,
"@geloraco Tanah Rempang dirampas siapa, min...??? https://t.co/glBJ1pq5wR",
"Solidaritas untuk Palestina, Papua, Rempang, Seruyan, dan seluruh umat manusia yang terjajah dan memutuskan untuk melawan dengan apa yang mereka punya, semoga saudaraku meraih kemenangan",
#AniesMuhaimin2024 Rempang,
#AniesMuhaimin2024 Rempang,
"@Widino Yok bisa yokkk sampe kragan, rembang 😂",
#AniesMuhaimin2024 Rempang,
#AniesMuhaimin2024 Rempang,
"Solidaritas untuk Palestina, Papua, Rempang, Seruyan, dan seluruh umat manusia yang terjajah dan memutuskan untuk melawan dengan apa yang mereka punya, semoga saudaraku meraih kemenangan",
"Pengen ke Israel belain Hamas biar diliput Kompas, tapi sodara sendiri di Rempang mau digusur colonizer eh.. investor belum sempat dibelain, duh.. pilihan yang sulit.",
"@STresnowat101 Solidaritas untuk Palestina, Papua, Rempang, Seruyan, dan seluruh umat manusia yang terjajah dan memutuskan untuk melawan dengan apa yang mereka punya, semoga saudaraku meraih kemenangan",
#AniesMuhaimin2024 Rempang,
#AniesMuhaimin2024 Rempang,
#AniesMuhaimin2024 Rempang,
#AniesMuhaimin2024 Rempang,
#AniesMuhaimin2024 Rempang,
#AniesMuhaimin2024 Rempang,
Satset menyelesaikan aduan pungli. #GanjarPemimpinBernyali  Sempat viral di medsos ada pungli di satu sekolah di Rembang .@ganjarpranowo tegas berantas pungli di sekolah https://t.co/Y45xQGLAl1,
#AniesMuhaimin2024 Rempang,
#AniesMuhaimin2024 Rempang,
@adisesque BEM UI kok kayaknya belum kelihatan bahas Rempang ya?,
"@Kopipait__78 investasi di Rempang Galang bgmn bos?, Pinjaman hutang kereta cepat yg jadi jaminan nya APBN bgmn bos? ,Hutang sirkuit Mandalika bgmn bos? Pasti dijawab kok tanya saya...",
WARGA REMPANG TANGKAP PREMAN KIRIMAN PENGUSAHA TOMY WINATA  penjahat tomy winata mulai mengerahkan preman² bersenjata tajam utk mengintimidasi warga rempang https://t.co/txyc986f44,
"Masyarakat Rempang bukan barang yang bisa dipindahkan semaunya saja demi kepentingan pemilik modal"" Tolong dipikirkan...  #KebijakanLalimSengsarakanRempang #Khilafah#SolusiRempangDenganSyariat#rempangkorbankapitalis#""",
@C_D3pp @panglima_z @Yak_An5 @Gank_Of_Petojo @6undul0h @ButterCupdanie1 @andi_achilles @Mulyawans07gma2 @hc_poirot @Abahpurwa1 @AraituLaki @SangKaisar723a @TuaGilaReborn @bolu_tutung Save Rempang Indonesia #FreePalestine  #FreePalestine  Not Palas...,
"Warga Rempang Ungkap Utusan MEG Bak Preman Main Ukur Lahan, Bawa Golok Ngaku Mau Masuk Hutan https://t.co/Duy0AjrRyc  https://t.co/Duy0AjrRyc",
"@nalarto @_MbakSri_ blg aja kau pendukung penjajah israel, penjajahan rempang dan tanah kalimantan...  ngapain malu malu https://t.co/IdpJkMmdvD",
selama BKO rempang kangen naik Batam 1 https://t.co/SyaJWTmbOx,
@VIVAcoid Kamu teriak2 serangan brutal..ini membela diri..karena ketidakadilan..penjajah.mencaplok wilayah..di rempang juga membara gara2 mau di caplok investasi pake alat negara..apalagi palestina berabad2 tanah di caplok...kemaren2 s israel nyerang palestina lebih brutal..,
"@HutajuluP27080 @STresnowat101 Kita ?, Lu aja kale. Secara paralel kan bisa. Rempang dibela, ttg Palestina bersuara",
"@MichelAdam7__ @AndyYan00254926 Rakyat Indonesia semua di suntik - suntikin vaksin covid di suruh Lu....t Rakyat Rempang di Usir- usir di suruh Lu...t  juga  Sekarang Luhut di suruh Bedrest di suruh Yang Maha Kuasa  Manusia cuma bisa berusaha tapi Rencana Allah lebih Indah, dan Manusia tidak berdaya dan upaya",
"@Heraloebss @KejaksaanRI Andai saja sering kita menyaksikan peristiwa2 spt ini, tentang pedulinya pejabat2 publik, elite2 kita terhadap derita rakyatnya, dr pada yg akhir2 ini kita lihat mereka2 itu ribet dg kekuasaanya atau malah joget2 saat Rempang, Kalteng dll bergejolak, betapa damainya republik ini",
@ganjarpranowo Wkwkk dalam juono rembang sak iki piye iseh ngono kae,
"Di Pulau Rempang rencananya akan di bangun Rempang Eco City yang di targetkan dapat menarik investasi senilai Rp380 triliun pada tahun 2080.  Lantas, apakah investasi itu justru malah melukai rakyatnya sendiri? Yuk, simak postingan berikut untuk informasi selengkapnya! https://t.co/xW7tFB33YN",
"KONFLIK REMPANG: HARUSKAH INVESTASI MELUKAI RAKYAT SENDIRI?  Baru-baru ini, terjadi bentrok antara petugas gabungan dengan warga lokal Rempang, Kota Batam, Kepulauan Riau. Bentrok itu terjadi saat petugas gabungan datang untuk melakukan pengukuran lahan di Pulau Rempang. https://t.co/hT44UFSpGk",
"@KiblatAkalSehat @yudaamaraa @NathPribady emang hak dia, tapi apa yang di omongin ga sesuai banget dengan sikap dia sendiri loh, ga ada  tuh dia beraninbersuara soal rempang, kanjuruhan dan wadas",
@6undul0h Katanya ada kajian ??? asbun aja tuh .... rempang mana kajiannya ?,
"Kasus Rempang Dibawa ke MK, UU Pengadaan Tanah Bagi Pembangunan untuk Kepentingan Umum Diminta Dicabut https://t.co/6wQYUG1UKh",
@anismatta Memberikan rasa keadilan bagi bangsa juga amanat konstitusi  Save Rempang,
@Sam_Ardi Giliran rempang lemot banget.....,
@kang___L Rempang masih bergolak. Sebagian besar masyarakat di sana tetap menolak. Yg pindah itu hanya lah pendatang.,
"UMMAT LEADERS' CLUB PRESENTS  Webinar: Class Action_ Warga Rempang : Menggugat Pemerintah Salah Urus Rakyat""  Hari/Tgl. : Rabu, 11 Oktober 2023  Pukul : 16.00 s.d. 18. 00  Keynote Speaker :_ Prof. Dr. M. Amien Rais, MA (Ketua Majlis Syura Partai Ummat) https://t.co/KPVltXWuYT""",
"Sejarawan Nicko Pandawa menilai, praktik domein verklaring pada kasus Rempang menunjukkan watak pemerintah yang kolonial. Begini penjelasannya. #FlashNews  #KebijakanLalimSengsarakanRempang #RempangKorbanKapitalisme #IslamSelamatkanPerempuanRempang https://t.co/aUiIlihRGq",
"Solidaritas untuk Palestina, Papua, Rempang, Seruyan, dan seluruh umat manusia yang terjajah dan memutuskan untuk melawan dengan apa yang mereka punya, semoga saudaraku meraih kemenangan",
@KompasTV Bukti pencaplokan Zionis. Kok dibela?  Yg bela  Israel orang paling tolol. Siapapun kalau diambil tanahnya akan pasti berontak. Demikian jg dgn kita di rempang dan wilayah lainnya. https://t.co/OxvwLYa596,
@HFSGold @Abdillahonim Rempang masih melawan Berita di jinakan,
"@psi_id Tahun depan lengser, masih saja ngumpulin relawan. Buat apa coba ? Mending urus rakyat rempang yang digusur karena proyek PSN mu, atau rakyat dayak yang kemaren tertembak mati.",
Toko karangan bunga di Rembang ☎️081215758846  #huttnike78 #kodimrembang #TNI   🌏 https://t.co/X3ooqlemEB   WA https://t.co/oahjmRdQwP  #karanganbungarembang #floristrembang #bungapapanrembang #infoseputarrembang #rembangupdate #tokokaranganbungadirembang #KODIM0720REMBANG https://t.co/bO215BmDjz,
@Abdillahonim ada bang di Rempang tuh,
Toko karangan bunga di Rembang ☎️081215758846  #HUTTNIKE78 #koramilGunemRembang   🌏 https://t.co/X3ooqlemEB   WA https://t.co/oahjmRdQwP  #karanganbungarembang #floristrembang #bungapapanrembang #infoseputarrembang #rembangupdate #tokokaranganbungadirembang #GunemRembang https://t.co/C0B5ssNSOX,
@cordova_media @TadhgHickey Mirip kondisi rempang yg mau diambil bahlil.,
"@BangPakat misal nih, misal, kalo jokowi cuma jawab “masa urusan kayak gitu ke presiden, harusnya kapolri” seperti pada kasus rempang kemarin, kira kira anda gimana? xixixi",
@hekahert Bergeser untuk kehidupan yg lebih baik  #rempang #rempangsehahtera #kepri,
Toko karangan bunga di Rembang ☎️081215758846  Karangan bunga HUT TNI KE 78   🌏 https://t.co/X3ooqlemEB   WA https://t.co/oahjmRdQwP  #karanganbungarembang #floristrembang #bungapapanrembang #infoseputarrembang #rembangupdate #tokokaranganbungadirembang #PamotanRembang https://t.co/uKeT2teaWw,
Toko karangan bunga di Rembang ☎️081215758846  #HUTTNIKE78 #koramilSedanRembang #tokobunga   🌏 https://t.co/X3ooqlemEB   WA https://t.co/oahjmRdQwP  #karanganbungarembang #floristrembang #bungapapanrembang #infoseputarrembang #rembangupdate #tokokaranganbungadirembang #TNI https://t.co/sWLqZ8vjBP,
"@BSbukit @anton_harjo Warga melayu pun pendatang di rempang. Sebelum jembatan balerang jadi di tahun 98, pulang  itu sedikit yg tinggal dan semuanya rumah liar. Entah kenapa sekarang jadi banyak dan tetap saja semuanya tidak punya sertifikat tanah karena mereka menempati tanah yg bukan milik mereka",
"@Dennysiregar7 Bagus itu bang, jadi para perusuh NKRI sekarang terpecah konsentrasinya tdk fokus di Pilpres dan Rempang",
"Tak Mau Jadi Rempang Kedua, Warga Rumpin Mengadu ke Fadli Zon soal Konflik dengan TNI #TempoMetro https://t.co/rMTDkPBOkh",
Warga Rempang Ungkap Utusan MEG Bak Preman Main Ukur Lahan: 'Bawa Golok Ngaku Mau Masuk Hutan' https://t.co/25CyExLaSQ,
"@HutajuluP27080 @STresnowat101 ga ada yg bodoh om, bukannya di sosmed juga rame soal rempang dan kalimantan? kalo om mau bilang bodoh sampaikan kata itu kpd aparat dan pemerintah 🙏",
"@SoftWarNews Bantu palestina tapi jangan lupakan UU omnibuslaw, rempang galang,",
"@NataliusPigai2 @kamila72040 BKPMI = BAHLIL KRIMINAL PENJAHAT MEMBAHAYAKAN INDONESIA, MENUDUH RAKYAT MELAYU REMPANG &amp  BATAM SBG PREMAN, KRN MELAKUKAN SERANGAN BALASAN DEMI MEMBELA RAKYAT MEMPERTAHANKAN HAK NYA SETELAH DISERANG PASUKAN GABUNGAN TNI-POLRI BERSENJATA LENGKAP &amp  GAS AIR MATA SECARA DIAM² &amp  TIBA²",
Montessori for Multiple Intelligences https://t.co/CV1Zs9iVeS Narnia #MovingEp17 Azizah Abimana KDRT #MyLovelyLiarEp14 #TXTxDior #____ Rempang https://t.co/NtA4GCfLgU https://t.co/FJYSAgtk8b https://t.co/2DZFA243pn https://t.co/GojErEz4nA,
"@HutajuluP27080 @STresnowat101 ORANG YANG BELA PALESTINA PASTI BRLA REMPANG laaah...  yg TOLOL Kayak Eluh nih.... SUDAH GAK BELA REMPANG, PALESTINA PUN TIDAK KAU BELA",
"@HutajuluP27080 @STresnowat101 Keduanya kita bela bahkan semua, gag cuman rempang gosah julid lah",
Menteri Bahlil Lahadalia Berkunjung Lagi ke Pulau Rempang https://t.co/gaIcKheDIm,
"Ada PUNGLI Berkedok Infak di SMKN Rembang, @ganjarpranowo Panggil Kepala Sekolah.  GANJAR memuji siswa yang berani dan Jujur menyatakan di sekolahnya masih ada Pungutan Liar.  #GanjarPemimpinBernyali https://t.co/F9jzmXjYV7",
Boleh nanya Bang? apakah sudah ada pernyataan resmi dari pemerintah kita tentang bela Palestine? Dan siapa yang mengabaikan Rempang? Mohon info linknya 🙏,
Membacakan Nyaring https://t.co/Oi8jl0lCIn #MovingEp17 Narnia Azizah KDRT Abimana #MyLovelyLiarEp14 #TXTxDior #____ Halo-Halo Bandung Rempang https://t.co/LnKJzhAoBi https://t.co/WZK8dblIAv https://t.co/LCqB4lojBf https://t.co/ZbqdpTxPVX,
@NowhereSavior @SoftWarNews Tentaranya masih bko di rempang dan kebun sawit,
Kangan lupakan yg di Rempang dan Seruyan.. 😢,
"@jefry_wnd Kejadian begini bukan cuma terjadi di Papua, di daerah lain juga seperti di Rempang dan di Riau, ini ulah oknum makanya kalo nggak mau kejadian kayak gini jadiin Anies Baswedan presiden 2024 supaya keadilan dan kesetaraan bisa dirasakan seluruh rakyat",
"@prophetofzorck Ini kok kek debat nasab kyai Imad vs pro habaib,gelut antar ulama...pas kejadian Rempang malah ngancam HRS para kyai pro imad,apa twitt/X ini terinspirasi kejadian itu bang?",
@aly_benzema Kita diam ketika ada masalah di Rempang ketika Hamas menyerang Israel kita katakan Allahuakbar ketika Israel menyerang palestina kita katakan jeonic mana yang benar,
@hekahert Untuk masa depan yg lebih baik  #rempang #rempangsejahtera #kepri,
"Saya sarankan seluruh sekolah-sekolah dasar di 🇮🇩 menerapkan hal ini, setelah kejadian gas air mata nyasar di Rempang kemarin.",
Pak @ganjarpranowo selesaikan aduan pungli SMK Negeri di Rembang Dimana Pak Ganjar berhentikan Kepala Sekolah SMKN tersebut yg terbukti mengadakan pungli. #GanjarPemimpinBernyali https://t.co/pLHzeyF5Rh,
"@WilliamGuido3 @kumparan Dia mah kerja digaji ratusan juta bukan berkorban, lihat hasilnya warga rempang tergusur. Kl berkorban ky' pahlawan kemerdekaan sm korban G30/SPKi, TKI/TKW noh br disebut berkorban",
@STresnowat101 Abaikan palestina mari kita bela Rempang dan serukan kalimantan,
@STresnowat101 Alangkah bodohnya kita bela palestina rakyat Rempang kita abaikan,
"Pelajaran utk para pendukung capres @aniesbaswedan @prabowo dan @ganjarpranowo jgn memanfaatkan kjadian yg mnimpa sdr² kita di #Palestine dan sdr kita di #rempang utk tujuan kmpanye, mnaikan elektabilitas,  dan Mnarik simpati dr netizens, sungguh tdk elok bila itu dilakukan",
"70 Persen Warga Pasir Panjang Rempang Bersedia Direlokasi, DPR Bilang Begini https://t.co/6AU16X2s4y",
Israel-Palestine in a nutshell itu gak lebih dari konflik wadas atau rempang yang dikali lipatkan 1000 ketegangan dan kebrutalannya serta pesertanya jadi antar negara.....,
"Konflik Rempang menjadi satu dari sekian konflik agraria yang memarginalkan masyarakat adat yang memiliki hak untuk mengelola wilayah mereka sesuai dengan kearifan lokal di sana. Namun , marjinalisasi masyarakat dalam konflik agraria tidak hanya berdampak pada suku-suku asli -c",
@izzahasahri AKUN BUZZER ANJING ... BUZZEER PKI SEBAR HOAX... BUZZEER LAYAK DIBURU SAMPAI LIANG LAHAT.  PENJAJAH REMPANG.. BUZZEER PKI https://t.co/pd6aWJOGvn,
DPR RI Budeq &amp  Tuli soal Rempang pdhal kasus ini berpotensi disintegrasi Bangsa. Bangsa Melayu marah P. SUMATERA BISA MERDEKA. Wakil Rakyat berasal dari P. Sumatera kalian jgn Onani aja. Bicara dan bantu Rakyat.,
"Ketegasan  @ganjarpranowo  yang membebastugaskan Kepala Sekolah SMKN 1 Sale, Kab. Rembang karena melakukan pungutan liar (pungli) berkedok infak mendapat apresiasi dari NETIZEN.  Mereka mendukung langkah tegas yg diambil Gubernur Jateng dua periode ini.  #GanjarPemimpinBernyali https://t.co/OhqGiVI6MU",
@voiceofpkb @aniesbaswedan @cakimiNOW Rempang tanah leluhur mereka masyarakat melayu. Jangan biarkan kepemimpinan sekarang dilanjutkan negerasinya. AMIN sokusinya,
masyarakat rempang bukan yang bisa dipindah semaunya hanya demi kepentingan pemilik modal #KebijakanLalimSengsarakanRempang  #RempangKorbanKapitalisme #IslamSelamatkanPerempuanRempang,
"Knp harus tulis konohA. Kok tidak di NKRi yg digawangi presiden skr 'BAJINGAN TOLOL' by @rockygerung, atas ReMPaNG, SeRuYaN, mungkin akan menyusul lokasi lain ? Nggih nopo mboten pak @jokowi ?",
"@Widino Bisa kirim ke rembang, rembang gak ada kayak gitu",
"Ternyata Proyek Rempang, Bagian Penjajahan China di Indonesia https://t.co/tG3T20W5s4",
@OmJ_JeNggot Wah... harus cepat2 merdeka itu....kalo nggak nasibnya kaya rempang,
@Malika6027 Nanti kalo dia sehat saudara kita yg di Rempang di buldozer.,
@TuanBarat @tvOneNews Sok tai luhh... Masalah Rempang aja lu kaga ngarti.. Malah nyalahin org negara laen.,
"@AgusYudhoyono Pejajahan berkedok Investasi juga ada tum. Rempang, Seruyan dan lainnya giman ni Tum.. klo yang jauh kita hanya mampu memberikan do'a dan dukungan. tapi di negara Indonesia dgn status oposisi saat ini apakah gak minat bersuara? seruyan baru makan korban kmarin mw tunggu dmn lg.?",
@PastiNgibul @Bro_Lucky86 @MardaniAliSera Gue nanya loe drun. 🤣  Siapa yg melakukan agresi di rempang?,
"Ada yg jual anakan kalkun area Pati, Rembang dsk gak ya :)",
"Tiba2 aku kepikiran lagi, ingin membuat media online....  Media lokal. Mrmbahas tentang problematika dan krunikan Rembang.",
Melihat fakta : Km50  Korban Mei 2019 130 mati di Kanjuruhan Terusiknya warga Rempang dan warga Kalimantan demi konglomerat layaknya melihat tentara Israel memopor anak Palestine yang hanya memegang batu demi pertahankan hak atas tanah leluhur. Tapi kabur melihat  KKB. BANCI.,
@Humairah_922 Dalang rempang,
"Ganjar Pranowo mengambil sikap tegas terhadap Kepala Sekolah SMKN 1 Sale, Kabupaten Rembang dengan dibebastugaskan dari jabatannya  Hal ini terkait pungutan liar atau pungli berkedok infaq ke siswa ~ #GanjarPemimpinBernyali https://t.co/JZdaIX9vdh",
@T007bond @VIVAcoid Pasti 81% yg puas disurvey itu bukan : - Warga Wadas - Warga Rempang - Warga Lombok Mandalika - Warga Labuan Bajo,
"Jika pejuang khilafah ga boleh bela rempang, ditunggu dong pembelaan para pejuang HAM, pejuang kesetaraan, dan para pembela NKRI harga mati..  #KebijakanZalimaSengsarakanRempang #RempangKorbanKapitalisme #IslamSelamatkanRempang",
@Miduk17 Giliran warga rempang mau diusir mingkem,
@Miduk17 Jualanmu basi duk selagi kau mingkem soal Rempang koruptor ektp Harun masiku dll,
Masyarakat Rempang bukan barang yang bisa dipindah semaunya hanya demi kepentingan pemilik modal.  #rempangkorbankapitalisme,
"Pernyataan Bupati Rembang, terkait penarikan pajak dari tambang ilegal adalah sesat pikir yang tidak peduli terhadap masyarakat korban tambang dan kelestarian lingkungan.  https://t.co/QxEJx8o0t1 https://t.co/WZod57dXYT",
Warga Rempang yang Bersedia Direlolasi Mulai Tempati Hunian Sementara https://t.co/tLOyMK9S6D,
"@stroberidandel tadinya aku pengen kumpulin semua qrt wadas, kanjuruhan, rempang, dsb yang ga kusebut keywordnya langsung, plus ig story, plus postingan2 di @logos_id tentang hak adat  tapi kayakny percuma, niat mereka emang mau jahat aja 😂",
@asdfruby Trs ikutan war di rempang kan wkwk,
"Pembangunan PSN Rempang Eco City dinilai dilakukan secara terburu-buru. Warga diminta meninggalkan kampungnya, sementara pembangunan rumah relokasi belum dimulai. Simak #LiputanTematik #KonflikRempang dalam utas berikut. #AdadiKompas  https://t.co/TtdaG0bVPv",
@BSbukit Sikat.. jgn lengah saudaraku.. kasi pelajaran yg baik supaya dia ga perlu merasa jadi pahlawan bagi perusahaan perampas lahan Rakyat Rempang.,
"Pada hari Senin tanggal 09 Oktober 2023 Bertempat di SMAN dan SMPN di kecamatan kragan  Kapolsek Kragan AKP I.D Wijaya,SH dan para kanit telah menjadi Irup upacara bendera hari senin dalam rangka Police Goes To School Polres Rembang https://t.co/gLfnzAmSxb",
"@Kevin07_M @yoeandha01 @hasyimmah Oke kita ke +62, coba warga rempang itu nasibnya sama kaya dijajah.",
Jempolaaannn buat masyarakat #rempang yang anti provokasi.... #indonesia #IndonesiaMaju  - - https://t.co/K2TNLOB8lX,
@hekahert Relokasi bertujuan meningkatkan kesejahterahan rakyat serta memajukan perekonomian di pulau #rempang   #rempangsejahtera #kepri,
25 KK sudah tempati Hunian Baru  @Li9ayaTalaChes4  @NinzExe07  @DPP_PartaiUmmat  Ariel Ngelunjak Hamas Kompas Running Man Gaza Mauuu Perpanjang Alwi Iran Karni Ilyas Yahudi Israel Ferrari Terobos Kompas #tolakintoleransi #tolakradikalisme #tolakterorisme #NKRI #Rempang https://t.co/VyrTfLZIgf,
Jangan Warga Rempang sejengkalpun keluar dari Rempang. Tidak kita biarkan Rempang jatuh ke tangan Cukong Pemodal Pilpres.,
Jenis2 ganti rugi yang ditawarkan pemerintah kepada warga Rempang  @Li9ayaTalaChes4  @NinzExe07   Ariel Ngelunjak Hamas Kompas Running Man Gaza Mauuu Perpanjang Alwi Iran Karni Ilyas Yahudi Israel Ferrari Terobos Israhell  #tolakintoleransi #tolakradikalisme #tolakterorisme https://t.co/RsNheN9aF8,
Mirip perampasan tanah ulayat di Rempang..,
"Pada hari Senin tanggal 09 Oktober 2023 Bertempat di SMAN dan SMPN di kecamatan kragan  Kapolsek Kragan AKP I.D Wijaya,SH dan para kanit telah menjadi Irup upacara bendera hari senin dalam rangka Police Goes To School Polres Rembang https://t.co/MoCzUHH4Zb",
@AREAJULID Mirip kasus di rembang pasuruan tapi kawin kontrak sih wkkkwmmw udah dinikahi Malam tidur bareng pagi ngilang emang udah komplotan ternyata,
"Progres Rempang Eco-City, 25 KK Sudah Tempati Hunian Sementara https://t.co/b2anYDa1jn",
"“Satu jengkalpun kami kami tidak boleh terangkat dari Rempang Galang ini,” kata dia.  https://t.co/OcpQ71dftm #edisibatam #batam #rempang #relokasi #melayu #galang",
"Jika pejuang khilafah ga boleh bela Rempang, ditunggu dong pembelaan para pejuang HAM, pejuang kesetaraan, dan para pembela NKRI harga mati...  #KebijakanLalimSengsarakanRempang #RempangKorbanKapitalisme",
@kegblgnunfaedh Gua sih lebih peduli rempang,
Catatan Walhi Terhadap Proyek Rempang Eco City dan Bentrok di Seruyan #TempoNasional https://t.co/YTvAy0la1r,
"@NikoAkmal yg bohong di siang bolong seperti itu, kenapa ga dilaporkan aja ke polisi! kan gampang, suruh dia hadirkan tuh 70% warga rempang klo dia ga bohong!",
hidup yg layak harus diperjuangkan.   #rempang #Palestina dan mereka yang masih tertindas. LAWAN!,
"@ruhutsitompul Maksudnya kekerasan yg terjadi di Wadas, Rempang, Kalimantan dll ya kek...",
"Bismillah  MasyaAllah Tabaraqallah 😍 Indah nya Pulau Rempang dan Galang.  Pulau begini cantik bisa rusaklah jika ada pabrik kaca, astaghfirullah 😔 Tenggelam nanti pulaunya, habis pasirnya di keruk bikin kaca!!  Rusak nanti alam nih.. Hadeh... Otak dimana otak‼️  #SaveRempang https://t.co/Yc3FiXp4Xd",
"@jokowi @mohmahfudmd @KementerianLHK @Yusrilihza_Mhd @puanmaharani_ri  @bpbatam Salam reformasi  kok bisa jadi blunder dan KELIRU , BPbatam telah menyerahkan 17 H p.rempang kepada PT MEG termasuk 10 ribu H hutan lindung atas dasar apa ngak JELAS? https://t.co/Kd6ug1eSCN",
"Apresiasi Upaya BP Batam, Menteri Investasi RI Tinjau Hunian Sementara Warga Rempang https://t.co/8seaYCmz5M",
Membacakan Nyaring https://t.co/Oi8jl0lCIn #MovingEp17 Narnia Azizah KDRT Abimana #MyLovelyLiarEp14 #TXTxDior #____ Halo-Halo Bandung Rempang https://t.co/LnKJzhAoBi https://t.co/b5Nj9aU6GM https://t.co/753o52TFWL https://t.co/55FDLlHMA1,
"@tempodotco Utk smntra amanlah rempang..  ttp waspada .. klw2 siuman, ngigau,  kluar  perintah buldozer,  gawat jg...",
"@Malika6027 Alhamdulillah yg di tungu2 telah tiba, mudah2n luhut cepat di cabut ye Allah, biar tau betapa tersiksax kalau warga rempang mau di gusur pakek buldoser. Luhut benar2 meresahkan masyarakatx/ rakyat indonesia.",
"Ya seperti kita ketahui Abu Janda ini ada di kubu PS dan KIM (Koalisi Indonesia Maju). Apakah ini merepresentasikan pandangan koalisi? Pro zionis, pro penjajahan.  Jadi gmn nasib Rempang, Wadas, Seruyan, dan tanah2 rakyat yg sedang dijajah di negeri sndr klo terpilih?  #AMIN2024",
Malam Senin dan Malam Jumat... kami Tetap Buka Pelayanan yes..  #samsatrembang #bapenda #newsakpole #dulurmassajak  #inforembang https://t.co/AXf5nRSkef,
"@anismatta Saya salut dan bangga terhadap Pak @prabowo yang simpatik terhadap Palestina,untuk itu di tahun 2024 saya akan tetap mendukung nya sepenuh hati untuk menjadi MenHan...  NB : KKB Papua dan Rempang...?",
Pulau rempang,
"@Li9ayaTalaChes4 Bahlil kata masyarakat Rempang pembohong, terus siapa dan lembaga mana yg bisa mengadili kebohongan si Bahlil...🤔🤔🤔",
"@BangPakat yg begini kok sepi pembelaannya dari ormas2, gk spti di Rempang ???",
"@t_yudehis Yaitu, tinggal dicek aja kenapa tu taipan2 butuh liquid asset ketika yg laen anteng bae, TW aja kesangkut rempang cuma cengar cengir wkwkkwwk",
"@Tita83079013 @jokowi Pidato model kuno, lagi pula mana muda mudi pulai Rempang ?",
@liputan6dotcom Bagai mana Rempang ini Kasusnya sama pemerintah mencaplok hak Rakyat nya sendiri jangan mengajar bebek berenanglah,
"Yusuf Tri Aji, luhkan Kab. Rembang tgl. 23/5/23, Di POKDAKAN Berkah Jaya DS. Babadan Kec. Kaliori. Pendampingan dan Pembuatan Badan Hukum kelompok untuk persyaratan penerima Hibah DAK tahun 2023 @puslatluhkp @PKBLU_bp3tegal #luhlapor https://t.co/plY9gxXS6Z",
Ungkapan dan Harapan Warga Terdampak Rempang Eco City yang Bersedia Direlokasi https://t.co/iZ5PKLw8gU,
Doakan Gaza tapi jangan lupa kita doakan pula Rempang dan Seruyan.,
Buku Librari Ori - Muslimah Bukan Agen Moral https://t.co/h3DI4BteYD WR 1 Batik Air Kapolsek Rempang #AniesMuhaimin2024 Jenglot Miring #HongKongOpen2023 Narnia https://t.co/x2DPqfJKcN https://t.co/wWPqCwf4i4 https://t.co/rQmlspkoBA,
"@ArieMutyara Baru muncul si janda. Masalah rakyat zionis israel sangat peka, sgt peduli.  Eeh... masalah rakyat Rempang-Galang buta bin tuli.  Nama ini di catat ya dalam sejarah kalian.",
Buku Librari Ori - Muslimah Bukan Agen Moral https://t.co/h3DI4BteYD WR 1 Batik Air Kapolsek Rempang #AniesMuhaimin2024 Jenglot Miring #HongKongOpen2023 Narnia https://t.co/CxVLTbTmew https://t.co/lAUoGfenud https://t.co/c0m2GZzH5D,
"@DeHoutman_id Berarti rempang di jajah sm investor dong blok, lu dah bela blm bahkan sblm ada Indonesia berdiri masyarakat sana udah ada.",
Sebuah cerita tentang perampokan tanah palestina oleh yahudi. Tapi kok jadi mirip ke Rempang ya ?,
@BSbukit Jadikan pepes Masak warga Rempang takut dng preman Dng penjajah dlu kakek mereka g pun takut,
"BACA: Konflik lahan mirip kasus Rempang, dari proyek UIII Depok hingga konflik Rumpin. https://t.co/trq6IiPbc9",
"Kalau Tangerang berasa begini, jujur ga kebayang di Rembang akan sepanas apee yaaak😭",
Para preman yang diduga mengintimidasi warga (7-8 okt 23) di #Rempang diduga suruhan dari oknum BP Batam.   Karena PT MEG belum melakukan aktivitas/kegiatan apapun di #rempang guys   https://t.co/bxWECTA9Hr,
"Kegiatan ini dihadiri oleh: 1. Wakil Bupati Minahasa Selatan Pdt. Petra Yani Rembang  2. Kepala Kejaksaan Negeri Minahasa Selatan yang di wakili Kepala Seksi Perdata dan Tata Usaha Negara Bapak Arilasman Cornelius, S.H., M.H.  3. Dandim 1302 Minahasa yang diwakilkan ",
@arcane_whim Niatnya di freed Rempang sama IKN ga sih biar idung cangkok lanjut berantem sama aguanbros 😂😂,
https://t.co/X5X2FneUme ada ratusan bahkan ribuan kasus perampasan tanah'lahan milik pribumi di REZIM INI semoga saudara2ku rempang.kalteng dan berapa banyak lagi yg bakal menyusul KALIAN HARUS MELAWAN https://t.co/G15GRgoizJ #GerakanNasionalPribumiBangkit #TurunkanRezimOligarki,
@tanyarlfes Ngarep rakyat Palestina menang tuh sama kyk ngarep warga Rempang menang lawan tommy winata. Agak sulit tapi sangat mungkin.,
"@lapen_melon @CNNIndonesia itulah peran pemerintah, harusnya bisa jadi penengah untuk memberikan solusi terbaik bagi warga terdampak dan juga investor, kasus yang ada di rempang mungkin bisa jadi contoh agar kedepannya proyek investasi bisa direncanakan dengan lebih baik",
"Kondisi rakyat Rempang yang terancam diusir dari tanahnya sendiri yang telah didiami selama berpuluh-puluh tahun menyisakan tanya bagi kita, siapa yang berdaulat di Rempang?  #KebijakanLalimSengsarakanRempang   #RempangKorbanKapitalisme   #IslamSelamatkanPerempuanRempang",
[LIVE] AQSO Edisi Spesial: Ditemukan Jejak Melayu Rempang dalam Dokumen ... https://t.co/0gSzkbnWKQ lewat @YouTube  #kemanusiaan #HumanityFirst #History #sejarah,
@tvOneNews Jangan mau warga Rempang.  Mari sama2 menahan diri. Musyawarah dan mufakat harus kita kedepankan. Begitu kira2 pak moeldoko. Jangan proyek besar2 aja di gagas. Mentang2 akhir periode sudah mendekat. Hihi,
@rindu_kampungku Boro boro ke Palistina perang donasi ongkos aja lewat ACT di korupsi .. palingan Hamas lokal ke Rempang Batam jadi provokator masyarakat.,
"Bismillah  Bahlil Sebut 70 % Warga Pasir Panjang Pulau Rempang Setuju Digeser..🤔  Vd 1: Warga Sembulang Mengklarifikasi bahwa Pernyataan BahLiL itu tdk benar‼️  Vd 2: Kesaksian Warga yg di datangi Preman yg membawa Parang itu benar adanya, &amp  mengaku dr PT MEG‼️  9 Oktober 2023 https://t.co/foeg9PVVfi",
"Halo #SobATRBPN ,  Berikut kegiatan PELATARAN (Pelayanan Tanah Akhir Pekan) Kantor Pertanahan Kabupaten Rembang pada Minggu, 8 Oktober 2023.  Jam pelayanan PELATARAN : Sabtu - Minggu 09.00 - 12.00  Bagi pemohon yang ingin mengurus sertipikatnya sendiri yaa..  #PELATARAN https://t.co/FZGKpBm67p",
"Halo #SobATRBPN ,  Berikut kegiatan PELATARAN (Pelayanan Tanah Akhir Pekan) Kantor Pertanahan Kabupaten Rembang pada Sabtu, 7 Oktober 2023. https://t.co/81SdD1sI3j",
@AntoManto86 @ZainAris @ShenoWirang Lu kira IKN jelas? Lu kira Rempang Jelas? Mau gua sebutin lagi Proyek2 yg masih Abu2? Caramu membela seseorang kok mencari kesalahan Orang lain. Urusan SBY dulu gak ada Konteks dengan Topik pembahasan Bos. Fokus aja dengan Topik. Atau gak minum aqua Dulu..,
"@TheEagle_BEN Boro2 ngurusin atau peduli Palestina, rakyat Rempang dan Seruyan saja tutup mata. Kepeduliannya hanya PSN Ikaen dan kercep....👎👎👎",
@CNNIndonesia Mulut dan hatinya sudah busuk semuanya mau bicara apapun masyarakat Rempang tidak akan mundur selangkah pun,
"@achinagra Pdhal  di usir trs setiap kl dia ke Rempang, tp gk ada rasa malu",
@ekowboy2 Oi vidio ini kau jual untuk menggambarkan Rempang. Sekarang kau bilang pwndukung wan aibon,
"@ekokuntadhi1 Sok2 an lo BuzzeRp bayaran, pikirin rempang jauh amat otak lo🤭🤭",
"Namun, kedatangan pemerintah ini diartikan oleh warga sebagai langkah untuk melakukan relokasi. Baca berita selengkapnya tentang #KonflikRempang yang berjudul Menyelesaikan Kasus Rempang dengan Mengedepankan Aspek HAM"" dalam tautan berikut. #AdadiKompas   https://t.co/uxcUY5rYvT""",
Masyarakat Rempang bukan barang yang bisa dipindah semaunya hanya demi kepentingan pemilik modal.  #KebijakanLalimSengsarakanRempang  #RempangKorbanKapitalisme  #IslamSelamatkanPerempuanRempang,
"Sowan Habib wali qutb. Mendoakan palestina, mendoakan rempang, mendoakan semua yg terdzolimi. Jalur langit Dekengan pusat..  Jalur bumi wis angel son.. https://t.co/IcQCrylly2",
"Tahap awal sakit dulu situa bangka LBP penjajah Rakyat REMPANG, kita nntkan tahap berikutnya, krn telah berbuat banyak kedzaliman kepada rakyat NKRI,   SEMOGA TDK KEMBALI LG KE NKRI  https://t.co/xyaElWxX71",
bahaya kalo Gerombolan si Nganu Tau   Bisa² warga pada diusir dan mau dipiting semua kayak kejadian Kalimantan Rempang dan yg lain https://t.co/h8RVCYO0Pd,
@OposisiCerdas Lulus Sarjana wae ora... Sok cawe cawe. Gampang... duuul. Rempang dicepatin eksekusi yo amargo titipan... gampang mahamine,
@ommi_siregar alasan yg sama dg penduduk Rempang..,
"@toe_giman Penggiringan opini deh keknya. Lawan dengan video² aksi penolakan masyarakat pulau rempang, sebab klo didiamkan hoaks yg dilontarkannya akan dianggap seakan warga rempang betul setuju relokasi.",
"Pada tahap pertama proyek Rempang Eco City, akan dibangun industri kaca. Proyek ini sendiri merupakan bagian dari program hilirisasi nasional untuk bahan pasir kuarsa dan silika.  #KonflikRempang #AdadiKompas",
"Baru tahu kalau ternyata di bawah tanah Rempang ada gudang minyak. Astagfirullah zalimnya pemimpin kami, kita tidak boleh diam saja, tanah kita di jual...! Hoi !  https://t.co/17h9vSRfCW",
"Kawasan Rempang dan Galang adalah wilayah kerja dari BP Batam. Sehingga Hak Pengelolaan Lahan (HPL) Pulau Rempang berada di BP Batam. Hal itu disampaikan oleh Kepala Biro Humas, Promosi dan Protokol BP Batam, Ariastuty Sirait. https://t.co/6wha8m3T8c",
"@AmaniLalaland tanah tak bertuan"" dari hongkong... pemukim Palestina itu punya Surat Tanah .. sama aja kau sama Luhut/Jokowi... warga rempang tak punya sertifikat tanah ... layak diusir 🤢🤮 asli mau muntah gua https://t.co/VRDSDTQPLI""",
RESMI MELAYU MALAYSIA SAUDARA JAUH ARAB SIBUKNYA BUKAN KEPALANG TAK ENDAH KESENGSARAAN SAUDARA MELAYU PALING DEKAT DI PULAU BATAM REMPANG  #RITMA #PUISI #SASTRA https://t.co/vkgxiWEL6Q,
"Solidaritas untuk Palestina, Papua, Rempang, Seruyan, dan seluruh umat manusia yang merasa terjajah dan memutuskan untuk melawan dengan apa yang mereka punya.",
@CNNIndonesia Pak @Bahlil rugi kalau PSN di rempang tidak jadi.,
"Bahlil kembali klaim kl 70% Warga Rempang stuju direlokasi. . Masyarakat Rempang menanggapi kl itu BOHONG.  Lgpula mn ada Meterai 6 ribu, jd ketahuan banget bohongnya 🤦🏼 https://t.co/DrSBqlkPuy",
@yo2thok Jauh2 dari eropa caplok tanah asli org palestina..yahudi2 ..keterlaluan..persis kaya di sini orang rempang udah berabad2 tinggal di sana..sebelum nkri merdeka di suruh pindah..itulah kelakuan orang yahudi di eropa..ko di tiru oleh negeri ini..jgn2 ada permaenan yahudi pesek..,
"Pemerintah klaim 300 dari 900 KK setuju relokasi (geser). Ini kebohongan besar. Kami mendengar langsung ketika bertemu warga, mereka mengatakan tidak betul klaim tsb. Video2 sbb ini dikirim oleh tim di lapangan. #rempang https://t.co/KEuEMauzwb",
Segera keluarkan BANG LONG pahlawan rakyat REMPANG  https://t.co/f5JwGmUd9L,
@caratsmarket ada dino nih dom rembang jateng  https://t.co/oCv0xHicup,
"Masyarakat #rempang yang tinggal lama di wilayah Rempang dan ingin berpindah ke lokasi baru yang disediakan oleh BP Batam, mendapatkan manfaat yg dijanjikan oleh pemerintah.  Pemeritah selalu memperhatikan kondisi &amp  kebutuhan masyarakat Rempang Batam.  @jokowi @bahlillahadalia",
@Heraloebss Usut tuntas kasus penembakan warga masyarakat Rempang.,
"Satu bulan lalu, konflik pecah antara aparat dan warga lokal di Pulau Rempang, Kota Batam, Kepulauan Riau. Konflik ini bersumber dari rencana pembangunan kawasan industri, jasa, dan pariwisata dengan nama Rempang Eco City. #KonflikRempang #AdadiKompas",
@pianlauding @convomf jangan bg kemaren kasus rempang imbasnya internet sekepri dimatiin sehari kek zaman purba 😭😭😭,
Ini perlunya Posko yg aktif melakukan transfer Informasi untuk Publik. Agar Publik bisa ramein tindakan Offside lewat sosial media  Saat ini disinyalir Preman sudah mulai terjun di Rempang  https://t.co/FMf7s50ece https://t.co/Xzt7aUDWSK,
"@rizahariati @liputan6dotcom Lah, rempang  dan papua beda bu sama palestina.  Iya terus kalau kata ibu gak bisa apa apa lantas bagaimana?  Ketika ada yang mencuri di rumah ibu, ibu diam saja gitu? Atau ibu berkata  Silahkan diambil dengan senang hati"" Gitu?""",
"@DeHoutman_id Tulisan lo jgn sampe kebaca sama warga melayu rempang, tar MALU lo.",
@Android_AK_47 Nyaho sia .....Rakyat rempang dilawan  !!!! KUALAT ....  !!!,
"Masyarakat #rempang yang telah menempatkan lokasi baru, lokasi masyarakat Rempang digeser ke lokasi baru yang disediakan oleh BP Batam.  Semua yang telah  dijanjikan oleh pemerintah, telah diterima oleh masyarakat Rempang Batam   Situasi keamanan di Rempang kondusif https://t.co/vPO9XZ5TEh",
"@Dandhy_Laksono PALESTINA melawan penjajah asing Papua, seruyan, rempang, wadas dll melawan penjajah sebangsa setanah air",
"Belum Rampung Soal Rempang, Persis Sebulan Aparat Bentrok dengan Warga Seruyan, Satu Orang Tewas #TempoNasional https://t.co/apioXs6lNs",
"@hekahert itu tugas walhi utk mengusut penebang liar di rempang""",
"Mantab mas bro @cakimiNOW, siapapun bisa tersangkut masalah, judulnya Anggota Dewan, yo mesti kudu jd contoh, masa keluar ReL yo wajar klo harus 'NoN AktiF', ra ngerti Piye PresideN skr dg kebijakan menyimpang kok jik menjabat (STOP REMPANG) ? Nggih nopo mboten pak @jokowi ?",
"Baca berita selengkapnya yang berjudul Mayoritas Warga Rempang Menolak Relokasi"" dalam tautan berikut.  #KonflikRempang #AdadiKompas   https://t.co/nWI1rDZ0mU""",
Kangen seblak prasmanan rembang,
"Anak ini belum tahu apa2. Tdk ada campur tangan asing. Justru Thailand &amp  Malaysia mau bangun Terusan antara laut Andaman &amp  Teluk Siam di Provinsi Hatyai &amp  Patani , Selat Melaka Mati. Singapura siap2 jd  Financial Centre spt Swiss. Bilang saja Anda tdk sanggup urus  Rempang. https://t.co/710naK4ydu",
"Lagi dn terulang lgi,blm hilang ingatan kita tragedi Rempang, kali ini terjadi lg menimpa warga Bangkal Seruyan Raya Kalteng. Kriminalisasi dn tindak kekerasan oleh aparat kepolisian. Pak Presiden @jokowi dimana keadilan bagi seluruh rakyat, pak @ListyoSigitP apa ini prosedurnya? https://t.co/pVFgVWVNBz",
"Menteri Investasi dan Kepala Badan Koordinasi Penanaman Modal Bahlil Lahadalia mengklaim Sekitar 70% warga Pasir Panjang, Rempang, Batam, Kepulauan Riau siap dipindahkan ke Tanjung Banun.  #SmartNews @KATADATAcoid https://t.co/RW89D84GIW",
"Tenggat waktu untuk merelokasi masyarakat Pulau Rempang ke Pulau Galang,  yang dijadwalkan pada 28 September, batal atau tidak jadi dilakukan.  https://t.co/WMjk62wZrA",
@BSbukit @bahlillahadalia dan @atr_bpn Maen Pakai Preman di Rempang Batam @KantahKotaBatam TNI dan polri Tak mempan,
"@wallarches @PartaiSocmed Karena mau nutupi rempang, jadi kasus porno dinaikkan",
Beda Rempang beda lagi di Sumatra Utara.. https://t.co/UospYl8ALI,
"@BSbukit @Gojekmilitan Kalo orang rempang galang melawan, macam mana nasibnya preman preman ini….",
"بِسْمِ اللهِ الرَّحْمٰنِ الرَّحِيْم  *UMMAT LEADERS' CLUB PRESENTS*  Webinar : *_Class Action_ Warga Rempang : Menggugat Pemerintah Salah Urus Rakyat""*   Daftar ke nomor whatsapp 0813 8897 2424 Atau Klik ini = https://t.co/xqGliLZCK7 https://t.co/JoJIRApc6s""",
"Ckckck, Tukang Hasut Bayaran @firzahusainInc lagi sebar disinformasi,goreng berita dg narasi sendiri,bangun persepsi liar kilik sana-i. Bs jd sesuai pesanan Juragan. Cb alihkan isu konflik aparat vs warga di Kalimantan &amp  Rempang. Hy terjadi di era rezim Pembohong @jokowi. Waras? https://t.co/izaYn6y74o""",
"Mayoritas warga di Pulau Rempang, Batam, Kepulauan Riau, menolak digusur. Ombudsman Perwakilan Kepri menyatakan lebih dari 70 persen warga di lima kampung tua menolak digeser ke kampung lain untuk pembangunan tahap I Rempang Eco City. #KonflikRempang #AdadiKompas",
"@bianca01403 PKI tidak menginginkan hadirnya Islam.Mereka anggap Islam menggagalkan semua usaha PKI,yang menurut mereka ,apa yang di lakukan semua benar.Termasuk mengusir Penduduk tanah Rempang,bikin IKN dan merampas hak tanah milik rakyat di Mandalika.",
@passrembang Aq jg rembang kak.. siapa tau bisa lanjut,
@DoankWarto gara-gara Bahlil rempang,
"@John72994853 @WagimanDeep212_ Mereka mah micek bin mbudeg dengan apa2 yg yerjadi di Rembang, Wadas... sebagaimana pendahulunya yang sama2 micek bin mbudeg soal Rempang, Komodo, dan yg terakhir kmarin",
@dee_jacobus @MardaniAliSera Termasuk Rempang dong ya..?? Mereka wajib mempertahankan tanahnya,
Rempang Menulis Air Mata Luka Nestapa dalam Sejarah Kelam (Studi Kasus Proyek-PSN-Rempang Eco City-Xyni-China) Bagian 2 dari 4 Tulisan https://t.co/XaIsazcbje  #tjimanoek #tjimanoekcom #rempang #proyekstrategisnasional #wargarempang #investasi #china #xinyi #tiongkok,
"Pada hari Senin Tanggal 09 Oktober 2023 Jam 07.00 Wib bertempat di Halaman SMP N1 Sarang berlangsung giat Upacara Pengibaran Bendera dalam rangka Police Goes To School Polres Rembang. Kapolsek Sarang AKP Pujiono, SH bertindak sebagai Inspektur upacara. https://t.co/tZjtkupBVe",
@ekokuntadhi1 Lumayan bang perusuh NKRI terpecah konsentrasinya dari soal rempang sebagian ke Palestina,
"@NathPribady gw up soal palestine aja bang, soal rempang, kalimantan jg dah gw up ko,",
"📌Hari, tanggal: Selasa, 10 Oktober 2023 📌Pukul : 13.00 - 15.00 WIB 📌Meeting ID: 957 4832 4154 📌Passcode: rempang  📌Link zoom: https://t.co/lB7SkmLIWk 📌Live Youtube streaming:  https://t.co/pV6AHH3fcG",
"Berdasarkan latar belakang tersebut, Pusat Riset Politik BRIN akan mengadakan webinar dengan topik *“Konflik PSN Rempang Eco City: Mengejar Investasi, Meninggalkan Masyarakat Sendiri?”*, yang akan diselenggarakan pada:",
"Salah satu PSN yang memunculkan konflik yang melibatkan masyarakat dan pemerintah adalah pembangunan Rempang Eco City di Pulau Rempang, Batam, Kep. Riau.   Untuk itu penting untuk mengetahui mengapa konflik tersebut bisa terjadi dan bagaimana seharusnya kebijakan pembangunannya?",
#KebijakanLalimSengsarakanRempang #RempangKorbanKapitalisme #IslamSelamatkanPerempuanRempang #rempangbatam #rempangmelawan #rempang,
@OposisiCerdas Semoga LBP tak diangkat penyakitnya.. diberi kesabaran menahan sakitnya... menderita selamanya melebihi penderitaan rakyat rempang dll yg terdzolimi olehnya...,
"Ceu Aga, namanya . orang subang 😣😭🙇🏼‍♀  rempang Luhut gempa panas Limpo prabowo pdi kaesang Ganjar anies jokowi jessica mirna tiktokshop gibran islam hamas israel IKN https://t.co/pQPnsadjhP",
@dedebuldan Rakyat Rempang juga masih harus terusir oleh kolonial  ?,
"Pemerintah akan memindahkan 950 keluarga di lima kampung tua tersebut ke Kampung Tanjung Banun yang juga terletak di Pulau Rempang. Namun, sampai sekarang pembangunan perumahan relokasi belum juga dimulai. #KonflikRempang #AdadiKompas   https://t.co/D3sagmo9cE",
"@HmfaqihA Lanjutkan hutangnya, lanjutkan gusur rempang, lanjutkan miskinkan jateng nya, lanjutkan hgu 160 tahun..",
@bahlillahadalia Sebenarnya siapa yang preman...??? #saverempang #rempang https://t.co/76do2eYjDq,
"Proyek Strategis Nasional (PSN) Rempang Eco City bakal dibangun di Pulau Rempang dengan nilai investasi ratusan triliun rupiah. Nota kesepahaman itu ditandatangani Badan Pengusahaan Batam, Pemerintah Kota Batam, dan PT Makmur Elok Graha (MEG) pada 2004. #KonflikRempang…",
Khabar #rempang  . #batam #galang #rempang  #kepri #relokasirempang https://t.co/7oB0jJPHzD,
"@kompascom @msaid_didu Ayo pak lawan terus @jokowi jangan cuma mau enaknya saja,giliran ada masalah cuci tangan spt kasus2 food estate,kereta cepat,rempang dll",
"@apek___ Ayoo mas gibran, ke rempang",
"Suara Efek Rumah Kaca saat Tampil di Tasik, Ajak Bantu Kondisi Rempang-Galang                      Tautan: https://t.co/68BBqtWsvv https://t.co/KMFuhWsUDF",
Cabut konsesi dr REMPANG https://t.co/ZZ1NkGHBXJ,
Cabut k9nsedi dr REMPANG  https://t.co/ruYb090m23,
"@Bambangmulyonoo @Abdoeljegger202 Ngaku kafir, Brewokmu,luh. Luh coba sekali2 posting pelanggaran2 rempang,yg terbaru kalimantan? Warga sipil di tembak mati? Luh bangga kan?..",
"@6undul0h Pk mentri warga rempang wajar mempertahankan tanah kelahirannya,tanah air Indonesia bukan preman yg preman tuch yg mengambil tanah air Indonesia,yg mnjual ke negara lain",
"Kekerasan di Rempang, Seruyan dan di tempat2 lokasi investasi lainnya itu bukan perkara komunikasi tapi perkara konsekuensi logis dari kebijakan investasi yg mengabaikan hak hidup dan ruang hidup rakyat. Ke depan kerja polisi&amp  tentara akan lbh bnyk berperang dng rakyat sendiri",
70 Persen Warga Pasir Panjang Rempang Bersedia Digusur https://t.co/Je408BzZij,
"Diduga Akibat Korsleting Listrik, Gudang Kayu di Rembang Ludes Terbakar https://t.co/bGlUqJ7QFW",
"Rempang belum selesai, kini Seruyan. Itulah hasil kebijakan investasi yg ugal2an",
"Thousands of Indonesian residents on Rempang Island, mostly fishermen, reject a multibillion-dollar Chinese-funded megaproject which may see some villages being completely cleared. #Indonesia  https://t.co/RmktCTLafa",
"Update Relokasi Warga Terdampak Rempang Eco City, BP Batam Sebut 25 KK Tempati Hunian Sementara  https://t.co/3rmlHQHbUW",
"@pundingin Cari yang wilayah rembang, jawa tengah. Ternyata belum ada🥹",
@dawiguna @SekteAxis @barubikinlol Utamakan rakyat Bukan utamakan investor  Semoga Rempang mengikuti jejak yogyakarta https://t.co/Dduj3VOL5u,
70 Persen Warga Pasir Panjang Rempang Bersedia Digusur https://t.co/hrVyKBVqAh,
@sopyan_mr @Jangkrikgengg15 @kompascom Nanti tiba” muncul berita penduduk rempang di teroriskan krn memperjuangkn tempat tinggalnya 🫣,
@ShenoWirang MENANG.....MENANGISLAH KALIAN seperti rakyat Rempang dan kalimantan ! Hutang Bertumpuk² siapa yg bayar ! Kaum Milenial ogah pilih Merah !,
"Belum tuntasnya penyelesaian konflik agraria yang terjadi di Pulau Rempang mendapat perhatian masyarakat. Di satu sisi, publik tetap memandang pentingnya aspek keberlangsungan investasi. @RanggaEkaSakti1 #Survei #AdadiKompas  https://t.co/o2rQi58Pi4",
"relokasi pengembangan Rempang Eco City akan diberikan rumah tipe 45 senilai Rp120 juta. Namun, jika warga memiliki rumah yang nilainya lebih besar atas penilaian dari Kantor Jasa Penilai Publik (KJPP), maka akan diberikan tambahan sesuai dengan selisih nilai rumah",
Penjelasan :  Beredar sebuah pesan berantai WhatsApp yang berisi informasi bahwa warga Pulau Rempang yang terdampak relokasi pengembangan Rempang Eco City harus membayar selisih harga rumah kepada Badan Pengusahaan (BP) Batam. Pada pesan tersebut disebutkan mengenai selisih harga https://t.co/s3VAJLZfjG,
"Satu bulan lalu, konflik pecah antara aparat dan warga lokal di Pulau Rempang, Kota Batam, Kepulauan Riau. @RanggaEkaSakti1 #Survei #AdadiKompas https://t.co/kCd12TjkAA",
"@PresidenKopi rempang gagal, terbitlah rice cooker",
@GeiszChalifah Jangan jangan kompas tulis bertita di pulau rempang sagalang...dgn kata yg sama,
"Salah satu warga, Amlah (105), mengatakan, satu jengkal pun tidak akan bergeser dari tempat tinggalnya di Kampung Pasir Panjang, Pulau Rempang. Pasir Panjang adalah salah satu dari lima kampung tua yang akan terdampak pembangunan tahap I. #KonflikRempang #AdadiKompas",
"sepertinya ini wajah2 impor"" dari daerah tertentu untuk diadudomba dengan warga melayu Rempang? https://t.co/HwsYEp6ZpG""",
"@Dara_Cega @jokowi @ListyoSigitP @mohmahfudmd @DivHumas_Polri Setelah banyaknya kejadian seperti ini mulai dari rempang,bangkal, dll. orang-orang dayak yg mendukung IKN  APAKAH tk pernah berfikir bahwa kejadian seperti ini akan terjadi &amp  menimpa masyarakat adat dan dayak Kaltim?  Sertifikat masyarakat di persulit, Untuk pengusaha gampang.",
"@pluviocorps @Outstandjing Di ig tertulis sedang di KUDUS, masuk akal si kalo orang rembang, mungkin lagi melancong.",
"Kalian haus perang?! Ayo para kesatria, drpd ngebantai saudaramu sendiri demi mereka cukong2 anjing yg berkedok investasi di rempang &amp  kalimantan, mending klean berangkat bantu rakyat palestina yg sedang bertempur mempertahankan kemerdekaanya, ayo jgn jd PENGHIANAT BANGSA! 💪😎",
"Wakil Menteri Agama (Wamenag) RI Saiful Rahmat Dasuki didampingi Kakanwil Kemenag Prov. Jateng Musta'in Ahmad turut dalam kebahagiaan peringatan Maulidurrasul dan Hari Lahir Pondok Pesantren (Ponpes) Al-Anwar 2 Sarang, Rembang pada Minggu (08/10/2023). https://t.co/fhZvyiUTaD",
"Too many malls in Klang Valley. We need more parks, better public transport &amp  pedestrian walkways with trees. Also dekat selangor ni mainly shah alam tak tau tempat lain bus stand design takde bumbung. Hujan &amp  panas rembang kat malaysia ni everyday ya. Agak2 le nak minimalis pun",
"Baca berita #LiputanTematik tentang #KonflikRempang yang berjudul Proyek Kejar Tayang di Rempang"" selengkapnya dalam tautan berikut. #AdadiKompas   https://t.co/D3sagmo9cE""",
"🟠UTAS  Pembangunan PSN Rempang Eco City dinilai dilakukan secara terburu-buru. Warga diminta meninggalkan kampungnya, sementara pembangunan rumah relokasi belum dimulai. Simak #LiputanTematik #KonflikRempang dalam utas berikut. #AdadiKompas  *Tautan ada diposting-an selanjutnya https://t.co/ZuNBQpwPh5",
"Samlekum rempang, bajer anjeng",
"@GreenpeaceID @jokowi Belum selesai rempang, sdh ribut lagi di kalteng, akibat ulah pejabat yg tdk berprikemanusia",
"Sungguh membakar semangat baca timeline bnyk yg mendukung Palestina yg dijajah, trmsk dr dukungan warga +62.  Yuk bisa yuk, warga +62 dukung warga Papua, Rempang, Seruyan, Air Bangis, Wadas, dll.  Kebiadaban Israel thd warga Palestina sama persis yg dialami Papua, dll koq.",
@Mdy_Asmara1701 Jangan seperti kasus di: - Rempang - Kampung Akuarium - Mandalika  Dll,
@OmJ_JeNggot @ArtonArton6 Dari #rempang 1 bulan lalu https://t.co/ozes98nXHu,
"@Dandhy_Laksono selalu ada perlawanan thd penjajah   dimana mana banyak kekerasan  Semoga Alloh berikan kesejahteraan utk Palestina, Rempang, Papua,Seruyan dan siapapun yg terjajah dlm berbagai hal dan kebijakan  Aamiin Aamiin",
"Warga Rempang yang sebelumnya menolak bergeser, sebagian telah menyatakan setuju untuk pindah dan akan segera menempati hunian sementara. https://t.co/dZRNyAyxKC",
"@AndiSinulingga Melayu dan Papua saudara. Tapi, dgn kelakukan Bahlil sebagai makelar investadi dan project besar yg  wakili"" pemerintah, keluar kata kesal dan jengkel dari  kawan2 Melayu, "" eh Bahlil kamu orang papua tak paham Melayu"" kata tokoh masy Rempang.""",
"Akun Bendera, yg NKRI harga mati, soal Gaza yg dibela Israel. Soal Rempang bela Investor. Soal KM50 bela Polisi. Soal Kampanye LGBT bela LGBT. Soal penistaan Agama bela Ahok. Soal KKN bela penguasa. Sebetulnya mereka hewan liar yg ditangkarkan dimana? Najis benar lihatnya. https://t.co/zC4Ki8Wb76",
"@Humairah_922 @tonichan157 Mendo'akan orang yang menzalimi rakyat,bangsa &amp  negaranya ndiri hukumnya sunnah yang terlupakan,mosok jual2 asset negara,rakyat digusur spt menggusur ayam? Demi investasi china? Smw serba china, bukan rempang doang tp jg desa seruyan di kaltim,rakyat justru ditembak sampe mati https://t.co/GRVsF06Z2S",
BP Batam Beri Laporan Progres Rempang: 25 KK sudah Bergeser https://t.co/g2vI89LeTT https://t.co/quzaSPA5Ku,
"Kasus Rempang, Kecamatan Galang, Kota Batam, makin berlarut-larut. Setelah target pemerintah untuk mengosongkan Rempang dari warga pada 28 September gagal, kini masih banyak warga yang menolak relokasi. https://t.co/SzHDi2QCNy #rempang #batam",
@LoudMinorities @ShofwatE Kalau luh bicara ke manusian ngga usah jauh rempang aja luh diam semprul,
"@Heraloebss kasus kanjuruan aja blm jelas sapa pelakunya sekarang ada lagi 😔 rempang apa kabar, apa masih melawan atau sudah takluk ditangan tuan penguasa yg punya uang.",
"Menteri Investasi/Kepala BKPM, Bahlil Lahadalia, turun lagi ke Rempang,  Kota Batam pada Jumat, 6 Oktober 2023, disambut mobilisasi warga dari pulau sekitar untuk menolak relokasi. https://t.co/7sMbi2YJnZ #rempang #batam",
"@Bisniscom Pak Bahlil, tolong didengar, dicerna dan dihayati lagi yg disampaikan pak AB.  Rempang: Juli 23 - ke China. Persetujuan investasi Rempang  Ags 23 - masuk Psn Sep 23 - warga diusir  Cocok contoh yg disampaikan pak Anies. https://t.co/Zus0bHh3lN",
"@HusinShihab @ganjarpranowo Belum ada, tapi sudah ada yg turun ke gorong² main lumpur toh tetap nindas rakyat... Contohnya warga rempang, itu presiden dari petugas partai... #2024NoPresidenPetugasPartai",
"@blank0429 Ya saya berharap warga rempang jgn tergiur bujuk rayu penguasa,karna pasti akan menyesal seperti saudara² kita yg sudah duluan berurusan dgn penguasa.            #     MIKIR.     #",
@__anomali__ Gak ngomongin rempang di sini,
"@zizuzee @ganjarpranowo Lo kagak liat kasus rempang skrg udh kelar masalahnya. Cuma miss komunikasi antara pemerintah &amp  rakyat. Dan lo bisanya jadi provokator doank ,  Jangan kebanyakan baca yg hoax² jd otak lo isinya hoax doank!!!!!!!!!!",
#rempang #galang #batam https://t.co/ILOgdPOXAa,
"https://t.co/HBYycdbeWB  Kelompok HAM CIVICUS mengecam pemerintah Indonesia yang mencalonkan diri menjadi dewan HAM PBB.  Ini menyusul pelanggaran HAM oleh pemerintah di Papua, Rempang, Air Bangis, hingga Muaro Jambi.",
"@tvOneNews Rempang tuh pelenggaran HAM berat, usut @ganjarpranowo @aniesbaswedan @msaid_didu @mediaindonesia @mohmahfudmd",
Rakyat Rempang dikhianati rejim Berita ini mengejutkan semua orang! https://t.co/krcfvmyp9M,
"@OposisiCerdas yg 2 periode lalu,berarti g masuk kategori itu dong? digertak G DIUTANGI lg aja ciut! mknya,tanah tumpah darah RAKYAT REMPANG berani dikorbanin!klo pemimpin bernyali n g ciut digertak,g mgkn bela2in perusahaan dr negeri penggertak itu kan? yg berani BATALkan proyek cukong siapa?",
"@Asiknyaapaya @AyaniMel rempang sampai tahun 2000 an tidak berpenghuni, tanahnya milik otorita batam. begitu ada investor tiba2 ada penduduk asli dan para simpatisan yang membela dan menyerang jokowi. ndak tau hubungannya dimana ya.",
@RustamIbrahim Rempang di khianati? Janji bikin sertifikat?,
@Outstandjing Padahal aslinya orang rembang,
"@AmaniLalaland Palestina sebagai Bangsa ... orang-orang yang diusir dari tanah dan rumahnya oleh Milisi teroris Irgun/Stern?Haganah 1948 .. Tanah tak bertuan""  ???  kamu juga bilang begitu kasus Melayu di Pulau Rempang ? ..  FYI secara De Jure, Indonesia adalah Hindia Belanda.. milik Belanda https://t.co/WmZbbeLruS""",
"Beredar hoaks atau berita bohong ditengah pemerintah tengah melakukan upaya relokasi di Pulau Rempang. Informasi hoaks disebarkan oleh pihak tak bertanggung jawab, melalui pesan singkat di media sosial WhatsApp.  https://t.co/ZoPZUp045R",
"Kedatangan Menteri Investasi dan BKPM RI, Bahlil Lahadalia bersama rombongan Gubernur Kepri, Ansar Ahmad dan Kepala BP Batam, Muhammad Rudi ke Tanjung Banon Pulau Rempang didemo warga. Warga melakukan unjuk rasa di depan Masjid Al-Ihsan Tanjung Banun.  https://t.co/ChLc7Thpw0",
@mukidioon3 Bisa aja nego rempang di puskesmas singapoor,
@OposisiCerdas Nego rempang sambil rebahan wkwkwk 😄😄😄,
@NenkMonica Ini masalahnya bukan anaknya tapi masalah Rembang Pati(Rp),
@jokowi  pak kadang kadang komentar bapak yang buat pecah belah rakyat pak. Lihat bapak mau kasih sertifikat warga rempang. Tapi sekarang kok mau di ambil.,
"@tirta_cipeng Tim kalau pulang Kebumen nyepur, kalau pulau Rembang ngbisss",
Rempang ni asyik di pelototin ya. People power bukan socmed power 😅,
"@syueb2011 @DeHoutman_id kalau diusir spt model jaman orba, pasti kami dukung warga rempang. tp kan ga ada perampasan lahan model orba? Pasti tukar guling/kompensasi yg menguntungkan. Lihat tuh bbrp waktu lalu rakyat bbrp desa jd milyarder. Dari ribuan jln tol aja, mana ada masalah ganti rugi tanah?",
"Sejujurnya lebih berat buat nge-RT tweet2 ttg Rempang drpd Palestina... krn foto2nya lbh berdarah2... 😭 Aku ga bisa share yg begini, kasian sm keluarganya...",
"@RevolusiAkhlaq2 Emang nya dinegri kita baik Saja.. ?  Apa kbr rempang..?  Apa kbr kalteng..?""",
"@LoudMinorities @ashabullyaminn @ShofwatE lu @LoudMinorities pikniknya kurang jauh... makanya belajar tentang kemanusian, gak usah jauh jauh ngurusin Israel, nyooohhh REMPANG.. berani mbecottt gak mulut mu d tweeter... Lol...Otak mana otak..???",
"Ini lagi negeri sendiri. Kita punya hak tanah, tp terusir dr bumi sendiri buat kepentingan saku para penguasa.  Dari wadas, Kinipan, Kendeng, Dago Elos dan Rempang.",
"@syueb2011 @DeHoutman_id Maaf, Pak. Tdk usah jadi provokator soal Rempang. Urusan soal Rempang sdh diselesaikan dgn baik. Masyarakat Rempang juga sdh bisa menerima hasil keputusan bersama antara masyarakat Rempang dgn Pemerintah.",
"@ganjarpranowo Lagi ngadrun ya.. cari dukungan dari suku Melayu.. coba aja pak lanjutkan ke Rempang.. cari suara dan dukungan, buat rakyat dan penduduk Riau harus berhati-hati.",
Sikat aja tuh para warga Rempang klo ada yg intimidasi,
"@CNNIndonesia Maaf saya baru tau ya bpk ini org papua,knpa ya kok beliau nafsu banget dgn rempang ada apa ini?... #MELAYUCINTANKRI",
"True that👍 Kemerdekaan itu ialah hak segala bangsa"" Ga tega liat temlen😭  Hanya mampu berdoa &amp  turut berduka 🙏 Ini bentuk solidaritasku bt warga Palestina/Wadas/Rempang/Seruyan dll  Untuk semua yg terjajah zionis &amp   oligarki lalu memutuskan untuk melawan dg sgl kemampuan🤍💫 https://t.co/U6NuW7gbxP""",
Masih soal JANJI. Sekian tahun blm tuntas pula lahan yg dipakai buat Mandalika  Track record Pemerintah amat buruk urusan tunaikan janji. Di Seruyan bahkan sudah bertahun tak ditunaikan &amp  malah jatuh korban  Apa Masyarakat Rempang mau alami hal serupa?  https://t.co/lXujSQACcf,
@Manurung1D Penindasan byk Rempang Wadas  Maka itu saya muncul Ok Terima kasih🙏🙏🙏,
"Keberlangsungan investasi di Rempang dinilai penting. Namun, publik juga menyoroti pentingnyamengedepankan aspek hak asasi manusia tanpa ada kekerasan dalam penyelesaian konflik di sana. #Survei #AdadiKompas  https://t.co/YZT63iHW5o",
"Kasus Rempang, Bukti Penguasa Pro Pemilik Modal  #KebijakanLalimSengsarakanRempang  #RempangKorbanKapitalisme  #IslamSelamatkanPerempuanRempang",
"@OposisiCerdas Oooooo........ MUNGKIN orang tua Bangka ini minta didoakan agar cepat sembuh kepada warga Rempang, Sulawesi , Kalimantan dan Papua.",
"katanya demokrasi itu kedaulatan berasal dari rakyat, untuk rakyat, oleh rakyat. tapi nyatanya apa yg terjadi pada #Rempang ?Bukan rakyat yang berdaulat, tetapi pemilik modal yang berdaulat. Negara dipakai sebagai alat untuk mencapai kepentingan ekonomi dan politik mereka",
"Keberlangsungan investasi di Rempang dinilai penting. Namun, publik juga menyoroti pentingnyamengedepankan aspek hak asasi manusia tanpa ada kekerasan dalam penyelesaian konflik di sana. #Survei #AdadiKompas   https://t.co/isCFJ6EZWe",
"@Heraloebss @KomnasHAM kemana ini???Apakah akan terjadi di Rempang, Wadas dan daerah lainnya seluruh Indonesia???",
"@Stev3n_Peg3l Dari zaman belanda orang timur dipdkai utk memerangi bangsa Indonesia, apa mereka tdk merasa sebangsa dgn rakyat Rempang Indonesia???",
"@chuyAjah @asal_alasan mana pernyataan bajrey laknatullah alaihi yg bertaubat atas ucapannya menghalalkan darah kaum muslimin? apa lu yakin yg demo mempertahankan haknya seperti di rempang, kalimantan dll itu gada yg muslim? hingga boleh ditumpahkan darahnya?",
Mencari teranga kasus Rempang #AdadiKompas,
"Antara JANJI, INGKAR, Gas Air Mata &amp  ahirnya.. Letusan senjata api Aparat  Ya.. Seruyan berduka!  Mereka yg menuntut haknya justru jadi korbannya. Semoga tak pernah terjadi lagi di masa depan baik di Rempang maupun di manapun di bumi Indonesia tercinta  👇 https://t.co/NZcZLkwvuQ https://t.co/HxHgS4KqZe",
dicek temlennya kasus kanjuruhan gak nemu keprihatinan...kasus rempang juga diem,
"@eoh_axela cuy, elu fokus mbuzeRp aja, sama fokus cari makan dari penderitaan Masyarakat Rempang 👍🏻 gosah bahas topik lain biar ga makin tampak bodohnya elu",
"Warga Rempang, Batam, Kepulauan Riau, menilai Proyek Strategis Nasional Rempang Eco City dilakukan secara terburu-buru. Pembangunan rumah relokasi belum dimulai dan analisis mengenai dampak lingkungan masih dalam penyusunan. #Nusantara #AdadiKompas  https://t.co/D3sagmo9cE",
@mukidioon3 Mgkin gara2 rempang gagal jd ditagih  jantungan dh,
BP Batam: 25 KK asal Rempang Sudah Tempati Hunian Sementara https://t.co/FqS2GmWPjk lewat @GoWest.ID,
BP Batam: 25 KK asal Rempang Sudah Tempati Hunian Sementara https://t.co/UApC1Ni8lF lewat @GoWest.ID,
"Mandalika belum selesai sudah mau gusur Rempang, sungguh dzalim ini kekuasaan. https://t.co/EISu7admW4",
"@trieslove88 @cordova_media @tonichan157 Sama dgn Zionis Ndeso ini, om. Pengemis suara dukungan di 2014 dan 2019. Namun akhirnya merampok tanah Rempang. https://t.co/7zP5XtURNG",
"Yahudi rampas tanah Palestina,  rempang siapa @PresidenKopi ?",
"Keberlangsungan investasi di Rempang dinilai penting. Namun, publik juga menyoroti pentingnya mengedepankan aspek hak asasi manusia tanpa ada  kekerasan dalam penyelesaian konflik di sana. #Survei #AdadiKompas  https://t.co/CnC76jbVME",
"Sama halnya dengan propaganda rakyat oleh media terhadap Rempang, dikatakan bahwa 70% rakyat menyetujui relokasi untuk kepentingan PSN, namun Pd kenyataannya masih banyak veteran  Sudirman "" berjuang mempertahankan kadaulatan tanah Rempang.""",
@DeHoutman_id Kalau masalah ini dimisalkan dengan masyarakat di Pulau Rempang - Batam yang telah hidup turun temurun didaerah tersebut kemudian tiba-tiba diusir untuk pembangunan Eco City  Dipihak mana kamu?,
@Sitampa21656009 @Paltiwest Giliran palestina yg diserang lu jg bacot pasti giliran kyk gini lu sok2 an ngomongin rempang..ehh klo gt lo ga usah jauh2 ngomongin rempang di bekasi noh byk yg bubarin gereja lo dimana???? Ga usah lo sok belain teroris hamas,
"Keberlangsungan investasi di Rempang dinilai penting. Namun, publik juga menyoroti pentingnya mengedepankan aspek hak asasi manusia tanpa ada  kekerasan dalam penyelesaian konflik di sana. #Survei #AdadiKompas   https://t.co/LorULI41xk",
"Waduh... Bapak aparat, apa gak ingat akhirat??? Mana lord dkk ayo mari di buldoser lagi, yang penting ASENG atau AYONG senang biar rakyat saja yang susah #kalimantan #rempang",
@PartaiSocmed Ini kasus pengalihan isu rempang dan lain nya,
"Unt anak bangsa  sendiri sj HGU hanya 30th, HGU unt CINA HINGGA 190 tahun  MENTERI AGRARIA/BPN APAKAH ANDA WARAS?? APAKAH ANDA MMG SENGAJA BERKHIANAT KPD KEDAULATAN NKRI,  SEMENTARA KPD WARGA MELAYU REMPANG PUN KAU AMBIL HAK RAKYAT,  PUNYA NALAR TIDAK?  https://t.co/6tjFCSRVMm",
"Proyek Eco city di Rempang dinilai dipaksakan menjadi PSN oleh beberapa oknum pengusaha sebelum pemilu 2024 dilaksanakan, pasalnya pemerintah belum ada kesiapan terbaik untuk merelokasi 16 kampung https://t.co/YyCNsoyylF  Penguasaan lahan se_pihak adalah bentuk penjajahan.",
"Begitu Rakyat Rempang bro, lagi melawan penjajah baru, antek cukong properti yg prilakunya sudah kayak kompeni. Kita pasti sudah bisa merasakan betapa menyakitkannya terusir dari tanah lelulur.  #SavePalestine  #SaveRempang",
Selamat pagi Sahabat Kompas. Hari ini kami menyuguhkan #LiputanTematik Konflik Rempang. Pembangunan PSN Rempang Eco City dinilai dilakukan secara terburu-buru. Baca selengkapnya di harian Kompas (https://t.co/Z6bhYbEJRg).  #AdadiKompas https://t.co/7mTDfGve2S,
@TheEagle_BEN @netanyahu Termasuk Penjajah di Rempang BATAM,
"Selamat pagi penyuara Kebenaran dan Keadilan, Para Pandu Ibu Pertiwi.   Soal Palestina bkn soal Agama, tapi yg lbh penting soal kemanusiaan. Perampasan tanah &amp  penindasan pendatang thd penduduk asli. Rempang saja kita tak Rela. Apalagi Rakyat Palestina terhadap Negaranya. https://t.co/HaFqg7FK8x",
Pembangunan PSN Rempang Eco City dinilai dilakukan secara terburu-buru. Warga diminta meninggalkan kampungnya sementara pembangunan rumah relokasi belum dimulai dan dokumen amdal masih dalam penyusunan. #Nusantara #AdadiKompas  https://t.co/vIXLbMO8XB,
"Ramah ke investor, kejam ke rakyat. Yang sudah mulai muncul di Wadas, Rempang, Seruyan. Dan pasti akan mulai bermunculan kasus2 yang sama. Sementara kontribusi dari investor ke republik ini apa ...  Kerusakan ekosistem jelas.",
Pembangunan PSN Rempang Eco City dinilai dilakukan secara terburu-buru. Warga diminta meninggalkan kampungnya sementara pembangunan rumah relokasi belum dimulai dan dokumen amdal masih dalam penyusunan. #Nusantara #AdadiKompas  https://t.co/uFDFv3Nunt,
"Hal itu disampaikan Bahlil saat menerima perwakilan warga Rempang di salah satu masjid yang terletak di Tanjung Banun, Batam pada Jumat (6/10) lalu. https://t.co/gff69MOEMr",
Pembangunan PSN Rempang Eco City dinilai dilakukan secara terburu-buru. Warga diminta meninggalkan kampungnya sementara pembangunan rumah relokasi belum dimulai dan dokumen amdal masih dalam penyusunan. #Nusantara #AdadiKompas    https://t.co/bBxzRmg5YQ,
"Rakyat Rempang Terancam Diusir, Kedaulatan Rakyat Hanya Pemanis Bibir #KebijakanLalimSengsarakanRempang #RempangKorbanKapitalisme  #IslamSelamatkanPerempuanRempang https://t.co/2Tzqc1lVRa",
#SelamatPagiJogja | KOMPAS | Serba Buru Buru di Proyek Rempang,
Innalillahi wa inna ilaihi rajiun Lindungi warga rempang Halangi niat buruk orang ya ALLAH.... 🤲 aamiin,
"@kurawa Gausah banyak bacod , itu korban rempang kapan kamu komenin?",
Masyarakat Rempang bukan barang yang bisa dipindah semaunya hanya demi kepentingan pemilik modal. #Maulidnabimenujuislamkaffah,
"Kewajiban negara melindungi 45.000 warga Air Bangis-Sumatera Barat. Biarkan mereka hidup dgn nyaman, aman&amp tentram di tanah kelahiran mereka.   Sebaiknya menjelang 1 thn berakhirnya jabatan Jokowi sbg presiden tdk lagi membuat proyek strategis nasional seperti Rempang&amp Air Bangis.",
Opung lupakan Buldozer Rakyat Rempang yang tidak setuju digusur demi Inventasi 🙏🙏🙏,
"Sebaiknya kl tidak mampu menjadi pemimpin yg benar dan arif, KAPOLRI SEBAIKNYA MUNDUR, daripada menjadi perpanjangan tangan para penjajah  NKRI yg mengatas namakan proyek negara. Yg mengambil Hak sepenuhnya tanah rakyat di REMPANG &amp  dimanapun yg jd target https://t.co/NWsJ7eHqgU",
The Montessori Toddler https://t.co/x9WcC68RPU Putri KW Conjuring 1 Jenglot Kayak Bayi YOSHI BLACK HAIR Narnia #KIMJIWOONG Kapolsek #TXTxDior Arhan Rempang https://t.co/q9TzlKtPV0 https://t.co/rKwepc1csp https://t.co/JPIhlavjUh,
@bayuwinata @Rezasyariatii Kenapa sekarang anda ga undang lagi Belanda untuk membebaskan Rempang dari indonesia kalo begitu.,
Rempang tidak ada di media nasional!  Semoga bukan Hoax! https://t.co/y9kSRdS2Q1 Saksikan video ini https://t.co/Iufkwvxl5P https://t.co/Vyv3eBq5CD https://t.co/fhioJvlwhY https://t.co/cGV8PXMoAs,
"Menteri @bahlillahadalia menggunakan kata geser"" untuk memperhalus kata ""gusur"" bagi masyarakat Rempang. Justru di situ orang yakin bahwa geser yang Anda maksud, itu gusur. Gusur itu saudara sepupu dari rampas, rampok.""",
"Rasanya tak mungkin ada pembicaraan kondusif sebab penduduk rempang &amp  rakyat RI sdh kecewa berat. Apalagi tahu itu untuk objek pemindahan puluhan ribuan TKA vangke. #GantungMatiAnjingPeking  #GantungMatiAnjingPeking Investasi itu duit aja bukan orangnya ikut pindah, dasar idiot.",
https://t.co/yHPZLtuc1u #rempang #rumahsementarawargarempang,
@tvOneNews Kalo yg paling NKRI berani melintas ke REMPANG ga ya???🤣🤣,
"@fawh2022 @msaid_didu Minimal ada dua orang dari yg diatas sdh bikin rakyat Rempang susah, bikin  beras mahal, minyak goreng sempat hilang, sekolah dan kerja susah. Masih mau percaya?? Gila lu ndro...",
Bagus juga silaturrahim ke rakyat Rempang dan rakyat Kalteng. Mereka membutuhkan perhatian Bapak agar juga bisa hidup adil makmur di negerinya.,
@Indramajid8 @hc_poirot Emang ad sebagian kcl yg setuju tp itu rata2 pendatang bkan warga asli cman u know lah mrka pnya media akhirnya dibuat headline seolah2 smua wrga rempang se7 direlokasi biar meredam aksi warga diluar rempang.,
@hapekayu @ekowboy2 @kegblgnunfaedh Bela Rempang belom ?,
@Li9ayaTalaChes4 Ini bukan di Rempang,
"Kalian pertahankan Rempang, sudah tinggal beranak pinak ratusan tahun.  Di belakang Rempang itu China, jangan sampai kejadian seperti Rohingya diusir karena napsu serakah investasi.  Investasi harus melihat dan melibatkan rakyat sebagai stake holder kawasan. Jangan mematikan mrk",
Rempang Batam Benteng NKRI🇮🇩,
"@MardaniAliSera @PDemokrat @jokowi @PKSejahtera Kontestasi, gagasan preeet lah semua. Beras mahal, masyarakat di rempang  tuh  diurusin.",
Rupanya lebih parah dari yang kita duga. Berpotensi lumpuh layu seperti Tukul Arwana. Mungkin ini karma atas kedzolimannya pada warga Rempang🙏😎,
"@PDemokrat pada saat @PDemokrat nanti menang maka mereka akan mengiyakan apa yang dilakukan @jokowi di rempang, Seruyan, Kebumen dll,  akhirnya kemunafikan itu tampak jelas.. demi jabatan dan kekuasaan.. demi seorang, mulai saat ini jangan teriak lagi jargon perubahan..",
@IwanIwanely72 @realAmienRais @DPP_PartaiUmmat @RidhoRahmadi85 @Singa_Nala @pakaipeci @annourcharity @BuniYani #MelayuRempangBerani lawan Gerombolan Plongo Cireng yg CAPLOK Tanah Leluhur Rempang,
"@TrioKwek212Kwek Islam Indonesia ditindas itu yang mana sih ? Kalau yg dimaksud itu kasus Rempang, ya ga pas lah diksi yang digunakan. Bijaksanalah dalam memilih kata.",
"@bahlillahadalia Menurut saya, langkah persuasif menteri @bahlillahadalia kepada masyarakat Rempang dapat menjadi percontontohan kepala daerah lainnya. Insya Allah konsolidasi aman terkendali dan sukses sebelum akhir 2023 ini #DukungBahlil",
Saya turut dukung dan selalu mendukung langkah senior saya @bahlillahadalia khususnya dalam konsolidasi masyarakat di Rempang #DukungBahlil,
@papasito_OF @detikcom kenapa kalau kasus demo menolak investasi di rempang bisa langsung ditangkap padahal mereka memperjuangkan hak tanahnya,
"@tvOneNews Yang kemarin koar2 kalau masyarakat Rempang yang tidak bersalah dibebaskan  khawatir indonesia jadi negara 'preman', Apa kabar anda, melihat perilaku teman sejawat anda jadi tukang palak, Lil..??!!",
@gariby314884 @Naz_lira @ganjarpranowo @jokowi Kerja nyata. Nyatanya di wadas... Di rembang Eh bank Jateng EhKaTePe,
"@floreskekinian2 @MataNajwa @tvOneNews @karniilyas Keren pak, dgn melibatkan masyarakat dalam proyek Rempang aman Eco City. Kami #DukungBahlil terus👏🏻",
"@Naz_lira Bahasa media dimanapun sama liat aja di rempang, rakyat sana di cap premanisme",
@ShiElita19 @bahlillahadalia Apa dah terima fee proyek makanya Ngotot kl istilah si @bahlillahadalia ini Melayu Rempang Digeser aj ???   🤣,
@hukumatikoruptr @KangManto123 @wietj4k Yaa kali kali ada orang mau pergi jauh jauh dari padang ke rempang tanpa di bayar Suu..?,
"@Confused_man_0 @Darnatisma85066 @VIVAcoid Sejak kapan ada penyusup main buka2an di sosmed ? Yg kusebut diatas masalah rempang, bukan di jawa",
"Bangsat kalian !!!!!!, mereka berjuang untuk tanah air mereka yg ditelan israhell. Besok pun yakin beritamu akan menyebut teoris rempang, teroris Kaliman, COK!!",
@CNNIndonesia stresss rempang,
"@AtokBadar75777 LBP mau membuldoser warga Rempang, sebentar lagi Malaikat Izrail yang akan membuldoser LBP ❗",
@Srik4ndiMuslim2 Benar ini di Rempang???,
"Proyek Rempang, Bagian Penjajahan China di Indonesia https://t.co/AGG3fnpq5g https://t.co/UcmkzWieIj",
@YLBHI @opposite6892 @ListyoSigitP Rempang jilid 2,
DPR dan publik #DukungBahlil yang berpijak pada sebuah tujuan baik untuk mengupayakan terwujudnya Rempang Aman dan pembangunan Proyek Strategis Nasional bisa menghadirkan win - win solution https://t.co/Wm6G4YgSj7,
Dengan #DukungBahlil untuk pembangunan Rempang Eco City adalah merupakan suatu sikap kerja sama yang memberikan masukan yang konstruktif yang sangat diperlukan untuk menghadirkan Rempang Aman bagi warga dan investasi https://t.co/xAop1da9RU,
"DPR optimis , dan menaruh kepercayaan yang besar untuk selalu #DukungBahlil  karena akibat pendekatan Menteri Bahlil yg down to earth membuat Rempang Aman dan bisa menpercepat investasi Rempang Eco City https://t.co/A96PJPvKlj",
"#DukungBahlil karena pendekatan Menteri Investasi ini dianggap jelas, bagus dan merakyat, sehingga menyebabkan situasi di   Rempang Aman dan terkendali https://t.co/5tugQDYMLr",
"@detikcom Yaallah pusing bener dah di indo , rempang demo mandalika demo di sana demi sini demo setiap menjelang pemilu gini terossssss pusinggg",
"@BrastaSatya @tvOneNews Klo Menang,biar nambah hutang BIAR nerusin gusur tanah RAKYAT seperti REMPANG,,,,parah",
"@HusinShihab @ganjarpranowo dulu ada yg masuk gorong2 biar keliatan merakyat juga, ehh hasilnya warga cadas, rempang, dll. dihajar juga 😂😂",
"Belasan Pangkalan Gas di Rembang Dilaporkan ke Pertamina, Ini Gara-garanya! https://t.co/OKF9F8hVun",
"@never_alonely Pasca Aceh Damai, Peristiwa keji spt ini byk terjadi di Aceh, Rakyat meminta Keadilan dgn Demo malah di Bantai dgn Kekerasan Sampai Kehilangan Nyawa,Bulan lalu Pak Jokowi Minta maaf pd Rakyat Aceh,Kini di Rempang Aparat Negara msh bersikap Arogan trhdp Rakyatnya 😭😭",
"@pacekriboow @Dandhy_Laksono rempang juga tuh jkw menang telak, NTB, wadas, gortontalo jga sama",
"@rubby46742 @Priyo__Muhammad @msaid_didu Kayak Indonesia milik lu. Lihat tu kalimantan, rempang. Emang lagi bergejolak. Sadar ngga?",
DPR mengakui upaya pak Bahlil yang melibatkan masyarakat dalam proyek eco city. Langkah inklusif untuk memastikan keberlanjutan dan keberhasilan proyek Rempang Aman #DukungBahlil https://t.co/5zdi1PoAWr,
Instruksi dari presiden kepada pak Bahlil untuk menyelesaikan konflik di Rempang menunjukkan komitmen pemerintah dalam menciptakan perdamaian dan kesejahteraan masyarakat Rempang Aman #DukungBahlil https://t.co/7tBtW4YpU9,
"Bagaimana wadas purworejo mempertahankan haknya,  Sekarang Rempang,  Sementara berbondong bondong TKA China masuk Indonesia , bahkan diduga berseragam sesuatu ??  Ada apa dengan Negeri kita hari ini ??  Waspadalah terhadap  Neo PKI  dan  TKA China ?",
DPR memberi penghargaan pada proyek eco city yang melibatkan masyarakat di bawah pimpinan pak Bahlil. Pembebasan lahan akan dijalankan dengan cepat dan efisien Rempang Aman #DukungBahlil https://t.co/bpKLvcbnwL,
Proyek eco city yang inklusif mendapatkan dukungan dari DPR. Kami berkomitmen untuk memastikan pembebasan lahan selesai secepatnya Rempang Aman #DukungBahlil https://t.co/zqRatC7y5j,
DPR mengapresiasi kinerja pak Bahlil yang melibatkan masyarakat dalam proyek eco city. Kami mendukung pembebasan lahan yang segera diselesaikan Rempang Aman #DukungBahlil https://t.co/frl3dBIun3,
Langkah inklusif pak Bahlil dalam proyek eco city disambut baik oleh DPR. Pembebasan lahan akan diselesaikan sesuai instruksi presiden Rempang Aman #DukungBahlil https://t.co/KffR8t75ZI,
DPR memberikan penghargaan pada kinerja pak Bahlil yang melibatkan masyarakat dalam proyek eco city. Pembebasan lahan akan diurus dengan efisien Rempang Aman #DukungBahlil https://t.co/Be1YJJkjP5,
Proyek eco city yang melibatkan masyarakat mendapat dukungan penuh dari DPR. Pembebasan lahan akan diselesaikan secepatnya Rempang Aman #DukungBahlil https://t.co/suCepW1Why,
Proyek eco city yang melibatkan masyarakat mendapat dukungan penuh dari DPR. Pembebasan lahan akan diselesaikan secepatnya Rempang Aman #DukungBahlil https://t.co/wucSHWC1HN,
DPR menghargai kolaborasi pak Bahlil dengan masyarakat dalam proyek eco city. Kami berkomitmen untuk memastikan pembebasan lahan selesai dengan cepat Rempang Aman #DukungBahlil https://t.co/fNEjvFEA26,
Kinerja inklusif pak Bahlil di proyek eco city mendapat apresiasi dari DPR. Pembebasan lahan akan dijalankan secepatnya Rempang Aman #DukungBahlil https://t.co/bINvJoXFp5,
DPR memberikan apresiasi pada kinerja pak Bahlil dalam proyek eco city yang melibatkan masyarakat. Pembebasan lahan akan diselesaikan sesuai instruksi presiden Rempang Aman #DukungBahlil https://t.co/i7mzLJSqK7,
Proyek eco city yang inklusif mendapatkan dukungan dari DPR. Kami berkomitmen untuk memastikan pembebasan lahan selesai secepatnya Rempang Aman #DukungBahlil https://t.co/6UcG1b2UZv,
DPR memberikan penghargaan pada proyek eco city yang melibatkan masyarakat di bawah pimpinan pak Bahlil. Pembebasan lahan akan dijalankan dengan cepat dan efisien Rempang Aman #DukungBahlil https://t.co/7RexRRYrxr,
Proyek eco city yang melibatkan masyarakat mendapat apresiasi dari DPR. Pembebasan lahan akan segera diselesaikan sesuai instruksi presiden Rempang Aman #DukungBahlil https://t.co/1Ytl6sr83Q,
DPR memberi penghargaan kepada pak Bahlil atas kinerja inklusifnya dalam proyek eco city. Pembebasan lahan akan diupayakan dengan secepatnya Rempang Aman #DukungBahlil https://t.co/GCZWyWYxwS,
"@sosmedkeras Bener pak, kita sdh terjajah ekonomi. Gmn tdk? Mulai dr batik, sepatu, tas dr cina bahkan IKN,kereta cepat jg dr cina, yg terakhir beras jg. Tp kita berhasil mengekspor rempang ke cina. War byaszah...",
pengen pulang rembang tapi tanggal item semua astaga,
"@democrazymedia Dia""pasti datang ke rempang,  spt janjinya yg kangen didemo. 🤔""",
@bnsphrxyz Bagus MASJID adalah Rumah TUHAN Semua di mulai dari MASJID ayo BERSATU lah ISLAM YG SELALU DIRAMPOK AMBIL KEMBALI TANAH KLIAN SEPERTI REMPANG YG BERANI,
@VIVAcoid Mungkin kelebihan bayar sm pawang hujan mba Rara shg pemilik lahan terabaikan. 😃  Mdh2n jg ngak terjadi utk warga rempang.,
"“Kunjungan Bahlil Ke Rempang, Jumat (6/10/2023)” https://t.co/UU3fImB7ll lewat @GoWest.ID",
"“Kunjungan Bahlil Ke Rempang, Jumat (6/10/2023)” https://t.co/wq1eL5EjPr lewat @GoWest.ID",
"@Resty_J_Cayah Abis kerusuhan Rempang, lalu Seruyan. Sebenarnya mrk ini pemerintah ato penjajah?",
"ՇիՅ շիՅ շիՅ...ini menandakan presiden lg ciut, lanjut upaya geSeR, spt GeseR Rempang, Seruyan, IKN, dan semua GagaL, nggih nopo mboten pak @jokowi ?",
"@P3n99u94t_ Tidak ada rakyat rempang yang setuju di pindahkan, bahlil loe jgn mengada ngada",
@Stev3n_Peg3l gayanya mo bikin ikn  katanya ganti untung  dibayar juga kaga  King of Lip Service Tolak Relokasi Rempang di Batam  jangan sampai anda kena prank,
"@hc_poirot Yuk ramein kasus ijasah palsu, buat jalan pemakzulan selain kasus Rempang.",
"@AndiAhm34657650 @Mantanmontir22 @aniesbaswedan @NassPur_ Loh udah banyak yg ditangkepin kan? Main seruduk ? loh itu gusuran sana sini, halo rempang, halo wadas, sekarang halo mandalika. Bebas bersuara? Ndas mu bebas? Apa2 uu ITE? Lawak amat ini buzzer satu. Mentang2 dibayar sampe segitunya lu bela banteng 😂👎",
"@iman100017 Jaman dijajah Portugis, Belanda sdh ada kampung! Semoga masyarakat di Rempang dan Galang selalu dalam lindungan Allah Subhana wataala.. 🙏🏻",
#AniesMuhaimin2024 Rempang,
#AniesMuhaimin2024 Rempang,
#AniesMuhaimin2024 Rempang,
#AniesMuhaimin2024 Rempang,
#AniesMuhaimin2024 Rempang,
"@billy4riez Kan guaa bilang,org NU yg gak suka cak imin cawapres cuma kakak beradik dari rembang",
#AniesMuhaimin2024 Rempang,
#AniesMuhaimin2024 Rempang,
#AniesMuhaimin2024 Rempang,
#AniesMuhaimin2024 Rempang,
#AniesMuhaimin2024 Rempang,
#AniesMuhaimin2024 Rempang,
#AniesMuhaimin2024 Rempang,
#AniesMuhaimin2024 Rempang,
#AniesMuhaimin2024 Rempang,
#AniesMuhaimin2024 Rempang,
#AniesMuhaimin2024 Rempang,
"@Tan_Mar3M @jokowi Ayo bantu up, share ke semua media yang ada. Kita tidak bisa bantu hadir di rempang untuk bela saudara2 kita yang ada di sana. Tapi setidaknya kita bisa suarakan, rasa prihatin kita dengan bantu up video ini dan share ke semua sosmed. 😢🥺🙏 https://t.co/x96UNt6GXg",
#AniesMuhaimin2024 Rempang,
"kan aku bilang apa, habis suku Melayu di Rempang, dayak juga bakal diusir 😒, tuh dayak yg bela2 IKN mana neh? bentar lagi juga ke usirlah, jadi panglima yg satu itu sepertinya mendengar juga prediksi aku",
"@hc_poirot Ayo bantu up, share ke semua media yang ada. Kita tidak bisa bantu hadir di rempang untuk bela saudara2 kita yang ada di sana. Tapi setidaknya kita bisa suarakan, rasa prihatin kita dengan bantu up video ini dan share ke semua sosmed. 🥺☹️🙏 https://t.co/kEhsIKs3tF",
#AniesMuhaimin2024 Rempang,
#AniesMuhaimin2024 Rempang,
#AniesMuhaimin2024 Rempang,
#AniesMuhaimin2024 Rempang,
#AniesMuhaimin2024 Rempang,
"@abwnews_ Ayo bantu up, share ke semua media yang ada. Kita tidak bisa bantu hadir di rempang untuk bela saudara2 kita yang ada di sana. Tapi setidaknya kita bisa suarakan, rasa prihatin kita dengan bantu up video ini dan share ke semua sosmed. ☹️☹️☹️ https://t.co/ogAW1BbaGW",
Bahlil Klaim Sebagian Warga Rempang Bersedia Dipindah #beritajogja #jogja #jogjaistimewa https://t.co/hXk3xmUcze https://t.co/62WTzBk6EH,
#AniesMuhaimin2024 Rempang,
#AniesMuhaimin2024 Rempang,
@hc_poirot Menteri anjing Bahlil mengunjungi rempang,
#AniesMuhaimin2024 Rempang,
#AniesMuhaimin2024 Rempang,
#AniesMuhaimin2024 Rempang,
#AniesMuhaimin2024 Rempang,
#AniesMuhaimin2024 Rempang,
#AniesMuhaimin2024 Rempang,
#AniesMuhaimin2024 Rempang,
#AniesMuhaimin2024 Rempang,
"Ayo bantu up, share ke semua media yang ada. Kita gk bisa bantu hadir di rempang untuk bela saudara2 kita, tapi setidaknya kita bisa suarakan dengan bantu up video ini dan share ke semua. https://t.co/e4ViKGEhrF",
#AniesMuhaimin2024 Rempang,
#AniesMuhaimin2024 Rempang,
#AniesMuhaimin2024 Rempang,
#AniesMuhaimin2024 Rempang,
#AniesMuhaimin2024 Rempang,
"Dinilai Anarkis dan Akan Jadi Negara Preman, Bahlil Tolak Membebaskan Pendemo Rempang  https://t.co/SxFTBbfTZN",
"@kompascom ibarat rempang, suatu saat dikuasai cinak tiongkok, pribumi bela tanah air apa mau dibilang teroris?",
@Napit61496887 @HanumNuraini1 @geloraco Lho pernyataan2 beliau2 kan buat para provokator...yg menfaatkan kasus rempang bro.. Jangan salah bro...ada yg ga pengin propinsi di Riau maju...,
Info joki berita rempang😁 @nsyfzla,
"Invetasi di Rempang jadi berjalan Aman karena tahap penyelesaian berupa pendekatan yang dilakukan oleh Pak Bahlil, mari terus dukung supaya bisa berjalan sesuai harapan  #DukungBahlil https://t.co/a3s4P65THr",
@Li9ayaTalaChes4 ini jakarta atau rempang? https://t.co/1dHqxlhkYZ,
"akhirnya Rempang Aman juga, berkat kerja sama masyarakat dengan pemerintah jugaa.#DukungBahlil https://t.co/Dzcmi4VAFB",
@moonmaap06 Rembang Jateng apa kamu,
@iboenk_not @RandomWorldWar rempang aje belum selesai main loncat ke negara laen hadehh,
"@pitung_zorro Dia merasa pernah tour dan berburu di Rempang tahun 1980, katanya tidak pernah lihat ada kampung disana. Pertanyaannya apakah mata TW yg jadi standard, mata orang lain yg jelas lahir, tinggal disitu bukan ukuran?",
"Kembali Kunjungi Rempang, Bahlil Disambut Demo Emak-emak Tolak Relokasi https://t.co/6ZLieNoKAA",
@Mythicalforest Rakyat sebaiknya bersiap untuk konflik terutama rempang,
@Subur0204 Semoga malaikat datang dg bawa buldozer spt yg dia mau lakukan kpd warga Rempang yg menolak penggusuran. Pesan ke malaikat : pelan2 aja biar spt Ariel Sharon...🤣🤭,
@bianca01403 @joserasyid Sepertinya mrk sudah berserah diri kpd Alloh swt dan telah siap dgn apa pun yg terjadi. Kt hanya bs mendoakan... Allohummansur muslimina fi Rempang... Allohummansur mujahidina fi kulli makaan...🤲,
@SammiSoh Ini para Bajingan provokator di Rempang Riau asuuu si Mimin tua Bangka bau tanah semoga parte ini tengelam dan di laknatullah karena sifat hasutan dan provokasi adalah dosa besar yg membawa kehancuran umat😡😡😡😡👎👎👎👎,
"@LapamusuUm21336 @msaid_didu Oh maaf ya,kalau saya tdk sopan, saya lihat dan rasakan  kondisi bangsa akhir akhir ini hati saya kemropok,dari kcic tanpa studi kelayakan,Rempang,Seruyan,beras mahal,MK,hutang menggunung dst,saya bayar pajak ratusan jt,tapi mreka tdk bermoral tdk beretika dg tugasnya",
"@floreskekinian2 @MataNajwa @tvOneNews @karniilyas Biar semua berjalan lancar dan proyek Rempang Aman, maka #DukungBahlil",
"@ssefnum Salatiga maybe, atau rembang",
Geser sikit bg ke Rempang..,
@AtokBadar75777 Bahlil Penipu.. begitu teriakan Emak2 Rempang...,
@BosPurwa Jangan mati dulu tulang...tunggu siksa dunia ....mungkin ini doa orang warga Rempang (yg terzolimi)...ingat tulang doa orang yg terzolimi akan tembus langsung ke Arsy Allah ...di terima langsung sama Allah .JD ingat omongan nya. siapapun yg menghalangi investasi akan di BULDOZER.,
@AaPramudya75469 Dr pada jadi Polisi lg nant d kirim ke rempang Bentrok deh sm warga melayu mending jualan seblak bisnis jelas itu🤣🤣🤣,
"Rembang, mau banget kesana lagi tapi masih takut rumah keluarga papi masih pajang kepala rusa banyak 😅",
@P3n99u94t_ Betul rakyat sudah kompak dan bilang OKE mari kita bersatu masyarakat Rempang untuk tetap pertahankan haknya.,
"@cordova_media indonesia dikit dikit juga mau direbut cina tiongkok tuh, mulai dari rempang dan menjalar",
@IND0_Update @mediaindonesia @indozonemedia Dukungan penuh kepada Pak Bahlil untuk Rempang Aman #DukungBahlil,
@CNNIndonesia Contohnya Warga Rempang...,
Dukungan penuh kepada Pak Bahlil untuk Rempang Aman #DukungBahlil  https://t.co/aPnKH1b1k2,
Dukungan penuh kepada Pak Bahlil untuk Rempang Aman #DukungBahlil https://t.co/iuclcaw2f9,
"@estananto Kan bukan sedang ngutang di bank, sehingga takut bila didatangi ke rumah, tapi lebih ke sudut pandang warga rempang batam. Berpuluh tahun dihujani bom, tidak mungkin anda bisa berada di posisi sudut pandang tsb. Lebih ke komentator sepak bola tarkam",
"@never_alonely Di dalam Alinea 4 Pembukaan UUD 1945 tertulis bahwa salah satu tugas Pemerintah adalah Melindungi Segenap Bangsa Indonesia dan Seluruh Tumpah Darah Indonesia....selain 3 tugas utama lainnya  Sangat jelas dan tegas  Peristiwa di Rempang, Seruyan dan lain...mencederai amanat tsb",
"Pak Bahlil selalu peduli dengan masyarakat di pulau Rempang, sehingga Rempang Aman.  #DukungBahlil  https://t.co/f5VWy3Ethh",
@Avist78273734 @Tita83079013 😃😃😃😃 tatanan yg spt apa yg menurutmu baik? Rempang? Wadas? Kcjb? Ikn? Impor beras? Kkb? Harun masihu? Sambo? Bayar influenzer? Eka sila?,
"Pak Bahlil selalu peduli dengan masyarakat di pulau Rempang, sehingga Rempang Aman.  #DukungBahlil https://t.co/Jz0nPMep23",
KAMI MENOLAK PENGGUSURAN RAKYAT REMPANG  #LawanKezaliman #TegakkanKeadilan  https://t.co/YAAfkRdThv,
"@IND0_Update @mediaindonesia @indozonemedia Pak Bahlil selalu peduli dengan masyarakat di pulau Rempang, sehingga Rempang Aman.  #DukungBahlil",
"PESAN UNTUK PAK BAHLIL, DARI WARGA REMPANG. FIR'AUN SAJA TAK PERNAH TEGA MENGGUSUR RAKYATNYA  Penguasa mengalahkan sifat, karakter dan sikap kebijakan Fir'aun dengan menggusur mengusir rakyat Rempang.""  #LawanKezaliman #TegakkanKeadilan  https://t.co/D0iWGobTGl""",
Ayo dukung pak bahlil sepenuhnya untuk memajukan proyek Rempang Aman #DukungBahlil https://t.co/rWUm9gxIfb,
@IND0_Update @mediaindonesia @indozonemedia Ayo dukung pak bahlil sepenuhnya untuk memajukan proyek Rempang Aman #DukungBahlil,
Ayo dukung pak bahlil sepenuhnya untuk memajukan proyek Rempang Aman #DukungBahlil   https://t.co/GfaQwooVeQ,
@floreskekinian2 @MataNajwa @tvOneNews @karniilyas salut banget dengan kegigihan pak bahlil untuk menciptakan Rempang Aman #DukungBahlil,
@floreskekinian2 @MataNajwa @tvOneNews @karniilyas kita akan dukung selalu pak Bahlil dalam merubah Rempang Aman dan masyarakat sejahtera #DukungBahlil,
"Salut banget berkat pak Bahlil, sekarang pulau Rempang Aman #DukungBahlil  https://t.co/3WHR0xDtsm",
@IND0_Update @mediaindonesia @indozonemedia Top abis pak bahlil Rempang Aman  #DukungBahlil,
@floreskekinian2 @MataNajwa @tvOneNews @karniilyas yukk #DukungBahlil untuk mewujudkan Rempang Aman dan investasi terus berlanjut,
"Salut banget berkah pak Bahlil, sekarang pulau Rempang Aman #DukungBahlil https://t.co/i0odMCAejM",
"@Ivatcci @jokowi @bahlillahadalia @bkpm siap memberi dukungan penuh untuk Pak Bahlil, semoga persoalan rempang segera usai #DukungBahlil",
"@IND0_Update @mediaindonesia @indozonemedia Salut banget berkah pak Bahlil, sekarang pulau Rempang Aman #DukungBahlil",
@Ivatcci @jokowi @bahlillahadalia @bkpm setuju banget terus dukung pak Bahlil biar cepat selesai proyeknya dan membuat Rempang Aman  #DukungBahlil,
Keren banget kan pak bahlil dapat dukungan penuh https://t.co/AYBZgG6J8V Rempang Aman  #DukungBahlil,
"@CSzipel_ @aniesbaswedan @ganjarpranowo @prabowo Mantap Pak Bahlil, semog Rempang Aman bisa segera  terwujud #DukungBahlil",
Bahkan anggota DPR saja mendukung pak bahlil Rempang Aman  #DukungBahlil https://t.co/x9JVWxIfkI,
"@QKhalita @bahlillahadalia Jgn mau di tipu preman .. Rempang Wilayah NKRI, bukan China....",
@IND0_Update @mediaindonesia @indozonemedia Mantapp top banget pak bahlil Rempang Aman  #DukungBahlil,
@Ivatcci @jokowi @bahlillahadalia @bkpm harus banget #DukungBahlil nihh agar masyarakat Rempang Aman,
"Partai Ummat bersama Warga Rempang, MENOLAK segala bentuk Ketidakadilan dan Melawan segala bentuk Kedzaliman...!☝✊  #TegakanKeadilan  #LawanKedzaliman   @realAmienRais  @DPP_PartaiUmmat  @RidhoRahmadi85  @Singa_Nala  @pakaipeci  @annourcharity  @BuniYani https://t.co/lpR2rJy4y2",
@Ivatcci @jokowi @bahlillahadalia @bkpm semangat pak Bahlil untuk bisa wujudkan Rempang Aman #DukungBahlil,
DPR mengakui partisipasi masyarakat dalam proyek eco city yang dipimpin oleh pak Bahlil. Kolaborasi yang positif untuk mencapai pembangunan yang inklusif dan berkesinambungan Rempang Aman #DukungBahlil https://t.co/jwHFqOKHpS,
DPR mengakui partisipasi masyarakat dalam proyek eco city yang dipimpin oleh pak Bahlil. Kolaborasi yang positif untuk mencapai pembangunan yang inklusif dan berkesinambungan Rempang Aman #DukungBahlil https://t.co/CDtuNGqErY,
@IND0_Update @mediaindonesia @indozonemedia Ditangan pak bahlil semua langsung kelar Rempang Aman  #DukungBahlil,
"@Ivatcci @jokowi @bahlillahadalia @bkpm siap dukung penuh Pak Mentri Bahlil, semoga solusi terbaik segera terwujud untuk Rempang Aman #DukungBahlil",
setuju sih dengan rencana nya untuk melibatkan masyarakat lokal. karna mau ga mau mereka yang mendiami pulau tersebut agar benar-benar tercipta Rempang Aman  #DukungBahlil https://t.co/LjlHQ44TgW,
@hc_poirot 💪💪💪💪💪👍👍👍👍👍hebat usir aj ma pengkhianat bangsat yg beralasan investasi itu mah invetasi pribadi bahlul sekalian ulin antek2 ny yg ad d rempang,
@IND0_Update @mediaindonesia @indozonemedia Keren banget pak bahlil Rempang Aman  #DukungBahlil,
@CSzipel_ @aniesbaswedan @ganjarpranowo @prabowo harus banget nihh #DukungBahlil karena di tangan beliau pasti Rempang Aman,
@CSzipel_ @aniesbaswedan @ganjarpranowo @prabowo mantapp nih kalo sama pak Bahlil pasti Rempang Aman nantinya  #DukungBahlil,
@CSzipel_ @aniesbaswedan @ganjarpranowo @prabowo semangat terus kerja baiknya pak Bahlil untuk Rempang Aman kedepannya #DukungBahlil,
As always #DukungBahlil mengenai Rempang Eco City karena pendekatan beliau lah Rempang Aman  https://t.co/75e4BbBC7y,
@IND0_Update @mediaindonesia @indozonemedia Karna pak bahlil masalah bisa teratasi Rempang Aman  #DukungBahlil,
yuk bisa yuk Rempang Aman seperti harapan masyarakat Indonesia #DukungBahlil https://t.co/rHIGjIsP93,
"@floreskekinian2 @MataNajwa @tvOneNews @karniilyas Dukung penuh Pak Mentri Bahlil, yakin rempang aman dan masyarakat sejahtera #DukungBahlil",
@CSzipel_ @aniesbaswedan @ganjarpranowo @prabowo semangat terus pak Bahlil untuk untuk mewujudkan Rempang Aman #DukungBahlil,
@IND0_Update @mediaindonesia @indozonemedia As always #DukungBahlil mengenai Rempang Eco City karena pendekatan beliau lah Rempang Aman,
As always #DukungBahlil mengenai Rempang Eco City karena pendekatan beliau lah Rempang Aman https://t.co/ythG0Qhuzl,
@floreskekinian2 @MataNajwa @tvOneNews @karniilyas Wajib banget #DukungBahlil percaya rempang aman di tangan Beliau,
@CSzipel_ @aniesbaswedan @ganjarpranowo @prabowo #DukungBahlil untuk menciptakan Rempang Aman dan sejahtera,
"Ada beberapa hal yang menjadi alasan besarnya dukungan untuk bahlil terkait  percepatan Rempang Eco City. Salah satunya adalah Menteri Bahlil berhasil menggunakan pendekatan yang ‘down to earth’, membumi, melebur dan menggunakan bahasa yang merakyat. #DukungBahlil https://t.co/hsIGWZ1S8Y",
@IND0_Update @mediaindonesia @indozonemedia Semoga pulau Rempang Aman dan tentram deh pokoknya #DukungBahlil,
@Ivatcci @jokowi @bahlillahadalia @bkpm ayoo gais kita #DukungBahlil semngat pak karna dipercaya sama pak jokowi dan pasti bapak bisa menjalankan amanah dan tanggung jawab sebaik mungkin agar Rempang Aman,
"Di #Rempang itu perusahaan nya lepas tangan, Yang Maju Pemerintah""  Aparat jadi seperti tukang pukul. Mirip centeng kompeni jaman penjajah.  [Gangsta Paradise] https://t.co/OcARyocvQr""",
Ketika ingin menjalankan proyek yang besar harus melibatkan rakyat setempat. Rempang Aman  #DukungBahlil  https://t.co/jAsnQmSCxO,
@CSzipel_ @aniesbaswedan @ganjarpranowo @prabowo setuju banget sama pak bahli untuk trus mendukung proyek Rempang Eco City agar Rempang Aman #DukungBahlil,
"Ada beberapa hal yang menjadi alasan besarnya dukungan untuk bahlil terkait  percepatan Rempang Eco City lantaran beberapa hal. Salah satunya adalah Menteri Bahlil menggunakan pendekatan yang ‘down to earth’, membumi, melebur dan menggunakan bahasa yang merakyat. #DukungBahlil https://t.co/1z7yPQyuPw",
@CSzipel_ @aniesbaswedan @ganjarpranowo @prabowo dukung sepenuhnya agar proyek ini bisa membuat Rempang Aman dan damai #DukungBahlil,
@floreskekinian2 @MataNajwa @tvOneNews @karniilyas Pasti dukung dong. Dengan terlibatnya masyarakat Rempang pasti semua akan terwujud Rempang Aman dan juga damai dengan berhasilnya proyek ini  #DukungBahlil,
"Terkait Persoalan Rempang, Jusuf Kalla: Kenapa Rakyat Mesti Pindah? https://t.co/YrPef2TDZp",
@floreskekinian2 @MataNajwa @tvOneNews @karniilyas Terlibatnya warga Rempang dalam proyek ini pasti akan membuat Rempang Aman dan masyarakat pasti akan senang karena bisa terlibat   #DukungBahlil,
Ketika ingin menjalankan proyek yang besar harus melibatkan rakyat setempat. Rempang Aman  #DukungBahlil https://t.co/wKzVLbzUXa,
@ForRezim @AndiPitopang7 astaga... kalo g salah ini sempat distop. rempang kunci nya.,
@CSzipel_ @aniesbaswedan @ganjarpranowo @prabowo semoga Rempang Aman ditangan pak Bahlil  dukung terus hingga tuntas #DukungBahlil,
@CSzipel_ @aniesbaswedan @ganjarpranowo @prabowo Semoga apa yang telah direncanakan bisa terlaksana dengan baik dan aman. Supaya semua masyarakat Rempang Aman  #DukungBahlil,
"DPR menaruh optimisme, kepercayaan besar kepada Menteri BKPM dalam upaya rempang aman dan sekaligus memberi masukan dan dukungan penting kepada Menteri Bahlil terkait investasi di Rempang #DukungBahlil https://t.co/vdIIM3Y3c3",
@CSzipel_ @aniesbaswedan @ganjarpranowo @prabowo Proyek Rempang selesai lebih cepat pasti lebih baik. Dan pastinya akan terwujud Rempang Aman  #DukungBahlil,
"Perang? Ga Damai aja?  Di semua tempat, timteng, Indonesia, Rempang, dll.. damai memiliki syarat!  1. Keadilan 2. Kebebasan 3. Kemerdekaan  Jika tidak ada kedamaian di sana, berarti ada salah satu pihak yang tidak berbuat adil (zolim), mengungkung, dan menjajah...",
"Keputusan Pak Jokowi dalam mengutus Pak Bahlil untuk menyelamatkan masalah Rempang berhasil karena sekarang Rempang Aman, selalu #DukungBahlil https://t.co/kppoltg572",
"@CSzipel_ @aniesbaswedan @ganjarpranowo @prabowo Alhamdulillah ya, semoga saja proyek ini bisa segera selesai dan masyarakat Rempang Aman  #DukungBahlil",
"DPR menaruh optimisme, kepercayaan besar kepada Menteri BKPM dalam upaya rempang aman dan sekaligus memberi masukan dan dukungan penting kepada Menteri Bahlil terkait investasi di Rempang #DukungBahlil https://t.co/WZUgcfpqHy",
Warga Melayu Rempang Terus Serukan Tolak Penggusuran https://t.co/lA9PVS6fR6,
"DPR menaruh optimisme, kepercayaan besar kepada Menteri BKPM dalam upaya rempang aman dan sekaligus memberi masukan dan dukungan penting kepada Menteri Bahlil terkait investasi di Rempang. Selain itu, apa yang dilakukan Bahlil pun layak jadi percontohan ke depan. #DukungBahlil https://t.co/wRusVaboU4",
"@awank2017 Ngapain diusir Yang ingin ngambil tanah Pribumi melayu rempang itu cina...kok yang diusir malah yaman, kan gwooobwoookk",
"@SammiSoh Yang ingin menguasai tanah Pribumi melayu rempang itu adalah turunan cina Bukan turunan yaman Turunan yaman baik baik, ga nguasai tanah Pribumi",
"Konflik Lahan di Seputaran Jakarta yang Tak Ingin Jadi Rempang Kedua, Bersengketa dengan Penguasa #TempoMetro https://t.co/UzY3qhZKVb",
Bukan daerah rembang lagi https://t.co/b6AL9QvId2,
"DPR menaruh optimisme, kepercayaan besar pada Menteri Bahlil dalam upaya rempang aman dan sekaligus memberi masukan dan dukungan penting kepada Menteri Bahlil terkait investasi di Rempang. Selain itu, apa yang dilakukan Bahlil pun layak jadi percontohan ke depan #DukungBahlil https://t.co/uBe2fya68n",
Proyek eco city yang inklusif mendapatkan dukungan dari DPR. Kami berkomitmen untuk memastikan pembebasan lahan selesai secepatnya Rempang Aman #DukungBahlil https://t.co/H3Mgdc97xe,
DPR mengapresiasi kinerja pak Bahlil yang melibatkan masyarakat dalam proyek eco city. Kami mendukung pembebasan lahan yang segera diselesaikan Rempang Aman #DukungBahlil https://t.co/TeZa01f8xm,
"DPR menaruh optimisme, kepercayaan besar kepada Menteri Bahlil dalam upaya rempang aman dan sekaligus memberi masukan dan dukungan penting kepada Menteri Bahlil terkait investasi di Rempang. Selain itu, apa yang dilakukan Bahlil pun layak jadi percontohan ke depan. #DukungBahlil https://t.co/Sm1z5gJ1Zo",
"@CSzipel_ @aniesbaswedan @ganjarpranowo @prabowo semoga programnya bisa berjalan dengan lancar, pasti #DukungBahlil karna berkat pak bahlil Rempang Aman",
@alumni_monas @BBCIndonesia alhamdulillah.... silahkan donasi ke warga rempang,
"di wadas, di rempang, di pulau komodo di bagian manapun di indonesia yang dijajah para investor terutama aktor-aktor terlibat dalam jebakan utang cina, netizen selalu bela yang lemah. eh, giliran hari-hari orang palestina ditindas untuk sekedar bertani, tetap jadi ghoyyim zionis",
Terungkap Korupsi Setoran UWT Rempang Eco City Rp ... https://t.co/ZGpekOCwxe,
"DPR menaruh optimisme, kepercayaan besar kepada Menteri Bahlil dalam upaya rempang aman dan sekaligus memberi masukan dan dukungan penting kepada Menteri Bahlil terkait investasi di Rempang. Selain itu, apa yang dilakukan Bahlil pun layak jadi percontohan ke depan. #DukungBahlil https://t.co/l76mGotZdX",
"Aparat suruhan Rezim Pekok yg tak tau malu, udah jelas² kl Warga Rempang menolak Relokasi tapi masih sj memaksa dan merampas lahan milik warga.....  Wajah² Perampok yg doyan menikmati yg haram 🙄 https://t.co/nOnkBpahv9",
semoga masalah nya segera selesai pak. Rempang Aman #DukungBahlil  https://t.co/q3LQnhIQl7,
"Ada juga yg mendoakan. Tapi bukan doa kesembuhan.Netizen berdoa agar disegerakan.  Luhut mau membuldozer warga Rempang. Semoga dia segera dibuldoser malaikat mau,""  Sadis, ya? Tapi ada lagi yg lebih sadis. Netizen berdoa agar sakaratul mautnya dibuat lama https://t.co/C7IPepWJas""",
"'Rempang Gate, Makzulkan dan Adili Jokowi' https://t.co/987pTWex1k",
@Ivatcci @jokowi @bahlillahadalia @bkpm Semangat pakk... semoga permasalahan dalam mewujudkan rempang aman cepat terselesaikan... ayoo dukung terus pak bahlil #DukungBahlil,
sangat patut diancungin jempolll. Rempang Aman #DukungBahlil  https://t.co/SVdqElWgKX,
"@YLBHI @ListyoSigitP Awalnya warga pulau komodo lanjut Rempang dan  blm selesai menyusul Seruyan  terus sampai kapan rakyat bisa damai sejahtera, katanya negara ini gemah Ripah loh jinawi ttp kenyataanya beras pun import, dan saran pak Tito rakyat di suruh makan ubi karena harga beras mahal, https://t.co/X76vEMVMlO",
"Luhut mau membuldozer warga Rempang. Semoga dia segera dibuldoser malaikat mau,"" cubit netizen.  Sadis, ya? Tapi ada lagi yg lebih sadis. Netizen berdoa agar sakaratul mautnya dibuat lama, minimal sebulan. Biar menderita, katanya.   Kenapa respon netizen terhadap LBP begitu, ya?""",
sangat patut untuk diapresiasi. Rempang Aman #DukungBahlil  https://t.co/mV6ELWNMKY,
Sangat keren pak Bahlil. Rempang Aman #DukungBahlil  https://t.co/Rhn21LGGTC,
@TeddGus Apanya yang Mau dibuktikaan...Tanpa dibuktikaan Saja akal sehat pasti bersama masyarakat rempang yang menolakkk,
Ini nih baru menteri keren . sangat patut diapresiasi . Rempang Aman #DukungBahlil  https://t.co/99O7K5YIxq,
ayo segenap masyarakat juga ikut serta dalam mendukung masalah ini . Rempang Aman #DukungBahlil  https://t.co/rvzlPjYjng,
"@Fantacy_Lover @Napit61496887 @geloraco Akun bokep lu tong. Sokan cerita soal rempang.""",
"wah, hebat banget nih pak menteri satu ini. sangat patut untuk di apresiasi. Rempang Aman #DukungBahlil  https://t.co/SLDKAwSlQL",
@Nurkiman2 @yo2thok Sudah tu konflik rempang,
"Rempang , Seruyan membara, sementara di IKN oligarki tengah menyiapkan pesta.  https://t.co/bbdiccm387",
sangat patut untuk diapresiasi. Rempang Aman #DukungBahlil  https://t.co/xAoTY8lLmF,
@RandomWorldWar Miting warga rempang itu hina gak min? Btw aku jangan di piting ya 😭,
Proyek eco city yang melibatkan masyarakat mendapat apresiasi dari DPR. Pembebasan lahan akan segera diselesaikan sesuai instruksi presiden Rempang Aman #DukungBahlil https://t.co/z2ypOIurMK,
DPR memberi penghargaan kepada pak Bahlil atas kinerja inklusifnya dalam proyek eco city. Pembebasan lahan akan diupayakan dengan secepatnya Rempang Aman #DukungBahlil https://t.co/NuQSOHg6VL,
@CiptaApaCips @kompascom jadi ingat masyarakat di Rempang...,
Kinerja pak Bahlil yang melibatkan masyarakat dalam proyek eco city mendapatkan penghargaan dari DPR. Keberlanjutan proyek ini adalah prioritas kami Rempang Aman #DukungBahlil https://t.co/X7ZoCUwqsJ,
DPR mengapresiasi langkah pak Bahlil yang melibatkan masyarakat dalam proyek eco city. Pembebasan lahan akan diselesaikan secepatnya sesuai instruksi presiden Rempang Aman #DukungBahlil https://t.co/3C48Xfi5QZ,
@liputan6dotcom pasti bakal ada counter bilangnya mereka bukan warga Rempang mereka pendatang yang dibayar,
@floreskekinian2 @MataNajwa @tvOneNews @karniilyas Mantap pak  Rempang Aman  #DukungBahlil,
DPR memberikan penghargaan pada pendekatan pak Bahlil yang melibatkan masyarakat dalam proyek eco city. Inklusi adalah kunci menuju pembangunan yang berkelanjutan Rempang Aman #DukungBahlil https://t.co/u2tjIcWenK,
Keputusan presiden dalam mengatasi konflik di Rempang adalah langkah positif menuju perdamaian. Semoga masyarakat dapat merasakan dampak positifnya segera Rempang Aman #DukungBahlil https://t.co/iCTOqTore6,
Rempang Aman  #DukungBahlil https://t.co/pKjoMqZQRG,
Semangat terus pak!!! Saya dukung bapak untuk menyelesaikan masalah di pulau Rempang.. Rempang Aman #DukungBahlil https://t.co/EpBHnU61Fi,
"Mantap pak, menteri Bahlil gercep banget atasi masalah . Rempang Aman #DukungBahlil  https://t.co/aWeRENXfTP",
"@IND0_Update @mediaindonesia @indozonemedia Kalo proyek Rempang Aman, akan dipastikan Investasi bisa berjalan seiring dengan program dan kesepakatan investor dan warga lokal.#DukungBahlil",
DPR mengakui upaya pak Bahlil yang melibatkan masyarakat dalam proyek eco city. Langkah inklusif untuk memastikan keberlanjutan dan keberhasilan proyek Rempang Aman #DukungBahlil https://t.co/0HWGMhi3aD,
"keren pak bahlil, bisa jadi panutan nih buat para menteri yang lain . Rempang Aman #DukungBahlil  https://t.co/7f9lemOU7x",
Instruksi dari presiden kepada pak Bahlil untuk menyelesaikan konflik di Rempang menunjukkan komitmen pemerintah dalam menciptakan perdamaian dan kesejahteraan masyarakat Rempang Aman #DukungBahlil https://t.co/kiCF0ufgNb,
@feedemady Pengalihan isu rempang,
@IND0_Update @mediaindonesia @indozonemedia sangat mengapresiasi kinerjanya untuk Rempang Aman . Pak bahlil hebat #DukungBahlil,
"Kondisi proyek rempang eco-city udah mulai aman nih , semoga kedepannya proyek investasi bisa jalan maksimal sesuai kesepakatan bersama. #DukungBahlil https://t.co/AlHB9RmbnL",
Rempang aman karna langkah pak bahlil dalam mengambil solusi yang tepat. Rempang Aman #DukungBahlil https://t.co/qj6CQGNsCc,
"Top banget deh pak menteri satu ini, cocok banget diancungin jempolll. Rempang Aman #DukungBahlil  https://t.co/BOGKPNtZsL",
DPR memberikan apresiasi atas kinerja pak Bahlil yang menggandeng masyarakat dalam proyek eco city. Kerjasama yang baik akan memajukan pembangunan daerah Rempang Aman #DukungBahlil https://t.co/AFPbCtVdu7,
@donkim30 @TxtdariHI Bisa dibikin kayak rempang😋,
DPR mengapresiasi kinerja pak Bahlil yang melibatkan masyarakat dalam proyek eco city. Keterlibatan warga adalah kunci keberhasilan proyek ini Rempang Aman #DukungBahlil https://t.co/xXbfqX2c8o,
DPR mengapresiasi kinerja pak Bahlil yang melibatkan masyarakat dalam proyek eco city. Keterlibatan warga adalah kunci keberhasilan proyek ini Rempang Aman #DukungBahlil https://t.co/JZOPhZ8rA4,
"Tetap semangat pak, seluruh masyarakat mendukung pak bahlil. Rempang Aman #DukungBahlil  https://t.co/RfP9foOvhH",
Presiden memberikan instruksi kepada pak Bahlil untuk mengatasi konflik di Rempang. Langkah bijaksana untuk menciptakan perdamaian dan kemajuan Rempang Aman #DukungBahlil https://t.co/Rx7RL16IXB,
@floreskekinian2 @MataNajwa @tvOneNews @karniilyas Kalau aku selalu #DukungBahlil untuk eco-city rempang ini. InshaAllah Rempang Aman ditangan pak Bahlil,
"ayo dukung terus pak bahlil guys, agar masalahnya segera selesai . Rempang Aman #DukungBahlil  https://t.co/11T6BfPgXQ",
"kerennn pak, sudah dinstruksikan pak presiden . Rempang Aman #DukungBahlil https://t.co/Aybyy4g7Yp",
DPR menghargai kolaborasi pak Bahlil dengan masyarakat dalam proyek eco city. Kami mendukung pembebasan lahan yang segera diselesaikan Rempang Aman #DukungBahlil https://t.co/8tqkJ5Ao8C,
"@IND0_Update @mediaindonesia @indozonemedia mantap sekali kinerja pak bahlil, ayo dukung terus guys . Rempang Aman #DukungBahlil",
Kinerja pak Bahlil yang melibatkan masyarakat dalam proyek eco city mendapatkan penghargaan dari DPR. Keberlanjutan proyek ini adalah prioritas kami Rempang Aman #DukungBahlil https://t.co/QggGbmvuMO,
Rempang aman karna langkah pak bahlil dalam mengambil solusi yang tepat. Rempang Aman #DukungBahlil  https://t.co/GmtrINQYJN,
@IND0_Update @mediaindonesia @indozonemedia semoga Rempang Aman untuk investasi berkelanjutan #DukungBahlil,
Beliau Kelelahan terlalu banyak jabatan yg di pegang. Mulai dari vaksin covid sampai buldozer rempang.,
DPR mengapresiasi langkah pak Bahlil yang melibatkan masyarakat dalam proyek eco city. Pembebasan lahan akan diselesaikan secepatnya sesuai instruksi presiden Rempang Aman #DukungBahlil https://t.co/KXg75wMJ0u,
Kinerja pak Bahlil dalam proyek eco city disambut baik oleh DPR. Pembebasan lahan yang cepat adalah komitmen kami sesuai instruksi presiden Rempang Aman #DukungBahlil https://t.co/XujKX2U1uD,
"Rempang Aman , semoga target2 pembangunan rempang yang merupakan bagian proyek nasional berjalan lancar. #DukungBahlil https://t.co/2mI1UNoL4t",
DPR mengakui partisipasi masyarakat dalam proyek eco city yang dipimpin oleh pak Bahlil. Kolaborasi yang positif untuk mencapai pembangunan yang inklusif dan berkesinambungan Rempang Aman #DukungBahlil https://t.co/ATFgr02gYa,
@IND0_Update @mediaindonesia @indozonemedia Ayo pak percepat masalah rempang . Sukses proyek Rempang Aman #DukungBahlil,
Instruksi presiden kepada pak Bahlil menunjukkan perhatian pemerintah terhadap keamanan dan kesejahteraan masyarakat di Rempang. Tindakan yang mendukung kemajuan Rempang Aman #DukungBahlil https://t.co/5Je2Dg5Dso,
"@bianca01403 jika ini benar di rempang maka berSIAPlah buat oknum aparat di lapangan pilih perintah penguasa yg di dikte oligarki dan cinak komunis dan berhadapan dengan saudara sebangsamu yg mempertahankan HAK HIDUP mereka, *silahkan berkorban utk siapa di dunia, akhirat pengadilan pasti",
Rempang Gate: Makzulkan dan Adili Jokowi https://t.co/ZKqIpYwSA8,
"@FraksiRakyatID Rempang, Wadas dia gak peduli dan pura-pura gak tau apalagi ini. Di jaman si dongo rakyat udh dianggap sampah, apa gunanya reformasi 98 kalo ujung-ujungnya si nganu balikin lagi negri ini ke orde barbar",
Dengan kinerja pak Bahlil untuk selalu Kawal Investasi dalam negeri bisa dipastikan proyek pembangunan di rempang Aman dan bisa makin efektif.#DukungBahlil https://t.co/R9ZzqJIUTo,
@blank0429 @France24_en Tindakan represif dan menakut-nakuti yang dilakukan aparat rezim Jokowi kepada warga Rempang adalah bentuk kolonialisasi baru !,
"Reaksi Melayu 5 Negara BP Batam, Bahlil Lahadalia Muhammad Rudi Pembohong, Status Pengelolaan Pulau Rempang! https://t.co/bP3KHdMEnX",
@IND0_Update @mediaindonesia @indozonemedia Keputusan presiden dalam mengatasi konflik di Rempang adalah langkah positif menuju perdamaian. Semoga masyarakat dapat merasakan dampak positifnya segera Rempang Aman #DukungBahlil,
TRAGEDI REMPANG &amp  KAPITALISME AGRARIA -  ICOMAF 22 https://t.co/TDJzIbvsBR via @YouTube,
@IND0_Update @mediaindonesia @indozonemedia DPR mengakui upaya pak Bahlil yang melibatkan masyarakat dalam proyek eco city. Langkah inklusif untuk memastikan keberlanjutan dan keberhasilan proyek Rempang Aman #DukungBahlil,
@IND0_Update @mediaindonesia @indozonemedia DPR memberikan apresiasi atas kinerja pak Bahlil yang menggandeng masyarakat dalam proyek eco city. Kerjasama yang baik akan memajukan pembangunan daerah Rempang Aman #DukungBahlil,
@IND0_Update @mediaindonesia @indozonemedia DPR mengapresiasi kinerja pak Bahlil yang melibatkan masyarakat dalam proyek eco city. Keterlibatan warga adalah kunci keberhasilan proyek ini Rempang Aman #DukungBahlil,
"@Positvevbs bunga raflesia arnoldi, pulau rempang, pindang patin 😂",
@IND0_Update @mediaindonesia @indozonemedia Presiden memberikan instruksi kepada pak Bahlil untuk mengatasi konflik di Rempang. Langkah bijaksana untuk menciptakan perdamaian dan kemajuan Rempang Aman #DukungBahlil,
@IND0_Update @mediaindonesia @indozonemedia Proyek eco city yang inklusif mendapatkan dukungan dari DPR. Kami berkomitmen untuk memastikan pembebasan lahan selesai secepatnya Rempang Aman #DukungBahlil,
@IND0_Update @mediaindonesia @indozonemedia DPR memberikan penghargaan pada proyek eco city yang melibatkan masyarakat di bawah pimpinan pak Bahlil. Pembebasan lahan akan dijalankan dengan cepat dan efisien Rempang Aman #DukungBahlil,
"@hc_poirot Demi ambisi kesenangan oligarki dan Cukong bertindak sewenang-wenang terhadap Warga Rempang Galang, Terkutuk la kalian",
@IND0_Update @mediaindonesia @indozonemedia Langkah pak Bahlil yang melibatkan masyarakat dalam proyek eco city diapresiasi oleh DPR. Pembebasan lahan akan diurus dengan cepat Rempang Aman #DukungBahlil,
@hc_poirot @GhazaliIhwan Keren Rempang,
"keren banget pak, langsung ada instruksi dari pak presiden loh untuk tuntaskan rempang . Rempang Aman #DukungBahlil https://t.co/iusZRQOQjR",
ayo masyarakat juga terus dukung ya... Rempang Aman #DukungBahlil https://t.co/3Zi9t3D4wO,
keren banget pak menteri satu ini . Rempang Aman #DukungBahlil https://t.co/jeFAUZnYU3,
keren banget pak . Rempang Aman #DukungBahlil https://t.co/by9pvR8dsy,
DENGARKAN SAUDARAKU MELAYU REMPANG! Anjing2 KOMUNIS anak2 PKI penjilat CHINA selundupan @jokowi CS itu sudah tidak bisa bersikap baik pada kalian! Kalian harus melawan mereka dengan keras juga! #SaveRempang #LAWANanjingKomunis #LAWANkedzaliman #Berjuanglah https://t.co/XMS8gbDaxl https://t.co/e2BushMfKf,
semangat pak atasi pulau rempang . Rempang Aman #DukungBahlil https://t.co/EBIPw0gLAb,
"keren , langsung ada instruksi dari pak presiden lo. keren pak bahlil. Rempang Aman #DukungBahlil https://t.co/eHVwSjIIU8",
"hebat banget sih ini , gerak cepat banget .pak jokowi aja dukung . Rempang Aman #DukungBahlil https://t.co/VVT2cKWem0",
"ayo teman2 , terus dukung pak bahlil dalam atasi rempang . Rempang Aman #DukungBahlil https://t.co/gGzOuM15Dd",
"ayo ayo ,masyarakat juga harus terlibat . Rempang Aman #DukungBahlil https://t.co/Q7hymkrd4F",
"pak, tetap semangat dalam atasi investasi rempang . Rempang Aman #DukungBahlil https://t.co/nlI9TDu2wS",
"wah, keren ini , gerak cepat dalam atasi masalah . Rempang Aman #DukungBahlil https://t.co/GXEYFWHhw8",
"mantap pak bahlil, semoga segera selesai . Rempang Aman #DukungBahlil https://t.co/ix06ecNSvL",
"wah, ini baru menteri hebat indonesia . Rempang Aman #DukungBahlil https://t.co/9yX2q11yEW",
"@tvOneNews Investasi itu memang bagus, tapi bukan sampai mengabaikan kepentingan, cagar budaya (tanah ulayat) dan kehidupan masyarakat di Rempang.  Yang herannya menteri ini koq ngotot sekali, hingga mengabaikan hak² masyarakat, ada apa ya...?",
@geloraco do'a warga rempang mustajab,
Rempang Gate: Makzulkan dan Adili Jokowi https://t.co/sndj4TrvZX https://t.co/Hr6jEjkpJc,
@democrazymedia Gkush mmprofokasi. Rempang galang jauh2 hari 2002/2004 sdh diambil kputusan benci boleh logika dipakai,
@democrazymedia Audit aja. Kereta cepat aja bengkak. Mndalika aja kisruh. Rempang gak beres..! Beras..! https://t.co/JdwNqRfJ8B,
"Lekas sembuh Opung, tapi jangan buldoser warga rempang demi cina",
"hebat pak bahlil, semoga segera selesai akhir 2023. Rempang Aman #DukungBahlil https://t.co/MEPmIllsBX",
"@YoezZar Jangan lupa  tanah warga melayu Rempang,itu milik mereka sejak abad 18. Lebih Baik Mati Berdiri Daripada Hidup Berlutut. Takkan Hilang Warga Melayu Di Bumi Indonesia. Esa Hilang Dua Terbilang. “Diam kita ditindas, kita harus bergerak utk menyelamatkan Bangsa Negara Indonesia ini” https://t.co/II2wbxlxKl",
"keren pak, laksanakan. Rempang Aman #DukungBahlil https://t.co/axdmFaLTza",
@tvOneNews Jgn menyerah warga rempang klo kalian mau di bujuk pindah artinya kalian gk kapok kena prank mslh sertifikat kmrn ..,
ayo tetap semangat pak . Rempang Aman #DukungBahlil https://t.co/OqcSJvW5gw,
"jokowi mendukung pak bahlil guy, kita juga harus ikut mendukung . Rempang Aman #DukungBahlil https://t.co/h16JIywFve",
@IND0_Update @mediaindonesia @indozonemedia Untuk Rempang Aman dan semua berjalan lancar  #DukungBahlil,
ayo kita juga harus dukung pak Bahlil. Rempang Aman #DukungBahlil https://t.co/W9mQ14bejg,
@IND0_Update @mediaindonesia @indozonemedia asli keren banget inimah sat set abess Rempang Aman #DukungBahlil,
Semoga segera selesai ya pak . Rempang Aman  #DukungBahlil https://t.co/P6LpTxrl1C,
@bianca01403 Jangan sampai tanah Rempang dijadikan obyek wisata maksiat!!,
Untuk Rempang Aman dan semua berjalan lancar  #DukungBahlil https://t.co/WLMo7yFEbl,
Semoga semua berjalan lancar dan Rempang Aman #DukungBahlil https://t.co/3A6SJsucJZ,
"wah ,pak jokowi juga sangat tegas dalam atasi rempang . Rempang Aman #DukungBahlil https://t.co/6dqzgR5HwT https://t.co/7C64FRB0fL",
@IND0_Update @mediaindonesia @indozonemedia DPR memberi penghargaan kepada pak Bahlil atas kinerja inklusifnya dalam proyek eco city. Pembebasan lahan akan diupayakan dengan secepatnya Rempang Aman #DukungBahlil,
https://t.co/SE6e2GGDYj BAHKAN DI TERIAKI MALING SAMPE LIAT IBU NANGIS MEMOHON TAK MAU DI GUSUR DIA TETAP TERTAWA PERCAYA DIRI TAK PUYA MALU SAMA SEKALI CKCKCK  https://t.co/rfl9iiPkmO NAHH BUAT WARGA REMPANG BELAJAR DARI SAUDARA KITA DI MANDALIKA,
kita masyarakat mendukung juga untuk menyelesaikan pulau rempang . Rempang Aman #DukungBahlil https://t.co/0w3HlnSWzr,
"wah, keren banget pak bahlil. Rempang Aman #DukungBahlil https://t.co/wzshsvBZYg",
"@IND0_Update @mediaindonesia @indozonemedia Mantap pak, memang harus melibatkan warga agar tidak terjadi salahpaham dan supaya mempercepat investasi Pulau Rempang. Rempang Aman  #DukungBahlil",
"wah, sangat hebat pak menteri satu ini . Rempang Aman #DukungBahlil https://t.co/niz6fAd0PD",
"@IND0_Update @mediaindonesia @indozonemedia mantap pak pendekatan dengan warganya, agar tidak ada miskom lagi🥰 Rempang Aman  #DukungBahlil",
keren keren pak . Rempang Aman #DukungBahlil https://t.co/TYY5E0bYDF,
Ayo terus dukung pak bahlil dalam atasi rempang . Rempang Aman #DukungBahlil https://t.co/yHlcWkKo1p,
DPR Jempoli cara Menteri Tangani Konflik  Pulau Rempang Aman #DukungBahlil  https://t.co/1YZbxw6vsC,
@yaniarsim Kebanyakan mikir cara gusur warga Rempang,
@IND0_Update @mediaindonesia @indozonemedia Semoga semua berjalan lancar dan Rempang Aman #DukungBahlil,
Rempang Aman proyek eco city akan berjalan lancar berkat menteri #DukungBahlil  https://t.co/z8S1guEcUJ,
@IND0_Update @mediaindonesia @indozonemedia ini baru menteri top indonesia . Rempang Aman  #DukungBahlil,
"@IND0_Update @mediaindonesia @indozonemedia Kerja pak bahlil paling sat set ya, tetap semangat pak bahlil . Rempang Aman #DukungBahlil",
Keren sekali! Lanjutkan Pak kami selalu #DukungBahlil untuk menyelesaikan investasi pulau Rempang Aman https://t.co/sdOpqgEUbT,
@IND0_Update @mediaindonesia @indozonemedia mantap pak . Rempang Aman  #DukungBahlil,
Semoga semua berjalan lancar dan Rempang Aman #DukungBahlil https://t.co/EP1wcdSSeB,
@IND0_Update @mediaindonesia @indozonemedia top banget gaya persuasif pak bahlil  Rempang Aman  #DukungBahlil,
Ayo masyarakat dan DPR harus juga terlibat dalam menyelesaikan investasi rempang . Rempang Aman #DukungBahlil  https://t.co/yTai0va5S6,
@IND0_Update @mediaindonesia @indozonemedia Keputusan presiden dalam mengatasi konflik di Rempang adalah langkah positif menuju perdamaian. Semoga masyarakat dapat merasakan dampak positifnya segera Rempang Aman #DukungBahlil,
@IND0_Update @mediaindonesia @indozonemedia keren pak . Rempang Aman  #DukungBahlil,
Untuk Rempang Aman dan semua berjalan lancar  #DukungBahlil https://t.co/nCAhHMhf5J,
"@IND0_Update @mediaindonesia @indozonemedia wah, ini hebat banget sih . Rempang Aman  #DukungBahlil",
"Rempang Aman, langkah untuk menggandeng warga masyarakat patut diacungi jempol, krn mereka yg paham tempat mereka   #DukungBahlil   https://t.co/4oHojzsqUY",
Rempang maju pasti masyarakat pun maju Rempang Aman  #DukungBahlil https://t.co/IijxwS4Lgy,
Demi korporasi kalian menumpahkan darah kami.  #rempang  #kanjuran  #seruyan #indonesia  #Palestine  #Hamas https://t.co/T0cFIV4gGK,
@IND0_Update @mediaindonesia @indozonemedia Rempang Aman karna langkah yang tepat dilakukan  #DukungBahlil,
"ayo masyarakat juga harus mendukung , agar masalah ini cepat selesai . Rempang Aman #DukungBahlil  https://t.co/wNVxd0Nz86",
"Ayo pak DPR , harus ikut juga dalam mengatasi rempang . Rempang Aman #DukungBahlil  https://t.co/ssKYjamt3T",
ayo tetap semangat buat pemerintah dalam menyelesaikan masalah investasi rempang . Rempang Aman #DukungBahlil  https://t.co/qt1qT9cYbr,
@kompascom admin @kompascom  ngga sekalian menyebut pejuang kemerdekaan RI atau masyarakat Rempang sbg teroris? Orang2 yg mempertahankan hak2 dan tanah air nya kalian labeli sbg teroris. Sampah banget ya! Admin @kompascom pendukung Zionis!!,
"Rempang Aman, langkah yg persuasif dengan melibatkan masyarakat adalah tindakan yg smart krn mereka yg paham wilayah nya   #DukungBahlil   https://t.co/DubLLMC3kW",
"@IND0_Update @mediaindonesia @indozonemedia Kerja pak bahlil paling sat set ya, tetap semangat pak bahlil . Rempang Aman #DukungBahlil",
ayo kalau bukan kita siapa lagi yang mendukung pemerintah . Rempang Aman #DukungBahlil  https://t.co/GkquqvjnBc,
Bekerja keras pak buat Rempang Aman dan selalu support untuk yang kinerjanya  #DukungBahlil https://t.co/aUxjQ3ao0s,
@IND0_Update @mediaindonesia @indozonemedia layak diancungi jempol Pak Bahlil membuat Rempang Aman #DukungBahlil,
"gini dong ,DPR ikut serta dalam menyelesaikan masalah . Rempang Aman #DukungBahlil  https://t.co/C4jsWYgPIP",
"@davidnurbianto Gila ternyata dampak buruk dari tersebarnya pulau2 nusantara adalah, tenggang rasa dan rasa saling memiliki yg juga redup. Egosentris dan ke sukuan menyumbang sedikit. Saudara kita se tanah air ditembaki di dayak, bulan lalu benteok di rempang. Kita masih bisa tidur nyenyak",
dukungan penuh kepada Pak Bahlil buat Rempang Aman #DukungBahlil https://t.co/oJ6mRSjx0R,
"@rianernesto Gila ternyata dampak buruk dari tersebarnya pulau2 nusantara adalah, tenggang rasa dan rasa saling memiliki yg juga redup. Egosentris dan ke sukuan menyumbang sedikit. Saudara kita se tanah air ditembaki di dayak, bulan lalu benteok di rempang. Kita masih bisa tidur nyenyak",
"@Rafilsafat Gila ternyata dampak buruk dari tersebarnya pulau2 nusantara adalah, tenggang rasa dan rasa saling memiliki yg juga redup. Egosentris dan ke sukuan menyumbang sedikit. Saudara kita se tanah air ditembaki di dayak, bulan lalu benteok di rempang. Kita masih bisa tidur nyenyak",
"@SammiSoh Gila ternyata dampak buruk dari tersebarnya pulau2 nusantara adalah, tenggang rasa dan rasa saling memiliki yg juga redup. Egosentris dan ke sukuan menyumbang sedikit. Saudara kita se tanah air ditembaki di dayak, bulan lalu benteok di rempang. Kita masih bisa tidur nyenyak",
"DPR aja dukung pak bahlil, kita juga sebagai masyarakat harus ikut serta mendukung masalah pulau rempang agar cepat selesai . Rempang Aman #DukungBahlil  https://t.co/SgSawlgzNk",
Gerak Crpat Pak Bahlil dengan pendekatan 'down to earth' buat Rempang Aman #DukungBahlil https://t.co/Fse9fpy7il,
@Safa_Andriana @BosPurwa Kayak naga menelan bumi Rempang...,
"Gila ternyata dampak buruk dari tersebarnya pulau2 nusantara adalah, tenggang rasa dan rasa saling memiliki yg juga redup. Egosentris dan ke sukuan menyumbang sedikit. Saudara kita se tanah air ditembaki di dayak, bulan lalu benteok di rempang. Kita masih bisa tidur nyenyak",
@IND0_Update @mediaindonesia @indozonemedia Semoga tidak ada hambatan Rempang Aman  #DukungBahlil,
ayo dukung juga dalam mengatasi masalah pulau Rempang . Rempang Aman  #DukungBahlil  https://t.co/Qiw5NSxrry,
@IND0_Update @mediaindonesia @indozonemedia Semoga rempang tetap lancar Rempang Aman  #DukungBahlil,
ayo masyarakat juga harus terlibat . Rempang Aman #DukungBahlil  https://t.co/iDYFdGAFHb,
Dukung pak bahlil untuk memajukan proyek Rempang Aman #DukungBahlil   https://t.co/2t5vweXz56,
"Mantap sekali kinerja pak Bahlil, DPR aja mendukung penuh.  Rempang Aman  #DukungBahlil https://t.co/NjfInM2OWK",
"@IND0_Update @mediaindonesia @indozonemedia Kerja pak bahlil paling sat set ya, tetap semangat pak bahlil . Rempang Aman #DukungBahlil",
wah keren keren pak . sangat harus diapresiasi. Rempang Aman #DukungBahlil  https://t.co/Nc10Z0t90y,
#Rempang melawan.  Sejahat jahat nya Fir'aun gak pernah mengusir rakyat dari tanah nya sendiri Lil.. @bahlillahadalia https://t.co/MaujcamKXR,
@IND0_Update @mediaindonesia @indozonemedia Kawal terus Rempang Aman  #DukungBahlil,
kita masyarakat harus ikut seta dalam mengatasi masalah rempang . Rempang Aman #DukungBahlil  https://t.co/FvyCUhOffw,
@IND0_Update @mediaindonesia @indozonemedia Jangan sampai masyarakat salah persepsi dengan konsep Rempang Aman ini   #DukungBahlil,
@msobri99 Bukan mudik cuma pulang kampung..  Rempang itu nggak digusur cuma pengosongan lahan....  Rempang itu nggak digusur cuma digeser....  Menterinya si anu lucu lucu😂😂😂🤣🤣,
@sexy_killer404 Dukung moralitas untuk Rempang!!,
Ini bertujuan agar masyarakat dapat mengetahui prospek yang akan didapatkan dari pembangunan eco city ini Rempang Aman #DukungBahlil  https://t.co/AxUSon9EqO,
"Agar terwujudnya Rempang Aman, Anggota DPR memberi dukungan pada mentri investasi agar melibatkan masyarakat   #DukungBahlil https://t.co/NY4QUMeNrR",
@IND0_Update @mediaindonesia @indozonemedia pergerakan luar biasa dari Pak Bahlil membuat Rempang Aman #DukungBahlil,
"Rempang Aman karena pak menteri ini kerjanya sat set, menggandeng masyarakat juga dengan hangat #DukungBahlil   https://t.co/seepKw80CI",
Rempang Aman karena langkah persuasif dengan merangkul masyarakat sehingga konflik2 sebelumnya bs diselesaikan dgn baik  #DukungBahlil https://t.co/b9FC7cLE04,
"@CSzipel_ @aniesbaswedan @ganjarpranowo @prabowo Sekarang Kondisi Rempang Aman terkendali, semoga proyek relokasi segera selesai dg target akhir 2023  #DukungBahlil",
@IND0_Update @mediaindonesia @indozonemedia Semangat terus pak bahlil semoga lancar.  Rempang Aman #DukungBahlil,
@IND0_Update @mediaindonesia @indozonemedia Kerja bagus Rempang Aman  #DukungBahlil,
"@VIVAcoid mandalika, IKN, pulau komodo belum lagi rempang apa lagi selanjutnya.",
Ayo pak semangat dalam atasi rempang . Rempang Aman #DukungBahlil  https://t.co/E07G66B1UT,
@IND0_Update @mediaindonesia @indozonemedia Gaspoll Rempang Aman  #DukungBahlil,
"@geloraco Percaya sekalliii, terbukti Rempang dan banyak lagiiiii",
ayo dukung pak bahlil. Rempang Aman #DukungBahlil  https://t.co/1hS26djkyO,
"@CSzipel_ @aniesbaswedan @ganjarpranowo @prabowo Setelah dinyatakan Rempang Aman , menteri Bahlil memastikan proyek ini akan segera selesai untuk relokasi.  #DukungBahlil",
@geloraco langsung teringat saudara yg di Rempang,
"@Tan_Mar3M Pulau komodo, rempang, dan seruyan pendukung dan memenangkan jokowi tapi malah dibuat susah",
Masyarakat Rempang tetap tidak mau dan menolak atas rayu dan bujukannya https://t.co/6vD1dJBXqj,
gerak cepat yang dilakukan Pak Bahlil setelah diperintahkan Jokowi dengan hasil membuat Rempang Aman dari masalah #DukungBahlil https://t.co/nHIl4TY6u1,
Terobosan Bahlil dalam investasi Pulau Rempang adalah berita luar biasa. Kami mendukung langkah-langkah ini untuk menciptakan lapangan kerja dan memperbaiki infrastruktur. 🏙️👏Rempang Aman  #DukungBahlil   https://t.co/CssGYMYr5R,
@CSzipel_ @aniesbaswedan @ganjarpranowo @prabowo Pak Jokowi aja percaya ke pak Bahlil dan memastikan Rempang Aman terkendali  #DukungBahlil,
Rempang aman dengan adanya keterlibatan pak bahlil sendiri . Rempang Aman #DukungBahlil https://t.co/FE7OQZdUiS,
Ayo dukung terus dalam mengatasi masalah rempang . Rempang Aman  #DukungBahlil  https://t.co/dXHCSrpX1w,
"@IND0_Update @mediaindonesia @indozonemedia wah, hebat banget paak , semoga proyek Rempang Aman #DukungBahlil",
"@CSzipel_ @aniesbaswedan @ganjarpranowo @prabowo Klo diliat dari hasil kerjanya setelah nyelesain masalah di Pulau Rempang, gw yakin aja sih proyek Rempang Aman dan hasilnya akan baik.  #DukungBahlil",
@IND0_Update @mediaindonesia @indozonemedia Percepat investasi agar perekonomian Rempang Aman  #DukungBahlil,
"@Stev3n_Peg3l Penyerobotan Tanah Warga Rempang, Nusron Wahid: Apa Bedanya BP Batam dengan VOC? https://t.co/aocQ4IFHZO",
"Selain itu, anggota DPR dan pak presiden mengamanatkan agar Rempang Aman #DukungBahlil https://t.co/dDPwiAibOX",
"Membantu perekonomian masyarakat,  dan keamanan masih adalah tujuan utama dari investasi Rempang Aman ini #DukungBahlil https://t.co/UP45UtdyxO",
Investasi yang dipercepat oleh Bahlil di Pulau Rempang adalah contoh nyata bahwa pembangunan inklusif dan berkelanjutan adalah kunci untuk memajukan daerah. Sukses terus untuk perubahan yang lebih baik! Rempang Aman  #DukungBahlil https://t.co/WcdB1nYtNt,
@IND0_Update @mediaindonesia @indozonemedia Pendekatan yang baik demi terwujudnya Rempang Aman  #DukungBahlil,
@geloraco Semoga pak luhut diberi kesembuhan biar bisa membuldozer warga rempang... Udah mirip buzerP belum?,
"Tinjau Hunian Sementara Warga Rempang, Menteri Bahlil Klaim 341 KK Sukarela Pindah https://t.co/aEBpLO4P0B",
Anggota DPR pun mendukung agar tercipta Rempang Aman #DukungBahlil  https://t.co/xCwofUT6lH,
Pesan warga #Rempang kepada Bahlil https://t.co/cLYDw8VTdU,
semoga proyek Rempang Aman bisa terlaksana dengan baik #DukungBahlil https://t.co/4fMqwLY8aR,
"Opung, di antara doa  rakyat rempang ....",
"Agar Rempang Aman, saling berkomunikasi dengan masyarakat demi mensejahtetakan masyarakat Rempang   #DukungBahlil https://t.co/o05pMjgd0v",
"@tvOneNews Investasi akan membuka lapangan kerja. Tapi sayang bukan buat warga Rempang, karena warga Rempang ga bisa bahasa cina",
Hisnillh terbaik Rempang Aman   #DukungBahlil https://t.co/ZRvkdsrPX3,
"Datangi DPD, Tim Petisi 100 Minta Proyek Rempang Eco City Dibatalkan https://t.co/8Bg9vRvK5F",
@IND0_Update @mediaindonesia @indozonemedia Dukung pak bahlil untuk memajukan proyek Rempang Aman #DukungBahlil,
@Ojoklalenya @srikoesharyant5 Mereka yg gagal di rempang,
Masalah di Pulau Rempang terselesaikan dg baik oleh pak menteri dan Bahlil memestikan kondisi Rempang Aman dan terkendali  #DukungBahlil https://t.co/Zad5zpCQZb,
Sikon daerah komplek mabad n kiwal lbh serem drpd di Rempang... byk preman bukan ormas... tp org2 kagak jelas... tentara bukan... ormas bukan...😂😂👻👻,
"@CSzipel_ @aniesbaswedan @ganjarpranowo @prabowo semoga programnya berjalan dengan lancar, keren banget sih pak Bahlil bisa menyelesaikan lahan di area Rempang Aman😍 #DukungBahlil",
selama relokasinya sesuai pasti warga setuju sich  Rempang Aman  #DukungBahlil  https://t.co/UlSaGt8ew4,
Keputusan Bahlil untuk mempercepat investasi di Pulau Rempang adalah dorongan positif bagi pengembangan daerah terpencil. Semoga proyek ini membawa kemajuan dan keberlanjutan. Rempang Aman  #DukungBahlil   https://t.co/JBjftAAlQT,
Semoga proyek Rempang Aman dan segera selesai ya pak #DukungBahlil https://t.co/0mG6MjSoN5,
@IND0_Update @mediaindonesia @indozonemedia Mantap pak bahlil segala urusan beres proyek Rempang Aman terkendali #DukungBahlil,
@VIVAcoid Semua ini terinspirasi dari Rempang,
"Udah tepat banget ni pak Jokowi ksh instruksi ke  orang yg tepat , pak Bahlil pastikan kondisi Rempang Aman  #DukungBahlil https://t.co/xoU2O9vFdt",
"@IND0_Update @mediaindonesia @indozonemedia Rempang Aman karena ada pak bahlil yang kerjanya sat set, menggandeng masyarakat juga dengan hangat. #DukungBahlil",
Ada apa dengan Rempang ?,
Besar dukungan kepada Bahlil terhadap Eco City yang lebih baik . Rempang Aman  #DukungBahlil https://t.co/6JUON4hzgz,
"@IND0_Update @mediaindonesia @indozonemedia Bukan tanpa alasan, pembangunan ini untuk menciptakan Rempang Aman  #DukungBahlil",
@bahlillahadalia Hahaha bahlulditeriako maling di Rempang 😀😀😀😀🤪🤪😀Lihat video Harly Baritto! #TikTok https://t.co/AuENPminvE,
@blank0429 @MprAldo @France24_en Tolak penggusuran Rempang !!! #TolaPenggusuranRempang,
"Dengan melibatkan warga setempat dipercaya bahwa Rempang Aman, sejahtera dan bisa berkembang dengan ramah lingkungan  #DukungBahlil  https://t.co/XXzzCefcyx",
Usaha tidak akan mengkhianati hasil proyek Rempang aman   #DukungBahlil  https://t.co/ebKyAIyTkK,
@floreskekinian2 @MataNajwa @tvOneNews @karniilyas Pantas jika DPR dan publik mengapresiasi langkah menteri @bahlillahadalia selesaikan kasus rempang lewat pendekatan humanis.  Rempang Aman  #DukungBahlil,
"Agar tercipta kekondusifitasan di Pulau Rempang, sebaiknya warga setempat diikutsertakan dalam proses pembangunan eco city di Rempang Aman  #DukungBahlil https://t.co/qxYoWsKg01",
Ayo pak percepat masalah rempang dan proyek Rempang Aman dan selwsai dengan baik #DukungBahlil https://t.co/qp1faYJAS8,
@CSzipel_ @aniesbaswedan @ganjarpranowo @prabowo Nggak sabar pengin lihat Rempang Eco City.  Rempang Aman  #DukungBahlil,
@Ivatcci @jokowi @bahlillahadalia @bkpm Dari investasi rempang untuk warga rempang dan masyarakat Indonesia.  Rempang Aman  #DukungBahlil,
@IND0_Update @mediaindonesia @indozonemedia Semoga proyek Rempang Aman dan segera selesai ya pak #DukungBahlil,
"@geloraco Udah tahu azal bakal menjemput, segeralah sadar diri dan taubatan nasyuha kasihan warga rempang dlsb yg terdzolimi dg kebijakan yg merugikan dan menyengsarakannya",
@IND0_Update @mediaindonesia @indozonemedia Rempang maju pasti masyarakat pun maju Rempang Aman  #DukungBahlil,
"@IND0_Update @mediaindonesia @indozonemedia Investasi masa depan, Rempang Aman dan sejahtera   #DukungBahlil",
Rempang Aman semoga hasilnya lebih baik dan lebih cepat . #DukungBahlil  https://t.co/aiknXSHRcl,
"Tak lupa juga saudara di rempang, Afghanistan. Rempang tu bukan kata jauh pun dekat ja. Sama-sama kita titipkan doa pada mereka baca yasin lepas solat etc",
@Ivatcci @jokowi @bahlillahadalia @bkpm Rempang Aman di bawah kendali menteri @bahlil #DukungBahlil,
"Dan dengan dukungan anggota DPR, demi terwujudnya Rempang Aman #DukungBahlil  https://t.co/F1gsoqasbR",
"@tvOneNews Begitu gencar nya bahlil di akhir masa jabatan Presiden Jokowi, semoga saja pak bahlil tidak mati dalam kerumunan rajyat rempang",
@floreskekinian2 @MataNajwa @tvOneNews @karniilyas Setuju sih sama Rempang Aman smoga kebijakan ini memberikan dmpak positif bagi masyarakat #DukungBahlil,
@CSzipel_ @aniesbaswedan @ganjarpranowo @prabowo Kita percaya proses pembebasan lahan di rempang pasti dilakukan secara profesional.  Rempang Aman  #DukungBahlil,
"Ayo dukuung pembebasan lahan ini guysss, kita harus dukung teruss biar Rempang Aman  #DukungBahlil",
"Dengan arahan pak Presiden dalam regulasi bahwa kehadiran investasi diprioritaskan untuk kesejahteraan masyarakat setempat, demi terwujudnya Rempang Aman #DukungBahlil https://t.co/1v9NoMEpxm",
@IND0_Update @mediaindonesia @indozonemedia Pastinya selalu #DukungBahlil buat Rempang Aman 👍,
Yg belum aman itu warga rempang prof. Kaki tangan Penjajah masih meneror warga.,
Selalu sukse ls buat pak Bahlil biar Rempang semakin maju dan ekonomi meningkat. #DukungBahlil https://t.co/UlOAVK20zD,
@floreskekinian2 @MataNajwa @tvOneNews @karniilyas Pokoknya kita akan terus mendukung dan mengawal niat baik menteri @bahlillahadalia untuk warga rempang.  Rempang Aman  #DukungBahlil,
Semoga cepat selesai Rempang Aman warga senang  #DukungBahlil https://t.co/JoBMhPyh8d,
@IND0_Update @mediaindonesia @indozonemedia Secara prosedur tidak menyalahkan aturan demi Rempang Aman  #DukungBahlil,
@floreskekinian2 @MataNajwa @tvOneNews @karniilyas ikut #DukungBahlil yang meuwujudkan Rempang Aman warga pun tenang dan semua berjalan dengan lancar,
"@floreskekinian2 @MataNajwa @tvOneNews @karniilyas Sejatinya proyek strategis nasional di rempang akan berdampak positif bagi warga rempang, karena akan membantu meningkatkan perekonomian mereka.  Rempang Aman  #DukungBahlil",
"Banyak dukungan agar terwujudnya Rempang Eco City, yang ada di Pulau Rempang Aman #DukungBahlil https://t.co/IFjzXf6Hny",
@CSzipel_ @aniesbaswedan @ganjarpranowo @prabowo wajib dukung pak bahlil siihatas usahanya dlm pembebasan lahan Rempang Aman  #DukungBahlil,
@floreskekinian2 @MataNajwa @tvOneNews @karniilyas Rempang Aman akan membantu tenaga kerja untuk mendpatkan pekerjaan dngan merata dan semuanya harus ikut andil #DukungBahlil,
Menteri investasi menjalankan tugasnya agar terwujud kota impian bersamaan Rempang Aman  #DukungBahlil https://t.co/Ny9i2gJhnc,
Rempang aman dengan adanya keterlibatan pak bahlil sendiri . Rempang Aman #DukungBahlil   https://t.co/5CIvQ7DH7k,
@CSzipel_ @aniesbaswedan @ganjarpranowo @prabowo yuk dukung pak bahlil atas usahanya dlm pembebasan lahan Rempang Aman  #DukungBahlil,
@CSzipel_ @aniesbaswedan @ganjarpranowo @prabowo Kita dukung menteri @bahlillahadalia lanjutkan proyek strategis nasional di rempang.  Rempang Aman  #DukungBahlil,
Rempang Aman karena langkah persuasif dengan merangkul masyarakat sehingga konflik2 sebelumnya bs diselesaikan dgn baik  #DukungBahlil https://t.co/D5ceFNAzfO,
@Ivatcci @jokowi @bahlillahadalia @bkpm Persoalan rempang sebetulnya hanya persoalan komunikasi yg belum selesai.  Rempang Aman  #DukungBahlil,
"Rempang Aman dengan dilibatkan nya masyarakat pada Rempang eco city, permasalahan nanti nya bs di rembukkan dg warga  #DukungBahlil https://t.co/B5jrFigSzh",
@CSzipel_ @aniesbaswedan @ganjarpranowo @prabowo salutt bgtt sama pak bahlil atas usahanya dlm pembebasan lahan Rempang Aman  #DukungBahlil,
@IND0_Update @mediaindonesia @indozonemedia Semangat pak dalam menyelesaikan masalah rempang . Rempang Aman #DukungBahlil,
"@IND0_Update @mediaindonesia @indozonemedia Mantap sekali kinerja pak Bahlil, DPR aja mendukung penuh.  Rempang Aman  #DukungBahlil",
@IND0_Update @mediaindonesia @indozonemedia Bahlil mempercepat investasi di Pulau Rempang menunjukkan visi dan tekad untuk membangun masa depan yang lebih baik. Semoga upayanya membawa manfaat besar bagi masyarakat dan wilayah ini. 💪🌟Rempang Aman  #DukungBahlil,
Anggota DPR pun mendukung ide pak Bahlil dengan Rempang Aman #DukungBahlil https://t.co/hrNaiXkagy,
@IND0_Update @mediaindonesia @indozonemedia Ayo pak kami dukung bapak agar Rempang Aman #DukungBahlil,
@IND0_Update @mediaindonesia @indozonemedia semoga dengan investasi ini pulau rempang dapat berkembang lebih maju  Rempang Aman  #DukungBahlil,
@CSzipel_ @aniesbaswedan @ganjarpranowo @prabowo keren bgtt pak bahlil atas usahanya dlm pembebasan lahan Rempang Aman  #DukungBahlil,
"@Ivatcci @jokowi @bahlillahadalia @bkpm Menteri @bahlillahadalia sosok yg merakyat, maka pantas beliau mudah berbaur dengan masyarakat.  Rempang Aman  #DukungBahlil",
"Sebut Kondisi Rempang Sudah Aman, Praktisi Hukum: Jangan Ada Provokasi Lagi https://t.co/VDavjJLHKx",
Dukung selalu Rempang Aman yang selalu baik. Investasi yang baik dan ekonomi yang maju #DukungBahlil https://t.co/gySd2vZI9W,
"Atas instruksi pak presiden, berharap Rempang Aman, dan bisa menjadi kota impian #DukungBahlil https://t.co/w6e8UT5dCC",
"@CSzipel_ @aniesbaswedan @ganjarpranowo @prabowo Semoga segera selesai proses pembebasan lahan di rempang, agar investasi rempang segera dilanjutkan.  Rempang Aman  #DukungBahlil",
@CSzipel_ @aniesbaswedan @ganjarpranowo @prabowo mantap pak bahlil atas usahanya dlm pembebasan lahan Rempang Aman  #DukungBahlil,
@IND0_Update @mediaindonesia @indozonemedia Ayo masyarakat dan DPR harus juga terlibat dalam menyelesaikan investasi rempang . Rempang Aman #DukungBahlil,
@floreskekinian2 @MataNajwa @tvOneNews @karniilyas Rempang Aman di bawah kendali menteri @bahlil #DukungBahlil,
"@IND0_Update @mediaindonesia @indozonemedia Wah semoga perpres segera jadi, agar Rempang Aman  #DukungBahlil",
@floreskekinian2 @MataNajwa @tvOneNews @karniilyas Yuk kapan lagi ada proyek Rempang eco city #DukungBahlil semoga masyarakat mau terlibat agar proyek Rempang ini berjalan lancar dan Aman untuk segera ditempati,
#DukungBahlil utk mempercepat pembangunan Rempang Eco City.. Agar investasi bisa segera masuk dan perekonomian lebih meningkat..  Rempang Aman.. https://t.co/3arIi4zRX1,
@floreskekinian2 @MataNajwa @tvOneNews @karniilyas Jika masyarakat sudah terlibat maka potensi untuk protes lanjutan tidak akan terjadi.  Rempang Aman  #DukungBahlil,
"@tempodotco Klw perlu sang mentri di usir dari rempang,di larang berkunjung,kecuali yg membela rakyat,klw yg tdk cocoknya di tenggelamkan🤔🤔🤔",
Ayok kita #DukungBahlil dalam mengatasi permasalahan di Rempang. Semoga kondisi di Rempang Aman selalu https://t.co/s3gfPqxwJQ,
Ini tuh proyek Rempang Eco City yang kedepannya diharapkan menjadi kota yang ramah lingkungan  Rempang Aman #DukungBahlil  https://t.co/xyAQbD0mXw,
Rempang Aman #DukungBahlil  https://t.co/hDuYBBblwW  Gimana ga yes,
@CSzipel_ @aniesbaswedan @ganjarpranowo @prabowo Pembebasan lahan yg dilakukan pemerintah pasti sudah sesuai prosedur.  Rempang Aman  #DukungBahlil,
Rempang aman karna langkah pak bahlil dalam mengambil solusi yang tepat. Rempang Aman #DukungBahlil   https://t.co/GeyD9LCLqq,
@IND0_Update @mediaindonesia @indozonemedia Bekerja keras pak buat Rempang Aman dan selalu support untuk yang kinerjanya  #DukungBahlil,
Rempang Aman #DukungBahlil   Cpt amat keren si https://t.co/P2EspaujhI,
"@IND0_Update @mediaindonesia @indozonemedia Rempang Aman ditangan pak Bahlil, sat set sat set😎  #DukungBahlil",
@CSzipel_ @aniesbaswedan @ganjarpranowo @prabowo yuk bersama kita #DukungBahlil dalam Pembebasan lahan di area Rempang Aman,
@Ivatcci @jokowi @bahlillahadalia @bkpm Instruksi presiden Jokowi jelas bahwa beliau memerintah menteri @bahlillahadalia atasi kasus rempang.  Rempang Aman  #DukungBahlil,
"Rempang Aman, keren sih gerak cepat  #DukungBahlil https://t.co/B21s1CboUZ",
Anggota DPR juga ikut #DukungBahlil demi Rempang Aman https://t.co/CisZutuOUC,
semoga prosesnya segera selesai  dan proyek Rempang Aman #DukungBahlil https://t.co/qurDnwykxw,
Rempang Aman Nah ini top #DukungBahlil https://t.co/Vr8GzvlIv3,
@CSzipel_ @aniesbaswedan @ganjarpranowo @prabowo hayuk gass #DukungBahlil dalam Pembebasan lahan di area Rempang Aman,
@IND0_Update @mediaindonesia @indozonemedia Ayo pak percepat masalah rempang . Rempang Aman #DukungBahlil,
@papa_loren Warga Rempang jangan mau dikadalin,
DPR mendukung lebih untuk pak Bahlil Terhadap Rempang Aman  #DukungBahlil https://t.co/ugrNEAxXf3,
@floreskekinian2 @MataNajwa @tvOneNews @karniilyas Yuk yuk libatkan masyarakat sekitar untuk wujudkan Rempang Aman  #DukungBahlil,
@IND0_Update @mediaindonesia @indozonemedia sangat patut untuk apresiasi kinerjanya untuk Rempang Aman . Pak bahlil hebat #DukungBahlil,
@CSzipel_ @aniesbaswedan @ganjarpranowo @prabowo kta gw si kita wajib #DukungBahlil dalam Pembebasan lahan di area Rempang Aman,
"@IND0_Update @mediaindonesia @indozonemedia Penyelesaian yg luar biasa ,Rempang Aman  #DukungBahlil",
@IND0_Update @mediaindonesia @indozonemedia Inisiatif Bahlil di Pulau Rempang adalah contoh sempurna bagaimana investasi yang cerdas dapat mengubah komunitas. Sukses untuk proyek ini dan dampak positifnya! 🏗️✨ Rempang Aman  #DukungBahlil,
@floreskekinian2 @MataNajwa @tvOneNews @karniilyas Saya setuju banget biar cepat selesai nya Rempang Aman  #DukungBahlil,
Menteri Bahlil caranya bagus banget dalam menyelesaikan masalah Rempang Aman  #DukungBahlil  https://t.co/r52z2pquh6,
Pak Bahlil melakukan pendekatan humanis kepada masyarakat dan dapat pujian loh dari DPR Rempang Aman #DukungBahlil https://t.co/IAg0349V8B,
bahagianya lihat gimana pemerintah bertanggung jawab Rempang Aman dengan perkonomiannya #DukungBahlil https://t.co/KJlxXk0iZY,
Keren. Pak Bahlil gerak cepat tangani masalah Rempang Rempang Aman #DukungBahlil https://t.co/TqUwkhPR00,
@CSzipel_ @aniesbaswedan @ganjarpranowo @prabowo yukk bersama kita #DukungBahlil dalam Pembebasan lahan di area Rempang Aman,
DPR mendukung penuh rempang eco city. Mari kitaa sebagai masyarakat juga ikut mendukung    Rempang Aman #DukungBahlil https://t.co/1w0ESTcm4o,
Selalu optimis kalau Rempang Aman selalu jika ditangani oleh Pak Bahlil #DukungBahlil https://t.co/6tht6TecDD,
@Ivatcci @jokowi @bahlillahadalia @bkpm pasti #DukungBahlil untuk segala upaya nya dalam menyelesaikan Rempang Aman,
"Rempang Eco City: Dalam pelukan masyarakat, Menteri Bahlil menjalin koneksi emosional. Dia membuka pintu dialog, menghormati tradisi, dan membangun fondasi kuat untuk masa depan bersama. Dalam setiap langkahnya, ada kebijaksanaan dan keberanian.  Rempang Aman  #DukungBahlil https://t.co/Sszn6jIlA0",
"@Ivatcci @jokowi @bahlillahadalia @bkpm akhirnya Rempang Aman juga, berkat kerja sama masyarakat dengan pemerintah jugaa.#DukungBahlil",
@Ivatcci @jokowi @bahlillahadalia @bkpm Rempang Aman karena pak jokowi menginstruksikan pak bahlil  #DukungBahlil,
Rempang Aman  #DukungBahlil,
@CSzipel_ @aniesbaswedan @ganjarpranowo @prabowo yuk yuk kita #DukungBahlil dalam Pembebasan lahan di area Rempang Aman,
"Wah pembebasan lahan Rempang Aman, bisa selesai akhir 2023🤩🤩🤩  #DukungBahlil https://t.co/OKTFoCVyaK",
Rempang Aman  #DukungBahlil,
@IND0_Update @mediaindonesia @indozonemedia Selalu dukung pak bahlil agar investasi rempang aman cepat selesaii #DukungBahlil,
@IND0_Update @mediaindonesia @indozonemedia Keputusan Bahlil untuk mempercepat investasi di Pulau Rempang adalah dorongan positif bagi pengembangan daerah terpencil. Semoga proyek ini membawa kemajuan dan keberlanjutan. Rempang Aman  #DukungBahlil,
"@IND0_Update @mediaindonesia @indozonemedia Lanjutkan terus Pak, semoga Rempang Aman selalu  #DukungBahlil",
Rempang Aman  #DukungBahlil,
Pak bahlil nih....Rempang Aman  #DukungBahlil https://t.co/aiwzQK1znF,
"Satukan langkah, tingkatkan investasi untuk kemajuan Rempang!  Rempang Aman #DukungBahlil https://t.co/dJMKHRu9KC",
"@Ivatcci @jokowi @bahlillahadalia @bkpm tenaga kerja lokal loh efek dari investasi di Rempang ini, dan pasti sangat bermanfaat nih Rempang Aman #DukungBahlil",
@CSzipel_ @aniesbaswedan @ganjarpranowo @prabowo kita harus sama sama #DukungBahlil sihh dalam Pembebasan lahan di area Rempang Aman,
@Ivatcci @jokowi @bahlillahadalia @bkpm Kita selalu mendukung menteri @bahlillahadalia menyelesaikan arahan Presiden Jokowi terkait masalah di rempang.  Rempang Aman  #DukungBahlil,
@IND0_Update @mediaindonesia @indozonemedia Dengan proyek strategis nasional diharapkan Rempang menjadi pulau yang Aman #DukungBahlil,
@Ivatcci @jokowi @bahlillahadalia @bkpm pastikan Rempang Aman dan #DukungBahlil untuk mewujudkannya,
@floreskekinian2 @MataNajwa @tvOneNews @karniilyas Salut  sekalii dg usaha pak Bahlil demi mewujudkan Rempang Aman dengan merangkul warga lokal #DukungBahlil,
Warga pulang Rempang setuju untuk di relokasi tanpa ada hambatan . Rempang Aman  #DukungBahlil https://t.co/SoEUaguM1V,
"Aku bakal #DukungBahlil sih... Soalnya kalo Rempang Aman kan warga sekitar juga bisa bekerja dengan tenang, investasi juga bisa jalan",
@rektrektrekt123 @CNNIndonesia rempang aja dijajah,
@CSzipel_ @aniesbaswedan @ganjarpranowo @prabowo Kita do'akan semoga pembebasan lahan berjalan lancar.  Rempang Aman  #DukungBahlil,
@IND0_Update @Okt4viano @mediaindonesia @indozonemedia Potensi investasi Rempang Aman  #DukungBahlil,
@Ivatcci @jokowi @bahlillahadalia @bkpm ayo pak wujudkan Rempang Aman dengan cara yang baik dan tidak merugikan siapapun  #DukungBahlil,
Wah mantap nih Pak Bahlil libatkan masyarakan dalam proyeknya Rempang Aman banget pastinya.   #DukungBahlil https://t.co/yJv3tAsZTk,
Rempang Aman  #DukungBahlil,
@Ivatcci @jokowi @bahlillahadalia @bkpm Semangat untuk usaha pak Bahlil demi mewujudkan Rempang Aman dengan merangkul warganya #DukungBahlil,
Rempang Aman karena pak bahlil keren bisa bernegosiasi  #DukungBahlil https://t.co/hjqlCSydHy,
@floreskekinian2 @Okt4viano @MataNajwa @tvOneNews @karniilyas Tujuan investasi yang jelas Rempang Aman  #DukungBahlil,
semoga ada solusi yang tepat dan segera selesai . Rempang Aman #DukungBahlil   https://t.co/CJBwokp06c,
@IND0_Update @mediaindonesia @indozonemedia Saya dukung bapak terus untuk menyelesaikan masalah di pulau Rempang. semangat pak  Rempang Aman #DukungBahl,
@floreskekinian2 @MataNajwa @tvOneNews @karniilyas Turut #DukungBahlil dalam pelibatan masyarakat lokal di wilayah pembangunan Rempang Aman,
"@Ivatcci @jokowi @bahlillahadalia @bkpm mungkin pak Jokowi sudah punya rencana bagus untuk wilayah tersebut kedepannya, jdi jgn takut untuk melanjutkan pak Rempang Aman  #DukungBahlil",
Rempang Aman  #DukungBahlil,
@floreskekinian2 @MataNajwa @tvOneNews @karniilyas Proyek strategis nasional yg ada di rempang akan membantu tenaga kerja lokal untuk memiliki pekerjaan.  Rempang Aman  #DukungBahlil,
@IND0_Update @mediaindonesia @indozonemedia Langkah yang tepat melibatkan warga setempat semakin menaikan ekonomi warga Rempang Aman #DukungBahlil,
@IND0_Update @mediaindonesia @indozonemedia Apresiasi untuk Bahlil karena usahanya mempercepat investasi di Pulau Rempang! Langkah ini akan membuka peluang baru dan menciptakan pertumbuhan ekonomi yang berkelanjutan. Rempang Aman  #DukungBahlil,
@Ivatcci @jokowi @bahlillahadalia @bkpm kuyy #DukungBahlil untuk menyukseskan Rempang Aman,
"@CSzipel_ @Okt4viano @aniesbaswedan @ganjarpranowo @prabowo Aku sangat yakin, bisa diberikan kemudahan Rempang Aman  #DukungBahlil",
Dari awal udah yakin kalau Rempang Aman soalnya yang bantu penyelesaian bahlil dengan baik.  #DukungBahlil https://t.co/w2N2wK99SR,
Rempang Aman  #DukungBahlil,
"Anggota DPR juga mendukung agar Rempang Aman, dan sejahtera #DukungBahlil  https://t.co/diYytkq5kY",
@Ivatcci @Okt4viano @jokowi @bahlillahadalia @bkpm Mari bersinergi Rempang Aman  #DukungBahlil,
Laki laki yang dipegang omongan dan bahlil bisa buktikan itu karena berhasil membuat Rempang Aman. #DukungBahlil https://t.co/NVfpwrdcEo,
"@Ivatcci @jokowi @bahlillahadalia @bkpm pasti beliau juga sudah memperhitungkan apa yang seharusnya dilakukan, sukses trus pak wujudkan Rempang Aman  #DukungBahlil",
Rempang Aman nih pak bahlil   #DukungBahlil https://t.co/MmMdrgsERd,
@IND0_Update @mediaindonesia @indozonemedia Sudah tepat langkah presiden Jokowi mengutus menteri @bahlillahadalia selesaikan masalah rempang.  Rempang Aman  #DukungBahlil,
"Agar Rempang Aman, dan menjadi kota yang lebih baik #DukungBahlil https://t.co/63A53DCjAy",
@IND0_Update @mediaindonesia @indozonemedia Selalu kagum dengan kinerja pak Bahlil yang selalu tuntas  Rempang Aman  #DukungBahlil,
"Semua pihak yg terlibat emang perlu dirangkul, diajak musyawarah terutama masyarakat sekitar. Semoga proyek ini kedepannya memberikan masa depan yg baik  untuk Rempang aman aaamiin #dukungBahlil   https://t.co/yxKe5X4SC4",
Dari awal udah yakin kalau Rempang Aman soalnya yang bantu penyelesaian bahlil. #DukungBahlil https://t.co/3yVG3ixct0,
@Ivatcci @jokowi @bahlillahadalia @bkpm pastikan Rempang Aman dan tetap #DukungBahlil,
@IND0_Update @Dha_mayanti @mediaindonesia @indozonemedia Potensi investasi Rempang Aman  #DukungBahlil,
"@floreskekinian2 @MataNajwa @tvOneNews @karniilyas Setuju, Pak Bahlil libatkan masyarakatnya dalam proyeknya Rempang Aman  #DukungBahlil",
"@Ivatcci @jokowi @bahlillahadalia @bkpm aku harap permasalahan dalam mewujudkan Rempang Aman sedikit demi sedikit terselesaikan, semangat trus pak  #DukungBahlil",
"@Ivatcci @jokowi @bahlillahadalia @bkpm Rempang Aman klo udah ditangan pak Bahlil, amin #DukungBahlil",
Rempang Aman  #DukungBahlil,
@IND0_Update @mediaindonesia @indozonemedia Rempang aman dengan adanya keterlibatan pak bahlil sendiri . Rempang Aman #DukungBahlil,
Nah akhirnya semua bisa berjalan dengan baik dan juga Rempang Aman. #DukungBahlil https://t.co/7UV06j0v5x,
Ga salah sih kagum sama kinerja pak Bahlil karena Rempang Aman dan semua berjalan lancar. #DukungBahlil https://t.co/OfiFYT9Z7m,
@IND0_Update @mediaindonesia @indozonemedia Semoga tidak ada lagi protes dari warga rempang terkait investasi proyek strategis nasional.  Rempang Aman  #DukungBahlil,
@floreskekinian2 @Dha_mayanti @MataNajwa @tvOneNews @karniilyas Bersinergi dengan masyarakat Rempang Aman  #DukungBahlil,
@floreskekinian2 @MataNajwa @tvOneNews @karniilyas setujuuuu selalu #DukungBahlil buat ini yakin kok pasti Rempang Aman mantap,
Rempang aman karna langkah pak bahlil dalam mengambil solusi yang tepat. Rempang Aman #DukungBahlil https://t.co/6rzMEs5iSt,
Rempang Aman  #DukungBahlil,
@IND0_Update @mediaindonesia @indozonemedia tetap semangat pak bahlil . Rempang Aman #DukungBahlil,
"@IND0_Update @Gueanndii @mediaindonesia @indozonemedia Setuju, gua dukung beliau agar Rempang Aman dan investasi juga bisa segera jalan  #DukungBahlil",
@floreskekinian2 @MataNajwa @tvOneNews @karniilyas Ikut #DukungBahlil dalam proyek pembangunan Rempang Aman,
@CSzipel_ @Dha_mayanti @aniesbaswedan @ganjarpranowo @prabowo Investasi adalah tujuan bersama Rempang Aman  #DukungBahlil,
"@Ivatcci @jokowi @bahlillahadalia @bkpm ayo kaa, gas #DukungBahlil buat selesaikan amanat dari pak presiden. Rempang Aman dan pastinya investasi berjalan",
"@Ivatcci @jokowi @bahlillahadalia @bkpm ayo pak, semoga kedepannya jalan menuju kesuksesan semakin terlihat. Rempang Aman  #DukungBahlil",
@IND0_Update @mediaindonesia @indozonemedia Pak bahlil jadi pahlawan dalam atasi pulau rempang . Rempang Aman #DukungBahlil,
Ga salah sih kagum sama kerja beliau karena Rempang Aman dan semua berjalan lancar. #DukungBahlil https://t.co/VDd4epDdR6,
RAKYAT REMPANG BERSATU TANGKAP MENTERI BAHLIL https://t.co/MVZubI8Okm #aniespresiden2024 #jokowi #viralinkuy #PDIP #rempang https://t.co/1cHun627MV,
@Ivatcci @jokowi @bahlillahadalia @bkpm #DukungBahlil buat keterlibatana masyarakat sama proyek ini. yakin ko pasti Rempang Aman dari segi ekonomi maupun keamannya,
"@IND0_Update @mediaindonesia @indozonemedia Rempang Aman, DPR pun #DukungBahlil libatkan masyarakat dalam proyek Rempang Eco City",
"Ia menjalankan amanah dari pemerintah dari negara untuk mengupayakan terwujudnya pembangunan di sana sebagai bagian dari Proyek Strategis Nasional. Berpijak pada tujuan baik ini, maka sudah tepat dukungan DPR dan publik Rempang pada Bahlil. Rempang Aman #DukungBahlil https://t.co/DWPmkyglZJ",
@IND0_Update @mediaindonesia @indozonemedia Langkah menteri @bahlillahadalia yg temui langsung warga rempang demi menyelesaikan kasus rempang patut diapresiasi.  Rempang Aman  #DukungBahlil,
"Ibu Atik pejuang pulau Rempang, berasal dari kebumen jawa tengah. . #rempang #batam #kepri  . https://t.co/mSkO6TQsTx",
Rempang Aman  #DukungBahlil,
@Ivatcci @Dha_mayanti @jokowi @bahlillahadalia @bkpm Mari bersatu Rempang Aman  #DukungBahlil,
@IND0_Update @mediaindonesia @indozonemedia Pak bahlil pantas dapat pujian sih. Dan yakin bgt kalo gini Rempang Aman #DukungBahlil,
"@IND0_Update @Guenandow @mediaindonesia @indozonemedia Waah ini sih harus diapresiasi, bukan hal mudah agar Rempang Aman  #DukungBahlil",
@IND0_Update @mediaindonesia @indozonemedia Semoga proyek Rempang Aman tanpa ada masalah  #DukungBahlil,
@Ivatcci @jokowi @bahlillahadalia @bkpm Semangat pak untuk wujudkan Rempang Aman #DukungBahlil,
Kita #DukungBahlil untuk masa deoan yang gemilang bersama rempang aman https://t.co/ETohLZkvd4,
@Ivatcci @jokowi @bahlillahadalia @bkpm iya amanah itu pak Jokowi sudah mempercayakan kepada bapak untuk menjadikan Rempang Aman  #DukungBahlil,
@IND0_Update @mediaindonesia @indozonemedia Keren deh pak Bahlil bisa buat Rempang Aman  #DukungBahlil,
"Rempang Aman, DPR #DukungBahlil untuk libatkan masyarakat dalam proyek Rempang Eco City!  https://t.co/Py1VB9PBqa",
"Keren nih pak Bahlil bisa tuntaskan Rempang aman, semoga kedepannya warga pulau rempang akan semakin baik . #DukungBahlil https://t.co/E1e2gohTFi",
@Android_AK_47 Doa rakyat rempang yg katanya mau di buldozer..Insya Allah terkabul.Aamiin,
@Ivatcci @jokowi @bahlillahadalia @bkpm semoga sesuai rencana akhir tahun pembebasan lahan di Rempang bisa diselesaikan  Rempang Aman #DukungBahlil,
Udah ga perlu diragukan lagi kemampuan komunikasi beliau buktinya bisa buat Rempang Aman. #DukungBahlil https://t.co/2fS8W0FYvK,
Rempang Aman mari kita  #DukungBahlil menangani konflik pulau rempang  https://t.co/MDj0oi9xHm,
@floreskekinian2 @MataNajwa @tvOneNews @karniilyas Memang patut dihargai karna sekang Rempang Aman oleh pak Bahlil semoga kedepannya lebih maju  #DukungBahlil,
@IND0_Update @mediaindonesia @indozonemedia Investasi yang dipercepat oleh Bahlil di Pulau Rempang adalah contoh nyata bahwa pembangunan inklusif dan berkelanjutan adalah kunci untuk memajukan daerah. Sukses terus untuk perubahan yang lebih baik! Rempang Aman  #DukungBahlil,
@IND0_Update @Guedhikaa @mediaindonesia @indozonemedia Pak Bahlil berusaha keras agar Rempang Aman   #DukungBahlil,
@Ivatcci @jokowi @bahlillahadalia @bkpm gass segera wujudkan Rempang Aman #DukungBahlil,
"kini Rempang Aman, mari kita #DukungBahlil ! DPR pun dukung bahlil libatkan masyarakat dalam proyeknya! https://t.co/pd2v5PhW4r",
@IND0_Update @mediaindonesia @indozonemedia Kerennn lanjutkannn pak kami selalu #DukungBahlil semoga rempang aman cepat tereleasikann,
"@IND0_Update @mediaindonesia @indozonemedia Lebih cepat lebih baik, karena investasi ini akan menguntungkan warga rempang.  Rempang Aman  #DukungBahlil",
Percepat investasi dan memperkuat ekonomi   Rempang bersama Bahlil Rempang Aman #DukungBahlil https://t.co/0umRoV5x4z,
Memang terbaik banget kinerja bahlil karena biasa membuat Rempang Aman. #DukungBahlil https://t.co/P4zqPQuVf1,
@IND0_Update @mediaindonesia @indozonemedia Rempang Aman berkat cara pendekatan dan penyelesaian konflik pak bahlil. Mantap pak #DukungBahlil,
@Ivatcci @1ndrian @jokowi @bahlillahadalia @bkpm Semoga diberikan kemudahan pada prosesnya Rempang Aman  #DukungBahlil,
Semoga ga tambah panjang deh masalahnya dan bisa cepat terselesaikan agar Rempang Aman #DukungBahlil  https://t.co/Gixcs7mXYd,
"@IND0_Update @Baskarraw @mediaindonesia @indozonemedia Rempang Aman , investasi juga bisa segera jalan. Good job pak Bahlil  #DukungBahlil",
"Betul, harus dilibatkan juga masyarakat agar Rempang Aman selalu  #DukungBahlil https://t.co/odDR90HpHT",
@vouydka @bahlillahadalia @DPR_RI @NasDem @ridwankamil Bagus banget nih Rempang Aman dan memberikan dampak ekonomi untuk masyarakat yang mendapat dukungan dari Pak Rudi Hartono  #DukungBahlil,
"@CSzipel_ @1ndrian @aniesbaswedan @ganjarpranowo @prabowo Terkait pembebasan lahan, semoga akan segera terselesaikan Rempang Aman  #DukungBahlil",
Liat kinerja pak Bahlil bisa membuat Rempang Aman bakal #DukungBahlil terus. https://t.co/XBhiLDlejy,
Rempang Aman berkat semua dukungan pihak. #DukungBahli menjalankan amanah dari pemerintah mengupayakan terwujudnya pembangunan https://t.co/9hrYL9jo8K,
@Ivatcci @jokowi @bahlillahadalia @bkpm Bakal selalu #DukungBahlil agar Rempang Aman selamanya,
@IND0_Update @mediaindonesia @indozonemedia Kita percaya investasi rempang akan berdampak positif bagi ekonomi warga rempang.  Rempang Aman  #DukungBahlil,
"@Ivatcci @jokowi @bahlillahadalia @bkpm salut sama segala upaya pak bahlil untuk membuat Rempang Aman. semangat terus pak, kita pasti #DukungBahlil",
@Ivatcci @jokowi @bahlillahadalia @bkpm memang harus dilibatkan masyarakat supaya Rempang Aman #DukungBahlil,
@IND0_Update @mediaindonesia @indozonemedia ayo dukung terus . Rempang Aman #DukungBahlil,
@Ivatcci @jokowi @bahlillahadalia @bkpm pasti #DukungBahlil untuk jadikan Rempang Aman,
Rempang Aman  #DukungBahlil,
@IND0_Update @Mohapaif @mediaindonesia @indozonemedia Selalu dukung usaha Bahlil untuk ciptakan Rempang Aman  #DukungBahlil,
"Rempang Aman, langkah untuk menggandeng warga masyarakat patut diacungi jempol, krn mereka yg paham tempat mereka   #DukungBahlil https://t.co/2Rw4apoUrk",
"@floreskekinian2 @1ndrian @MataNajwa @tvOneNews @karniilyas Ini bukan proyek kecil, pasti akan melibatkan banyak orang Rempang Aman  #DukungBahlil",
"@IND0_Update @mediaindonesia @indozonemedia wah, hebat banget paak . Rempang Aman #DukungBahlil",
@Ivatcci @jokowi @bahlillahadalia @bkpm Mari bersama-sama #DukungBahlil untuk mewujudkan Rempang Aman. Dengan segera menyelesaikan persoalan-persoalan yang ada saat ini,
@IND0_Update @mediaindonesia @indozonemedia Rempang Aman adalah langkah yang terbaik dilakukan  #DukungBahlil,
@IND0_Update @mediaindonesia @indozonemedia keren keren pak . Rempang Aman #DukungBahlil,
pak jokowi tepat mengutus orang untuk selesaikan masalah jadi skrg Rempang Aman #DukungBahlil https://t.co/QBtRrxbRvy,
@Ivatcci @jokowi @bahlillahadalia @bkpm seratus persen dukung pak bahlil buat ciptain Rempang Aman dan investasi jalan. semangat pak. #DukungBahlil,
Rempang Aman  #DukungBahlil,
@IND0_Update @mediaindonesia @indozonemedia Kondisi Rempang Aman dan warga sdh siap dan mendukung untuk direlokasi   #DukungBahlil,
"@IND0_Update @mediaindonesia @indozonemedia Bahlil membuktikan bahwa dengan kesungguhan dan kebijakan yang tepat, investasi di daerah terpencil pun dapat berkembang pesat. Inspiratif! Rempang Aman  #DukungBahlil",
"@Ivatcci @jokowi @bahlillahadalia @bkpm Saya dukung pak Bahlil soal proyek ini, bakalan Rempang aman banget ini pasti, mudah mudahan ya #DukungBahlil",
@IND0_Update @mediaindonesia @indozonemedia Mantap pak bahlil. Rempang Aman #DukungBahlil,
@IND0_Update @Gundartyo @mediaindonesia @indozonemedia Cara Bahlil dalam komunikasi agar Rempang Aman gua acungi jempol  #DukungBahlil,
wajibb #DukungBahlil sihh dalam Pembebasan lahan di area Rempang Aman https://t.co/ThJeqoo9Sz,
@IND0_Update @1ndrian @mediaindonesia @indozonemedia Percepatan investasi di pulau Rempang harus segera dilakukan Rempang Aman  #DukungBahlil,
Yang pasti ikut mendoakan yang terbaik agar tidak tambah panjang dan Rempang Aman #DukungBahlil  https://t.co/DYCU2ZopXq,
@Ivatcci @jokowi @bahlillahadalia @bkpm Rempang Aman kalo ditangani langsung oleh pak Bahlil #DukungBahlil,
Semoga dipercepat dan dipermudah untuk menyelesaikan masalahnya agar Rempang Aman  #DukungBahlil https://t.co/jgISITAvn2,
"@vouydka @TVbatam @TsamaraDKI Keren banget dehh kalo begini, bisa melibatkan adat melayu dalam pembangunan dan Rempang Aman  #DukungBahlil",
@IND0_Update @mediaindonesia @indozonemedia semoga ada solusi yang tepat dan segera selesai . Rempang Aman #DukungBahlil,
@IND0_Update @mediaindonesia @indozonemedia Kita dukung menteri @bahlillahadalia agar investasi di pulau rempang segera dilanjutkan.  Rempang Aman  #DukungBahlil,
"@Ivatcci @jokowi @bahlillahadalia @bkpm worth it buat #DukungBahlil berkat blio Rempang Aman sekarang, dan Jokowi ud percaya penuh ke pak bahlil",
"@IND0_Update @mediaindonesia @indozonemedia berkat pak bahlil, Rempang Aman dan semoga masyarakat di rempang menjadi sejahtera #DukungBahlil",
@Ivatcci @jokowi @bahlillahadalia @bkpm Ayo segera wujudkan Rempang Aman kembali untuk masyarakat Rempang. Dengan segera menyelesaikan persoalan yang harus diselesaikan   #DukungBahlil,
"Rempang Aman klo udah ditangan pak Bahlil, kawal terus sampai proyek ini bisa ngasih manfaat buat masyarakat.  #DukungBahlil https://t.co/k7fFu7BUdc",
hayukk #DukungBahlil dalam Pembebasan lahan di area Rempang Aman https://t.co/qsY9XMXrHW,
Rempang Aman  #DukungBahlil,
"@IND0_Update @mediaindonesia @indozonemedia Rempang Aman, emang best banget dah #DukungBahlil",
@IND0_Update @mediaindonesia @indozonemedia Mantap. Gerak cepat pak Bahlil perlu kita apresiasi  Rempang Aman #DukungBahlil,
"Percepat investasi, Bersama Bahlil, wujudkan kemajuan Rempang Aman #DukungBahlil https://t.co/3H9WLuCIOG",
@IND0_Update @mediaindonesia @indozonemedia Dukung pak bahlil guysss. Rempang Aman #DukungBahlil,
"@IND0_Update @mediaindonesia @indozonemedia Rempang Aman, mari kita #DukungBahlil dalam proyeknya. Rempang Eco City!",
"@IND0_Update @mediaindonesia @indozonemedia Terobosan investasi Bahlil di Pulau Rempang membawa angin segar, membuka pintu kesempatan baru dan menciptakan masa depan yang lebih cerah untuk penduduk setempat. 💼✨ Rempang Aman  #DukungBahlil",
@Ivatcci @jokowi @bahlillahadalia @bkpm Dukung Pak Bahlil krn menjalankan amanah dari negara dan bisa menuntaskan tugas investasi Rempang dgn cepat nih Rempang Aman #DukungBahlil,
bener banget memang harus dilibatkan masyarakat sekitar supaya Rempang Aman #DukungBahlil https://t.co/7VWdtNm8iC,
Rempang Aman pasti aman  #DukungBahlil https://t.co/l8BWP1hyyl,
"@IND0_Update @mediaindonesia @indozonemedia Rempang Aman ditangan pak bahlil, gimana gak aman, merakyat abis, siapa lagi kalo bukan pak bahlil  #DukungBahlil",
@IND0_Update @Okt4viano @mediaindonesia @indozonemedia Dukung percepatan investasi Rempang Aman  #DukungBahlil,
@IND0_Update @mediaindonesia @indozonemedia semoga segera selesai pak . Rempang Aman #DukungBahlil,
@CSzipel_ @aniesbaswedan @ganjarpranowo @prabowo Semoga proyek Rempang Aman cepat selesai dengan mendapatkan hasil yang baik bagi masyarakat sekitar  #DukungBahlil,
@floreskekinian2 @MataNajwa @tvOneNews @karniilyas Salut untuk usaha pak Bahlil demi mewujudkan Rempang Aman dengan merangkul warga lokal #DukungBahlil,
@floreskekinian2 @MataNajwa @tvOneNews @karniilyas Wah mantap nih Pak Bahlil libatkan masyarakan dalam proyeknya Rempang Aman  #DukungBahlil,
@Ivatcci @jokowi @bahlillahadalia @bkpm pasti #DukungBahlil untuk semua upaya beliau buat wujudin pembangunan di rempang. Rempang Aman investasi pasti jalan,
Rempang Aman  #DukungBahlil,
@Ivatcci @jokowi @bahlillahadalia @bkpm Rempang Aman berkat kinerjanya pak Bahlil #DukungBahlil,
Keinginan kita semua gess akhirnya terwujud juga Rempang Aman jadi investasi tetap bisa. #DukungBahlil https://t.co/JozxgokEGl,
@Ivatcci @jokowi @bahlillahadalia @bkpm Rempang Aman jadi sebuah tanggung jawab untuk pak bahlil. Yakin bgt bapak bisa bertanggung jawab penuh #DukungBahlil,
Pembebasan lahan di area Rempang Aman diproyeksikan bisa  selesai dalam kurun waktu  akhir tahun 2023 nihh. Hayuuuk #DukungBahlil https://t.co/hxBpXhGwLw,
Pak bahlil tangani Rempang Aman emang wajib bgt diacungi jempoll  #DukungBahlil  https://t.co/puWZgaL6VX,
"Rempang Aman, ayo mari kita #DukungBahlil dalam proyeknya Rempang Eco City untuk masyarakat rempang👏🏻 https://t.co/b7gMIDnGXN",
"@Kanseulir @Miduk17 Makanya warga rempang gak percaya dgn janji. Takut mengalami hal yg sama spt di mandalika""",
@Ivatcci @jokowi @bahlillahadalia @bkpm Rempang eco city berjalan dengan baik berkat strategi yang digunakan bpk menteri bahlil Rempang Aman  #DukungBahlil,
"@IND0_Update @mediaindonesia @indozonemedia Rempang Aman, emang boleh pak se merakyat itu, saluuut banget sama pak bahlil.  #DukungBahlil",
Keren banget emg pak Bahlil ini atas usahanya dalam Rempang Aman #DukungBahlil https://t.co/pSJLGhygvy,
@floreskekinian2 @Okt4viano @MataNajwa @tvOneNews @karniilyas Potensi di Indonesia sangat banyak Rempang Aman  #DukungBahlil,
yakin deh kalo pak bahlil turun tangan problem nya pasti selesai Rempang Aman  #DukungBahlil  https://t.co/5HfLmEQxHS,
"@IND0_Update @mediaindonesia @indozonemedia langkah yang di ambil pak bahlil memang sangat tepat, kita sebagai warga yang baik sudah seharusnya #DukungBahlil supaya situasi Rempang Aman dan terkendali",
"@IND0_Update @mediaindonesia @indozonemedia Semoga dipercepat rempang aman, semangat selalu pak bahlill #DukungBahlil",
@IND0_Update @Meirraa_ @mediaindonesia @indozonemedia Rempang Aman karna pendekatan yang dilakukan oleh pak Bahlil sebelumnya  #DukungBahlil,
"@floreskekinian2 @MataNajwa @tvOneNews @karniilyas Harus dong Rempang Aman, masak iya penduduk asli jadi penonton. Mari #DukungBahlil",
@IND0_Update Inisiatif Bahlil dalam mempercepat investasi di Pulau Rempang adalah langkah luar biasa menuju pertumbuhan ekonomi yang berkelanjutan.  Rempang Aman  #DukungBahlil,
@IND0_Update @mediaindonesia @indozonemedia Rempang aman karna langkah pak bahlil dalam mengambil solusi yang tepat. Rempang Aman #DukungBahlil,
@Ivatcci @jokowi @bahlillahadalia @bkpm Percaya banget dong. Dengan #DukungBahlil Rempang Aman. Kinerja pak bahlil gak perlu diraguin. Udah banyak bukti nyatanya untuk kemajuan Indonesia,
Rempang Aman  #DukungBahlil,
"Udah dari kemarin kemarin kepingin Rempang Aman dan akhirnya terjadi juga, salut banget sama bahlil. #DukungBahlil https://t.co/WQ9nM1Asxz",
