created_at;id_str;full_text;quote_count;reply_count;retweet_count;favorite_count;lang;user_id_str;conversation_id_str;username;tweet_url
Sat Oct 07 23:03:34 +0000 2023;1710793015235862602;"@Indramajid8 @hc_poirot Emang ad sebagian kcl yg setuju tp itu rata2 pendatang bkan warga asli cman u know lah mrka pnya media akhirnya dibuat headline seolah2 smua wrga rempang se7 direlokasi biar meredam aksi warga diluar rempang.";0;0;0;1;in;864025554;1710454401503285447;patria_tia;https://twitter.com/patria_tia/status/1710793015235862602
Sat Oct 07 22:58:42 +0000 2023;1710791791463805362;"@hapekayu @ekowboy2 @kegblgnunfaedh Bela Rempang belom ?";0;0;0;0;in;1065893262;1710662293162439016;kidsakhirzaman;https://twitter.com/kidsakhirzaman/status/1710791791463805362
Sat Oct 07 22:56:35 +0000 2023;1710791259311530471;"@Li9ayaTalaChes4 Ini bukan di Rempang";0;0;0;1;in;602655520;1710671139960459651;212bowie;https://twitter.com/212bowie/status/1710791259311530471
Sat Oct 07 22:56:20 +0000 2023;1710791193901285809;"Kalian pertahankan Rempang, sudah tinggal beranak pinak ratusan tahun.  Di belakang Rempang itu China, jangan sampai kejadian seperti Rohingya diusir karena napsu serakah investasi.  Investasi harus melihat dan melibatkan rakyat sebagai stake holder kawasan. Jangan mematikan mrk";0;0;2;8;in;1605783604591620097;1710791193901285809;Avocado2Juice;https://twitter.com/Avocado2Juice/status/1710791193901285809
Sat Oct 07 22:53:47 +0000 2023;1710790552348930440;"Rempang Batam Benteng NKRI🇮🇩";0;0;1;1;in;1573632007749263360;1710790552348930440;Zaenal58788427;https://twitter.com/Zaenal58788427/status/1710790552348930440
Sat Oct 07 22:50:59 +0000 2023;1710789850377638157;"@MardaniAliSera @PDemokrat @jokowi @PKSejahtera Kontestasi, gagasan preeet lah semua. Beras mahal, masyarakat di rempang  tuh  diurusin.";0;0;0;0;in;851639719121231872;1709438590512775574;NoorMuzani;https://twitter.com/NoorMuzani/status/1710789850377638157
Sat Oct 07 22:48:40 +0000 2023;1710789265763025322;"Rupanya lebih parah dari yang kita duga. Berpotensi lumpuh layu seperti Tukul Arwana. Mungkin ini karma atas kedzolimannya pada warga Rempang🙏😎";13;41;57;391;in;1667233216091279363;1710788555570855991;Andria75777;https://twitter.com/Andria75777/status/1710789265763025322
Sat Oct 07 22:47:33 +0000 2023;1710788986057425145;"@PDemokrat pada saat @PDemokrat nanti menang maka mereka akan mengiyakan apa yang dilakukan @jokowi di rempang, Seruyan, Kebumen dll,  akhirnya kemunafikan itu tampak jelas.. demi jabatan dan kekuasaan.. demi seorang, mulai saat ini jangan teriak lagi jargon perubahan..";0;1;0;3;in;174603612;1710551695951056955;ariyantosetyaji;https://twitter.com/ariyantosetyaji/status/1710788986057425145
Sat Oct 07 22:35:07 +0000 2023;1710785856146178211;"@IwanIwanely72 @realAmienRais @DPP_PartaiUmmat @RidhoRahmadi85 @Singa_Nala @pakaipeci @annourcharity @BuniYani #MelayuRempangBerani lawan Gerombolan Plongo Cireng yg CAPLOK Tanah Leluhur Rempang";0;0;0;2;in;1604458824475500544;1710680452460339707;nobipang;https://twitter.com/nobipang/status/1710785856146178211
Sat Oct 07 22:31:38 +0000 2023;1710784978609750349;"@TrioKwek212Kwek Islam Indonesia ditindas itu yang mana sih ? Kalau yg dimaksud itu kasus Rempang, ya ga pas lah diksi yang digunakan. Bijaksanalah dalam memilih kata.";0;0;0;0;in;1603665522972708864;1710730721474789525;Godam062;https://twitter.com/Godam062/status/1710784978609750349
Sat Oct 07 22:30:06 +0000 2023;1710784591219622281;"@bahlillahadalia Menurut saya, langkah persuasif menteri @bahlillahadalia kepada masyarakat Rempang dapat menjadi percontontohan kepala daerah lainnya. Insya Allah konsolidasi aman terkendali dan sukses sebelum akhir 2023 ini #DukungBahlil";0;0;0;0;in;329945757;1710783457641832878;inisiatifm;https://twitter.com/inisiatifm/status/1710784591219622281
Sat Oct 07 22:27:30 +0000 2023;1710783938992742585;"Saya turut dukung dan selalu mendukung langkah senior saya @bahlillahadalia khususnya dalam konsolidasi masyarakat di Rempang #DukungBahlil";0;1;0;0;in;329945757;1710783457641832878;inisiatifm;https://twitter.com/inisiatifm/status/1710783938992742585
Sat Oct 07 22:25:54 +0000 2023;1710783538105298985;"@papasito_OF @detikcom kenapa kalau kasus demo menolak investasi di rempang bisa langsung ditangkap padahal mereka memperjuangkan hak tanahnya";0;0;0;0;in;1571135641181892609;1710158692740636963;alumniatpu79;https://twitter.com/alumniatpu79/status/1710783538105298985
Sat Oct 07 22:25:41 +0000 2023;1710783479922004095;"@tvOneNews Yang kemarin koar2 kalau masyarakat Rempang yang tidak bersalah dibebaskan  khawatir indonesia jadi negara 'preman', Apa kabar anda, melihat perilaku teman sejawat anda jadi tukang palak, Lil..??!!";0;1;1;3;in;1647150848;1710780049786621959;altprayoga;https://twitter.com/altprayoga/status/1710783479922004095
Sat Oct 07 22:21:22 +0000 2023;1710782395362726022;"@gariby314884 @Naz_lira @ganjarpranowo @jokowi Kerja nyata. Nyatanya di wadas... Di rembang Eh bank Jateng EhKaTePe";0;0;0;3;in;1620817987069693952;1710557028987609417;EH_KAGET_01;https://twitter.com/EH_KAGET_01/status/1710782395362726022
Sat Oct 07 22:21:09 +0000 2023;1710782340937781297;"@floreskekinian2 @MataNajwa @tvOneNews @karniilyas Keren pak, dgn melibatkan masyarakat dalam proyek Rempang aman Eco City. Kami #DukungBahlil terus👏🏻";0;0;0;0;in;1569217155450961926;1710619730703450570;zubyyzu;https://twitter.com/zubyyzu/status/1710782340937781297
Sat Oct 07 22:18:23 +0000 2023;1710781645811527809;"@Naz_lira Bahasa media dimanapun sama liat aja di rempang, rakyat sana di cap premanisme";0;0;0;3;in;1576980275946754048;1710668641203843520;ruangngupi;https://twitter.com/ruangngupi/status/1710781645811527809
Sat Oct 07 22:02:35 +0000 2023;1710777666268446841;"@ShiElita19 @bahlillahadalia Apa dah terima fee proyek makanya Ngotot kl istilah si @bahlillahadalia ini Melayu Rempang Digeser aj ???   🤣";0;0;0;1;in;1604458824475500544;1710456245084401921;nobipang;https://twitter.com/nobipang/status/1710777666268446841
Sat Oct 07 21:56:26 +0000 2023;1710776119484662021;"@hukumatikoruptr @KangManto123 @wietj4k Yaa kali kali ada orang mau pergi jauh jauh dari padang ke rempang tanpa di bayar Suu..?";0;0;0;0;in;569520725;1701544053899452769;Anti_Tirany;https://twitter.com/Anti_Tirany/status/1710776119484662021
Sat Oct 07 21:46:09 +0000 2023;1710773534237274397;"@Confused_man_0 @Darnatisma85066 @VIVAcoid Sejak kapan ada penyusup main buka2an di sosmed ? Yg kusebut diatas masalah rempang, bukan di jawa";0;0;0;0;in;1603103363423698944;1710296167970378067;AndiAhm34657650;https://twitter.com/AndiAhm34657650/status/1710773534237274397
Sat Oct 07 21:45:49 +0000 2023;1710773447360712889;"Bangsat kalian !!!!!!, mereka berjuang untuk tanah air mereka yg ditelan israhell. Besok pun yakin beritamu akan menyebut teoris rempang, teroris Kaliman, COK!!";0;0;0;1;in;1542037916611780608;1710773447360712889;KolorGelap_2;https://twitter.com/KolorGelap_2/status/1710773447360712889
Sat Oct 07 21:42:59 +0000 2023;1710772734190551149;"@CNNIndonesia stresss rempang";0;0;0;0;en;1694193316768940032;1710277766644666609;hero_sleep63033;https://twitter.com/hero_sleep63033/status/1710772734190551149
Sat Oct 07 21:38:43 +0000 2023;1710771663565205655;"@AtokBadar75777 LBP mau membuldoser warga Rempang, sebentar lagi Malaikat Izrail yang akan membuldoser LBP ❗";0;0;0;0;in;1247097802938712064;1710695035619160105;AbdHali59646742;https://twitter.com/AbdHali59646742/status/1710771663565205655
Sat Oct 07 21:29:08 +0000 2023;1710769249785106732;"@Srik4ndiMuslim2 Benar ini di Rempang???";0;0;0;0;in;1651869883;1710621961552797851;AsharHaruna;https://twitter.com/AsharHaruna/status/1710769249785106732
Sat Oct 07 21:26:52 +0000 2023;1710768678910955875;"Proyek Rempang, Bagian Penjajahan China di Indonesia https://t.co/AGG3fnpq5g https://t.co/UcmkzWieIj";0;0;2;0;in;2918142446;1710768678910955875;suaranasional;https://twitter.com/suaranasional/status/1710768678910955875
Sat Oct 07 21:25:32 +0000 2023;1710768342582358495;"@YLBHI @opposite6892 @ListyoSigitP Rempang jilid 2";0;0;0;0;in;1599903982700273664;1710553798593438187;Gudniws;https://twitter.com/Gudniws/status/1710768342582358495
Sat Oct 07 21:20:19 +0000 2023;1710767031505875192;"DPR dan publik #DukungBahlil yang berpijak pada sebuah tujuan baik untuk mengupayakan terwujudnya Rempang Aman dan pembangunan Proyek Strategis Nasional bisa menghadirkan win - win solution https://t.co/Wm6G4YgSj7";0;0;0;0;in;1653049221535399937;1710767031505875192;Diamoen;https://twitter.com/Diamoen/status/1710767031505875192
Sat Oct 07 21:19:03 +0000 2023;1710766711866314968;"Dengan #DukungBahlil untuk pembangunan Rempang Eco City adalah merupakan suatu sikap kerja sama yang memberikan masukan yang konstruktif yang sangat diperlukan untuk menghadirkan Rempang Aman bagi warga dan investasi https://t.co/xAop1da9RU";0;0;0;1;in;1487816856375541760;1710766711866314968;Biscuiik;https://twitter.com/Biscuiik/status/1710766711866314968
Sat Oct 07 21:16:55 +0000 2023;1710766176845139980;"DPR optimis , dan menaruh kepercayaan yang besar untuk selalu #DukungBahlil  karena akibat pendekatan Menteri Bahlil yg down to earth membuat Rempang Aman dan bisa menpercepat investasi Rempang Eco City https://t.co/A96PJPvKlj";0;0;0;0;in;1663192107069378560;1710766176845139980;certtfer;https://twitter.com/certtfer/status/1710766176845139980
Sat Oct 07 21:14:39 +0000 2023;1710765605832503368;"#DukungBahlil karena pendekatan Menteri Investasi ini dianggap jelas, bagus dan merakyat, sehingga menyebabkan situasi di   Rempang Aman dan terkendali https://t.co/5tugQDYMLr";0;0;0;0;in;1663176057124704259;1710765605832503368;Arsaraku;https://twitter.com/Arsaraku/status/1710765605832503368
Sat Oct 07 21:12:58 +0000 2023;1710765183734558899;"@detikcom Yaallah pusing bener dah di indo , rempang demo mandalika demo di sana demi sini demo setiap menjelang pemilu gini terossssss pusinggg";0;0;0;0;in;1705279922485460992;1710498934823735553;ardnsyah_m43525;https://twitter.com/ardnsyah_m43525/status/1710765183734558899
Sat Oct 07 21:12:54 +0000 2023;1710765163283132673;"@BrastaSatya @tvOneNews Klo Menang,biar nambah hutang BIAR nerusin gusur tanah RAKYAT seperti REMPANG,,,,parah";0;0;0;0;in;1620296924715950083;1710267940061499862;AlbarraCahyana;https://twitter.com/AlbarraCahyana/status/1710765163283132673
Sat Oct 07 20:52:01 +0000 2023;1710759909955195356;"@HusinShihab @ganjarpranowo dulu ada yg masuk gorong2 biar keliatan merakyat juga, ehh hasilnya warga cadas, rempang, dll. dihajar juga 😂😂";0;0;0;0;in;1569611150219956224;1710486825914237246;kang_jambrett;https://twitter.com/kang_jambrett/status/1710759909955195356
Sat Oct 07 20:40:00 +0000 2023;1710756886482755793;"Belasan Pangkalan Gas di Rembang Dilaporkan ke Pertamina, Ini Gara-garanya! https://t.co/OKF9F8hVun";0;1;0;0;in;1158857088;1710756886482755793;saifudinzuhri_;https://twitter.com/saifudinzuhri_/status/1710756886482755793
Sat Oct 07 20:38:54 +0000 2023;1710756607364362593;"@never_alonely Pasca Aceh Damai, Peristiwa keji spt ini byk terjadi di Aceh, Rakyat meminta Keadilan dgn Demo malah di Bantai dgn Kekerasan Sampai Kehilangan Nyawa,Bulan lalu Pak Jokowi Minta maaf pd Rakyat Aceh,Kini di Rempang Aparat Negara msh bersikap Arogan trhdp Rakyatnya 😭😭";0;0;0;0;in;1404536544585605122;1710662418022695308;daris_arkan;https://twitter.com/daris_arkan/status/1710756607364362593
Sat Oct 07 20:13:27 +0000 2023;1710750203907842080;"@pacekriboow @Dandhy_Laksono rempang juga tuh jkw menang telak, NTB, wadas, gortontalo jga sama";0;0;0;2;in;1614230419117051908;1705066980120912027;PubgMGlobal4;https://twitter.com/PubgMGlobal4/status/1710750203907842080
Sat Oct 07 20:01:34 +0000 2023;1710747215273308237;"@rubby46742 @Priyo__Muhammad @msaid_didu Kayak Indonesia milik lu. Lihat tu kalimantan, rempang. Emang lagi bergejolak. Sadar ngga?";0;1;0;1;in;3270112830;1710572106310930938;zainuddinbasri1;https://twitter.com/zainuddinbasri1/status/1710747215273308237
Sat Oct 07 19:52:59 +0000 2023;1710745055022186568;"DPR mengakui upaya pak Bahlil yang melibatkan masyarakat dalam proyek eco city. Langkah inklusif untuk memastikan keberlanjutan dan keberhasilan proyek Rempang Aman #DukungBahlil https://t.co/5zdi1PoAWr";0;0;0;0;in;1646650949849743363;1710745055022186568;essusumelonku;https://twitter.com/essusumelonku/status/1710745055022186568
Sat Oct 07 19:52:44 +0000 2023;1710744989985382665;"Instruksi dari presiden kepada pak Bahlil untuk menyelesaikan konflik di Rempang menunjukkan komitmen pemerintah dalam menciptakan perdamaian dan kesejahteraan masyarakat Rempang Aman #DukungBahlil https://t.co/7tBtW4YpU9";0;0;0;0;in;1646650949849743363;1710744989985382665;essusumelonku;https://twitter.com/essusumelonku/status/1710744989985382665
Sat Oct 07 19:49:04 +0000 2023;1710744068261880247;"Bagaimana wadas purworejo mempertahankan haknya,  Sekarang Rempang,  Sementara berbondong bondong TKA China masuk Indonesia , bahkan diduga berseragam sesuatu ??  Ada apa dengan Negeri kita hari ini ??  Waspadalah terhadap  Neo PKI  dan  TKA China ?";0;0;6;6;in;1257740043201900545;1710744068261880247;LSM_GIM_01;https://twitter.com/LSM_GIM_01/status/1710744068261880247
Sat Oct 07 19:44:29 +0000 2023;1710742914060681545;"DPR memberi penghargaan pada proyek eco city yang melibatkan masyarakat di bawah pimpinan pak Bahlil. Pembebasan lahan akan dijalankan dengan cepat dan efisien Rempang Aman #DukungBahlil https://t.co/bpKLvcbnwL";0;0;0;0;in;1646648462564532224;1710742914060681545;myfishroll;https://twitter.com/myfishroll/status/1710742914060681545
Sat Oct 07 19:44:10 +0000 2023;1710742833785937978;"Proyek eco city yang inklusif mendapatkan dukungan dari DPR. Kami berkomitmen untuk memastikan pembebasan lahan selesai secepatnya Rempang Aman #DukungBahlil https://t.co/zqRatC7y5j";0;0;0;0;in;1646648462564532224;1710742833785937978;myfishroll;https://twitter.com/myfishroll/status/1710742833785937978
Sat Oct 07 19:43:15 +0000 2023;1710742602826580123;"DPR mengapresiasi kinerja pak Bahlil yang melibatkan masyarakat dalam proyek eco city. Kami mendukung pembebasan lahan yang segera diselesaikan Rempang Aman #DukungBahlil https://t.co/frl3dBIun3";0;0;0;0;in;1646647746852704257;1710742602826580123;kakinagaku;https://twitter.com/kakinagaku/status/1710742602826580123
Sat Oct 07 19:42:49 +0000 2023;1710742496882651584;"Langkah inklusif pak Bahlil dalam proyek eco city disambut baik oleh DPR. Pembebasan lahan akan diselesaikan sesuai instruksi presiden Rempang Aman #DukungBahlil https://t.co/KffR8t75ZI";0;0;1;0;in;1646647746852704257;1710742496882651584;kakinagaku;https://twitter.com/kakinagaku/status/1710742496882651584
Sat Oct 07 19:41:45 +0000 2023;1710742228006736079;"DPR memberikan penghargaan pada kinerja pak Bahlil yang melibatkan masyarakat dalam proyek eco city. Pembebasan lahan akan diurus dengan efisien Rempang Aman #DukungBahlil https://t.co/Be1YJJkjP5";0;0;0;0;in;1646646749367525376;1710742228006736079;nugetabc;https://twitter.com/nugetabc/status/1710742228006736079
Sat Oct 07 19:41:24 +0000 2023;1710742137657294926;"Proyek eco city yang melibatkan masyarakat mendapat dukungan penuh dari DPR. Pembebasan lahan akan diselesaikan secepatnya Rempang Aman #DukungBahlil https://t.co/suCepW1Why";0;0;0;0;in;1646646749367525376;1710742137657294926;nugetabc;https://twitter.com/nugetabc/status/1710742137657294926
Sat Oct 07 19:39:19 +0000 2023;1710741615634260169;"Proyek eco city yang melibatkan masyarakat mendapat dukungan penuh dari DPR. Pembebasan lahan akan diselesaikan secepatnya Rempang Aman #DukungBahlil https://t.co/wucSHWC1HN";0;0;0;0;in;1646645943901777920;1710741615634260169;baskomgemoy2;https://twitter.com/baskomgemoy2/status/1710741615634260169
Sat Oct 07 19:38:43 +0000 2023;1710741465197158418;"DPR menghargai kolaborasi pak Bahlil dengan masyarakat dalam proyek eco city. Kami berkomitmen untuk memastikan pembebasan lahan selesai dengan cepat Rempang Aman #DukungBahlil https://t.co/fNEjvFEA26";0;0;0;0;in;1646645943901777920;1710741465197158418;baskomgemoy2;https://twitter.com/baskomgemoy2/status/1710741465197158418
Sat Oct 07 19:37:46 +0000 2023;1710741225073180708;"Kinerja inklusif pak Bahlil di proyek eco city mendapat apresiasi dari DPR. Pembebasan lahan akan dijalankan secepatnya Rempang Aman #DukungBahlil https://t.co/bINvJoXFp5";0;0;0;0;in;1646644926694948864;1710741225073180708;rusahijauku1;https://twitter.com/rusahijauku1/status/1710741225073180708
Sat Oct 07 19:37:28 +0000 2023;1710741149269569863;"DPR memberikan apresiasi pada kinerja pak Bahlil dalam proyek eco city yang melibatkan masyarakat. Pembebasan lahan akan diselesaikan sesuai instruksi presiden Rempang Aman #DukungBahlil https://t.co/i7mzLJSqK7";0;0;0;0;in;1646644926694948864;1710741149269569863;rusahijauku1;https://twitter.com/rusahijauku1/status/1710741149269569863
Sat Oct 07 19:36:31 +0000 2023;1710740909040828497;"Proyek eco city yang inklusif mendapatkan dukungan dari DPR. Kami berkomitmen untuk memastikan pembebasan lahan selesai secepatnya Rempang Aman #DukungBahlil https://t.co/6UcG1b2UZv";0;0;0;0;in;1646643551600799745;1710740909040828497;bonekakuda2;https://twitter.com/bonekakuda2/status/1710740909040828497
Sat Oct 07 19:36:09 +0000 2023;1710740815746945200;"DPR memberikan penghargaan pada proyek eco city yang melibatkan masyarakat di bawah pimpinan pak Bahlil. Pembebasan lahan akan dijalankan dengan cepat dan efisien Rempang Aman #DukungBahlil https://t.co/7RexRRYrxr";0;0;0;0;in;1646643551600799745;1710740815746945200;bonekakuda2;https://twitter.com/bonekakuda2/status/1710740815746945200
Sat Oct 07 19:33:11 +0000 2023;1710740069169164445;"Proyek eco city yang melibatkan masyarakat mendapat apresiasi dari DPR. Pembebasan lahan akan segera diselesaikan sesuai instruksi presiden Rempang Aman #DukungBahlil https://t.co/1Ytl6sr83Q";0;0;0;0;in;1646640172036165634;1710740069169164445;bhilmanputra;https://twitter.com/bhilmanputra/status/1710740069169164445
Sat Oct 07 19:32:47 +0000 2023;1710739971546759337;"DPR memberi penghargaan kepada pak Bahlil atas kinerja inklusifnya dalam proyek eco city. Pembebasan lahan akan diupayakan dengan secepatnya Rempang Aman #DukungBahlil https://t.co/GCZWyWYxwS";0;0;0;0;in;1646640172036165634;1710739971546759337;bhilmanputra;https://twitter.com/bhilmanputra/status/1710739971546759337
Sat Oct 07 19:22:03 +0000 2023;1710737267986460745;"@sosmedkeras Bener pak, kita sdh terjajah ekonomi. Gmn tdk? Mulai dr batik, sepatu, tas dr cina bahkan IKN,kereta cepat jg dr cina, yg terakhir beras jg. Tp kita berhasil mengekspor rempang ke cina. War byaszah...";0;0;0;1;in;1159354411409240065;1710292812757901668;EnomKami;https://twitter.com/EnomKami/status/1710737267986460745
Sat Oct 07 19:05:50 +0000 2023;1710733186060431748;"pengen pulang rembang tapi tanggal item semua astaga";0;0;0;0;in;1550046286212055040;1710733186060431748;saltedeggyy;https://twitter.com/saltedeggyy/status/1710733186060431748
Sat Oct 07 18:53:50 +0000 2023;1710730169168937393;"@democrazymedia "Dia"pasti datang ke rempang,  spt janjinya yg kangen didemo. 🤔";0;0;0;0;in;1633008680299012096;1710516550803808386;Awan2379;https://twitter.com/Awan2379/status/1710730169168937393
Sat Oct 07 18:42:02 +0000 2023;1710727199006015815;"@bnsphrxyz Bagus MASJID adalah Rumah TUHAN Semua di mulai dari MASJID ayo BERSATU lah ISLAM YG SELALU DIRAMPOK AMBIL KEMBALI TANAH KLIAN SEPERTI REMPANG YG BERANI";0;2;0;1;in;1622506553705390081;1710568543450701864;bunianggg;https://twitter.com/bunianggg/status/1710727199006015815
Sat Oct 07 18:32:54 +0000 2023;1710724898249945332;"@VIVAcoid Mungkin kelebihan bayar sm pawang hujan mba Rara shg pemilik lahan terabaikan. 😃  Mdh2n jg ngak terjadi utk warga rempang.";0;0;0;1;in;739641037006610432;1710288096158478799;Dedimuslim7;https://twitter.com/Dedimuslim7/status/1710724898249945332
Sat Oct 07 18:15:06 +0000 2023;1710720420155138428;"“Kunjungan Bahlil Ke Rempang, Jumat (6/10/2023)” https://t.co/UU3fImB7ll lewat @GoWest.ID";0;0;0;0;in;767014902099607552;1710720420155138428;gowest_id;https://twitter.com/gowest_id/status/1710720420155138428
Sat Oct 07 18:14:59 +0000 2023;1710720391189250090;"“Kunjungan Bahlil Ke Rempang, Jumat (6/10/2023)” https://t.co/wq1eL5EjPr lewat @GoWest.ID";0;0;0;0;in;353758281;1710720391189250090;gowestid;https://twitter.com/gowestid/status/1710720391189250090
Sat Oct 07 18:13:30 +0000 2023;1710720015924945024;"@Resty_J_Cayah Abis kerusuhan Rempang, lalu Seruyan. Sebenarnya mrk ini pemerintah ato penjajah?";0;2;0;5;in;296676913;1710573510257692806;bangacoel;https://twitter.com/bangacoel/status/1710720015924945024
Sat Oct 07 18:09:35 +0000 2023;1710719031425278040;"ՇիՅ շիՅ շիՅ...ini menandakan presiden lg ciut, lanjut upaya geSeR, spt GeseR Rempang, Seruyan, IKN, dan semua GagaL, nggih nopo mboten pak @jokowi ?";0;0;0;0;in;1707687349;1710719031425278040;DidyCare;https://twitter.com/DidyCare/status/1710719031425278040
Sat Oct 07 17:56:53 +0000 2023;1710715837370499454;"@P3n99u94t_ Tidak ada rakyat rempang yang setuju di pindahkan, bahlil loe jgn mengada ngada";0;0;1;1;in;1302554734964867072;1710477382602399828;Amrizaldy511;https://twitter.com/Amrizaldy511/status/1710715837370499454
Sat Oct 07 17:53:11 +0000 2023;1710714904322462088;"@Stev3n_Peg3l gayanya mo bikin ikn  katanya ganti untung  dibayar juga kaga  King of Lip Service Tolak Relokasi Rempang di Batam  jangan sampai anda kena prank";0;0;0;0;in;1470502405;1710669138597945664;baronko_chole;https://twitter.com/baronko_chole/status/1710714904322462088
Sat Oct 07 17:49:10 +0000 2023;1710713893449023789;"@hc_poirot Yuk ramein kasus ijasah palsu, buat jalan pemakzulan selain kasus Rempang.";0;0;0;1;in;987307546393296896;1710467182013174009;pd_arief;https://twitter.com/pd_arief/status/1710713893449023789
Sat Oct 07 17:43:47 +0000 2023;1710712537975759335;"@AndiAhm34657650 @Mantanmontir22 @aniesbaswedan @NassPur_ Loh udah banyak yg ditangkepin kan? Main seruduk ? loh itu gusuran sana sini, halo rempang, halo wadas, sekarang halo mandalika. Bebas bersuara? Ndas mu bebas? Apa2 uu ITE? Lawak amat ini buzzer satu. Mentang2 dibayar sampe segitunya lu bela banteng 😂👎";0;1;0;0;in;1360896284891115527;1709516518642585636;gamegg15112976;https://twitter.com/gamegg15112976/status/1710712537975759335
Sat Oct 07 17:39:41 +0000 2023;1710711508672635334;"@iman100017 Jaman dijajah Portugis, Belanda sdh ada kampung! Semoga masyarakat di Rempang dan Galang selalu dalam lindungan Allah Subhana wataala.. 🙏🏻";0;0;0;0;in;3054820975;1710189629654384687;pitung_zorro;https://twitter.com/pitung_zorro/status/1710711508672635334
Sat Oct 07 17:34:09 +0000 2023;1710710115798847623;"#AniesMuhaimin2024 Rempang";0;0;0;0;in;1670070721186529280;1710710115798847623;joko_ngiboel;https://twitter.com/joko_ngiboel/status/1710710115798847623
Sat Oct 07 17:33:43 +0000 2023;1710710006402949177;"#AniesMuhaimin2024 Rempang";0;0;0;0;in;1670070721186529280;1710710006402949177;joko_ngiboel;https://twitter.com/joko_ngiboel/status/1710710006402949177
Sat Oct 07 17:33:28 +0000 2023;1710709944360776140;"#AniesMuhaimin2024 Rempang";0;0;0;1;in;1670070721186529280;1710709944360776140;joko_ngiboel;https://twitter.com/joko_ngiboel/status/1710709944360776140
Sat Oct 07 17:32:09 +0000 2023;1710709612876603494;"#AniesMuhaimin2024 Rempang";0;0;0;0;in;1670070721186529280;1710709612876603494;joko_ngiboel;https://twitter.com/joko_ngiboel/status/1710709612876603494
Sat Oct 07 17:31:40 +0000 2023;1710709489853460828;"#AniesMuhaimin2024 Rempang";0;0;0;0;in;1670070721186529280;1710709489853460828;joko_ngiboel;https://twitter.com/joko_ngiboel/status/1710709489853460828
Sat Oct 07 17:31:22 +0000 2023;1710709413114433605;"@billy4riez Kan guaa bilang,org NU yg gak suka cak imin cawapres cuma kakak beradik dari rembang";0;1;0;2;in;1924427556;1710606971538456767;siivanf;https://twitter.com/siivanf/status/1710709413114433605
Sat Oct 07 17:31:09 +0000 2023;1710709360283029610;"#AniesMuhaimin2024 Rempang";0;0;0;0;in;1670070721186529280;1710709360283029610;joko_ngiboel;https://twitter.com/joko_ngiboel/status/1710709360283029610
Sat Oct 07 17:30:48 +0000 2023;1710709273754587145;"#AniesMuhaimin2024 Rempang";0;0;0;0;in;1670070721186529280;1710709273754587145;joko_ngiboel;https://twitter.com/joko_ngiboel/status/1710709273754587145
Sat Oct 07 17:30:16 +0000 2023;1710709139532550585;"#AniesMuhaimin2024 Rempang";0;0;0;0;in;1670070721186529280;1710709139532550585;joko_ngiboel;https://twitter.com/joko_ngiboel/status/1710709139532550585
Sat Oct 07 17:29:43 +0000 2023;1710708999514206528;"#AniesMuhaimin2024 Rempang";0;0;0;0;in;1670070721186529280;1710708999514206528;joko_ngiboel;https://twitter.com/joko_ngiboel/status/1710708999514206528
Sat Oct 07 17:29:26 +0000 2023;1710708928416526646;"#AniesMuhaimin2024 Rempang";0;0;0;0;in;1670070721186529280;1710708928416526646;joko_ngiboel;https://twitter.com/joko_ngiboel/status/1710708928416526646
Sat Oct 07 17:28:41 +0000 2023;1710708737147826187;"#AniesMuhaimin2024 Rempang";0;0;0;0;in;1670070721186529280;1710708737147826187;joko_ngiboel;https://twitter.com/joko_ngiboel/status/1710708737147826187
Sat Oct 07 17:28:01 +0000 2023;1710708572307509450;"#AniesMuhaimin2024 Rempang";0;0;0;0;in;1670070721186529280;1710708572307509450;joko_ngiboel;https://twitter.com/joko_ngiboel/status/1710708572307509450
Sat Oct 07 17:27:36 +0000 2023;1710708464421597297;"#AniesMuhaimin2024 Rempang";0;0;0;0;in;1670070721186529280;1710708464421597297;joko_ngiboel;https://twitter.com/joko_ngiboel/status/1710708464421597297
Sat Oct 07 17:25:18 +0000 2023;1710707885863571558;"#AniesMuhaimin2024 Rempang";0;0;0;0;in;1670070721186529280;1710707885863571558;joko_ngiboel;https://twitter.com/joko_ngiboel/status/1710707885863571558
Sat Oct 07 17:24:30 +0000 2023;1710707686915162595;"#AniesMuhaimin2024 Rempang";0;0;0;0;in;1670070721186529280;1710707686915162595;joko_ngiboel;https://twitter.com/joko_ngiboel/status/1710707686915162595
Sat Oct 07 17:23:42 +0000 2023;1710707485273981255;"#AniesMuhaimin2024 Rempang";0;0;0;0;in;1670070721186529280;1710707485273981255;joko_ngiboel;https://twitter.com/joko_ngiboel/status/1710707485273981255
Sat Oct 07 17:23:32 +0000 2023;1710707444157141163;"@Tan_Mar3M @jokowi Ayo bantu up, share ke semua media yang ada. Kita tidak bisa bantu hadir di rempang untuk bela saudara2 kita yang ada di sana. Tapi setidaknya kita bisa suarakan, rasa prihatin kita dengan bantu up video ini dan share ke semua sosmed. 😢🥺🙏 https://t.co/x96UNt6GXg";1;1;3;10;in;1450374033560670210;1710580374726910326;sepreimylove;https://twitter.com/sepreimylove/status/1710707444157141163
Sat Oct 07 17:23:17 +0000 2023;1710707380705734820;"#AniesMuhaimin2024 Rempang";0;0;0;0;in;1670070721186529280;1710707380705734820;joko_ngiboel;https://twitter.com/joko_ngiboel/status/1710707380705734820
Sat Oct 07 17:22:57 +0000 2023;1710707296458932312;"kan aku bilang apa, habis suku Melayu di Rempang, dayak juga bakal diusir 😒, tuh dayak yg bela2 IKN mana neh? bentar lagi juga ke usirlah, jadi panglima yg satu itu sepertinya mendengar juga prediksi aku";0;4;2;7;in;3435242294;1710707296458932312;ArwahMiliter;https://twitter.com/ArwahMiliter/status/1710707296458932312
Sat Oct 07 17:22:36 +0000 2023;1710707209418792979;"@hc_poirot Ayo bantu up, share ke semua media yang ada. Kita tidak bisa bantu hadir di rempang untuk bela saudara2 kita yang ada di sana. Tapi setidaknya kita bisa suarakan, rasa prihatin kita dengan bantu up video ini dan share ke semua sosmed. 🥺☹️🙏 https://t.co/kEhsIKs3tF";0;0;0;0;in;1450374033560670210;1710694703149285434;sepreimylove;https://twitter.com/sepreimylove/status/1710707209418792979
Sat Oct 07 17:22:25 +0000 2023;1710707162081812663;"#AniesMuhaimin2024 Rempang";0;0;0;0;in;1670070721186529280;1710707162081812663;joko_ngiboel;https://twitter.com/joko_ngiboel/status/1710707162081812663
Sat Oct 07 17:22:09 +0000 2023;1710707093077176372;"#AniesMuhaimin2024 Rempang";0;0;0;0;in;1670070721186529280;1710707093077176372;joko_ngiboel;https://twitter.com/joko_ngiboel/status/1710707093077176372
Sat Oct 07 17:21:24 +0000 2023;1710706907038507510;"#AniesMuhaimin2024 Rempang";0;0;0;0;in;1670070721186529280;1710706907038507510;joko_ngiboel;https://twitter.com/joko_ngiboel/status/1710706907038507510
Sat Oct 07 17:21:05 +0000 2023;1710706826994655309;"#AniesMuhaimin2024 Rempang";0;0;0;0;in;1670070721186529280;1710706826994655309;joko_ngiboel;https://twitter.com/joko_ngiboel/status/1710706826994655309
Sat Oct 07 17:20:42 +0000 2023;1710706730718691667;"#AniesMuhaimin2024 Rempang";0;0;0;0;in;1670070721186529280;1710706730718691667;joko_ngiboel;https://twitter.com/joko_ngiboel/status/1710706730718691667
Sat Oct 07 17:20:41 +0000 2023;1710706727908483539;"@abwnews_ Ayo bantu up, share ke semua media yang ada. Kita tidak bisa bantu hadir di rempang untuk bela saudara2 kita yang ada di sana. Tapi setidaknya kita bisa suarakan, rasa prihatin kita dengan bantu up video ini dan share ke semua sosmed. ☹️☹️☹️ https://t.co/ogAW1BbaGW";0;0;0;0;in;1450374033560670210;1710659304733499484;sepreimylove;https://twitter.com/sepreimylove/status/1710706727908483539
Sat Oct 07 17:20:08 +0000 2023;1710706586753401263;"Bahlil Klaim Sebagian Warga Rempang Bersedia Dipindah #beritajogja #jogja #jogjaistimewa https://t.co/hXk3xmUcze https://t.co/62WTzBk6EH";0;0;0;0;in;118371948;1710706586753401263;Harian_Jogja;https://twitter.com/Harian_Jogja/status/1710706586753401263
Sat Oct 07 17:19:54 +0000 2023;1710706528796508488;"#AniesMuhaimin2024 Rempang";0;0;0;0;in;1670070721186529280;1710706528796508488;joko_ngiboel;https://twitter.com/joko_ngiboel/status/1710706528796508488
Sat Oct 07 17:19:33 +0000 2023;1710706441861165244;"#AniesMuhaimin2024 Rempang";0;0;0;0;in;1670070721186529280;1710706441861165244;joko_ngiboel;https://twitter.com/joko_ngiboel/status/1710706441861165244
Sat Oct 07 17:19:26 +0000 2023;1710706411876037108;"@hc_poirot Menteri anjing Bahlil mengunjungi rempang";0;0;0;0;in;1465242196831989760;1710454401503285447;andi_siran;https://twitter.com/andi_siran/status/1710706411876037108
Sat Oct 07 17:19:08 +0000 2023;1710706334075904044;"#AniesMuhaimin2024 Rempang";0;1;2;4;in;1670070721186529280;1710706334075904044;joko_ngiboel;https://twitter.com/joko_ngiboel/status/1710706334075904044
Sat Oct 07 17:18:39 +0000 2023;1710706215234445365;"#AniesMuhaimin2024 Rempang";0;0;0;0;in;1670070721186529280;1710706215234445365;joko_ngiboel;https://twitter.com/joko_ngiboel/status/1710706215234445365
Sat Oct 07 17:18:09 +0000 2023;1710706086523940987;"#AniesMuhaimin2024 Rempang";0;0;0;0;in;1670070721186529280;1710706086523940987;joko_ngiboel;https://twitter.com/joko_ngiboel/status/1710706086523940987
Sat Oct 07 17:16:22 +0000 2023;1710705640895852955;"#AniesMuhaimin2024 Rempang";0;0;0;0;in;1670070721186529280;1710705640895852955;joko_ngiboel;https://twitter.com/joko_ngiboel/status/1710705640895852955
Sat Oct 07 17:16:08 +0000 2023;1710705582389469424;"#AniesMuhaimin2024 Rempang";0;0;0;0;in;1670070721186529280;1710705582389469424;joko_ngiboel;https://twitter.com/joko_ngiboel/status/1710705582389469424
Sat Oct 07 17:15:26 +0000 2023;1710705404534267919;"#AniesMuhaimin2024 Rempang";0;0;0;0;in;1670070721186529280;1710705404534267919;joko_ngiboel;https://twitter.com/joko_ngiboel/status/1710705404534267919
Sat Oct 07 17:08:53 +0000 2023;1710703755786887213;"#AniesMuhaimin2024 Rempang";0;0;0;0;in;1670070721186529280;1710703755786887213;joko_ngiboel;https://twitter.com/joko_ngiboel/status/1710703755786887213
Sat Oct 07 17:08:22 +0000 2023;1710703626317103261;"#AniesMuhaimin2024 Rempang";0;0;0;0;in;1670070721186529280;1710703626317103261;joko_ngiboel;https://twitter.com/joko_ngiboel/status/1710703626317103261
Sat Oct 07 17:07:57 +0000 2023;1710703520360595492;"Ayo bantu up, share ke semua media yang ada. Kita gk bisa bantu hadir di rempang untuk bela saudara2 kita, tapi setidaknya kita bisa suarakan dengan bantu up video ini dan share ke semua. https://t.co/e4ViKGEhrF";0;0;0;0;in;1450374033560670210;1710703520360595492;sepreimylove;https://twitter.com/sepreimylove/status/1710703520360595492
Sat Oct 07 17:07:53 +0000 2023;1710703504636162246;"#AniesMuhaimin2024 Rempang";0;0;0;0;in;1670070721186529280;1710703504636162246;joko_ngiboel;https://twitter.com/joko_ngiboel/status/1710703504636162246
Sat Oct 07 17:07:01 +0000 2023;1710703287664828679;"#AniesMuhaimin2024 Rempang";0;0;0;0;in;1670070721186529280;1710703287664828679;joko_ngiboel;https://twitter.com/joko_ngiboel/status/1710703287664828679
Sat Oct 07 17:06:38 +0000 2023;1710703189354480076;"#AniesMuhaimin2024 Rempang";0;0;0;0;in;1670070721186529280;1710703189354480076;joko_ngiboel;https://twitter.com/joko_ngiboel/status/1710703189354480076
Sat Oct 07 17:06:15 +0000 2023;1710703092185149704;"#AniesMuhaimin2024 Rempang";0;0;0;0;in;1670070721186529280;1710703092185149704;joko_ngiboel;https://twitter.com/joko_ngiboel/status/1710703092185149704
Sat Oct 07 17:05:45 +0000 2023;1710702968746787304;"#AniesMuhaimin2024 Rempang";0;0;0;1;in;1670070721186529280;1710702968746787304;joko_ngiboel;https://twitter.com/joko_ngiboel/status/1710702968746787304
Sat Oct 07 17:05:10 +0000 2023;1710702821224648744;"Dinilai Anarkis dan Akan Jadi Negara Preman, Bahlil Tolak Membebaskan Pendemo Rempang  https://t.co/SxFTBbfTZN";0;0;0;0;in;1672252054046392321;1710702821224648744;RublikDepok;https://twitter.com/RublikDepok/status/1710702821224648744
Sat Oct 07 17:04:43 +0000 2023;1710702709001883970;"@kompascom ibarat rempang, suatu saat dikuasai cinak tiongkok, pribumi bela tanah air apa mau dibilang teroris?";0;0;0;1;in;943635285878874113;1710628935221084361;threesome_bodo;https://twitter.com/threesome_bodo/status/1710702709001883970
Sat Oct 07 17:01:54 +0000 2023;1710701997597626515;"@Napit61496887 @HanumNuraini1 @geloraco Lho pernyataan2 beliau2 kan buat para provokator...yg menfaatkan kasus rempang bro.. Jangan salah bro...ada yg ga pengin propinsi di Riau maju...";0;0;0;2;in;1604049002319659008;1710291082737598967;Tohid_siswanto;https://twitter.com/Tohid_siswanto/status/1710701997597626515
Sat Oct 07 16:58:03 +0000 2023;1710701030793695553;"Info joki berita rempang😁 @nsyfzla";0;1;0;0;in;1255035014024028161;1710701030793695553;hanifahcakep;https://twitter.com/hanifahcakep/status/1710701030793695553
Sat Oct 07 16:56:40 +0000 2023;1710700682293239851;"Invetasi di Rempang jadi berjalan Aman karena tahap penyelesaian berupa pendekatan yang dilakukan oleh Pak Bahlil, mari terus dukung supaya bisa berjalan sesuai harapan  #DukungBahlil https://t.co/a3s4P65THr";0;0;0;0;in;1698194460247830528;1710700682293239851;Dindaxx26;https://twitter.com/Dindaxx26/status/1710700682293239851
Sat Oct 07 16:55:02 +0000 2023;1710700269930262561;"@Li9ayaTalaChes4 ini jakarta atau rempang? https://t.co/1dHqxlhkYZ";0;0;0;1;in;71186017;1710671139960459651;wahyuli99;https://twitter.com/wahyuli99/status/1710700269930262561
Sat Oct 07 16:54:50 +0000 2023;1710700219082723660;"akhirnya Rempang Aman juga, berkat kerja sama masyarakat dengan pemerintah jugaa.#DukungBahlil https://t.co/Dzcmi4VAFB";0;0;0;0;in;1688570713257754624;1710700219082723660;pijakhx;https://twitter.com/pijakhx/status/1710700219082723660
Sat Oct 07 16:48:03 +0000 2023;1710698515163472219;"@moonmaap06 Rembang Jateng apa kamu";0;0;0;0;in;1679204992799096832;1528211136507572225;DilanSajaaa;https://twitter.com/DilanSajaaa/status/1710698515163472219
Sat Oct 07 16:45:37 +0000 2023;1710697900580405632;"@iboenk_not @RandomWorldWar rempang aje belum selesai main loncat ke negara laen hadehh";0;0;0;5;in;1313336475560275969;1710696822812074221;khikhichan;https://twitter.com/khikhichan/status/1710697900580405632
Sat Oct 07 16:45:30 +0000 2023;1710697871228743839;"@pitung_zorro Dia merasa pernah tour dan berburu di Rempang tahun 1980, katanya tidak pernah lihat ada kampung disana. Pertanyaannya apakah mata TW yg jadi standard, mata orang lain yg jelas lahir, tinggal disitu bukan ukuran?";0;1;0;1;in;964364028;1710189629654384687;iman100017;https://twitter.com/iman100017/status/1710697871228743839
Sat Oct 07 16:45:15 +0000 2023;1710697808809128138;"Kembali Kunjungi Rempang, Bahlil Disambut Demo Emak-emak Tolak Relokasi https://t.co/6ZLieNoKAA";0;0;0;0;in;1225432911899324419;1710697808809128138;RepelitaO;https://twitter.com/RepelitaO/status/1710697808809128138
Sat Oct 07 16:45:06 +0000 2023;1710697770284372239;"@Mythicalforest Rakyat sebaiknya bersiap untuk konflik terutama rempang";0;0;0;0;in;1721176603;1710588832603848740;rocky35842935;https://twitter.com/rocky35842935/status/1710697770284372239
Sat Oct 07 16:41:29 +0000 2023;1710696860246270197;"@Subur0204 Semoga malaikat datang dg bawa buldozer spt yg dia mau lakukan kpd warga Rempang yg menolak penggusuran. Pesan ke malaikat : pelan2 aja biar spt Ariel Sharon...🤣🤭";0;0;2;70;in;405628816;1710671272517210561;SyaikhuMochtar;https://twitter.com/SyaikhuMochtar/status/1710696860246270197
Sat Oct 07 16:39:24 +0000 2023;1710696334679032110;"@bianca01403 @joserasyid Sepertinya mrk sudah berserah diri kpd Alloh swt dan telah siap dgn apa pun yg terjadi. Kt hanya bs mendoakan... Allohummansur muslimina fi Rempang... Allohummansur mujahidina fi kulli makaan...🤲";0;0;0;2;in;1455318900304871424;1710489257788530717;Onot339691212;https://twitter.com/Onot339691212/status/1710696334679032110
Sat Oct 07 16:36:47 +0000 2023;1710695678492790922;"@SammiSoh Ini para Bajingan provokator di Rempang Riau asuuu si Mimin tua Bangka bau tanah semoga parte ini tengelam dan di laknatullah karena sifat hasutan dan provokasi adalah dosa besar yg membawa kehancuran umat😡😡😡😡👎👎👎👎";0;0;0;0;in;2574046178;1710647388560609533;MaliqRidwane;https://twitter.com/MaliqRidwane/status/1710695678492790922
Sat Oct 07 16:33:29 +0000 2023;1710694848003482048;"@LapamusuUm21336 @msaid_didu Oh maaf ya,kalau saya tdk sopan, saya lihat dan rasakan  kondisi bangsa akhir akhir ini hati saya kemropok,dari kcic tanpa studi kelayakan,Rempang,Seruyan,beras mahal,MK,hutang menggunung dst,saya bayar pajak ratusan jt,tapi mreka tdk bermoral tdk beretika dg tugasnya";0;2;0;0;in;1603743660331278336;1710572106310930938;prenjakesuk;https://twitter.com/prenjakesuk/status/1710694848003482048
Sat Oct 07 16:30:16 +0000 2023;1710694037924311191;"@floreskekinian2 @MataNajwa @tvOneNews @karniilyas Biar semua berjalan lancar dan proyek Rempang Aman, maka #DukungBahlil";0;0;0;0;in;1619243378562174977;1710619730703450570;akupilihanR;https://twitter.com/akupilihanR/status/1710694037924311191
Sat Oct 07 16:28:24 +0000 2023;1710693566291529981;"@ssefnum Salatiga maybe, atau rembang";0;0;0;0;tl;1282608812906561536;1710682272675045772;pomiexst;https://twitter.com/pomiexst/status/1710693566291529981
Sat Oct 07 16:23:48 +0000 2023;1710692409359925370;"Geser sikit bg ke Rempang..";0;0;0;0;in;1653772537787203584;1710692409359925370;par_JohorMedan;https://twitter.com/par_JohorMedan/status/1710692409359925370
Sat Oct 07 16:23:37 +0000 2023;1710692363881050134;"@AtokBadar75777 Bahlil Penipu.. begitu teriakan Emak2 Rempang...";0;0;0;0;in;1447476201392541699;1710593735820767713;oposisiAJEdeh;https://twitter.com/oposisiAJEdeh/status/1710692363881050134
Sat Oct 07 16:23:30 +0000 2023;1710692336936911345;"@BosPurwa Jangan mati dulu tulang...tunggu siksa dunia ....mungkin ini doa orang warga Rempang (yg terzolimi)...ingat tulang doa orang yg terzolimi akan tembus langsung ke Arsy Allah ...di terima langsung sama Allah .JD ingat omongan nya. siapapun yg menghalangi investasi akan di BULDOZER.";0;0;0;1;in;994486338085793793;1710285888230416650;agusnazmudin1;https://twitter.com/agusnazmudin1/status/1710692336936911345
Sat Oct 07 16:18:55 +0000 2023;1710691183654236432;"@AaPramudya75469 Dr pada jadi Polisi lg nant d kirim ke rempang Bentrok deh sm warga melayu mending jualan seblak bisnis jelas itu🤣🤣🤣";0;0;0;1;in;1605930988638703617;1710686834903429620;JayaDinamicca;https://twitter.com/JayaDinamicca/status/1710691183654236432
Sat Oct 07 16:16:15 +0000 2023;1710690511894561112;"Rembang, mau banget kesana lagi tapi masih takut rumah keluarga papi masih pajang kepala rusa banyak 😅";0;0;0;0;in;2955275730;1710690511894561112;Benjamifn;https://twitter.com/Benjamifn/status/1710690511894561112
Sat Oct 07 16:15:02 +0000 2023;1710690204615680416;"@P3n99u94t_ Betul rakyat sudah kompak dan bilang OKE mari kita bersatu masyarakat Rempang untuk tetap pertahankan haknya.";0;0;0;0;in;944797572;1710477382602399828;mahmud_lima;https://twitter.com/mahmud_lima/status/1710690204615680416
Sat Oct 07 16:13:14 +0000 2023;1710689751064584668;"@cordova_media indonesia dikit dikit juga mau direbut cina tiongkok tuh, mulai dari rempang dan menjalar";0;1;0;2;in;943635285878874113;1710653281800974788;threesome_bodo;https://twitter.com/threesome_bodo/status/1710689751064584668
Sat Oct 07 16:07:23 +0000 2023;1710688277811143111;"@IND0_Update @mediaindonesia @indozonemedia Dukungan penuh kepada Pak Bahlil untuk Rempang Aman #DukungBahlil";0;0;0;0;in;1576056427436683264;1710619686176723434;DaraSyafika;https://twitter.com/DaraSyafika/status/1710688277811143111
Sat Oct 07 16:06:36 +0000 2023;1710688080838238341;"@CNNIndonesia Contohnya Warga Rempang...";0;1;0;0;in;1421463511687856130;1709731552689590626;Siamangdesa;https://twitter.com/Siamangdesa/status/1710688080838238341
Sat Oct 07 16:06:36 +0000 2023;1710688080678842589;"Dukungan penuh kepada Pak Bahlil untuk Rempang Aman #DukungBahlil  https://t.co/aPnKH1b1k2";0;0;0;0;in;1576056427436683264;1710688080678842589;DaraSyafika;https://twitter.com/DaraSyafika/status/1710688080678842589
Sat Oct 07 16:06:24 +0000 2023;1710688030275908079;"Dukungan penuh kepada Pak Bahlil untuk Rempang Aman #DukungBahlil https://t.co/iuclcaw2f9";0;0;0;0;in;1576056427436683264;1710688030275908079;DaraSyafika;https://twitter.com/DaraSyafika/status/1710688030275908079
Sat Oct 07 16:02:23 +0000 2023;1710687023064023536;"@estananto Kan bukan sedang ngutang di bank, sehingga takut bila didatangi ke rumah, tapi lebih ke sudut pandang warga rempang batam. Berpuluh tahun dihujani bom, tidak mungkin anda bisa berada di posisi sudut pandang tsb. Lebih ke komentator sepak bola tarkam";0;0;0;1;in;540818398;1710573542734221801;DanaDuabalack;https://twitter.com/DanaDuabalack/status/1710687023064023536
Sat Oct 07 16:01:27 +0000 2023;1710686786912202848;"@never_alonely Di dalam Alinea 4 Pembukaan UUD 1945 tertulis bahwa salah satu tugas Pemerintah adalah Melindungi Segenap Bangsa Indonesia dan Seluruh Tumpah Darah Indonesia....selain 3 tugas utama lainnya  Sangat jelas dan tegas  Peristiwa di Rempang, Seruyan dan lain...mencederai amanat tsb";0;1;8;9;in;4597496354;1710672965325733901;MaliminRinaldi;https://twitter.com/MaliminRinaldi/status/1710686786912202848
Sat Oct 07 16:01:18 +0000 2023;1710686748366573944;"Pak Bahlil selalu peduli dengan masyarakat di pulau Rempang, sehingga Rempang Aman.  #DukungBahlil  https://t.co/f5VWy3Ethh";0;0;0;0;in;1674084880085557249;1710686748366573944;TinaArianaLbc;https://twitter.com/TinaArianaLbc/status/1710686748366573944
Sat Oct 07 16:01:08 +0000 2023;1710686707178406289;"@Avist78273734 @Tita83079013 😃😃😃😃 tatanan yg spt apa yg menurutmu baik? Rempang? Wadas? Kcjb? Ikn? Impor beras? Kkb? Harun masihu? Sambo? Bayar influenzer? Eka sila?";0;0;0;0;in;550912850;1709959970442363044;songohan141;https://twitter.com/songohan141/status/1710686707178406289
Sat Oct 07 15:59:33 +0000 2023;1710686308744794271;"Pak Bahlil selalu peduli dengan masyarakat di pulau Rempang, sehingga Rempang Aman.  #DukungBahlil https://t.co/Jz0nPMep23";0;0;0;0;in;1674084880085557249;1710686308744794271;TinaArianaLbc;https://twitter.com/TinaArianaLbc/status/1710686308744794271
Sat Oct 07 15:58:42 +0000 2023;1710686095661494766;"KAMI MENOLAK PENGGUSURAN RAKYAT REMPANG  #LawanKezaliman #TegakkanKeadilan  https://t.co/YAAfkRdThv";0;0;1;0;in;1155129834172907521;1710686095661494766;FrontNelayan;https://twitter.com/FrontNelayan/status/1710686095661494766
Sat Oct 07 15:58:36 +0000 2023;1710686068000063893;"@IND0_Update @mediaindonesia @indozonemedia Pak Bahlil selalu peduli dengan masyarakat di pulau Rempang, sehingga Rempang Aman.  #DukungBahlil";0;0;0;0;in;1674084880085557249;1710619686176723434;TinaArianaLbc;https://twitter.com/TinaArianaLbc/status/1710686068000063893
Sat Oct 07 15:55:01 +0000 2023;1710685168875503665;"PESAN UNTUK PAK BAHLIL, DARI WARGA REMPANG. FIR'AUN SAJA TAK PERNAH TEGA MENGGUSUR RAKYATNYA  "Penguasa mengalahkan sifat, karakter dan sikap kebijakan Fir'aun dengan menggusur mengusir rakyat Rempang."  #LawanKezaliman #TegakkanKeadilan  https://t.co/D0iWGobTGl";0;0;0;0;in;1155129834172907521;1710685168875503665;FrontNelayan;https://twitter.com/FrontNelayan/status/1710685168875503665
Sat Oct 07 15:53:22 +0000 2023;1710684750590234642;"Ayo dukung pak bahlil sepenuhnya untuk memajukan proyek Rempang Aman #DukungBahlil https://t.co/rWUm9gxIfb";0;0;0;0;in;1695663675389157376;1710684750590234642;AubreyBreya;https://twitter.com/AubreyBreya/status/1710684750590234642
Sat Oct 07 15:52:48 +0000 2023;1710684608516456861;"@IND0_Update @mediaindonesia @indozonemedia Ayo dukung pak bahlil sepenuhnya untuk memajukan proyek Rempang Aman #DukungBahlil";0;0;0;0;in;1695663675389157376;1710619686176723434;AubreyBreya;https://twitter.com/AubreyBreya/status/1710684608516456861
Sat Oct 07 15:52:39 +0000 2023;1710684573301084304;"Ayo dukung pak bahlil sepenuhnya untuk memajukan proyek Rempang Aman #DukungBahlil   https://t.co/GfaQwooVeQ";0;0;0;0;in;1695663675389157376;1710684573301084304;AubreyBreya;https://twitter.com/AubreyBreya/status/1710684573301084304
Sat Oct 07 15:52:27 +0000 2023;1710684521182679534;"@floreskekinian2 @MataNajwa @tvOneNews @karniilyas salut banget dengan kegigihan pak bahlil untuk menciptakan Rempang Aman #DukungBahlil";0;0;0;0;in;1706571216050692096;1710619730703450570;peekavvoo;https://twitter.com/peekavvoo/status/1710684521182679534
Sat Oct 07 15:44:11 +0000 2023;1710682441307111699;"@floreskekinian2 @MataNajwa @tvOneNews @karniilyas kita akan dukung selalu pak Bahlil dalam merubah Rempang Aman dan masyarakat sejahtera #DukungBahlil";0;0;0;0;in;1706839235784007680;1710619730703450570;reliefree;https://twitter.com/reliefree/status/1710682441307111699
Sat Oct 07 15:42:21 +0000 2023;1710681977685467550;"Salut banget berkat pak Bahlil, sekarang pulau Rempang Aman #DukungBahlil  https://t.co/3WHR0xDtsm";0;0;0;0;in;1576368578248384512;1710681977685467550;irawati_gurning;https://twitter.com/irawati_gurning/status/1710681977685467550
Sat Oct 07 15:42:18 +0000 2023;1710681965215826097;"@IND0_Update @mediaindonesia @indozonemedia Top abis pak bahlil Rempang Aman  #DukungBahlil";0;0;0;0;in;780372835327840256;1710619686176723434;xchiby;https://twitter.com/xchiby/status/1710681965215826097
Sat Oct 07 15:42:11 +0000 2023;1710681937940303905;"@floreskekinian2 @MataNajwa @tvOneNews @karniilyas yukk #DukungBahlil untuk mewujudkan Rempang Aman dan investasi terus berlanjut";0;0;0;0;in;1706940256707338240;1710619730703450570;sugarcozt;https://twitter.com/sugarcozt/status/1710681937940303905
Sat Oct 07 15:40:36 +0000 2023;1710681537396826567;"Salut banget berkah pak Bahlil, sekarang pulau Rempang Aman #DukungBahlil https://t.co/i0odMCAejM";0;0;0;0;in;1576368578248384512;1710681537396826567;irawati_gurning;https://twitter.com/irawati_gurning/status/1710681537396826567
Sat Oct 07 15:40:28 +0000 2023;1710681504958087302;"@Ivatcci @jokowi @bahlillahadalia @bkpm siap memberi dukungan penuh untuk Pak Bahlil, semoga persoalan rempang segera usai #DukungBahlil";0;0;0;0;in;1238319388467445760;1710618473209241755;Sunflowwweer;https://twitter.com/Sunflowwweer/status/1710681504958087302
Sat Oct 07 15:40:13 +0000 2023;1710681442316091814;"@IND0_Update @mediaindonesia @indozonemedia Salut banget berkah pak Bahlil, sekarang pulau Rempang Aman #DukungBahlil";0;0;0;0;in;1576368578248384512;1710619686176723434;irawati_gurning;https://twitter.com/irawati_gurning/status/1710681442316091814
Sat Oct 07 15:40:01 +0000 2023;1710681391091102031;"@Ivatcci @jokowi @bahlillahadalia @bkpm setuju banget terus dukung pak Bahlil biar cepat selesai proyeknya dan membuat Rempang Aman  #DukungBahlil";0;0;0;0;in;1690666219840647169;1710618473209241755;hopesforlife;https://twitter.com/hopesforlife/status/1710681391091102031
Sat Oct 07 15:39:57 +0000 2023;1710681377178521975;"Keren banget kan pak bahlil dapat dukungan penuh https://t.co/AYBZgG6J8V Rempang Aman  #DukungBahlil";0;0;0;0;in;1689530885224448000;1710681377178521975;sjpire;https://twitter.com/sjpire/status/1710681377178521975
Sat Oct 07 15:39:16 +0000 2023;1710681205207953422;"@CSzipel_ @aniesbaswedan @ganjarpranowo @prabowo Mantap Pak Bahlil, semog Rempang Aman bisa segera  terwujud #DukungBahlil";0;0;0;0;in;1238319388467445760;1710619730875404427;Sunflowwweer;https://twitter.com/Sunflowwweer/status/1710681205207953422
Sat Oct 07 15:39:13 +0000 2023;1710681191794508248;"Bahkan anggota DPR saja mendukung pak bahlil Rempang Aman  #DukungBahlil https://t.co/x9JVWxIfkI";0;0;0;0;in;1689530885224448000;1710681191794508248;sjpire;https://twitter.com/sjpire/status/1710681191794508248
Sat Oct 07 15:38:54 +0000 2023;1710681110764793943;"@QKhalita @bahlillahadalia Jgn mau di tipu preman .. Rempang Wilayah NKRI, bukan China....";0;0;0;1;in;1602600085266714624;1710508648915706342;DarkJustice07;https://twitter.com/DarkJustice07/status/1710681110764793943
Sat Oct 07 15:37:41 +0000 2023;1710680803624337545;"@IND0_Update @mediaindonesia @indozonemedia Mantapp top banget pak bahlil Rempang Aman  #DukungBahlil";0;0;0;0;in;1689530885224448000;1710619686176723434;sjpire;https://twitter.com/sjpire/status/1710680803624337545
Sat Oct 07 15:37:13 +0000 2023;1710680688348078424;"@Ivatcci @jokowi @bahlillahadalia @bkpm harus banget #DukungBahlil nihh agar masyarakat Rempang Aman";0;0;0;0;in;1693524048595296256;1710618473209241755;heavensnurfle;https://twitter.com/heavensnurfle/status/1710680688348078424
Sat Oct 07 15:36:17 +0000 2023;1710680452460339707;"Partai Ummat bersama Warga Rempang, MENOLAK segala bentuk Ketidakadilan dan Melawan segala bentuk Kedzaliman...!☝✊  #TegakanKeadilan  #LawanKedzaliman   @realAmienRais  @DPP_PartaiUmmat  @RidhoRahmadi85  @Singa_Nala  @pakaipeci  @annourcharity  @BuniYani https://t.co/lpR2rJy4y2";0;1;15;23;in;1603537926482145280;1710680452460339707;IwanIwanely72;https://twitter.com/IwanIwanely72/status/1710680452460339707
Sat Oct 07 15:36:13 +0000 2023;1710680437885206751;"@Ivatcci @jokowi @bahlillahadalia @bkpm semangat pak Bahlil untuk bisa wujudkan Rempang Aman #DukungBahlil";0;0;0;0;in;1693521939258834944;1710618473209241755;starslovable;https://twitter.com/starslovable/status/1710680437885206751
Sat Oct 07 15:36:07 +0000 2023;1710680409691042148;"DPR mengakui partisipasi masyarakat dalam proyek eco city yang dipimpin oleh pak Bahlil. Kolaborasi yang positif untuk mencapai pembangunan yang inklusif dan berkesinambungan Rempang Aman #DukungBahlil https://t.co/jwHFqOKHpS";0;0;0;0;in;1646512522546253824;1710680409691042148;blackhawkku2;https://twitter.com/blackhawkku2/status/1710680409691042148
Sat Oct 07 15:35:27 +0000 2023;1710680242543837340;"DPR mengakui partisipasi masyarakat dalam proyek eco city yang dipimpin oleh pak Bahlil. Kolaborasi yang positif untuk mencapai pembangunan yang inklusif dan berkesinambungan Rempang Aman #DukungBahlil https://t.co/CDtuNGqErY";0;0;0;0;in;1646512522546253824;1710680242543837340;blackhawkku2;https://twitter.com/blackhawkku2/status/1710680242543837340
Sat Oct 07 15:35:14 +0000 2023;1710680190064742758;"@IND0_Update @mediaindonesia @indozonemedia Ditangan pak bahlil semua langsung kelar Rempang Aman  #DukungBahlil";0;0;0;0;in;771817792119054337;1710619686176723434;xzcaca;https://twitter.com/xzcaca/status/1710680190064742758
Sat Oct 07 15:33:00 +0000 2023;1710679626430001186;"@Ivatcci @jokowi @bahlillahadalia @bkpm siap dukung penuh Pak Mentri Bahlil, semoga solusi terbaik segera terwujud untuk Rempang Aman #DukungBahlil";0;0;0;0;in;1667081907782434816;1710618473209241755;cikibomcikibom;https://twitter.com/cikibomcikibom/status/1710679626430001186
Sat Oct 07 15:32:39 +0000 2023;1710679538022387968;"setuju sih dengan rencana nya untuk melibatkan masyarakat lokal. karna mau ga mau mereka yang mendiami pulau tersebut agar benar-benar tercipta Rempang Aman  #DukungBahlil https://t.co/LjlHQ44TgW";0;0;0;0;in;1298917652052598784;1710679538022387968;Paanya7;https://twitter.com/Paanya7/status/1710679538022387968
Sat Oct 07 15:31:57 +0000 2023;1710679361366667619;"@hc_poirot 💪💪💪💪💪👍👍👍👍👍hebat usir aj ma pengkhianat bangsat yg beralasan investasi itu mah invetasi pribadi bahlul sekalian ulin antek2 ny yg ad d rempang";0;0;0;0;in;1654471060547588097;1710454401503285447;05_anjelik58428;https://twitter.com/05_anjelik58428/status/1710679361366667619
Sat Oct 07 15:31:53 +0000 2023;1710679343817699725;"@IND0_Update @mediaindonesia @indozonemedia Keren banget pak bahlil Rempang Aman  #DukungBahlil";0;0;0;0;in;771417564828217345;1710619686176723434;xchubaa;https://twitter.com/xchubaa/status/1710679343817699725
Sat Oct 07 15:31:48 +0000 2023;1710679324930801897;"@CSzipel_ @aniesbaswedan @ganjarpranowo @prabowo harus banget nihh #DukungBahlil karena di tangan beliau pasti Rempang Aman";0;0;0;0;in;1691295499096309760;1710619730875404427;lullabyair;https://twitter.com/lullabyair/status/1710679324930801897
Sat Oct 07 15:30:25 +0000 2023;1710678975574643158;"@CSzipel_ @aniesbaswedan @ganjarpranowo @prabowo mantapp nih kalo sama pak Bahlil pasti Rempang Aman nantinya  #DukungBahlil";0;0;0;0;in;1690206767979044864;1710619730875404427;meowsmilest;https://twitter.com/meowsmilest/status/1710678975574643158
Sat Oct 07 15:29:26 +0000 2023;1710678728978927935;"@CSzipel_ @aniesbaswedan @ganjarpranowo @prabowo semangat terus kerja baiknya pak Bahlil untuk Rempang Aman kedepannya #DukungBahlil";0;0;0;0;in;1691297112720650240;1710619730875404427;whifflecream;https://twitter.com/whifflecream/status/1710678728978927935
Sat Oct 07 15:29:20 +0000 2023;1710678702177333632;"As always #DukungBahlil mengenai Rempang Eco City karena pendekatan beliau lah Rempang Aman  https://t.co/75e4BbBC7y";0;0;0;0;in;1641699251007926272;1710678702177333632;lindawatigrng;https://twitter.com/lindawatigrng/status/1710678702177333632
Sat Oct 07 15:29:00 +0000 2023;1710678621034361195;"@IND0_Update @mediaindonesia @indozonemedia Karna pak bahlil masalah bisa teratasi Rempang Aman  #DukungBahlil";0;0;0;0;in;1689530107067830272;1710619686176723434;qzueue;https://twitter.com/qzueue/status/1710678621034361195
Sat Oct 07 15:28:52 +0000 2023;1710678587639226443;"yuk bisa yuk Rempang Aman seperti harapan masyarakat Indonesia #DukungBahlil https://t.co/rHIGjIsP93";0;0;0;0;in;1516993362963812352;1710678587639226443;susanti1478;https://twitter.com/susanti1478/status/1710678587639226443
Sat Oct 07 15:28:41 +0000 2023;1710678538880495832;"@floreskekinian2 @MataNajwa @tvOneNews @karniilyas Dukung penuh Pak Mentri Bahlil, yakin rempang aman dan masyarakat sejahtera #DukungBahlil";0;0;0;0;in;1238319388467445760;1710619730703450570;Sunflowwweer;https://twitter.com/Sunflowwweer/status/1710678538880495832
Sat Oct 07 15:27:14 +0000 2023;1710678177222361256;"@CSzipel_ @aniesbaswedan @ganjarpranowo @prabowo semangat terus pak Bahlil untuk untuk mewujudkan Rempang Aman #DukungBahlil";0;0;0;0;in;1690663593824686080;1710619730875404427;cozyglitters;https://twitter.com/cozyglitters/status/1710678177222361256
Sat Oct 07 15:27:06 +0000 2023;1710678143676428412;"@IND0_Update @mediaindonesia @indozonemedia As always #DukungBahlil mengenai Rempang Eco City karena pendekatan beliau lah Rempang Aman";0;0;0;0;in;1641699251007926272;1710619686176723434;lindawatigrng;https://twitter.com/lindawatigrng/status/1710678143676428412
Sat Oct 07 15:26:50 +0000 2023;1710678074101248267;"As always #DukungBahlil mengenai Rempang Eco City karena pendekatan beliau lah Rempang Aman https://t.co/ythG0Qhuzl";0;0;0;0;in;1641699251007926272;1710678074101248267;lindawatigrng;https://twitter.com/lindawatigrng/status/1710678074101248267
Sat Oct 07 15:26:49 +0000 2023;1710678071056236873;"@floreskekinian2 @MataNajwa @tvOneNews @karniilyas Wajib banget #DukungBahlil percaya rempang aman di tangan Beliau";0;0;0;0;in;1667081907782434816;1710619730703450570;cikibomcikibom;https://twitter.com/cikibomcikibom/status/1710678071056236873
Sat Oct 07 15:26:16 +0000 2023;1710677933185241385;"@CSzipel_ @aniesbaswedan @ganjarpranowo @prabowo #DukungBahlil untuk menciptakan Rempang Aman dan sejahtera";0;0;0;0;in;1700138563327680513;1710619730875404427;colorvres;https://twitter.com/colorvres/status/1710677933185241385
Sat Oct 07 15:24:29 +0000 2023;1710677482645659795;"Ada beberapa hal yang menjadi alasan besarnya dukungan untuk bahlil terkait  percepatan Rempang Eco City. Salah satunya adalah Menteri Bahlil berhasil menggunakan pendekatan yang ‘down to earth’, membumi, melebur dan menggunakan bahasa yang merakyat. #DukungBahlil https://t.co/hsIGWZ1S8Y";0;0;0;0;in;1238319388467445760;1710677482645659795;Sunflowwweer;https://twitter.com/Sunflowwweer/status/1710677482645659795
Sat Oct 07 15:23:02 +0000 2023;1710677116449435722;"@IND0_Update @mediaindonesia @indozonemedia Semoga pulau Rempang Aman dan tentram deh pokoknya #DukungBahlil";0;0;0;0;in;1641685485625171970;1710619686176723434;sapirabella775;https://twitter.com/sapirabella775/status/1710677116449435722
Sat Oct 07 15:21:23 +0000 2023;1710676704048656825;"@Ivatcci @jokowi @bahlillahadalia @bkpm ayoo gais kita #DukungBahlil semngat pak karna dipercaya sama pak jokowi dan pasti bapak bisa menjalankan amanah dan tanggung jawab sebaik mungkin agar Rempang Aman";0;0;0;0;in;1586734768267272193;1710618473209241755;mocca280;https://twitter.com/mocca280/status/1710676704048656825
Sat Oct 07 15:21:08 +0000 2023;1710676638261010554;""Di #Rempang itu perusahaan nya lepas tangan, Yang Maju Pemerintah"  Aparat jadi seperti tukang pukul. Mirip centeng kompeni jaman penjajah.  [Gangsta Paradise] https://t.co/OcARyocvQr";0;1;29;28;in;1589754038324977667;1710676638261010554;descha05;https://twitter.com/descha05/status/1710676638261010554
Sat Oct 07 15:20:45 +0000 2023;1710676545357205851;"Ketika ingin menjalankan proyek yang besar harus melibatkan rakyat setempat. Rempang Aman  #DukungBahlil  https://t.co/jAsnQmSCxO";0;0;0;0;in;1641685485625171970;1710676545357205851;sapirabella775;https://twitter.com/sapirabella775/status/1710676545357205851
Sat Oct 07 15:20:41 +0000 2023;1710676525966884903;"@CSzipel_ @aniesbaswedan @ganjarpranowo @prabowo setuju banget sama pak bahli untuk trus mendukung proyek Rempang Eco City agar Rempang Aman #DukungBahlil";0;0;0;0;in;1629327320816439296;1710619730875404427;luvbmintchoco;https://twitter.com/luvbmintchoco/status/1710676525966884903
Sat Oct 07 15:19:57 +0000 2023;1710676343829258357;"Ada beberapa hal yang menjadi alasan besarnya dukungan untuk bahlil terkait  percepatan Rempang Eco City lantaran beberapa hal. Salah satunya adalah Menteri Bahlil menggunakan pendekatan yang ‘down to earth’, membumi, melebur dan menggunakan bahasa yang merakyat. #DukungBahlil https://t.co/1z7yPQyuPw";0;0;0;0;in;1667081907782434816;1710676343829258357;cikibomcikibom;https://twitter.com/cikibomcikibom/status/1710676343829258357
Sat Oct 07 15:19:14 +0000 2023;1710676160760418800;"@CSzipel_ @aniesbaswedan @ganjarpranowo @prabowo dukung sepenuhnya agar proyek ini bisa membuat Rempang Aman dan damai #DukungBahlil";0;0;0;0;in;1629431646268305411;1710619730875404427;wwiinndong;https://twitter.com/wwiinndong/status/1710676160760418800
Sat Oct 07 15:18:24 +0000 2023;1710675950810419498;"@floreskekinian2 @MataNajwa @tvOneNews @karniilyas Pasti dukung dong. Dengan terlibatnya masyarakat Rempang pasti semua akan terwujud Rempang Aman dan juga damai dengan berhasilnya proyek ini  #DukungBahlil";0;0;0;0;in;1695060086182350849;1710619730703450570;anggi__sar;https://twitter.com/anggi__sar/status/1710675950810419498
Sat Oct 07 15:17:50 +0000 2023;1710675807826513925;"Terkait Persoalan Rempang, Jusuf Kalla: Kenapa Rakyat Mesti Pindah? https://t.co/YrPef2TDZp";0;0;2;2;in;978806873720700928;1710675807826513925;Redaksi_5News;https://twitter.com/Redaksi_5News/status/1710675807826513925
Sat Oct 07 15:17:08 +0000 2023;1710675633171472556;"@floreskekinian2 @MataNajwa @tvOneNews @karniilyas Terlibatnya warga Rempang dalam proyek ini pasti akan membuat Rempang Aman dan masyarakat pasti akan senang karena bisa terlibat   #DukungBahlil";0;0;0;0;in;1655468407670865921;1710619730703450570;puspanindyyy;https://twitter.com/puspanindyyy/status/1710675633171472556
Sat Oct 07 15:16:29 +0000 2023;1710675469971210539;"Ketika ingin menjalankan proyek yang besar harus melibatkan rakyat setempat. Rempang Aman  #DukungBahlil https://t.co/wKzVLbzUXa";0;0;0;0;in;1641685485625171970;1710675469971210539;sapirabella775;https://twitter.com/sapirabella775/status/1710675469971210539
Sat Oct 07 15:16:20 +0000 2023;1710675433166151841;"@ForRezim @AndiPitopang7 astaga... kalo g salah ini sempat distop. rempang kunci nya.";0;0;1;1;in;1604130313021820929;1710656431199072559;podo_radong1;https://twitter.com/podo_radong1/status/1710675433166151841
Sat Oct 07 15:16:19 +0000 2023;1710675426857881673;"@CSzipel_ @aniesbaswedan @ganjarpranowo @prabowo semoga Rempang Aman ditangan pak Bahlil  dukung terus hingga tuntas #DukungBahlil";0;0;0;0;in;1681629238640922625;1710619730875404427;supershymeow;https://twitter.com/supershymeow/status/1710675426857881673
Sat Oct 07 15:15:36 +0000 2023;1710675248826417340;"@CSzipel_ @aniesbaswedan @ganjarpranowo @prabowo Semoga apa yang telah direncanakan bisa terlaksana dengan baik dan aman. Supaya semua masyarakat Rempang Aman  #DukungBahlil";0;0;0;0;in;1653202006436384769;1710619730875404427;WindaFriss;https://twitter.com/WindaFriss/status/1710675248826417340
Sat Oct 07 15:15:11 +0000 2023;1710675142450495914;"DPR menaruh optimisme, kepercayaan besar kepada Menteri BKPM dalam upaya rempang aman dan sekaligus memberi masukan dan dukungan penting kepada Menteri Bahlil terkait investasi di Rempang #DukungBahlil https://t.co/vdIIM3Y3c3";0;0;0;0;in;1702901617081913344;1710675142450495914;iknowm_;https://twitter.com/iknowm_/status/1710675142450495914
Sat Oct 07 15:14:16 +0000 2023;1710674914146222131;"@CSzipel_ @aniesbaswedan @ganjarpranowo @prabowo Proyek Rempang selesai lebih cepat pasti lebih baik. Dan pastinya akan terwujud Rempang Aman  #DukungBahlil";0;0;0;0;in;1627309033354051584;1710619730875404427;dwlrmmm;https://twitter.com/dwlrmmm/status/1710674914146222131
Sat Oct 07 15:13:41 +0000 2023;1710674763633578018;"Perang? Ga Damai aja?  Di semua tempat, timteng, Indonesia, Rempang, dll.. damai memiliki syarat!  1. Keadilan 2. Kebebasan 3. Kemerdekaan  Jika tidak ada kedamaian di sana, berarti ada salah satu pihak yang tidak berbuat adil (zolim), mengungkung, dan menjajah...";0;0;0;0;in;82316010;1710674763633578018;kangmaspri;https://twitter.com/kangmaspri/status/1710674763633578018
Sat Oct 07 15:13:38 +0000 2023;1710674751407136928;"Keputusan Pak Jokowi dalam mengutus Pak Bahlil untuk menyelamatkan masalah Rempang berhasil karena sekarang Rempang Aman, selalu #DukungBahlil https://t.co/kppoltg572";0;0;0;0;in;1641693150854139905;1710674751407136928;sitislh1998;https://twitter.com/sitislh1998/status/1710674751407136928
Sat Oct 07 15:13:04 +0000 2023;1710674611443286369;"@CSzipel_ @aniesbaswedan @ganjarpranowo @prabowo Alhamdulillah ya, semoga saja proyek ini bisa segera selesai dan masyarakat Rempang Aman  #DukungBahlil";0;0;0;0;in;2718821190;1710619730875404427;auntumngirlll;https://twitter.com/auntumngirlll/status/1710674611443286369
Sat Oct 07 15:12:40 +0000 2023;1710674509202883067;"DPR menaruh optimisme, kepercayaan besar kepada Menteri BKPM dalam upaya rempang aman dan sekaligus memberi masukan dan dukungan penting kepada Menteri Bahlil terkait investasi di Rempang #DukungBahlil https://t.co/WZUgcfpqHy";0;0;0;0;in;1702907818238705664;1710674509202883067;nindya_lovin;https://twitter.com/nindya_lovin/status/1710674509202883067
Sat Oct 07 15:12:39 +0000 2023;1710674506896077035;"Warga Melayu Rempang Terus Serukan Tolak Penggusuran https://t.co/lA9PVS6fR6";0;0;0;0;in;1522419250044215296;1710674506896077035;edisi_co;https://twitter.com/edisi_co/status/1710674506896077035
Sat Oct 07 15:12:07 +0000 2023;1710674370547597538;"DPR menaruh optimisme, kepercayaan besar kepada Menteri BKPM dalam upaya rempang aman dan sekaligus memberi masukan dan dukungan penting kepada Menteri Bahlil terkait investasi di Rempang. Selain itu, apa yang dilakukan Bahlil pun layak jadi percontohan ke depan. #DukungBahlil https://t.co/wRusVaboU4";0;0;0;0;in;1701002952646029313;1710674370547597538;MoeyZara;https://twitter.com/MoeyZara/status/1710674370547597538
Sat Oct 07 15:11:57 +0000 2023;1710674327707041924;"@awank2017 Ngapain diusir Yang ingin ngambil tanah Pribumi melayu rempang itu cina...kok yang diusir malah yaman, kan gwooobwoookk";0;0;0;2;in;2280158407;1710672148992598494;TheFaredan;https://twitter.com/TheFaredan/status/1710674327707041924
Sat Oct 07 15:10:10 +0000 2023;1710673882326454707;"@SammiSoh Yang ingin menguasai tanah Pribumi melayu rempang itu adalah turunan cina Bukan turunan yaman Turunan yaman baik baik, ga nguasai tanah Pribumi";1;0;0;2;in;2280158407;1710659465744404550;TheFaredan;https://twitter.com/TheFaredan/status/1710673882326454707
Sat Oct 07 15:09:05 +0000 2023;1710673608971063422;"Konflik Lahan di Seputaran Jakarta yang Tak Ingin Jadi Rempang Kedua, Bersengketa dengan Penguasa #TempoMetro https://t.co/UzY3qhZKVb";0;0;2;32;in;18129942;1710673608971063422;tempodotco;https://twitter.com/tempodotco/status/1710673608971063422
Sat Oct 07 15:09:03 +0000 2023;1710673598606909799;"Bukan daerah rembang lagi https://t.co/b6AL9QvId2";0;0;0;0;in;1315212722489880581;1710673598606909799;lonewolf_9_9;https://twitter.com/lonewolf_9_9/status/1710673598606909799
Sat Oct 07 15:08:29 +0000 2023;1710673455342145712;"DPR menaruh optimisme, kepercayaan besar pada Menteri Bahlil dalam upaya rempang aman dan sekaligus memberi masukan dan dukungan penting kepada Menteri Bahlil terkait investasi di Rempang. Selain itu, apa yang dilakukan Bahlil pun layak jadi percontohan ke depan #DukungBahlil https://t.co/uBe2fya68n";0;0;0;0;in;1681677758378967040;1710673455342145712;Fahri_nn;https://twitter.com/Fahri_nn/status/1710673455342145712
Sat Oct 07 15:07:51 +0000 2023;1710673298533797926;"Proyek eco city yang inklusif mendapatkan dukungan dari DPR. Kami berkomitmen untuk memastikan pembebasan lahan selesai secepatnya Rempang Aman #DukungBahlil https://t.co/H3Mgdc97xe";0;0;0;0;in;1645633704520474625;1710673298533797926;thomaslabar2;https://twitter.com/thomaslabar2/status/1710673298533797926
Sat Oct 07 15:07:30 +0000 2023;1710673210747068648;"DPR mengapresiasi kinerja pak Bahlil yang melibatkan masyarakat dalam proyek eco city. Kami mendukung pembebasan lahan yang segera diselesaikan Rempang Aman #DukungBahlil https://t.co/TeZa01f8xm";0;0;0;0;in;1645633704520474625;1710673210747068648;thomaslabar2;https://twitter.com/thomaslabar2/status/1710673210747068648
Sat Oct 07 15:05:28 +0000 2023;1710672695552286753;"DPR menaruh optimisme, kepercayaan besar kepada Menteri Bahlil dalam upaya rempang aman dan sekaligus memberi masukan dan dukungan penting kepada Menteri Bahlil terkait investasi di Rempang. Selain itu, apa yang dilakukan Bahlil pun layak jadi percontohan ke depan. #DukungBahlil https://t.co/Sm1z5gJ1Zo";0;0;0;0;in;1683366581789917184;1710672695552286753;syahila_ps;https://twitter.com/syahila_ps/status/1710672695552286753
Sat Oct 07 15:05:27 +0000 2023;1710672693400645839;"@CSzipel_ @aniesbaswedan @ganjarpranowo @prabowo semoga programnya bisa berjalan dengan lancar, pasti #DukungBahlil karna berkat pak bahlil Rempang Aman";0;0;0;0;in;1586734768267272193;1710619730875404427;mocca280;https://twitter.com/mocca280/status/1710672693400645839
Sat Oct 07 15:05:09 +0000 2023;1710672619815764276;"@alumni_monas @BBCIndonesia alhamdulillah.... silahkan donasi ke warga rempang";0;1;0;0;in;302417940;1710665895142638033;RickyNSas;https://twitter.com/RickyNSas/status/1710672619815764276
Sat Oct 07 15:05:04 +0000 2023;1710672596285718581;"di wadas, di rempang, di pulau komodo di bagian manapun di indonesia yang dijajah para investor terutama aktor-aktor terlibat dalam jebakan utang cina, netizen selalu bela yang lemah. eh, giliran hari-hari orang palestina ditindas untuk sekedar bertani, tetap jadi ghoyyim zionis";0;0;1;0;in;37869737;1710672596285718581;chalidaratna;https://twitter.com/chalidaratna/status/1710672596285718581
Sat Oct 07 15:04:54 +0000 2023;1710672554883727701;"Terungkap Korupsi Setoran UWT Rempang Eco City Rp ... https://t.co/ZGpekOCwxe";0;0;2;4;in;1567483663545438209;1710672554883727701;PutunMy;https://twitter.com/PutunMy/status/1710672554883727701
Sat Oct 07 15:04:53 +0000 2023;1710672550316113959;"DPR menaruh optimisme, kepercayaan besar kepada Menteri Bahlil dalam upaya rempang aman dan sekaligus memberi masukan dan dukungan penting kepada Menteri Bahlil terkait investasi di Rempang. Selain itu, apa yang dilakukan Bahlil pun layak jadi percontohan ke depan. #DukungBahlil https://t.co/l76mGotZdX";0;0;0;0;in;1684601225743048704;1710672550316113959;Jen_syie;https://twitter.com/Jen_syie/status/1710672550316113959
Sat Oct 07 14:59:17 +0000 2023;1710671139960459651;"Aparat suruhan Rezim Pekok yg tak tau malu, udah jelas² kl Warga Rempang menolak Relokasi tapi masih sj memaksa dan merampas lahan milik warga.....  Wajah² Perampok yg doyan menikmati yg haram 🙄 https://t.co/nOnkBpahv9";10;24;378;510;in;1439701579276251136;1710671139960459651;Li9ayaTalaChes4;https://twitter.com/Li9ayaTalaChes4/status/1710671139960459651
Sat Oct 07 14:55:30 +0000 2023;1710670189472489876;"semoga masalah nya segera selesai pak. Rempang Aman #DukungBahlil  https://t.co/q3LQnhIQl7";0;0;0;0;in;1694607710896226304;1710670189472489876;muliaanisac;https://twitter.com/muliaanisac/status/1710670189472489876
Sat Oct 07 14:54:30 +0000 2023;1710669936354537505;"Ada juga yg mendoakan. Tapi bukan doa kesembuhan.Netizen berdoa agar disegerakan.  "Luhut mau membuldozer warga Rempang. Semoga dia segera dibuldoser malaikat mau,"  Sadis, ya? Tapi ada lagi yg lebih sadis. Netizen berdoa agar sakaratul mautnya dibuat lama https://t.co/C7IPepWJas";0;0;0;0;in;1669742231228682241;1710669936354537505;FurqanIbr64677;https://twitter.com/FurqanIbr64677/status/1710669936354537505
Sat Oct 07 14:54:08 +0000 2023;1710669846160298186;"'Rempang Gate, Makzulkan dan Adili Jokowi' https://t.co/987pTWex1k";0;0;1;2;in;1225432911899324419;1710669846160298186;RepelitaO;https://twitter.com/RepelitaO/status/1710669846160298186
Sat Oct 07 14:53:33 +0000 2023;1710669699665801327;"@Ivatcci @jokowi @bahlillahadalia @bkpm Semangat pakk... semoga permasalahan dalam mewujudkan rempang aman cepat terselesaikan... ayoo dukung terus pak bahlil #DukungBahlil";0;0;0;0;in;1445804798947708933;1710618473209241755;NingNingiieee;https://twitter.com/NingNingiieee/status/1710669699665801327
Sat Oct 07 14:51:39 +0000 2023;1710669219430531527;"sangat patut diancungin jempolll. Rempang Aman #DukungBahlil  https://t.co/SVdqElWgKX";0;0;0;0;in;1694605568059822081;1710669219430531527;miracacaz;https://twitter.com/miracacaz/status/1710669219430531527
Sat Oct 07 14:50:42 +0000 2023;1710668981055717469;"@YLBHI @ListyoSigitP Awalnya warga pulau komodo lanjut Rempang dan  blm selesai menyusul Seruyan  terus sampai kapan rakyat bisa damai sejahtera, katanya negara ini gemah Ripah loh jinawi ttp kenyataanya beras pun import, dan saran pak Tito rakyat di suruh makan ubi karena harga beras mahal, https://t.co/X76vEMVMlO";0;0;2;9;in;1450649427698356227;1710553798593438187;ikhlas09648503;https://twitter.com/ikhlas09648503/status/1710668981055717469
Sat Oct 07 14:49:34 +0000 2023;1710668694790242607;""Luhut mau membuldozer warga Rempang. Semoga dia segera dibuldoser malaikat mau," cubit netizen.  Sadis, ya? Tapi ada lagi yg lebih sadis. Netizen berdoa agar sakaratul mautnya dibuat lama, minimal sebulan. Biar menderita, katanya.   Kenapa respon netizen terhadap LBP begitu, ya?";0;0;0;4;in;1669742231228682241;1710668401155473758;FurqanIbr64677;https://twitter.com/FurqanIbr64677/status/1710668694790242607
Sat Oct 07 14:49:08 +0000 2023;1710668585608282597;"sangat patut untuk diapresiasi. Rempang Aman #DukungBahlil  https://t.co/mV6ELWNMKY";0;0;0;0;in;1694610036964925440;1710668585608282597;angelawibuu;https://twitter.com/angelawibuu/status/1710668585608282597
Sat Oct 07 14:47:17 +0000 2023;1710668120673931358;"Sangat keren pak Bahlil. Rempang Aman #DukungBahlil  https://t.co/Rhn21LGGTC";0;0;0;0;in;1694640196917284865;1710668120673931358;nanakimmy17;https://twitter.com/nanakimmy17/status/1710668120673931358
Sat Oct 07 14:47:14 +0000 2023;1710668108095181044;"@TeddGus Apanya yang Mau dibuktikaan...Tanpa dibuktikaan Saja akal sehat pasti bersama masyarakat rempang yang menolakkk";0;0;0;0;in;756078793;1710114763328606416;GlobalSelling;https://twitter.com/GlobalSelling/status/1710668108095181044
Sat Oct 07 14:46:09 +0000 2023;1710667835817779332;"Ini nih baru menteri keren . sangat patut diapresiasi . Rempang Aman #DukungBahlil  https://t.co/99O7K5YIxq";0;0;0;0;in;1694638376849375232;1710667835817779332;lanilami;https://twitter.com/lanilami/status/1710667835817779332
Sat Oct 07 14:44:43 +0000 2023;1710667475174772790;"ayo segenap masyarakat juga ikut serta dalam mendukung masalah ini . Rempang Aman #DukungBahlil  https://t.co/rvzlPjYjng";0;0;0;0;in;1694596075397730304;1710667475174772790;cupicupiwa;https://twitter.com/cupicupiwa/status/1710667475174772790
Sat Oct 07 14:44:14 +0000 2023;1710667354680741941;"@Fantacy_Lover @Napit61496887 @geloraco Akun bokep lu tong. Sok"an cerita soal rempang.";0;0;0;0;in;1260773143854985216;1710291082737598967;FahmiKurAwan;https://twitter.com/FahmiKurAwan/status/1710667354680741941
Sat Oct 07 14:42:40 +0000 2023;1710666959287886303;"wah, hebat banget nih pak menteri satu ini. sangat patut untuk di apresiasi. Rempang Aman #DukungBahlil  https://t.co/SLDKAwSlQL";0;0;0;0;in;1694637371021762560;1710666959287886303;Ariskanami;https://twitter.com/Ariskanami/status/1710666959287886303
Sat Oct 07 14:42:00 +0000 2023;1710666791830356182;"@Nurkiman2 @yo2thok Sudah tu konflik rempang";0;0;0;0;in;1481274626336763904;1710652778232926504;arya_ceta_ok;https://twitter.com/arya_ceta_ok/status/1710666791830356182
Sat Oct 07 14:41:41 +0000 2023;1710666714307047755;"Rempang , Seruyan membara, sementara di IKN oligarki tengah menyiapkan pesta.  https://t.co/bbdiccm387";0;0;0;0;in;1635924533940211714;1710666714307047755;lbhsamarinda_;https://twitter.com/lbhsamarinda_/status/1710666714307047755
Sat Oct 07 14:40:16 +0000 2023;1710666356868472992;"sangat patut untuk diapresiasi. Rempang Aman #DukungBahlil  https://t.co/xAoTY8lLmF";0;0;0;0;in;1619327062308970497;1710666356868472992;zenaajarine;https://twitter.com/zenaajarine/status/1710666356868472992
Sat Oct 07 14:39:16 +0000 2023;1710666105608663054;"@RandomWorldWar Miting warga rempang itu hina gak min? Btw aku jangan di piting ya 😭";0;0;0;0;in;1322555376529649664;1710578617879781465;alamsyah_muslim;https://twitter.com/alamsyah_muslim/status/1710666105608663054
Sat Oct 07 14:38:21 +0000 2023;1710665875001643267;"Proyek eco city yang melibatkan masyarakat mendapat apresiasi dari DPR. Pembebasan lahan akan segera diselesaikan sesuai instruksi presiden Rempang Aman #DukungBahlil https://t.co/z2ypOIurMK";0;0;0;0;in;1641964802527617027;1710665875001643267;lumpiarebung1;https://twitter.com/lumpiarebung1/status/1710665875001643267
Sat Oct 07 14:37:58 +0000 2023;1710665776116715955;"DPR memberi penghargaan kepada pak Bahlil atas kinerja inklusifnya dalam proyek eco city. Pembebasan lahan akan diupayakan dengan secepatnya Rempang Aman #DukungBahlil https://t.co/NuQSOHg6VL";0;0;0;0;in;1641964802527617027;1710665776116715955;lumpiarebung1;https://twitter.com/lumpiarebung1/status/1710665776116715955
Sat Oct 07 14:37:14 +0000 2023;1710665594356514856;"@CiptaApaCips @kompascom jadi ingat masyarakat di Rempang...";0;0;0;0;in;1576374950482440192;1710653244245250296;GiloMoh;https://twitter.com/GiloMoh/status/1710665594356514856
Sat Oct 07 14:37:05 +0000 2023;1710665552757436492;"Kinerja pak Bahlil yang melibatkan masyarakat dalam proyek eco city mendapatkan penghargaan dari DPR. Keberlanjutan proyek ini adalah prioritas kami Rempang Aman #DukungBahlil https://t.co/X7ZoCUwqsJ";0;0;0;0;in;1574269426001510401;1710665552757436492;topisupermanku;https://twitter.com/topisupermanku/status/1710665552757436492
Sat Oct 07 14:36:43 +0000 2023;1710665463188140041;"DPR mengapresiasi langkah pak Bahlil yang melibatkan masyarakat dalam proyek eco city. Pembebasan lahan akan diselesaikan secepatnya sesuai instruksi presiden Rempang Aman #DukungBahlil https://t.co/3C48Xfi5QZ";0;0;0;0;in;1574269426001510401;1710665463188140041;topisupermanku;https://twitter.com/topisupermanku/status/1710665463188140041
Sat Oct 07 14:36:19 +0000 2023;1710665360624767004;"@liputan6dotcom pasti bakal ada counter bilangnya mereka bukan warga Rempang mereka pendatang yang dibayar";0;0;0;0;in;1636569354;1710574232093307230;adngfattah;https://twitter.com/adngfattah/status/1710665360624767004
Sat Oct 07 14:36:08 +0000 2023;1710665315481522323;"@floreskekinian2 @MataNajwa @tvOneNews @karniilyas Mantap pak  Rempang Aman  #DukungBahlil";0;0;0;0;in;1604416453524217857;1710619730703450570;AsiqueJob;https://twitter.com/AsiqueJob/status/1710665315481522323
Sat Oct 07 14:35:28 +0000 2023;1710665146958573942;"DPR memberikan penghargaan pada pendekatan pak Bahlil yang melibatkan masyarakat dalam proyek eco city. Inklusi adalah kunci menuju pembangunan yang berkelanjutan Rempang Aman #DukungBahlil https://t.co/u2tjIcWenK";0;0;0;0;in;1577993589766131712;1710665146958573942;mylilprincess20;https://twitter.com/mylilprincess20/status/1710665146958573942
Sat Oct 07 14:34:56 +0000 2023;1710665014745719093;"Keputusan presiden dalam mengatasi konflik di Rempang adalah langkah positif menuju perdamaian. Semoga masyarakat dapat merasakan dampak positifnya segera Rempang Aman #DukungBahlil https://t.co/iCTOqTore6";0;0;0;0;in;1577993589766131712;1710665014745719093;mylilprincess20;https://twitter.com/mylilprincess20/status/1710665014745719093
Sat Oct 07 14:34:52 +0000 2023;1710664998278840339;"Rempang Aman  #DukungBahlil https://t.co/pKjoMqZQRG";0;0;0;0;in;1604416453524217857;1710664998278840339;AsiqueJob;https://twitter.com/AsiqueJob/status/1710664998278840339
Sat Oct 07 14:34:06 +0000 2023;1710664805227626524;"Semangat terus pak!!! Saya dukung bapak untuk menyelesaikan masalah di pulau Rempang.. Rempang Aman #DukungBahlil https://t.co/EpBHnU61Fi";0;0;0;0;in;1644963712086982656;1710664805227626524;momgitaa;https://twitter.com/momgitaa/status/1710664805227626524
Sat Oct 07 14:31:36 +0000 2023;1710664176551841818;"Mantap pak, menteri Bahlil gercep banget atasi masalah . Rempang Aman #DukungBahlil  https://t.co/aWeRENXfTP";0;0;0;0;in;1694635486277771264;1710664176551841818;cindinoe0;https://twitter.com/cindinoe0/status/1710664176551841818
Sat Oct 07 14:28:36 +0000 2023;1710663418620031393;"@IND0_Update @mediaindonesia @indozonemedia Kalo proyek Rempang Aman, akan dipastikan Investasi bisa berjalan seiring dengan program dan kesepakatan investor dan warga lokal.#DukungBahlil";0;0;0;1;in;293426921;1710619686176723434;obet_tebo;https://twitter.com/obet_tebo/status/1710663418620031393
Sat Oct 07 14:28:30 +0000 2023;1710663394293076268;"DPR mengakui upaya pak Bahlil yang melibatkan masyarakat dalam proyek eco city. Langkah inklusif untuk memastikan keberlanjutan dan keberhasilan proyek Rempang Aman #DukungBahlil https://t.co/0HWGMhi3aD";0;0;0;0;in;1553361867900600321;1710663394293076268;stoolkhaki;https://twitter.com/stoolkhaki/status/1710663394293076268
Sat Oct 07 14:28:20 +0000 2023;1710663354069692645;"keren pak bahlil, bisa jadi panutan nih buat para menteri yang lain . Rempang Aman #DukungBahlil  https://t.co/7f9lemOU7x";0;0;0;0;in;1694601431368740864;1710663354069692645;delianan99;https://twitter.com/delianan99/status/1710663354069692645
Sat Oct 07 14:28:00 +0000 2023;1710663268916936875;"Instruksi dari presiden kepada pak Bahlil untuk menyelesaikan konflik di Rempang menunjukkan komitmen pemerintah dalam menciptakan perdamaian dan kesejahteraan masyarakat Rempang Aman #DukungBahlil https://t.co/kiCF0ufgNb";0;0;0;0;in;1553361867900600321;1710663268916936875;stoolkhaki;https://twitter.com/stoolkhaki/status/1710663268916936875
Sat Oct 07 14:27:37 +0000 2023;1710663173819560422;"@feedemady Pengalihan isu rempang";0;0;0;0;in;1512213362;1710377276586807563;arii_33;https://twitter.com/arii_33/status/1710663173819560422
Sat Oct 07 14:27:30 +0000 2023;1710663142592930128;"@IND0_Update @mediaindonesia @indozonemedia sangat mengapresiasi kinerjanya untuk Rempang Aman . Pak bahlil hebat #DukungBahlil";0;0;0;0;in;1644963712086982656;1710619686176723434;momgitaa;https://twitter.com/momgitaa/status/1710663142592930128
Sat Oct 07 14:27:20 +0000 2023;1710663099332886552;"Kondisi proyek rempang eco-city udah mulai aman nih , semoga kedepannya proyek investasi bisa jalan maksimal sesuai kesepakatan bersama. #DukungBahlil https://t.co/AlHB9RmbnL";0;0;0;0;in;293426921;1710663099332886552;obet_tebo;https://twitter.com/obet_tebo/status/1710663099332886552
Sat Oct 07 14:26:43 +0000 2023;1710662944726597890;"Rempang aman karna langkah pak bahlil dalam mengambil solusi yang tepat. Rempang Aman #DukungBahlil https://t.co/qj6CQGNsCc";0;0;0;0;in;1644963712086982656;1710662944726597890;momgitaa;https://twitter.com/momgitaa/status/1710662944726597890
Sat Oct 07 14:26:08 +0000 2023;1710662800685854850;"Top banget deh pak menteri satu ini, cocok banget diancungin jempolll. Rempang Aman #DukungBahlil  https://t.co/BOGKPNtZsL";0;0;0;0;in;1630920593481809920;1710662800685854850;resaraharja;https://twitter.com/resaraharja/status/1710662800685854850
Sat Oct 07 14:25:59 +0000 2023;1710662761779454156;"DPR memberikan apresiasi atas kinerja pak Bahlil yang menggandeng masyarakat dalam proyek eco city. Kerjasama yang baik akan memajukan pembangunan daerah Rempang Aman #DukungBahlil https://t.co/AFPbCtVdu7";0;0;0;0;in;1579710223899856896;1710662761779454156;semurdagingku;https://twitter.com/semurdagingku/status/1710662761779454156
Sat Oct 07 14:25:56 +0000 2023;1710662749188231230;"@donkim30 @TxtdariHI Bisa dibikin kayak rempang😋";0;0;0;0;in;1603735679111876608;1710636774127804632;blockeduser_UwU;https://twitter.com/blockeduser_UwU/status/1710662749188231230
Sat Oct 07 14:25:40 +0000 2023;1710662681366327572;"DPR mengapresiasi kinerja pak Bahlil yang melibatkan masyarakat dalam proyek eco city. Keterlibatan warga adalah kunci keberhasilan proyek ini Rempang Aman #DukungBahlil https://t.co/xXbfqX2c8o";0;0;0;0;in;1579710223899856896;1710662681366327572;semurdagingku;https://twitter.com/semurdagingku/status/1710662681366327572
Sat Oct 07 14:25:10 +0000 2023;1710662553574191267;"DPR mengapresiasi kinerja pak Bahlil yang melibatkan masyarakat dalam proyek eco city. Keterlibatan warga adalah kunci keberhasilan proyek ini Rempang Aman #DukungBahlil https://t.co/JZOPhZ8rA4";0;0;0;0;in;1579708797077303296;1710662553574191267;buntilparia;https://twitter.com/buntilparia/status/1710662553574191267
Sat Oct 07 14:24:40 +0000 2023;1710662431389929769;"Tetap semangat pak, seluruh masyarakat mendukung pak bahlil. Rempang Aman #DukungBahlil  https://t.co/RfP9foOvhH";0;0;0;0;in;1629499546660376576;1710662431389929769;mayachan69;https://twitter.com/mayachan69/status/1710662431389929769
Sat Oct 07 14:24:35 +0000 2023;1710662410800120249;"Presiden memberikan instruksi kepada pak Bahlil untuk mengatasi konflik di Rempang. Langkah bijaksana untuk menciptakan perdamaian dan kemajuan Rempang Aman #DukungBahlil https://t.co/Rx7RL16IXB";0;0;0;1;in;1579708797077303296;1710662410800120249;buntilparia;https://twitter.com/buntilparia/status/1710662410800120249
Sat Oct 07 14:24:12 +0000 2023;1710662312955384257;"@floreskekinian2 @MataNajwa @tvOneNews @karniilyas Kalau aku selalu #DukungBahlil untuk eco-city rempang ini. InshaAllah Rempang Aman ditangan pak Bahlil";0;0;0;0;in;1610283660988788740;1710619730703450570;ulfaniaradya;https://twitter.com/ulfaniaradya/status/1710662312955384257
Sat Oct 07 14:22:36 +0000 2023;1710661909736026165;"ayo dukung terus pak bahlil guys, agar masalahnya segera selesai . Rempang Aman #DukungBahlil  https://t.co/11T6BfPgXQ";0;0;0;0;in;1638110818968678401;1710661909736026165;adindapasai;https://twitter.com/adindapasai/status/1710661909736026165
Sat Oct 07 14:22:05 +0000 2023;1710661778521383348;"kerennn pak, sudah dinstruksikan pak presiden . Rempang Aman #DukungBahlil https://t.co/Aybyy4g7Yp";0;0;0;0;in;1638110818968678401;1710661778521383348;adindapasai;https://twitter.com/adindapasai/status/1710661778521383348
Sat Oct 07 14:21:17 +0000 2023;1710661578440548734;"DPR menghargai kolaborasi pak Bahlil dengan masyarakat dalam proyek eco city. Kami mendukung pembebasan lahan yang segera diselesaikan Rempang Aman #DukungBahlil https://t.co/8tqkJ5Ao8C";0;0;0;0;in;1601024453910986753;1710661578440548734;botolpinkeu1;https://twitter.com/botolpinkeu1/status/1710661578440548734
Sat Oct 07 14:21:07 +0000 2023;1710661536115732826;"@IND0_Update @mediaindonesia @indozonemedia mantap sekali kinerja pak bahlil, ayo dukung terus guys . Rempang Aman #DukungBahlil";0;0;0;0;in;1638110818968678401;1710619686176723434;adindapasai;https://twitter.com/adindapasai/status/1710661536115732826
Sat Oct 07 14:20:58 +0000 2023;1710661496643145935;"Kinerja pak Bahlil yang melibatkan masyarakat dalam proyek eco city mendapatkan penghargaan dari DPR. Keberlanjutan proyek ini adalah prioritas kami Rempang Aman #DukungBahlil https://t.co/QggGbmvuMO";0;0;0;0;in;1601024453910986753;1710661496643145935;botolpinkeu1;https://twitter.com/botolpinkeu1/status/1710661496643145935
Sat Oct 07 14:20:52 +0000 2023;1710661473947746338;"Rempang aman karna langkah pak bahlil dalam mengambil solusi yang tepat. Rempang Aman #DukungBahlil  https://t.co/GmtrINQYJN";0;0;0;0;in;1664887904999706625;1710661473947746338;wahyuditirta44;https://twitter.com/wahyuditirta44/status/1710661473947746338
Sat Oct 07 14:19:54 +0000 2023;1710661231953219871;"@IND0_Update @mediaindonesia @indozonemedia semoga Rempang Aman untuk investasi berkelanjutan #DukungBahlil";0;0;0;0;in;1291801608699834368;1710619686176723434;giselleaespax;https://twitter.com/giselleaespax/status/1710661231953219871
Sat Oct 07 14:19:38 +0000 2023;1710661161270804671;"Beliau Kelelahan terlalu banyak jabatan yg di pegang. Mulai dari vaksin covid sampai buldozer rempang.";0;0;0;0;in;1426898415313514497;1710661161270804671;chiptdoank;https://twitter.com/chiptdoank/status/1710661161270804671
Sat Oct 07 14:19:16 +0000 2023;1710661069533016189;"DPR mengapresiasi langkah pak Bahlil yang melibatkan masyarakat dalam proyek eco city. Pembebasan lahan akan diselesaikan secepatnya sesuai instruksi presiden Rempang Aman #DukungBahlil https://t.co/KXg75wMJ0u";0;0;0;0;in;1598355406023458816;1710661069533016189;poplightku;https://twitter.com/poplightku/status/1710661069533016189
Sat Oct 07 14:18:55 +0000 2023;1710660982694125736;"Kinerja pak Bahlil dalam proyek eco city disambut baik oleh DPR. Pembebasan lahan yang cepat adalah komitmen kami sesuai instruksi presiden Rempang Aman #DukungBahlil https://t.co/XujKX2U1uD";0;0;0;0;in;1598355406023458816;1710660982694125736;poplightku;https://twitter.com/poplightku/status/1710660982694125736
Sat Oct 07 14:18:54 +0000 2023;1710660979275792451;"Rempang Aman , semoga target2 pembangunan rempang yang merupakan bagian proyek nasional berjalan lancar. #DukungBahlil https://t.co/2mI1UNoL4t";0;0;0;0;in;1664887904999706625;1710660979275792451;wahyuditirta44;https://twitter.com/wahyuditirta44/status/1710660979275792451
Sat Oct 07 14:18:26 +0000 2023;1710660859163533693;"DPR mengakui partisipasi masyarakat dalam proyek eco city yang dipimpin oleh pak Bahlil. Kolaborasi yang positif untuk mencapai pembangunan yang inklusif dan berkesinambungan Rempang Aman #DukungBahlil https://t.co/ATFgr02gYa";0;0;0;0;in;1574257961530433536;1710660859163533693;loncengsapiku;https://twitter.com/loncengsapiku/status/1710660859163533693
Sat Oct 07 14:18:06 +0000 2023;1710660776288203180;"@IND0_Update @mediaindonesia @indozonemedia Ayo pak percepat masalah rempang . Sukses proyek Rempang Aman #DukungBahlil";0;0;0;0;in;1664887904999706625;1710619686176723434;wahyuditirta44;https://twitter.com/wahyuditirta44/status/1710660776288203180
Sat Oct 07 14:17:48 +0000 2023;1710660701575139832;"Instruksi presiden kepada pak Bahlil menunjukkan perhatian pemerintah terhadap keamanan dan kesejahteraan masyarakat di Rempang. Tindakan yang mendukung kemajuan Rempang Aman #DukungBahlil https://t.co/5Je2Dg5Dso";0;0;0;0;in;1574257961530433536;1710660701575139832;loncengsapiku;https://twitter.com/loncengsapiku/status/1710660701575139832
Sat Oct 07 14:17:03 +0000 2023;1710660514261742054;"@bianca01403 jika ini benar di rempang maka berSIAPlah buat oknum aparat di lapangan pilih perintah penguasa yg di dikte oligarki dan cinak komunis dan berhadapan dengan saudara sebangsamu yg mempertahankan HAK HIDUP mereka, *silahkan berkorban utk siapa di dunia, akhirat pengadilan pasti";0;0;1;8;in;542565359;1710489257788530717;mathsoul1;https://twitter.com/mathsoul1/status/1710660514261742054
Sat Oct 07 14:16:46 +0000 2023;1710660441725424012;"Rempang Gate: Makzulkan dan Adili Jokowi https://t.co/ZKqIpYwSA8";0;0;0;0;in;2230871244;1710660441725424012;KangSarjono1;https://twitter.com/KangSarjono1/status/1710660441725424012
Sat Oct 07 14:16:16 +0000 2023;1710660317754376453;"@FraksiRakyatID Rempang, Wadas dia gak peduli dan pura-pura gak tau apalagi ini. Di jaman si dongo rakyat udh dianggap sampah, apa gunanya reformasi 98 kalo ujung-ujungnya si nganu balikin lagi negri ini ke orde barbar";0;0;0;0;in;1266739554746163205;1710564666328715322;Al_amoana;https://twitter.com/Al_amoana/status/1710660317754376453
Sat Oct 07 14:15:41 +0000 2023;1710660171108954170;"Dengan kinerja pak Bahlil untuk selalu Kawal Investasi dalam negeri bisa dipastikan proyek pembangunan di rempang Aman dan bisa makin efektif.#DukungBahlil https://t.co/R9ZzqJIUTo";0;0;0;0;in;293426921;1710660171108954170;obet_tebo;https://twitter.com/obet_tebo/status/1710660171108954170
Sat Oct 07 14:15:03 +0000 2023;1710660007786955175;"@blank0429 @France24_en Tindakan represif dan menakut-nakuti yang dilakukan aparat rezim Jokowi kepada warga Rempang adalah bentuk kolonialisasi baru !";0;1;1;3;in;793427822949769216;1710602649761128872;MgmPtmgm;https://twitter.com/MgmPtmgm/status/1710660007786955175
Sat Oct 07 14:13:45 +0000 2023;1710659682325741754;"Reaksi Melayu 5 Negara BP Batam, Bahlil Lahadalia Muhammad Rudi Pembohong, Status Pengelolaan Pulau Rempang! https://t.co/bP3KHdMEnX";0;0;0;0;in;1676232715908300800;1710659682325741754;AsmaraTedd1027;https://twitter.com/AsmaraTedd1027/status/1710659682325741754
Sat Oct 07 14:13:42 +0000 2023;1710659669579256017;"@IND0_Update @mediaindonesia @indozonemedia Keputusan presiden dalam mengatasi konflik di Rempang adalah langkah positif menuju perdamaian. Semoga masyarakat dapat merasakan dampak positifnya segera Rempang Aman #DukungBahlil";0;0;0;0;in;1641964802527617027;1710619686176723434;lumpiarebung1;https://twitter.com/lumpiarebung1/status/1710659669579256017
Sat Oct 07 14:13:29 +0000 2023;1710659614826799107;"TRAGEDI REMPANG &amp  KAPITALISME AGRARIA -  ICOMAF 22 https://t.co/TDJzIbvsBR via @YouTube";0;0;0;0;it;390486344;1710659614826799107;iMasjidPonorogo;https://twitter.com/iMasjidPonorogo/status/1710659614826799107
Sat Oct 07 14:13:16 +0000 2023;1710659561873653841;"@IND0_Update @mediaindonesia @indozonemedia DPR mengakui upaya pak Bahlil yang melibatkan masyarakat dalam proyek eco city. Langkah inklusif untuk memastikan keberlanjutan dan keberhasilan proyek Rempang Aman #DukungBahlil";0;0;0;0;in;1574269426001510401;1710619686176723434;topisupermanku;https://twitter.com/topisupermanku/status/1710659561873653841
Sat Oct 07 14:12:51 +0000 2023;1710659454306525525;"@IND0_Update @mediaindonesia @indozonemedia DPR memberikan apresiasi atas kinerja pak Bahlil yang menggandeng masyarakat dalam proyek eco city. Kerjasama yang baik akan memajukan pembangunan daerah Rempang Aman #DukungBahlil";0;0;0;0;in;1577993589766131712;1710619686176723434;mylilprincess20;https://twitter.com/mylilprincess20/status/1710659454306525525
Sat Oct 07 14:12:03 +0000 2023;1710659256415105225;"@IND0_Update @mediaindonesia @indozonemedia DPR mengapresiasi kinerja pak Bahlil yang melibatkan masyarakat dalam proyek eco city. Keterlibatan warga adalah kunci keberhasilan proyek ini Rempang Aman #DukungBahlil";0;0;0;0;in;1579710223899856896;1710619686176723434;semurdagingku;https://twitter.com/semurdagingku/status/1710659256415105225
Sat Oct 07 14:11:44 +0000 2023;1710659173229412604;"@Positvevbs bunga raflesia arnoldi, pulau rempang, pindang patin 😂";0;0;0;0;in;1223422539742863360;1710518035214479648;netflixnuna;https://twitter.com/netflixnuna/status/1710659173229412604
Sat Oct 07 14:11:38 +0000 2023;1710659150882177525;"@IND0_Update @mediaindonesia @indozonemedia Presiden memberikan instruksi kepada pak Bahlil untuk mengatasi konflik di Rempang. Langkah bijaksana untuk menciptakan perdamaian dan kemajuan Rempang Aman #DukungBahlil";0;0;0;0;in;1579708797077303296;1710619686176723434;buntilparia;https://twitter.com/buntilparia/status/1710659150882177525
Sat Oct 07 14:11:16 +0000 2023;1710659059660308537;"@IND0_Update @mediaindonesia @indozonemedia Proyek eco city yang inklusif mendapatkan dukungan dari DPR. Kami berkomitmen untuk memastikan pembebasan lahan selesai secepatnya Rempang Aman #DukungBahlil";0;0;0;0;in;1601024453910986753;1710619686176723434;botolpinkeu1;https://twitter.com/botolpinkeu1/status/1710659059660308537
Sat Oct 07 14:10:54 +0000 2023;1710658966827696379;"@IND0_Update @mediaindonesia @indozonemedia DPR memberikan penghargaan pada proyek eco city yang melibatkan masyarakat di bawah pimpinan pak Bahlil. Pembebasan lahan akan dijalankan dengan cepat dan efisien Rempang Aman #DukungBahlil";0;0;0;0;in;1598355406023458816;1710619686176723434;poplightku;https://twitter.com/poplightku/status/1710658966827696379
Sat Oct 07 14:10:37 +0000 2023;1710658892097892600;"@hc_poirot Demi ambisi kesenangan oligarki dan Cukong bertindak sewenang-wenang terhadap Warga Rempang Galang, Terkutuk la kalian";0;0;0;2;in;1478006815199621120;1710454401503285447;MustafaPelupes2;https://twitter.com/MustafaPelupes2/status/1710658892097892600
Sat Oct 07 14:10:22 +0000 2023;1710658830072463456;"@IND0_Update @mediaindonesia @indozonemedia Langkah pak Bahlil yang melibatkan masyarakat dalam proyek eco city diapresiasi oleh DPR. Pembebasan lahan akan diurus dengan cepat Rempang Aman #DukungBahlil";0;0;0;0;in;1574257961530433536;1710619686176723434;loncengsapiku;https://twitter.com/loncengsapiku/status/1710658830072463456
Sat Oct 07 14:07:09 +0000 2023;1710658023608447180;"@hc_poirot @GhazaliIhwan Keren Rempang";0;0;0;0;in;1611390119927504897;1710459943504191957;mr____khaliid;https://twitter.com/mr____khaliid/status/1710658023608447180
Sat Oct 07 14:06:59 +0000 2023;1710657979392094520;"keren banget pak, langsung ada instruksi dari pak presiden loh untuk tuntaskan rempang . Rempang Aman #DukungBahlil https://t.co/iusZRQOQjR";0;0;0;0;in;1636244932800413696;1710657979392094520;cindinamira;https://twitter.com/cindinamira/status/1710657979392094520
Sat Oct 07 14:06:14 +0000 2023;1710657792716251417;"ayo masyarakat juga terus dukung ya... Rempang Aman #DukungBahlil https://t.co/3Zi9t3D4wO";0;0;0;0;in;1638093948039364608;1710657792716251417;bianzaliza;https://twitter.com/bianzaliza/status/1710657792716251417
Sat Oct 07 14:05:36 +0000 2023;1710657630862295293;"keren banget pak menteri satu ini . Rempang Aman #DukungBahlil https://t.co/jeFAUZnYU3";0;0;0;0;in;1638081405489143810;1710657630862295293;bellanamora;https://twitter.com/bellanamora/status/1710657630862295293
Sat Oct 07 14:05:02 +0000 2023;1710657490495607005;"keren banget pak . Rempang Aman #DukungBahlil https://t.co/by9pvR8dsy";0;0;0;0;in;1638109144623517697;1710657490495607005;heraadinda18;https://twitter.com/heraadinda18/status/1710657490495607005
Sat Oct 07 14:04:34 +0000 2023;1710657370270081494;"DENGARKAN SAUDARAKU MELAYU REMPANG! Anjing2 KOMUNIS anak2 PKI penjilat CHINA selundupan @jokowi CS itu sudah tidak bisa bersikap baik pada kalian! Kalian harus melawan mereka dengan keras juga! #SaveRempang #LAWANanjingKomunis #LAWANkedzaliman #Berjuanglah https://t.co/XMS8gbDaxl https://t.co/e2BushMfKf";0;0;0;0;in;1328156053733666817;1710657370270081494;DatooOnie;https://twitter.com/DatooOnie/status/1710657370270081494
Sat Oct 07 14:04:33 +0000 2023;1710657368504340646;"semangat pak atasi pulau rempang . Rempang Aman #DukungBahlil https://t.co/EBIPw0gLAb";0;0;0;0;in;1630919494360236032;1710657368504340646;emanabilah;https://twitter.com/emanabilah/status/1710657368504340646
Sat Oct 07 14:03:57 +0000 2023;1710657218000122305;"keren , langsung ada instruksi dari pak presiden lo. keren pak bahlil. Rempang Aman #DukungBahlil https://t.co/eHVwSjIIU8";0;0;0;0;in;1611679700363141122;1710657218000122305;zezeeriza;https://twitter.com/zezeeriza/status/1710657218000122305
Sat Oct 07 14:03:13 +0000 2023;1710657029789065611;"hebat banget sih ini , gerak cepat banget .pak jokowi aja dukung . Rempang Aman #DukungBahlil https://t.co/VVT2cKWem0";0;0;0;0;in;1611676352406753280;1710657029789065611;yuniamawada;https://twitter.com/yuniamawada/status/1710657029789065611
Sat Oct 07 14:02:19 +0000 2023;1710656805775577430;"ayo teman2 , terus dukung pak bahlil dalam atasi rempang . Rempang Aman #DukungBahlil https://t.co/gGzOuM15Dd";0;0;0;0;in;1618269484737007626;1710656805775577430;Dianmonikah;https://twitter.com/Dianmonikah/status/1710656805775577430
Sat Oct 07 14:01:37 +0000 2023;1710656628675190908;"ayo ayo ,masyarakat juga harus terlibat . Rempang Aman #DukungBahlil https://t.co/Q7hymkrd4F";0;0;0;0;in;1621507199058219009;1710656628675190908;septiarsara;https://twitter.com/septiarsara/status/1710656628675190908
Sat Oct 07 14:01:17 +0000 2023;1710656545326039234;"pak, tetap semangat dalam atasi investasi rempang . Rempang Aman #DukungBahlil https://t.co/nlI9TDu2wS";0;0;0;0;in;1620057059952824326;1710656545326039234;hafizazi;https://twitter.com/hafizazi/status/1710656545326039234
Sat Oct 07 14:00:51 +0000 2023;1710656435066229028;"wah, keren ini , gerak cepat dalam atasi masalah . Rempang Aman #DukungBahlil https://t.co/GXEYFWHhw8";0;0;0;0;in;1619374753193795584;1710656435066229028;Maycaca17;https://twitter.com/Maycaca17/status/1710656435066229028
Sat Oct 07 14:00:19 +0000 2023;1710656302672937349;"mantap pak bahlil, semoga segera selesai . Rempang Aman #DukungBahlil https://t.co/ix06ecNSvL";0;0;0;0;in;1619334575511212035;1710656302672937349;japasala;https://twitter.com/japasala/status/1710656302672937349
Sat Oct 07 13:59:56 +0000 2023;1710656204371079487;"wah, ini baru menteri hebat indonesia . Rempang Aman #DukungBahlil https://t.co/9yX2q11yEW";0;0;0;0;in;1611686019325366272;1710656204371079487;meedicu;https://twitter.com/meedicu/status/1710656204371079487
Sat Oct 07 13:59:43 +0000 2023;1710656150478393589;"@tvOneNews Investasi itu memang bagus, tapi bukan sampai mengabaikan kepentingan, cagar budaya (tanah ulayat) dan kehidupan masyarakat di Rempang.  Yang herannya menteri ini koq ngotot sekali, hingga mengabaikan hak² masyarakat, ada apa ya...?";0;0;0;1;in;97161693;1710430647461073241;Ifulmd;https://twitter.com/Ifulmd/status/1710656150478393589
Sat Oct 07 13:57:34 +0000 2023;1710655608641495053;"@geloraco do'a warga rempang mustajab";0;0;0;0;in;4566945500;1710580706806804490;AmriFaizal4;https://twitter.com/AmriFaizal4/status/1710655608641495053
Sat Oct 07 13:56:38 +0000 2023;1710655375991836982;"Rempang Gate: Makzulkan dan Adili Jokowi https://t.co/sndj4TrvZX https://t.co/Hr6jEjkpJc";0;0;1;0;in;2918142446;1710655375991836982;suaranasional;https://twitter.com/suaranasional/status/1710655375991836982
Sat Oct 07 13:55:28 +0000 2023;1710655080184365266;"@democrazymedia Gkush mmprofokasi. Rempang galang jauh2 hari 2002/2004 sdh diambil kputusan benci boleh logika dipakai";0;0;0;0;in;1551488536658214912;1710516550803808386;SantakNurcahyo;https://twitter.com/SantakNurcahyo/status/1710655080184365266
Sat Oct 07 13:54:59 +0000 2023;1710654958423666869;"@democrazymedia Audit aja. Kereta cepat aja bengkak. Mndalika aja kisruh. Rempang gak beres..! Beras..! https://t.co/JdwNqRfJ8B";0;0;0;1;in;567132989;1710629796902732107;asasfuro;https://twitter.com/asasfuro/status/1710654958423666869
Sat Oct 07 13:54:24 +0000 2023;1710654811295899790;"Lekas sembuh Opung, tapi jangan buldoser warga rempang demi cina";0;0;0;0;in;1618226131760730113;1710654811295899790;HadiPWT2023;https://twitter.com/HadiPWT2023/status/1710654811295899790
Sat Oct 07 13:53:50 +0000 2023;1710654671508086840;"hebat pak bahlil, semoga segera selesai akhir 2023. Rempang Aman #DukungBahlil https://t.co/MEPmIllsBX";0;0;0;0;in;1694605568059822081;1710654671508086840;miracacaz;https://twitter.com/miracacaz/status/1710654671508086840
Sat Oct 07 13:53:12 +0000 2023;1710654510534951160;"@YoezZar Jangan lupa  tanah warga melayu Rempang,itu milik mereka sejak abad 18. Lebih Baik Mati Berdiri Daripada Hidup Berlutut. Takkan Hilang Warga Melayu Di Bumi Indonesia. Esa Hilang Dua Terbilang. “Diam kita ditindas, kita harus bergerak utk menyelamatkan Bangsa Negara Indonesia ini” https://t.co/II2wbxlxKl";0;0;0;0;in;1482600556669460485;1710527755786625032;ForRezim;https://twitter.com/ForRezim/status/1710654510534951160
Sat Oct 07 13:53:07 +0000 2023;1710654490012196919;"keren pak, laksanakan. Rempang Aman #DukungBahlil https://t.co/axdmFaLTza";0;0;0;0;in;1694607710896226304;1710654490012196919;muliaanisac;https://twitter.com/muliaanisac/status/1710654490012196919
Sat Oct 07 13:52:33 +0000 2023;1710654347942805815;"@tvOneNews Jgn menyerah warga rempang klo kalian mau di bujuk pindah artinya kalian gk kapok kena prank mslh sertifikat kmrn ..";0;0;0;1;in;321603383;1710430647461073241;ad3ira29;https://twitter.com/ad3ira29/status/1710654347942805815
Sat Oct 07 13:52:22 +0000 2023;1710654301507625167;"ayo tetap semangat pak . Rempang Aman #DukungBahlil https://t.co/OqcSJvW5gw";0;0;0;0;in;1694610036964925440;1710654301507625167;angelawibuu;https://twitter.com/angelawibuu/status/1710654301507625167
Sat Oct 07 13:51:48 +0000 2023;1710654156695089314;"jokowi mendukung pak bahlil guy, kita juga harus ikut mendukung . Rempang Aman #DukungBahlil https://t.co/h16JIywFve";0;0;0;0;in;1694640196917284865;1710654156695089314;nanakimmy17;https://twitter.com/nanakimmy17/status/1710654156695089314
Sat Oct 07 13:51:46 +0000 2023;1710654148520357952;"@IND0_Update @mediaindonesia @indozonemedia Untuk Rempang Aman dan semua berjalan lancar  #DukungBahlil";0;0;0;0;in;1522718702067666948;1710619686176723434;cuteeeeee__;https://twitter.com/cuteeeeee__/status/1710654148520357952
Sat Oct 07 13:50:47 +0000 2023;1710653903157784920;"ayo kita juga harus dukung pak Bahlil. Rempang Aman #DukungBahlil https://t.co/W9mQ14bejg";0;0;0;0;in;1694638376849375232;1710653903157784920;lanilami;https://twitter.com/lanilami/status/1710653903157784920
Sat Oct 07 13:50:31 +0000 2023;1710653835788820865;"@IND0_Update @mediaindonesia @indozonemedia asli keren banget inimah sat set abess Rempang Aman #DukungBahlil";0;0;0;0;in;2560304588;1710619686176723434;inirezkyiskndar;https://twitter.com/inirezkyiskndar/status/1710653835788820865
Sat Oct 07 13:49:52 +0000 2023;1710653672101994993;"Semoga segera selesai ya pak . Rempang Aman  #DukungBahlil https://t.co/P6LpTxrl1C";0;0;0;0;in;1694637371021762560;1710653672101994993;Ariskanami;https://twitter.com/Ariskanami/status/1710653672101994993
Sat Oct 07 13:49:51 +0000 2023;1710653668410946043;"@bianca01403 Jangan sampai tanah Rempang dijadikan obyek wisata maksiat!!";0;0;0;3;in;943026207645302784;1710489257788530717;rudymarjono70;https://twitter.com/rudymarjono70/status/1710653668410946043
Sat Oct 07 13:49:50 +0000 2023;1710653664359227427;"Untuk Rempang Aman dan semua berjalan lancar  #DukungBahlil https://t.co/WLMo7yFEbl";0;0;0;0;in;1522718702067666948;1710653664359227427;cuteeeeee__;https://twitter.com/cuteeeeee__/status/1710653664359227427
Sat Oct 07 13:49:03 +0000 2023;1710653466727878730;"Semoga semua berjalan lancar dan Rempang Aman #DukungBahlil https://t.co/3A6SJsucJZ";0;0;0;0;in;1522718702067666948;1710653466727878730;cuteeeeee__;https://twitter.com/cuteeeeee__/status/1710653466727878730
Sat Oct 07 13:48:57 +0000 2023;1710653440660308120;"wah ,pak jokowi juga sangat tegas dalam atasi rempang . Rempang Aman #DukungBahlil https://t.co/6dqzgR5HwT https://t.co/7C64FRB0fL";0;0;0;0;in;1694635486277771264;1710653440660308120;cindinoe0;https://twitter.com/cindinoe0/status/1710653440660308120
Sat Oct 07 13:48:14 +0000 2023;1710653262003896688;"@IND0_Update @mediaindonesia @indozonemedia DPR memberi penghargaan kepada pak Bahlil atas kinerja inklusifnya dalam proyek eco city. Pembebasan lahan akan diupayakan dengan secepatnya Rempang Aman #DukungBahlil";0;0;0;0;in;1646644926694948864;1710619686176723434;rusahijauku1;https://twitter.com/rusahijauku1/status/1710653262003896688
Sat Oct 07 13:48:09 +0000 2023;1710653240411652584;"https://t.co/SE6e2GGDYj BAHKAN DI TERIAKI MALING SAMPE LIAT IBU NANGIS MEMOHON TAK MAU DI GUSUR DIA TETAP TERTAWA PERCAYA DIRI TAK PUYA MALU SAMA SEKALI CKCKCK  https://t.co/rfl9iiPkmO NAHH BUAT WARGA REMPANG BELAJAR DARI SAUDARA KITA DI MANDALIKA";0;0;0;0;in;542565359;1710653240411652584;mathsoul1;https://twitter.com/mathsoul1/status/1710653240411652584
Sat Oct 07 13:47:55 +0000 2023;1710653180525396322;"kita masyarakat mendukung juga untuk menyelesaikan pulau rempang . Rempang Aman #DukungBahlil https://t.co/0w3HlnSWzr";0;0;0;0;in;1694596075397730304;1710653180525396322;cupicupiwa;https://twitter.com/cupicupiwa/status/1710653180525396322
Sat Oct 07 13:46:25 +0000 2023;1710652803176407282;"wah, keren banget pak bahlil. Rempang Aman #DukungBahlil https://t.co/wzshsvBZYg";0;0;0;0;in;1694601431368740864;1710652803176407282;delianan99;https://twitter.com/delianan99/status/1710652803176407282
Sat Oct 07 13:46:17 +0000 2023;1710652770918011127;"@IND0_Update @mediaindonesia @indozonemedia Mantap pak, memang harus melibatkan warga agar tidak terjadi salahpaham dan supaya mempercepat investasi Pulau Rempang. Rempang Aman  #DukungBahlil";0;0;0;0;in;1684301647479185408;1710619686176723434;aprilioreyga;https://twitter.com/aprilioreyga/status/1710652770918011127
Sat Oct 07 13:45:13 +0000 2023;1710652501035483561;"wah, sangat hebat pak menteri satu ini . Rempang Aman #DukungBahlil https://t.co/niz6fAd0PD";0;0;0;0;in;1630920593481809920;1710652501035483561;resaraharja;https://twitter.com/resaraharja/status/1710652501035483561
Sat Oct 07 13:44:55 +0000 2023;1710652425525403917;"@IND0_Update @mediaindonesia @indozonemedia mantap pak pendekatan dengan warganya, agar tidak ada miskom lagi🥰 Rempang Aman  #DukungBahlil";0;0;0;0;in;1685905462867410945;1710619686176723434;alexasuaa;https://twitter.com/alexasuaa/status/1710652425525403917
Sat Oct 07 13:44:46 +0000 2023;1710652388191948940;"keren keren pak . Rempang Aman #DukungBahlil https://t.co/TYY5E0bYDF";0;0;0;0;in;1629499546660376576;1710652388191948940;mayachan69;https://twitter.com/mayachan69/status/1710652388191948940
Sat Oct 07 13:44:17 +0000 2023;1710652265437302864;"Ayo terus dukung pak bahlil dalam atasi rempang . Rempang Aman #DukungBahlil https://t.co/yHlcWkKo1p";0;0;0;0;in;1619327062308970497;1710652265437302864;zenaajarine;https://twitter.com/zenaajarine/status/1710652265437302864
Sat Oct 07 13:44:11 +0000 2023;1710652240221102591;"DPR Jempoli cara Menteri Tangani Konflik  Pulau Rempang Aman #DukungBahlil  https://t.co/1YZbxw6vsC";0;0;0;0;in;2560304588;1710652240221102591;inirezkyiskndar;https://twitter.com/inirezkyiskndar/status/1710652240221102591
Sat Oct 07 13:44:08 +0000 2023;1710652228552536118;"@yaniarsim Kebanyakan mikir cara gusur warga Rempang";0;0;0;0;in;2846488512;1710429085489627588;Widiatmoko_75;https://twitter.com/Widiatmoko_75/status/1710652228552536118
Sat Oct 07 13:42:07 +0000 2023;1710651720924315876;"@IND0_Update @mediaindonesia @indozonemedia Semoga semua berjalan lancar dan Rempang Aman #DukungBahlil";0;0;0;0;in;1635810922265739264;1710619686176723434;asistencute;https://twitter.com/asistencute/status/1710651720924315876
Sat Oct 07 13:41:09 +0000 2023;1710651478904361119;"Rempang Aman proyek eco city akan berjalan lancar berkat menteri #DukungBahlil  https://t.co/z8S1guEcUJ";0;0;0;0;in;1669852444359278592;1710651478904361119;leonitorop;https://twitter.com/leonitorop/status/1710651478904361119
Sat Oct 07 13:40:40 +0000 2023;1710651357273948425;"@IND0_Update @mediaindonesia @indozonemedia ini baru menteri top indonesia . Rempang Aman  #DukungBahlil";0;0;0;0;in;1694607710896226304;1710619686176723434;muliaanisac;https://twitter.com/muliaanisac/status/1710651357273948425
Sat Oct 07 13:40:17 +0000 2023;1710651259076976823;"@IND0_Update @mediaindonesia @indozonemedia Kerja pak bahlil paling sat set ya, tetap semangat pak bahlil . Rempang Aman #DukungBahlil";0;0;0;0;in;1669852444359278592;1710619686176723434;leonitorop;https://twitter.com/leonitorop/status/1710651259076976823
Sat Oct 07 13:39:48 +0000 2023;1710651138369036455;"Keren sekali! Lanjutkan Pak kami selalu #DukungBahlil untuk menyelesaikan investasi pulau Rempang Aman https://t.co/sdOpqgEUbT";0;0;0;0;in;1669852444359278592;1710651138369036455;leonitorop;https://twitter.com/leonitorop/status/1710651138369036455
Sat Oct 07 13:38:48 +0000 2023;1710650886547272170;"@IND0_Update @mediaindonesia @indozonemedia mantap pak . Rempang Aman  #DukungBahlil";0;0;0;0;in;1694640196917284865;1710619686176723434;nanakimmy17;https://twitter.com/nanakimmy17/status/1710650886547272170
Sat Oct 07 13:37:39 +0000 2023;1710650596708188444;"Semoga semua berjalan lancar dan Rempang Aman #DukungBahlil https://t.co/EP1wcdSSeB";0;0;0;0;in;1635810922265739264;1710650596708188444;asistencute;https://twitter.com/asistencute/status/1710650596708188444
Sat Oct 07 13:37:27 +0000 2023;1710650547781644360;"@IND0_Update @mediaindonesia @indozonemedia top banget gaya persuasif pak bahlil  Rempang Aman  #DukungBahlil";0;0;0;0;in;1694638376849375232;1710619686176723434;lanilami;https://twitter.com/lanilami/status/1710650547781644360
Sat Oct 07 13:37:04 +0000 2023;1710650450989740124;"Ayo masyarakat dan DPR harus juga terlibat dalam menyelesaikan investasi rempang . Rempang Aman #DukungBahlil  https://t.co/yTai0va5S6";0;0;0;0;in;1638081894498836480;1710650450989740124;poponini90;https://twitter.com/poponini90/status/1710650450989740124
Sat Oct 07 13:36:30 +0000 2023;1710650308853162038;"@IND0_Update @mediaindonesia @indozonemedia Keputusan presiden dalam mengatasi konflik di Rempang adalah langkah positif menuju perdamaian. Semoga masyarakat dapat merasakan dampak positifnya segera Rempang Aman #DukungBahlil";0;0;0;0;in;1645633704520474625;1710619686176723434;thomaslabar2;https://twitter.com/thomaslabar2/status/1710650308853162038
Sat Oct 07 13:36:27 +0000 2023;1710650294710022290;"@IND0_Update @mediaindonesia @indozonemedia keren pak . Rempang Aman  #DukungBahlil";0;0;0;0;in;1694637371021762560;1710619686176723434;Ariskanami;https://twitter.com/Ariskanami/status/1710650294710022290
Sat Oct 07 13:35:42 +0000 2023;1710650107937571181;"Untuk Rempang Aman dan semua berjalan lancar  #DukungBahlil https://t.co/nCAhHMhf5J";0;0;0;0;in;1635810922265739264;1710650107937571181;asistencute;https://twitter.com/asistencute/status/1710650107937571181
Sat Oct 07 13:35:26 +0000 2023;1710650038068846967;"@IND0_Update @mediaindonesia @indozonemedia wah, ini hebat banget sih . Rempang Aman  #DukungBahlil";0;0;0;0;in;1694635486277771264;1710619686176723434;cindinoe0;https://twitter.com/cindinoe0/status/1710650038068846967
Sat Oct 07 13:35:07 +0000 2023;1710649958993731840;"Rempang Aman, langkah untuk menggandeng warga masyarakat patut diacungi jempol, krn mereka yg paham tempat mereka   #DukungBahlil   https://t.co/4oHojzsqUY";0;0;0;0;in;1654693986764980226;1710649958993731840;yeyeyeibr;https://twitter.com/yeyeyeibr/status/1710649958993731840
Sat Oct 07 13:34:11 +0000 2023;1710649726331474164;"Rempang maju pasti masyarakat pun maju Rempang Aman  #DukungBahlil https://t.co/IijxwS4Lgy";0;0;0;0;in;1654693986764980226;1710649726331474164;yeyeyeibr;https://twitter.com/yeyeyeibr/status/1710649726331474164
Sat Oct 07 13:33:53 +0000 2023;1710649649961546125;"Demi korporasi kalian menumpahkan darah kami.  #rempang  #kanjuran  #seruyan #indonesia  #Palestine  #Hamas https://t.co/T0cFIV4gGK";1;0;0;7;in;73574706;1710649649961546125;dewaKEMENYAN;https://twitter.com/dewaKEMENYAN/status/1710649649961546125
Sat Oct 07 13:33:31 +0000 2023;1710649557338763585;"@IND0_Update @mediaindonesia @indozonemedia Rempang Aman karna langkah yang tepat dilakukan  #DukungBahlil";0;0;0;0;in;1654693986764980226;1710619686176723434;yeyeyeibr;https://twitter.com/yeyeyeibr/status/1710649557338763585
Sat Oct 07 13:31:47 +0000 2023;1710649121705771082;"ayo masyarakat juga harus mendukung , agar masalah ini cepat selesai . Rempang Aman #DukungBahlil  https://t.co/wNVxd0Nz86";0;0;0;0;in;1636244932800413696;1710649121705771082;cindinamira;https://twitter.com/cindinamira/status/1710649121705771082
Sat Oct 07 13:30:29 +0000 2023;1710648794029969610;"Ayo pak DPR , harus ikut juga dalam mengatasi rempang . Rempang Aman #DukungBahlil  https://t.co/ssKYjamt3T";0;0;0;0;in;1638093948039364608;1710648794029969610;bianzaliza;https://twitter.com/bianzaliza/status/1710648794029969610
Sat Oct 07 13:29:09 +0000 2023;1710648457739002294;"ayo tetap semangat buat pemerintah dalam menyelesaikan masalah investasi rempang . Rempang Aman #DukungBahlil  https://t.co/qt1qT9cYbr";0;0;0;0;in;1638081405489143810;1710648457739002294;bellanamora;https://twitter.com/bellanamora/status/1710648457739002294
Sat Oct 07 13:28:57 +0000 2023;1710648410095943876;"@kompascom admin @kompascom  ngga sekalian menyebut pejuang kemerdekaan RI atau masyarakat Rempang sbg teroris? Orang2 yg mempertahankan hak2 dan tanah air nya kalian labeli sbg teroris. Sampah banget ya! Admin @kompascom pendukung Zionis!!";0;1;7;43;in;1667460673436270594;1710628935221084361;elde_barge;https://twitter.com/elde_barge/status/1710648410095943876
Sat Oct 07 13:28:57 +0000 2023;1710648407805878400;"Rempang Aman, langkah yg persuasif dengan melibatkan masyarakat adalah tindakan yg smart krn mereka yg paham wilayah nya   #DukungBahlil   https://t.co/DubLLMC3kW";0;0;0;0;in;1654627561971011584;1710648407805878400;gagagaibr;https://twitter.com/gagagaibr/status/1710648407805878400
Sat Oct 07 13:28:07 +0000 2023;1710648196844978300;"@IND0_Update @mediaindonesia @indozonemedia Kerja pak bahlil paling sat set ya, tetap semangat pak bahlil . Rempang Aman #DukungBahlil";0;0;0;0;in;1654627561971011584;1710619686176723434;gagagaibr;https://twitter.com/gagagaibr/status/1710648196844978300
Sat Oct 07 13:27:41 +0000 2023;1710648088409628757;"ayo kalau bukan kita siapa lagi yang mendukung pemerintah . Rempang Aman #DukungBahlil  https://t.co/GkquqvjnBc";0;0;0;0;in;1638109144623517697;1710648088409628757;heraadinda18;https://twitter.com/heraadinda18/status/1710648088409628757
Sat Oct 07 13:27:36 +0000 2023;1710648067610005708;"Bekerja keras pak buat Rempang Aman dan selalu support untuk yang kinerjanya  #DukungBahlil https://t.co/aUxjQ3ao0s";0;0;0;0;in;1654627561971011584;1710648067610005708;gagagaibr;https://twitter.com/gagagaibr/status/1710648067610005708
Sat Oct 07 13:27:05 +0000 2023;1710647938366726296;"@IND0_Update @mediaindonesia @indozonemedia layak diancungi jempol Pak Bahlil membuat Rempang Aman #DukungBahlil";0;0;0;0;in;1541292051975008257;1710619686176723434;cangkirrrkopii;https://twitter.com/cangkirrrkopii/status/1710647938366726296
Sat Oct 07 13:26:32 +0000 2023;1710647798977462768;"gini dong ,DPR ikut serta dalam menyelesaikan masalah . Rempang Aman #DukungBahlil  https://t.co/C4jsWYgPIP";0;0;0;0;in;1630919494360236032;1710647798977462768;emanabilah;https://twitter.com/emanabilah/status/1710647798977462768
Sat Oct 07 13:26:21 +0000 2023;1710647754207469600;"@davidnurbianto Gila ternyata dampak buruk dari tersebarnya pulau2 nusantara adalah, tenggang rasa dan rasa saling memiliki yg juga redup. Egosentris dan ke sukuan menyumbang sedikit. Saudara kita se tanah air ditembaki di dayak, bulan lalu benteok di rempang. Kita masih bisa tidur nyenyak";0;1;0;0;in;1490651731721883653;1710645771098538096;maryooyram;https://twitter.com/maryooyram/status/1710647754207469600
Sat Oct 07 13:26:01 +0000 2023;1710647671827153237;"dukungan penuh kepada Pak Bahlil buat Rempang Aman #DukungBahlil https://t.co/oJ6mRSjx0R";0;0;0;0;in;1541292051975008257;1710647671827153237;cangkirrrkopii;https://twitter.com/cangkirrrkopii/status/1710647671827153237
Sat Oct 07 13:25:59 +0000 2023;1710647661974688069;"@rianernesto Gila ternyata dampak buruk dari tersebarnya pulau2 nusantara adalah, tenggang rasa dan rasa saling memiliki yg juga redup. Egosentris dan ke sukuan menyumbang sedikit. Saudara kita se tanah air ditembaki di dayak, bulan lalu benteok di rempang. Kita masih bisa tidur nyenyak";0;0;0;0;in;1490651731721883653;1710646185437045074;maryooyram;https://twitter.com/maryooyram/status/1710647661974688069
Sat Oct 07 13:25:40 +0000 2023;1710647583763542374;"@Rafilsafat Gila ternyata dampak buruk dari tersebarnya pulau2 nusantara adalah, tenggang rasa dan rasa saling memiliki yg juga redup. Egosentris dan ke sukuan menyumbang sedikit. Saudara kita se tanah air ditembaki di dayak, bulan lalu benteok di rempang. Kita masih bisa tidur nyenyak";0;0;0;3;in;1490651731721883653;1710599516754485326;maryooyram;https://twitter.com/maryooyram/status/1710647583763542374
Sat Oct 07 13:25:23 +0000 2023;1710647509692145986;"@SammiSoh Gila ternyata dampak buruk dari tersebarnya pulau2 nusantara adalah, tenggang rasa dan rasa saling memiliki yg juga redup. Egosentris dan ke sukuan menyumbang sedikit. Saudara kita se tanah air ditembaki di dayak, bulan lalu benteok di rempang. Kita masih bisa tidur nyenyak";0;0;0;0;in;1490651731721883653;1710647388560609533;maryooyram;https://twitter.com/maryooyram/status/1710647509692145986
Sat Oct 07 13:25:17 +0000 2023;1710647483674816599;"DPR aja dukung pak bahlil, kita juga sebagai masyarakat harus ikut serta mendukung masalah pulau rempang agar cepat selesai . Rempang Aman #DukungBahlil  https://t.co/SgSawlgzNk";0;0;0;0;in;1611679700363141122;1710647483674816599;zezeeriza;https://twitter.com/zezeeriza/status/1710647483674816599
Sat Oct 07 13:25:05 +0000 2023;1710647434131787915;"Gerak Crpat Pak Bahlil dengan pendekatan 'down to earth' buat Rempang Aman #DukungBahlil https://t.co/Fse9fpy7il";0;0;0;0;in;1541292051975008257;1710647434131787915;cangkirrrkopii;https://twitter.com/cangkirrrkopii/status/1710647434131787915
Sat Oct 07 13:24:59 +0000 2023;1710647409913786686;"@Safa_Andriana @BosPurwa Kayak naga menelan bumi Rempang...";0;1;0;0;in;1679171049953591298;1710640204577735019;MuhammadTa6693;https://twitter.com/MuhammadTa6693/status/1710647409913786686
Sat Oct 07 13:24:55 +0000 2023;1710647393572848080;"Gila ternyata dampak buruk dari tersebarnya pulau2 nusantara adalah, tenggang rasa dan rasa saling memiliki yg juga redup. Egosentris dan ke sukuan menyumbang sedikit. Saudara kita se tanah air ditembaki di dayak, bulan lalu benteok di rempang. Kita masih bisa tidur nyenyak";0;0;0;0;in;1490651731721883653;1710647393572848080;maryooyram;https://twitter.com/maryooyram/status/1710647393572848080
Sat Oct 07 13:24:01 +0000 2023;1710647167340433476;"@IND0_Update @mediaindonesia @indozonemedia Semoga tidak ada hambatan Rempang Aman  #DukungBahlil";0;0;0;0;in;865195581987147776;1710619686176723434;bqeautie;https://twitter.com/bqeautie/status/1710647167340433476
Sat Oct 07 13:23:47 +0000 2023;1710647109152846041;"ayo dukung juga dalam mengatasi masalah pulau Rempang . Rempang Aman  #DukungBahlil  https://t.co/Qiw5NSxrry";0;0;0;0;in;1611676352406753280;1710647109152846041;yuniamawada;https://twitter.com/yuniamawada/status/1710647109152846041
Sat Oct 07 13:22:48 +0000 2023;1710646858677190771;"@IND0_Update @mediaindonesia @indozonemedia Semoga rempang tetap lancar Rempang Aman  #DukungBahlil";0;0;0;0;in;2955367609;1710619686176723434;syqmbol;https://twitter.com/syqmbol/status/1710646858677190771
Sat Oct 07 13:22:29 +0000 2023;1710646780084572516;"ayo masyarakat juga harus terlibat . Rempang Aman #DukungBahlil  https://t.co/iDYFdGAFHb";0;0;0;0;in;1618269484737007626;1710646780084572516;Dianmonikah;https://twitter.com/Dianmonikah/status/1710646780084572516
Sat Oct 07 13:22:10 +0000 2023;1710646702133432827;"Dukung pak bahlil untuk memajukan proyek Rempang Aman #DukungBahlil   https://t.co/2t5vweXz56";0;0;0;0;in;1654635413506789376;1710646702133432827;yuyuyuibr;https://twitter.com/yuyuyuibr/status/1710646702133432827
Sat Oct 07 13:21:19 +0000 2023;1710646487041155101;"Mantap sekali kinerja pak Bahlil, DPR aja mendukung penuh.  Rempang Aman  #DukungBahlil https://t.co/NjfInM2OWK";0;0;0;0;in;1654635413506789376;1710646487041155101;yuyuyuibr;https://twitter.com/yuyuyuibr/status/1710646487041155101
Sat Oct 07 13:20:33 +0000 2023;1710646294728065357;"@IND0_Update @mediaindonesia @indozonemedia Kerja pak bahlil paling sat set ya, tetap semangat pak bahlil . Rempang Aman #DukungBahlil";0;0;0;0;in;1654635413506789376;1710619686176723434;yuyuyuibr;https://twitter.com/yuyuyuibr/status/1710646294728065357
Sat Oct 07 13:20:13 +0000 2023;1710646210653290548;"wah keren keren pak . sangat harus diapresiasi. Rempang Aman #DukungBahlil  https://t.co/Nc10Z0t90y";0;0;0;0;in;1621507199058219009;1710646210653290548;septiarsara;https://twitter.com/septiarsara/status/1710646210653290548
Sat Oct 07 13:20:01 +0000 2023;1710646160644579436;"#Rempang melawan.  Sejahat jahat nya Fir'aun gak pernah mengusir rakyat dari tanah nya sendiri Lil.. @bahlillahadalia https://t.co/MaujcamKXR";3;3;71;105;in;1589754038324977667;1710646160644579436;descha05;https://twitter.com/descha05/status/1710646160644579436
Sat Oct 07 13:19:20 +0000 2023;1710645989487628577;"@IND0_Update @mediaindonesia @indozonemedia Kawal terus Rempang Aman  #DukungBahlil";0;0;0;0;in;2950964072;1710619686176723434;bugpati;https://twitter.com/bugpati/status/1710645989487628577
Sat Oct 07 13:18:58 +0000 2023;1710645896638321117;"kita masyarakat harus ikut seta dalam mengatasi masalah rempang . Rempang Aman #DukungBahlil  https://t.co/FvyCUhOffw";0;0;0;0;in;1620057059952824326;1710645896638321117;hafizazi;https://twitter.com/hafizazi/status/1710645896638321117
Sat Oct 07 13:18:50 +0000 2023;1710645863914373239;"@IND0_Update @mediaindonesia @indozonemedia Jangan sampai masyarakat salah persepsi dengan konsep Rempang Aman ini   #DukungBahlil";0;0;0;0;in;1558377103376019456;1710619686176723434;kendalikan;https://twitter.com/kendalikan/status/1710645863914373239
Sat Oct 07 13:18:46 +0000 2023;1710645845572632992;"@msobri99 Bukan mudik cuma pulang kampung..  Rempang itu nggak digusur cuma pengosongan lahan....  Rempang itu nggak digusur cuma digeser....  Menterinya si anu lucu lucu😂😂😂🤣🤣";0;0;1;5;in;1480727737497047044;1710598957439861185;WiraDemung;https://twitter.com/WiraDemung/status/1710645845572632992
Sat Oct 07 13:18:36 +0000 2023;1710645804275548585;"@sexy_killer404 Dukung moralitas untuk Rempang!!";0;0;0;0;in;1586273267777646594;1710500647819420017;betafullyo11;https://twitter.com/betafullyo11/status/1710645804275548585
Sat Oct 07 13:18:03 +0000 2023;1710645665305596072;"Ini bertujuan agar masyarakat dapat mengetahui prospek yang akan didapatkan dari pembangunan eco city ini Rempang Aman #DukungBahlil  https://t.co/AxUSon9EqO";0;0;0;0;in;1558377103376019456;1710645665305596072;kendalikan;https://twitter.com/kendalikan/status/1710645665305596072
Sat Oct 07 13:17:25 +0000 2023;1710645507788566693;"Agar terwujudnya Rempang Aman, Anggota DPR memberi dukungan pada mentri investasi agar melibatkan masyarakat   #DukungBahlil https://t.co/NY4QUMeNrR";0;0;0;0;in;1558377103376019456;1710645507788566693;kendalikan;https://twitter.com/kendalikan/status/1710645507788566693
Sat Oct 07 13:17:20 +0000 2023;1710645485835616415;"@IND0_Update @mediaindonesia @indozonemedia pergerakan luar biasa dari Pak Bahlil membuat Rempang Aman #DukungBahlil";0;0;0;0;in;1300723228667596801;1710619686176723434;bridgeblue39;https://twitter.com/bridgeblue39/status/1710645485835616415
Sat Oct 07 13:16:18 +0000 2023;1710645224643699168;"Rempang Aman karena pak menteri ini kerjanya sat set, menggandeng masyarakat juga dengan hangat #DukungBahlil   https://t.co/seepKw80CI";0;0;0;0;in;1654628772237430784;1710645224643699168;yunanaibr;https://twitter.com/yunanaibr/status/1710645224643699168
Sat Oct 07 13:15:24 +0000 2023;1710644999518601534;"Rempang Aman karena langkah persuasif dengan merangkul masyarakat sehingga konflik2 sebelumnya bs diselesaikan dgn baik  #DukungBahlil https://t.co/b9FC7cLE04";0;0;0;0;in;1654628772237430784;1710644999518601534;yunanaibr;https://twitter.com/yunanaibr/status/1710644999518601534
Sat Oct 07 13:14:36 +0000 2023;1710644797856534867;"@CSzipel_ @aniesbaswedan @ganjarpranowo @prabowo Sekarang Kondisi Rempang Aman terkendali, semoga proyek relokasi segera selesai dg target akhir 2023  #DukungBahlil";0;0;0;0;in;1618273731637575682;1710619730875404427;ophawoy;https://twitter.com/ophawoy/status/1710644797856534867
Sat Oct 07 13:14:35 +0000 2023;1710644793867665741;"@IND0_Update @mediaindonesia @indozonemedia Semangat terus pak bahlil semoga lancar.  Rempang Aman #DukungBahlil";0;0;0;0;in;1654628772237430784;1710619686176723434;yunanaibr;https://twitter.com/yunanaibr/status/1710644793867665741
Sat Oct 07 13:14:27 +0000 2023;1710644760753623547;"@IND0_Update @mediaindonesia @indozonemedia Kerja bagus Rempang Aman  #DukungBahlil";0;0;0;0;in;2955280278;1710619686176723434;whosbabyy_;https://twitter.com/whosbabyy_/status/1710644760753623547
Sat Oct 07 13:14:10 +0000 2023;1710644689236541634;"@VIVAcoid mandalika, IKN, pulau komodo belum lagi rempang apa lagi selanjutnya.";0;0;0;0;in;2592459937;1710288096158478799;Maloavski_;https://twitter.com/Maloavski_/status/1710644689236541634
Sat Oct 07 13:13:48 +0000 2023;1710644593962926530;"Ayo pak semangat dalam atasi rempang . Rempang Aman #DukungBahlil  https://t.co/E07G66B1UT";0;0;0;0;in;1619374753193795584;1710644593962926530;Maycaca17;https://twitter.com/Maycaca17/status/1710644593962926530
Sat Oct 07 13:13:19 +0000 2023;1710644475079577973;"@IND0_Update @mediaindonesia @indozonemedia Gaspoll Rempang Aman  #DukungBahlil";0;0;0;0;in;759887858857631744;1710619686176723434;lkemonade;https://twitter.com/lkemonade/status/1710644475079577973
Sat Oct 07 13:12:35 +0000 2023;1710644288617697464;"@geloraco Percaya sekalliii, terbukti Rempang dan banyak lagiiiii";0;0;0;0;in;1358476442095419392;1710581709597766096;KaryaGlobalindo;https://twitter.com/KaryaGlobalindo/status/1710644288617697464
Sat Oct 07 13:12:11 +0000 2023;1710644188260556952;"ayo dukung pak bahlil. Rempang Aman #DukungBahlil  https://t.co/1hS26djkyO";0;0;0;0;in;1619334575511212035;1710644188260556952;japasala;https://twitter.com/japasala/status/1710644188260556952
Sat Oct 07 13:11:50 +0000 2023;1710644101354541113;"@CSzipel_ @aniesbaswedan @ganjarpranowo @prabowo Setelah dinyatakan Rempang Aman , menteri Bahlil memastikan proyek ini akan segera selesai untuk relokasi.  #DukungBahlil";0;0;0;0;in;1618275211182477313;1710619730875404427;KokoJimss;https://twitter.com/KokoJimss/status/1710644101354541113
Sat Oct 07 13:11:12 +0000 2023;1710643941404778598;"@geloraco langsung teringat saudara yg di Rempang";0;0;0;0;in;1613773688062775297;1710580706806804490;SolihenMuhamma1;https://twitter.com/SolihenMuhamma1/status/1710643941404778598
Sat Oct 07 13:11:09 +0000 2023;1710643927282557119;"@Tan_Mar3M Pulau komodo, rempang, dan seruyan pendukung dan memenangkan jokowi tapi malah dibuat susah";0;0;1;1;in;1690959664324964352;1710601934267400561;AmboyRoha31938;https://twitter.com/AmboyRoha31938/status/1710643927282557119
Sat Oct 07 13:10:55 +0000 2023;1710643871695184099;"Masyarakat Rempang tetap tidak mau dan menolak atas rayu dan bujukannya https://t.co/6vD1dJBXqj";1;1;69;114;in;158162219;1710643871695184099;arwidodo;https://twitter.com/arwidodo/status/1710643871695184099
Sat Oct 07 13:10:52 +0000 2023;1710643855450882331;"gerak cepat yang dilakukan Pak Bahlil setelah diperintahkan Jokowi dengan hasil membuat Rempang Aman dari masalah #DukungBahlil https://t.co/nHIl4TY6u1";0;0;0;0;in;1300723228667596801;1710643855450882331;bridgeblue39;https://twitter.com/bridgeblue39/status/1710643855450882331
Sat Oct 07 13:10:08 +0000 2023;1710643671455170879;"Terobosan Bahlil dalam investasi Pulau Rempang adalah berita luar biasa. Kami mendukung langkah-langkah ini untuk menciptakan lapangan kerja dan memperbaiki infrastruktur. 🏙️👏Rempang Aman  #DukungBahlil   https://t.co/CssGYMYr5R";0;0;0;0;in;1644595147685138432;1710643671455170879;gitabaeek;https://twitter.com/gitabaeek/status/1710643671455170879
Sat Oct 07 13:09:30 +0000 2023;1710643513837473852;"@CSzipel_ @aniesbaswedan @ganjarpranowo @prabowo Pak Jokowi aja percaya ke pak Bahlil dan memastikan Rempang Aman terkendali  #DukungBahlil";0;0;0;0;in;1618272683552305158;1710619730875404427;MissAmel05;https://twitter.com/MissAmel05/status/1710643513837473852
Sat Oct 07 13:09:10 +0000 2023;1710643430857306277;"Rempang aman dengan adanya keterlibatan pak bahlil sendiri . Rempang Aman #DukungBahlil https://t.co/FE7OQZdUiS";0;0;0;0;in;1644595147685138432;1710643430857306277;gitabaeek;https://twitter.com/gitabaeek/status/1710643430857306277
Sat Oct 07 13:09:02 +0000 2023;1710643396363342267;"Ayo dukung terus dalam mengatasi masalah rempang . Rempang Aman  #DukungBahlil  https://t.co/dXHCSrpX1w";0;0;0;0;in;1611686019325366272;1710643396363342267;meedicu;https://twitter.com/meedicu/status/1710643396363342267
Sat Oct 07 13:08:07 +0000 2023;1710643164242169911;"@IND0_Update @mediaindonesia @indozonemedia wah, hebat banget paak , semoga proyek Rempang Aman #DukungBahlil";0;0;0;0;in;1644595147685138432;1710619686176723434;gitabaeek;https://twitter.com/gitabaeek/status/1710643164242169911
Sat Oct 07 13:06:22 +0000 2023;1710642724247056646;"@CSzipel_ @aniesbaswedan @ganjarpranowo @prabowo Klo diliat dari hasil kerjanya setelah nyelesain masalah di Pulau Rempang, gw yakin aja sih proyek Rempang Aman dan hasilnya akan baik.  #DukungBahlil";0;0;0;0;in;1237970176420675584;1710619730875404427;itsmeejuu;https://twitter.com/itsmeejuu/status/1710642724247056646
Sat Oct 07 13:06:08 +0000 2023;1710642665539481899;"@IND0_Update @mediaindonesia @indozonemedia Percepat investasi agar perekonomian Rempang Aman  #DukungBahlil";0;0;0;0;in;880993326601654272;1710619686176723434;4ortea;https://twitter.com/4ortea/status/1710642665539481899
Sat Oct 07 13:04:53 +0000 2023;1710642351549632796;"@Stev3n_Peg3l Penyerobotan Tanah Warga Rempang, Nusron Wahid: Apa Bedanya BP Batam dengan VOC? https://t.co/aocQ4IFHZO";0;0;0;0;in;1618351099605577730;1710361006499930623;Kyaigringsing62;https://twitter.com/Kyaigringsing62/status/1710642351549632796
Sat Oct 07 13:04:48 +0000 2023;1710642331660271641;"Selain itu, anggota DPR dan pak presiden mengamanatkan agar Rempang Aman #DukungBahlil https://t.co/dDPwiAibOX";0;0;0;0;in;880993326601654272;1710642331660271641;4ortea;https://twitter.com/4ortea/status/1710642331660271641
Sat Oct 07 13:04:03 +0000 2023;1710642143575110077;"Membantu perekonomian masyarakat,  dan keamanan masih adalah tujuan utama dari investasi Rempang Aman ini #DukungBahlil https://t.co/UP45UtdyxO";0;0;0;0;in;880993326601654272;1710642143575110077;4ortea;https://twitter.com/4ortea/status/1710642143575110077
Sat Oct 07 13:02:48 +0000 2023;1710641826821190143;"Investasi yang dipercepat oleh Bahlil di Pulau Rempang adalah contoh nyata bahwa pembangunan inklusif dan berkelanjutan adalah kunci untuk memajukan daerah. Sukses terus untuk perubahan yang lebih baik! Rempang Aman  #DukungBahlil https://t.co/WcdB1nYtNt";0;0;0;0;in;1644367186704871424;1710641826821190143;leoniimoet;https://twitter.com/leoniimoet/status/1710641826821190143
Sat Oct 07 13:01:45 +0000 2023;1710641562693341494;"@IND0_Update @mediaindonesia @indozonemedia Pendekatan yang baik demi terwujudnya Rempang Aman  #DukungBahlil";0;0;0;0;in;1455475190872231945;1710619686176723434;iloveyousomuach;https://twitter.com/iloveyousomuach/status/1710641562693341494
Sat Oct 07 13:01:29 +0000 2023;1710641496469524936;"@geloraco Semoga pak luhut diberi kesembuhan biar bisa membuldozer warga rempang... Udah mirip buzerP belum?";0;0;0;0;in;1669878194303037442;1710580706806804490;Lipat_Gulipat;https://twitter.com/Lipat_Gulipat/status/1710641496469524936
Sat Oct 07 13:01:14 +0000 2023;1710641432174960825;"Tinjau Hunian Sementara Warga Rempang, Menteri Bahlil Klaim 341 KK Sukarela Pindah https://t.co/aEBpLO4P0B";0;0;2;1;in;118646322;1710641432174960825;Bisniscom;https://twitter.com/Bisniscom/status/1710641432174960825
Sat Oct 07 13:01:09 +0000 2023;1710641412960825503;"Anggota DPR pun mendukung agar tercipta Rempang Aman #DukungBahlil  https://t.co/xCwofUT6lH";0;0;0;0;in;1455475190872231945;1710641412960825503;iloveyousomuach;https://twitter.com/iloveyousomuach/status/1710641412960825503
Sat Oct 07 13:01:09 +0000 2023;1710641411421270334;"Pesan warga #Rempang kepada Bahlil https://t.co/cLYDw8VTdU";7;9;360;580;in;158162219;1710641411421270334;arwidodo;https://twitter.com/arwidodo/status/1710641411421270334
Sat Oct 07 13:00:57 +0000 2023;1710641363891691783;"semoga proyek Rempang Aman bisa terlaksana dengan baik #DukungBahlil https://t.co/4fMqwLY8aR";0;0;0;0;in;1644367186704871424;1710641363891691783;leoniimoet;https://twitter.com/leoniimoet/status/1710641363891691783
Sat Oct 07 13:00:56 +0000 2023;1710641355729633515;"Opung, di antara doa  rakyat rempang ....";0;0;0;0;in;1659201087692484624;1710641355729633515;joko_wakwaw;https://twitter.com/joko_wakwaw/status/1710641355729633515
Sat Oct 07 13:00:47 +0000 2023;1710641321504067811;"Agar Rempang Aman, saling berkomunikasi dengan masyarakat demi mensejahtetakan masyarakat Rempang   #DukungBahlil https://t.co/o05pMjgd0v";0;0;0;0;in;1455475190872231945;1710641321504067811;iloveyousomuach;https://twitter.com/iloveyousomuach/status/1710641321504067811
Sat Oct 07 13:00:05 +0000 2023;1710641144563220855;"@tvOneNews Investasi akan membuka lapangan kerja. Tapi sayang bukan buat warga Rempang, karena warga Rempang ga bisa bahasa cina";0;0;0;1;in;223478800;1710430647461073241;muttaqindepok;https://twitter.com/muttaqindepok/status/1710641144563220855
Sat Oct 07 13:00:03 +0000 2023;1710641133527986355;"Hisnillh terbaik Rempang Aman   #DukungBahlil https://t.co/ZRvkdsrPX3";0;0;0;0;in;1695643317101637632;1710641133527986355;frvchen;https://twitter.com/frvchen/status/1710641133527986355
Sat Oct 07 12:59:15 +0000 2023;1710640934172680385;"Datangi DPD, Tim Petisi 100 Minta Proyek Rempang Eco City Dibatalkan https://t.co/8Bg9vRvK5F";0;0;0;0;in;1622493825104240641;1710640934172680385;JokoHar67908821;https://twitter.com/JokoHar67908821/status/1710640934172680385
Sat Oct 07 12:59:05 +0000 2023;1710640893236306067;"@IND0_Update @mediaindonesia @indozonemedia Dukung pak bahlil untuk memajukan proyek Rempang Aman #DukungBahlil";0;0;0;0;in;1644367186704871424;1710619686176723434;leoniimoet;https://twitter.com/leoniimoet/status/1710640893236306067
Sat Oct 07 12:58:22 +0000 2023;1710640711237079122;"@Ojoklalenya @srikoesharyant5 Mereka yg gagal di rempang";0;1;1;2;in;1488004208049930240;1710618530423709826;EffendiRistriy1;https://twitter.com/EffendiRistriy1/status/1710640711237079122
Sat Oct 07 12:57:07 +0000 2023;1710640396056088755;"Masalah di Pulau Rempang terselesaikan dg baik oleh pak menteri dan Bahlil memestikan kondisi Rempang Aman dan terkendali  #DukungBahlil https://t.co/Zad5zpCQZb";0;0;0;0;in;1644808104582983682;1710640396056088755;saturaksaa;https://twitter.com/saturaksaa/status/1710640396056088755
Sat Oct 07 12:56:58 +0000 2023;1710640360207360488;"Sikon daerah komplek mabad n kiwal lbh serem drpd di Rempang... byk preman bukan ormas... tp org2 kagak jelas... tentara bukan... ormas bukan...😂😂👻👻";0;0;0;0;in;896664428;1710640360207360488;venyacantik;https://twitter.com/venyacantik/status/1710640360207360488
Sat Oct 07 12:56:17 +0000 2023;1710640185665573120;"@CSzipel_ @aniesbaswedan @ganjarpranowo @prabowo semoga programnya berjalan dengan lancar, keren banget sih pak Bahlil bisa menyelesaikan lahan di area Rempang Aman😍 #DukungBahlil";0;0;0;1;in;1679709645752139776;1710619730875404427;muthia1314;https://twitter.com/muthia1314/status/1710640185665573120
Sat Oct 07 12:55:55 +0000 2023;1710640093286093280;"selama relokasinya sesuai pasti warga setuju sich  Rempang Aman  #DukungBahlil  https://t.co/UlSaGt8ew4";0;0;0;0;in;4708527314;1710640093286093280;rachmahfatimah6;https://twitter.com/rachmahfatimah6/status/1710640093286093280
Sat Oct 07 12:55:53 +0000 2023;1710640087321735363;"Keputusan Bahlil untuk mempercepat investasi di Pulau Rempang adalah dorongan positif bagi pengembangan daerah terpencil. Semoga proyek ini membawa kemajuan dan keberlanjutan. Rempang Aman  #DukungBahlil   https://t.co/JBjftAAlQT";0;0;0;0;in;1664328456971358208;1710640087321735363;yukeamanda19;https://twitter.com/yukeamanda19/status/1710640087321735363
Sat Oct 07 12:55:08 +0000 2023;1710639898204803316;"Semoga proyek Rempang Aman dan segera selesai ya pak #DukungBahlil https://t.co/0mG6MjSoN5";0;0;0;0;in;1664328456971358208;1710639898204803316;yukeamanda19;https://twitter.com/yukeamanda19/status/1710639898204803316
Sat Oct 07 12:54:34 +0000 2023;1710639753467683040;"@IND0_Update @mediaindonesia @indozonemedia Mantap pak bahlil segala urusan beres proyek Rempang Aman terkendali #DukungBahlil";0;0;0;0;in;1664328456971358208;1710619686176723434;yukeamanda19;https://twitter.com/yukeamanda19/status/1710639753467683040
Sat Oct 07 12:53:43 +0000 2023;1710639540715860252;"@VIVAcoid Semua ini terinspirasi dari Rempang";0;0;0;0;in;1230762182452772864;1710288096158478799;DarahBi59166272;https://twitter.com/DarahBi59166272/status/1710639540715860252
Sat Oct 07 12:53:08 +0000 2023;1710639394946982193;"Udah tepat banget ni pak Jokowi ksh instruksi ke  orang yg tepat , pak Bahlil pastikan kondisi Rempang Aman  #DukungBahlil https://t.co/xoU2O9vFdt";0;0;0;0;in;1644808104582983682;1710639394946982193;saturaksaa;https://twitter.com/saturaksaa/status/1710639394946982193
Sat Oct 07 12:52:17 +0000 2023;1710639179024290282;"@IND0_Update @mediaindonesia @indozonemedia Rempang Aman karena ada pak bahlil yang kerjanya sat set, menggandeng masyarakat juga dengan hangat. #DukungBahlil";0;0;0;0;in;446702105;1710619686176723434;aBTS_twt;https://twitter.com/aBTS_twt/status/1710639179024290282
Sat Oct 07 12:52:05 +0000 2023;1710639129644707970;"Ada apa dengan Rempang ?";0;0;0;0;in;1196838023805014016;1710639129644707970;Ruff_Aldine;https://twitter.com/Ruff_Aldine/status/1710639129644707970
Sat Oct 07 12:51:34 +0000 2023;1710638998987870378;"Besar dukungan kepada Bahlil terhadap Eco City yang lebih baik . Rempang Aman  #DukungBahlil https://t.co/6JUON4hzgz";0;0;0;0;in;1638081894498836480;1710638998987870378;poponini90;https://twitter.com/poponini90/status/1710638998987870378
Sat Oct 07 12:50:53 +0000 2023;1710638827860345174;"@IND0_Update @mediaindonesia @indozonemedia Bukan tanpa alasan, pembangunan ini untuk menciptakan Rempang Aman  #DukungBahlil";0;0;0;0;in;1573848689361448960;1710619686176723434;twiterpicker;https://twitter.com/twiterpicker/status/1710638827860345174
Sat Oct 07 12:50:28 +0000 2023;1710638725645164902;"@bahlillahadalia Hahaha bahlulditeriako maling di Rempang 😀😀😀😀🤪🤪😀Lihat video Harly Baritto! #TikTok https://t.co/AuENPminvE";0;0;0;0;tl;1388985354;1710638725645164902;hm_dermawanzain;https://twitter.com/hm_dermawanzain/status/1710638725645164902
Sat Oct 07 12:50:24 +0000 2023;1710638706208678054;"@blank0429 @MprAldo @France24_en Tolak penggusuran Rempang !!! #TolaPenggusuranRempang";0;0;1;1;in;1302007596191297542;1710602649761128872;didik_bung;https://twitter.com/didik_bung/status/1710638706208678054
Sat Oct 07 12:50:22 +0000 2023;1710638698356937181;"Dengan melibatkan warga setempat dipercaya bahwa Rempang Aman, sejahtera dan bisa berkembang dengan ramah lingkungan  #DukungBahlil  https://t.co/XXzzCefcyx";0;0;0;0;in;1573848689361448960;1710638698356937181;twiterpicker;https://twitter.com/twiterpicker/status/1710638698356937181
Sat Oct 07 12:50:18 +0000 2023;1710638681906958339;"Usaha tidak akan mengkhianati hasil proyek Rempang aman   #DukungBahlil  https://t.co/ebKyAIyTkK";0;0;0;0;in;1664891806897823746;1710638681906958339;garingfandi;https://twitter.com/garingfandi/status/1710638681906958339
Sat Oct 07 12:49:34 +0000 2023;1710638495306559642;"@floreskekinian2 @MataNajwa @tvOneNews @karniilyas Pantas jika DPR dan publik mengapresiasi langkah menteri @bahlillahadalia selesaikan kasus rempang lewat pendekatan humanis.  Rempang Aman  #DukungBahlil";0;0;0;0;in;1686289519451271170;1710619730703450570;AyraWarda;https://twitter.com/AyraWarda/status/1710638495306559642
Sat Oct 07 12:49:27 +0000 2023;1710638467691270515;"Agar tercipta kekondusifitasan di Pulau Rempang, sebaiknya warga setempat diikutsertakan dalam proses pembangunan eco city di Rempang Aman  #DukungBahlil https://t.co/qxYoWsKg01";0;0;0;0;in;1573848689361448960;1710638467691270515;twiterpicker;https://twitter.com/twiterpicker/status/1710638467691270515
Sat Oct 07 12:48:34 +0000 2023;1710638247066685829;"Ayo pak percepat masalah rempang dan proyek Rempang Aman dan selwsai dengan baik #DukungBahlil https://t.co/qp1faYJAS8";0;0;0;0;in;1664891806897823746;1710638247066685829;garingfandi;https://twitter.com/garingfandi/status/1710638247066685829
Sat Oct 07 12:48:31 +0000 2023;1710638232839626819;"@CSzipel_ @aniesbaswedan @ganjarpranowo @prabowo Nggak sabar pengin lihat Rempang Eco City.  Rempang Aman  #DukungBahlil";0;0;0;0;in;1686289519451271170;1710619730875404427;AyraWarda;https://twitter.com/AyraWarda/status/1710638232839626819
Sat Oct 07 12:47:46 +0000 2023;1710638042153902521;"@Ivatcci @jokowi @bahlillahadalia @bkpm Dari investasi rempang untuk warga rempang dan masyarakat Indonesia.  Rempang Aman  #DukungBahlil";0;0;0;0;in;1686289519451271170;1710618473209241755;AyraWarda;https://twitter.com/AyraWarda/status/1710638042153902521
Sat Oct 07 12:47:29 +0000 2023;1710637974717968460;"@IND0_Update @mediaindonesia @indozonemedia Semoga proyek Rempang Aman dan segera selesai ya pak #DukungBahlil";0;0;0;0;in;1664891806897823746;1710619686176723434;garingfandi;https://twitter.com/garingfandi/status/1710637974717968460
Sat Oct 07 12:47:17 +0000 2023;1710637922331107711;"@geloraco Udah tahu azal bakal menjemput, segeralah sadar diri dan taubatan nasyuha kasihan warga rempang dlsb yg terdzolimi dg kebijakan yg merugikan dan menyengsarakannya";0;0;0;1;in;2993382097;1710580706806804490;hasanudin_jeans;https://twitter.com/hasanudin_jeans/status/1710637922331107711
Sat Oct 07 12:47:07 +0000 2023;1710637879704289782;"@IND0_Update @mediaindonesia @indozonemedia Rempang maju pasti masyarakat pun maju Rempang Aman  #DukungBahlil";0;0;0;0;in;1638081894498836480;1710619686176723434;poponini90;https://twitter.com/poponini90/status/1710637879704289782
Sat Oct 07 12:47:03 +0000 2023;1710637865523413051;"@IND0_Update @mediaindonesia @indozonemedia Investasi masa depan, Rempang Aman dan sejahtera   #DukungBahlil";0;0;0;0;in;1558377803460284418;1710619686176723434;bahagianye;https://twitter.com/bahagianye/status/1710637865523413051
Sat Oct 07 12:46:55 +0000 2023;1710637829750202747;"Rempang Aman semoga hasilnya lebih baik dan lebih cepat . #DukungBahlil  https://t.co/aiknXSHRcl";0;0;0;0;in;910406122581893126;1710637829750202747;Bernadjo;https://twitter.com/Bernadjo/status/1710637829750202747
Sat Oct 07 12:46:50 +0000 2023;1710637807256154596;"Tak lupa juga saudara di rempang, Afghanistan. Rempang tu bukan kata jauh pun dekat ja. Sama-sama kita titipkan doa pada mereka baca yasin lepas solat etc";0;0;0;0;in;1338462622253912071;1710637807256154596;hi_rahimah;https://twitter.com/hi_rahimah/status/1710637807256154596
Sat Oct 07 12:46:41 +0000 2023;1710637771373809896;"@Ivatcci @jokowi @bahlillahadalia @bkpm Rempang Aman di bawah kendali menteri @bahlil #DukungBahlil";0;0;0;0;in;1686280534182563840;1710618473209241755;nursalmaaa2;https://twitter.com/nursalmaaa2/status/1710637771373809896
Sat Oct 07 12:46:26 +0000 2023;1710637706756477358;"Dan dengan dukungan anggota DPR, demi terwujudnya Rempang Aman #DukungBahlil  https://t.co/F1gsoqasbR";0;0;0;0;in;1558377803460284418;1710637706756477358;bahagianye;https://twitter.com/bahagianye/status/1710637706756477358
Sat Oct 07 12:46:19 +0000 2023;1710637679820550397;"@tvOneNews Begitu gencar nya bahlil di akhir masa jabatan Presiden Jokowi, semoga saja pak bahlil tidak mati dalam kerumunan rajyat rempang";0;0;0;1;in;1630305613770276865;1710430647461073241;Semarreborn;https://twitter.com/Semarreborn/status/1710637679820550397
Sat Oct 07 12:46:09 +0000 2023;1710637636946424070;"@floreskekinian2 @MataNajwa @tvOneNews @karniilyas Setuju sih sama Rempang Aman smoga kebijakan ini memberikan dmpak positif bagi masyarakat #DukungBahlil";0;0;0;0;in;1688710024095473664;1710619730703450570;mandaarsely;https://twitter.com/mandaarsely/status/1710637636946424070
Sat Oct 07 12:46:06 +0000 2023;1710637624740946419;"@CSzipel_ @aniesbaswedan @ganjarpranowo @prabowo Kita percaya proses pembebasan lahan di rempang pasti dilakukan secara profesional.  Rempang Aman  #DukungBahlil";0;0;0;0;in;1686280534182563840;1710619730875404427;nursalmaaa2;https://twitter.com/nursalmaaa2/status/1710637624740946419
Sat Oct 07 12:45:59 +0000 2023;1710637594122580197;"Ayo dukuung pembebasan lahan ini guysss, kita harus dukung teruss biar Rempang Aman  #DukungBahlil";0;0;0;0;in;1675087038557880320;1710637594122580197;indriiik9;https://twitter.com/indriiik9/status/1710637594122580197
Sat Oct 07 12:45:55 +0000 2023;1710637580428128556;"Dengan arahan pak Presiden dalam regulasi bahwa kehadiran investasi diprioritaskan untuk kesejahteraan masyarakat setempat, demi terwujudnya Rempang Aman #DukungBahlil https://t.co/1v9NoMEpxm";0;0;0;0;in;1558377803460284418;1710637580428128556;bahagianye;https://twitter.com/bahagianye/status/1710637580428128556
Sat Oct 07 12:45:13 +0000 2023;1710637404057645416;"@IND0_Update @mediaindonesia @indozonemedia Pastinya selalu #DukungBahlil buat Rempang Aman 👍";0;0;0;0;in;1637393006599995392;1710619686176723434;aokacoklat;https://twitter.com/aokacoklat/status/1710637404057645416
Sat Oct 07 12:45:09 +0000 2023;1710637384906489876;"Yg belum aman itu warga rempang prof. Kaki tangan Penjajah masih meneror warga.";0;0;0;0;in;1132347810135699456;1710637384906489876;AssaMaulana;https://twitter.com/AssaMaulana/status/1710637384906489876
Sat Oct 07 12:45:08 +0000 2023;1710637379550384384;"Selalu sukse ls buat pak Bahlil biar Rempang semakin maju dan ekonomi meningkat. #DukungBahlil https://t.co/UlOAVK20zD";0;0;0;0;in;1620055616806064128;1710637379550384384;hosisilalahi;https://twitter.com/hosisilalahi/status/1710637379550384384
Sat Oct 07 12:44:59 +0000 2023;1710637344989290576;"@floreskekinian2 @MataNajwa @tvOneNews @karniilyas Pokoknya kita akan terus mendukung dan mengawal niat baik menteri @bahlillahadalia untuk warga rempang.  Rempang Aman  #DukungBahlil";0;0;0;0;in;1686280534182563840;1710619730703450570;nursalmaaa2;https://twitter.com/nursalmaaa2/status/1710637344989290576
Sat Oct 07 12:44:39 +0000 2023;1710637258615959585;"Semoga cepat selesai Rempang Aman warga senang  #DukungBahlil https://t.co/JoBMhPyh8d";0;0;0;1;in;910406122581893126;1710637258615959585;Bernadjo;https://twitter.com/Bernadjo/status/1710637258615959585
Sat Oct 07 12:44:31 +0000 2023;1710637227209023954;"@IND0_Update @mediaindonesia @indozonemedia Secara prosedur tidak menyalahkan aturan demi Rempang Aman  #DukungBahlil";0;0;0;0;in;1558375078278025217;1710619686176723434;JagaragaFirman1;https://twitter.com/JagaragaFirman1/status/1710637227209023954
Sat Oct 07 12:44:09 +0000 2023;1710637135655788930;"@floreskekinian2 @MataNajwa @tvOneNews @karniilyas ikut #DukungBahlil yang meuwujudkan Rempang Aman warga pun tenang dan semua berjalan dengan lancar";0;0;0;0;in;1586734768267272193;1710619730703450570;mocca280;https://twitter.com/mocca280/status/1710637135655788930
Sat Oct 07 12:43:46 +0000 2023;1710637038817751091;"@floreskekinian2 @MataNajwa @tvOneNews @karniilyas Sejatinya proyek strategis nasional di rempang akan berdampak positif bagi warga rempang, karena akan membantu meningkatkan perekonomian mereka.  Rempang Aman  #DukungBahlil";0;0;0;0;in;1686291325308784640;1710619730703450570;syahirasyafaa;https://twitter.com/syahirasyafaa/status/1710637038817751091
Sat Oct 07 12:43:39 +0000 2023;1710637010002891080;"Banyak dukungan agar terwujudnya Rempang Eco City, yang ada di Pulau Rempang Aman #DukungBahlil https://t.co/IFjzXf6Hny";0;0;0;0;in;1558375078278025217;1710637010002891080;JagaragaFirman1;https://twitter.com/JagaragaFirman1/status/1710637010002891080
Sat Oct 07 12:43:26 +0000 2023;1710636953627206105;"@CSzipel_ @aniesbaswedan @ganjarpranowo @prabowo wajib dukung pak bahlil siihatas usahanya dlm pembebasan lahan Rempang Aman  #DukungBahlil";0;0;0;0;in;1647756037058097152;1710619730875404427;buttwerfly29;https://twitter.com/buttwerfly29/status/1710636953627206105
Sat Oct 07 12:43:24 +0000 2023;1710636944932442159;"@floreskekinian2 @MataNajwa @tvOneNews @karniilyas Rempang Aman akan membantu tenaga kerja untuk mendpatkan pekerjaan dngan merata dan semuanya harus ikut andil #DukungBahlil";0;0;0;0;in;1688398780708888576;1710619730703450570;Machaawijo;https://twitter.com/Machaawijo/status/1710636944932442159
Sat Oct 07 12:43:03 +0000 2023;1710636858835935591;"Menteri investasi menjalankan tugasnya agar terwujud kota impian bersamaan Rempang Aman  #DukungBahlil https://t.co/Ny9i2gJhnc";0;0;0;0;in;1558375078278025217;1710636858835935591;JagaragaFirman1;https://twitter.com/JagaragaFirman1/status/1710636858835935591
Sat Oct 07 12:42:46 +0000 2023;1710636786517672185;"Rempang aman dengan adanya keterlibatan pak bahlil sendiri . Rempang Aman #DukungBahlil   https://t.co/5CIvQ7DH7k";0;0;0;0;in;1644610062051315714;1710636786517672185;Maritobortop;https://twitter.com/Maritobortop/status/1710636786517672185
Sat Oct 07 12:42:45 +0000 2023;1710636782168273199;"@CSzipel_ @aniesbaswedan @ganjarpranowo @prabowo yuk dukung pak bahlil atas usahanya dlm pembebasan lahan Rempang Aman  #DukungBahlil";0;0;0;0;in;1636583757523349505;1710619730875404427;sunshin3ofskz;https://twitter.com/sunshin3ofskz/status/1710636782168273199
Sat Oct 07 12:42:45 +0000 2023;1710636780402495872;"@CSzipel_ @aniesbaswedan @ganjarpranowo @prabowo Kita dukung menteri @bahlillahadalia lanjutkan proyek strategis nasional di rempang.  Rempang Aman  #DukungBahlil";0;0;0;0;in;1686291325308784640;1710619730875404427;syahirasyafaa;https://twitter.com/syahirasyafaa/status/1710636780402495872
Sat Oct 07 12:42:18 +0000 2023;1710636669903483136;"Rempang Aman karena langkah persuasif dengan merangkul masyarakat sehingga konflik2 sebelumnya bs diselesaikan dgn baik  #DukungBahlil https://t.co/D5ceFNAzfO";0;0;0;0;in;1620055616806064128;1710636669903483136;hosisilalahi;https://twitter.com/hosisilalahi/status/1710636669903483136
Sat Oct 07 12:42:04 +0000 2023;1710636609258053661;"@Ivatcci @jokowi @bahlillahadalia @bkpm Persoalan rempang sebetulnya hanya persoalan komunikasi yg belum selesai.  Rempang Aman  #DukungBahlil";0;0;0;0;in;1686291325308784640;1710618473209241755;syahirasyafaa;https://twitter.com/syahirasyafaa/status/1710636609258053661
Sat Oct 07 12:41:58 +0000 2023;1710636583500849470;"Rempang Aman dengan dilibatkan nya masyarakat pada Rempang eco city, permasalahan nanti nya bs di rembukkan dg warga  #DukungBahlil https://t.co/B5jrFigSzh";0;0;0;0;in;1644610062051315714;1710636583500849470;Maritobortop;https://twitter.com/Maritobortop/status/1710636583500849470
Sat Oct 07 12:41:45 +0000 2023;1710636529344033002;"@CSzipel_ @aniesbaswedan @ganjarpranowo @prabowo salutt bgtt sama pak bahlil atas usahanya dlm pembebasan lahan Rempang Aman  #DukungBahlil";0;0;0;0;in;1647761620419108864;1710619730875404427;linonotknow;https://twitter.com/linonotknow/status/1710636529344033002
Sat Oct 07 12:41:36 +0000 2023;1710636492065026328;"@IND0_Update @mediaindonesia @indozonemedia Semangat pak dalam menyelesaikan masalah rempang . Rempang Aman #DukungBahlil";0;0;0;0;in;1694596075397730304;1710619686176723434;cupicupiwa;https://twitter.com/cupicupiwa/status/1710636492065026328
Sat Oct 07 12:41:34 +0000 2023;1710636482418131090;"@IND0_Update @mediaindonesia @indozonemedia Mantap sekali kinerja pak Bahlil, DPR aja mendukung penuh.  Rempang Aman  #DukungBahlil";0;0;0;0;in;1620055616806064128;1710619686176723434;hosisilalahi;https://twitter.com/hosisilalahi/status/1710636482418131090
Sat Oct 07 12:41:20 +0000 2023;1710636423538479485;"@IND0_Update @mediaindonesia @indozonemedia Bahlil mempercepat investasi di Pulau Rempang menunjukkan visi dan tekad untuk membangun masa depan yang lebih baik. Semoga upayanya membawa manfaat besar bagi masyarakat dan wilayah ini. 💪🌟Rempang Aman  #DukungBahlil";0;0;0;0;in;2987842936;1710619686176723434;reczkless;https://twitter.com/reczkless/status/1710636423538479485
Sat Oct 07 12:41:12 +0000 2023;1710636390583779508;"Anggota DPR pun mendukung ide pak Bahlil dengan Rempang Aman #DukungBahlil https://t.co/hrNaiXkagy";0;0;0;0;in;1289620278339760128;1710636390583779508;digcityxx;https://twitter.com/digcityxx/status/1710636390583779508
Sat Oct 07 12:41:11 +0000 2023;1710636386339131470;"@IND0_Update @mediaindonesia @indozonemedia Ayo pak kami dukung bapak agar Rempang Aman #DukungBahlil";0;0;0;0;in;1677841779998212098;1710619686176723434;AnnisaRizk54261;https://twitter.com/AnnisaRizk54261/status/1710636386339131470
Sat Oct 07 12:40:57 +0000 2023;1710636328558477685;"@IND0_Update @mediaindonesia @indozonemedia semoga dengan investasi ini pulau rempang dapat berkembang lebih maju  Rempang Aman  #DukungBahlil";0;0;0;0;in;1644610062051315714;1710619686176723434;Maritobortop;https://twitter.com/Maritobortop/status/1710636328558477685
Sat Oct 07 12:40:33 +0000 2023;1710636228985651403;"@CSzipel_ @aniesbaswedan @ganjarpranowo @prabowo keren bgtt pak bahlil atas usahanya dlm pembebasan lahan Rempang Aman  #DukungBahlil";0;0;0;0;in;1647758740287004675;1710619730875404427;kemusuhankita;https://twitter.com/kemusuhankita/status/1710636228985651403
Sat Oct 07 12:40:33 +0000 2023;1710636226355896824;"@Ivatcci @jokowi @bahlillahadalia @bkpm Menteri @bahlillahadalia sosok yg merakyat, maka pantas beliau mudah berbaur dengan masyarakat.  Rempang Aman  #DukungBahlil";0;0;0;0;in;1686246359433891840;1710618473209241755;RayaaaSafira;https://twitter.com/RayaaaSafira/status/1710636226355896824
Sat Oct 07 12:40:20 +0000 2023;1710636172169687455;"Sebut Kondisi Rempang Sudah Aman, Praktisi Hukum: Jangan Ada Provokasi Lagi https://t.co/VDavjJLHKx";0;1;0;9;in;41730943;1710636172169687455;VIVAcoid;https://twitter.com/VIVAcoid/status/1710636172169687455
Sat Oct 07 12:40:11 +0000 2023;1710636136438395297;"Dukung selalu Rempang Aman yang selalu baik. Investasi yang baik dan ekonomi yang maju #DukungBahlil https://t.co/gySd2vZI9W";0;0;0;0;in;1656904183688368128;1710636136438395297;ronjutek12;https://twitter.com/ronjutek12/status/1710636136438395297
Sat Oct 07 12:39:47 +0000 2023;1710636033908605105;"Atas instruksi pak presiden, berharap Rempang Aman, dan bisa menjadi kota impian #DukungBahlil https://t.co/w6e8UT5dCC";0;0;0;0;in;1289620278339760128;1710636033908605105;digcityxx;https://twitter.com/digcityxx/status/1710636033908605105
Sat Oct 07 12:39:44 +0000 2023;1710636021153718631;"@CSzipel_ @aniesbaswedan @ganjarpranowo @prabowo Semoga segera selesai proses pembebasan lahan di rempang, agar investasi rempang segera dilanjutkan.  Rempang Aman  #DukungBahlil";0;0;0;0;in;1686246359433891840;1710619730875404427;RayaaaSafira;https://twitter.com/RayaaaSafira/status/1710636021153718631
Sat Oct 07 12:39:38 +0000 2023;1710635995392336169;"@CSzipel_ @aniesbaswedan @ganjarpranowo @prabowo mantap pak bahlil atas usahanya dlm pembebasan lahan Rempang Aman  #DukungBahlil";0;0;0;0;in;1636583139555561472;1710619730875404427;chanhyung29;https://twitter.com/chanhyung29/status/1710635995392336169
Sat Oct 07 12:39:01 +0000 2023;1710635841104814306;"@IND0_Update @mediaindonesia @indozonemedia Ayo masyarakat dan DPR harus juga terlibat dalam menyelesaikan investasi rempang . Rempang Aman #DukungBahlil";0;0;0;0;in;1694601431368740864;1710619686176723434;delianan99;https://twitter.com/delianan99/status/1710635841104814306
Sat Oct 07 12:38:56 +0000 2023;1710635822666649801;"@floreskekinian2 @MataNajwa @tvOneNews @karniilyas Rempang Aman di bawah kendali menteri @bahlil #DukungBahlil";0;0;0;0;in;1686246359433891840;1710619730703450570;RayaaaSafira;https://twitter.com/RayaaaSafira/status/1710635822666649801
Sat Oct 07 12:38:22 +0000 2023;1710635677225005462;"@IND0_Update @mediaindonesia @indozonemedia Wah semoga perpres segera jadi, agar Rempang Aman  #DukungBahlil";0;0;0;0;in;1573849165422940160;1710619686176723434;zonaakbary;https://twitter.com/zonaakbary/status/1710635677225005462
Sat Oct 07 12:38:00 +0000 2023;1710635584367231178;"@floreskekinian2 @MataNajwa @tvOneNews @karniilyas Yuk kapan lagi ada proyek Rempang eco city #DukungBahlil semoga masyarakat mau terlibat agar proyek Rempang ini berjalan lancar dan Aman untuk segera ditempati";0;0;0;0;in;1264142941150273536;1710619730703450570;channkkaman;https://twitter.com/channkkaman/status/1710635584367231178
Sat Oct 07 12:37:47 +0000 2023;1710635532110422090;"#DukungBahlil utk mempercepat pembangunan Rempang Eco City.. Agar investasi bisa segera masuk dan perekonomian lebih meningkat..  Rempang Aman.. https://t.co/3arIi4zRX1";0;0;0;0;in;1656904183688368128;1710635532110422090;ronjutek12;https://twitter.com/ronjutek12/status/1710635532110422090
Sat Oct 07 12:37:44 +0000 2023;1710635520190218664;"@floreskekinian2 @MataNajwa @tvOneNews @karniilyas Jika masyarakat sudah terlibat maka potensi untuk protes lanjutan tidak akan terjadi.  Rempang Aman  #DukungBahlil";0;0;0;0;in;1686281581219176448;1710619730703450570;saarahmaghfirah;https://twitter.com/saarahmaghfirah/status/1710635520190218664
Sat Oct 07 12:37:44 +0000 2023;1710635518713827352;"@tempodotco Klw perlu sang mentri di usir dari rempang,di larang berkunjung,kecuali yg membela rakyat,klw yg tdk cocoknya di tenggelamkan🤔🤔🤔";0;0;0;0;in;1463172466809835520;1710302786699640964;mmiskun137;https://twitter.com/mmiskun137/status/1710635518713827352
Sat Oct 07 12:37:35 +0000 2023;1710635482227540337;"Ayok kita #DukungBahlil dalam mengatasi permasalahan di Rempang. Semoga kondisi di Rempang Aman selalu https://t.co/s3gfPqxwJQ";0;0;0;0;in;1620604303839993856;1710635482227540337;beastybi1;https://twitter.com/beastybi1/status/1710635482227540337
Sat Oct 07 12:36:59 +0000 2023;1710635328804147246;"Ini tuh proyek Rempang Eco City yang kedepannya diharapkan menjadi kota yang ramah lingkungan  Rempang Aman #DukungBahlil  https://t.co/xyAQbD0mXw";0;0;0;0;in;1573849165422940160;1710635328804147246;zonaakbary;https://twitter.com/zonaakbary/status/1710635328804147246
Sat Oct 07 12:36:57 +0000 2023;1710635323053764925;"Rempang Aman #DukungBahlil  https://t.co/hDuYBBblwW  Gimana ga yes";0;0;0;0;in;1659201650429677568;1710635323053764925;adhisa21;https://twitter.com/adhisa21/status/1710635323053764925
Sat Oct 07 12:36:57 +0000 2023;1710635320847532251;"@CSzipel_ @aniesbaswedan @ganjarpranowo @prabowo Pembebasan lahan yg dilakukan pemerintah pasti sudah sesuai prosedur.  Rempang Aman  #DukungBahlil";0;0;0;0;in;1686281581219176448;1710619730875404427;saarahmaghfirah;https://twitter.com/saarahmaghfirah/status/1710635320847532251
Sat Oct 07 12:36:54 +0000 2023;1710635310676341082;"Rempang aman karna langkah pak bahlil dalam mengambil solusi yang tepat. Rempang Aman #DukungBahlil   https://t.co/GeyD9LCLqq";0;0;0;0;in;1644608052136640512;1710635310676341082;estersimanis;https://twitter.com/estersimanis/status/1710635310676341082
Sat Oct 07 12:36:48 +0000 2023;1710635282801054113;"@IND0_Update @mediaindonesia @indozonemedia Bekerja keras pak buat Rempang Aman dan selalu support untuk yang kinerjanya  #DukungBahlil";0;0;0;0;in;1656904183688368128;1710619686176723434;ronjutek12;https://twitter.com/ronjutek12/status/1710635282801054113
Sat Oct 07 12:36:39 +0000 2023;1710635246922907661;"Rempang Aman #DukungBahlil   Cpt amat keren si https://t.co/P2EspaujhI";0;0;0;0;in;1651098670488780800;1710635246922907661;fredayena;https://twitter.com/fredayena/status/1710635246922907661
Sat Oct 07 12:36:28 +0000 2023;1710635199749628148;"@IND0_Update @mediaindonesia @indozonemedia Rempang Aman ditangan pak Bahlil, sat set sat set😎  #DukungBahlil";0;0;0;0;in;1361609778225504257;1710619686176723434;its_tsy;https://twitter.com/its_tsy/status/1710635199749628148
Sat Oct 07 12:36:10 +0000 2023;1710635126240235593;"@CSzipel_ @aniesbaswedan @ganjarpranowo @prabowo yuk bersama kita #DukungBahlil dalam Pembebasan lahan di area Rempang Aman";0;0;0;0;in;1606773079254118400;1710619730875404427;wonwoniee29;https://twitter.com/wonwoniee29/status/1710635126240235593
Sat Oct 07 12:36:05 +0000 2023;1710635103435805075;"@Ivatcci @jokowi @bahlillahadalia @bkpm Instruksi presiden Jokowi jelas bahwa beliau memerintah menteri @bahlillahadalia atasi kasus rempang.  Rempang Aman  #DukungBahlil";0;0;0;0;in;1686281581219176448;1710618473209241755;saarahmaghfirah;https://twitter.com/saarahmaghfirah/status/1710635103435805075
Sat Oct 07 12:35:56 +0000 2023;1710635064181264855;"Rempang Aman, keren sih gerak cepat  #DukungBahlil https://t.co/B21s1CboUZ";0;0;0;0;in;1651098670488780800;1710635064181264855;fredayena;https://twitter.com/fredayena/status/1710635064181264855
Sat Oct 07 12:35:55 +0000 2023;1710635064063889588;"Anggota DPR juga ikut #DukungBahlil demi Rempang Aman https://t.co/CisZutuOUC";0;0;0;0;in;1573849165422940160;1710635064063889588;zonaakbary;https://twitter.com/zonaakbary/status/1710635064063889588
Sat Oct 07 12:35:54 +0000 2023;1710635055713071267;"semoga prosesnya segera selesai  dan proyek Rempang Aman #DukungBahlil https://t.co/qurDnwykxw";0;0;0;0;in;1644608052136640512;1710635055713071267;estersimanis;https://twitter.com/estersimanis/status/1710635055713071267
Sat Oct 07 12:35:25 +0000 2023;1710634937932739030;"Rempang Aman Nah ini top #DukungBahlil https://t.co/Vr8GzvlIv3";0;0;0;0;in;1659201650429677568;1710634937932739030;adhisa21;https://twitter.com/adhisa21/status/1710634937932739030
Sat Oct 07 12:35:24 +0000 2023;1710634933331583011;"@CSzipel_ @aniesbaswedan @ganjarpranowo @prabowo hayuk gass #DukungBahlil dalam Pembebasan lahan di area Rempang Aman";0;0;0;0;in;1589165294677012480;1710619730875404427;Sunshin32901;https://twitter.com/Sunshin32901/status/1710634933331583011
Sat Oct 07 12:35:23 +0000 2023;1710634929682612673;"@IND0_Update @mediaindonesia @indozonemedia Ayo pak percepat masalah rempang . Rempang Aman #DukungBahlil";0;0;0;0;in;1630920593481809920;1710619686176723434;resaraharja;https://twitter.com/resaraharja/status/1710634929682612673
Sat Oct 07 12:35:19 +0000 2023;1710634912603328766;"@papa_loren Warga Rempang jangan mau dikadalin";0;0;0;1;in;1376578965687521281;1710558414622097778;GorenganPisang6;https://twitter.com/GorenganPisang6/status/1710634912603328766
Sat Oct 07 12:35:13 +0000 2023;1710634884073722297;"DPR mendukung lebih untuk pak Bahlil Terhadap Rempang Aman  #DukungBahlil https://t.co/ugrNEAxXf3";0;0;0;0;in;1630911370899390464;1710634884073722297;hutajululina;https://twitter.com/hutajululina/status/1710634884073722297
Sat Oct 07 12:34:58 +0000 2023;1710634824942407792;"@floreskekinian2 @MataNajwa @tvOneNews @karniilyas Yuk yuk libatkan masyarakat sekitar untuk wujudkan Rempang Aman  #DukungBahlil";0;0;0;0;in;1591642207463026688;1710619730703450570;yolanda_cantex;https://twitter.com/yolanda_cantex/status/1710634824942407792
Sat Oct 07 12:34:46 +0000 2023;1710634773755093048;"@IND0_Update @mediaindonesia @indozonemedia sangat patut untuk apresiasi kinerjanya untuk Rempang Aman . Pak bahlil hebat #DukungBahlil";0;0;0;0;in;1644608052136640512;1710619686176723434;estersimanis;https://twitter.com/estersimanis/status/1710634773755093048
Sat Oct 07 12:34:42 +0000 2023;1710634757363736951;"@CSzipel_ @aniesbaswedan @ganjarpranowo @prabowo kta gw si kita wajib #DukungBahlil dalam Pembebasan lahan di area Rempang Aman";0;0;0;0;in;1647391088812994560;1710619730875404427;stresskiddo29;https://twitter.com/stresskiddo29/status/1710634757363736951
Sat Oct 07 12:34:38 +0000 2023;1710634738304868797;"@IND0_Update @mediaindonesia @indozonemedia Penyelesaian yg luar biasa ,Rempang Aman  #DukungBahlil";0;0;0;0;in;1651098670488780800;1710619686176723434;fredayena;https://twitter.com/fredayena/status/1710634738304868797
Sat Oct 07 12:34:30 +0000 2023;1710634705782288444;"@IND0_Update @mediaindonesia @indozonemedia Inisiatif Bahlil di Pulau Rempang adalah contoh sempurna bagaimana investasi yang cerdas dapat mengubah komunitas. Sukses untuk proyek ini dan dampak positifnya! 🏗️✨ Rempang Aman  #DukungBahlil";0;0;0;0;in;878593042629963776;1710619686176723434;activeily;https://twitter.com/activeily/status/1710634705782288444
Sat Oct 07 12:34:18 +0000 2023;1710634657069588542;"@floreskekinian2 @MataNajwa @tvOneNews @karniilyas Saya setuju banget biar cepat selesai nya Rempang Aman  #DukungBahlil";0;0;0;0;in;1648338057287077888;1710619730703450570;igitkarin;https://twitter.com/igitkarin/status/1710634657069588542
Sat Oct 07 12:34:17 +0000 2023;1710634651939938597;"Menteri Bahlil caranya bagus banget dalam menyelesaikan masalah Rempang Aman  #DukungBahlil  https://t.co/r52z2pquh6";0;0;0;0;in;1361609778225504257;1710634651939938597;its_tsy;https://twitter.com/its_tsy/status/1710634651939938597
Sat Oct 07 12:34:01 +0000 2023;1710634584327499872;"Pak Bahlil melakukan pendekatan humanis kepada masyarakat dan dapat pujian loh dari DPR Rempang Aman #DukungBahlil https://t.co/IAg0349V8B";0;0;0;0;in;1504761679816454146;1710634584327499872;JordeMansen;https://twitter.com/JordeMansen/status/1710634584327499872
Sat Oct 07 12:33:57 +0000 2023;1710634568519401521;"bahagianya lihat gimana pemerintah bertanggung jawab Rempang Aman dengan perkonomiannya #DukungBahlil https://t.co/KJlxXk0iZY";0;0;0;0;in;1664186153917120512;1710634568519401521;arbiatya;https://twitter.com/arbiatya/status/1710634568519401521
Sat Oct 07 12:33:53 +0000 2023;1710634551905792014;"Keren. Pak Bahlil gerak cepat tangani masalah Rempang Rempang Aman #DukungBahlil https://t.co/TqUwkhPR00";0;0;0;0;in;1630911370899390464;1710634551905792014;hutajululina;https://twitter.com/hutajululina/status/1710634551905792014
Sat Oct 07 12:33:39 +0000 2023;1710634490283073601;"@CSzipel_ @aniesbaswedan @ganjarpranowo @prabowo yukk bersama kita #DukungBahlil dalam Pembebasan lahan di area Rempang Aman";0;0;0;0;in;1562755733091143680;1710619730875404427;stayforlaip;https://twitter.com/stayforlaip/status/1710634490283073601
Sat Oct 07 12:33:38 +0000 2023;1710634486030033346;"DPR mendukung penuh rempang eco city. Mari kitaa sebagai masyarakat juga ikut mendukung    Rempang Aman #DukungBahlil https://t.co/1w0ESTcm4o";0;0;0;0;in;1665486080307765250;1710634486030033346;soraays;https://twitter.com/soraays/status/1710634486030033346
Sat Oct 07 12:33:00 +0000 2023;1710634326021566765;"Selalu optimis kalau Rempang Aman selalu jika ditangani oleh Pak Bahlil #DukungBahlil https://t.co/6tht6TecDD";0;0;0;0;in;1620604303839993856;1710634326021566765;beastybi1;https://twitter.com/beastybi1/status/1710634326021566765
Sat Oct 07 12:32:39 +0000 2023;1710634241342791960;"@Ivatcci @jokowi @bahlillahadalia @bkpm pasti #DukungBahlil untuk segala upaya nya dalam menyelesaikan Rempang Aman";0;0;0;0;in;1694512175669530626;1710618473209241755;ghaniarry;https://twitter.com/ghaniarry/status/1710634241342791960
Sat Oct 07 12:32:28 +0000 2023;1710634192462303423;"Rempang Eco City: Dalam pelukan masyarakat, Menteri Bahlil menjalin koneksi emosional. Dia membuka pintu dialog, menghormati tradisi, dan membangun fondasi kuat untuk masa depan bersama. Dalam setiap langkahnya, ada kebijaksanaan dan keberanian.  Rempang Aman  #DukungBahlil https://t.co/Sszn6jIlA0";0;0;0;0;in;1426546488285356045;1710634192462303423;repitl;https://twitter.com/repitl/status/1710634192462303423
Sat Oct 07 12:32:11 +0000 2023;1710634121775702302;"@Ivatcci @jokowi @bahlillahadalia @bkpm akhirnya Rempang Aman juga, berkat kerja sama masyarakat dengan pemerintah jugaa.#DukungBahlil";0;0;0;0;in;1697883321559310336;1710618473209241755;lapiraa0;https://twitter.com/lapiraa0/status/1710634121775702302
Sat Oct 07 12:31:53 +0000 2023;1710634048924831748;"@Ivatcci @jokowi @bahlillahadalia @bkpm Rempang Aman karena pak jokowi menginstruksikan pak bahlil  #DukungBahlil";0;0;0;0;in;1702837635369070592;1710618473209241755;ArellanoDa67076;https://twitter.com/ArellanoDa67076/status/1710634048924831748
Sat Oct 07 12:31:50 +0000 2023;1710634032390922642;"Rempang Aman  #DukungBahlil";0;0;0;0;in;1686059671399104512;1710634032390922642;dzikri_anw4r;https://twitter.com/dzikri_anw4r/status/1710634032390922642
Sat Oct 07 12:31:49 +0000 2023;1710634028238614933;"@CSzipel_ @aniesbaswedan @ganjarpranowo @prabowo yuk yuk kita #DukungBahlil dalam Pembebasan lahan di area Rempang Aman";0;0;0;0;in;1636585608033472513;1710619730875404427;skijeu29;https://twitter.com/skijeu29/status/1710634028238614933
Sat Oct 07 12:31:47 +0000 2023;1710634019807981621;"Wah pembebasan lahan Rempang Aman, bisa selesai akhir 2023🤩🤩🤩  #DukungBahlil https://t.co/OKTFoCVyaK";0;0;0;0;in;1361609778225504257;1710634019807981621;its_tsy;https://twitter.com/its_tsy/status/1710634019807981621
Sat Oct 07 12:31:32 +0000 2023;1710633957040296194;"Rempang Aman  #DukungBahlil";0;0;0;0;in;1686059671399104512;1710633957040296194;dzikri_anw4r;https://twitter.com/dzikri_anw4r/status/1710633957040296194
Sat Oct 07 12:31:30 +0000 2023;1710633948945227865;"@IND0_Update @mediaindonesia @indozonemedia Selalu dukung pak bahlil agar investasi rempang aman cepat selesaii #DukungBahlil";0;0;0;0;in;1665486080307765250;1710619686176723434;soraays;https://twitter.com/soraays/status/1710633948945227865
Sat Oct 07 12:31:20 +0000 2023;1710633907010597312;"@IND0_Update @mediaindonesia @indozonemedia Keputusan Bahlil untuk mempercepat investasi di Pulau Rempang adalah dorongan positif bagi pengembangan daerah terpencil. Semoga proyek ini membawa kemajuan dan keberlanjutan. Rempang Aman  #DukungBahlil";0;0;0;0;in;1426546488285356045;1710619686176723434;repitl;https://twitter.com/repitl/status/1710633907010597312
Sat Oct 07 12:31:15 +0000 2023;1710633885636469003;"@IND0_Update @mediaindonesia @indozonemedia Lanjutkan terus Pak, semoga Rempang Aman selalu  #DukungBahlil";0;0;0;0;in;1620604303839993856;1710619686176723434;beastybi1;https://twitter.com/beastybi1/status/1710633885636469003
Sat Oct 07 12:31:13 +0000 2023;1710633878875217985;"Rempang Aman  #DukungBahlil";0;0;0;0;in;1686059671399104512;1710633878875217985;dzikri_anw4r;https://twitter.com/dzikri_anw4r/status/1710633878875217985
Sat Oct 07 12:31:04 +0000 2023;1710633841675907322;"Pak bahlil nih....Rempang Aman  #DukungBahlil https://t.co/aiwzQK1znF";0;0;0;0;in;1699294888083456000;1710633841675907322;haniyybiey;https://twitter.com/haniyybiey/status/1710633841675907322
Sat Oct 07 12:30:51 +0000 2023;1710633787653312761;"Satukan langkah, tingkatkan investasi untuk kemajuan Rempang!  Rempang Aman #DukungBahlil https://t.co/dJMKHRu9KC";0;0;0;0;in;1630904256143458304;1710633787653312761;anasil097045;https://twitter.com/anasil097045/status/1710633787653312761
Sat Oct 07 12:30:40 +0000 2023;1710633740169597152;"@Ivatcci @jokowi @bahlillahadalia @bkpm tenaga kerja lokal loh efek dari investasi di Rempang ini, dan pasti sangat bermanfaat nih Rempang Aman #DukungBahlil";0;0;0;0;in;1256042975747993601;1710618473209241755;kisyuu00;https://twitter.com/kisyuu00/status/1710633740169597152
Sat Oct 07 12:30:39 +0000 2023;1710633737082581001;"@CSzipel_ @aniesbaswedan @ganjarpranowo @prabowo kita harus sama sama #DukungBahlil sihh dalam Pembebasan lahan di area Rempang Aman";0;0;0;0;in;1636582032225763328;1710619730875404427;siapaboti;https://twitter.com/siapaboti/status/1710633737082581001
Sat Oct 07 12:30:37 +0000 2023;1710633727548883130;"@Ivatcci @jokowi @bahlillahadalia @bkpm Kita selalu mendukung menteri @bahlillahadalia menyelesaikan arahan Presiden Jokowi terkait masalah di rempang.  Rempang Aman  #DukungBahlil";0;0;0;0;in;1686231112128069632;1710618473209241755;sitiiraudhah;https://twitter.com/sitiiraudhah/status/1710633727548883130
Sat Oct 07 12:30:32 +0000 2023;1710633706560651394;"@IND0_Update @mediaindonesia @indozonemedia Dengan proyek strategis nasional diharapkan Rempang menjadi pulau yang Aman #DukungBahlil";0;0;0;0;in;920898956959268865;1710619686176723434;deczide;https://twitter.com/deczide/status/1710633706560651394
Sat Oct 07 12:30:06 +0000 2023;1710633596720210355;"@Ivatcci @jokowi @bahlillahadalia @bkpm pastikan Rempang Aman dan #DukungBahlil untuk mewujudkannya";0;0;0;0;in;1697394651127533568;1710618473209241755;tsaniannaa;https://twitter.com/tsaniannaa/status/1710633596720210355
Sat Oct 07 12:30:03 +0000 2023;1710633587329188265;"@floreskekinian2 @MataNajwa @tvOneNews @karniilyas Salut  sekalii dg usaha pak Bahlil demi mewujudkan Rempang Aman dengan merangkul warga lokal #DukungBahlil";0;0;0;0;in;1464793872324780034;1710619730703450570;Sonya697019971;https://twitter.com/Sonya697019971/status/1710633587329188265
Sat Oct 07 12:30:03 +0000 2023;1710633586620301391;"Warga pulang Rempang setuju untuk di relokasi tanpa ada hambatan . Rempang Aman  #DukungBahlil https://t.co/SoEUaguM1V";0;0;0;0;in;1630904256143458304;1710633586620301391;anasil097045;https://twitter.com/anasil097045/status/1710633586620301391
Sat Oct 07 12:30:02 +0000 2023;1710633579653534132;"Aku bakal #DukungBahlil sih... Soalnya kalo Rempang Aman kan warga sekitar juga bisa bekerja dengan tenang, investasi juga bisa jalan";0;0;0;0;in;1661038678272245765;1710633579653534132;iamthekingsy;https://twitter.com/iamthekingsy/status/1710633579653534132
Sat Oct 07 12:30:00 +0000 2023;1710633574549041183;"@rektrektrekt123 @CNNIndonesia rempang aja dijajah";0;0;0;0;in;943635285878874113;1709731552689590626;threesome_bodo;https://twitter.com/threesome_bodo/status/1710633574549041183
Sat Oct 07 12:29:43 +0000 2023;1710633502591594961;"@CSzipel_ @aniesbaswedan @ganjarpranowo @prabowo Kita do'akan semoga pembebasan lahan berjalan lancar.  Rempang Aman  #DukungBahlil";0;0;0;0;in;1686231112128069632;1710619730875404427;sitiiraudhah;https://twitter.com/sitiiraudhah/status/1710633502591594961
Sat Oct 07 12:29:43 +0000 2023;1710633500725113300;"@IND0_Update @Okt4viano @mediaindonesia @indozonemedia Potensi investasi Rempang Aman  #DukungBahlil";0;0;0;0;in;1686059671399104512;1710619686176723434;dzikri_anw4r;https://twitter.com/dzikri_anw4r/status/1710633500725113300
Sat Oct 07 12:29:28 +0000 2023;1710633440465564002;"@Ivatcci @jokowi @bahlillahadalia @bkpm ayo pak wujudkan Rempang Aman dengan cara yang baik dan tidak merugikan siapapun  #DukungBahlil";0;0;0;0;in;1696538277569036288;1710618473209241755;jaywithtayo;https://twitter.com/jaywithtayo/status/1710633440465564002
Sat Oct 07 12:29:21 +0000 2023;1710633408102269283;"Wah mantap nih Pak Bahlil libatkan masyarakan dalam proyeknya Rempang Aman banget pastinya.   #DukungBahlil https://t.co/yJv3tAsZTk";0;0;0;0;in;1688568079993954304;1710633408102269283;nafasjariang;https://twitter.com/nafasjariang/status/1710633408102269283
Sat Oct 07 12:29:13 +0000 2023;1710633374321463590;"Rempang Aman  #DukungBahlil";0;0;0;0;in;1686059671399104512;1710633374321463590;dzikri_anw4r;https://twitter.com/dzikri_anw4r/status/1710633374321463590
Sat Oct 07 12:29:10 +0000 2023;1710633361931485519;"@Ivatcci @jokowi @bahlillahadalia @bkpm Semangat untuk usaha pak Bahlil demi mewujudkan Rempang Aman dengan merangkul warganya #DukungBahlil";0;0;0;0;in;1705157719936978944;1710618473209241755;Sarsaa0;https://twitter.com/Sarsaa0/status/1710633361931485519
Sat Oct 07 12:28:56 +0000 2023;1710633304050020582;"Rempang Aman karena pak bahlil keren bisa bernegosiasi  #DukungBahlil https://t.co/hjqlCSydHy";0;0;0;0;in;1702837742156025856;1710633304050020582;aubree54641;https://twitter.com/aubree54641/status/1710633304050020582
Sat Oct 07 12:28:53 +0000 2023;1710633291131572680;"@floreskekinian2 @Okt4viano @MataNajwa @tvOneNews @karniilyas Tujuan investasi yang jelas Rempang Aman  #DukungBahlil";0;0;0;0;in;1686059671399104512;1710619730703450570;dzikri_anw4r;https://twitter.com/dzikri_anw4r/status/1710633291131572680
Sat Oct 07 12:28:45 +0000 2023;1710633260366405802;"semoga ada solusi yang tepat dan segera selesai . Rempang Aman #DukungBahlil   https://t.co/CJBwokp06c";0;0;0;0;in;1644249665544818690;1710633260366405802;Dame09072019;https://twitter.com/Dame09072019/status/1710633260366405802
Sat Oct 07 12:28:43 +0000 2023;1710633251986182530;"@IND0_Update @mediaindonesia @indozonemedia Saya dukung bapak terus untuk menyelesaikan masalah di pulau Rempang. semangat pak  Rempang Aman #DukungBahl";0;0;0;0;in;1517019943732015104;1710619686176723434;pithtwn1;https://twitter.com/pithtwn1/status/1710633251986182530
Sat Oct 07 12:28:39 +0000 2023;1710633234151948327;"@floreskekinian2 @MataNajwa @tvOneNews @karniilyas Turut #DukungBahlil dalam pelibatan masyarakat lokal di wilayah pembangunan Rempang Aman";0;0;0;0;in;411504973;1710619730703450570;ifaww_;https://twitter.com/ifaww_/status/1710633234151948327
Sat Oct 07 12:28:38 +0000 2023;1710633228573552794;"@Ivatcci @jokowi @bahlillahadalia @bkpm mungkin pak Jokowi sudah punya rencana bagus untuk wilayah tersebut kedepannya, jdi jgn takut untuk melanjutkan pak Rempang Aman  #DukungBahlil";0;0;0;0;in;1688563722527342592;1710618473209241755;missjaysomuch;https://twitter.com/missjaysomuch/status/1710633228573552794
Sat Oct 07 12:28:31 +0000 2023;1710633199787975156;"Rempang Aman  #DukungBahlil";0;0;0;0;in;1686059671399104512;1710633199787975156;dzikri_anw4r;https://twitter.com/dzikri_anw4r/status/1710633199787975156
Sat Oct 07 12:28:27 +0000 2023;1710633182591377835;"@floreskekinian2 @MataNajwa @tvOneNews @karniilyas Proyek strategis nasional yg ada di rempang akan membantu tenaga kerja lokal untuk memiliki pekerjaan.  Rempang Aman  #DukungBahlil";0;0;0;0;in;1686231112128069632;1710619730703450570;sitiiraudhah;https://twitter.com/sitiiraudhah/status/1710633182591377835
Sat Oct 07 12:28:23 +0000 2023;1710633166036435428;"@IND0_Update @mediaindonesia @indozonemedia Langkah yang tepat melibatkan warga setempat semakin menaikan ekonomi warga Rempang Aman #DukungBahlil";0;0;0;0;in;910406122581893126;1710619686176723434;Bernadjo;https://twitter.com/Bernadjo/status/1710633166036435428
Sat Oct 07 12:28:18 +0000 2023;1710633143697588633;"@IND0_Update @mediaindonesia @indozonemedia Apresiasi untuk Bahlil karena usahanya mempercepat investasi di Pulau Rempang! Langkah ini akan membuka peluang baru dan menciptakan pertumbuhan ekonomi yang berkelanjutan. Rempang Aman  #DukungBahlil";0;0;0;0;in;878499116350935041;1710619686176723434;bhetween;https://twitter.com/bhetween/status/1710633143697588633
Sat Oct 07 12:28:17 +0000 2023;1710633140325368059;"@Ivatcci @jokowi @bahlillahadalia @bkpm kuyy #DukungBahlil untuk menyukseskan Rempang Aman";0;0;0;0;in;1697388019500883968;1710618473209241755;kaivanni;https://twitter.com/kaivanni/status/1710633140325368059
Sat Oct 07 12:28:14 +0000 2023;1710633128061211026;"@CSzipel_ @Okt4viano @aniesbaswedan @ganjarpranowo @prabowo Aku sangat yakin, bisa diberikan kemudahan Rempang Aman  #DukungBahlil";0;0;0;0;in;1686059671399104512;1710619730875404427;dzikri_anw4r;https://twitter.com/dzikri_anw4r/status/1710633128061211026
Sat Oct 07 12:28:13 +0000 2023;1710633123011346856;"Dari awal udah yakin kalau Rempang Aman soalnya yang bantu penyelesaian bahlil dengan baik.  #DukungBahlil https://t.co/w2N2wK99SR";0;0;0;0;in;1630904256143458304;1710633123011346856;anasil097045;https://twitter.com/anasil097045/status/1710633123011346856
Sat Oct 07 12:27:53 +0000 2023;1710633038781239426;"Rempang Aman  #DukungBahlil";0;0;0;0;in;1686059671399104512;1710633038781239426;dzikri_anw4r;https://twitter.com/dzikri_anw4r/status/1710633038781239426
Sat Oct 07 12:27:38 +0000 2023;1710632976432955614;"Anggota DPR juga mendukung agar Rempang Aman, dan sejahtera #DukungBahlil  https://t.co/diYytkq5kY";0;0;0;0;in;920898956959268865;1710632976432955614;deczide;https://twitter.com/deczide/status/1710632976432955614
Sat Oct 07 12:27:34 +0000 2023;1710632962365263944;"@Ivatcci @Okt4viano @jokowi @bahlillahadalia @bkpm Mari bersinergi Rempang Aman  #DukungBahlil";0;0;0;0;in;1686059671399104512;1710618473209241755;dzikri_anw4r;https://twitter.com/dzikri_anw4r/status/1710632962365263944
Sat Oct 07 12:27:33 +0000 2023;1710632958263218662;"Laki laki yang dipegang omongan dan bahlil bisa buktikan itu karena berhasil membuat Rempang Aman. #DukungBahlil https://t.co/NVfpwrdcEo";0;0;0;0;in;1688570713257754624;1710632958263218662;pijakhx;https://twitter.com/pijakhx/status/1710632958263218662
Sat Oct 07 12:27:28 +0000 2023;1710632937170121129;"@Ivatcci @jokowi @bahlillahadalia @bkpm pasti beliau juga sudah memperhitungkan apa yang seharusnya dilakukan, sukses trus pak wujudkan Rempang Aman  #DukungBahlil";0;0;0;0;in;1688557182453985280;1710618473209241755;missyouujay;https://twitter.com/missyouujay/status/1710632937170121129
Sat Oct 07 12:27:05 +0000 2023;1710632839753163104;"Rempang Aman nih pak bahlil   #DukungBahlil https://t.co/MmMdrgsERd";0;0;0;1;in;1629039190745939968;1710632839753163104;27_mafula;https://twitter.com/27_mafula/status/1710632839753163104
Sat Oct 07 12:27:03 +0000 2023;1710632829389008927;"@IND0_Update @mediaindonesia @indozonemedia Sudah tepat langkah presiden Jokowi mengutus menteri @bahlillahadalia selesaikan masalah rempang.  Rempang Aman  #DukungBahlil";0;0;0;0;in;1686289519451271170;1710619686176723434;AyraWarda;https://twitter.com/AyraWarda/status/1710632829389008927
Sat Oct 07 12:26:48 +0000 2023;1710632768710054016;"Agar Rempang Aman, dan menjadi kota yang lebih baik #DukungBahlil https://t.co/63A53DCjAy";0;0;0;0;in;920898956959268865;1710632768710054016;deczide;https://twitter.com/deczide/status/1710632768710054016
Sat Oct 07 12:26:48 +0000 2023;1710632765669220787;"@IND0_Update @mediaindonesia @indozonemedia Selalu kagum dengan kinerja pak Bahlil yang selalu tuntas  Rempang Aman  #DukungBahlil";0;0;0;0;in;1630904256143458304;1710619686176723434;anasil097045;https://twitter.com/anasil097045/status/1710632765669220787
Sat Oct 07 12:26:47 +0000 2023;1710632761747439633;"Semua pihak yg terlibat emang perlu dirangkul, diajak musyawarah terutama masyarakat sekitar. Semoga proyek ini kedepannya memberikan masa depan yg baik  untuk Rempang aman aaamiin #dukungBahlil   https://t.co/yxKe5X4SC4";0;0;0;0;in;1261071523;1710632761747439633;Jejanama;https://twitter.com/Jejanama/status/1710632761747439633
Sat Oct 07 12:26:44 +0000 2023;1710632750880080049;"Dari awal udah yakin kalau Rempang Aman soalnya yang bantu penyelesaian bahlil. #DukungBahlil https://t.co/3yVG3ixct0";0;0;0;0;in;1698465961978875904;1710632750880080049;mariodennyx;https://twitter.com/mariodennyx/status/1710632750880080049
Sat Oct 07 12:26:21 +0000 2023;1710632655883243862;"@Ivatcci @jokowi @bahlillahadalia @bkpm pastikan Rempang Aman dan tetap #DukungBahlil";0;0;0;0;in;1690969190898028544;1710618473209241755;marsellaoo;https://twitter.com/marsellaoo/status/1710632655883243862
Sat Oct 07 12:26:15 +0000 2023;1710632627282297020;"@IND0_Update @Dha_mayanti @mediaindonesia @indozonemedia Potensi investasi Rempang Aman  #DukungBahlil";0;0;0;0;in;2758402395;1710619686176723434;Lusianhah;https://twitter.com/Lusianhah/status/1710632627282297020
Sat Oct 07 12:26:14 +0000 2023;1710632625516482644;"@floreskekinian2 @MataNajwa @tvOneNews @karniilyas Setuju, Pak Bahlil libatkan masyarakatnya dalam proyeknya Rempang Aman  #DukungBahlil";0;0;0;0;in;1704394329400242176;1710619730703450570;karolinatyas;https://twitter.com/karolinatyas/status/1710632625516482644
Sat Oct 07 12:26:13 +0000 2023;1710632620479160763;"@Ivatcci @jokowi @bahlillahadalia @bkpm aku harap permasalahan dalam mewujudkan Rempang Aman sedikit demi sedikit terselesaikan, semangat trus pak  #DukungBahlil";0;0;0;0;in;1687447448896368640;1710618473209241755;ilovejayie;https://twitter.com/ilovejayie/status/1710632620479160763
Sat Oct 07 12:26:13 +0000 2023;1710632620365873465;"@Ivatcci @jokowi @bahlillahadalia @bkpm Rempang Aman klo udah ditangan pak Bahlil, amin #DukungBahlil";0;0;0;0;in;1704415136335953920;1710618473209241755;Sanraa0;https://twitter.com/Sanraa0/status/1710632620365873465
Sat Oct 07 12:25:56 +0000 2023;1710632547884175646;"Rempang Aman  #DukungBahlil";0;0;0;0;in;2758402395;1710632547884175646;Lusianhah;https://twitter.com/Lusianhah/status/1710632547884175646
Sat Oct 07 12:25:54 +0000 2023;1710632540439204125;"@IND0_Update @mediaindonesia @indozonemedia Rempang aman dengan adanya keterlibatan pak bahlil sendiri . Rempang Aman #DukungBahlil";0;0;0;0;in;1629499546660376576;1710619686176723434;mayachan69;https://twitter.com/mayachan69/status/1710632540439204125
Sat Oct 07 12:25:49 +0000 2023;1710632518905737568;"Nah akhirnya semua bisa berjalan dengan baik dan juga Rempang Aman. #DukungBahlil https://t.co/7UV06j0v5x";0;0;1;0;in;1663359921503735809;1710632518905737568;LufmanBac;https://twitter.com/LufmanBac/status/1710632518905737568
Sat Oct 07 12:25:46 +0000 2023;1710632506096304534;"Ga salah sih kagum sama kinerja pak Bahlil karena Rempang Aman dan semua berjalan lancar. #DukungBahlil https://t.co/OfiFYT9Z7m";0;0;0;0;in;1646062718716346368;1710632506096304534;mimijutek16;https://twitter.com/mimijutek16/status/1710632506096304534
Sat Oct 07 12:25:40 +0000 2023;1710632480871723170;"@IND0_Update @mediaindonesia @indozonemedia Semoga tidak ada lagi protes dari warga rempang terkait investasi proyek strategis nasional.  Rempang Aman  #DukungBahlil";0;0;0;0;in;1686280534182563840;1710619686176723434;nursalmaaa2;https://twitter.com/nursalmaaa2/status/1710632480871723170
Sat Oct 07 12:25:39 +0000 2023;1710632479571521912;"@floreskekinian2 @Dha_mayanti @MataNajwa @tvOneNews @karniilyas Bersinergi dengan masyarakat Rempang Aman  #DukungBahlil";0;0;0;0;in;2758402395;1710619730703450570;Lusianhah;https://twitter.com/Lusianhah/status/1710632479571521912
Sat Oct 07 12:25:27 +0000 2023;1710632426186441162;"@floreskekinian2 @MataNajwa @tvOneNews @karniilyas setujuuuu selalu #DukungBahlil buat ini yakin kok pasti Rempang Aman mantap";0;0;0;0;in;1529107664797855745;1710619730703450570;sbriruu;https://twitter.com/sbriruu/status/1710632426186441162
Sat Oct 07 12:25:26 +0000 2023;1710632425423061143;"Rempang aman karna langkah pak bahlil dalam mengambil solusi yang tepat. Rempang Aman #DukungBahlil https://t.co/6rzMEs5iSt";0;0;0;0;in;1644249665544818690;1710632425423061143;Dame09072019;https://twitter.com/Dame09072019/status/1710632425423061143
Sat Oct 07 12:25:21 +0000 2023;1710632402861904210;"Rempang Aman  #DukungBahlil";0;0;0;0;in;2758402395;1710632402861904210;Lusianhah;https://twitter.com/Lusianhah/status/1710632402861904210
Sat Oct 07 12:25:16 +0000 2023;1710632381689020621;"@IND0_Update @mediaindonesia @indozonemedia tetap semangat pak bahlil . Rempang Aman #DukungBahlil";0;0;0;0;in;1638110818968678401;1710619686176723434;adindapasai;https://twitter.com/adindapasai/status/1710632381689020621
Sat Oct 07 12:25:07 +0000 2023;1710632344724574343;"@IND0_Update @Gueanndii @mediaindonesia @indozonemedia Setuju, gua dukung beliau agar Rempang Aman dan investasi juga bisa segera jalan  #DukungBahlil";0;0;0;0;in;1668762359320678400;1710619686176723434;Guediyas;https://twitter.com/Guediyas/status/1710632344724574343
Sat Oct 07 12:25:03 +0000 2023;1710632328819790067;"@floreskekinian2 @MataNajwa @tvOneNews @karniilyas Ikut #DukungBahlil dalam proyek pembangunan Rempang Aman";0;0;0;0;in;1558440270336651266;1710619730703450570;Itsmefaww;https://twitter.com/Itsmefaww/status/1710632328819790067
Sat Oct 07 12:25:00 +0000 2023;1710632316333428884;"@CSzipel_ @Dha_mayanti @aniesbaswedan @ganjarpranowo @prabowo Investasi adalah tujuan bersama Rempang Aman  #DukungBahlil";0;0;0;0;in;2758402395;1710619730875404427;Lusianhah;https://twitter.com/Lusianhah/status/1710632316333428884
Sat Oct 07 12:24:59 +0000 2023;1710632312059408865;"@Ivatcci @jokowi @bahlillahadalia @bkpm ayo kaa, gas #DukungBahlil buat selesaikan amanat dari pak presiden. Rempang Aman dan pastinya investasi berjalan";0;0;0;0;in;1701460597353906176;1710618473209241755;electrfo;https://twitter.com/electrfo/status/1710632312059408865
Sat Oct 07 12:24:57 +0000 2023;1710632301238075533;"@Ivatcci @jokowi @bahlillahadalia @bkpm ayo pak, semoga kedepannya jalan menuju kesuksesan semakin terlihat. Rempang Aman  #DukungBahlil";0;0;0;0;in;1687050741633171456;1710618473209241755;intotheilandf;https://twitter.com/intotheilandf/status/1710632301238075533
Sat Oct 07 12:24:51 +0000 2023;1710632275002732661;"@IND0_Update @mediaindonesia @indozonemedia Pak bahlil jadi pahlawan dalam atasi pulau rempang . Rempang Aman #DukungBahlil";0;0;0;0;in;1619327062308970497;1710619686176723434;zenaajarine;https://twitter.com/zenaajarine/status/1710632275002732661
Sat Oct 07 12:24:48 +0000 2023;1710632263485112652;"Ga salah sih kagum sama kerja beliau karena Rempang Aman dan semua berjalan lancar. #DukungBahlil https://t.co/VDd4epDdR6";0;0;0;0;in;1662720844991451141;1710632263485112652;sarcipew;https://twitter.com/sarcipew/status/1710632263485112652
Sat Oct 07 12:24:43 +0000 2023;1710632243092443483;"RAKYAT REMPANG BERSATU TANGKAP MENTERI BAHLIL https://t.co/MVZubI8Okm #aniespresiden2024 #jokowi #viralinkuy #PDIP #rempang https://t.co/1cHun627MV";0;0;0;1;in;1614230469444534272;1710632243092443483;ERABARU17691191;https://twitter.com/ERABARU17691191/status/1710632243092443483
Sat Oct 07 12:24:42 +0000 2023;1710632239070056841;"@Ivatcci @jokowi @bahlillahadalia @bkpm #DukungBahlil buat keterlibatana masyarakat sama proyek ini. yakin ko pasti Rempang Aman dari segi ekonomi maupun keamannya";0;0;0;0;in;1707002893591863296;1710618473209241755;Sonraa0;https://twitter.com/Sonraa0/status/1710632239070056841
Sat Oct 07 12:24:40 +0000 2023;1710632231876849944;"@IND0_Update @mediaindonesia @indozonemedia Rempang Aman, DPR pun #DukungBahlil libatkan masyarakat dalam proyek Rempang Eco City";0;0;0;0;in;1629086658196029440;1710619686176723434;titiacitoy;https://twitter.com/titiacitoy/status/1710632231876849944
Sat Oct 07 12:24:40 +0000 2023;1710632231818125513;"Ia menjalankan amanah dari pemerintah dari negara untuk mengupayakan terwujudnya pembangunan di sana sebagai bagian dari Proyek Strategis Nasional. Berpijak pada tujuan baik ini, maka sudah tepat dukungan DPR dan publik Rempang pada Bahlil. Rempang Aman #DukungBahlil https://t.co/DWPmkyglZJ";0;0;0;0;in;1646062718716346368;1710632231818125513;mimijutek16;https://twitter.com/mimijutek16/status/1710632231818125513
Sat Oct 07 12:24:39 +0000 2023;1710632228257198267;"@IND0_Update @mediaindonesia @indozonemedia Langkah menteri @bahlillahadalia yg temui langsung warga rempang demi menyelesaikan kasus rempang patut diapresiasi.  Rempang Aman  #DukungBahlil";0;0;0;0;in;1686291325308784640;1710619686176723434;syahirasyafaa;https://twitter.com/syahirasyafaa/status/1710632228257198267
Sat Oct 07 12:24:34 +0000 2023;1710632205712773267;"Ibu Atik pejuang pulau Rempang, berasal dari kebumen jawa tengah. . #rempang #batam #kepri  . https://t.co/mSkO6TQsTx";0;0;0;0;in;1694263923544035328;1710632205712773267;rempang_04;https://twitter.com/rempang_04/status/1710632205712773267
Sat Oct 07 12:24:34 +0000 2023;1710632204311863360;"Rempang Aman  #DukungBahlil";0;0;0;0;in;2758402395;1710632204311863360;Lusianhah;https://twitter.com/Lusianhah/status/1710632204311863360
Sat Oct 07 12:24:18 +0000 2023;1710632139258233015;"@Ivatcci @Dha_mayanti @jokowi @bahlillahadalia @bkpm Mari bersatu Rempang Aman  #DukungBahlil";0;0;0;0;in;2758402395;1710618473209241755;Lusianhah;https://twitter.com/Lusianhah/status/1710632139258233015
Sat Oct 07 12:24:15 +0000 2023;1710632124821508431;"@IND0_Update @mediaindonesia @indozonemedia Pak bahlil pantas dapat pujian sih. Dan yakin bgt kalo gini Rempang Aman #DukungBahlil";0;0;0;0;in;1606784091751616512;1710619686176723434;popppular67;https://twitter.com/popppular67/status/1710632124821508431
Sat Oct 07 12:24:07 +0000 2023;1710632091002839189;"@IND0_Update @Guenandow @mediaindonesia @indozonemedia Waah ini sih harus diapresiasi, bukan hal mudah agar Rempang Aman  #DukungBahlil";0;0;0;0;in;1668465204173377536;1710619686176723434;Gueanndii;https://twitter.com/Gueanndii/status/1710632091002839189
Sat Oct 07 12:24:06 +0000 2023;1710632089647972648;"@IND0_Update @mediaindonesia @indozonemedia Semoga proyek Rempang Aman tanpa ada masalah  #DukungBahlil";0;0;0;0;in;1644249665544818690;1710619686176723434;Dame09072019;https://twitter.com/Dame09072019/status/1710632089647972648
Sat Oct 07 12:24:02 +0000 2023;1710632073378341216;"@Ivatcci @jokowi @bahlillahadalia @bkpm Semangat pak untuk wujudkan Rempang Aman #DukungBahlil";0;0;0;0;in;1651111660265037825;1710618473209241755;rop7887;https://twitter.com/rop7887/status/1710632073378341216
Sat Oct 07 12:23:57 +0000 2023;1710632048984244283;"Kita #DukungBahlil untuk masa deoan yang gemilang bersama rempang aman https://t.co/ETohLZkvd4";0;0;0;0;in;1653455617489780747;1710632048984244283;seninsorey;https://twitter.com/seninsorey/status/1710632048984244283
Sat Oct 07 12:23:50 +0000 2023;1710632022799249785;"@Ivatcci @jokowi @bahlillahadalia @bkpm iya amanah itu pak Jokowi sudah mempercayakan kepada bapak untuk menjadikan Rempang Aman  #DukungBahlil";0;0;0;0;in;1681522905090527233;1710618473209241755;aulia_adin12902;https://twitter.com/aulia_adin12902/status/1710632022799249785
Sat Oct 07 12:23:45 +0000 2023;1710631998715494592;"@IND0_Update @mediaindonesia @indozonemedia Keren deh pak Bahlil bisa buat Rempang Aman  #DukungBahlil";0;0;0;0;in;1646062718716346368;1710619686176723434;mimijutek16;https://twitter.com/mimijutek16/status/1710631998715494592
Sat Oct 07 12:23:45 +0000 2023;1710631998648389797;"Rempang Aman, DPR #DukungBahlil untuk libatkan masyarakat dalam proyek Rempang Eco City!  https://t.co/Py1VB9PBqa";0;0;0;0;in;1629086658196029440;1710631998648389797;titiacitoy;https://twitter.com/titiacitoy/status/1710631998648389797
Sat Oct 07 12:23:43 +0000 2023;1710631990855344311;"Keren nih pak Bahlil bisa tuntaskan Rempang aman, semoga kedepannya warga pulau rempang akan semakin baik . #DukungBahlil https://t.co/E1e2gohTFi";0;0;0;0;in;1612083591210766336;1710631990855344311;kokom1619;https://twitter.com/kokom1619/status/1710631990855344311
Sat Oct 07 12:23:26 +0000 2023;1710631921292837022;"@Android_AK_47 Doa rakyat rempang yg katanya mau di buldozer..Insya Allah terkabul.Aamiin";0;0;0;0;in;1143396453366157312;1710268091916222892;ErniVania;https://twitter.com/ErniVania/status/1710631921292837022
Sat Oct 07 12:23:25 +0000 2023;1710631917484478838;"@Ivatcci @jokowi @bahlillahadalia @bkpm semoga sesuai rencana akhir tahun pembebasan lahan di Rempang bisa diselesaikan  Rempang Aman #DukungBahlil";0;0;0;0;in;1697906846089240576;1710618473209241755;ajiraa0;https://twitter.com/ajiraa0/status/1710631917484478838
Sat Oct 07 12:23:24 +0000 2023;1710631911683674178;"Udah ga perlu diragukan lagi kemampuan komunikasi beliau buktinya bisa buat Rempang Aman. #DukungBahlil https://t.co/2fS8W0FYvK";0;0;0;0;in;1698550892382052352;1710631911683674178;laylamiya886;https://twitter.com/laylamiya886/status/1710631911683674178
Sat Oct 07 12:23:15 +0000 2023;1710631872236261887;"Rempang Aman mari kita  #DukungBahlil menangani konflik pulau rempang  https://t.co/MDj0oi9xHm";0;0;0;0;in;1656562144056606721;1710631872236261887;jojojotaro2288;https://twitter.com/jojojotaro2288/status/1710631872236261887
Sat Oct 07 12:23:14 +0000 2023;1710631871112176104;"@floreskekinian2 @MataNajwa @tvOneNews @karniilyas Memang patut dihargai karna sekang Rempang Aman oleh pak Bahlil semoga kedepannya lebih maju  #DukungBahlil";0;0;0;0;in;1685660863192285184;1710619730703450570;bttflyzfg;https://twitter.com/bttflyzfg/status/1710631871112176104
Sat Oct 07 12:23:10 +0000 2023;1710631855073239274;"@IND0_Update @mediaindonesia @indozonemedia Investasi yang dipercepat oleh Bahlil di Pulau Rempang adalah contoh nyata bahwa pembangunan inklusif dan berkelanjutan adalah kunci untuk memajukan daerah. Sukses terus untuk perubahan yang lebih baik! Rempang Aman  #DukungBahlil";0;0;0;0;in;2757620373;1710619686176723434;melrburn;https://twitter.com/melrburn/status/1710631855073239274
Sat Oct 07 12:23:06 +0000 2023;1710631835850690891;"@IND0_Update @Guedhikaa @mediaindonesia @indozonemedia Pak Bahlil berusaha keras agar Rempang Aman   #DukungBahlil";0;0;0;0;in;1668458293793267712;1710619686176723434;Guenandow;https://twitter.com/Guenandow/status/1710631835850690891
Sat Oct 07 12:23:00 +0000 2023;1710631811938914305;"@Ivatcci @jokowi @bahlillahadalia @bkpm gass segera wujudkan Rempang Aman #DukungBahlil";0;0;0;0;in;1627653572778414081;1710618473209241755;lovaaa_x;https://twitter.com/lovaaa_x/status/1710631811938914305
Sat Oct 07 12:22:59 +0000 2023;1710631808029880644;"kini Rempang Aman, mari kita #DukungBahlil ! DPR pun dukung bahlil libatkan masyarakat dalam proyeknya! https://t.co/pd2v5PhW4r";0;0;0;0;in;1629086658196029440;1710631808029880644;titiacitoy;https://twitter.com/titiacitoy/status/1710631808029880644
Sat Oct 07 12:22:47 +0000 2023;1710631758600012239;"@IND0_Update @mediaindonesia @indozonemedia Kerennn lanjutkannn pak kami selalu #DukungBahlil semoga rempang aman cepat tereleasikann";0;0;0;0;in;1653455617489780747;1710619686176723434;seninsorey;https://twitter.com/seninsorey/status/1710631758600012239
Sat Oct 07 12:22:37 +0000 2023;1710631715134419371;"@IND0_Update @mediaindonesia @indozonemedia Lebih cepat lebih baik, karena investasi ini akan menguntungkan warga rempang.  Rempang Aman  #DukungBahlil";0;0;0;0;in;1686246359433891840;1710619686176723434;RayaaaSafira;https://twitter.com/RayaaaSafira/status/1710631715134419371
Sat Oct 07 12:22:37 +0000 2023;1710631714341736758;"Percepat investasi dan memperkuat ekonomi   Rempang bersama Bahlil Rempang Aman #DukungBahlil https://t.co/0umRoV5x4z";0;0;0;0;in;1635884251748130816;1710631714341736758;nilajutek70;https://twitter.com/nilajutek70/status/1710631714341736758
Sat Oct 07 12:22:33 +0000 2023;1710631697446994388;"Memang terbaik banget kinerja bahlil karena biasa membuat Rempang Aman. #DukungBahlil https://t.co/P4zqPQuVf1";0;0;0;0;in;1699074698297192448;1710631697446994388;kikifatxx;https://twitter.com/kikifatxx/status/1710631697446994388
Sat Oct 07 12:22:29 +0000 2023;1710631680527192093;"@IND0_Update @mediaindonesia @indozonemedia Rempang Aman berkat cara pendekatan dan penyelesaian konflik pak bahlil. Mantap pak #DukungBahlil";0;0;0;0;in;1304248304377589760;1710619686176723434;___justasusual;https://twitter.com/___justasusual/status/1710631680527192093
Sat Oct 07 12:22:28 +0000 2023;1710631676387479572;"@Ivatcci @1ndrian @jokowi @bahlillahadalia @bkpm Semoga diberikan kemudahan pada prosesnya Rempang Aman  #DukungBahlil";0;0;0;0;in;2758728094;1710618473209241755;Dha_mayanti;https://twitter.com/Dha_mayanti/status/1710631676387479572
Sat Oct 07 12:22:21 +0000 2023;1710631646008103003;"Semoga ga tambah panjang deh masalahnya dan bisa cepat terselesaikan agar Rempang Aman #DukungBahlil  https://t.co/Gixcs7mXYd";0;0;0;0;in;1544836935428247553;1710631646008103003;vanyaritz;https://twitter.com/vanyaritz/status/1710631646008103003
Sat Oct 07 12:22:20 +0000 2023;1710631643789336896;"@IND0_Update @Baskarraw @mediaindonesia @indozonemedia Rempang Aman , investasi juga bisa segera jalan. Good job pak Bahlil  #DukungBahlil";0;0;0;0;in;1668443887424397313;1710619686176723434;Guedhikaa;https://twitter.com/Guedhikaa/status/1710631643789336896
Sat Oct 07 12:22:11 +0000 2023;1710631604018901190;"Betul, harus dilibatkan juga masyarakat agar Rempang Aman selalu  #DukungBahlil https://t.co/odDR90HpHT";0;0;0;0;in;1544836935428247553;1710631604018901190;vanyaritz;https://twitter.com/vanyaritz/status/1710631604018901190
Sat Oct 07 12:22:08 +0000 2023;1710631593071812615;"@vouydka @bahlillahadalia @DPR_RI @NasDem @ridwankamil Bagus banget nih Rempang Aman dan memberikan dampak ekonomi untuk masyarakat yang mendapat dukungan dari Pak Rudi Hartono  #DukungBahlil";0;0;0;0;in;1544836935428247553;1710562657450045465;vanyaritz;https://twitter.com/vanyaritz/status/1710631593071812615
Sat Oct 07 12:21:46 +0000 2023;1710631500692263111;"@CSzipel_ @1ndrian @aniesbaswedan @ganjarpranowo @prabowo Terkait pembebasan lahan, semoga akan segera terselesaikan Rempang Aman  #DukungBahlil";0;0;0;0;in;2758728094;1710619730875404427;Dha_mayanti;https://twitter.com/Dha_mayanti/status/1710631500692263111
Sat Oct 07 12:21:44 +0000 2023;1710631491007549767;"Liat kinerja pak Bahlil bisa membuat Rempang Aman bakal #DukungBahlil terus. https://t.co/XBhiLDlejy";0;0;0;0;in;1662718343210749952;1710631491007549767;kaylaperxx;https://twitter.com/kaylaperxx/status/1710631491007549767
Sat Oct 07 12:21:43 +0000 2023;1710631489464053815;"Rempang Aman berkat semua dukungan pihak. #DukungBahli menjalankan amanah dari pemerintah mengupayakan terwujudnya pembangunan https://t.co/9hrYL9jo8K";0;0;0;0;in;1656562144056606721;1710631489464053815;jojojotaro2288;https://twitter.com/jojojotaro2288/status/1710631489464053815
Sat Oct 07 12:21:40 +0000 2023;1710631474389795124;"@Ivatcci @jokowi @bahlillahadalia @bkpm Bakal selalu #DukungBahlil agar Rempang Aman selamanya";0;0;0;0;in;1671721863616286726;1710618473209241755;yyuli_yulia;https://twitter.com/yyuli_yulia/status/1710631474389795124
Sat Oct 07 12:21:32 +0000 2023;1710631441544217067;"@IND0_Update @mediaindonesia @indozonemedia Kita percaya investasi rempang akan berdampak positif bagi ekonomi warga rempang.  Rempang Aman  #DukungBahlil";0;0;0;0;in;1686281581219176448;1710619686176723434;saarahmaghfirah;https://twitter.com/saarahmaghfirah/status/1710631441544217067
Sat Oct 07 12:21:31 +0000 2023;1710631438528430108;"@Ivatcci @jokowi @bahlillahadalia @bkpm salut sama segala upaya pak bahlil untuk membuat Rempang Aman. semangat terus pak, kita pasti #DukungBahlil";0;0;0;0;in;1701425065748000768;1710618473209241755;lilpeonyx;https://twitter.com/lilpeonyx/status/1710631438528430108
Sat Oct 07 12:21:29 +0000 2023;1710631431599526152;"@Ivatcci @jokowi @bahlillahadalia @bkpm memang harus dilibatkan masyarakat supaya Rempang Aman #DukungBahlil";0;0;0;0;in;1697908008720986112;1710618473209241755;vanira00;https://twitter.com/vanira00/status/1710631431599526152
Sat Oct 07 12:21:26 +0000 2023;1710631416147648901;"@IND0_Update @mediaindonesia @indozonemedia ayo dukung terus . Rempang Aman #DukungBahlil";0;0;0;0;in;1636244932800413696;1710619686176723434;cindinamira;https://twitter.com/cindinamira/status/1710631416147648901
Sat Oct 07 12:21:23 +0000 2023;1710631405422862496;"@Ivatcci @jokowi @bahlillahadalia @bkpm pasti #DukungBahlil untuk jadikan Rempang Aman";0;0;0;0;in;1673268508891959298;1710618473209241755;rijlmn;https://twitter.com/rijlmn/status/1710631405422862496
Sat Oct 07 12:21:19 +0000 2023;1710631386749829333;"Rempang Aman  #DukungBahlil";0;0;0;0;in;2758728094;1710631386749829333;Dha_mayanti;https://twitter.com/Dha_mayanti/status/1710631386749829333
Sat Oct 07 12:21:13 +0000 2023;1710631361302970446;"@IND0_Update @Mohapaif @mediaindonesia @indozonemedia Selalu dukung usaha Bahlil untuk ciptakan Rempang Aman  #DukungBahlil";0;0;0;0;in;1667716727353020416;1710619686176723434;Baskarraw;https://twitter.com/Baskarraw/status/1710631361302970446
Sat Oct 07 12:21:09 +0000 2023;1710631347151425913;"Rempang Aman, langkah untuk menggandeng warga masyarakat patut diacungi jempol, krn mereka yg paham tempat mereka   #DukungBahlil https://t.co/2Rw4apoUrk";0;0;0;0;in;1635884251748130816;1710631347151425913;nilajutek70;https://twitter.com/nilajutek70/status/1710631347151425913
Sat Oct 07 12:21:04 +0000 2023;1710631324737016001;"@floreskekinian2 @1ndrian @MataNajwa @tvOneNews @karniilyas Ini bukan proyek kecil, pasti akan melibatkan banyak orang Rempang Aman  #DukungBahlil";0;0;0;0;in;2758728094;1710619730703450570;Dha_mayanti;https://twitter.com/Dha_mayanti/status/1710631324737016001
Sat Oct 07 12:21:01 +0000 2023;1710631314158932227;"@IND0_Update @mediaindonesia @indozonemedia wah, hebat banget paak . Rempang Aman #DukungBahlil";0;0;0;0;in;1638093948039364608;1710619686176723434;bianzaliza;https://twitter.com/bianzaliza/status/1710631314158932227
Sat Oct 07 12:20:57 +0000 2023;1710631294856831322;"@Ivatcci @jokowi @bahlillahadalia @bkpm Mari bersama-sama #DukungBahlil untuk mewujudkan Rempang Aman. Dengan segera menyelesaikan persoalan-persoalan yang ada saat ini";0;0;0;0;in;1627484225221050369;1710618473209241755;introvertgirrrl;https://twitter.com/introvertgirrrl/status/1710631294856831322
Sat Oct 07 12:20:42 +0000 2023;1710631232009359661;"@IND0_Update @mediaindonesia @indozonemedia Rempang Aman adalah langkah yang terbaik dilakukan  #DukungBahlil";0;0;0;0;in;1635884251748130816;1710619686176723434;nilajutek70;https://twitter.com/nilajutek70/status/1710631232009359661
Sat Oct 07 12:20:34 +0000 2023;1710631200292037081;"@IND0_Update @mediaindonesia @indozonemedia keren keren pak . Rempang Aman #DukungBahlil";0;0;0;0;in;1638081405489143810;1710619686176723434;bellanamora;https://twitter.com/bellanamora/status/1710631200292037081
Sat Oct 07 12:20:28 +0000 2023;1710631173955993971;"pak jokowi tepat mengutus orang untuk selesaikan masalah jadi skrg Rempang Aman #DukungBahlil https://t.co/QBtRrxbRvy";0;0;0;0;in;1641941757192699904;1710631173955993971;jsonshes;https://twitter.com/jsonshes/status/1710631173955993971
Sat Oct 07 12:20:24 +0000 2023;1710631155643609347;"@Ivatcci @jokowi @bahlillahadalia @bkpm seratus persen dukung pak bahlil buat ciptain Rempang Aman dan investasi jalan. semangat pak. #DukungBahlil";0;0;0;0;in;1696587880532152325;1710618473209241755;HereMarka;https://twitter.com/HereMarka/status/1710631155643609347
Sat Oct 07 12:20:23 +0000 2023;1710631151763947546;"Rempang Aman  #DukungBahlil";0;0;0;0;in;2758728094;1710631151763947546;Dha_mayanti;https://twitter.com/Dha_mayanti/status/1710631151763947546
Sat Oct 07 12:20:18 +0000 2023;1710631130700079154;"@IND0_Update @mediaindonesia @indozonemedia Kondisi Rempang Aman dan warga sdh siap dan mendukung untuk direlokasi   #DukungBahlil";0;0;0;0;in;1628976457665122304;1710619686176723434;TigaRaksa05;https://twitter.com/TigaRaksa05/status/1710631130700079154
Sat Oct 07 12:20:16 +0000 2023;1710631123330748606;"@IND0_Update @mediaindonesia @indozonemedia Bahlil membuktikan bahwa dengan kesungguhan dan kebijakan yang tepat, investasi di daerah terpencil pun dapat berkembang pesat. Inspiratif! Rempang Aman  #DukungBahlil";0;0;0;0;in;2756663021;1710619686176723434;lhabirin;https://twitter.com/lhabirin/status/1710631123330748606
Sat Oct 07 12:20:14 +0000 2023;1710631114866585959;"@Ivatcci @jokowi @bahlillahadalia @bkpm Saya dukung pak Bahlil soal proyek ini, bakalan Rempang aman banget ini pasti, mudah mudahan ya #DukungBahlil";0;0;0;0;in;1695046268811427840;1710618473209241755;liliputuuu;https://twitter.com/liliputuuu/status/1710631114866585959
Sat Oct 07 12:20:12 +0000 2023;1710631107820224973;"@IND0_Update @mediaindonesia @indozonemedia Mantap pak bahlil. Rempang Aman #DukungBahlil";0;0;0;0;in;1638109144623517697;1710619686176723434;heraadinda18;https://twitter.com/heraadinda18/status/1710631107820224973
Sat Oct 07 12:20:12 +0000 2023;1710631106540933630;"@IND0_Update @Gundartyo @mediaindonesia @indozonemedia Cara Bahlil dalam komunikasi agar Rempang Aman gua acungi jempol  #DukungBahlil";0;0;0;0;in;1644214153916346374;1710619686176723434;Mohapaif;https://twitter.com/Mohapaif/status/1710631106540933630
Sat Oct 07 12:20:08 +0000 2023;1710631090711597106;"wajibb #DukungBahlil sihh dalam Pembebasan lahan di area Rempang Aman https://t.co/ThJeqoo9Sz";0;0;0;0;in;1647757010841264129;1710631090711597106;mausammeng;https://twitter.com/mausammeng/status/1710631090711597106
Sat Oct 07 12:20:02 +0000 2023;1710631066464333839;"@IND0_Update @1ndrian @mediaindonesia @indozonemedia Percepatan investasi di pulau Rempang harus segera dilakukan Rempang Aman  #DukungBahlil";0;0;0;0;in;2758728094;1710619686176723434;Dha_mayanti;https://twitter.com/Dha_mayanti/status/1710631066464333839
Sat Oct 07 12:20:02 +0000 2023;1710631065667461238;"Yang pasti ikut mendoakan yang terbaik agar tidak tambah panjang dan Rempang Aman #DukungBahlil  https://t.co/DYCU2ZopXq";0;0;0;0;in;1542876341023809537;1710631065667461238;zspacec;https://twitter.com/zspacec/status/1710631065667461238
Sat Oct 07 12:19:52 +0000 2023;1710631024919777366;"@Ivatcci @jokowi @bahlillahadalia @bkpm Rempang Aman kalo ditangani langsung oleh pak Bahlil #DukungBahlil";0;0;0;0;in;1666989033229279232;1710618473209241755;wati28_wati;https://twitter.com/wati28_wati/status/1710631024919777366
Sat Oct 07 12:19:51 +0000 2023;1710631020486435027;"Semoga dipercepat dan dipermudah untuk menyelesaikan masalahnya agar Rempang Aman  #DukungBahlil https://t.co/jgISITAvn2";0;0;0;0;in;1542876341023809537;1710631020486435027;zspacec;https://twitter.com/zspacec/status/1710631020486435027
Sat Oct 07 12:19:51 +0000 2023;1710631020192801080;"@vouydka @TVbatam @TsamaraDKI Keren banget dehh kalo begini, bisa melibatkan adat melayu dalam pembangunan dan Rempang Aman  #DukungBahlil";0;0;0;0;in;1542876341023809537;1710564309724696811;zspacec;https://twitter.com/zspacec/status/1710631020192801080
Sat Oct 07 12:19:49 +0000 2023;1710631011816751231;"@IND0_Update @mediaindonesia @indozonemedia semoga ada solusi yang tepat dan segera selesai . Rempang Aman #DukungBahlil";0;0;0;0;in;1630919494360236032;1710619686176723434;emanabilah;https://twitter.com/emanabilah/status/1710631011816751231
Sat Oct 07 12:19:43 +0000 2023;1710630983966634040;"@IND0_Update @mediaindonesia @indozonemedia Kita dukung menteri @bahlillahadalia agar investasi di pulau rempang segera dilanjutkan.  Rempang Aman  #DukungBahlil";0;0;0;0;in;1686231112128069632;1710619686176723434;sitiiraudhah;https://twitter.com/sitiiraudhah/status/1710630983966634040
Sat Oct 07 12:19:43 +0000 2023;1710630983870071254;"@Ivatcci @jokowi @bahlillahadalia @bkpm worth it buat #DukungBahlil berkat blio Rempang Aman sekarang, dan Jokowi ud percaya penuh ke pak bahlil";0;0;0;0;in;1629109552426942466;1710618473209241755;andreaa_ta;https://twitter.com/andreaa_ta/status/1710630983870071254
Sat Oct 07 12:19:39 +0000 2023;1710630969248825619;"@IND0_Update @mediaindonesia @indozonemedia berkat pak bahlil, Rempang Aman dan semoga masyarakat di rempang menjadi sejahtera #DukungBahlil";0;0;0;0;in;1694127000557060096;1710619686176723434;Niardani19;https://twitter.com/Niardani19/status/1710630969248825619
Sat Oct 07 12:19:32 +0000 2023;1710630940937203961;"@Ivatcci @jokowi @bahlillahadalia @bkpm Ayo segera wujudkan Rempang Aman kembali untuk masyarakat Rempang. Dengan segera menyelesaikan persoalan yang harus diselesaikan   #DukungBahlil";0;0;0;0;in;1655457676397268994;1710618473209241755;indrisuciii;https://twitter.com/indrisuciii/status/1710630940937203961
Sat Oct 07 12:19:32 +0000 2023;1710630940467482822;"Rempang Aman klo udah ditangan pak Bahlil, kawal terus sampai proyek ini bisa ngasih manfaat buat masyarakat.  #DukungBahlil https://t.co/k7fFu7BUdc";0;0;0;0;in;1699072681864536064;1710630940467482822;Jorstexx;https://twitter.com/Jorstexx/status/1710630940467482822
Sat Oct 07 12:19:23 +0000 2023;1710630899841421665;"hayukk #DukungBahlil dalam Pembebasan lahan di area Rempang Aman https://t.co/qsY9XMXrHW";0;0;0;0;in;1600846987607384066;1710630899841421665;linomeow29;https://twitter.com/linomeow29/status/1710630899841421665
Sat Oct 07 12:19:19 +0000 2023;1710630886486782291;"Rempang Aman  #DukungBahlil";0;0;0;0;in;2758728094;1710630886486782291;Dha_mayanti;https://twitter.com/Dha_mayanti/status/1710630886486782291
Sat Oct 07 12:19:19 +0000 2023;1710630883118768363;"@IND0_Update @mediaindonesia @indozonemedia Rempang Aman, emang best banget dah #DukungBahlil";0;0;0;0;in;1650978329762349056;1710619686176723434;holes_hunt79281;https://twitter.com/holes_hunt79281/status/1710630883118768363
Sat Oct 07 12:19:13 +0000 2023;1710630857260908647;"@IND0_Update @mediaindonesia @indozonemedia Mantap. Gerak cepat pak Bahlil perlu kita apresiasi  Rempang Aman #DukungBahlil";0;0;0;0;in;1644364427616223232;1710619686176723434;Gundartyo;https://twitter.com/Gundartyo/status/1710630857260908647
Sat Oct 07 12:19:11 +0000 2023;1710630852672225462;"Percepat investasi, Bersama Bahlil, wujudkan kemajuan Rempang Aman #DukungBahlil https://t.co/3H9WLuCIOG";0;0;0;0;in;1629513057172082689;1710630852672225462;hosi014;https://twitter.com/hosi014/status/1710630852672225462
Sat Oct 07 12:19:06 +0000 2023;1710630831671361722;"@IND0_Update @mediaindonesia @indozonemedia Dukung pak bahlil guysss. Rempang Aman #DukungBahlil";0;0;0;0;in;1611679700363141122;1710619686176723434;zezeeriza;https://twitter.com/zezeeriza/status/1710630831671361722
Sat Oct 07 12:19:02 +0000 2023;1710630813208137912;"@IND0_Update @mediaindonesia @indozonemedia Rempang Aman, mari kita #DukungBahlil dalam proyeknya. Rempang Eco City!";0;0;0;0;in;3239858552;1710619686176723434;TitiAst_;https://twitter.com/TitiAst_/status/1710630813208137912
Sat Oct 07 12:18:59 +0000 2023;1710630798897135634;"@IND0_Update @mediaindonesia @indozonemedia Terobosan investasi Bahlil di Pulau Rempang membawa angin segar, membuka pintu kesempatan baru dan menciptakan masa depan yang lebih cerah untuk penduduk setempat. 💼✨ Rempang Aman  #DukungBahlil";0;0;0;0;in;2759102327;1710619686176723434;flowuing;https://twitter.com/flowuing/status/1710630798897135634
Sat Oct 07 12:18:58 +0000 2023;1710630798117028240;"@Ivatcci @jokowi @bahlillahadalia @bkpm Dukung Pak Bahlil krn menjalankan amanah dari negara dan bisa menuntaskan tugas investasi Rempang dgn cepat nih Rempang Aman #DukungBahlil";0;0;0;0;in;1697194667883003904;1710618473209241755;rairaa00;https://twitter.com/rairaa00/status/1710630798117028240
Sat Oct 07 12:18:51 +0000 2023;1710630767603437853;"bener banget memang harus dilibatkan masyarakat sekitar supaya Rempang Aman #DukungBahlil https://t.co/7VWdtNm8iC";0;0;0;0;in;1662706434830905346;1710630767603437853;istaflw;https://twitter.com/istaflw/status/1710630767603437853
Sat Oct 07 12:18:50 +0000 2023;1710630763094569104;"Rempang Aman pasti aman  #DukungBahlil https://t.co/l8BWP1hyyl";0;0;0;0;in;1695643317101637632;1710630763094569104;frvchen;https://twitter.com/frvchen/status/1710630763094569104
Sat Oct 07 12:18:45 +0000 2023;1710630740189413813;"@IND0_Update @mediaindonesia @indozonemedia Rempang Aman ditangan pak bahlil, gimana gak aman, merakyat abis, siapa lagi kalo bukan pak bahlil  #DukungBahlil";0;0;0;0;in;1670076490430689280;1710619686176723434;norizza845;https://twitter.com/norizza845/status/1710630740189413813
Sat Oct 07 12:18:31 +0000 2023;1710630683239240048;"@IND0_Update @Okt4viano @mediaindonesia @indozonemedia Dukung percepatan investasi Rempang Aman  #DukungBahlil";0;0;0;0;in;2758709019;1710619686176723434;1ndrian;https://twitter.com/1ndrian/status/1710630683239240048
Sat Oct 07 12:18:27 +0000 2023;1710630667812553125;"@IND0_Update @mediaindonesia @indozonemedia semoga segera selesai pak . Rempang Aman #DukungBahlil";0;0;0;0;in;1611676352406753280;1710619686176723434;yuniamawada;https://twitter.com/yuniamawada/status/1710630667812553125
Sat Oct 07 12:18:27 +0000 2023;1710630665446961466;"@CSzipel_ @aniesbaswedan @ganjarpranowo @prabowo Semoga proyek Rempang Aman cepat selesai dengan mendapatkan hasil yang baik bagi masyarakat sekitar  #DukungBahlil";0;0;0;0;in;1371400447085277184;1710619730875404427;Rinduu_21;https://twitter.com/Rinduu_21/status/1710630665446961466
Sat Oct 07 12:18:23 +0000 2023;1710630650292981837;"@floreskekinian2 @MataNajwa @tvOneNews @karniilyas Salut untuk usaha pak Bahlil demi mewujudkan Rempang Aman dengan merangkul warga lokal #DukungBahlil";0;0;0;0;in;1656952683176275968;1710619730703450570;alicequeen328;https://twitter.com/alicequeen328/status/1710630650292981837
Sat Oct 07 12:18:15 +0000 2023;1710630617921298735;"@floreskekinian2 @MataNajwa @tvOneNews @karniilyas Wah mantap nih Pak Bahlil libatkan masyarakan dalam proyeknya Rempang Aman  #DukungBahlil";0;0;0;0;in;1703694094378450944;1710619730703450570;DMargoyono;https://twitter.com/DMargoyono/status/1710630617921298735
Sat Oct 07 12:18:15 +0000 2023;1710630614729433124;"@Ivatcci @jokowi @bahlillahadalia @bkpm pasti #DukungBahlil untuk semua upaya beliau buat wujudin pembangunan di rempang. Rempang Aman investasi pasti jalan";0;0;0;0;in;1694711363023912960;1710618473209241755;asyawibowo;https://twitter.com/asyawibowo/status/1710630614729433124
Sat Oct 07 12:18:09 +0000 2023;1710630591098667322;"Rempang Aman  #DukungBahlil";0;0;0;0;in;2758709019;1710630591098667322;1ndrian;https://twitter.com/1ndrian/status/1710630591098667322
Sat Oct 07 12:18:06 +0000 2023;1710630576397615147;"@Ivatcci @jokowi @bahlillahadalia @bkpm Rempang Aman berkat kinerjanya pak Bahlil #DukungBahlil";0;0;0;0;in;1671722309193957376;1710618473209241755;ssri_28;https://twitter.com/ssri_28/status/1710630576397615147
Sat Oct 07 12:18:03 +0000 2023;1710630564745908652;"Keinginan kita semua gess akhirnya terwujud juga Rempang Aman jadi investasi tetap bisa. #DukungBahlil https://t.co/JozxgokEGl";0;0;0;0;in;1699025061695623168;1710630564745908652;icajilan0;https://twitter.com/icajilan0/status/1710630564745908652
Sat Oct 07 12:18:00 +0000 2023;1710630551898734600;"@Ivatcci @jokowi @bahlillahadalia @bkpm Rempang Aman jadi sebuah tanggung jawab untuk pak bahlil. Yakin bgt bapak bisa bertanggung jawab penuh #DukungBahlil";0;0;0;0;in;1695446409175248897;1710618473209241755;onlisventy;https://twitter.com/onlisventy/status/1710630551898734600
Sat Oct 07 12:17:56 +0000 2023;1710630538267291958;"Pembebasan lahan di area Rempang Aman diproyeksikan bisa  selesai dalam kurun waktu  akhir tahun 2023 nihh. Hayuuuk #DukungBahlil https://t.co/hxBpXhGwLw";0;0;0;0;in;1322443344392286210;1710630538267291958;vviesky;https://twitter.com/vviesky/status/1710630538267291958
Sat Oct 07 12:17:56 +0000 2023;1710630535767478680;"Pak bahlil tangani Rempang Aman emang wajib bgt diacungi jempoll  #DukungBahlil  https://t.co/puWZgaL6VX";0;0;0;0;in;1322443344392286210;1710630535767478680;vviesky;https://twitter.com/vviesky/status/1710630535767478680
Sat Oct 07 12:17:56 +0000 2023;1710630534471438472;"Rempang Aman, ayo mari kita #DukungBahlil dalam proyeknya Rempang Eco City untuk masyarakat rempang👏🏻 https://t.co/b7gMIDnGXN";0;0;0;0;in;3239858552;1710630534471438472;TitiAst_;https://twitter.com/TitiAst_/status/1710630534471438472
Sat Oct 07 12:17:54 +0000 2023;1710630529320821079;"@Kanseulir @Miduk17 Makanya warga rempang gak percaya dgn janji". Takut mengalami hal yg sama spt di mandalika";0;0;0;0;in;1706899961181511680;1710268087944241497;gumisla;https://twitter.com/gumisla/status/1710630529320821079
Sat Oct 07 12:17:54 +0000 2023;1710630529262051379;"@Ivatcci @jokowi @bahlillahadalia @bkpm Rempang eco city berjalan dengan baik berkat strategi yang digunakan bpk menteri bahlil Rempang Aman  #DukungBahlil";0;0;0;0;in;1695058011692097538;1710618473209241755;ciuciiiu;https://twitter.com/ciuciiiu/status/1710630529262051379
Sat Oct 07 12:17:53 +0000 2023;1710630525244002681;"@IND0_Update @mediaindonesia @indozonemedia Rempang Aman, emang boleh pak se merakyat itu, saluuut banget sama pak bahlil.  #DukungBahlil";0;0;0;0;in;1661422897897025537;1710619686176723434;KafiNurH;https://twitter.com/KafiNurH/status/1710630525244002681
Sat Oct 07 12:17:50 +0000 2023;1710630510773600266;"Keren banget emg pak Bahlil ini atas usahanya dalam Rempang Aman #DukungBahlil https://t.co/pSJLGhygvy";0;0;0;0;in;1647752546075967488;1710630510773600266;ngabchan29;https://twitter.com/ngabchan29/status/1710630510773600266
Sat Oct 07 12:17:49 +0000 2023;1710630507162317220;"@floreskekinian2 @Okt4viano @MataNajwa @tvOneNews @karniilyas Potensi di Indonesia sangat banyak Rempang Aman  #DukungBahlil";0;0;0;0;in;2758709019;1710619730703450570;1ndrian;https://twitter.com/1ndrian/status/1710630507162317220
Sat Oct 07 12:17:46 +0000 2023;1710630494428377104;"yakin deh kalo pak bahlil turun tangan problem nya pasti selesai Rempang Aman  #DukungBahlil  https://t.co/5HfLmEQxHS";0;0;0;0;in;1622916492106043393;1710630494428377104;Wulanbreribu;https://twitter.com/Wulanbreribu/status/1710630494428377104
Sat Oct 07 12:17:43 +0000 2023;1710630480759169520;"@IND0_Update @mediaindonesia @indozonemedia langkah yang di ambil pak bahlil memang sangat tepat, kita sebagai warga yang baik sudah seharusnya #DukungBahlil supaya situasi Rempang Aman dan terkendali";0;0;0;0;in;1693967682557952000;1710619686176723434;aloxsen76;https://twitter.com/aloxsen76/status/1710630480759169520
Sat Oct 07 12:17:35 +0000 2023;1710630450170105918;"@IND0_Update @mediaindonesia @indozonemedia Semoga dipercepat rempang aman, semangat selalu pak bahlill #DukungBahlil";0;0;0;0;in;1322443344392286210;1710619686176723434;vviesky;https://twitter.com/vviesky/status/1710630450170105918
Sat Oct 07 12:17:26 +0000 2023;1710630411339215207;"@IND0_Update @Meirraa_ @mediaindonesia @indozonemedia Rempang Aman karna pendekatan yang dilakukan oleh pak Bahlil sebelumnya  #DukungBahlil";0;0;0;0;in;1639790175260921856;1710619686176723434;Guedikdik;https://twitter.com/Guedikdik/status/1710630411339215207
Sat Oct 07 12:17:23 +0000 2023;1710630397598662931;"@floreskekinian2 @MataNajwa @tvOneNews @karniilyas Harus dong Rempang Aman, masak iya penduduk asli jadi penonton. Mari #DukungBahlil";0;0;0;0;in;1379445993742106626;1710619730703450570;Zaenmalik75;https://twitter.com/Zaenmalik75/status/1710630397598662931
Sat Oct 07 12:17:23 +0000 2023;1710630395879010546;"@IND0_Update Inisiatif Bahlil dalam mempercepat investasi di Pulau Rempang adalah langkah luar biasa menuju pertumbuhan ekonomi yang berkelanjutan.  Rempang Aman  #DukungBahlil";0;0;0;0;in;887484958192926720;1710619686176723434;awwahebot;https://twitter.com/awwahebot/status/1710630395879010546
Sat Oct 07 12:17:22 +0000 2023;1710630394981503453;"@IND0_Update @mediaindonesia @indozonemedia Rempang aman karna langkah pak bahlil dalam mengambil solusi yang tepat. Rempang Aman #DukungBahlil";0;0;0;0;in;1618269484737007626;1710619686176723434;Dianmonikah;https://twitter.com/Dianmonikah/status/1710630394981503453
Sat Oct 07 12:17:15 +0000 2023;1710630364220440695;"@Ivatcci @jokowi @bahlillahadalia @bkpm Percaya banget dong. Dengan #DukungBahlil Rempang Aman. Kinerja pak bahlil gak perlu diraguin. Udah banyak bukti nyatanya untuk kemajuan Indonesia";0;0;0;0;in;1680531120444805120;1710618473209241755;bluemoonzraa;https://twitter.com/bluemoonzraa/status/1710630364220440695
Sat Oct 07 12:17:10 +0000 2023;1710630344771371137;"Rempang Aman  #DukungBahlil";0;0;0;0;in;2758709019;1710630344771371137;1ndrian;https://twitter.com/1ndrian/status/1710630344771371137
Sat Oct 07 12:17:09 +0000 2023;1710630338903544281;"Udah dari kemarin kemarin kepingin Rempang Aman dan akhirnya terjadi juga, salut banget sama bahlil. #DukungBahlil https://t.co/WQ9nM1Asxz";0;0;0;0;in;1662737383681576961;1710630338903544281;intanarx;https://twitter.com/intanarx/status/1710630338903544281
