created_at;id_str;full_text;quote_count;reply_count;retweet_count;favorite_count;lang;user_id_str;conversation_id_str;username;tweet_url
Wed Oct 04 23:53:48 +0000 2023;1709718492516090074;"@CNNIndonesia Rempang gimana pak";0;0;0;0;in;1678983152650584065;1709500921141666071;AndyKusmanto12;https://twitter.com/AndyKusmanto12/status/1709718492516090074
Wed Oct 04 23:52:25 +0000 2023;1709718143122153933;"@tvOneNews Nih menteri kayaknya layak di rajam oleh warga rempang...";0;0;0;0;in;1604676088889626624;1709343143609688394;seigi_gambling;https://twitter.com/seigi_gambling/status/1709718143122153933
Wed Oct 04 23:50:26 +0000 2023;1709717647946846328;"@never_alonely Kasus rempang diem aja pak @FPKSDPRRI";0;0;0;2;in;997779086926790656;1709706229399081297;mutajir_mohamat;https://twitter.com/mutajir_mohamat/status/1709717647946846328
Wed Oct 04 23:48:49 +0000 2023;1709717237207015513;"@MichelAdam7__ Bahlil ini asal ngomong...baxak ngibulx seperti keterangan dia ttg Rempang....n apa kau TDK berbusa bisa berbicara kayak jual obat";0;0;0;0;in;1567028123291766784;1709381301923635399;anshari_isnan;https://twitter.com/anshari_isnan/status/1709717237207015513
Wed Oct 04 23:43:41 +0000 2023;1709715949471858741;"@taliwongsooo @Kopipait__78 Kmu di pihak masyarakat rempang ato pemerintah ?";0;0;0;1;in;1599215705412448256;1709371655624245437;nusanjaya01;https://twitter.com/nusanjaya01/status/1709715949471858741
Wed Oct 04 23:43:22 +0000 2023;1709715866886033551;"@marsonom97 @Rizal8019 @Tjel0up @aniesbaswedan Gerombolan penyuka tai ternyata, kalo gw liat elu ga ada comment tentang Rempang bong???? Elu NKRI katanya???";0;1;0;2;in;1550459093294678016;1709450512679178723;blepetan6;https://twitter.com/blepetan6/status/1709715866886033551
Wed Oct 04 23:40:23 +0000 2023;1709715117506498991;"@CNNIndonesia IKN, REMPANG, XINYI GRESIK, KERETA CEPAT.";0;0;0;0;in;1555976396283215872;1709361852583743986;NAND_333;https://twitter.com/NAND_333/status/1709715117506498991
Wed Oct 04 23:37:17 +0000 2023;1709714338649452759;"Warga Rempang Berterima kasih kp Bpk Amien Rais bersama Tim atas bentuk kepedulian thd Warga Rempang..... https://t.co/s0OlkzCAO3";4;9;316;803;in;1439701579276251136;1709714338649452759;Li9ayaTalaChes4;https://twitter.com/Li9ayaTalaChes4/status/1709714338649452759
Wed Oct 04 23:35:52 +0000 2023;1709713981814853689;"@tvOneNews aneh sekarang sj sudah jd negara preman kok bukan krn warga rempang......gak percaya tuuu dri wakil rakyatnya..partai politiknya smeua cara preman yg digunakan...perbaiki dulu";0;0;0;0;in;1574280178754211841;1709343143609688394;endelz5;https://twitter.com/endelz5/status/1709713981814853689
Wed Oct 04 23:30:36 +0000 2023;1709712655429075127;"@awemany 54 kursi di DPR Bau kentutnya saja tdk lagi terdengar  Harga2 naik beras  Telur  Susu  BBM  Masalah :  Rempang Wadas Ikn UU obl UU kes  Minta maaf ke PKI  kalian kurang greget terlalu vokus AHY hrs cawapres  Sebaiknya cepat gabung Ki lurah agar jelas posisi @PDemokrat https://t.co/XzoRVCsNgs";1;7;9;34;in;2192545394;1709442258960056604;Adra_silent;https://twitter.com/Adra_silent/status/1709712655429075127
Wed Oct 04 23:23:01 +0000 2023;1709710748362883236;"Yg satu: Rakyat harus menang. Dukung tokoh perubahan.   Yg lain: Rakyat harus menang. Dukung tokoh lanjutan.  Jadi: IKN, Rempang, Wadas, KCIC, kebon singkong di lahan hutan... ini semua kemenangan rakyat?";0;0;2;5;in;131712155;1709710748362883236;suryadelalu;https://twitter.com/suryadelalu/status/1709710748362883236
Wed Oct 04 23:21:55 +0000 2023;1709710469689151735;"@geloraco Yg jd pertanyaan knp si bahlil ini vokal bgt dg penggusuran pulau Rempang? Ada apa gerangangan?";0;0;0;0;in;1602114436831285248;1709547777586536821;thegeje;https://twitter.com/thegeje/status/1709710469689151735
Wed Oct 04 23:19:18 +0000 2023;1709709812122984613;"@OposisiCerdas Dijajah oleh dirimu kali rempang";0;0;0;0;in;2937657044;1709596663210562041;df874d3ee07848b;https://twitter.com/df874d3ee07848b/status/1709709812122984613
Wed Oct 04 23:15:14 +0000 2023;1709708788423618851;"Sodara sodariku sebangsa dan setanah air, selagi nyawa masih dikandung badan JANGAN PERNAH lupakan wajah orang ini. Kalau perlu ceritakan ke anak cucu bahwa orang ini berwawasan luas seluas PULAU REMPANG.  . . . JASMERAH https://t.co/Ospj7gqbMW";0;0;0;1;in;1603515902019850241;1709708788423618851;trieslove88;https://twitter.com/trieslove88/status/1709708788423618851
Wed Oct 04 23:06:10 +0000 2023;1709706504176312784;"Bertemu Warga Sembulang Tanjung, Kepala BP Batam Bicara Soal Isu Miring Pengembangan Rempang Eco City https://t.co/oFw05qQjHv";0;0;0;0;in;1643093405302652928;1709706504176312784;PhotoBnp77308;https://twitter.com/PhotoBnp77308/status/1709706504176312784
Wed Oct 04 23:05:04 +0000 2023;1709706229399081297;"Pemaksaan pengosongan lahan msh terus di lakukan oleh tim gabungan di #Rempang ada 2 dari TNI dan petugas PTPN mendatangi warga melakukan intimidasi terhadap warga utk segera mengosongkan rumah2 mereka https://t.co/63sdsnQtDT";33;65;897;905;in;1369949963690549248;1709706229399081297;never_alonely;https://twitter.com/never_alonely/status/1709706229399081297
Wed Oct 04 22:54:12 +0000 2023;1709703496495480996;"4 Oktober 2023 masyarakat sembulang pulau #Rempang menyatakan sikap tetap akan menolak relokasi https://t.co/I0zkXKfC1G";0;1;25;29;in;1369949963690549248;1709703496495480996;never_alonely;https://twitter.com/never_alonely/status/1709703496495480996
Wed Oct 04 22:52:20 +0000 2023;1709703024153866516;"Halo#SahabatData..  Tau kan kalau hari ini 5 Oktober 2023, pasti ingat kan sahabat data  Hari ini adalah Hari Ulang Tahun Tentara Nasional Indonesia    Tema kali ini adalah TNI Patriot NKRI: Pengawal Demokrasi untuk Indonesia Maju  Selamat Hari TNI ya untuk KODIM 0720/rembang https://t.co/S0vluCTPrf";0;0;0;2;in;852677804516753409;1709703024153866516;bps_kab_rembang;https://twitter.com/bps_kab_rembang/status/1709703024153866516
Wed Oct 04 22:50:57 +0000 2023;1709702678312595790;"@tvOneNews Semoga tuhan memberikan ganjaran sesuai apa yg kamu perbuat pada masy rempang, tangisan, derita, pengorban akan kamu rasakan 7 turunan";0;0;0;0;in;1223164162118840321;1709343143609688394;Ranakumbolo1;https://twitter.com/Ranakumbolo1/status/1709702678312595790
Wed Oct 04 22:47:53 +0000 2023;1709701903964311993;"@papa_loren Jangan lupa  tanah warga melayu Rempang,itu milik mereka sejak abad 18. Lebih Baik Mati Berdiri Daripada Hidup Berlutut. Takkan Hilang Warga Melayu Di Bumi Indonesia. Esa Hilang Dua Terbilang. “Diam kita ditindas, kita harus bergerak utk menyelamatkan Bangsa Negara Indonesia ini” https://t.co/YIOINBSiUh";0;0;1;2;in;1482600556669460485;1709403357943935400;ForRezim;https://twitter.com/ForRezim/status/1709701903964311993
Wed Oct 04 22:47:43 +0000 2023;1709701861157257472;"@JulianiMadinah Jangan lupa  tanah warga melayu Rempang,itu milik mereka sejak abad 18. Lebih Baik Mati Berdiri Daripada Hidup Berlutut. Takkan Hilang Warga Melayu Di Bumi Indonesia. Esa Hilang Dua Terbilang. “Diam kita ditindas, kita harus bergerak utk menyelamatkan Bangsa Negara Indonesia ini” https://t.co/y5QBG3X4Ne";0;0;13;64;in;1482600556669460485;1709437221323894898;ForRezim;https://twitter.com/ForRezim/status/1709701861157257472
Wed Oct 04 22:47:25 +0000 2023;1709701786389676069;"Jangan lupa  tanah warga melayu Rempang,itu milik mereka sejak abad 18. Lebih Baik Mati Berdiri Daripada Hidup Berlutut. Takkan Hilang Warga Melayu Di Bumi Indonesia. Esa Hilang Dua Terbilang. “Diam kita ditindas, kita harus bergerak utk menyelamatkan Bangsa Negara Indonesia ini” https://t.co/blF9hskRCb";1;0;31;46;in;1482600556669460485;1709701786389676069;ForRezim;https://twitter.com/ForRezim/status/1709701786389676069
Wed Oct 04 22:41:48 +0000 2023;1709700374008107434;"@Dennysiregar7 Saat pres bikin kesalahan kok gak di kritik waktu lalu... Contohnya masalah pulau rempang..., Giliran pilihan politik malah koar²... 💩 Lah kalau soal kritik ente wan";0;0;0;0;in;1604676088889626624;1709581680460345372;seigi_gambling;https://twitter.com/seigi_gambling/status/1709700374008107434
Wed Oct 04 22:37:57 +0000 2023;1709699406998786546;"Lah kasus hutang kereta cepat ke cina dan khususnya kasus Rempang untuk investor cina itu bukan penjajahan yang endors pejabat publik?  Untuk masyarakat Luas? Bullshit! Uangnya lari ke kantong kalian-kalian juga, makanya banyak yang nolak. https://t.co/TMAHYog684";0;0;0;0;in;1409379578833825794;1709699406998786546;Purplewithyell1;https://twitter.com/Purplewithyell1/status/1709699406998786546
Wed Oct 04 22:35:51 +0000 2023;1709698878608732264;"@tvOneNews Ini parah !!! Dana APBN masa untuk menggusur rakyat rempang ? https://t.co/8kLo5bHFTp";0;0;0;0;in;1704144445648846848;1709373587029950560;Komentator_baik;https://twitter.com/Komentator_baik/status/1709698878608732264
Wed Oct 04 22:32:21 +0000 2023;1709697995472834879;"Petani rembang dan warga wadas bagaimana dumb dumb?! https://t.co/RZUctjWEvA";1;0;0;0;in;1629653360621256704;1709697995472834879;ashadbm0;https://twitter.com/ashadbm0/status/1709697995472834879
Wed Oct 04 22:28:09 +0000 2023;1709696937765851294;"@6undul0h Ini APBN kok dipakai untuk menggusur rakyat rempang. Why ? https://t.co/8kLo5bHFTp";0;0;0;0;in;1704144445648846848;1709559115020927219;Komentator_baik;https://twitter.com/Komentator_baik/status/1709696937765851294
Wed Oct 04 22:26:01 +0000 2023;1709696400202821809;"Indonesian villagers vow to resist Chinese-funded project, fearing ‘cultural genocide’ on Rempang Island https://t.co/aGaXAQIchr The government says it will transform the area, but advocates say Jakarta’s position on the benefits of Chinese investments is an ‘illusory narrative’.";0;0;1;1;en;2847258009;1709696400202821809;9DashLine;https://twitter.com/9DashLine/status/1709696400202821809
Wed Oct 04 22:25:13 +0000 2023;1709696201065701648;"@KompasTV Duit APBN untuk penggusuran rakyat rempang ?https://t.co/8kLo5bHFTp";0;0;0;0;in;1704144445648846848;1709436776757227757;Komentator_baik;https://twitter.com/Komentator_baik/status/1709696201065701648
Wed Oct 04 22:21:37 +0000 2023;1709695294706008421;"DEMOCRAZY News | Berita &amp  Politik Indonesia: Terungkap Korupsi Setoran UWT Rempang Eco City Rp ... https://t.co/tB0511hBFp      BAH LOH NGOTOT AMAT SEBABNYA UTU. JELASKAN BAHLUL, LUHUT";0;0;0;0;in;1583541045916184582;1709695294706008421;rachmat35494997;https://twitter.com/rachmat35494997/status/1709695294706008421
Wed Oct 04 22:18:48 +0000 2023;1709694584819974579;"Dengarkan menit ke 1:11, ini senjata dari Kapolda, Kapolda?, senjata diberikan ke cina untuk mengancam pribumi? @ListyoSigitP  Masak cino dilindungi dan di persenjatai, Pribumi di usir (rempang) https://t.co/yVHPXKxyOd";28;82;836;885;in;1603571774377299968;1709694584819974579;mukidioon3;https://twitter.com/mukidioon3/status/1709694584819974579
Wed Oct 04 22:10:18 +0000 2023;1709692448338018379;"@akbarfaizal68 @jokowi STOPPPPP....cukup 10 tahun Indonesia dipimpin sama presiden ini, korupsi makin gila',politik transaksional,saling Sandra,pecah belah,penegakan hukum GK adil tumpul Kpda yg pro/kawan,tajam Kpda yg kontra/lawan.TKAcina makin merajalela,merampas tanah rakyat Rempang dgn paksa";0;0;0;0;in;1651151933997191168;1709395111510212997;agun_setia68037;https://twitter.com/agun_setia68037/status/1709692448338018379
Wed Oct 04 22:09:51 +0000 2023;1709692332432576807;"@DoankWarto Sebagian besar rakyat mau dukung AMIN krn inginkan perubahan,nggak mau lagi harga² kebutuhan mahal diteruskan,bbm,listrik,pajak mahal dilanjutkan,hutang ugal²an,kejadian² warga wadas,p rempang diteruskan...sebagian besar Rakyat sdh bulat tekad akan mewujudkan Perubahan";0;0;0;0;in;484770197;1709463252944687206;mickolv_idas;https://twitter.com/mickolv_idas/status/1709692332432576807
Wed Oct 04 22:06:09 +0000 2023;1709691402349928927;"@Gank_Of_Petojo @nashrullahHNI @bahlillahadalia @DPR_RI Di rapat dengar dgn DPR, Bahlil siap mundur jika ada penyimpangan di investasi Rempang.";0;0;0;0;in;1603561074371874817;1709527859306397763;migdodo74;https://twitter.com/migdodo74/status/1709691402349928927
Wed Oct 04 22:05:45 +0000 2023;1709691299773776085;"@abu_waras Memangnya benar yang ditahan warga rempang? Bukan penggiat demonstrasinya ya?";0;0;0;0;in;230127456;1709545956310646926;budhisjam;https://twitter.com/budhisjam/status/1709691299773776085
Wed Oct 04 22:04:27 +0000 2023;1709690976342827165;"Full Ngamuk...! Bang YusPul Al-Medany : Kasus Rempang Kezaliman Rezim Jo... https://t.co/M2CFYQNzhl lewat @YouTube";0;0;0;0;in;996531728;1709690976342827165;YusufPulungan;https://twitter.com/YusufPulungan/status/1709690976342827165
Wed Oct 04 21:56:12 +0000 2023;1709688897637355534;"Kritik Penggusuran Rempang, Mahasiswa Unpak Demo di Jalan Sudirman  https://t.co/toBzROI6wb";0;0;0;0;in;1511957217301303302;1709688897637355534;ZevanyaOliver;https://twitter.com/ZevanyaOliver/status/1709688897637355534
Wed Oct 04 21:54:34 +0000 2023;1709688485370843321;"Ini yang menjadi penyebabnya sehingga rakyat dipaksa untuk pindah mengosongkan pulau Rempang.  https://t.co/hkCZlN6xQW";0;0;0;0;in;1645966725748494336;1709688485370843321;HeritageD2023;https://twitter.com/HeritageD2023/status/1709688485370843321
Wed Oct 04 21:48:53 +0000 2023;1709687055192875156;"@CNNIndonesia Ini lebih parah lagi. APBN untuk mindahkan rakyat pulau rempang. Investor apa sudah setoe ke kas negara ? https://t.co/8kLo5bHFTp";0;0;0;0;in;1704144445648846848;1709381295770566700;Komentator_baik;https://twitter.com/Komentator_baik/status/1709687055192875156
Wed Oct 04 21:45:10 +0000 2023;1709686120567758940;"@Miduk17 tapi rempang mau di pakai bayar utang negara menempuk sembako maui did kanai pajak,apanya berhasil goblok";0;0;0;0;in;1586657192513769472;1709003137724694803;HamadYani4;https://twitter.com/HamadYani4/status/1709686120567758940
Wed Oct 04 21:44:55 +0000 2023;1709686060257788067;"Terungkap Korupsi Setoran UWT Rempang Eco City Rp 3,6 Triliun  Korupsi korupsi korupsi teruuuusss dan semua korupsi  https://t.co/JpPlLqLifv";8;36;305;541;in;1450037307826860039;1709686060257788067;QianzyZ;https://twitter.com/QianzyZ/status/1709686060257788067
Wed Oct 04 21:43:28 +0000 2023;1709685691800826158;"@detikcom Kalau ini penjajahan apa ? Mindahkan rakyat pulau rempang kok gunakan APBN ? Investor china sudah bayar kah ? https://t.co/8kLo5bHFTp";0;0;0;0;in;1704144445648846848;1709497586472697880;Komentator_baik;https://twitter.com/Komentator_baik/status/1709685691800826158
Wed Oct 04 21:34:43 +0000 2023;1709683491405955227;"Menolak Konsultasi AMDAL, Warga Pulau Rempang Bentangkan Spanduk Penolakan: Kami Menangis! https://t.co/bIBXLfhlhh";0;0;1;4;in;1345745587;1709683491405955227;NikoAkmal;https://twitter.com/NikoAkmal/status/1709683491405955227
Wed Oct 04 21:17:45 +0000 2023;1709679222103671015;"Jadi pak @SBYudhoyono mendukung rampok p.rempang yah.";0;0;0;0;in;1603746480707104768;1709679222103671015;lopefutin;https://twitter.com/lopefutin/status/1709679222103671015
Wed Oct 04 20:23:18 +0000 2023;1709665518616223787;"@bianca01403 Penyerobotan Tanah Warga Rempang, Nusron Wahid: Apa Bedanya BP Batam dengan VOC? https://t.co/aocQ4IFHZO";0;0;0;0;in;1618351099605577730;1709387867498422414;Kyaigringsing62;https://twitter.com/Kyaigringsing62/status/1709665518616223787
Wed Oct 04 19:44:00 +0000 2023;1709655628170575960;"@Stev3n_Peg3l @KompasTV Rempang kejauhan bos. Lah wong moso masyarakat sendiri y juga tdk dipikirkan nasibnya. ( Wadas )";0;0;0;1;in;1652130369674809345;1707707061143052345;brader95905;https://twitter.com/brader95905/status/1709655628170575960
Wed Oct 04 19:44:00 +0000 2023;1709655627143033340;"https://t.co/Wo2ZI8zhmd Bahlil jgn bentuk Tim. Baca saja tulisan ini. Rempang ini gampang ko. Sy selesaikan byk Kp Tua  Tj Uma dll tanpa pertumpahan darah . Masalahnya Bahlil sdh bicara hal2 teknis. KPK mesti periksa Pej pemda, KLH, Agraria &amp  BP Batam utk selaraskan otoritas.";0;1;3;27;in;1041255648653062145;1709655627143033340;NataliusPigai2;https://twitter.com/NataliusPigai2/status/1709655627143033340
Wed Oct 04 19:35:55 +0000 2023;1709653593962459550;"@fajarsodikm Maksudnya apa?? Lu gak punya hati lihat saudara kita di pulau rempang digituin aama pemerintah yg zolim ini!!";0;0;0;0;in;1850615436;1709482597146100016;ridddhopratama;https://twitter.com/ridddhopratama/status/1709653593962459550
Wed Oct 04 19:28:47 +0000 2023;1709651801690218866;"@SemutMerah2024 Dia sendiri premannya harus di uaut ini. Sama @KPK_RI malah uaut menteri pertanian yg ga ada hubungannya. Ini usut kasus investasi di pulau rempang pasti banyak itu yg korupsi. Harusnya masuk negara malah masuk kantong pribadi. Please yg amanah kerja pak/bu KPK";0;0;0;0;in;1850615436;1709547296726401096;ridddhopratama;https://twitter.com/ridddhopratama/status/1709651801690218866
Wed Oct 04 18:48:20 +0000 2023;1709641618356330583;"Ternyata Xinyi makelar tanah juga, bisnis antara makelar dengan makelar  Kalau hanya untuk nambang pasir , masyarakat Rempang juga bisa ... Lain halnya jika para makelar itu memang ingin dapat 'bagian' juga😂 #Rempang #kepri #batam #melayu #SaveRempang https://t.co/5MhH3RpCmT";0;0;0;0;in;3861172093;1709641618356330583;elditweet;https://twitter.com/elditweet/status/1709641618356330583
Wed Oct 04 18:42:31 +0000 2023;1709640155303444894;"@RagilSemar Yang preman itu rezim pemerintah ini. Mau rampas Rempang pakai YU Preman UU CILAKA.";0;0;0;2;in;1664602487469514752;1709389250154967054;indonesiaeffort;https://twitter.com/indonesiaeffort/status/1709640155303444894
Wed Oct 04 18:30:36 +0000 2023;1709637155901866423;"Terungkap Korupsi Setoran UWT Rempang Eco City Rp 3,6 Triliun https://t.co/e4YvWrZWX3";0;0;0;0;in;1225432911899324419;1709637155901866423;RepelitaO;https://twitter.com/RepelitaO/status/1709637155901866423
Wed Oct 04 18:29:19 +0000 2023;1709636834278449607;"@rmol_id Apa ada gratifikasi di rempang?";0;1;0;0;in;336689970;1709525741778669910;abby_amr;https://twitter.com/abby_amr/status/1709636834278449607
Wed Oct 04 18:20:07 +0000 2023;1709634519421043110;"Asik seorang menteri pkai cara preman, sampai² seorang menteri sewa preman untuk bubarkan aksi HMI yg bela rempang gmn yg lainnya ya ada yg buzzer Rp untuk menjatuhkan lwn politik nya ada pkt elit kekuasaan nya untuk menyingkirkan rakyat nya seperti polisi TNI KPK kejaksaan dll";0;0;0;0;in;1529139206052016129;1709634519421043110;baim_yuana;https://twitter.com/baim_yuana/status/1709634519421043110
Wed Oct 04 18:11:23 +0000 2023;1709632322671116436;"Bts jangan nutupi rempang";0;0;0;0;in;356748661;1709632322671116436;pepynurcahyo;https://twitter.com/pepynurcahyo/status/1709632322671116436
Wed Oct 04 17:59:44 +0000 2023;1709629387543601500;"@hc_poirot Wahai rakyat rempang ..maju terus pantang mundur ..habisi semua aparat tni yg jd anteknya, Londo Erengnya, dan Budaknya para OLIGARKI Cukong China Komunis.@puanmaharani_ri @jokowi @mohmahfudmd @DPR_RI @DivHumas_Polri";0;0;0;0;in;1618186100560007168;1706075675265008027;AkhirZaman2023;https://twitter.com/AkhirZaman2023/status/1709629387543601500
Wed Oct 04 17:58:56 +0000 2023;1709629188721041624;"@tvOneNews pdhl yg preman itu bkn warga rempang lohhh, tpi...???";0;0;0;0;in;1476206195815763969;1709343143609688394;BANGIPANG23165;https://twitter.com/BANGIPANG23165/status/1709629188721041624
Wed Oct 04 17:47:32 +0000 2023;1709626318030311693;"@PresidenKopi Dari cara memaksa warga Rempang harus kosongkan. Dan dengan cara paksa saja kita bisa curiga,.kenapa begitu ngotot dan ambisi buat warga Rempang menderita,.tidak mungkin jika tidak ada CUAN sebagai komisi pembebasan Tanah,.tanah perkotaan saja mau dibangun mall banyak makelarnya";0;0;0;8;in;1645463649329508353;1709496706197500007;DiwandaD;https://twitter.com/DiwandaD/status/1709626318030311693
Wed Oct 04 17:43:46 +0000 2023;1709625371745038765;"@TrioKwek212Kwek Si bahlil itu sebenarnya BAJINGAN TOLOL yg tdk punya rasa kemanusiaan terhadap rakyat rempang @bahlillahadalia";0;0;0;0;in;1618186100560007168;1709371057692688702;AkhirZaman2023;https://twitter.com/AkhirZaman2023/status/1709625371745038765
Wed Oct 04 17:39:22 +0000 2023;1709624263320449307;"@msaid_didu @KompasTV @tvOneNews @BEMUI_Official @aniesbaswedan @mohmahfudmd @Metro_TV Goreng2masalah rempang, penggusuran oleh rezim, eh ini, PT BMS punya si chaplin bos nya @msaid_didu sama juga gusur lahan padi warga,yg dah lama ada disitu sama juga kek di rempang,ya  besaran dikit rempang,cuma ibarat maling sepeda komentarin maling mobil🤣👇 @sofiesyarief https://t.co/RZ8a8tlmqw";0;1;0;0;in;926660120792018944;1708750786170433854;tethadamx;https://twitter.com/tethadamx/status/1709624263320449307
Wed Oct 04 17:37:44 +0000 2023;1709623852404547770;"@tempodotco Tanyakan ke Bu Mentri .. Setiap pertanyaan yang ruwet bin mumet, atau menyangkut nyawa Rakyatnya.. Seorang presiden seolah tidak mampu menjawabnya.. 🫠 Contohnya: Kanjuruhan               rempang https://t.co/wKEqpMM7Q9";0;0;0;4;in;1324702213235642369;1709467524495262018;DenDjaka14;https://twitter.com/DenDjaka14/status/1709623852404547770
Wed Oct 04 17:35:49 +0000 2023;1709623369556201878;"@BennyHarmanID Suara kamu untuk rakyat rempang apa? Apakah nasib WARGA dapil kamu yg mengundi kamu BISA JADI anggota DPR? Apakah terbela nasib mereka, berapa orang yg nganggur anak2 mereka putus sekolah apakah bpk tau , or apakah seperti kacang lupa kulitnya";0;0;0;0;in;852594529;1709506950252437791;razakthaib19;https://twitter.com/razakthaib19/status/1709623369556201878
Wed Oct 04 17:35:14 +0000 2023;1709623224013922661;"Bukan jadi Tauladan, Menteri Bahlil Malah Sewa Preman Bubarkan Aksi HMI Bela Rempang https://t.co/xS322xCcFo";0;0;0;0;in;1225432911899324419;1709623224013922661;RepelitaO;https://twitter.com/RepelitaO/status/1709623224013922661
Wed Oct 04 17:21:51 +0000 2023;1709619854519734719;"Amien Rais Jaminan Kasus Rempang dan Bebaskan Warga yang Ditahan  https://t.co/ydfT6hsN2s";0;0;0;0;in;2883407144;1709619854519734719;masalembo_news;https://twitter.com/masalembo_news/status/1709619854519734719
Wed Oct 04 17:19:45 +0000 2023;1709619328340099535;"@tvOneNews Warga Rempang cuma mempertahankan tanahnya sendiri. Yg pake senjata dan kekerasan ya situ. Kok terus nyebut "korban" adalah preman.";0;0;0;0;in;71003485;1709343143609688394;bimtut;https://twitter.com/bimtut/status/1709619328340099535
Wed Oct 04 17:12:31 +0000 2023;1709617508712685725;"Tolak Bebaskan Warga Rempang yang Ditahan, Bahlil: Kalau Dibiarkan, Kita Jadi Negara Preman https://t.co/wMu8zYSOMO";0;0;0;0;in;1225432911899324419;1709617508712685725;RepelitaO;https://twitter.com/RepelitaO/status/1709617508712685725
Wed Oct 04 17:11:57 +0000 2023;1709617364893868483;"#golkar #golkarindonesia #airlanggahartarto #menkoperekonomian #Rempang @golkar_id @airlangga_hrt https://t.co/u1oJ9prIDX";0;0;0;0;qme;1587400808999845888;1709617364893868483;bapakbangsa__;https://twitter.com/bapakbangsa__/status/1709617364893868483
Wed Oct 04 17:06:29 +0000 2023;1709615988650684663;"@mohmahfudmd Soal Rempang Bagian Kendala Sila ke 2 Ga Prof??";0;0;0;0;in;1619574519227875328;1708312926019555793;solution_ka;https://twitter.com/solution_ka/status/1709615988650684663
Wed Oct 04 17:05:00 +0000 2023;1709615614619500638;"REMPANG MENOLAK RELOKASI..!  *Tegas! Warga Melayu Rempang Tetap Menolak Relokasi dan Konsultasi AMDAL*  https://t.co/YdjHX0JepZ";0;0;0;0;in;1450818985503571969;1709615614619500638;romyfanboy;https://twitter.com/romyfanboy/status/1709615614619500638
Wed Oct 04 17:04:25 +0000 2023;1709615469794337105;"Tolak Relokasi Rakyat Rempang *DPC-LMR: BP Batam Agar Hormati Kedaulatan dan Kepentingan Rakyat Rempang di atas kepentingan Investor*  https://t.co/iLRMfI1DLS";0;0;0;0;in;1450818985503571969;1709615469794337105;romyfanboy;https://twitter.com/romyfanboy/status/1709615469794337105
Wed Oct 04 16:57:35 +0000 2023;1709613748049383433;"@BangEdiii Dan jangan ikut memviralkan hal yg sengaja diviralkan demi pengalihan isyu  Tiba2 : - keputusan emka - mempoora - rempah rempang - dll";0;0;0;0;in;1531331064869703680;1709566904636182998;Putra70487911;https://twitter.com/Putra70487911/status/1709613748049383433
Wed Oct 04 16:54:42 +0000 2023;1709613022409589155;"@geloraco Penduduk Rempang di usir dgn cara preman, nuduh warga Rempang yg di tahan sbg preman, sekarang demonstran dibubarkan pakai preman, dasar bahlul";0;0;0;3;in;1118774454887124993;1709547777586536821;AlfandiZod;https://twitter.com/AlfandiZod/status/1709613022409589155
Wed Oct 04 16:50:09 +0000 2023;1709611876370518497;"Hal baik dan harapan kabar yang terdengar kemudian Pemerintah, Investor dan Masyarakat bersinergi mewujudkan pembangunan #rempang untuk Indonesia Maju.";1;0;0;0;in;1694248463750615041;1709611876370518497;Denis8119683146;https://twitter.com/Denis8119683146/status/1709611876370518497
Wed Oct 04 16:49:46 +0000 2023;1709611783043096931;"Investasi Bodong ...???🤔 Jadi bagaimana nasib masyarakat Rempang ... #kepri #batam #melayu #SaveRempang  Persekongkolan Jahat ‘Investasi Bodong’ Xinyi Grup Asal China Diungkap NCW: Adanya Dugaan Korupsi dan Pengaturan Nilai Investasi https://t.co/21fEJQHKpA";0;0;0;0;in;3861172093;1709611783043096931;elditweet;https://twitter.com/elditweet/status/1709611783043096931
Wed Oct 04 16:49:18 +0000 2023;1709611665850011973;"@48alys Tugasnya apaa kak, kemarin baru bikin tugas bahas kasus rempang jugaa";0;0;0;0;in;1631289957510774794;1709609475064418510;urduedatehelper;https://twitter.com/urduedatehelper/status/1709611665850011973
Wed Oct 04 16:49:15 +0000 2023;1709611651539046871;"@CNNIndonesia CAFTA itu diratifikasi tahun 2002, era presiden jual Indosat, Proyek Rempang Eco City, dan banyak lagi....";0;0;0;0;in;1629812220195655680;1709500921141666071;SunCosta82;https://twitter.com/SunCosta82/status/1709611651539046871
Wed Oct 04 16:46:37 +0000 2023;1709610987928871070;"@tvOneNews Lah bukannya negara kita emang piara preman dari dulu ya? Kayak yang baru2 ini minta lahan parkir. Lagian warga rempang cuma mempertahankan tanah mereka, kok dikata preman. Bahlul lo bahlil";0;0;0;0;in;1064167115119194114;1709343143609688394;taebygukkie;https://twitter.com/taebygukkie/status/1709610987928871070
Wed Oct 04 16:45:46 +0000 2023;1709610774560460989;"Secara tidak langsung bahlil menyatakan perang sama warga rempang, gak usah memperhalus kata dengan kata 'preman', mending lo urus tuh pemuda pancasila yang rill preman";0;0;0;0;in;323006208;1709610774560460989;Qiqicampjamaica;https://twitter.com/Qiqicampjamaica/status/1709610774560460989
Wed Oct 04 16:41:03 +0000 2023;1709609589040398681;"Memposisikan kesalahan ada pada investor di pembangunan #rempang , kurang bijak rasanya.   Strategi pembangunan untuk kemajuan negara harusnya menjadi permasalahan bersama hingga mencapai solusi dari pelbagai permasalahan #rempang";0;0;0;0;in;1694248463750615041;1709609589040398681;Denis8119683146;https://twitter.com/Denis8119683146/status/1709609589040398681
Wed Oct 04 16:40:48 +0000 2023;1709609526411014595;"Tetep cermati kasus Rempang yg didalamnya ada UWT sebesar 3,6 T utk hak konsesi lahan 17 rb lebih  hektar dikalikan 21 rb lebih per m2 dan keberadaannya perlu dipertanyakan? Sudah disetor belum, atau sdh habis,";0;0;0;0;in;1317698833246089216;1709609526411014595;Budiprass13;https://twitter.com/Budiprass13/status/1709609526411014595
Wed Oct 04 16:37:34 +0000 2023;1709608710610530531;"Kaki tangan VOC beraksi di Rempang. https://t.co/aHge0QWovY";0;0;0;0;in;1256499113903845376;1709608710610530531;eN_Hazet;https://twitter.com/eN_Hazet/status/1709608710610530531
Wed Oct 04 16:37:32 +0000 2023;1709608704562356539;"- Rempang = bukan relokasi tapi hanya pergeseran… - Banjir = air tergenang… Kira2 bahasanya sama nggak yaa ???";0;0;0;0;in;89948408;1709608704562356539;telurkatung;https://twitter.com/telurkatung/status/1709608704562356539
Wed Oct 04 16:28:12 +0000 2023;1709606355894726994;"@rmol_id Hmi pahlawan kesiangan dasar mahasewa kadrun. Rempang sudah damai woi..";0;0;0;0;in;1699283896230440960;1708837185653547418;alitohari653782;https://twitter.com/alitohari653782/status/1709606355894726994
Wed Oct 04 16:15:51 +0000 2023;1709603245713416625;"@Jhonkosmik Keduanya sama² punya hati dan perasaan ..peduli warga Rempang";0;0;0;0;in;484770197;1709238345312977255;mickolv_idas;https://twitter.com/mickolv_idas/status/1709603245713416625
Wed Oct 04 16:05:13 +0000 2023;1709600569881681940;"ini yang harus dipahami soal permasalahan pembangunan di #rempang";0;0;0;0;in;1694248463750615041;1709600569881681940;Denis8119683146;https://twitter.com/Denis8119683146/status/1709600569881681940
Wed Oct 04 16:01:45 +0000 2023;1709599698917695490;"Kabar baik. penduduk  #rempang sudah menempati hunian sementara";0;0;0;0;in;1694248463750615041;1709599698917695490;Denis8119683146;https://twitter.com/Denis8119683146/status/1709599698917695490
Wed Oct 04 15:59:00 +0000 2023;1709599004835619023;"Ahmad Doli Kurnia Nilai Sinkronisasi Terpadu Diperlukan Dalam Penyelesaian Masalah di Rempang #airlanggahartarto #kuningkeren #sayagolkar #partaigolkar #golkarpedia https://t.co/iq0lKiB2Pd";0;0;38;9;in;721898354502930433;1709599004835619023;golkarpedia;https://twitter.com/golkarpedia/status/1709599004835619023
Wed Oct 04 15:58:44 +0000 2023;1709598939929022951;"@PresidenKopi Pantes pada ngotot betul begundal" cina ini..ngusir penduduk rempang..taunya duit panas udah masuk toh..bangsat emang..";0;0;0;0;in;521359906;1709496706197500007;Ujang_RR;https://twitter.com/Ujang_RR/status/1709598939929022951
Wed Oct 04 15:56:02 +0000 2023;1709598258430169521;"@DrEvaChaniago Si Bandit Itam ngomongin org Preman, padahal dia sendiri yg pake Preman utk menghadang anak²/adik² HMI yg demo masalah Rempang. Dasar Bangsat Itam.";0;0;0;1;in;1640659056074563585;1709571740576149954;ayahiyan63;https://twitter.com/ayahiyan63/status/1709598258430169521
Wed Oct 04 15:55:00 +0000 2023;1709597998886617262;"@DrEvaChaniago Krn dia bukan bangsa indonesia Negeri ini milik generasi berikutnya Lihat daerah yg d usik sept rempang, kalimantan dst apakah mrk rela tanah generasi d ambil oleh bgs asing??? Tdk akan  dan tdk akan rela. Kita butuh rakyat bersatu ✊🏽✊🏽✊🏽✊🏽✊🏽";0;0;0;5;in;1528021048075382784;1709575427725938827;QQReza135;https://twitter.com/QQReza135/status/1709597998886617262
Wed Oct 04 15:54:38 +0000 2023;1709597905173242300;"@bianca01403 Rupanya para *#j!#g ingin pesta uang haram di Rempang https://t.co/GXKmmTDING";0;0;0;0;in;549009253;1709387867498422414;asep_suryawan;https://twitter.com/asep_suryawan/status/1709597905173242300
Wed Oct 04 15:53:27 +0000 2023;1709597608661176803;"@DjohanLianto @Affan79992133 @YaqutCQoumas Rempang mau dijual  koar2 penjaga NKRI harga mati. Hahaaa...mata loe picek.";0;0;0;0;in;1655621733548965889;1709177914418467232;makelarcapres;https://twitter.com/makelarcapres/status/1709597608661176803
Wed Oct 04 15:49:46 +0000 2023;1709596682357469357;"DEMOCRAZY News | Berita &amp  Politik Indonesia: Terungkap Korupsi Setoran UWT Rempang Eco City Rp ... https://t.co/qwPaDFlS72";0;0;0;0;in;1604812731411943424;1709596682357469357;AndiammuliaPd;https://twitter.com/AndiammuliaPd/status/1709596682357469357
Wed Oct 04 15:47:14 +0000 2023;1709596042990391749;"Bedanya VOC dibantu londo ireng, kalo Rempang dibackup cino coklat.. Persamaannya mrk semua para pengkhianat!";0;0;0;0;in;143046968;1709596042990391749;MuhammadFFirdau;https://twitter.com/MuhammadFFirdau/status/1709596042990391749
Wed Oct 04 15:43:03 +0000 2023;1709594990593167791;"@PartaiSocmed Sebenarnya tidak hanya di Gunungkidul. Daerah lain seperti Rembang, Blora juga memakan belalang, bahkan ungker (ulat kayu jati), hanya saja tidak seterkenal belalang di Gunungkidul yang notabene tempat wisata.   Harganya mahal kemungkinan karena proses berburunya tidak mudah";0;0;0;0;in;1116756508547510272;1709432817585897691;tukang_oplos;https://twitter.com/tukang_oplos/status/1709594990593167791
Wed Oct 04 15:34:49 +0000 2023;1709592918623949267;"Cukong menginginkan Tanah rakyat / tanah adat membodohi pejabat gila materi agar mengatasnamakan tanah milik negara, sudah bukan rahasia umum di era repormasi kebablasan, seperti Rempang dll . https://t.co/bdWYv66HHH";0;0;0;3;in;1129672753651388416;1709592918623949267;H4T14K4LN4L42;https://twitter.com/H4T14K4LN4L42/status/1709592918623949267
Wed Oct 04 15:34:12 +0000 2023;1709592763325719005;"@cakyono3 @ekowboy2 Mosok?...trus taunya apa saja? Semua kputusan dlm mengambil kebijahkan ada sm beliau.salah satu contohnya soa tanahl rempang..dia tahu apa ngak soal ada konglonerat sperti Tommy winata?🤔😁";0;1;0;1;in;1286557775670042625;1709123482074931529;Fadlipenyair;https://twitter.com/Fadlipenyair/status/1709592763325719005
Wed Oct 04 15:32:43 +0000 2023;1709592393048314296;"@islah_bahrawi Terungkap Korupsi Setoran UWT Rempang Eco City Rp 3,6 Triliun @mohmahfudmd";0;0;0;0;in;64605516;1709526458128076989;iwalanwar;https://twitter.com/iwalanwar/status/1709592393048314296
Wed Oct 04 15:31:04 +0000 2023;1709591974687441301;"Coba blusukang ke Rempang juga bro ketum, bantu warga..";0;0;0;0;in;429940611;1709591974687441301;abrarrahman2024;https://twitter.com/abrarrahman2024/status/1709591974687441301
Wed Oct 04 15:30:03 +0000 2023;1709591719816405091;"Jangan lupa  tanah warga melayu Rempang,itu milik mereka sejak abad 18. Lebih Baik Mati Berdiri Daripada Hidup Berlutut. Takkan Hilang Warga Melayu Di Bumi Indonesia. Esa Hilang Dua Terbilang. “Diam kita ditindas, kita harus bergerak utk menyelamatkan Bangsa Negara Indonesia ini”";0;0;15;16;in;1482600556669460485;1709591719816405091;ForRezim;https://twitter.com/ForRezim/status/1709591719816405091
Wed Oct 04 15:30:01 +0000 2023;1709591713206133186;"@ecosocrights Terungkap Korupsi Setoran UWT Rempang Eco City Rp 3,6 Triliun";0;0;0;1;in;64605516;1709589480209006625;iwalanwar;https://twitter.com/iwalanwar/status/1709591713206133186
Wed Oct 04 15:27:48 +0000 2023;1709591153077878887;"@korantempo Modus Rempang ?";0;0;0;0;in;1000964377040764928;1709433210688696350;MNuck2;https://twitter.com/MNuck2/status/1709591153077878887
Wed Oct 04 15:27:04 +0000 2023;1709590969468039548;"@ecosocrights PT.XINYI bukan perusahaan 10 besar dunia itu bohong, investasi di Gresik tidak jalan lalu kita mau menerima Investasi Bodong di Rempang....hanya orang bodoh yg mau menerima";0;0;0;0;in;64605516;1709589480209006625;iwalanwar;https://twitter.com/iwalanwar/status/1709590969468039548
Wed Oct 04 15:21:12 +0000 2023;1709589491797852340;"Dengan kebohongan yg bertumpuk spt itu, menteri @bahlillahadalia msh jg mengatakan "menolak membebaskan warga Rempang dgn alasan kalau dibiarkan negara kita akan jadi negara preman". Padahal faktanya, pemerintahlah yg kerjanya lebih buruk dari preman.  https://t.co/haYlMIYHRM";0;0;4;5;in;175442007;1709589480209006625;ecosocrights;https://twitter.com/ecosocrights/status/1709589491797852340
Wed Oct 04 15:21:10 +0000 2023;1709589486194307315;"dan mereka menolak utk direlokasi. 3. Pemerintah menyatakan, AMDAL utk proyek Rempang sdh ada. Faktanya AMDAL blm ada.  4. Pemerintah menyatakan, warga Rempang akan dpt lahan, rumah, dan uang tunggu. Faktanya, pembiayaan relokasi &amp  penggusuran belum dialokasikan pemerintah pusat";0;1;2;0;in;175442007;1709589480209006625;ecosocrights;https://twitter.com/ecosocrights/status/1709589486194307315
Wed Oct 04 15:21:10 +0000 2023;1709589483426041986;"68% penjualan XG di pasar lokal China. XG pernah lakukan investasi yg sama di Gresik dan Babel, tapi tdk jelas ujungnya.  2. Pemerintah menyatakan 80% warga rempang tanahnya tdk bersertifikat dan mereka sdh setuju utk direlokasi. Faktanya, 80% warga Rempang memiliki alas hak SHM";0;1;2;0;in;175442007;1709589480209006625;ecosocrights;https://twitter.com/ecosocrights/status/1709589483426041986
Wed Oct 04 15:21:09 +0000 2023;1709589480209006625;"Temuan NCW terkait kasus Rempang menunjukkan, kebohongan pemerintah bertumpuk2 dlm proyek Rempang:  1. Pemerintah menyatakan, Xinyi Group (XG) perusahaan kelas dunia dgn jangkauan pasar global. Faktanya, XG bukan perusahaan kelas dunia. https://t.co/kIshWJDW5x";0;4;50;71;in;175442007;1709589480209006625;ecosocrights;https://twitter.com/ecosocrights/status/1709589480209006625
Wed Oct 04 15:20:18 +0000 2023;1709589268304376077;"Nasional Corruption Watch (NCW) menyangsikan realisasi proyek Rempang Eco-City. Sebab, Xinyi Glass Holding Limited selaku investor proyek tersebut dikatakan telah beberapa kali tidak menjalankan komitmen investasinya.  https://t.co/3AiTl4N0a1";0;0;0;1;in;796595577953853440;1709589268304376077;wanalokadotcom;https://twitter.com/wanalokadotcom/status/1709589268304376077
Wed Oct 04 15:18:37 +0000 2023;1709588844486807913;"LetsGöFollow  base › surabaya tele  › https://t.co/2ie5dS7N02 expo › 04-05 pati › 06-07 rembang  ❤ @.keempat_elsaa https://t.co/FR3F8c9ub0";0;0;0;0;tl;464642105;1709588844486807913;x_glorycity;https://twitter.com/x_glorycity/status/1709588844486807913
Wed Oct 04 15:15:11 +0000 2023;1709587977150820622;"@HusinShihab @Abu_Nafstami Masyarakat awam ga sebodoh kau sin, Kita tahu banget apa maksud pak Anies ttg PSN titipan, itu rempang contohnya, investasi swasta tp lebih galak pemerintah ke rakyat, bukannya bela hak2 rakyat malah bela investor asing, tega mengusir rakyat dari tanahnya demi seorang Tomi winata";0;0;0;1;in;1622821209535836160;1709211422042071498;ElizarIrnold;https://twitter.com/ElizarIrnold/status/1709587977150820622
Wed Oct 04 15:13:02 +0000 2023;1709587437025202597;"@JulianiMadinah ada hukum rimba sdh disana, maka hrs dilawan dg siapapun yg akan mengusir warga rempang disana, lawan dan usir semua, apapun jabatannya dan bentuknya spt apa lawan dan usir‼️";0;0;0;13;in;1489979337885765633;1709437221323894898;Kopirobusta9;https://twitter.com/Kopirobusta9/status/1709587437025202597
Wed Oct 04 15:11:26 +0000 2023;1709587036276162704;"@tvOneNews kcuali rempang ya pak???????? #merdekakatanya";0;0;0;0;in;1694193316768940032;1709090055678247381;hero_sleep63033;https://twitter.com/hero_sleep63033/status/1709587036276162704
Wed Oct 04 15:10:54 +0000 2023;1709586899810345023;"@CNNIndonesia Rempang kasian bgt ya Allah, investor mana paham, kerjanya ngeruk ngabisin doang. yg jaga kelestarian alam pdhl masyarakat di sana, jing";0;0;0;0;in;1606272494058758144;1709500921141666071;_fisx1_;https://twitter.com/_fisx1_/status/1709586899810345023
Wed Oct 04 15:10:40 +0000 2023;1709586840515486098;"@tvOneNews Kontol babi kau. Memangnya Rempang milik siapa? Baca sejarah.";0;0;0;0;in;211053754;1709343143609688394;abdiechairoel;https://twitter.com/abdiechairoel/status/1709586840515486098
Wed Oct 04 15:08:28 +0000 2023;1709586287047676402;"APBN disusun DPR &amp  Pemerintah. Pemerintah Ga boleh sembarangan ngeset semaunya  Berlaku buat KCJB juga Rempang. Enak saja main set sendiri.. emangnya DPR itu boneka?  Eh.. iya";0;1;7;27;in;2908675710;1709586287047676402;blank0429;https://twitter.com/blank0429/status/1709586287047676402
Wed Oct 04 15:05:28 +0000 2023;1709585534107234364;"@tvOneNews Kalau warga rempang punya SHM pasti menang, klo punyanya HGU / HGB ya harus pindah";0;0;0;0;in;929711253844475904;1709328515026591796;bedhi_arino;https://twitter.com/bedhi_arino/status/1709585534107234364
Wed Oct 04 15:05:24 +0000 2023;1709585515971022872;"Putra Mbah Maimoen, KH Najih: Para Pengasuh Ponpes Sarang Rembang Kompak Dukung Anies Baswedan https://t.co/GAwHeHmUdb";0;0;12;26;in;760368651471990784;1709585515971022872;idhamarsyadNow;https://twitter.com/idhamarsyadNow/status/1709585515971022872
Wed Oct 04 15:01:59 +0000 2023;1709584657627721828;"@democrazymedia bongkar...audit smuanya biar jls.Jgn2 ada korupsi besar2an dsini.KPK hrs telusuri dn periksa BP Batam.Kmana tuh uang UWT...Knpa msh mnta Pempus lg dg nilai trilyunan.Rempang jgn diapa2in dlu.Biar wrga ttp ad dsna.";0;0;0;0;in;1686571517809942528;1709460844386639948;Beatriceque03;https://twitter.com/Beatriceque03/status/1709584657627721828
Wed Oct 04 15:00:22 +0000 2023;1709584250629198100;"@Gank_Of_Petojo @bahlillahadalia @DPR_RI Entah terbukti atau tidak tp sejak awal mencuat masalah perampasan Rempang ini ada semacam keyakinan dalam diri ini bahwa segala kengeyelan itu ujungnya pasti duit BESAR.";0;1;0;4;in;1603515902019850241;1709527859306397763;trieslove88;https://twitter.com/trieslove88/status/1709584250629198100
Wed Oct 04 14:55:19 +0000 2023;1709582978823942465;"@rudyno1 @titaniumarse @fransisca_ning PLA di rempang : *video play* @silaen_gunawan https://t.co/gduHsEPNOG";1;0;0;1;tl;465356974;1707282292396458186;aditya_ptr97;https://twitter.com/aditya_ptr97/status/1709582978823942465
Wed Oct 04 14:54:01 +0000 2023;1709582653287207014;"@JulianiMadinah Bahlil dpt komisi brp ya dari mafia tanah rempang?";0;0;0;0;in;787620835682955264;1709437221323894898;Rusydi45691580;https://twitter.com/Rusydi45691580/status/1709582653287207014
Wed Oct 04 14:53:07 +0000 2023;1709582423896596546;"Progress Investasi Rempang Eco-City, Pendekatan Humanis Dijalankan https://t.co/yS28WELcaV";0;0;0;0;in;454638631;1709582423896596546;KompasProperti;https://twitter.com/KompasProperti/status/1709582423896596546
Wed Oct 04 14:53:06 +0000 2023;1709582421698703621;"Pengembangan Rempang Eco-City, 7 KK Pindah ke Hunian Sementara https://t.co/bZSJ8UkcxT";0;0;0;0;in;454638631;1709582421698703621;KompasProperti;https://twitter.com/KompasProperti/status/1709582421698703621
Wed Oct 04 14:51:37 +0000 2023;1709582050003685642;"Rezim @jokowi akan jatuh dan hina akibat kebiadaban kpd rakyat rempang";0;0;0;0;in;3321423907;1709582050003685642;putragaruda27;https://twitter.com/putragaruda27/status/1709582050003685642
Wed Oct 04 14:49:53 +0000 2023;1709581612776927698;"Berharap ada akibat dari kasus rempang, dan akibat itu semoga sumatra merdeka spy lbh terhormat fan bermartabat krn skg sdh di acak2 olh penjahat yg jd penguasa";0;0;0;0;in;1489979337885765633;1709581612776927698;Kopirobusta9;https://twitter.com/Kopirobusta9/status/1709581612776927698
Wed Oct 04 14:45:15 +0000 2023;1709580444361200029;"Kamu cantik sih tapi susah banget untuk di milikin, kayak pulau rempang harus negoisasi dulu.";0;0;0;0;in;1908090972;1709580444361200029;Kobar_delahoya;https://twitter.com/Kobar_delahoya/status/1709580444361200029
Wed Oct 04 14:43:13 +0000 2023;1709579933109170208;"Go 💙 F O L L O W  B a s e » Surabaya T e L e » https://t.co/OEQg7BlG4o E x p o › 04-05 Pati › 06-07 Rembang  @,keempat_elsaa https://t.co/dmzBpqbHNp";0;0;0;0;in;1536616356;1709579933109170208;HARDC0RE_NER;https://twitter.com/HARDC0RE_NER/status/1709579933109170208
Wed Oct 04 14:43:03 +0000 2023;1709579891677827405;"Amien Rais Kembali Kunjungi Rempang - Riaunews https://t.co/nmZ83ZxUpB  Kedatangan yang kedua ini sekaligus memenuhi janji untuk kembali lagi dan memastikan terus mendampingi warga setempat yang terdampak langsung proyek strategis nasional (psn) Rempang Eco City.";0;0;6;18;in;1592173966311174145;1709579891677827405;RiauNewsCom;https://twitter.com/RiauNewsCom/status/1709579891677827405
Wed Oct 04 14:42:44 +0000 2023;1709579811256156429;"@titaniumarse @fransisca_ning wumao model @fransisca_ning ini kalo kita kritis sama RRC akan dibelokin sama dia kalo kita pro USA. Gw rasa @aditya_ptr97 temen2 dia jg. Cuitan akun bodong dia jadiin kesimpulan peran besar USA di rempang hadeeeuuuhhh";0;1;0;0;in;1978445610;1707282292396458186;rudyno1;https://twitter.com/rudyno1/status/1709579811256156429
Wed Oct 04 14:40:48 +0000 2023;1709579325580963849;"riku kades keras suka amanda manopo gemes petualangan sherina 2 angel eyes kepsek cegil renjun perokok fisip ui bocah ice cold elfira ibu kota negara rempang udil pramuka fokus irene dante kiko gen z cilacap cpns kebayoran lama whoosh ✨Tas Selempang 🔗https://t.co/ku7HbmIVxf https://t.co/8ldNmKolSf";0;0;0;0;in;885412627169460224;1709579325580963849;koesuma22;https://twitter.com/koesuma22/status/1709579325580963849
Wed Oct 04 14:39:21 +0000 2023;1709578962417184833;"@LithiumOlethea rembang?? ciamis?? Kuningan? Pangandaran? YANG MANA NIHH😭😭";0;1;0;0;in;1682324105251659776;1709563236864205086;trayeshaa;https://twitter.com/trayeshaa/status/1709578962417184833
Wed Oct 04 14:39:20 +0000 2023;1709578957551788277;"Masyarakat Rempang  hari ini kedatangan Bpk Amien Rais.  Tetap Menolak Relokasi  Allahu Akbar ✊🏼💙 https://t.co/tL8d7iaXiF";1;7;112;311;in;1439701579276251136;1709578957551788277;Li9ayaTalaChes4;https://twitter.com/Li9ayaTalaChes4/status/1709578957551788277
Wed Oct 04 14:38:44 +0000 2023;1709578806942736567;"@narkosun Rempang... https://t.co/V5WEgR9yA1";0;0;0;0;in;1603615945326747648;1709217238686052568;SitiMua98339951;https://twitter.com/SitiMua98339951/status/1709578806942736567
Wed Oct 04 14:35:48 +0000 2023;1709578067377783271;"@lukmanrzkr @ray_kairi @PartaiSocmed @lambebuzzer Persikabo kah yg pernah di sponsori sb*t*p? Ada nama T*my Win*t* disitu kayaknya pernah dibahas disini juga ada hubungannya sama rempang";0;0;0;0;in;1558418591082754053;1709511574560673871;dhimasreza12;https://twitter.com/dhimasreza12/status/1709578067377783271
Wed Oct 04 14:35:18 +0000 2023;1709577944157528567;"Mulai Bertaring, Bahlil Tolak Bebaskan Warga Rempang: Kalau Dibiarkan, Negara Kita Jadi Negara Preman https://t.co/XYDt0Zftki";0;0;0;0;in;2418446262;1709577944157528567;berbagi2info;https://twitter.com/berbagi2info/status/1709577944157528567
Wed Oct 04 14:34:46 +0000 2023;1709577809105219823;"Bahlil Diminta Bebaskan Pendemo di Rempang yang Ditahan, Responsnya Begini https://t.co/GFjZXFhX6I";0;0;0;1;in;1454008204027854853;1709577809105219823;HMMurah3;https://twitter.com/HMMurah3/status/1709577809105219823
Wed Oct 04 14:30:03 +0000 2023;1709576620066165103;"@geloraco Lha malah bukannya negara yang preman sekarang? Preman bertameng UU preman? Apa bukan gitu?   Penjarakan itu nanti kepala Polisi yang tahan warga rempang.";0;1;0;0;in;1664602487469514752;1709427605903122457;indonesiaeffort;https://twitter.com/indonesiaeffort/status/1709576620066165103
Wed Oct 04 14:29:55 +0000 2023;1709576587082150097;"Jika seluruh lapisan masyarakat bergerak bela rempang maka peluang @aniesbaswedan menang makin tinggi krn satu2nya capres yg tdk setuju rempang adalah AMIN,  ayo terus gelorakan penolakan rempang";0;0;0;0;in;3321423907;1709576587082150097;putragaruda27;https://twitter.com/putragaruda27/status/1709576587082150097
Wed Oct 04 14:28:55 +0000 2023;1709576335465873817;"Semoga komisi III dan VI DPR RI masih memperjuangkan hak rakyat Rempang !";0;0;1;3;in;1092958177;1709576335465873817;pandandjati;https://twitter.com/pandandjati/status/1709576335465873817
Wed Oct 04 14:28:44 +0000 2023;1709576289114611817;"@6undul0h Maklum...dari awal Pak Presiden sudah menyebut ada "masalah komunikasi" soal Rempang ini... Wajar saja klo ada pejabat yg logika bahasanya aneh2 kyk gt... 🤣";0;0;0;0;in;170435848;1709559115020927219;arx21;https://twitter.com/arx21/status/1709576289114611817
Wed Oct 04 14:26:25 +0000 2023;1709575708396466529;"@infomaya_id @kegblgnunfaedh @NetflixID wadas, rempang, kalimantan, sumbar, lampung";0;0;0;1;in;1604130313021820929;1709485631616016426;podo_radong1;https://twitter.com/podo_radong1/status/1709575708396466529
Wed Oct 04 14:24:33 +0000 2023;1709575237703209351;"Kamis-selasa(14-19/09/2023), Surindra Luhkan Kab.Rembang, Pendampingam Pelatihan pemberdayaan perempuan tentang rajungan kerjasama dengan CTC di Desa Dasun kec.Lasem #GiatLuhkanSatminkalTegal  #luhlapor @PKBLU_bp3tegal https://t.co/5bnLzrD76I";0;0;0;1;in;1425423804142997510;1709575237703209351;Surindra_suroya;https://twitter.com/Surindra_suroya/status/1709575237703209351
Wed Oct 04 14:22:54 +0000 2023;1709574823079542967;"@ListyoSigitP moga polisi berani tangkap koboi ini, jangan hanya kepada demonstran pribumi di Rempang";0;0;0;0;in;59452948;1709574823079542967;mamuiz;https://twitter.com/mamuiz/status/1709574823079542967
Wed Oct 04 14:22:42 +0000 2023;1709574773133734289;"Faktanya Masyarakat Rempang-Galang tetap menolak adanya Relokasi ataupun Pergeseran ..... https://t.co/KK1gNQyFUT";6;6;202;313;in;1439701579276251136;1709574773133734289;Li9ayaTalaChes4;https://twitter.com/Li9ayaTalaChes4/status/1709574773133734289
Wed Oct 04 14:21:58 +0000 2023;1709574587468636216;"Rabu (04/10/23), Surindra Luhkan Kab.Rembang, Pendampingan pemasaran garam di tambak garam milik BMT BUS Desa Dasun kec.Lasem, panen 8600 Kg, harga 1200/kg. #GiatLuhkanSatminkalTegal  #luhlapor @PKBLU_bp3tegal https://t.co/WD3Bl2b8Pq";0;0;0;1;in;1425423804142997510;1709574587468636216;Surindra_suroya;https://twitter.com/Surindra_suroya/status/1709574587468636216
Wed Oct 04 14:21:35 +0000 2023;1709574489254814164;"A Minister, how beautiful&amp cool it would be if he spoke politely, full of persuasion&amp motivation in d midst of the fate of Rempang residents who were confused&amp full of uncertainty about their fate because P. Rempang without their knowledge in 2001 had been transferred to Taipan TW.";0;1;0;1;en;1682780171034849281;1709574489254814164;4nonymousH3RR;https://twitter.com/4nonymousH3RR/status/1709574489254814164
Wed Oct 04 14:19:41 +0000 2023;1709574010143654336;"@VIVAcoid Saya kawatir ada di Rempang, betulkah?";0;0;0;1;in;1647781488262529024;1709472974846456034;gunaditaufiq33;https://twitter.com/gunaditaufiq33/status/1709574010143654336
Wed Oct 04 14:17:38 +0000 2023;1709573497356464185;"#SaveRempang  #TolakRelokasiRakyatRempang #StopProyekOligarkiSetan  🔴GUBRAK..!!🔥MANTU HABIB RIZIEQ NGAMUK 📗JANJI JOKOWI SERTIFIKAT REMPANG, MALAH INVASI YANG DATANG❗️❗️  TONTON VIDEONYA: https://t.co/26RRZmKJOK  #RAKYAT_BERSATU_MELAWAN_KEZALIMAN";0;1;3;1;in;1650516904010760195;1709573497356464185;Hero212_reborn;https://twitter.com/Hero212_reborn/status/1709573497356464185
Wed Oct 04 14:16:32 +0000 2023;1709573220037464410;"@HusinShihab Rempang itu proyek swasta, apa lagi namanya kalo itu bukan titipan?";0;0;0;0;in;1546034308003266560;1709211422042071498;kucingbumbum;https://twitter.com/kucingbumbum/status/1709573220037464410
Wed Oct 04 14:16:16 +0000 2023;1709573151980687421;"@enzocedo @PartaiSocmed Apa lagi yg maunya cina yg lain bakal dipatuhi?  Apbn dah tergadaikan.  Nikel juga gitu?. Masyarakat rempang dlm proses diusir dari tanahnya sendiri.  Apa lagi berikutnya?";0;0;0;0;in;22473719;1709106548902080843;pak_anggoro;https://twitter.com/pak_anggoro/status/1709573151980687421
Wed Oct 04 14:15:53 +0000 2023;1709573055125795299;"@_croisentoi Rembang, Jawa Tengah kak";0;0;0;1;in;1329042541027594242;1709510754700042613;dian_dianitata;https://twitter.com/dian_dianitata/status/1709573055125795299
Wed Oct 04 14:15:18 +0000 2023;1709572907272388659;"riku kades keras suka amanda manopo gemes petualangan sherina 2 angel eyes kepsek cegil renjun perokok fisip ui bocah ice cold elfira ibu kota negara rempang udil pramuka fokus irene dante kiko gen z cilacap cpns kebayoran lama whoosh  🛒https://t.co/gFtIk8SZa3 https://t.co/LZyIPKCfuF";0;0;0;0;in;885412627169460224;1709572907272388659;koesuma22;https://twitter.com/koesuma22/status/1709572907272388659
Wed Oct 04 14:13:56 +0000 2023;1709572564878815328;"@tvOneNews Bebas kan warga yang di tahan di Rempang masyarakat sudah capek dengar stekmen preman berdasi dan cukong, saatnya masyarakat bersatu";0;0;0;0;in;1613200910678888448;1709343143609688394;PinoPin55264777;https://twitter.com/PinoPin55264777/status/1709572564878815328
Wed Oct 04 14:13:14 +0000 2023;1709572390274084876;"@RagilSemar @Abang_Faey hrsnya bahlil cs yg ditahan bukan warga rempang yg demo krn bela tanah leluhurnya";0;0;0;1;in;1604130313021820929;1709389250154967054;podo_radong1;https://twitter.com/podo_radong1/status/1709572390274084876
Wed Oct 04 14:11:38 +0000 2023;1709571984529801335;"@geloraco Bilang negara ini negara preman bila bebaskan demonstran rempang, die sendiri diduga nyuruh reman bubarin demonstran, muna lah kau😑";0;0;0;10;in;224431376;1709547777586536821;Stev3n_Peg3l;https://twitter.com/Stev3n_Peg3l/status/1709571984529801335
Wed Oct 04 14:10:38 +0000 2023;1709571736319185303;"Tdk sadar atau pura2 tdk sadar pak, apakha pak @jokowi lupa dgn pulau rempang dan kereta cepat, Ekonomi makin buruk ulah siapa pak https://t.co/hurEW4nXSF";0;2;2;7;in;1336091630;1709571736319185303;Candj09;https://twitter.com/Candj09/status/1709571736319185303
Wed Oct 04 14:10:25 +0000 2023;1709571679012499905;"riku kades keras suka amanda manopo gemes petualangan sherina 2 angel eyes kepsek cegil renjun perokok fisip ui bocah ice cold elfira ibu kota negara rempang udil pramuka fokus irene dante kiko gen z cilacap cpns kebayoran lama whoosh ✨Jaket Varsity https://t.co/bKbVPJQ5cF https://t.co/41bUeE4qih";0;0;0;0;in;885412627169460224;1709571679012499905;koesuma22;https://twitter.com/koesuma22/status/1709571679012499905
Wed Oct 04 14:08:35 +0000 2023;1709571216795959462;"Bahlil Tolak Bebaskan Warga Rempang: Sudah Kami Bantu 8 Orang, tapi yang Anarkis Tetap Diproses.  RAKYAT BERPERILAKU PREMAN DIKARENAKAN KEBIJAKAN YANG DIBUAT BAGAI KEKUASAAN PREMAN TERHADAP PEMILIK KEDAULATAN NEGARA YAITU "RAKYAT" @myputun https://t.co/zhHi3TrnWo";0;0;0;0;in;1567483663545438209;1709571216795959462;PutunMy;https://twitter.com/PutunMy/status/1709571216795959462
Wed Oct 04 14:05:40 +0000 2023;1709570484390793416;"Selasa (05/09/2023),Surindra Luhkan Kab.Rembang, melakukan pendataan produksi garam di Desa Dasun-Lasem, hasil tangkapan 8700 kg, harga 8 1200 per Kg @PKBLU_bp3tegal #GiatLuhkanSatminkalTegal #luhlapor https://t.co/u8nIoBjzzm";0;0;0;3;in;1425423804142997510;1709570484390793416;Surindra_suroya;https://twitter.com/Surindra_suroya/status/1709570484390793416
Wed Oct 04 14:03:25 +0000 2023;1709569917119566243;"Jangan tercengang pernyataan ini krn BP Batam hanya pelaksana dari penetapan Pulau Rempang sdg Proyek Strategis Nasional yg ditandatangani oleh Menko Perekonomian Pak Airlangga yg juga Ketum Partai Golkar. Pak Nusron wakil Partai Golkar.";1;23;273;680;in;1117990249806721024;1709569917119566243;msaid_didu;https://twitter.com/msaid_didu/status/1709569917119566243
Wed Oct 04 14:00:28 +0000 2023;1709569174966870398;"*VIRALKAN 📢📢📢* Selamat *Untuk  Fahri  Lubis  dan Team  Advokasi Untuk Rempang🙏 dengan Berhasil  Membawa Permasalahan Rempang Ke Perserikatan Bangsa Bangsa (PBB )  Kini Rempang Sudah Menjadi Sorotan Dunia👍🇲🇨🇲🇨 Power Of Allah* https://t.co/AFodEZhnZe";2;2;62;76;in;1667213278240706560;1709569174966870398;alfatih212426;https://twitter.com/alfatih212426/status/1709569174966870398
Wed Oct 04 13:57:50 +0000 2023;1709568512141000946;"Ini kok makin byk kejadian spt ini menjelang pergantian pemerintahan tahun depan?  Kemarin Rempang sekarang ini";0;0;0;0;in;22473719;1709568512141000946;pak_anggoro;https://twitter.com/pak_anggoro/status/1709568512141000946
Wed Oct 04 13:57:00 +0000 2023;1709568303658914023;"@ganjarpranowo Semoga bisa bertemu secara personal dg masyarakat rempang ya pak?";0;0;0;0;in;1469578207661723651;1709386148148347227;rendrawirawan8;https://twitter.com/rendrawirawan8/status/1709568303658914023
Wed Oct 04 13:55:40 +0000 2023;1709567967229526327;"#Rempang  @NSAGov @CIA #MSS  Kita menemukan Jejak Blackrock, Evergreen di kasus rempang, Clasified doc (TopSecret), yg di mulai sejak beberapa tahun lalu, di ketahui oleh Rockefeller, Bank Dunia, IMF.  Tp tdk hny di rempang, semua PSN ada jejaknya,khususnya IKN, KCJB, Rempang.";0;0;0;0;in;1682780171034849281;1709567967229526327;4nonymousH3RR;https://twitter.com/4nonymousH3RR/status/1709567967229526327
Wed Oct 04 13:54:55 +0000 2023;1709567778074816899;"Progres Pengembangan Rempang Eco-City, 16 Warga Sudah Tempati Hunian Sementara https://t.co/Z5FgYOFLur lewat @GoWest.ID";0;0;0;0;in;767014902099607552;1709567778074816899;gowest_id;https://twitter.com/gowest_id/status/1709567778074816899
Wed Oct 04 13:54:48 +0000 2023;1709567749696163862;"Progres Pengembangan Rempang Eco-City, 16 Warga Sudah Tempati Hunian Sementara https://t.co/4twnOrsdga lewat @GoWest.ID";0;0;0;0;in;353758281;1709567749696163862;gowestid;https://twitter.com/gowestid/status/1709567749696163862
Wed Oct 04 13:54:03 +0000 2023;1709567561535484223;"@tvOneNews Setuju,,,, Itu yang di tahan 40 orang bukan warga rempang,,, Juga nggak punya saudara di rempang Juga bukan pekerja di daerah rempang,,,, Masukin aja ke kawah merapi";0;0;0;0;in;1396311669500899329;1709343143609688394;YudhiHandoko15;https://twitter.com/YudhiHandoko15/status/1709567561535484223
Wed Oct 04 13:52:53 +0000 2023;1709567269507137565;"Pipa Sumur Bor Semburkan Api Hebohkan Warga Pamotan Rembang https://t.co/6dwBjHDfxF";0;0;0;0;in;598959076;1709567269507137565;20detik;https://twitter.com/20detik/status/1709567269507137565
Wed Oct 04 13:46:31 +0000 2023;1709565665357844910;"@gilapersija_2 @kevinpramudya_ Kmren sabtu nnton di solo , kmren di Semarang , skrng d rembang";0;1;0;0;in;177513001;1709203131660464219;Rahman__23;https://twitter.com/Rahman__23/status/1709565665357844910
Wed Oct 04 13:45:49 +0000 2023;1709565490212044953;"@BennyHarmanID Kalo yg dibahas masalah Rempang dan utang bagus. Tapi kalo ada maunya ingin kekuasaan yah sungguh ironi";0;0;0;0;in;816643071605547008;1709230696001409134;AyyubHebat;https://twitter.com/AyyubHebat/status/1709565490212044953
Wed Oct 04 13:44:40 +0000 2023;1709565201807454294;"@bianca01403 Staf rt bangga membuat rakyat rempang sengsara";0;0;0;0;in;1436168583881453592;1709505199147290743;BuruhCs;https://twitter.com/BuruhCs/status/1709565201807454294
Wed Oct 04 13:43:31 +0000 2023;1709564908436963346;"@Ronnie_Rusli Artinya kita tinggal tunggu pengumuman pembatalan yg disampaikan secara heroik  demi kepentingan  rakyat rempang ya prof?";0;1;1;2;in;824193361;1709451281922916848;blessing_countr;https://twitter.com/blessing_countr/status/1709564908436963346
Wed Oct 04 13:42:51 +0000 2023;1709564741797245031;"@AREAJULID Bisa bisanya udah tahunan di up lg sama mereka .. PENGALIHAN ISUUUU !!! Tetep kawal rempang dan 2024 !!!";0;0;0;0;in;626083640;1709522613666750650;rupa2warnanyah;https://twitter.com/rupa2warnanyah/status/1709564741797245031
Wed Oct 04 13:42:50 +0000 2023;1709564738060128652;"Simpati empati Rempang tp Calon yg didukung masih seputar dia2 orang juga..  ga ngerti lagi dah ah";0;0;0;0;in;1260282976891310081;1709564738060128652;UtomoAdi23;https://twitter.com/UtomoAdi23/status/1709564738060128652
Wed Oct 04 13:40:25 +0000 2023;1709564129940578384;"Scissor lift 12 meter di pati pemalang kendal batang rembang jepara jogja solo kudus klaten tegal @TribunJualBeli https://t.co/SqOXPvJuR2";0;0;0;0;in;125232432;1709564129940578384;nuvianrizal;https://twitter.com/nuvianrizal/status/1709564129940578384
Wed Oct 04 13:40:09 +0000 2023;1709564065306259645;"@Araghutama @asmirzakovic @Becauseofyou_76 Ada beberapa kemungkinan pak, ruas jalan Rembang-Pati banyak perbaikan dan masalah solar~";0;1;0;0;in;1638574000682180609;1709534283294191986;seringkluyuran;https://twitter.com/seringkluyuran/status/1709564065306259645
Wed Oct 04 13:33:45 +0000 2023;1709562453179466130;"@OposisiCerdas Tolong dipertegas, itu preman atau rakyat rempang yg berjuang untuk haknya terjebak terpancing bertindak anarkis??? Tolong dipertegas saat itu kapasitas pemerintahan untuk rakyat atau untuk oligarki?  Biarjelas,mana yg premannya,";0;0;0;1;in;1619307065998200835;1709425243952218535;BuanaJannah;https://twitter.com/BuanaJannah/status/1709562453179466130
Wed Oct 04 13:31:11 +0000 2023;1709561805901898140;"@papa_loren Nanya om, ini Rempang  atau Xinjiang? Miripkah polanya? Putus akses, tangkap, kuasai?";0;0;0;0;in;336961645;1709403357943935400;TaufikNHidayat;https://twitter.com/TaufikNHidayat/status/1709561805901898140
Wed Oct 04 13:31:00 +0000 2023;1709561760800489482;"@rmol_id Luka batin rakyat rempang sulit sembuh, apa lagi rakyat rempang yg di tahan di anggap sbg preman";0;0;0;0;in;1474943932958068736;1709525741778669910;Mbahhardiman;https://twitter.com/Mbahhardiman/status/1709561760800489482
Wed Oct 04 13:29:12 +0000 2023;1709561307547201596;"@tvOneNews Langsung turun ke batam aja kalau niat membela.  Karna warga rempang yg ditindas sama penjajah tu di rempang bukan dijakarta.";0;0;0;0;in;1290137410240524288;1704320018857832958;meGAme32970320;https://twitter.com/meGAme32970320/status/1709561307547201596
Wed Oct 04 13:28:16 +0000 2023;1709561072288686187;"Mereka kira warga rempang orang utan,dikerangkeng gitu Sungguh rezim biadab https://t.co/Ap052xta5d";0;0;0;0;in;1609218415423795200;1709561072288686187;MuhammadIkhtid5;https://twitter.com/MuhammadIkhtid5/status/1709561072288686187
Wed Oct 04 13:28:13 +0000 2023;1709561058892165309;"@Heraloebss Yg mnjadi pertanyaan knapa berita2 tentang jessica wongso itu dibuka lagi mndekati pemilu,ramainya soal tanah warga rempang hingga soal KCIC..knapa tdk di waktu tenang sblum2nya..jk memang dirasakan ada kejanggalan dlm kasus kopi.Sianida???..apakah krn difilmkan jd ramai.lagi?🤔";0;1;1;8;in;1286557775670042625;1709540592148262915;Fadlipenyair;https://twitter.com/Fadlipenyair/status/1709561058892165309
Wed Oct 04 13:27:58 +0000 2023;1709560997638484218;"@papa_loren Dendam amat elu @bahlillahadalia dgn rakyat rempang? Kenapa?";0;0;0;0;in;1683103233433296897;1709403357943935400;ZaenXYZ;https://twitter.com/ZaenXYZ/status/1709560997638484218
Wed Oct 04 13:24:47 +0000 2023;1709560194123141513;"@B_nin927 Iwan Pals itu incumbent, tapi pemenangnya tetap Mas Anies.  Tobat wan, ikuti jejak Bimbo Membela Rempang, gak nggcor thok.";0;0;0;2;in;1603637857654296576;1709469852757561577;SSukasim;https://twitter.com/SSukasim/status/1709560194123141513
Wed Oct 04 13:24:05 +0000 2023;1709560019082227775;"@TrioKwek212Kwek Penyerobotan Tanah Warga Rempang, Nusron Wahid: Apa Bedanya BP Batam dengan VOC? https://t.co/aocQ4IFHZO";0;0;0;0;in;1618351099605577730;1709424297549365713;Kyaigringsing62;https://twitter.com/Kyaigringsing62/status/1709560019082227775
Wed Oct 04 13:22:21 +0000 2023;1709559584833384927;"@msaid_didu Tandanya die panik. Krn die yg ttd proyek Rempang .Jk gagal bisa digantung  oligarki 😅☕";0;0;0;1;in;1646979570;1709435818400747954;cholidin7;https://twitter.com/cholidin7/status/1709559584833384927
Wed Oct 04 13:22:04 +0000 2023;1709559513991537136;"@tvOneNews Yang di tahan pendemo yang bukan warga rempang,,, Juga bukan sanak saudara warga rempang,,,  Juga tidak bekerja di sekitaran rempang,,,, Mereka2 provokator / orang2 bayaran proxy eropa dan amerika,,, Jadi nggak perlu di bebaskan Masukkan aja ke kawah merapi atawa akrakatau";0;0;0;0;in;1396311669500899329;1709525372164014494;YudhiHandoko15;https://twitter.com/YudhiHandoko15/status/1709559513991537136
Wed Oct 04 13:20:05 +0000 2023;1709559014273761632;"Mirip Kasus Rempang Galang #SaveRempang   https://t.co/XLJHbxNDkP";0;0;0;0;in;1641789194002661381;1709559014273761632;immankfsyah;https://twitter.com/immankfsyah/status/1709559014273761632
Wed Oct 04 13:17:59 +0000 2023;1709558483534700928;"Bukan jadi Tauladan, Menteri Bahlil Malah Sewa Preman Bubarkan Aksi HMI Bela Rempang https://t.co/RD15puz3Ct";0;0;0;0;in;1636627729675337734;1709558483534700928;posaktualcom;https://twitter.com/posaktualcom/status/1709558483534700928
Wed Oct 04 13:16:16 +0000 2023;1709558050775064815;"@tempodotco Sampai kiamat #Rempang tidak akan pernah dijual kepada siapapun dan negara manapun @bpbatam @bkpm @erickthohir @bahlillahadalia @jokowi";0;0;0;0;in;2518915579;1709556373854576738;tgh998;https://twitter.com/tgh998/status/1709558050775064815
Wed Oct 04 13:15:30 +0000 2023;1709557860043223368;"@Humairah_922 Org tolol berarti lo juga rampok tanah org Rempang dasar penghianat";0;0;0;0;in;1511296306672988160;1709206429641658725;UsupSag;https://twitter.com/UsupSag/status/1709557860043223368
Wed Oct 04 13:14:33 +0000 2023;1709557619336286645;"Daftar negara paling sejahtera di dunia : 1. Bali 2. Indonesia 3. Rempang";0;0;0;0;in;1658080103367344129;1709557619336286645;ShofwanAfif;https://twitter.com/ShofwanAfif/status/1709557619336286645
Wed Oct 04 13:14:25 +0000 2023;1709557589091250558;"Solusi dan kesepakatan yang diambil dari pihak pendukung proyek dan pihak media dari konflik rembang Ada yang bisa ngerjain soal diatas?  #zonauangᅠ #jokitugaskuliah #jokitugas";0;10;1;2;in;1485851804982460416;1709557589091250558;SyifaSauqi01;https://twitter.com/SyifaSauqi01/status/1709557589091250558
Wed Oct 04 13:14:19 +0000 2023;1709557561413021921;"@tvOneNews Hai rakyat kalian tau tidak mksudnya itu apa? Itu artinya nyawa nya sudah di ujung tanduk klw gagal makanya kalau di biarkan negara kita jadih negara preman kata nya bukan kah ini negara banyak preman dari dl, 🤣😆 pokonya itu Rempang harus ttp jalan, klw GK paham jg mati aja";0;0;0;0;in;1661054719132073984;1709525372164014494;MadristaTe32569;https://twitter.com/MadristaTe32569/status/1709557561413021921
Wed Oct 04 13:12:43 +0000 2023;1709557160852799932;"Maka bahlil lah pengkhianat rakyat sebenarnya, memang orang licik selalu berpenampilan bagaikan malaikat. Cari dan adili bahlil saat rezim laknat ini runtuh, jadikan dia sbg sasaran utama sbg pihak yg Paling bertanggung jawab atas penderitaan rakyat di Rempang";0;0;0;0;in;1692149386426609664;1709557160852799932;tolol_bajingan;https://twitter.com/tolol_bajingan/status/1709557160852799932
Wed Oct 04 13:12:27 +0000 2023;1709557092221415579;"@tvOneNews Lah prilaku preman rezim yg memulai &amp  mencontohkan di Rempang. Tanpa AMDAL &amp  MoU yg sdh kadaluwarsa, hak rakyat atas tempat tinggal diusir paksa melalui tangan aparat &amp  tentara🤔";0;0;0;0;in;1558548948172042240;1709343143609688394;kretekmantab;https://twitter.com/kretekmantab/status/1709557092221415579
Wed Oct 04 13:11:04 +0000 2023;1709556744094163231;"@korantempo Di rempang warganya menolak skrang warga sepaku kesulitan mndapatka  sertifikat..sblumnya jg warga wadas..pembagunan berkeadilan yg diharapkan yg ada protes dr warga..yg diutungkan ujung Cukong jg😏";0;0;5;10;in;1286557775670042625;1709491349798674457;Fadlipenyair;https://twitter.com/Fadlipenyair/status/1709556744094163231
Wed Oct 04 13:09:44 +0000 2023;1709556408730198426;"7 September 2023, barangkali merupakan hari jahanam saat kemanusiaan ditindas dan dicampakkan. Rempang hanyalah satu kasus dari sekian banyaknya pola kekerasan aparat negara dalam Proyek Strategis Nasional.  #TukarPikiran Exclusive: https://t.co/p2r1uZZ7C7";0;0;2;3;in;46693036;1709556408730198426;inilahdotcom;https://twitter.com/inilahdotcom/status/1709556408730198426
Wed Oct 04 13:09:36 +0000 2023;1709556373854576738;"BP Batam Klaim Investasi Rempang untuk Kesejahteraan Masyarakat #TempoBisnis https://t.co/az6Tpp05dx";0;1;0;0;in;18129942;1709556373854576738;tempodotco;https://twitter.com/tempodotco/status/1709556373854576738
Wed Oct 04 13:07:29 +0000 2023;1709555842406916343;"Sekarang kami lagi bahas paslon Presiden, guys. Next kayanya bahas huru hara Pulau Rempang";0;1;0;1;in;1332406081612521473;1709555842406916343;missingodette;https://twitter.com/missingodette/status/1709555842406916343
Wed Oct 04 13:05:03 +0000 2023;1709555230268944570;"Bukan jadi Tauladan, Menteri Bahlil Malah Sewa Preman Bubarkan Aksi HMI Bela Rempang https://t.co/0NRz5AueQ3 https://t.co/naQXBL8v4G";0;0;0;0;in;1592886017446793218;1709555230268944570;polhukamid_;https://twitter.com/polhukamid_/status/1709555230268944570
Wed Oct 04 13:04:16 +0000 2023;1709555032566407397;"Kejam nya kalian terhadap warga rempang";0;0;0;0;in;1569616122353426432;1709555032566407397;cheonyeon1924;https://twitter.com/cheonyeon1924/status/1709555032566407397
Wed Oct 04 13:03:06 +0000 2023;1709554739682386172;"BP Batam: Investasi Rempang untuk kesejahteraan masyarakat luas https://t.co/lrBpyd0w2g";0;0;0;0;in;1203876160469266433;1709554739682386172;antarabiz;https://twitter.com/antarabiz/status/1709554739682386172
Wed Oct 04 13:02:48 +0000 2023;1709554662125560065;"@tvOneNews Iya benar. Demo kebablas tuh di Rempang. Hukum RI masih ada kah";0;0;0;0;in;2925058837;1709343143609688394;bagushermawan66;https://twitter.com/bagushermawan66/status/1709554662125560065
Wed Oct 04 13:02:36 +0000 2023;1709554614847119751;"Bukan jadi Tauladan, Menteri Bahlil Malah Sewa Preman Bubarkan Aksi HMI Bela Rempang https://t.co/3o7V85fr86";0;0;0;0;in;1662344532627976192;1709554614847119751;geloradotnews;https://twitter.com/geloradotnews/status/1709554614847119751
Wed Oct 04 12:59:25 +0000 2023;1709553812560822481;"@JimlyAs Bagusnya Prof sekali-kali ingatkan presiden supaya menepati janjinya sama masyarakat... Kan tidak ada visi menteri semua Visi presiden, IKN proyek tidak urgen, kcjb, terakhir Rempang. Bersuaralah Prof langsung ke jantung kekuasaan dan si menteri segala urusan....";0;0;0;10;in;508662540;1709398611380072951;arsyad_habe;https://twitter.com/arsyad_habe/status/1709553812560822481
Wed Oct 04 12:57:48 +0000 2023;1709553404568277405;"Warga Rempang Tuntut Nilai Rumah Relokasi Sesuai dengan yang Sekarang @SolidRempang https://t.co/qqS59xXAUZ";0;0;0;0;in;567966875;1709553404568277405;lawjusticeco;https://twitter.com/lawjusticeco/status/1709553404568277405
Wed Oct 04 12:56:35 +0000 2023;1709553100011516369;"@tempodotco Soal APBN jadi jaminan utang : "Tanyakan ke Bu Menkeu" Soal Rempang : "Masa urusan begitu harus sampai Presiden ?" Ditanya wartawan asing : "I want to test again my Foreign Minister, Please (sambil nunjuk Bu Retno)" 😁";0;0;0;1;in;1502779696152412160;1709456609318224088;damai_ind;https://twitter.com/damai_ind/status/1709553100011516369
Wed Oct 04 12:52:55 +0000 2023;1709552175314292939;"@korantempo Skip gak penting. Ikn Beda ama rempang yg sejak awal masyarakat lokal gak setuju.😅";0;0;0;1;in;2942630508;1709491349798674457;maula_adn;https://twitter.com/maula_adn/status/1709552175314292939
Wed Oct 04 12:52:30 +0000 2023;1709552072461615246;"JANJI JOKOWI PALSU...  WARGA REMPANG TAGIH JANJI JOKOWI YANG MAU BERIKAN SERTIFIKAT TANAH TUA DI REMPANG....‼️  #BahlilMenteriPremanisme  #BahlilMenteriPremanisme  🆘🆗 https://t.co/EAhHcEX3jJ";0;0;12;14;in;1679184284098367489;1709552072461615246;P3n99u94t_;https://twitter.com/P3n99u94t_/status/1709552072461615246
Wed Oct 04 12:51:26 +0000 2023;1709551803065672027;"@kretekmantab @korantempo beda ama rempang. Ikn panglima setuju bahkan yg menolak di ancam, rempang warga menolak. Jadi buat ini saya setuju buat kalian nikmati aja.😅";0;0;0;2;in;2942630508;1709491349798674457;maula_adn;https://twitter.com/maula_adn/status/1709551803065672027
Wed Oct 04 12:51:18 +0000 2023;1709551771142779009;"@tvOneNews Warga Rempang Persis Hidup dlm Penjajahan Kolonial Belanda dan VOC,cuma bedanya Rempah-rempah dan skr Invetasi sebagai kedok Penjajahan dan itu akan berlanjut ke daerah lain di Indonesia... https://t.co/WmVwgKLoAx";0;0;0;0;in;1686684809459109889;1709328515026591796;bangkit20214251;https://twitter.com/bangkit20214251/status/1709551771142779009
Wed Oct 04 12:49:27 +0000 2023;1709551305700921387;"@CNNIndonesia Rakyat rempang kemarin di hormati kah?";0;0;0;4;in;1251687776694628358;1709491251220037639;rajapokemon19;https://twitter.com/rajapokemon19/status/1709551305700921387
Wed Oct 04 12:48:42 +0000 2023;1709551114537070898;"Negara Keliru Urus #Rempang: Rakyat dan Investor Sama-Sama Rugi  https://t.co/ItqBT43ONL";1;0;0;0;in;1426005693983649794;1709551114537070898;Laras_nia90;https://twitter.com/Laras_nia90/status/1709551114537070898
Wed Oct 04 12:45:27 +0000 2023;1709550299101454832;"@RagilSemar @PineksoRoyi1 Nongol di Rempang atau IKN? 😀";0;0;0;2;in;1604632475560734720;1709367053277331704;Kalibrasi100;https://twitter.com/Kalibrasi100/status/1709550299101454832
Wed Oct 04 12:42:38 +0000 2023;1709549587885953284;"@Dandhy_Laksono Ternyata ancaman di copot, pantes aja pihak Kepolisian tega melakukan tindakan keras terhadap rakyat pulau Rempang,  Pak @jokowi mohon untuk tidak meninggalkan jejak kinerja buruk pak,   Dan ini 👇 Akibat aturan Dari Bpk Jokowi https://t.co/T3wwU1Wti5";0;0;8;10;in;1336091630;1709416497964326981;Candj09;https://twitter.com/Candj09/status/1709549587885953284
Wed Oct 04 12:42:19 +0000 2023;1709549507711803616;"Warga Pamotan, Rembang, dihebohkan dengan munculnya semburan api di pipa yang terhubung dengan sumur bor. https://t.co/b8NdPEWMB3";0;0;1;3;in;69183155;1709549507711803616;detikcom;https://twitter.com/detikcom/status/1709549507711803616
Wed Oct 04 12:39:37 +0000 2023;1709548828712714525;"@tvOneNews Yg preman warga apa yg menyerbu warga....???  Yg bener aje nie... Gue nanya nie...bukan nuduh yee...  Kalo nuduh ntar gue bs di kandangin jg ame warga rempang...";0;0;0;0;in;552918546;1709525372164014494;amaludinmzr;https://twitter.com/amaludinmzr/status/1709548828712714525
Wed Oct 04 12:35:51 +0000 2023;1709547882691678694;"@tvOneNews Jadinya tanah milik warga Rempang diserobot negara untuk kapitalis....ini negara Pancasila atau komunis kapitalis?";0;0;0;0;in;1305069505056399362;1709343143609688394;panca_hutama;https://twitter.com/panca_hutama/status/1709547882691678694
Wed Oct 04 12:35:26 +0000 2023;1709547777586536821;"Bukan jadi Tauladan, Menteri Bahlil Malah Sewa Preman Bubarkan Aksi HMI Bela Rempang https://t.co/s9Orh5wT2e";48;117;951;1640;in;3319260420;1709547777586536821;geloraco;https://twitter.com/geloraco/status/1709547777586536821
Wed Oct 04 12:35:12 +0000 2023;1709547718757249483;"@geloraco Marahin tuh Nasdem, Rempang all Nasdem yg mengatur semua. 🤣🤣";0;0;0;0;in;1423349409840975873;1709155751632175473;streetlawyers85;https://twitter.com/streetlawyers85/status/1709547718757249483
Wed Oct 04 12:35:01 +0000 2023;1709547672292782379;"@abu_waras Selagi warga yg ditahan blm dibebaskan artinya Rempang tidak baik-baik saja, AWAS JANGAN LENGAH !";0;0;0;2;in;1550243385931288576;1709545956310646926;primus_reco;https://twitter.com/primus_reco/status/1709547672292782379
Wed Oct 04 12:34:17 +0000 2023;1709547487151931395;"Hanya manusia bodoh alias kecobong harm jada percaya rempang itu tidak ada apa apa nya.";0;0;1;1;in;1344624614714998784;1709547487151931395;AmriCandra2;https://twitter.com/AmriCandra2/status/1709547487151931395
Wed Oct 04 12:33:51 +0000 2023;1709547378838261792;"@OposisiCerdas Kalian sendiri yg preman uang P nya sudah di terima oleh bahlil dan jkw Rp3.6 T maka nya dia ngotot mau menggusur Rakyat Rempang dan sekarang semua kejahatan bahlil sudah di ketahwi publik";0;0;0;0;in;1170251268633157632;1709425243952218535;RickyDiningrat1;https://twitter.com/RickyDiningrat1/status/1709547378838261792
Wed Oct 04 12:33:32 +0000 2023;1709547300698366128;"@Tan_Mar3M 17 ribu hektar lebih tanah d Rempang kau serahkan ke China Harusnya dia ngaca d depan cermin yg besar";0;0;1;3;in;1642627278789283840;1709544956111778097;JendralKepitin9;https://twitter.com/JendralKepitin9/status/1709547300698366128
Wed Oct 04 12:32:18 +0000 2023;1709546988017242253;"@tvOneNews Termasuk pelanggaran HAM KM50, DESA WADAS, PERAMPASAN TANAH REMPANG dll";0;0;0;0;in;1489075530729091072;1709237525217513584;brammuara82;https://twitter.com/brammuara82/status/1709546988017242253
Wed Oct 04 12:31:50 +0000 2023;1709546872258588856;"Pulau Rempang memiliki kekayaan yg luar biasa https://t.co/aqLAEsID6g";0;0;0;0;in;1504332147293048834;1709546872258588856;BunieTinie;https://twitter.com/BunieTinie/status/1709546872258588856
Wed Oct 04 12:31:14 +0000 2023;1709546721100054847;"Bau2 mau d gusur lagi nih kyk rempang 🤔";0;3;0;1;in;1251687776694628358;1709546721100054847;rajapokemon19;https://twitter.com/rajapokemon19/status/1709546721100054847
Wed Oct 04 12:28:50 +0000 2023;1709546116155662506;"@tvOneNews Lah..  selama ini kan emang isinya anak anak muda...  Anak anak muda penghamba kekuasaan kah??  Bukan anak anak muda yang kritis terhadap kekuasaan. Bukan anak anak muda yg bersuara lantang membela rakyat rempang.";0;0;0;1;in;579089730;1709489087214960736;NKRIndonesia79;https://twitter.com/NKRIndonesia79/status/1709546116155662506
Wed Oct 04 12:28:12 +0000 2023;1709545956310646926;"Bahlil Tolak Bebaskan Warga Rempang: Kalau Dibiarkan, Negara Kita Jadi Negara Preman. Netizen: Bahlil Sudah Kayak Kepala Preman Yang Dibiarkan Merajalela Oleh Negara. https://t.co/cBBif1LmgA";11;42;76;182;in;2905814730;1709545956310646926;abu_waras;https://twitter.com/abu_waras/status/1709545956310646926
Wed Oct 04 12:26:57 +0000 2023;1709545640194383952;"Rabu tanggal 04 Oktober 2023, Polsek Rembang  bekerjasama dengan Selecta Grafika melaksanakan kegiatan Baksos droping air bersih untuk membantu masyarakat yang terdampak musim kemarau di Dk. Ngotet lor Ds. Ngotet Kecamatan Rembang Kabupaten Rembang. https://t.co/0JKVqV7pyh";0;0;0;0;in;1680775883832070151;1709545640194383952;Polsek_Rbg;https://twitter.com/Polsek_Rbg/status/1709545640194383952
Wed Oct 04 12:24:05 +0000 2023;1709544922355990718;"TERUNGKAP KORUPSI SETORAN UWT REMPANG ECO CITY RP. 3,6 TRILIUN....‼️  #BahlilMenteriPremanisme  #BahlilMenteriPremanisme 🆘🆗  https://t.co/3arYitztbE";0;0;2;3;in;1679184284098367489;1709544922355990718;P3n99u94t_;https://twitter.com/P3n99u94t_/status/1709544922355990718
Wed Oct 04 12:22:25 +0000 2023;1709544499050086430;"@geloraco Bahlil alias bahlul lebih baik henti kan aja ambisi jelek nya bahlil dan jkw.ngotot mau bikin proyek di pulau Rempang kalian enak dapat uang P nya Rakyat Rempang yg menanggung penderitaan nya seumur hidup";0;0;0;0;in;1170251268633157632;1709427605903122457;RickyDiningrat1;https://twitter.com/RickyDiningrat1/status/1709544499050086430
Wed Oct 04 12:18:47 +0000 2023;1709543584574390579;"@tvOneNews warga rempang di gusur, pramugari simpenan lu gua satuin ke istri sah lu bahlil 😅";0;0;0;0;in;1448116270424002569;1709343143609688394;faizalmazda;https://twitter.com/faizalmazda/status/1709543584574390579
Wed Oct 04 12:18:29 +0000 2023;1709543509378978005;"@tvOneNews Pak... di desa kami juga terancam.. mau nambah lahan , tapi hutan/belukar sudah di blok perusahaan yg mendapat izin permintah.  Perjuangan masyrakat rempang adalah kesadaran buat kami.";0;0;0;0;in;98631611;1709343143609688394;andreasfaisalyf;https://twitter.com/andreasfaisalyf/status/1709543509378978005
Wed Oct 04 12:15:30 +0000 2023;1709542761081577577;"@geloraco U..... yg preman rakyat REMPANG sdh ratusan tahun tinggal di Rempang lu gusur lalu tanah kamu ksih ke cina otak lu waras....!!!!!";0;0;0;0;in;1513651601067548673;1709427605903122457;AzamJavas;https://twitter.com/AzamJavas/status/1709542761081577577
Wed Oct 04 12:12:57 +0000 2023;1709542119873110256;"@tvOneNews Ga usah nunggu jadi presiden dlu. Skrg aja action gmn ngurus korban Kanjuruhan, Wadas, rempang, munir, marsinah. Msh banyak lg klo dibeberin jar.";0;0;0;2;in;1604105533723914240;1709256322955571656;dxdiag2424;https://twitter.com/dxdiag2424/status/1709542119873110256
Wed Oct 04 12:12:32 +0000 2023;1709542014600286567;"Ini maksudnya apa? Yg ngasih konsesi ratusan tahun buat perusahaan asing siapa?? Kereta cepat, IKN, Rempang 🤔🤔🤔";0;1;0;0;in;2610339342;1709542014600286567;aciljogja;https://twitter.com/aciljogja/status/1709542014600286567
Wed Oct 04 12:12:17 +0000 2023;1709541951429870019;"Isak Tangis Warga Rempang Mohon Polisi Bebaskan Keluarga Mereka https://t.co/ShCvc83N2F lewat @YouTube https://t.co/nKSNiMMN8W";0;0;0;0;in;1243113157066776576;1709541951429870019;tribunbanten;https://twitter.com/tribunbanten/status/1709541951429870019
Wed Oct 04 12:10:41 +0000 2023;1709541548143391168;"@JulianiMadinah Lah....ini dia mulai  kok tuduh pendemo di Rempang gaya preman?";0;0;0;0;in;1250423612558823427;1709437221323894898;TaherBayu;https://twitter.com/TaherBayu/status/1709541548143391168
Wed Oct 04 12:10:37 +0000 2023;1709541533345890794;"Hoaks Seputar Bentrokan Pulau Rempang, Simak Kumpulannya Biar Tak Terprovokasi https://t.co/872El6PXQB";0;1;1;1;in;47596019;1709541533345890794;liputan6dotcom;https://twitter.com/liputan6dotcom/status/1709541533345890794
Wed Oct 04 12:07:09 +0000 2023;1709540658145595440;"Bagaimana kalau kita suruh Pak @bahlillahadalia mundur saja jadi mentri. Dia tidak perduli dg warga Rempang juga thd penyelidikan yg dilakukan @OmbudsmanRI137 #BahlilMenteriPremanisme #BahlilMenteriPremanisme https://t.co/EtqwkQxy1m";0;2;31;56;in;929287558281830400;1709540658145595440;yaniarsim;https://twitter.com/yaniarsim/status/1709540658145595440
Wed Oct 04 12:05:27 +0000 2023;1709540229714153821;"@VIVAcoid Ngigau kayaknya...kan dari dulu dah diomongin jebakan batman cina..bikin karet cepet, bikin ikn, rempang dikasih";0;0;0;2;in;2646674790;1709472974846456034;hanidam17;https://twitter.com/hanidam17/status/1709540229714153821
Wed Oct 04 12:00:20 +0000 2023;1709538945397412100;"Amien Rais Jaminan Kasus Rempang dan Bebaskan Warga yang Ditahan  https://t.co/UkvwDAIMC4";0;0;1;1;in;1155129834172907521;1709538945397412100;FrontNelayan;https://twitter.com/FrontNelayan/status/1709538945397412100
Wed Oct 04 12:00:00 +0000 2023;1709538858550092105;"Bentrokan di pulau Rempang makan korban, Demokrat : Pemerintah jangan aniaya rakyat.  "Pemerintah jangan menggunakan aparat keamanan unutk menganiaya rakyat dengan mengatasnamakan Proyek Strategis Nasional (PSN)". . #demokrat #ahy #ahypemipinperubahan #jatim #demokratjatim https://t.co/4XUcLwJJsp";0;0;0;2;in;1693552599231041536;1709538858550092105;DPCPD_KotaBatu;https://twitter.com/DPCPD_KotaBatu/status/1709538858550092105
Wed Oct 04 11:59:40 +0000 2023;1709538774605275140;"Kendaraan Perang Dipersiapkan Antisipasi Kerusuhan Rempang | NEWS OR HOAX https://t.co/bfEqe512Ua";0;0;0;0;in;71436318;1709538774605275140;KompasTV;https://twitter.com/KompasTV/status/1709538774605275140
Wed Oct 04 11:59:00 +0000 2023;1709538606984118576;"Sarmuji Minta Kepala BKPM Selesaikan Masalah Investasi Rempang Secara Komprehensif #airlanggahartarto #kuningkeren #sayagolkar #partaigolkar #golkarpedia https://t.co/Lcz5F3HK6T";0;0;38;11;in;721898354502930433;1709538606984118576;golkarpedia;https://twitter.com/golkarpedia/status/1709538606984118576
Wed Oct 04 11:58:42 +0000 2023;1709538533558665419;"@detikcom Klo disini rakyat ngga salah digusur  yang penting no 1 investasi china nnti kan dpt komisi dari yang dijual tuh tanah rempang galang... Negara sdh di-CHINAKAN sama mukidi,cukup kaos di-lempar2 dari mobil spt zaman belanda klo ngasih ke rakyat yang dijajah di-lempar2..ngga sopan";0;2;0;4;in;1607359469318725633;1709161491897950563;LuckyLudjaina;https://twitter.com/LuckyLudjaina/status/1709538533558665419
Wed Oct 04 11:57:06 +0000 2023;1709538131270418653;"Warga Yang Ditangkap Karena Mempertahankan Tanah Leluhur Rempang Dianggap Sebagai Preman. Sementara  Digedung Kementerian Bahlil Ada Sekelompok Preman Brutal Menyerang Peserta Aksi Bela Rempang, Siapa Yang Mengirim Preman2 Ini ?  Preman Teriak Preman....? https://t.co/zRxRdPszqR";0;2;19;32;in;1473951054744068100;1709538131270418653;Onl1Jb;https://twitter.com/Onl1Jb/status/1709538131270418653
Wed Oct 04 11:55:25 +0000 2023;1709537705967988741;"@geloraco Klw gw jd org rempang yg ditahan,gw janji setelah jd org biasa ni org dan masih dipulau jawa nnt gw buat hitung2an ama dy.akan ad wktnya lo.";0;0;0;0;in;1125608568139313152;1709427605903122457;fkmilito2288;https://twitter.com/fkmilito2288/status/1709537705967988741
Wed Oct 04 11:55:12 +0000 2023;1709537651945320930;"@tvOneNews KOWE OJO DADI PENJAHAT RAKYAT REMPANG BRO BAHLIL AKAN DI INGAT TERUS OLEH RAKYAT REMPANG.";0;0;0;0;in;1474943932958068736;1709525372164014494;Mbahhardiman;https://twitter.com/Mbahhardiman/status/1709537651945320930
Wed Oct 04 11:54:10 +0000 2023;1709537390371733882;"@NapiPKS @tvOneNews KYK DI REMPANG YA ??  DAMAI";0;0;0;0;in;1499992587578781696;1709328550623612959;Ruthhisyam;https://twitter.com/Ruthhisyam/status/1709537390371733882
Wed Oct 04 11:53:42 +0000 2023;1709537275640733977;"@tvOneNews Enteng banget labelin warga rempang preman...";0;0;0;0;in;247524379;1709343143609688394;081807207363;https://twitter.com/081807207363/status/1709537275640733977
Wed Oct 04 11:50:35 +0000 2023;1709536488487313555;"@tvOneNews @agusudarmansyah Woy...@bahlillahadalia justru rezim jkw dg cara preman kuasai tanah rakyat, spt di P. Rempang dan P. Komodo.";0;0;0;0;in;405628816;1709343143609688394;SyaikhuMochtar;https://twitter.com/SyaikhuMochtar/status/1709536488487313555
Wed Oct 04 11:49:27 +0000 2023;1709536206369996803;"@VIVAcoid Rempang maksudnya Pak?";0;0;0;1;in;880901825750106112;1709472974846456034;iyok_26;https://twitter.com/iyok_26/status/1709536206369996803
Wed Oct 04 11:48:37 +0000 2023;1709535995069419760;"@Humairah_922 Saya org melayu Rempang Tanah kami bukan tanah TW kecuali kalian penjajah ??? Dan Penjajah harus di lawan ...Merdek Allahu Akbar !!! 🇮🇩❤️😍👌🙏";0;0;2;41;in;81386247;1709206429641658725;wa_one1;https://twitter.com/wa_one1/status/1709535995069419760
Wed Oct 04 11:44:58 +0000 2023;1709535077338849738;"@CNNIndonesia Apa? Dagelan sekaliii  Ini rempang siapa yg suruh.  What...pusing palak beby.";0;0;0;0;in;1704800839;1709500921141666071;sejenakberpikir;https://twitter.com/sejenakberpikir/status/1709535077338849738
Wed Oct 04 11:42:57 +0000 2023;1709534567756161503;"@Saraskund11 @Khoirunnisa378 @jayusmana752 @Jurnali2 @yunartowijaya @jokowi Teringat wadas sama rempang liat orang cuma bisa ngomong🤣🤣🤣";0;0;0;0;in;1530935493352755200;1708350321280647484;chi_doom;https://twitter.com/chi_doom/status/1709534567756161503
Wed Oct 04 11:38:25 +0000 2023;1709533428830638355;"@tvOneNews Yg Preman itu Kau Bahlil, Menyerang RAKYAT Rempang duluan, Mengerahkan Pasukan Gabungan TNI-POLRI Bersenjata Lengkap &amp  GAS AIR MATA secara Diam² &amp  Tiba²,  Emang SALAH RAKYAT Rempang apa Bahlil &amp  Mereka Yg ditahan itu adlh REAKSI Balasan dari AKSI KEJAHATAN Yg Kau CIPTAKAN Bahlil";0;0;0;3;in;1640518404988887041;1709525372164014494;Rizki5895243250;https://twitter.com/Rizki5895243250/status/1709533428830638355
Wed Oct 04 11:38:21 +0000 2023;1709533413097824617;"@tvOneNews Tidak ada visi misi mentri, adanya visi misi presiden...  Pernyataan mentri tersebut seakan gambaran dari sikap atasannya. Dalam menyikapi kasus rempang.  Bahkan mungkin komentar atasannya bisa lebih absurd. Seperti.  (YNTKTS)";0;0;0;0;in;735757094;1709343143609688394;CangFarhan;https://twitter.com/CangFarhan/status/1709533413097824617
Wed Oct 04 11:36:42 +0000 2023;1709532997819732201;"@tvOneNews Yg Preman itu Kau Bahlil, Menyerang RAKYAT Rempang duluan, Mengerahkan Pasukan Gabungan TNI-POLRI Bersenjata Lengkap &amp  GAS AIR MATA secara Diam² &amp  Tiba²,  Emang SALAH RAKYAT Rempang apa Bahlil &amp  Mereka Yg ditahan itu adlh REAKSI Balasan dari AKSI KEJAHATAN Yg Kau CIPTAKAN Bahlil";0;0;0;0;in;1640518404988887041;1709343143609688394;Rizki5895243250;https://twitter.com/Rizki5895243250/status/1709532997819732201
Wed Oct 04 11:34:32 +0000 2023;1709532450077241495;"@intanalr wkwk tapi tadi stikernya rada gaje kak   rembang-jwn-pati-kudus-lamongan (?) wkwk";0;1;0;0;in;412256340;1709513455940821445;atletkulineran;https://twitter.com/atletkulineran/status/1709532450077241495
Wed Oct 04 11:33:31 +0000 2023;1709532193893298388;"apakah rempang buat bakalan pangkalan, maka harus dikosongkan? https://t.co/YwX23J8x6H";0;0;0;0;in;1476857989973774336;1709532193893298388;Blasttotheair;https://twitter.com/Blasttotheair/status/1709532193893298388
Wed Oct 04 11:33:14 +0000 2023;1709532123827478883;"@fullmoonfolks Gen rempang : "Disinilah dulu, tanah leluhur kita"";0;0;0;0;in;1695220057104863234;1709464216611299696;Jshen1793;https://twitter.com/Jshen1793/status/1709532123827478883
Wed Oct 04 11:33:04 +0000 2023;1709532080890376479;"@papa_loren @DidikYanto5 Justru yg preman si Bahlil tanpa punya AMDAL dan sertifikat HPL mau merampas tanah warga Rempang seharusnya si Bahlil dan rezim Jokowi dilaporkan ke aparat penegak hukum mau merampok tanah warga";0;0;0;1;in;1350052213717049347;1709403357943935400;DadangYusup5;https://twitter.com/DadangYusup5/status/1709532080890376479
Wed Oct 04 11:32:46 +0000 2023;1709532007477473730;"@tvOneNews Ada yg lebih pantas gak selain kata keparat buat mereka yg sudah menggagahi tanah rempang?";0;0;0;0;in;1255824722329137152;1709328515026591796;beembooss;https://twitter.com/beembooss/status/1709532007477473730
Wed Oct 04 11:30:10 +0000 2023;1709531350217400769;"Terungkap Korupsi Setoran UWT Rempang Eco City Rp 3,6 Triliun  3,6 Triliun Angka Bagus Khanmaen @bahlillahadalia 👍👍  https://t.co/vQ65QU4WXA";13;32;442;814;in;279312062;1709531350217400769;Kanseulir;https://twitter.com/Kanseulir/status/1709531350217400769
Wed Oct 04 11:29:07 +0000 2023;1709531089407287424;"Anies justru mengaca dari kasus P. Rempang yg menyakitkan hati rakyat Indonesia dan tahu siapa dibalik ngototnya Menteri L dan B menggusur rakyat Rempang dan tentunya atas "perintah" (bukan titipan lagi) taipan yang dikenal banyak punya hak2 atas  tanah di Banten,  Lampung, Riau";0;0;0;0;in;1338292963810557954;1709531089407287424;Andra89996910;https://twitter.com/Andra89996910/status/1709531089407287424
Wed Oct 04 11:28:44 +0000 2023;1709530990237139060;"Indonesia villagers vow to resist Chinese-funded project, fearing 'cultural genocide' on Rempang Island - Officials want 7,500 residents to move out of Rempang where an US$11.5B ghost city, oops, industrial &amp  tourism hub, is set to be built.  https://t.co/JmlZPz09EE";0;0;4;4;en;1366200472705536002;1709530990237139060;BenTallmadge01;https://twitter.com/BenTallmadge01/status/1709530990237139060
Wed Oct 04 11:25:23 +0000 2023;1709530150151557428;"@Humairah_922 Suruh si anjeng wali ini jadi warga rempang dulu sebelum mangap moncongnya";0;0;0;1;in;1589436051042750465;1709206429641658725;zainudin_dino;https://twitter.com/zainudin_dino/status/1709530150151557428
Wed Oct 04 11:24:56 +0000 2023;1709530035240206379;"@tvOneNews @G03NT03R_ Masih ingat ? HOAX video emak2 yg marah &amp  menangis saat penertiban warung remang², dikemas diberitakan seolah kejadian di rempang. Cara licik &amp  biadab utk diskreditkan Pem. Salahkah klo rkyat mnilai inilah aslinya GENG BAJINGAN !!";0;0;1;1;in;2306788818;1709328515026591796;Hangudi_L;https://twitter.com/Hangudi_L/status/1709530035240206379
Wed Oct 04 11:24:05 +0000 2023;1709529821024534704;"Authorities are urging residents on Rempang in Riau Islands to immediately relocate to make way for the eco-city project on the island, amid opposition from locals over insufficient compensation for the affected people. #rempang  https://t.co/XuDPUlmB1b";0;0;0;0;en;1703734943170650112;1709529821024534704;Ilhamisme911;https://twitter.com/Ilhamisme911/status/1709529821024534704
Wed Oct 04 11:21:31 +0000 2023;1709529174023831868;"Maksudnya melalui kereta cepat atau Rempang?";0;0;0;0;in;1627968534444924928;1709529174023831868;irawandjk;https://twitter.com/irawandjk/status/1709529174023831868
Wed Oct 04 11:20:46 +0000 2023;1709528984613273898;"@geloraco Jahat betul kamu @bahlillahadalia  menganggap rakyat rempang preman tidak punya sopan santun pada rakyat rempang";0;0;0;0;in;1474943932958068736;1709427605903122457;Mbahhardiman;https://twitter.com/Mbahhardiman/status/1709528984613273898
Wed Oct 04 11:20:31 +0000 2023;1709528923141464241;"@kanda__S41D Tragedi Rempang baru slh satu bukti, blm bukti2 yg lain bhw Indonesia sdh dikuwasi oligarki china melalui jongo2nya. Maka jika Bangsa ini berteriak selamatkan Indonesia, pertanyaannya: mana buktinya ?? Sedih rasanya rakyat bawah yg sdh tak berdaya.";0;1;0;2;in;1622591044289454080;1709497195358302691;jabangtetuko007;https://twitter.com/jabangtetuko007/status/1709528923141464241
Wed Oct 04 11:20:21 +0000 2023;1709528881177444793;"Bahlil nekat tapi gapake nalar. Akut!  Guru Besar UI Prof. Ronnie: Xinyi di Rempang bukan cuma soal pasir kuarsa, tapi soal Strategic location arahan pemerintah China https://t.co/RQuzTRTdzu";0;0;0;0;in;1125553536102612992;1709528881177444793;Bardoel2;https://twitter.com/Bardoel2/status/1709528881177444793
Wed Oct 04 11:19:13 +0000 2023;1709528595927118123;"@tvOneNews Tapi satu yg bahlil semangat: membebaskan lahan rempang walau ditolak warga";0;0;0;0;in;895013970;1709525372164014494;sonosukesagara;https://twitter.com/sonosukesagara/status/1709528595927118123
Wed Oct 04 11:17:53 +0000 2023;1709528261410324554;"@realAmienRais Pak Amien, Posko Rempang ga ada update informasinya. Mohon diminta secara berkala informasikan updatenya pak.";0;0;0;3;in;2908675710;1709491430455132326;blank0429;https://twitter.com/blank0429/status/1709528261410324554
Wed Oct 04 11:16:17 +0000 2023;1709527859306397763;"⁦@bahlillahadalia⁩ bagusnya cepat2 panggil bp batam untuk menjelaskan  Atau ⁦@DPR_RI⁩ panggil ⁦@bahlillahadalia⁩ menjelaskan  Jangan main2, ini bukan hanya urusan uang tp juga kelangsungan hidup rakyat di Rempang!!!  https://t.co/T365uG3PWZ";10;28;187;371;in;486650220;1709527859306397763;Gank_Of_Petojo;https://twitter.com/Gank_Of_Petojo/status/1709527859306397763
Wed Oct 04 11:13:55 +0000 2023;1709527263153393849;"@Ronnie_Rusli TRAGEDI REMPANG sdh masuk ke komisi HAM PBB juga jika lihat beritanya prof, February sdh pilpres dan pileg, hitungan 4 BLN aja rezim ini BERKUASA, mungkin???🤦🤦🤦🙏🙏🙏";0;1;0;1;in;1626759132987682817;1709451281922916848;Suryawinatatmja;https://twitter.com/Suryawinatatmja/status/1709527263153393849
Wed Oct 04 11:10:27 +0000 2023;1709526389131739440;"@SangGuru2471 @DE__JAVU_ Rempang bagi mereka hanyalah sebagai alat untuk mengkampanyekan tujuan busuk mereka. https://t.co/EBdRedCgnj";0;0;0;1;in;1621789953113067521;1709445638172418267;ZakyFuad20;https://twitter.com/ZakyFuad20/status/1709526389131739440
Wed Oct 04 11:08:40 +0000 2023;1709525943025541489;"YG  JUAL /MERAMPAS  TANAH RAKYAT REMPANG .SI GENJER  E.KTP , WADAS ,PEMBANGUNAN  STADION ,DLL. HASAN MASIKU ,DEP. KEUANGAN +_400 T  PIY3  KABARE ? LALU  SUAMI  BU P.UAN ,KAK ISANG , GIB RUN , ( 700 T ? YA  .KOK  GAK DI ANGKEP👈🏼TAPI 👉🏽DI UNGKEP 🎩( DI TUTUPIN )SEP. SINETRON ! 🧤🙃";0;0;0;0;in;1565278686555013121;1709525940144157139;fransis74201222;https://twitter.com/fransis74201222/status/1709525943025541489
Wed Oct 04 11:07:52 +0000 2023;1709525741778669910;"Aksi kader Himpunan Mahasiswa Islam (HMI) membela masyarakat Rempang di depan kantor Kementerian Investasi/BKPM dibubarkan paksa oleh preman bayaran.   Mantan Ketum HMI Cabang Jakarta Barat, Rhezki Jovie Pratama menyayangkan, sebagai senior HMI, Menteri Bahlil bukan menjadi… https://t.co/4cGhfHktjD";87;206;1216;2263;in;990237626;1709525741778669910;rmol_id;https://twitter.com/rmol_id/status/1709525741778669910
Wed Oct 04 11:07:23 +0000 2023;1709525617564401958;"@HusinShihab Kcic rempang emang bukan titipan cok, elo yg gk pake data";0;0;0;0;in;1582054336359673859;1709211422042071498;RivalIstana;https://twitter.com/RivalIstana/status/1709525617564401958
Wed Oct 04 11:06:01 +0000 2023;1709525276210971071;"@pundingin I love how this post is like, fuck rempang, fuck our country- that is slowly moving towards a civil war, this vintage AC is fire. 😂";0;1;0;7;en;1522647094653202432;1709427165421552087;RandomPleb__;https://twitter.com/RandomPleb__/status/1709525276210971071
Wed Oct 04 11:03:22 +0000 2023;1709524607613759767;"Terungkap Korupsi Setoran UWT Rempang Eco City Rp 3,6 Triliun https://t.co/QcghxSC3wB";0;0;0;0;in;1622493825104240641;1709524607613759767;JokoHar67908821;https://twitter.com/JokoHar67908821/status/1709524607613759767
Wed Oct 04 11:03:05 +0000 2023;1709524535354257800;"Penjelasan Bahlil Terkait Nasib Investasi Xinyi di Rempang Usai Terjadinya Konflik https://t.co/lANzgsz3GM";0;0;1;6;in;30201110;1709524535354257800;alisyarief;https://twitter.com/alisyarief/status/1709524535354257800
Wed Oct 04 11:01:06 +0000 2023;1709524038316589096;"@tvOneNews Kalau Rakyat Rempang dan Rakyat Indonesia biarkan, Rakyat tidak mau dengan Pemerintahan Preman";0;0;0;0;in;955653951411515392;1709343143609688394;Tedy65563102;https://twitter.com/Tedy65563102/status/1709524038316589096
Wed Oct 04 10:57:50 +0000 2023;1709523214765011392;"Indonesia butuh investasi #rempang Batam agar bisa terealisasi, investasi Rempang memberikan kesejahteraan ekonomi bagi masyarakat Rempang khususnya dan ekonomi Indonesia secara umum. https://t.co/qDBQ28ydG5";0;1;4;3;in;1127882656299880455;1709523214765011392;teddy77719;https://twitter.com/teddy77719/status/1709523214765011392
Wed Oct 04 10:51:17 +0000 2023;1709521565761913247;"Warga Rempang Menagih Janji Jokowi👉 Sertifikat Tanah Tua di Rempang   👉Kami Benci Pengkhianat  Kami akan tetap bertahan disini sampe nyawa taruhan nya https://t.co/oXpQv5AQ01";0;0;1;6;in;1204207022322769920;1709521565761913247;Paman_J;https://twitter.com/Paman_J/status/1709521565761913247
Wed Oct 04 10:51:15 +0000 2023;1709521557931143596;"@tvOneNews Kan warga Rempang adalah Pendukung mayoritas Jokowi.. ya ga usah sedihlah..harusnya bangga dan berbahagia, selamat meni'mati pilihanmu dulu dan inilah hasilnya 👍👍👍";0;0;0;1;in;1208262549323431936;1709328515026591796;dvl202520;https://twitter.com/dvl202520/status/1709521557931143596
Wed Oct 04 10:46:08 +0000 2023;1709520271789715498;"Tim Advokasi Kemanusiaan Untuk Rempang mengajukan permohonan penangguhan penahanan 30 masyarakat yang ditahan dan ditetapkan sebagai tersangka pasca-aksi solidaritas yang berlangsung di Kantor BP Batam, 11 September 2023 lalu.  #IDNTimesSumut   https://t.co/rXpxPt7wHQ https://t.co/yyulw1I7XX";0;0;0;0;in;1216815734233264128;1709520271789715498;IDNTimesSumut;https://twitter.com/IDNTimesSumut/status/1709520271789715498
Wed Oct 04 10:43:32 +0000 2023;1709519615867724086;"@Li9ayaTalaChes4 dukung bebaskan warga rempang yang ditahan..  #saverempanggalang";0;0;0;1;in;1147385191377199104;1709234822990930338;dyta0303;https://twitter.com/dyta0303/status/1709519615867724086
Wed Oct 04 10:43:23 +0000 2023;1709519577271652818;"@VIVAcoid Iya pak kaya rempang kan";0;0;0;1;in;1631607061053333505;1709472974846456034;NasiAking234;https://twitter.com/NasiAking234/status/1709519577271652818
Wed Oct 04 10:43:13 +0000 2023;1709519535332884590;"Rusun rempang warga yg mau di ungsikan .. wkwkw.. kayak penjara , wkwkek iyalah pribumi dipenjara sama rezim dan inveror ..  Ini namnya kebangsaan https://t.co/LDQIrABVmu";7;7;140;156;in;1154359993895751680;1709519535332884590;LULUSAN_SD_;https://twitter.com/LULUSAN_SD_/status/1709519535332884590
Wed Oct 04 10:42:58 +0000 2023;1709519474662265105;"@tempodotco Dari nelayan, petani menjadi gelandangan yg pengangguran ... itu mungkin impian rezim ke rakyat Rempang  di investasi Ini.";0;0;0;0;in;3329029736;1709160416549785848;p023456;https://twitter.com/p023456/status/1709519474662265105
Wed Oct 04 10:41:26 +0000 2023;1709519089235095671;"@himawan4578 @MagisterMMk @korantempo Btw Jokowi nepatin janji gak buat warga rempang? Ini itu murah? Gak bikin banyak aturan? Bbm murah? Mempersulit investasi?";0;0;0;0;in;1694312102893420544;1709433210688696350;WakhidAmar11428;https://twitter.com/WakhidAmar11428/status/1709519089235095671
Wed Oct 04 10:40:33 +0000 2023;1709518864109994084;"giat KP IX-1004  Melaksanakan giat Pengawasan bongkar ikan di TPI Tasyik agung Rembang guna atisipasi ketertiban dalam pelaksanaan bongkar ikan.  KOMANDAN KP IX-1004 BRIPKA ACMAD JAMI'ANTO https://t.co/MBZuudo12v";0;0;0;0;in;953252507362340865;1709518864109994084;PolairJateng;https://twitter.com/PolairJateng/status/1709518864109994084
Wed Oct 04 10:37:40 +0000 2023;1709518140705755253;"@tempodotco Untuk pelabuhan di rempang sepertinya tidak akan pernah masuk ke pantai pulau kecil mereka, jadi tidak akan berdampak pada terumbu karang pulau kecil mereka, dampak hanya sekitar pelabuhan yang di bangun saja. Ini provokator kok hobi membodohi rakyat ya, terlalu ...";0;0;0;0;in;161251950;1709514321502552259;reza_63;https://twitter.com/reza_63/status/1709518140705755253
Wed Oct 04 10:37:13 +0000 2023;1709518027228909796;"@geloraco bahlil ini pasti sangat dicintai warga rempang";0;0;0;0;in;1706925674429329408;1709427605903122457;RakaAizen94537;https://twitter.com/RakaAizen94537/status/1709518027228909796
Wed Oct 04 10:37:11 +0000 2023;1709518019062317461;"@geloraco tdk mungkin ada asap kalau tdk ada api? cara pemerintah mengatasi masalah p rempang pun sulit dikatakan benar dgn bukti temuan2 ombudsman? 🤔";0;0;0;1;in;237758322;1709427605903122457;y4n_yodas;https://twitter.com/y4n_yodas/status/1709518019062317461
Wed Oct 04 10:30:54 +0000 2023;1709516437638021262;"Selasa, tanggal 3 Oktober 2023, BPS Kabupaten Pati menggelar acara pengambilan Sumpah Pegawai Negeri Sipil di Aula BPS Kabupaten Pati. Sumpah PNS diikuti oleh 16 pegawai lingkup BPS Se Eks Karesidenan Pati (BPS Kab Pati, BPS Kab Rembang, BPS Kab Blora dan BPS Kab Grobogan). https://t.co/AqmR8b6C76";0;0;0;1;in;1679386684096651264;1709516437638021262;bpskabpati;https://twitter.com/bpskabpati/status/1709516437638021262
Wed Oct 04 10:30:00 +0000 2023;1709516210398756975;"DPR Jempoli Cara Menteri Bahlil Tangani Konflik Pulau Rempang  https://t.co/2ZzKPBiffV";0;0;0;0;in;1474011848118657029;1709516210398756975;_rakyatmerdeka;https://twitter.com/_rakyatmerdeka/status/1709516210398756975
Wed Oct 04 10:28:26 +0000 2023;1709515815949885846;"@wahabi92013848 @BangPino__ oh yg ke sandi ya, aman tuh dah lunas sesuai perjanjian. si den bokep malah kudu nerusin rencana jkw jual2in pulau buat lunasi hutang, ada 1700 kasus argria contoh rempang dll, udh jualm pulau korupsi pula, makanya gak pernah den bokep dpt penghargaan BPK";0;1;0;0;in;1614230419117051908;1709066146761277641;PubgMGlobal4;https://twitter.com/PubgMGlobal4/status/1709515815949885846
Wed Oct 04 10:28:07 +0000 2023;1709515735704420575;"@VIVAcoid Kalau penggusuran terhadap warga Rempang masuk kategori kolonialisme apa Pak? 🫢🫢🫢";0;0;0;0;in;97684970;1709472974846456034;kuatji;https://twitter.com/kuatji/status/1709515735704420575
Wed Oct 04 10:27:38 +0000 2023;1709515612748423499;"@tvOneNews Dia yg ngotot rempang di gusur. Makin curiga komisi nya gede";0;0;0;0;in;1470781071772028934;1709343143609688394;KangMusWae;https://twitter.com/KangMusWae/status/1709515612748423499
Wed Oct 04 10:25:56 +0000 2023;1709515185252426205;"LBP, JKW, MULDOKO,BAHLIL HARUS BERTANGGUNG JAWAB TERHADAP KONFLIK PULAU REMPANG.  Persekongkolan Jahat ‘Investasi Bodong’ Xinyi Grup Asal China Diungkap NCW: Adanya Dugaan Korupsi dan Pengaturan Nilai Investasi 👇👇👇👇 https://t.co/tH5Le68Myb";0;2;33;45;in;1667233216091279363;1709515185252426205;Andria75777;https://twitter.com/Andria75777/status/1709515185252426205
Wed Oct 04 10:24:15 +0000 2023;1709514764769259547;"Janji Bahlil Selesaikan Konflik Rempang Selengkapnya saksikan di sini: https://t.co/DaQqcnURtn #rosikompastv https://t.co/fozXVvkXOd";0;2;1;1;in;2370185780;1709514764769259547;Rosi_KompasTV;https://twitter.com/Rosi_KompasTV/status/1709514764769259547
Wed Oct 04 10:23:49 +0000 2023;1709514654274470367;"Bahlil Duga Ada Kepentingan Politik yang Tunggangi Konflik Rempang Selengkapnya saksikan di sini: https://t.co/DaQqcnURtn #rosikompastv https://t.co/Q3KWuiOgNQ";0;0;1;1;in;2370185780;1709514654274470367;Rosi_KompasTV;https://twitter.com/Rosi_KompasTV/status/1709514654274470367
Wed Oct 04 10:23:04 +0000 2023;1709514465354666051;"Sebut Tak Ingin Diadu Domba, Bahlil: Proyek Rempang Nggak Mungkin Batal Selengkapnya saksikan di sini: https://t.co/DaQqcnURtn #rosikompastv https://t.co/WjBlk2i4Bw";0;0;0;0;in;2370185780;1709514465354666051;Rosi_KompasTV;https://twitter.com/Rosi_KompasTV/status/1709514465354666051
Wed Oct 04 10:22:30 +0000 2023;1709514321502552259;"Konflik Rempang Eco-city terus berlanjut. Saat ini penolakan tidak hanya datang dari warga kampung tua asli yang terdampak relokasi, namun juga dari para nelayan. https://t.co/xYKYiBbvpQ";0;2;43;55;in;18129942;1709514321502552259;tempodotco;https://twitter.com/tempodotco/status/1709514321502552259
Wed Oct 04 10:22:21 +0000 2023;1709514284156498119;"Apa Peran Tomy Winata dalam Proyek Rempang? Ini Kata Bahlil Selengkapnya saksikan di sini: https://t.co/DaQqcnURtn #rosikompastv https://t.co/AXk0hKqt7P";0;0;1;1;in;2370185780;1709514284156498119;Rosi_KompasTV;https://twitter.com/Rosi_KompasTV/status/1709514284156498119
Wed Oct 04 10:21:52 +0000 2023;1709514165638042071;"Menteri Bahlil Klarifikasi Isu Proyek Rempang Kado dari China Selengkapnya saksikan di sini: https://t.co/DaQqcnURtn #rosikompastv https://t.co/LrvoA8mKXu";0;0;1;1;in;2370185780;1709514165638042071;Rosi_KompasTV;https://twitter.com/Rosi_KompasTV/status/1709514165638042071
Wed Oct 04 10:20:59 +0000 2023;1709513942786011295;"Bahlil: Kenapa Tempat Lain Nggak Se-Heboh Rempang? Selengkapnya saksikan di sini: https://t.co/DaQqcnUjDP #rosikompastv https://t.co/EbtbFzpWT9";0;0;1;1;in;2370185780;1709513942786011295;Rosi_KompasTV;https://twitter.com/Rosi_KompasTV/status/1709513942786011295
Wed Oct 04 10:20:41 +0000 2023;1709513865866936708;"@Jatayu_45back 2024 pilih anjar biar rempang aman😆";0;0;0;0;in;1424376806958780427;1709387837702066411;HTgpura;https://twitter.com/HTgpura/status/1709513865866936708
Wed Oct 04 10:19:53 +0000 2023;1709513663810568352;"Pengosongan Pulau Rempang Batal hingga Tawarkan Ganti Rugi, Bahlil: Mau Apa Jaminannya? Selengkapnya saksikan di sini: https://t.co/DaQqcnURtn #rosikompastv https://t.co/MMhAw6gCdt";0;0;1;1;in;2370185780;1709513663810568352;Rosi_KompasTV;https://twitter.com/Rosi_KompasTV/status/1709513663810568352
Wed Oct 04 10:19:50 +0000 2023;1709513652116877714;"Konflik Rempang, Gusur Rakyat Adat demi Investasi? Selengkapnya saksikan di sini: https://t.co/DaQqcnURtn #rosikompastv https://t.co/5yoiU07KFn";0;0;1;1;in;2370185780;1709513652116877714;Rosi_KompasTV;https://twitter.com/Rosi_KompasTV/status/1709513652116877714
Wed Oct 04 10:19:46 +0000 2023;1709513633787682892;"@PejuangKeluar15 Pantes Ngeyel skali pingin ngusir warga Rempang!";0;1;0;0;in;1473842130313306112;1709492772108120064;ohoxnya2;https://twitter.com/ohoxnya2/status/1709513633787682892
Wed Oct 04 10:19:40 +0000 2023;1709513609192313287;"16 Warga Rempang Sudah Menempati Hunian Sementara BP Batam kembali memfasilitasi pemindahan terhadap enam Kepala Keluarga (KK) Asal Desa Pasir Panjang, Kelurahan Rempang Cate, ke hunian sementara. Selasa (3/10/2023) #bpbatam #batam #rempang #rempanggalang https://t.co/rKZsoaRJcX";1;0;0;0;in;848796526071627777;1709513609192313287;wartabhineka;https://twitter.com/wartabhineka/status/1709513609192313287
Wed Oct 04 10:18:45 +0000 2023;1709513378371366998;"Warga Rempang Sampaikan Aspirasi ke Bahlil, Ini Skema Ganti Ruginya Selengkapnya saksikan di sini: https://t.co/DaQqcnURtn #rosikompastv https://t.co/R7ivN6kL4v";0;0;1;1;in;2370185780;1709513378371366998;Rosi_KompasTV;https://twitter.com/Rosi_KompasTV/status/1709513378371366998
Wed Oct 04 10:18:01 +0000 2023;1709513196024012955;"Ombudsman Sebut Menteri Bahlil Hanya Temui Warga Rempang yang Setuju Relokasi, Ini Klarifikasinya Selengkapnya saksikan di sini: https://t.co/DaQqcnURtn #rosikompastv https://t.co/QbZNYk9S0R";0;0;1;1;in;2370185780;1709513196024012955;Rosi_KompasTV;https://twitter.com/Rosi_KompasTV/status/1709513196024012955
Wed Oct 04 10:18:00 +0000 2023;1709513189967409487;"@sindoe @AzzamIzzulhaq Kalem aja gak usah nge-gas anda mau dukung pemerintah ya monggo, anda mau bilang pembangunan pabrik di rempang dan KCIC kerjasama dengan China ya monggo gwa cuma concern sama utang nya aja bro";0;1;0;0;in;1550481512780312577;1709244911906967759;003whitesky1;https://twitter.com/003whitesky1/status/1709513189967409487
Wed Oct 04 10:16:57 +0000 2023;1709512927454314504;"Bahlil: 317 KK Rempang Sukarela Pindah ke Hunian Sementara Selengkapnya saksikan di sini: https://t.co/DaQqcnURtn #rosikompastv https://t.co/moU6oBXo1R";0;0;1;1;in;2370185780;1709512927454314504;Rosi_KompasTV;https://twitter.com/Rosi_KompasTV/status/1709512927454314504
Wed Oct 04 10:16:39 +0000 2023;1709512852829266099;"Rempang rempang yg lain";0;0;0;1;in;307413145;1709512852829266099;PekPekok;https://twitter.com/PekPekok/status/1709512852829266099
Wed Oct 04 10:16:20 +0000 2023;1709512769022955669;"Awal Mula Konflik Rempang, Ini Klarifikasi Bahlil Selengkapnya saksikan di sini: https://t.co/DaQqcnURtn #rosikompastv https://t.co/b9BxadbtkC";0;0;1;1;in;2370185780;1709512769022955669;Rosi_KompasTV;https://twitter.com/Rosi_KompasTV/status/1709512769022955669
Wed Oct 04 10:15:46 +0000 2023;1709512627708362798;"Anehnya negara.... udah gak bisa ngasi penghasilan kepada warga, enggak ngasi mereka kesejahteraan bagi nelayan di rempang, ini malah mereka harus kehilangan rezeki. otaknya pada kemana ya pejabat sekarang";0;0;0;1;in;3466666161;1709512627708362798;HNahdiana;https://twitter.com/HNahdiana/status/1709512627708362798
Wed Oct 04 10:15:18 +0000 2023;1709512511710797877;"Bahlil Akui Ada Miskomunikasi di Konflik Rempang Selengkapnya saksikan di sini: https://t.co/DaQqcnURtn #rosikompastv https://t.co/zxSJXpuNoQ";0;0;1;1;in;2370185780;1709512511710797877;Rosi_KompasTV;https://twitter.com/Rosi_KompasTV/status/1709512511710797877
Wed Oct 04 10:14:34 +0000 2023;1709512328386093464;"Pulau Rempang Belum Selesai, Dicecar Anggota Komisi VI DPR Begini Jabwan Menteri Bahlil #TempoNasional https://t.co/drp7VxZzBN";0;1;2;5;in;18129942;1709512328386093464;tempodotco;https://twitter.com/tempodotco/status/1709512328386093464
Wed Oct 04 10:12:51 +0000 2023;1709511895664017534;"@partaigerilya Bahlil membubarkan masyarakat Rempang";0;0;0;2;in;842866424;1709437736552464557;ReezMuhammad;https://twitter.com/ReezMuhammad/status/1709511895664017534
Wed Oct 04 10:11:23 +0000 2023;1709511525260738883;"Solusi Kemelut Rempang: Sustainable Investment Strategy yang Bermartabat https://t.co/Mm89QXgXkx";0;0;1;1;in;1422120794923040770;1709511525260738883;brother_djon;https://twitter.com/brother_djon/status/1709511525260738883
Wed Oct 04 10:10:42 +0000 2023;1709511355521441902;"@VIVAcoid Lah apa kabar Rempang?";0;0;0;0;in;1575008665761087490;1709472974846456034;artnice27;https://twitter.com/artnice27/status/1709511355521441902
Wed Oct 04 10:10:14 +0000 2023;1709511235551850614;"Kalau mereka menuntut, siap-siap disebut preman oleh pejabat negara lalu dihadapkan dengan aparat seperti di Rempang. Ngenes bener nasib rakyat negeri ini";0;0;0;1;in;1637658497394565122;1709511235551850614;JanuarIwan2023;https://twitter.com/JanuarIwan2023/status/1709511235551850614
Wed Oct 04 10:02:25 +0000 2023;1709509269694087488;"Tim LBH Ajukan Penangguhan Penahanan 30 Warga Rempang https://t.co/OU17RRFrQq";0;0;0;1;in;745849790332805121;1709509269694087488;ivooxid;https://twitter.com/ivooxid/status/1709509269694087488
Wed Oct 04 10:01:46 +0000 2023;1709509106623795285;"Gw curiga aja ma @bahlillahadalia kok bsa Sebegitunya bela investor cina, luh dapat apa ? Kok bsa2nya Rkyat rempang dikorbanin 😬😬 Cc @muhammadiyah @MUIPusat @PBHMI_1947 @BEMUI_Official @Metro_TV @NasDem @PKSejahtera @DPP_PKB @atr_bpn @Puspen_TNI @kemendagri @jokowi @syahganda";0;0;0;0;in;1299376203334217729;1709509106623795285;Dewasuri30;https://twitter.com/Dewasuri30/status/1709509106623795285
Wed Oct 04 10:00:48 +0000 2023;1709508862519505198;"@tvOneNews Org yg membela tanah leluhur nya d sebut preman. Jika sprt itu...maka wajarlah jika rakyat rempang menyebut pemerintah saat ni sbgai penjajah dgn dalih investasi. Belanda jg gitu dulunya.";0;0;0;0;in;1329626557472600067;1709343143609688394;follower_ulama;https://twitter.com/follower_ulama/status/1709508862519505198
Wed Oct 04 10:00:14 +0000 2023;1709508720793891275;"Konflik Pulang Rempang: Jawaban Bahlil Lahadalia terhadap Pertanyaan Kunci Komisi VI di RDP DPR RI https://t.co/DBMx4aL4Ft";0;0;0;1;in;1643093405302652928;1709508720793891275;PhotoBnp77308;https://twitter.com/PhotoBnp77308/status/1709508720793891275
Wed Oct 04 09:59:29 +0000 2023;1709508529479098602;"@MichelAdam7__ Pandai bicara beda dgn pandai ngibul. Ngibulpun sering ketahuan. Gimana Rempang? Sdh ketemu uang sewa lahannya disimpen dimana?";0;0;0;0;in;1345745587;1709381301923635399;NikoAkmal;https://twitter.com/NikoAkmal/status/1709508529479098602
Wed Oct 04 09:59:27 +0000 2023;1709508523661619564;"KENAPA tidak dibawa kesidang DPR, kenapa HARUS ditutup jika pajak dll dibayar, bagaimana nanti nasib karwannya, ini HARUS dipelajari , hati2 dgn rempang SEBELUM di Kasi ke PT MEG, jgn TERJADI SAMA dgn perkara Hotel sultan , KELIRU BLUNDER";0;0;0;0;in;852594529;1709508521061208296;razakthaib19;https://twitter.com/razakthaib19/status/1709508523661619564
Wed Oct 04 09:58:54 +0000 2023;1709508382443622507;"Food estate dan Rempang Batam Implementasi Mafia Tanah air Indonesia oleh penyelengara negara.... @KemensetnegRI #BahlilMenteriPremanisme @atr_bpn";0;1;1;0;in;1605195051084435457;1709508382443622507;sumpanto;https://twitter.com/sumpanto/status/1709508382443622507
Wed Oct 04 09:58:51 +0000 2023;1709508372993868075;"Hendaknya LBH atau para Advokad turun tangan.  Apa dasar hukumnya warga Rempang ditahan, mrk bkn melakukan kejahatan, melainkan membela dan mempertahankan hak milik tanahnya dari dirampas semena mena";0;0;2;2;in;1171326344359079937;1709508372993868075;mhbmuhib17;https://twitter.com/mhbmuhib17/status/1709508372993868075
Wed Oct 04 09:55:19 +0000 2023;1709507483784667457;"@tempodotco Ditanya soal Rempang hal kayak gitu kog sampai presiden yang urusin. Giliran ditanya utang  tanya ke menteri. Lah jadi tugas mu sebagai presiden apa cuma gunting pita selfie. Bagi2 sertifikat. Lempar kaos. Memang manusia betul yang tidak ada kualitas nya. Kalibrasi itu ga sampai";0;0;0;5;in;1297153992452001792;1709456609318224088;darkknight_id;https://twitter.com/darkknight_id/status/1709507483784667457
Wed Oct 04 09:52:36 +0000 2023;1709506798330499532;"@Beritasatu Lah maksudnya nerusin Rempang pak";0;0;0;0;in;1621516208649695235;1709244832013783157;armada_flow;https://twitter.com/armada_flow/status/1709506798330499532
Wed Oct 04 09:46:50 +0000 2023;1709505348074352724;"alhamdulillah...🤲🤲 . #rempanglebihmaju  #rempang  #masadepancerah #masadepanlebihbaik #indonesiamaju  . https://t.co/dZneJs6eB5";0;1;1;1;in;1694263923544035328;1709505348074352724;rempang_04;https://twitter.com/rempang_04/status/1709505348074352724
Wed Oct 04 09:45:01 +0000 2023;1709504891679637751;"Kehadirannya juga sekaligus memberikan pemahaman atas isu miring yg beredar di publik terkait pengembangan Rempang Eco-City. Sehingga, ikhtiar pemerintah utk membangun daerah dapat berjalan baik &amp  bermuara kepada ekonomi masyarakat. @Li9ayaTalaChes4  @DaengWahidin2  By : BATAMPOS https://t.co/iy2P3SMgP0";0;0;0;0;in;1636699207926177792;1709504891679637751;bhinekaonekepri;https://twitter.com/bhinekaonekepri/status/1709504891679637751
Wed Oct 04 09:42:26 +0000 2023;1709504241734476065;"@OnlyFrens Lagi pada pokus ke Rempang sama makan beras.";0;0;0;0;in;213191350;1709501965502464466;kangoedinnet;https://twitter.com/kangoedinnet/status/1709504241734476065
Wed Oct 04 09:41:51 +0000 2023;1709504093876822025;"16 Warga Rempang sudah menempati Hunian sementara @Li9ayaTalaChes4  @DaengWahidin2   #Rempang #NKRIMembangun #IndonesiaMaju #Trending #viral #kepri #Respectfully https://t.co/61HGniUuLx";0;0;0;0;in;1636699207926177792;1709504093876822025;bhinekaonekepri;https://twitter.com/bhinekaonekepri/status/1709504093876822025
Wed Oct 04 09:41:36 +0000 2023;1709504029997633619;"#SaveRempang  #UsutTuntasProsesHukumBPBatam  #StopProyekOligarkiSetan  USUT PELANGGARAN HUKUM DAN HAM BERAT BP BATAM ‼️  RAKYAT BERSATU MELAWAN KEZALIMAN ‼️  #JAGA_TANAH_MILIK_RAKYAT_REMPANG https://t.co/RimdcuZ42T";0;0;4;4;in;1650516904010760195;1709504029997633619;Hero212_reborn;https://twitter.com/Hero212_reborn/status/1709504029997633619
Wed Oct 04 09:41:26 +0000 2023;1709503987316367694;"@papa_loren Jahat banget dia sama rakyat rempang Orang gini kok jadi pejabat publik Kurang sadis apa rezim ini sama rakyat Gara2 gagal gusur rakyat terus dia drndam sama rakyat Bahlil apa bahlul ini orang";0;0;0;4;in;1399564746;1709403357943935400;abu_haniffah;https://twitter.com/abu_haniffah/status/1709503987316367694
Wed Oct 04 09:41:15 +0000 2023;1709503940193292728;"Naaaah.... Mulai ada yg aneh nih  DEMOCRAZY News | Berita &amp  Politik Indonesia: Terungkap Korupsi Setoran UWT Rempang Eco City Rp ... https://t.co/0eQsZSqrTl";0;1;7;10;in;1345745587;1709503940193292728;NikoAkmal;https://twitter.com/NikoAkmal/status/1709503940193292728
Wed Oct 04 09:40:25 +0000 2023;1709503730637529238;"@AK__aja @jokowi 10.Isu orang2 dekat Presiden sengaja Merekayasa kasus Rembang utk menciptakan chaos spy @jokowi bisa mrmperpanjang jabatan 3 tahun";0;0;0;5;in;278039207;1709469450758684947;Megatop99;https://twitter.com/Megatop99/status/1709503730637529238
Wed Oct 04 09:39:34 +0000 2023;1709503518179258425;"Warga Sebut Bahlil Berbohong Soal Situasi di Pulau Rempang  https://t.co/J4N3wj7vMS";0;0;1;0;in;1216815734233264128;1709503518179258425;IDNTimesSumut;https://twitter.com/IDNTimesSumut/status/1709503518179258425
Wed Oct 04 09:38:58 +0000 2023;1709503368593621242;"@kompascom XINYI INVESTASI BODONG DI REMPANG PENELITI NCW. MUFAKAT JAHAT GRUOP XINYI. TERBUKTI DI BANGKA. DI JATIM   CASFLOW NYA $31 dan Aset juga dikit. Saham Xinyi jua jatuh di Bursa Hongkong";0;0;0;0;in;1395389169958940673;1709496973668368764;jonidicardoben2;https://twitter.com/jonidicardoben2/status/1709503368593621242
Wed Oct 04 09:36:50 +0000 2023;1709502829155778941;"@HusinShihab Rempang itu gimna ya 🤔";0;0;0;0;in;1553987149250572291;1709211422042071498;Md9762634Danill;https://twitter.com/Md9762634Danill/status/1709502829155778941
Wed Oct 04 09:36:19 +0000 2023;1709502701246317017;"@VIVAcoid Contohnya “ Rempang “";0;0;0;1;in;1591491358509830144;1709472974846456034;sayriyangapusi;https://twitter.com/sayriyangapusi/status/1709502701246317017
Wed Oct 04 09:34:18 +0000 2023;1709502193647448412;"Sadar sekali. Contohnya kasus Rempang. Kami ingin merdeka, Pak";0;0;0;2;in;158660810;1709502193647448412;afifahafra79;https://twitter.com/afifahafra79/status/1709502193647448412
Wed Oct 04 09:33:10 +0000 2023;1709501907927257316;"@tvOneNews Pdip selaku partai wong cilik,, koq diem aja dg kasus rempang,,,,, hanya retorika…";0;0;0;0;in;1591491358509830144;1709328515026591796;sayriyangapusi;https://twitter.com/sayriyangapusi/status/1709501907927257316
Wed Oct 04 09:31:47 +0000 2023;1709501558168432889;"@sobat_anies Demokrat pendukung Pelemahan KPK, Korupsi, omnibuslaw, penggusuran Rempang,...";0;0;0;0;in;701816233620942848;1709421205537915155;sipil82;https://twitter.com/sipil82/status/1709501558168432889
Wed Oct 04 09:31:45 +0000 2023;1709501552548098340;"TVR 120- Komisi II DPR RI: Kejelasan Status Kampung Tua Di Pulau Rempang  Pembangunan Proyek Strategis Nasional Rempang Eco City, memerlukan koordinasi yang sinergi &amp  terpadu antara BP Batam dengan Pemerintah Daerah Kota Batam #tvrparlemen #dprri #tvr120 https://t.co/SZ6cduvg6X";0;0;0;2;in;1389817105722187778;1709501552548098340;tvr_parlemen;https://twitter.com/tvr_parlemen/status/1709501552548098340
Wed Oct 04 09:31:37 +0000 2023;1709501519207522337;"Indonesia: villagers from #Rempang Island vow to resist Chinese-funded project, fearing ‘cultural genocide’ #RempangIsland #culturicide #Singapore #Gentrification  https://t.co/eSg3akKs5W";0;0;0;0;en;143142203;1709501519207522337;worldnewsdotcom;https://twitter.com/worldnewsdotcom/status/1709501519207522337
Wed Oct 04 09:30:45 +0000 2023;1709501301426635201;"@Kanseulir @Kanseulir pengalamanya apa, Yaqut punya pengalaman menjadi anggota DPRD dan Wakil Bupati Rembang, Anggota DPR RI Ketua Umum GP Ansor dan Sekarang Menteri Agama, Mantap.";0;0;0;0;in;1606491898952445952;1709205525353918796;Nurcholischol11;https://twitter.com/Nurcholischol11/status/1709501301426635201
Wed Oct 04 09:29:44 +0000 2023;1709501044726833334;"Regulasi yang Mengatur Rempang – Galang  ‘Relang yang Bergabung ke Batam’ https://t.co/zaXqpASLz5 lewat @GoWest.ID";0;0;0;0;in;767014902099607552;1709501044726833334;gowest_id;https://twitter.com/gowest_id/status/1709501044726833334
Wed Oct 04 09:29:38 +0000 2023;1709501019053576261;"Regulasi yang Mengatur Rempang – Galang  ‘Relang yang Bergabung ke Batam’ https://t.co/SnMurgkVPc lewat @GoWest.ID";0;0;0;0;in;353758281;1709501019053576261;gowestid;https://twitter.com/gowestid/status/1709501019053576261
Wed Oct 04 09:28:51 +0000 2023;1709500821304746157;"@AlnilamOmar Bisa dipastikan Ini Menteri cari maslah Sama Orang Melayu...Terutama Melayu kepri Rempang khususnya";0;0;0;1;in;1513469864798986240;1709424575661171183;Faraz_kepri;https://twitter.com/Faraz_kepri/status/1709500821304746157
Wed Oct 04 09:28:19 +0000 2023;1709500686491373601;"@ferdinanJefry @papasito_OF @tvOneNews memang warga rempang itu ormas atau kelompok?";0;0;0;1;in;890975737997516801;1709328515026591796;leni_narapati;https://twitter.com/leni_narapati/status/1709500686491373601
Wed Oct 04 09:26:28 +0000 2023;1709500222567813257;"Profil Kemiskinan Kabupaten Rembang Tahun 2022  berikut infografis kemiskinan di Kabupaten Rembang periode maret tahun 2022.  https://t.co/qKEHUI7oXH  #Kemiskinan  #ProfilKemiskinanKabupatenRembang  #InfoSeputarRembang @bpsprovjateng https://t.co/l79x8Jzo1B";0;0;0;1;in;852677804516753409;1709500222567813257;bps_kab_rembang;https://twitter.com/bps_kab_rembang/status/1709500222567813257
Wed Oct 04 09:25:54 +0000 2023;1709500077054800107;"@RamliRizal Guru Besar UI Prof. Ronnie: Xinyi di Rempang bukan cuma soal pasir kuarsa, tapi soal Strategic location arahan pemerintah China https://t.co/EccTGpForv";0;0;0;0;in;3277399364;1709500077054800107;a_daud_ppnp;https://twitter.com/a_daud_ppnp/status/1709500077054800107
Wed Oct 04 09:21:54 +0000 2023;1709499071080419417;"@hc_poirot Nyaman amat langsung mundur.. Buat rujakan warga Rempang dulu";0;0;0;0;in;403962618;1709105119969817063;trimodjo;https://twitter.com/trimodjo/status/1709499071080419417
Wed Oct 04 09:20:15 +0000 2023;1709498655626195067;"@tvOneNews Menteri BAHLUL yg Pake Preman buat jg kantornya dr Pendemo Rempang...";0;0;0;0;in;1686684809459109889;1709343143609688394;bangkit20214251;https://twitter.com/bangkit20214251/status/1709498655626195067
Wed Oct 04 09:14:11 +0000 2023;1709497130904383599;"@geloraco Wadas mendongkrak Rempang...🤣🤣🤣";0;0;0;1;in;1700531573479923712;1709483029524250990;jakariatangkari;https://twitter.com/jakariatangkari/status/1709497130904383599
Wed Oct 04 09:12:30 +0000 2023;1709496706197500007;"What ????? 🤔  Terungkap Korupsi Setoran UWT Rempang Eco City Rp 3,6 Triliun https://t.co/MWEW1rwfy3";26;89;902;1626;in;1021329195329179648;1709496706197500007;PresidenKopi;https://twitter.com/PresidenKopi/status/1709496706197500007
Wed Oct 04 09:11:11 +0000 2023;1709496373731836365;"@RagilSemar Andai warga Rempang dipaksa digusur sm pemerintah preman. Pengen sih semua rakyat kompak untuk turunkan pemerintah. Bodo amat mau dikatakan negara preman. Dulu para pejuang jg dikatakan sbg extrimis sm belanda &amp  sekarang kita katakan belanda sbg penjajah. Cc @bahlillahadalia";0;0;0;2;in;58219922;1709389250154967054;KopiKoetjoer;https://twitter.com/KopiKoetjoer/status/1709496373731836365
Wed Oct 04 09:09:54 +0000 2023;1709496052771066290;"@tvOneNews Apaa!?! Bukannya Si @bahlillahadalia mensponsori preman2 untuk merampas tanah adat Rempang? 🤦🏻";0;0;0;0;in;446796347;1709343143609688394;tfkurniawan;https://twitter.com/tfkurniawan/status/1709496052771066290
Wed Oct 04 09:09:31 +0000 2023;1709495955467477370;"@FOODFESS2 Buka di kudus juga dong. Demak, pati, rembang ada point coffee masa kudus kelewatan @pointcoffeeid";0;0;0;0;in;1540515166244474880;1709435402413830208;keumalahaya;https://twitter.com/keumalahaya/status/1709495955467477370
Wed Oct 04 09:06:28 +0000 2023;1709495188740256242;"Termasuk Pabrik Kaca, Xinyi Garap 10 Proyek Rp174 Triliun di Pulau Rempang https://t.co/1cJjPjhCtF";0;0;0;0;in;2460941724;1709495188740256242;gokepricom;https://twitter.com/gokepricom/status/1709495188740256242
Wed Oct 04 09:06:06 +0000 2023;1709495094582108462;"@tvOneNews Oh bahlil,,warga Rempang bukan lah preman,andalah yang preman,ingin merampok hak warga Rempang.";0;0;0;0;in;1452950179129274371;1709343143609688394;Jamal31287946;https://twitter.com/Jamal31287946/status/1709495094582108462
Wed Oct 04 09:04:24 +0000 2023;1709494667556028793;"Siapa yg menerima setoran UWT sebanyak itu? Rakyat Rempang yg dikorbankan sementara ada yg berpesta pora menerima uang sewa.  Menyewakan tanah orang lain lagi, smg perutnya pecah krn makan uang yg bukan haknya.";0;0;0;4;in;1033993501694779393;1709494667556028793;ElfizaEnny;https://twitter.com/ElfizaEnny/status/1709494667556028793
Wed Oct 04 09:03:39 +0000 2023;1709494478774608171;"@dundee_laziale @mas_untungJa @BangPakat Nahh ini gak lama proyek IKN akan melakukan hal sama dengan di rempang,  orang2 penduduk asli d gusur dgn alasan investasi....";0;0;0;0;in;977622285463969797;1708841475625336955;yoes_ansyah87;https://twitter.com/yoes_ansyah87/status/1709494478774608171
Wed Oct 04 09:00:34 +0000 2023;1709493703583424944;"Yang "ngembat" tanah leluhur rempang iku sopo @bahlillahadalia ?";0;0;0;0;in;1337643428729954304;1709493703583424944;prizuardi;https://twitter.com/prizuardi/status/1709493703583424944
Wed Oct 04 09:00:00 +0000 2023;1709493561371275370;"Serobot Tanah Warga Rempang, Nusron Wahid: Apa Bedanya BP Batam Dengan VOC?  https://t.co/qjgm8l2XKB";0;0;1;0;in;853782937782714368;1709493561371275370;radaraktual;https://twitter.com/radaraktual/status/1709493561371275370
Wed Oct 04 08:58:52 +0000 2023;1709493276984897757;"@democrazymedia Wow. Wajar jika Bahlil mati - Matian mengusir rakyat Rempang. Modal jadi ketum Golkar kali ya.🤣🤣";0;0;0;0;in;1047400017793699841;1709460844386639948;p3t4n1c1l1k;https://twitter.com/p3t4n1c1l1k/status/1709493276984897757
Wed Oct 04 08:58:20 +0000 2023;1709493141693428133;"Contohnya Rempang ya";0;0;0;0;in;760368651471990784;1709493141693428133;idhamarsyadNow;https://twitter.com/idhamarsyadNow/status/1709493141693428133
Wed Oct 04 08:54:03 +0000 2023;1709492062150877395;"justru negara ini semakin "HANCUR" kalau otak pejabatnya seperti bedebah ini!  Bahlil Tolak Bebaskan Warga Rempang: Kalau Dibiarkan, Negara Kita Jadi Negara Preman https://t.co/7ryAQq22UT";0;1;2;9;in;1682598502541688832;1709492062150877395;BSbukit;https://twitter.com/BSbukit/status/1709492062150877395
Wed Oct 04 08:50:10 +0000 2023;1709491086211883424;"Emang semua warga Rempang anggota milisi hitam orange? https://t.co/sp92xFd7a6";0;1;0;1;in;853088961018843136;1709491086211883424;xyouthofsouthx;https://twitter.com/xyouthofsouthx/status/1709491086211883424
Wed Oct 04 08:49:42 +0000 2023;1709490968955957300;"@Ronnie_Rusli Bahlil Sebut Ada Negara Lain yang Tak Suka jika Rempang Eco City Jalan - Video https://t.co/kG2zNr1xXt";0;0;0;0;in;1060471935866290176;1709437087999730032;sisi_positif;https://twitter.com/sisi_positif/status/1709490968955957300
Wed Oct 04 08:48:16 +0000 2023;1709490606819745889;"@Ronnie_Rusli Teringat Bahlil bilang ada negara lain yang tidak mau ada investasi Rempang";0;1;0;0;in;1060471935866290176;1709437087999730032;sisi_positif;https://twitter.com/sisi_positif/status/1709490606819745889
Wed Oct 04 08:44:11 +0000 2023;1709489581253657087;"Dinpendukcapil Purbalingga melaksanakan kegiatan Jemput Bola Pelayanan Pencatatan Sipil di Desa Bantarbarang, Kecamatan Rembang tanggal 3 Oktober 2023.  #dukcapil #dukcapiljateng #dukcapilpurbalingga #purbalingga #pemkabpurbalingga https://t.co/j8qqtUb2Fq";0;0;0;0;in;3278277853;1709489581253657087;DindukcapilPbg;https://twitter.com/DindukcapilPbg/status/1709489581253657087
Wed Oct 04 08:44:06 +0000 2023;1709489558898049316;"Warga rempang menolak penggeseran lahannya https://t.co/wn3kyt9Heu";0;0;0;0;in;1679417416663863298;1709489558898049316;mahdihasni24;https://twitter.com/mahdihasni24/status/1709489558898049316
Wed Oct 04 08:42:35 +0000 2023;1709489179779023005;"Diinformasikan bahwa informasi/produk hukum berikut telah dapat didownload di web JDIH KPU:  Keputusan Sekretaris Jenderal KPU Nomor 1717 Tahun 2023 tentang Pedoman Teknis Penyusutan Arsip Pemilihan Umum di Luar Negeri Link : https://t.co/PVVOMPX2gG  Terima kasih. https://t.co/3czZ25hU9I";0;0;0;1;in;1371262803751837700;1709489179779023005;JDIHKPU_REMBANG;https://twitter.com/JDIHKPU_REMBANG/status/1709489179779023005
Wed Oct 04 08:39:20 +0000 2023;1709488362334420995;"@henwizaniko @VIVAcoid Sejak kasus rempang jadi males pemilihan presiden, mau milih P sih tapi udah males sama pemerintah sekarang.";0;0;0;0;in;1472175281045598212;1709423122137698605;A_BiSo11;https://twitter.com/A_BiSo11/status/1709488362334420995
Wed Oct 04 08:34:17 +0000 2023;1709487089665147222;"@tvOneNews parah beritanya ini, menteri Bahlil sudah minta KAPOLDA untuk membebaskan warga rempang, tetapi warga pendatang (bukan warga rempang) yang membuat kerusuhan yang tidak boleh di bebaskan. saya dengar RDP dengan DPR Menteri Bahlil ngomong begitu.";0;1;0;1;in;1690893628288405504;1709343143609688394;JToonaw;https://twitter.com/JToonaw/status/1709487089665147222
Wed Oct 04 08:34:12 +0000 2023;1709487068106170459;"Guru Besar UI Prof. Ronnie: Xinyi di Rempang bukan cuma soal pasir kuarsa, tapi soal Strategic location arahan pemerintah China  https://t.co/rjXttfO7x2";0;0;0;0;in;1636627729675337734;1709487068106170459;posaktualcom;https://twitter.com/posaktualcom/status/1709487068106170459
Wed Oct 04 08:33:48 +0000 2023;1709486968332247305;"@NinzExe07 Terus bersuara untuk rempang   #BebaskanBangLong  #BebaskanBangLong";0;0;3;4;in;1648528556480434177;1709475402366984395;Humairah_922;https://twitter.com/Humairah_922/status/1709486968332247305
Wed Oct 04 08:33:18 +0000 2023;1709486841978896701;"Sweety Silver Pants Soft Cloud Cushion XXL 3 x 22's https://t.co/kc5087dXMl Adulting Bromo punya adik #AhnHyoSeop Alba Baptista Mundur Mahal Rempang Lebay #ATimeCalledYou Maroko https://t.co/awWsCq05ku https://t.co/aiSycn9RDB";0;0;0;0;in;1692294948882923521;1709486841978896701;librari_alvabet;https://twitter.com/librari_alvabet/status/1709486841978896701
Wed Oct 04 08:32:31 +0000 2023;1709486643579871527;"Andalah preman sesungguhnya, Pak. Sebelum ada kasus Rempang, apakah ada tindakan mereka yang meresahkan masyarakat? Tapi tindakan Anda di mana-mana bikin pusing rakyat.";0;0;0;1;in;921744804;1709486643579871527;icoelisme;https://twitter.com/icoelisme/status/1709486643579871527
Wed Oct 04 08:32:15 +0000 2023;1709486579767763057;"DEMOCRAZY News | Berita &amp  Politik Indonesia: Terungkap Korupsi Setoran UWT Rempang Eco City Rp ... https://t.co/regwREygMC";0;0;0;0;in;775211822488047616;1709486579767763057;liesha_haruno;https://twitter.com/liesha_haruno/status/1709486579767763057
Wed Oct 04 08:30:40 +0000 2023;1709486179861848348;"@ferdinanJefry @papasito_OF @tvOneNews Jgn asal ngomong bang klo g mau ngedukung masyarakat Rempang mending diam aja bang supaya kelihatan agak pintar dikit";0;0;0;1;in;1343757371579895809;1709328515026591796;Rayyan1714;https://twitter.com/Rayyan1714/status/1709486179861848348
Wed Oct 04 08:30:17 +0000 2023;1709486080855261565;"Panglima pajaji hanya cari panggung di masalah PSN Rempang https://t.co/7epph259Bb";1;3;1;1;in;1568744819975159809;1709486080855261565;SandiPrawira22;https://twitter.com/SandiPrawira22/status/1709486080855261565
Wed Oct 04 08:30:03 +0000 2023;1709486022034444532;"Update Konflik Pulau Rempang, BP Batam Sebut 16 KK Sudah Tempati Hunian Sementara https://t.co/DsMqyPcuBD";0;0;0;0;in;1643093405302652928;1709486022034444532;PhotoBnp77308;https://twitter.com/PhotoBnp77308/status/1709486022034444532
Wed Oct 04 08:28:00 +0000 2023;1709485507112231047;"Sweety Silver Pants Soft Cloud Cushion XXL 3 x 22's https://t.co/kc5087dXMl Adulting Bromo punya adik #AhnHyoSeop Alba Baptista Mundur Mahal Rempang Lebay #ATimeCalledYou Maroko https://t.co/AXqjD7dwyM https://t.co/CYUekj2gUn";0;0;0;0;in;1692294948882923521;1709485507112231047;librari_alvabet;https://twitter.com/librari_alvabet/status/1709485507112231047
Wed Oct 04 08:27:43 +0000 2023;1709485434743726186;"Pajak Pati berpartisipasi sebagai Narasumber dalam Sosialisasi Kewajiban Perpajakan Koperasi bersama Dinas Perdagangan dan Koperasi UKM Kab Rembang Selasa (19/09) di Hotel Fave Rembang.  Materi perpajakan yang disampaikan adalah terkait Kewajiban Perpajakan Koperasi. https://t.co/FGVuoyldS8";0;0;1;0;in;2471138791;1709485434743726186;pajakpati;https://twitter.com/pajakpati/status/1709485434743726186
Wed Oct 04 08:27:38 +0000 2023;1709485414644605392;"@geloraco Warga rempang yg ditahan itu bereaksi krn membela hak2nya yg mau dirampas. Tidak bisa disamakan dgn preman atau krininal lainnya. Jika pemikiran pak bahlil yg dipakai maka akan semakin banyak demonstran yg akan dipenjarakan";0;0;0;1;in;957997845595893760;1709427605903122457;PallakaGO;https://twitter.com/PallakaGO/status/1709485414644605392
Wed Oct 04 08:25:08 +0000 2023;1709484785918484615;"@hakimrbg Fokus PSIR Rembang mawon, mas.";0;0;0;0;in;362359221;1709417767198507276;pamanjonet;https://twitter.com/pamanjonet/status/1709484785918484615
Wed Oct 04 08:23:23 +0000 2023;1709484347387199509;"@tvOneNews Ayo masyarakat rempang dan melayu seluruhnya..mari brrsama2galang solidaritas utk.mendukung para saudara kita yg ditahan rezim..enak betul ni rezim, giliran rakyat di proses..ktk aparat yg bertindak brutal kagak di proses..asem tenan.!";0;0;0;0;in;979899982835728384;1709343143609688394;alin_raihani;https://twitter.com/alin_raihani/status/1709484347387199509
Wed Oct 04 08:23:16 +0000 2023;1709484316290629642;"Bahlil Tolak Bebaskan Warga Rempang: Kalau Dibiarkan, Negara Kita Jadi N... https://t.co/sin7eFVVZi lewat @YouTube https://t.co/YRuKftouc6";0;0;0;0;in;1243113157066776576;1709484316290629642;tribunbanten;https://twitter.com/tribunbanten/status/1709484316290629642
Wed Oct 04 08:21:48 +0000 2023;1709483949737811973;"@tvOneNews Setan sdh masuk ke jiwa nya, warga rempang kalau kaga di dahulin kaga mungkin anarkis.";0;0;0;0;in;1592779566296182784;1709343143609688394;radhi_ragil;https://twitter.com/radhi_ragil/status/1709483949737811973
Wed Oct 04 08:19:00 +0000 2023;1709483245283492271;"@Jateng_Twit Alhamdulillah 2 malam Rembang hujan,Semoga tiap malam hujan";0;0;0;0;in;2766615174;1709182143954649308;babybear1295;https://twitter.com/babybear1295/status/1709483245283492271
Wed Oct 04 08:16:31 +0000 2023;1709482617249427685;"Pemerintah mengerahkan usaha maksimal untuk menyelesaikan konflik yang terjadi di Pulau Rempang, Kota Batam. Berkaitan dg itu, pd Minggu (17/09/2023) https://t.co/qXi5kq4Hc4  #Hantaru2023 #IndonesiaLengkap #ATRBPNKiniLebihBaik #ATRBPNMajudanModern #MelayaniProfesionalTerpercaya https://t.co/j1S4RZpDTI";0;0;0;0;in;3166089516;1709482617249427685;kantah_kabbasel;https://twitter.com/kantah_kabbasel/status/1709482617249427685
Wed Oct 04 08:16:12 +0000 2023;1709482540191416661;"@HusinShihab Kau laporkan lah, banyak omong. Rempang itu proyeknya siapa????";0;0;0;0;in;1603626819898331136;1709211422042071498;denihartono513;https://twitter.com/denihartono513/status/1709482540191416661
Wed Oct 04 08:16:08 +0000 2023;1709482522785223094;"@m_nurfatoni @ganjarpranowo Pak kunjungi warga Rempang secara personal juga donk";0;0;0;0;in;905020579652132866;1709386148148347227;Oktariyan7;https://twitter.com/Oktariyan7/status/1709482522785223094
Wed Oct 04 08:16:03 +0000 2023;1709482500945563704;"@jakapujakesuma1 Mantri urusan Rempang";0;1;0;1;in;96129973;1709455858260967461;damnoise;https://twitter.com/damnoise/status/1709482500945563704
Wed Oct 04 08:15:10 +0000 2023;1709482278471307302;"Sudah bisa diduga, upeti di balik ngototnya pemerintah mengusir warga Rempang.";0;0;0;0;in;1456628197081038848;1709482278471307302;azwar6102;https://twitter.com/azwar6102/status/1709482278471307302
Wed Oct 04 08:14:14 +0000 2023;1709482044571734206;"*Tak Cuma Bangun Pabrik Kaca di Pulau Rempang, Konglomerat China Ini Bakal Ekspor Pasir*  Klik di-sini: https://t.co/UEv179qjFD *_Investor pendatang mana mau hilang kesempatan, apa aja bisa jadi uang disikatnya_*";0;0;1;1;in;1667213278240706560;1709482044571734206;alfatih212426;https://twitter.com/alfatih212426/status/1709482044571734206
Wed Oct 04 08:08:02 +0000 2023;1709480484622025152;"Eh kalian pada keluar dri rempang ..kalian usir warga rempang...WAR !!! 👊👊😡";0;0;0;1;in;1103574630441279489;1709480484622025152;FERDIHARAHAP7;https://twitter.com/FERDIHARAHAP7/status/1709480484622025152
Wed Oct 04 08:06:46 +0000 2023;1709480165623947486;"@democrazymedia Luar biasa napa.gak sekalian aja kasih seumur hidup sampai 7 turunan. Jangan kayak rempang wkt kampanye janji shm 3 bulan jadi skrg malahan dinusir ... yg boong siapa ???";0;0;0;3;in;252501798;1709353889500426590;herry_766;https://twitter.com/herry_766/status/1709480165623947486
Wed Oct 04 08:05:57 +0000 2023;1709479960703107543;"Menteri Bahlil Luruskan soal Rempang, Perindo: Investasi Majukan Ekonomi dan Rakyat Harus Dilibatkan https://t.co/FdiOaeFG6v";1;0;1;3;in;231355136;1709479960703107543;SINDOnews;https://twitter.com/SINDOnews/status/1709479960703107543
Wed Oct 04 07:59:25 +0000 2023;1709478316934390267;"@RagilSemar Kayaknya pemerintah menyelesaikan kasus rempang pakai ilmu preman.";0;0;0;1;in;1015187465676550145;1709389250154967054;SasmojoN;https://twitter.com/SasmojoN/status/1709478316934390267
Wed Oct 04 07:56:04 +0000 2023;1709477469898805444;"@tvOneNews Bodoamat... warga Rempang kan mayoritas pendukung jokowi...ya selamat meni'mati 😘😘😘";0;0;0;0;in;1208262549323431936;1709343143609688394;dvl202520;https://twitter.com/dvl202520/status/1709477469898805444
Wed Oct 04 07:53:14 +0000 2023;1709476758075167028;"On September 7 residents and security forces clashed on the island of Rempang, Riau province, after local people attempted to stop the authorities from conducting land measurements and boundary marking for the Eco City development project. https://t.co/MuavbrjEl8";0;1;3;12;en;1876832857;1709476758075167028;ArahJuang;https://twitter.com/ArahJuang/status/1709476758075167028
Wed Oct 04 07:51:49 +0000 2023;1709476401005699257;"MK sahkan uu Cipta kerja, Gus Miftah dirujak netizen,  demo Rempang vs Preman, Kasus Jessica rekayasa? https://t.co/n5ReDkRnQg";0;0;1;12;in;99272975;1709476401005699257;rahmasarita;https://twitter.com/rahmasarita/status/1709476401005699257
Wed Oct 04 07:49:37 +0000 2023;1709475850641682758;"@RagilSemar Bukankah 2 ormas besar NU &amp  Muhammadiyah sdh mendesak untuk batal kasus Rempang ini....tetep ngotot si bahlul....ALLAH biar perintahkan petir agar menyapanya...🤲";0;0;0;1;in;1107969706533609472;1709389250154967054;Tementinemu;https://twitter.com/Tementinemu/status/1709475850641682758
Wed Oct 04 07:47:51 +0000 2023;1709475402366984395;"Bismillah  Kemerdekaan mana yg di dapat Warga Rempang jika mereka terusir dari Tanah Nenek Moyang Mereka.  Kemerdekaan apa yg didapat Warga Rempang jika yg berjuang demi mempertahankan Kampung Tua, malah ditangkap &amp  dijadikan tersangka!!  Indonesiaku 😔  #BebaskanBangLong https://t.co/e6yPFjfDRh";0;1;61;130;in;1651123026203901952;1709475402366984395;NinzExe07;https://twitter.com/NinzExe07/status/1709475402366984395
Wed Oct 04 07:46:18 +0000 2023;1709475013022326935;"@baonbei @CNNIndonesia Jaga Rempang jangan sampai di kuasai china";0;0;0;0;in;1683045731106705408;1709118408397381998;misakii325;https://twitter.com/misakii325/status/1709475013022326935
Wed Oct 04 07:45:58 +0000 2023;1709474928054186204;"@geloraco Justru si bahlul ini preman paling biadab dengan “menjual dan merampok” hak masyarakat Rempang…negeri ini dipegang oleh preman oligar paling setan dan bangsat!!!";0;0;0;1;in;43287592;1709427605903122457;aha28;https://twitter.com/aha28/status/1709474928054186204
Wed Oct 04 07:38:30 +0000 2023;1709473051262505428;"@CNNIndonesia Rakyat minta DPR menyelidiki investasi di Rempang karena belum memiliki AMDAL dan izinnya pun belum ada..";0;0;0;0;in;1601932912802164736;1708999337672585277;bukancebong007;https://twitter.com/bukancebong007/status/1709473051262505428
Wed Oct 04 07:34:24 +0000 2023;1709472017735684281;"@yusuf_dumdum Yakin bos....sekelas Jokowi aja ga kelar² masalah pelanggan HAM....yg lagi hangat aja REMPANG sampai dimana dan KANJURUAN....hayoo sampai mana penyelesaian kasus tsb";0;0;0;0;in;64605516;1709426956473954691;iwalanwar;https://twitter.com/iwalanwar/status/1709472017735684281
Wed Oct 04 07:30:01 +0000 2023;1709470917435547920;"Rakyat punya hak atas tanah nya.. Otak dipakai..  Jangan benturkan aparat dengan rakyat... Kejar itu yg telah menjual Rempang . Ada indikasi BP Batam melanggar hukum dan HAM,  cek lagi HPL nya. Apakah ada dan masih berlaku ?..   #SaveRempang";0;0;2;3;in;2473594506;1709470917435547920;Dedy_psh;https://twitter.com/Dedy_psh/status/1709470917435547920
Wed Oct 04 07:25:23 +0000 2023;1709469750680785097;"Kepastian hak-hak masyarakat Pulau Rempang diharapkan dapat terealisasi dengan cepat demi kesejahteraan dan kenyamanan rakyat. Kita doakan semoga pemenuhan hak masyarakat Pulau Rempang dapat berjalan lancar menuju masyarakat yang adil dan sejahtera. Aamiin YRA https://t.co/T4zvDcHeO6";0;1;0;0;in;983533957709938688;1709469737913389142;Golkar2024;https://twitter.com/Golkar2024/status/1709469750680785097
Wed Oct 04 07:25:20 +0000 2023;1709469737913389142;"Melanjutkan arahan dari Presiden Joko Widodo, Menko Perekonomian yang juga Ketum Partai Golkar Airlangga Hartarto menegaskan kepada masyarakat Pulau Rempang bahwa pemerintah akan memenuhi hak-hak masyarakat. https://t.co/ZBkmtgEsYI";0;1;0;0;in;983533957709938688;1709469737913389142;Golkar2024;https://twitter.com/Golkar2024/status/1709469737913389142
Wed Oct 04 07:22:40 +0000 2023;1709469068296859767;"KENAPA  YA  BPK PLECIDEN  KITA  SANGAT  MEMIHAK  CINO   DAN  MEMUSUHI  DAN  MENINDAAAAS ( DARI  WADAS  SAMPSI  REMBANG , DARI  MINYAK  GORENG  HILANG  SAMPAI  BERAS TERBANG ) RAKYAT  INDONESIA .? 🤔  MEMANG PRESUDEN  SEKARANG  TURUNAN  CINO  YO ? 😑";0;1;0;4;in;1565278686555013121;1709469068296859767;fransis74201222;https://twitter.com/fransis74201222/status/1709469068296859767
Wed Oct 04 07:21:09 +0000 2023;1709468686497837500;"Batal Karena Melanggar 3 Aturan, Padahal Buat Orang Banyak dan Atasi Polisi.  Beda Sama PSN Rempang, Meski Langgar Banyak Aturan, Demi TW.   https://t.co/hhQubrm5U1";0;0;0;0;in;1493831656469409796;1709468686497837500;h68052;https://twitter.com/h68052/status/1709468686497837500
Wed Oct 04 07:20:53 +0000 2023;1709468619363795281;"Yusuf Tri Aji, luhkan Kab. Rembang tgl. 2/5/23, verifikasi data calon penerima bantuan hibah uang APBD Kab. Rembang tahun 2023 Di POKDAKAN Sumber Barokah DS. Karangsekar Kec. Kaliori. @puslatluhkp @PKBLU_bp3tegal #luhlapor https://t.co/fb2QMcjxR4";0;0;0;0;in;849427335245742080;1709468619363795281;YusufTriAji1;https://twitter.com/YusufTriAji1/status/1709468619363795281
Wed Oct 04 07:19:52 +0000 2023;1709468361204404373;"Jangan biarkan mereka sendiri Bebaskan warga rempang yang ditahan";0;0;0;0;in;470900510;1709468361204404373;moenokrajoendah;https://twitter.com/moenokrajoendah/status/1709468361204404373
Wed Oct 04 07:18:44 +0000 2023;1709468078634119180;"@Ronnie_Rusli Teringat Prof ... kisah cara China mendapatkan kapal induk dari Ukraina. Dan kemungkinan juga dilakukan di pulau Rempang Link yt: https://t.co/iVyGUTMAV1";0;0;5;20;in;1004872555545616384;1709437087999730032;GarundangGadang;https://twitter.com/GarundangGadang/status/1709468078634119180
Wed Oct 04 07:17:08 +0000 2023;1709467674424787275;"@HusinShihab Kaga pake nalar tinggi. Data udah sekarung. Baca dong! Cari aja siapa yang diuntungkan.. Kok bisa investor kontrak sampai 190 tahun? tanpa Syarat? Gimana pergerakan Luhut ke Tiongkok? Kenapa jadi Rempang yang laku duluan?  maaf yee, pendukung AMIN punya modal kuota sendiri!!";0;0;0;0;in;1132112437870645248;1709211422042071498;missdiah2;https://twitter.com/missdiah2/status/1709467674424787275
Wed Oct 04 07:16:45 +0000 2023;1709467576248754513;"Panglima Pajaji cari panggung diatas permasalahan di Rempang!!! https://t.co/aS5pId2rRO";0;0;0;0;in;1357052788325289984;1709467576248754513;AyuMari01776944;https://twitter.com/AyuMari01776944/status/1709467576248754513
Wed Oct 04 07:14:25 +0000 2023;1709466990522552776;"@geloraco Kenapa Jadi Begitu.? Kalau Dikaji Pemerintah Sendiri Yg Salah Tanpa Memberitahu Secara Jelas SebelumX Kepada Masyarakat Rempang. Jadi Kalau Terjadi Gejolak Setelah Itu, Itu Disebabkan Ulah Pemerintah Juga Yg SebelumX Yg Tidak Memberi Tahu Secara Jelas Kepada Masyarakat Rempang.";0;0;0;11;in;1490014209840533511;1709427605903122457;AnsyariNasrull2;https://twitter.com/AnsyariNasrull2/status/1709466990522552776
Wed Oct 04 07:14:20 +0000 2023;1709466968888393994;"@tvOneNews Mudah2an @LBH_Jakarta bisa bantu para korban Rempang yang ditahan oleh menteri ini secara semena2.";0;0;0;0;in;762247794140688384;1709343143609688394;orangbiasa2024;https://twitter.com/orangbiasa2024/status/1709466968888393994
Wed Oct 04 07:13:59 +0000 2023;1709466880950546523;"@liaasister Itu rempang sudah mulai terkuak klu memang ada salah kebijakan";0;1;1;3;in;1669908775296462848;1709429627343519930;myusufandi70;https://twitter.com/myusufandi70/status/1709466880950546523
Wed Oct 04 07:12:00 +0000 2023;1709466380133941616;"@tvOneNews Rempang jadi rempong krn kurang pas pendekatan dan komunikasi kpd rkyt. Prog strategi nas hrs jalan, krn untuk kepentingan rkyt, bgs dan neg. Jelaskan gamblang prog itu bukan Pem jajah rkyt. Bukan untuk kepentingan investor asing. Jika neg mampu lakukan mandiri tak perlu asing.";0;0;0;2;in;835143624769691649;1709343143609688394;MHendratmoko;https://twitter.com/MHendratmoko/status/1709466380133941616
Wed Oct 04 07:11:01 +0000 2023;1709466133613728190;"@korantempo Bentar lagi m3ledak kayak rempang...warga gak tahu jika tanah mer3ka sudah digadaikan 190thn 🫢🫡";0;0;0;0;in;1603653519839330304;1709433210688696350;BFbu88;https://twitter.com/BFbu88/status/1709466133613728190
Wed Oct 04 07:06:29 +0000 2023;1709464994709188936;"Bahlil Tolak Permintaan DPR dan Komnas HAM agar Peserta Demo Pulau Rempang Dibebaskan  "Kalau dibiarkan, negara kita jadi negara preman," ujar Menteri Investasi Bahlil Lahadalia  https://t.co/XFKf8kq51E";0;0;0;0;in;160603309;1709464994709188936;yusufabualif;https://twitter.com/yusufabualif/status/1709464994709188936
Wed Oct 04 07:05:43 +0000 2023;1709464800772927895;"Bahlil Tolak Permintaan DPR dan Komnas HAM agar Peserta Demo Pulau Rempang Dibebaskan  "Kalau dibiarkan, negara kita jadi negara preman," ujar Menteri Investasi Bahlil Lahadalia  https://t.co/Pk7bNugNQG";0;0;0;0;in;982461867233722369;1709464800772927895;Toto_1945;https://twitter.com/Toto_1945/status/1709464800772927895
Wed Oct 04 07:03:15 +0000 2023;1709464180632457568;"obat msh belom habis, balik lagi kontrol dan ngambil hasil tes Lab, hr sabtu bsk 😣🙇🏼‍♀  . . tp bocahku tkt jenuh mau main dkt rmh 1 km,  rempang gempa Gen z panas vvip putri kw sukabumi Limpo Amanda manopo prabowo pdi kaesang Ganjar anies jokowi jessica mirna gibran whoosh https://t.co/rMLn0MZuB5";0;0;0;1;in;1317084070468177920;1709373672044261516;NurilHiLma2022;https://twitter.com/NurilHiLma2022/status/1709464180632457568
Wed Oct 04 07:00:41 +0000 2023;1709463532918706326;"kl baca berita sengketa rempang, morowali, amman mineral ntb, freeport itu kayak sedang dalam masa penjajahan. domain verklaring di depan mata..";0;0;0;0;in;561801939;1709463532918706326;notariantoss;https://twitter.com/notariantoss/status/1709463532918706326
Wed Oct 04 06:59:42 +0000 2023;1709463285429678321;"Dewi blak-blakan bongkar tabiat asli panglima pajaji ! #Rempang https://t.co/aAxlXeSAL8";0;0;0;1;in;1010624958;1709463285429678321;eeintan68;https://twitter.com/eeintan68/status/1709463285429678321
Wed Oct 04 06:59:38 +0000 2023;1709463271827497072;"Kita mesti pandai membedakan mana cari panggung dan mana yang tulus #Rempang https://t.co/PO7AuMQVwZ";0;0;0;1;in;1010624958;1709463271827497072;eeintan68;https://twitter.com/eeintan68/status/1709463271827497072
Wed Oct 04 06:59:34 +0000 2023;1709463252902773095;"Panglima pajaji cari panggung diatas permasalahan di rempang #Rempang https://t.co/YyfxSNjrms";0;0;0;1;in;1010624958;1709463252902773095;eeintan68;https://twitter.com/eeintan68/status/1709463252902773095
Wed Oct 04 06:58:03 +0000 2023;1709462873033109934;"@MichelAdam7__ Pak Jokowi bilang, "rusuh rempang karena masalah komunikasi"... pantes...menterinya kayak gini... 😅";0;0;0;6;in;170435848;1709381301923635399;arx21;https://twitter.com/arx21/status/1709462873033109934
Wed Oct 04 06:58:00 +0000 2023;1709462857270837393;"@henwizaniko @VIVAcoid Apa tiap detik harus bicarakan DITO SM REMPANG sekalian aja ya berita soal GROUP HOTEL SULTAN YG MAU DI AMBIL ALIH PEMERINTAN KAN ITU HOTL YG PUNYA KAKITANGAN SUHARTO,TERUS BERITA MENTAN YG MENGHILANG ini terus aja di beritakan jng ada berita yg lain biar kau puas😮‍💨😮‍💨😮‍💨";0;2;0;3;in;1663511973471064064;1709423122137698605;adhitya_ra49303;https://twitter.com/adhitya_ra49303/status/1709462857270837393
Wed Oct 04 06:57:36 +0000 2023;1709462759010939349;"@democrazymedia nah modal apbn rupanya. hrsnya bp batam, bahlil cs yg ditahan bukan warga rempang yg demo.";0;1;4;34;in;1604130313021820929;1709460844386639948;podo_radong1;https://twitter.com/podo_radong1/status/1709462759010939349
Wed Oct 04 06:56:48 +0000 2023;1709462558535733305;"@aly_benzema @bahlillahadalia Masyarakat Rempang sudah kadung akan digusur.";0;0;0;0;in;1593458555264593921;1709212232062730248;HajiBajuri;https://twitter.com/HajiBajuri/status/1709462558535733305
Wed Oct 04 06:56:35 +0000 2023;1709462501002195045;"Terungkap Korupsi Setoran UWT Rempang Eco City Rp 3,6 Triliun  https://t.co/DEhCtUgOyb";0;0;0;0;in;1636627729675337734;1709462501002195045;posaktualcom;https://twitter.com/posaktualcom/status/1709462501002195045
Wed Oct 04 06:56:29 +0000 2023;1709462478776938596;"Kementrian tdk berhak menahan warga rempang. Mereka bukan kriminal, koruptor, aplgi pengedar obat2 terlarang. Mereka hnya ingin mempertahankan hak2 tanah mereka ! Lepaskan ! Kalian digaji dan diberikan fasilitas dari pajak rakyat !";0;0;0;0;in;1241734809182859264;1709462478776938596;WongDes90513142;https://twitter.com/WongDes90513142/status/1709462478776938596
Wed Oct 04 06:54:29 +0000 2023;1709461973262536836;"@tvOneNews halah ngapain ditahan segala lawong nga korupsi begal perkosa apalagi serobot lahan orang.. tuh pulau milik warga rempang sendiri hadeeehhhh";0;0;0;0;in;1517078585672028160;1709328515026591796;Frolo2022;https://twitter.com/Frolo2022/status/1709461973262536836
Wed Oct 04 06:52:12 +0000 2023;1709461399142121594;"Di Rembang si kurang lebih juga sama ya, tp stdaknya di rumah pake ac ndekem sampe sore, di kulkas tersedia es buah tinggal ambil. Di kos semarang, pake kipas udah paling banter pol jg masih seperti padang pasirr😩 https://t.co/WGj8vnnc45";0;1;0;0;in;511892178;1709461399142121594;Askasaska_;https://twitter.com/Askasaska_/status/1709461399142121594
Wed Oct 04 06:51:09 +0000 2023;1709461133621698716;"Ternyata @efekrumahkaca bikin album RIMPANG sedikit nyeret ke REMPANG  Hmm menarik....";0;0;0;0;in;709186652816551936;1709461133621698716;addiodansa;https://twitter.com/addiodansa/status/1709461133621698716
Wed Oct 04 06:50:00 +0000 2023;1709460844386639948;"Terungkap Korupsi Setoran UWT Rempang Eco City Rp 3,6 Triliun https://t.co/aHqxlJLklz";69;120;1072;1705;in;1243804423001763841;1709460844386639948;democrazymedia;https://twitter.com/democrazymedia/status/1709460844386639948
Wed Oct 04 06:48:15 +0000 2023;1709460404374831476;"@Humairah_922 Doain aja itu orang semoga anak keturunan nya lebih parah dari rakyat Rempang";0;0;1;1;in;1639931218203484162;1709206429641658725;Salmanbest41489;https://twitter.com/Salmanbest41489/status/1709460404374831476
Wed Oct 04 06:47:25 +0000 2023;1709460194558972040;"@pengarang_sajak Rezim kompeni sukak rampas tanah rakyat rempang";0;0;0;0;in;1604683539928477696;1709399390551740501;Kinarryo;https://twitter.com/Kinarryo/status/1709460194558972040
Wed Oct 04 06:44:55 +0000 2023;1709459564847153560;"@papa_loren Justru anda yg memperlihatkan bahwa  pemerintah  saat ini adalah yg bersikap preman sm masyarakat Rempang  dgn mau mengusir mereka dgn cara paksa ....";0;0;0;1;in;1566122619711004672;1709403357943935400;wawo_rizal;https://twitter.com/wawo_rizal/status/1709459564847153560
Wed Oct 04 06:44:44 +0000 2023;1709459519523418498;"@tvOneNews Kalau VOC itu zaman penjajahan Belanda kalau Rempang zamannya kita dijajah oleh bangsa sendiri BETUL. ???";0;0;0;1;in;1370891039200874497;1709373587029950560;Aura68594424;https://twitter.com/Aura68594424/status/1709459519523418498
Wed Oct 04 06:44:32 +0000 2023;1709459469128876536;"Bahlil mengundang pertumpahan darah nih, sayang Rakyat Rempang Batam 😭🇮🇩😭";0;0;0;1;in;1334397026545459203;1709459469128876536;YoezZar;https://twitter.com/YoezZar/status/1709459469128876536
Wed Oct 04 06:43:11 +0000 2023;1709459130610835570;"@tvOneNews BAHLUL, cara² VOC diadopsi di Rempang. https://t.co/jPvJTmglW6";0;0;0;0;in;904580900402249728;1709343143609688394;Nissakti;https://twitter.com/Nissakti/status/1709459130610835570
Wed Oct 04 06:43:10 +0000 2023;1709459124008935913;"@Ronnie_Rusli jadi disini XinYi dipakai sebagai Pion saja,  karena memang bukan tujuannya bikin industri kaca di Rempang sana ?  apa itu karenanya yang MoU yang disebut2 oleh Bahlil bukan dengan pabrikan Kaca China yang benar2 masuk dalam 10 besar Industri kaca Dunia seperti China Glass…";0;0;9;31;in;132092841;1709437087999730032;Wicaksono_J;https://twitter.com/Wicaksono_J/status/1709459124008935913
Wed Oct 04 06:42:22 +0000 2023;1709458926159417635;"@Temansejat @tvOneNews Ya makanya di kampunge lu aja. Womg penduduk rempang ogah kok";0;1;0;0;in;1681507194901254144;1709328515026591796;lampu_patromaks;https://twitter.com/lampu_patromaks/status/1709458926159417635
Wed Oct 04 06:38:26 +0000 2023;1709457935464898844;"Tragedi Rempang- Pemerintah yang taat pada Pancasila dan UUD 1945, selalu memiliki pilihan keadilan sosial dan kemanusiaan dalam setiap investasi. Itulah bedanya negara Pancasila dengan VOC ! https://t.co/1MJ23g3rue";1;1;36;78;in;1244819229578121216;1709457935464898844;Munir_Timur;https://twitter.com/Munir_Timur/status/1709457935464898844
Wed Oct 04 06:34:23 +0000 2023;1709456917008130085;"Walang Bacarita - Baru-baru ini Himpunan Mahasiswa Islam (HMI) menggelar aksi bela masyarakat Rempang. Namun aksi yang dilakukan HMI justru dihadang oleh sekelompok oknum preman yang diduga suruhan  Menteri Investasi Bahlil Lahadalia. #walangbacarita🇮🇩 #walangbacaritaupdate🇮🇩 https://t.co/v9bq1lNtT8";0;0;0;1;in;1679793255880470529;1709456917008130085;walang_bacarita;https://twitter.com/walang_bacarita/status/1709456917008130085
Wed Oct 04 06:33:17 +0000 2023;1709456640058282051;"Rempang Batam  #rempang  #batam https://t.co/BGUM9SskKv";0;0;1;0;in;424064161;1709456640058282051;agungnugroho_tw;https://twitter.com/agungnugroho_tw/status/1709456640058282051
Wed Oct 04 06:30:02 +0000 2023;1709455821913096234;"@henwizaniko @VIVAcoid Dito jadi saksi  Rempang relokasi Itu td malem apa pagi td gw bacanya ya. Masih diliput media kok";0;0;0;1;in;1241718843812147203;1709423122137698605;fatimah_rusalka;https://twitter.com/fatimah_rusalka/status/1709455821913096234
Wed Oct 04 06:28:52 +0000 2023;1709455525568753911;"Rempang Batam #rempang  #batam https://t.co/ZFYVZUcNyx";0;1;1;0;in;424064161;1709455525568753911;agungnugroho_tw;https://twitter.com/agungnugroho_tw/status/1709455525568753911
Wed Oct 04 06:20:41 +0000 2023;1709453465804837161;"Lil bahlil... lu yg pake preman dan cara preman nyingkirin warga rempang..  menterinya jokowi emg tolol² begini ya..";0;0;0;0;in;55469213;1709453465804837161;ker_asa;https://twitter.com/ker_asa/status/1709453465804837161
Wed Oct 04 06:19:56 +0000 2023;1709453277954498968;"@Stev3n_Peg3l nah hrsnya balil cs yg ditahan bukan pendemo t rempang";0;0;0;1;in;1604130313021820929;1709448730171355310;podo_radong1;https://twitter.com/podo_radong1/status/1709453277954498968
Wed Oct 04 06:19:18 +0000 2023;1709453119653122536;"#save Rempang https://t.co/cqSTOFzq49";0;0;0;0;in;1359071931153018881;1709453119653122536;AcoyBk;https://twitter.com/AcoyBk/status/1709453119653122536
Wed Oct 04 06:18:02 +0000 2023;1709452800600740129;"@tvOneNews Udah jelas y suka melanggar HAM tuan mu, terbaru di pulau rempang, demi menggaet investor, hak rakyat dirampas";0;0;0;0;in;1641630595741786112;1709241273922797778;rudis84;https://twitter.com/rudis84/status/1709452800600740129
Wed Oct 04 06:17:38 +0000 2023;1709452698645639586;"Masalah Rempang sudah Mendunia...    Gak malu ta...? https://t.co/ZKl97LjTSZ";1;2;30;47;in;1433433068283392007;1709452698645639586;Bang_Ramzan;https://twitter.com/Bang_Ramzan/status/1709452698645639586
Wed Oct 04 06:14:42 +0000 2023;1709451961916105164;"Pak Bahlil disemprot Pak Nusron Wahid sebelum Kasus Rempang...... https://t.co/sAasm2wkCM";0;0;11;31;in;1439701579276251136;1709451961916105164;Li9ayaTalaChes4;https://twitter.com/Li9ayaTalaChes4/status/1709451961916105164
Wed Oct 04 06:14:08 +0000 2023;1709451820723237281;"@Ronnie_Rusli Smg prof kasian aset negara dan rakyat rempang, mereka bahagia2 aja tuh walo cm bertani/berkebun dan nelayan";0;0;1;14;in;321603383;1709451281922916848;ad3ira29;https://twitter.com/ad3ira29/status/1709451820723237281
Wed Oct 04 06:13:33 +0000 2023;1709451672962167255;"Bukankah pemerintah sekarang jadi preman pak Men? Merampas tanah rakyat Rempang itu cara cara preman yang dilegalkan?";0;0;0;0;in;1669742231228682241;1709451672962167255;FurqanIbr64677;https://twitter.com/FurqanIbr64677/status/1709451672962167255
Wed Oct 04 06:13:18 +0000 2023;1709451611591028822;"Masih ragu kah kawan-kawan membela masyarakat Rempang dan Galang yang hak nya terampas oleh kepentingan oligarki peruntuh nilai bangsa.  #TheWorldWithRempang";0;0;0;0;in;964364028;1709184970923872577;iman100017;https://twitter.com/iman100017/status/1709451611591028822
Wed Oct 04 06:12:45 +0000 2023;1709451470079398363;"@HusinShihab NOH NUSRON WAHID UDAH NYERANG SI BAHLUL, REMPANG BANYAK YG MAIN, PAKAI OTAK LOE CHIN . .";0;0;0;0;in;1629801548204347392;1709211422042071498;UntungS71;https://twitter.com/UntungS71/status/1709451470079398363
Wed Oct 04 06:10:04 +0000 2023;1709450796566565308;"@papa_loren Entar si Bahlil jadi wated warga Rempang";0;0;0;1;in;1242991065126146053;1709403357943935400;Sahlan80206587;https://twitter.com/Sahlan80206587/status/1709450796566565308
Wed Oct 04 06:09:58 +0000 2023;1709450769735491913;"@tvOneNews @msaid_didu Janji si raja kodok bakal bagi-bagi sertifikat tanah rempang, eh nyatanya zonk. Siapa suruh pilih si bajingan";0;0;0;0;in;1526482296542351360;1709328515026591796;AccSutan;https://twitter.com/AccSutan/status/1709450769735491913
Wed Oct 04 06:09:00 +0000 2023;1709450526340104286;"@msaid_didu Yang mau ngusir orang dari rumah nya siapa, malah dia yang teriak orang itu preman. Pak bahlul ke Rempang aja lagi, tapi tanpa pengawalan agar warga Rempang nyaman bicara dengan anda. Atau debat terbuka dengan NCW soal xinyi yg kata bahlul perusahaan gede.";0;0;0;3;in;762247794140688384;1709435818400747954;orangbiasa2024;https://twitter.com/orangbiasa2024/status/1709450526340104286
Wed Oct 04 06:08:46 +0000 2023;1709450467229810703;"@Malika6027 Rempang adalah potret Indonesia Raya, Semangat Juang Tinggi akan menyelamatkan Indonesia kita";0;0;0;0;in;1276410212;1709343575383957679;ahyar08;https://twitter.com/ahyar08/status/1709450467229810703
Wed Oct 04 06:07:06 +0000 2023;1709450051154854242;"Cek Fakta: Tidak Benar Tank dan Pasukan Bersenjata Dalam Video Ini Situasi Pulau Rempang Siap Tempur https://t.co/S2LbQrvuxz";0;0;0;0;in;47596019;1709450051154854242;liputan6dotcom;https://twitter.com/liputan6dotcom/status/1709450051154854242
Wed Oct 04 06:05:40 +0000 2023;1709449688196464749;"Investasi besar-besaran dari China mengancam kehidupan warga Pulau Rempang yang telah berada di pulau itu lebih dari sea...bad lalu.                     More https://t.co/AN5UX833Nc";0;0;0;1;in;1345745587;1709449688196464749;NikoAkmal;https://twitter.com/NikoAkmal/status/1709449688196464749
Wed Oct 04 06:05:29 +0000 2023;1709449642453422313;"Ngga sadar, negara cq pemerintah pun bersikap preman terhadap warga Rempang #SaveRempang";0;0;0;0;in;606394623;1709449642453422313;agnofficial_;https://twitter.com/agnofficial_/status/1709449642453422313
Wed Oct 04 06:05:16 +0000 2023;1709449589261283501;"Ebih baik usir investasinya daripada usir rakyat.  Simak! Ini Permintaan Xinyi ke Bahlil Soal Proyek Rempang https://t.co/PClDfAFjxm";0;0;0;1;in;1345745587;1709449589261283501;NikoAkmal;https://twitter.com/NikoAkmal/status/1709449589261283501
Wed Oct 04 06:04:44 +0000 2023;1709449452363431966;"*Realisasi Proyek Rempang Eco-City Diragukan NCW, Xinyi Ternyata Pernah Gagal di Gresik dan Babel*  https://t.co/v1dDacgwoP";0;0;0;0;in;1450818985503571969;1709449452363431966;romyfanboy;https://twitter.com/romyfanboy/status/1709449452363431966
Wed Oct 04 06:02:21 +0000 2023;1709448852493988255;"@HusinShihab Lucunya pembela rejim ini... cb tanyakn ke mentri bahlul mu, mnuduh asing bermain di rempang jg tdak dgn data.. mahmud md mnuduh 375T jg tdak jlas pelakunya.. bahlull dan asbun entee";0;0;0;0;in;1707361944116830208;1709211422042071498;putragarudea;https://twitter.com/putragarudea/status/1709448852493988255
Wed Oct 04 06:01:51 +0000 2023;1709448730171355310;"Nusron wahid damprat tim pembela cukong dan investor cina di rempang, baru kali ini gw setuju ma nusron😁👍 https://t.co/NcFNRLFsJm";4;42;266;455;in;224431376;1709448730171355310;Stev3n_Peg3l;https://twitter.com/Stev3n_Peg3l/status/1709448730171355310
Wed Oct 04 06:01:51 +0000 2023;1709448727415697617;"@tvOneNews Rempang sounding International https://t.co/An7s4Xbqnh";0;0;0;7;en;272310510;1709343143609688394;BatamWish;https://twitter.com/BatamWish/status/1709448727415697617
Wed Oct 04 06:01:42 +0000 2023;1709448692028289272;"Percaya klo sdh ada bukti  Akan Dibangun Infrastruktur di Kampung Baru Pulau Rempang  Klik untuk baca: https://t.co/dBz9t7sCx6  Kompascom+ baca berita tanpa iklan: https://t.co/fTT43Drpw7 Download aplikasi: https://t.co/QsAvUPHXu8 https://t.co/dBz9t7sCx6";0;0;0;1;in;1345745587;1709448692028289272;NikoAkmal;https://twitter.com/NikoAkmal/status/1709448692028289272
Wed Oct 04 06:00:12 +0000 2023;1709448311978229875;"BIADAB! Bahlil Tolak Bebaskan Warga Rempang  Rahmat Erwin Abdullah Whoosh Amanda Manopo jodie hamil Gen Z Pernah WO Laos pks tolak revisi uu ikn menuju masa depan #AniesMuhaimin2024 #PemimpinCerdas https://t.co/Xvxc2U8k4I";0;0;0;0;in;1685673696911069184;1709448311978229875;wan_heartnews;https://twitter.com/wan_heartnews/status/1709448311978229875
Wed Oct 04 05:59:17 +0000 2023;1709448083065782521;"@Humairah_922 Jokowi berani atau tidak datang ke Rempang ?";0;0;0;1;in;793427822949769216;1709440693532610858;MgmPtmgm;https://twitter.com/MgmPtmgm/status/1709448083065782521
Wed Oct 04 05:58:15 +0000 2023;1709447821152371097;"Apa kabar rempang batam ya? Seperti hilang tertelan bumi#TikTokshop";0;0;0;0;in;1518849587536347136;1709447821152371097;sandiirek61;https://twitter.com/sandiirek61/status/1709447821152371097
Wed Oct 04 05:57:56 +0000 2023;1709447744585371944;"@tvOneNews Kalo Benar Pernyataan Wako Batam EX-OFFICIO Kepala BP bahwa Relokasi RAKYAT Rempang dibatalkan maka : 1. Segera Lepaskan RAKYAT Rempang &amp  Batam Yg masih ditahan di Polresta Barelang 2. Segera Proses JANJI Jokowi urus Sertifikat  RAKYAT Rempang atau Wako Batam cuma PEMBOHONG BESAR";0;0;0;0;in;1640518404988887041;1709433440431735033;Rizki5895243250;https://twitter.com/Rizki5895243250/status/1709447744585371944
Wed Oct 04 05:57:15 +0000 2023;1709447571217985766;"@geloraco Yang preman sebenarnya tuh elu,ngerampas pake semua2nya yg berseragam + lengkap dg senjata.blm lgi ngerahin orang2 bayaran bt ngebubarin acara mahasiswa yg ngebela rempang.bapak sehat ??";0;0;0;3;in;1269545064692215808;1709427605903122457;BudianaPangestu;https://twitter.com/BudianaPangestu/status/1709447571217985766
Wed Oct 04 05:56:13 +0000 2023;1709447309313134808;"Tak Serius di Gresik dan Babel, Masih Percaya Xinyi Investasi Rp 175 Triliun di Rempang?  Rahmat Erwin Abdullah Whoosh Amanda Manopo jodie hamil Gen Z Pernah WO Laos pks tolak revisi uu ikn menuju masa depan #AniesMuhaimin2024 #PemimpinCerdas https://t.co/jYRJNvpiCX";0;0;0;1;in;1685673696911069184;1709447309313134808;wan_heartnews;https://twitter.com/wan_heartnews/status/1709447309313134808
Wed Oct 04 05:52:29 +0000 2023;1709446371286380978;"Bahlil Tolak Bebaskan Warga Rempang: Kalau Dibiarkan, Negara Kita Jadi Negara Preman  You Say P You Say A You Say N I Say T I Say E I Say.....   Come on Bray...  Make it burn....  ✊✊  https://t.co/iTRkUHpgVK";1;11;18;31;in;279312062;1709446371286380978;Kanseulir;https://twitter.com/Kanseulir/status/1709446371286380978
Wed Oct 04 05:51:51 +0000 2023;1709446212758470994;"@tvOneNews Pejabat rasa preman.....walaupun jadi pion dan takut kehilangan jabatan berusaha sekuat tenaga menjalankan instruksi utk  kosongkan Rempang ....";0;0;0;0;in;1610995456464805889;1709343143609688394;HasanHa54253670;https://twitter.com/HasanHa54253670/status/1709446212758470994
Wed Oct 04 05:50:57 +0000 2023;1709445983824936991;"Proyek PSN rempang titipan siapa kep bokep @HusinShihab?! https://t.co/LJI1KcdlfM";1;0;0;0;in;1629653360621256704;1709445983824936991;ashadbm0;https://twitter.com/ashadbm0/status/1709445983824936991
Wed Oct 04 05:46:43 +0000 2023;1709444921520984442;"Berurai Air Mata, Keluarga Warga Rempang yang Ditangkap Polisi Minta Dibebaskan: Kami Hanya Berjuang Mempertahankan Kampung  Penjajahan Berkedok NKRI Harga Mati!   https://t.co/8w7erybHv0";1;6;193;360;in;279312062;1709444921520984442;Kanseulir;https://twitter.com/Kanseulir/status/1709444921520984442
Wed Oct 04 05:45:30 +0000 2023;1709444613441044687;"Permasalahan Rempang di perkeruh oleh panglima Pajaji https://t.co/0aUK6vyXpH";0;0;0;1;in;1645196114453209088;1709444613441044687;pejuang_berkuda;https://twitter.com/pejuang_berkuda/status/1709444613441044687
Wed Oct 04 05:45:11 +0000 2023;1709444534571237769;"@aly_benzema Kalau rempang gmana  jok???";0;0;0;0;in;1604828575072677889;1709159940672389518;endis7506;https://twitter.com/endis7506/status/1709444534571237769
Wed Oct 04 05:45:07 +0000 2023;1709444516565106708;"Menteri Bahlil Luruskan soal Rempang, Perindo: Investasi Majukan Ekonomi dan Rakyat Harus Dilibatkan https://t.co/qH1CjYyOZY";0;0;0;0;in;305657272;1709444516565106708;ilhamiasnawi;https://twitter.com/ilhamiasnawi/status/1709444516565106708
Wed Oct 04 05:44:45 +0000 2023;1709444424013652208;"@tempodotco Ah itu sekedar lips service bpk saja, buktinya saat ada kekerasan di Rempang, you joget joget pada acara gala dinner ktt asean 2023";0;0;0;0;in;433935117;1709431306046828848;benjaminhandali;https://twitter.com/benjaminhandali/status/1709444424013652208
Wed Oct 04 05:42:39 +0000 2023;1709443894965162032;"@savicali Sampe pasukan negara Indonesia menyerang. Negaranya zuko gak nginvasi ke rempang og 😅 cm ke negaranya katara, eng dkk";0;0;0;0;in;1324702213235642369;1709369255588921400;DenDjaka14;https://twitter.com/DenDjaka14/status/1709443894965162032
Wed Oct 04 05:40:52 +0000 2023;1709443448418550059;"@RagilSemar Beginilah akibatnya klo PREMAN diberi jabatan .. warga rempang dituduhnya PREMAN!!!";0;0;0;2;in;1342516713263251460;1709389250154967054;ImamNganuu;https://twitter.com/ImamNganuu/status/1709443448418550059
Wed Oct 04 05:40:25 +0000 2023;1709443332441883092;"Mereka mempertahankan hak. Justru yg mau menggusur mereka itu negara preman  Bahlil Tolak Bebaskan Warga Rempang: Kalau Dibiarkan, Negara Kita Jadi Negara Preman https://t.co/mIFP3HNPNC";0;0;0;0;in;1345745587;1709443332441883092;NikoAkmal;https://twitter.com/NikoAkmal/status/1709443332441883092
Wed Oct 04 05:40:22 +0000 2023;1709443319972217329;"@HusinShihab Mau data apalagi..... Sdh terang-benderang contoh kasus rempang. loe yg goblok.";0;0;0;1;in;1690959664324964352;1709211422042071498;AmboyRoha31938;https://twitter.com/AmboyRoha31938/status/1709443319972217329
Wed Oct 04 05:36:08 +0000 2023;1709442254795059401;"@Humairah_922 Wahai warga rempang, nih manusia setuju penggusuran di rempang, kira2 diapain nih..";0;1;1;1;in;1604828575072677889;1709206429641658725;endis7506;https://twitter.com/endis7506/status/1709442254795059401
Wed Oct 04 05:34:21 +0000 2023;1709441808881913928;"@kumparan biasa aj...jangan kan orang tikntok shop....orang rempang aj...di tutup...punya sejarah yg jelas..";0;0;0;0;in;1097372338507509760;1709438519922630919;MOHAMAD26051170;https://twitter.com/MOHAMAD26051170/status/1709441808881913928
Wed Oct 04 05:32:36 +0000 2023;1709441367305564508;"Buku Librari Ori - Mati Sebelum Mati Buka Kesadaran Hakiki https://t.co/Z9NL5KJalm WR 1 Dajjal Batik Air Rempang Kapolsek #AniesMuhaimin2024 Jenglot Miring #HongKongOpen2023 https://t.co/1JFRq6cS3c https://t.co/iqWvErZI88";0;0;0;0;in;1692294948882923521;1709441367305564508;librari_alvabet;https://twitter.com/librari_alvabet/status/1709441367305564508
Wed Oct 04 05:31:31 +0000 2023;1709441092679245849;"@tvOneNews Yg preman siapa? Rakyat rempang atau para pejabat pemerintah sekarang?";0;0;0;0;in;2189468772;1709343143609688394;isy4iman;https://twitter.com/isy4iman/status/1709441092679245849
Wed Oct 04 05:29:55 +0000 2023;1709440693532610858;"Lawan pak👍  Ketika Seorang pria rempang menantang petugas keamanan , brani tidak berhadapan dengan masyarakat tanpa senjata.  #BebaskanBangLong #BebaskanBangLong https://t.co/LMdUcDBM8L";5;13;346;543;in;1648528556480434177;1709440693532610858;Humairah_922;https://twitter.com/Humairah_922/status/1709440693532610858
Wed Oct 04 05:29:27 +0000 2023;1709440573336355296;"Terungkap Korupsi Setoran UWT Rempang Eco City Rp 3,6 Triliun https://t.co/yXGIba0FK7";10;11;253;378;in;887743587579944960;1709440573336355296;OposisiCerdas;https://twitter.com/OposisiCerdas/status/1709440573336355296
Wed Oct 04 05:29:12 +0000 2023;1709440513429168332;"Tolak Bebaskan Warga Rempang yang Ditahan, Bahlil: Kalau Dibiarkan, Kita Jadi Negara Preman - https://t.co/SAaIHWiH0s";0;0;0;0;in;1679351642062491649;1709440513429168332;benteng_sumbar;https://twitter.com/benteng_sumbar/status/1709440513429168332
Wed Oct 04 05:28:39 +0000 2023;1709440371565240449;"INGAT  WARGA  REMPANG  USAHA  KAN SI  BAHLUL  MUKA  HITAM  MASUK  PENJARA  GIMANA  PUN  CARA  NYA  !  USAHA  KAN  SI BAHLUL  PENGHIANAT  KKB  ! HANCUR KAN !  HARUS  DI MANDUL  KAN  SEGERA  !  INI  ORANG  SI  BAHLUL  MUSUH RAKYAT  YG  TER BUSUUUK !  PERSIS  D.N AIDIT .( PKI )";0;0;0;1;in;1565278686555013121;1709440371565240449;fransis74201222;https://twitter.com/fransis74201222/status/1709440371565240449
Wed Oct 04 05:27:17 +0000 2023;1709440030769619423;"Buku Librari Ori - Mati Sebelum Mati Buka Kesadaran Hakiki https://t.co/Z9NL5KJalm WR 1 Dajjal Batik Air Rempang Kapolsek #AniesMuhaimin2024 Jenglot Miring #HongKongOpen2023 https://t.co/tNgkrZMZwX https://t.co/yfQiH4u6Kc";0;0;0;0;in;1692294948882923521;1709440030769619423;librari_alvabet;https://twitter.com/librari_alvabet/status/1709440030769619423
Wed Oct 04 05:25:56 +0000 2023;1709439688975769781;"Tapi demo perduli rempang tempo hari di bubarkan oleh preman. Masok angen. 😵‍💫😵‍💫 https://t.co/rB2HYS6OX4";0;0;1;1;in;1021329195329179648;1709439688975769781;PresidenKopi;https://twitter.com/PresidenKopi/status/1709439688975769781
Wed Oct 04 05:22:53 +0000 2023;1709438921162326236;"Panglima Pajaji cari panggung di atas permasalahan di rempang https://t.co/9CBUkvpBqi";0;0;0;0;in;1619971844374937602;1709438921162326236;LampeTurah;https://twitter.com/LampeTurah/status/1709438921162326236
Wed Oct 04 05:22:22 +0000 2023;1709438790597812246;"@hc_poirot Kalau di Timor salibkan dia, bebaskan rakyat Rempang #rempang";0;0;0;1;in;1497407025650696194;1709105119969817063;HanserNalle;https://twitter.com/HanserNalle/status/1709438790597812246
Wed Oct 04 05:22:19 +0000 2023;1709438781324177836;"@JHPrabowo Yang udah jelas jadi hunian rakyat Rempang aja dengan mudahnya menerjunkan personil keamanan buat usir rakyat.  Iya, sejarah kejahatan selalu berulang. Kali ini dikomandani si plonga-plongo melalui anak buahnya.";0;1;0;1;in;1604763127312420864;1709385215473533127;yustweet19des22;https://twitter.com/yustweet19des22/status/1709438781324177836
Wed Oct 04 05:21:59 +0000 2023;1709438695697490167;"Buku Librari Ori - Mati Sebelum Mati Buka Kesadaran Hakiki https://t.co/Z9NL5KJalm WR 1 Dajjal Batik Air Rempang Kapolsek #AniesMuhaimin2024 Jenglot Miring #HongKongOpen2023 https://t.co/8PKAtKNVDQ https://t.co/6BwCe5aEGF";0;0;0;0;in;1692294948882923521;1709438695697490167;librari_alvabet;https://twitter.com/librari_alvabet/status/1709438695697490167
Wed Oct 04 05:21:54 +0000 2023;1709438675996868771;"Inikah gambaran negara agraria yang gak berdaulat pangan karena tidak bisa mengoptimalkan produktifitas pertaniannya ?   Urusan perut jgn diperlakukan kaya org rempang lah yg udah lama hidup disana tiba2 suruh pindah lokasi 🤪  https://t.co/p7hbIZWhbX";2;6;3;19;in;1577486519773765632;1709438675996868771;akuntwiter968;https://twitter.com/akuntwiter968/status/1709438675996868771
Wed Oct 04 05:19:26 +0000 2023;1709438053511811078;"@PartaiSocmed Apakah Rempang harus deal juga terkait buat nego ini tum?";0;0;0;0;in;243998004;1709436762416951476;Ar_910;https://twitter.com/Ar_910/status/1709438053511811078
Wed Oct 04 05:18:51 +0000 2023;1709437907679985827;"@never_alonely @sexyk1ll3r #Rempang https://t.co/PDga0qbmDp";0;0;0;8;qme;741816102;1709436172467118357;MarbotAlAqsha;https://twitter.com/MarbotAlAqsha/status/1709437907679985827
Wed Oct 04 05:18:29 +0000 2023;1709437813350133815;"Mantan istri bongkar aib Panglima Pajaji yang mencari panggung di Kasus Rempang.   #RempangEcoCity";0;0;0;0;in;1565603353467703296;1709437813350133815;pamanuan9;https://twitter.com/pamanuan9/status/1709437813350133815
Wed Oct 04 05:18:17 +0000 2023;1709437762817142996;"@boyam3807 Mantan istri bongkar aib Panglima Pajaji yang mencari panggung di Kasus Rempang.  #RempangEcoCity";0;0;0;0;in;1565603353467703296;1709354818706551264;pamanuan9;https://twitter.com/pamanuan9/status/1709437762817142996
Wed Oct 04 05:18:09 +0000 2023;1709437731699671469;"@boyam3807 Mantan istri bongkar aib Panglima Pajaji yang mencari panggung di Kasus Rempang.   #RempangEcoCity";0;0;0;0;in;1565603353467703296;1709354818706551264;pamanuan9;https://twitter.com/pamanuan9/status/1709437731699671469
Wed Oct 04 05:18:08 +0000 2023;1709437725571735917;"Panglima Pajaji Cari Panggung diatas Permasalahan Di Rempang https://t.co/DnCvk2i2i3";0;1;0;0;in;2571593054;1709437698656907343;toasttanzeb296;https://twitter.com/toasttanzeb296/status/1709437725571735917
Wed Oct 04 05:18:03 +0000 2023;1709437707288748061;"@tvOneNews YAKIN DIA WARGA REMPANG ?";0;0;0;1;in;908525169135587329;1709328515026591796;suryanililik1;https://twitter.com/suryanililik1/status/1709437707288748061
Wed Oct 04 05:16:38 +0000 2023;1709437349644673055;"Buku Librari Ori - Dahulukan Akhlak Di Atas Fiqih (Republish 2023) https://t.co/eO0kIsCslL Dajjal Batik Air WR 1 Kapolsek Rempang #AniesMuhaimin2024 Jenglot Miring Kamis Fajar #HongKongOpen2023 https://t.co/1qgjIxqPiy https://t.co/PpNx2GZSLr";0;0;0;0;in;1692294948882923521;1709437349644673055;librari_alvabet;https://twitter.com/librari_alvabet/status/1709437349644673055
Wed Oct 04 05:16:23 +0000 2023;1709437288118358302;"list mentri yang paling tidak saya suka setelah opung. semenjak kasus rempang, sekarang #tiktokshop. bikin kebijakan seenaknya aja, gak mendengarkan dari sisi kedua belah pihak dan membuat solusi terbaik, langsung main cut aja.";0;1;1;0;in;1570992476219150339;1709437288118358302;HyperSpeaker;https://twitter.com/HyperSpeaker/status/1709437288118358302
Wed Oct 04 05:16:11 +0000 2023;1709437234741760439;"@VIVAcoid Ga ada kasus baru munculin kasus lama.emang pinter pengalihan isu y.masyarakat jadi lupa kasus rempang dan si dito menpora yg tak kunjung ditangkap.";1;9;2;39;in;232825469;1709423122137698605;henwizaniko;https://twitter.com/henwizaniko/status/1709437234741760439
Wed Oct 04 05:16:08 +0000 2023;1709437221323894898;"#Copas  DEMO BELA REMPANG, MAHASISWA HMI DIANIAYA PREMAN SURUHAN BAHLIL  Aksi Solidaritas untuk warga Rempang dilakukan oleh Himpunan Mahasiswa Islam Cabang Jakarta Timur, Cabang Jakarta Raya dan Cabang Jakarta Pusat- Utara.  [Pukul : 15.00 WIB] Sebelum aksi dimulai, massa aksi… https://t.co/9VZXHyWlo8";30;86;869;1352;in;933063275914424321;1709437221323894898;JulianiMadinah;https://twitter.com/JulianiMadinah/status/1709437221323894898
Wed Oct 04 05:14:51 +0000 2023;1709436902183686284;"@HusinShihab Welah... lha itu Rempang apa bukan titipan pekingese komunis? Mata buka lebar2 wooy..  yg inves siapa?";0;0;0;0;in;1603923754358169604;1709211422042071498;MasMadYap;https://twitter.com/MasMadYap/status/1709436902183686284
Wed Oct 04 05:13:48 +0000 2023;1709436634285146380;"@Kopipait__78 Aparat rempang sdh pake preman katanya";0;0;0;3;in;780077959;1709371655624245437;AchmadShonnyArc;https://twitter.com/AchmadShonnyArc/status/1709436634285146380
Wed Oct 04 05:11:57 +0000 2023;1709436172467118357;"Seorang pria terlihat marah kepada para aparat yg sering menembakkan senjata di #Rempang dan ada seorang anak buta karenanya  Dia menantang aparat utk melawan Masyarakat tanpa senjata https://t.co/soD6elLQch";9;20;473;604;in;1369949963690549248;1709436172467118357;never_alonely;https://twitter.com/never_alonely/status/1709436172467118357
Wed Oct 04 05:11:18 +0000 2023;1709436005370196262;"Buku Librari Ori - Dahulukan Akhlak Di Atas Fiqih (Republish 2023) https://t.co/eO0kIsCslL Dajjal Batik Air WR 1 Kapolsek Rempang #AniesMuhaimin2024 Jenglot Miring Kamis Fajar #HongKongOpen2023 https://t.co/i0oq7PTEaA https://t.co/jEeRPn8cw2";0;0;0;0;in;1692294948882923521;1709436005370196262;librari_alvabet;https://twitter.com/librari_alvabet/status/1709436005370196262
Wed Oct 04 05:10:28 +0000 2023;1709435796804227533;"Padahal sewaktu pilpres warga Rempang banyak milih Jokowi. Jadi klir ya ... pemilu tak akan menyelamatkanmu dari penggusuran ...";4;10;287;587;in;546258782;1709435796804227533;sandalista1789;https://twitter.com/sandalista1789/status/1709435796804227533
Wed Oct 04 05:09:49 +0000 2023;1709435634363105733;"@creepylogy_ Masalahnya atmosfer lingkungannya yg gak baik. Polisi baik pun jika atasan nyuruh mereka melawan warga seperti penonton kanjuruhan, warga wadas dan warga rempang otomatis mereka perlahan² ikut menjadi penjahat.";0;0;0;0;in;544406251;1708865029158924533;Leonjulian_agus;https://twitter.com/Leonjulian_agus/status/1709435634363105733
Wed Oct 04 05:09:42 +0000 2023;1709435605539848579;"Panglima memanfaatkan permasalahan rempang untuk terkenal. https://t.co/vwVy8I4MsZ";0;0;0;0;in;1689965938588921856;1709435605539848579;cindadamai;https://twitter.com/cindadamai/status/1709435605539848579
Wed Oct 04 05:07:47 +0000 2023;1709435123069030743;"Kemarin siapa yang pake jasa preman buat bubarin demo ya?  Bahlil Tolak Bebaskan Warga Rempang: Kalau Dibiarkan, Negara Kita Jadi Negara Preman https://t.co/CeTA6sYtG7";0;0;0;0;in;1125553536102612992;1709435123069030743;Bardoel2;https://twitter.com/Bardoel2/status/1709435123069030743
Wed Oct 04 05:06:27 +0000 2023;1709434785360408631;"@tvOneNews pasti si bahlil ini bakal dicintai warga rempang";0;0;0;0;in;1706925674429329408;1709343143609688394;RakaAizen94537;https://twitter.com/RakaAizen94537/status/1709434785360408631
Wed Oct 04 05:06:16 +0000 2023;1709434741093810592;"Yuk intip lagi tempat yg di sediakan oleh BP Batam utk relokasi warga #Rempang  Seperti kamar kos atau penjara gaesss menurut Kelen ... https://t.co/FHkq3YfUow";1;8;25;18;in;1369949963690549248;1709434741093810592;never_alonely;https://twitter.com/never_alonely/status/1709434741093810592
Wed Oct 04 05:06:04 +0000 2023;1709434691546431928;"Pada 2022 Di Gresik, katanya mau investasi US$700 juta. November 2022 mau bangun pabrik di Babel US$6 miliar-7 miliar. Juli 2023 di Rempang US$115 miiar.  Dua yg pertama terbukti omdo alias omong doang. Melihat kemampuan keuangan Xinyi, bisa jadi yg di Rempang juga cuma bluffing";0;1;0;0;in;1669742231228682241;1709434222778499302;FurqanIbr64677;https://twitter.com/FurqanIbr64677/status/1709434691546431928
Wed Oct 04 05:05:56 +0000 2023;1709434655878140023;"Buku Librari Ori - Muslimah Bukan Agen Moral https://t.co/jMLny2Q3v6 WR 1 Batik Air Kapolsek Rempang #AniesMuhaimin2024 Jenglot Miring #HongKongOpen2023 Narnia https://t.co/7SBJrDc4X6 https://t.co/XZwFW0HRp4";0;0;0;0;in;1692294948882923521;1709434655878140023;librari_alvabet;https://twitter.com/librari_alvabet/status/1709434655878140023
Wed Oct 04 05:03:13 +0000 2023;1709433972751827416;"Rembang panase koyo omongane tonggo lur 😫";0;0;0;1;in;4431857419;1709433972751827416;denmasuper;https://twitter.com/denmasuper/status/1709433972751827416
Wed Oct 04 05:01:06 +0000 2023;1709433440431735033;"Polisi Diminta Bebaskan 30 Warga Terlibat Unjuk Rasa Terkait Konflik Rempang https://t.co/dH5cf6dZkt";0;1;1;3;in;55507370;1709433440431735033;tvOneNews;https://twitter.com/tvOneNews/status/1709433440431735033
Wed Oct 04 05:00:44 +0000 2023;1709433345778581987;"Tolak Bebaskan Warga Rempang yang Ditahan, Bahlil: Kalau Dibiarkan, Kita Jadi Negara Preman https://t.co/uioU7BBctK https://t.co/wp3dFZmAfC";0;0;0;0;in;1592886017446793218;1709433345778581987;polhukamid_;https://twitter.com/polhukamid_/status/1709433345778581987
Wed Oct 04 05:00:34 +0000 2023;1709433307266695608;"Buku Librari Ori - Muslimah Bukan Agen Moral https://t.co/jMLny2Q3v6 WR 1 Batik Air Kapolsek Rempang #AniesMuhaimin2024 Jenglot Miring #HongKongOpen2023 Narnia https://t.co/Ks0wsyBIzP https://t.co/Lu8vu4WNYu";0;0;0;0;in;1692294948882923521;1709433307266695608;librari_alvabet;https://twitter.com/librari_alvabet/status/1709433307266695608
Wed Oct 04 05:00:00 +0000 2023;1709433163670585471;"@hc_poirot Silahkan mundur secepatnya @bahlillahadalia biar rakyat rempang dan Indonesia tenang";0;0;0;0;in;92969502;1709105119969817063;setyosby;https://twitter.com/setyosby/status/1709433163670585471
Wed Oct 04 04:58:21 +0000 2023;1709432748073783354;"@Miduk17 Memilih Ganjar , berarti melanjutkan pergusuran tanah Rempang ,dan di daerah2 yg akan di lelang ke Taipan.";0;0;0;0;in;1705565954846138368;1709171252886458402;BudhySanto84754;https://twitter.com/BudhySanto84754/status/1709432748073783354
Wed Oct 04 04:58:01 +0000 2023;1709432665445900305;"Dukung Pembangunan Rempang Eco City, Syarikat Islam: jngn Terpengaruh brita Hoaks https://t.co/6uR2dnHtPu";0;0;0;0;in;1676435778304622592;1709432665445900305;irarhyy;https://twitter.com/irarhyy/status/1709432665445900305
Wed Oct 04 04:57:55 +0000 2023;1709432640682795519;"Dukung Pembangunan Rempang Eco City, Syarikat Islam: Jangan Terpengaruh Berita Hoaks https://t.co/memxkdLdUz";0;0;0;0;in;1676478245754257408;1709432640682795519;UtiYusrina;https://twitter.com/UtiYusrina/status/1709432640682795519
Wed Oct 04 04:57:53 +0000 2023;1709432628821242212;"Dukung Pembangunan Rempang Eco City, Syarikat Islam: Jangan Terpengaruh brita Hoaks https://t.co/1VRqZlMrLW";0;0;0;0;in;1676456162580115457;1709432628821242212;SartikaDedew9;https://twitter.com/SartikaDedew9/status/1709432628821242212
Wed Oct 04 04:57:50 +0000 2023;1709432616594849990;"Dukung Pembangunan Rempang Eco City, Syarikat Islam: djangan Terpengaruh brta Hoaks https://t.co/DHRMRFX4w2";0;0;0;0;in;1676438370850066432;1709432616594849990;arnimayassari;https://twitter.com/arnimayassari/status/1709432616594849990
Wed Oct 04 04:57:47 +0000 2023;1709432603932311809;"Dukung Pembangunan Rempang Eco City, Syarikat Islam: jangab Terpengaruh Berita Hoaks https://t.co/JHcmSEAoBi";0;0;0;0;in;1676451814911381506;1709432603932311809;NSelfiyant1;https://twitter.com/NSelfiyant1/status/1709432603932311809
Wed Oct 04 04:57:34 +0000 2023;1709432551222530511;"Dukung Pembangunan Rempang Eco City, Syarikat Islam: jng Terpengaruh brita Hoaks https://t.co/wR7GNvCtHJ";0;0;0;0;in;1676443821750784000;1709432551222530511;FitriHasan4h;https://twitter.com/FitriHasan4h/status/1709432551222530511
Wed Oct 04 04:57:13 +0000 2023;1709432463079145860;"Dukung Pembangunan Rempang Eco City, Syarikat Islam: djangan Terpengaruh brta Hoaks https://t.co/uwtNBTXpXm";0;0;0;0;in;1675760531167416321;1709432463079145860;hanniayuliani;https://twitter.com/hanniayuliani/status/1709432463079145860
Wed Oct 04 04:56:45 +0000 2023;1709432346708164833;"Dukung Pembangunan Rempang Eco City, Syarikat Islam: jng Terpengaruh brita Hoaks https://t.co/KBLb7Wzdo3";0;0;0;0;in;1675735907843047425;1709432346708164833;utamiulfaaah;https://twitter.com/utamiulfaaah/status/1709432346708164833
Wed Oct 04 04:56:36 +0000 2023;1709432306598134072;"Dukung Pembangunan Rempang Eco City, Syarikat Islam: jngan Terpengaruh brita Hoaks https://t.co/2PpHNWUVdb";0;0;0;0;in;1676117795195736064;1709432306598134072;SitiAzahr;https://twitter.com/SitiAzahr/status/1709432306598134072
Wed Oct 04 04:56:17 +0000 2023;1709432229313888720;"Dukung Pembangunan Rempang Eco City, Syarikat Islam: Jangan Terpengaruh brita Hoaks https://t.co/5nRxcWSzrs";0;0;0;0;in;1676080068928618496;1709432229313888720;dwiirhmh_;https://twitter.com/dwiirhmh_/status/1709432229313888720
Wed Oct 04 04:56:10 +0000 2023;1709432200029208800;"Dukung Pembangunan Rempang Eco City, Syarikat Islam: jagan Terpengaruh brta Hoaks https://t.co/Qmhzc0TRpw";0;0;0;0;in;1676072142843301888;1709432200029208800;merlinda_git;https://twitter.com/merlinda_git/status/1709432200029208800
Wed Oct 04 04:56:00 +0000 2023;1709432156207124835;"DIBONGKAR!!! TERNYATA XINYI HOBI OMDO DAN BANGUN "INVESTASI BODONG"  Ketua NCW Hanifa Sutrisna bilang Xinyi hobi Omdo n bangun investasi tipu² sjk di Gresik n Babel. Di Rempang juga sama. "Ini persekongkolan jahat  ‘investasi bodong’."  https://t.co/lIRuE2I2u3";0;0;0;0;in;1579371008955281410;1709432156207124835;edylagimulyadi;https://twitter.com/edylagimulyadi/status/1709432156207124835
Wed Oct 04 04:55:58 +0000 2023;1709432146816057479;"Dukung Pembangunan Rempang Eco City, Syarikat Islam: jngan Terpengaruh brita Hoaks https://t.co/kvabHy1Ype";0;0;0;0;in;1676107761439109120;1709432146816057479;fahri_irwn99;https://twitter.com/fahri_irwn99/status/1709432146816057479
Wed Oct 04 04:55:55 +0000 2023;1709432135059431515;"Dukung Pembangunan Rempang Eco City, Syarikat Islam: jgan Terpengaruh brta Hoaks https://t.co/mwjeI1qWOl";0;0;0;0;in;1676113381676417024;1709432135059431515;chntkptt;https://twitter.com/chntkptt/status/1709432135059431515
Wed Oct 04 04:55:41 +0000 2023;1709432078436331836;"Dukung Pembangunan Rempang Eco City, Syarikat Islam: Jangan Terpengaruh Berita Hoaks https://t.co/8LLfqzmR7w";0;0;0;0;in;1676084672428908544;1709432078436331836;riska_nrml;https://twitter.com/riska_nrml/status/1709432078436331836
Wed Oct 04 04:55:38 +0000 2023;1709432064943304854;"Dukung Pembangunan Rempang Eco City, Syarikat Islam: jngn Terpengaruh brita Hoaks https://t.co/zjVLdqBMhA";0;0;0;0;in;1676097856036560896;1709432064943304854;edo_budd;https://twitter.com/edo_budd/status/1709432064943304854
Wed Oct 04 04:55:35 +0000 2023;1709432052314153376;"Dukung Pembangunan Rempang Eco City, Syarikat Islam: Jangan Terpengaruh brita Hoaks https://t.co/tOXWrzzP3z";0;0;0;0;in;1676160485958496256;1709432052314153376;ToniSaputra_5;https://twitter.com/ToniSaputra_5/status/1709432052314153376
Wed Oct 04 04:55:29 +0000 2023;1709432027525837016;"Dukung Pembangunan Rempang Eco City, Syarikat Islam: jagan Terpengaruh brta Hoaks https://t.co/sSJDN5Dt7k";0;0;0;0;in;1676103306371018752;1709432027525837016;Sap0Pradito;https://twitter.com/Sap0Pradito/status/1709432027525837016
Wed Oct 04 04:55:26 +0000 2023;1709432015614013461;"Dukung Pembangunan Rempang Eco City, Syarikat Islam: jangab Terpengaruh Berita Hoaks https://t.co/1IXxFEkpJB";0;0;0;0;in;1676072106482896896;1709432015614013461;_NabilaHani_;https://twitter.com/_NabilaHani_/status/1709432015614013461
Wed Oct 04 04:55:18 +0000 2023;1709431981677904048;"Dukung Pembangunan Rempang Eco City, Syarikat Islam: jgan Terpengaruh brta Hoaks https://t.co/ugw9PKFwDl";0;0;0;0;in;1676088648096448513;1709431981677904048;RandiRifal11;https://twitter.com/RandiRifal11/status/1709431981677904048
Wed Oct 04 04:55:15 +0000 2023;1709431969409593447;"Dukung Pembangunan Rempang Eco City, Syarikat Islam: jgn Terpengaruh Berita Hoaks https://t.co/xkzCHmbXAI";0;0;0;0;in;1676088716186767361;1709431969409593447;_RenoFn_;https://twitter.com/_RenoFn_/status/1709431969409593447
Wed Oct 04 04:55:14 +0000 2023;1709431963365540026;"Seorang Menteri,alangkah indah &amp  sejuk jk beliau bertutur santun,penuh persuasi &amp  motivasi ditengah nasib warga Rempang yg bingung &amp  penuh ketidak-pastian akan nasibny  krn  P.Rempang tanpa sepemgetahuan mrk di 2001 tlh dialhkan ke Taipan TW..@DrEvaChaniago https://t.co/boq1N5fFDt";4;10;15;29;in;1504042037896613888;1709431963365540026;HermanBudiSant4;https://twitter.com/HermanBudiSant4/status/1709431963365540026
Wed Oct 04 04:55:10 +0000 2023;1709431948039639085;"Buku Librari Ori - Haji Murad https://t.co/7qZDsgk7CV WR 1 Batik Air Kapolsek #AniesMuhaimin2024 Rempang Jenglot Al Kahfi #HongKongOpen2023 Putri KW Kamis Narnia https://t.co/LjjKLWY1xg https://t.co/KeWBaEB33j";0;0;0;0;in;1692294948882923521;1709431948039639085;librari_alvabet;https://twitter.com/librari_alvabet/status/1709431948039639085
Wed Oct 04 04:55:06 +0000 2023;1709431931698618852;"Dukung Pembangunan Rempang Eco City, Syarikat Islam: jngan Terpengaruh brita Hoaks https://t.co/Hh9j1kCfxD";0;0;0;0;in;1675916643766243328;1709431931698618852;Irmadira55;https://twitter.com/Irmadira55/status/1709431931698618852
Wed Oct 04 04:54:55 +0000 2023;1709431883493462452;"Dukung Pembangunan Rempang Eco City, Syarikat Islam: jangn Terpengaruh Berita Hoaks https://t.co/fJVECTpqkx";0;0;0;0;in;1676147668685565952;1709431883493462452;TikoPratama_7;https://twitter.com/TikoPratama_7/status/1709431883493462452
Wed Oct 04 04:54:44 +0000 2023;1709431839612625284;"Dukung Pembangunan Rempang Eco City, Syarikat Islam: Jangan Terpengaruh brita Hoaks https://t.co/m8guOxTP0f";0;0;0;0;in;1676154336978812928;1709431839612625284;maulan5_vito;https://twitter.com/maulan5_vito/status/1709431839612625284
Wed Oct 04 04:54:33 +0000 2023;1709431791218778272;"Dukung Pembangunan Rempang Eco City, Syarikat Islam: jgn Terpengaruh Berita Hoaks https://t.co/xykSmSC7Ja";0;0;0;0;in;1676131518513840129;1709431791218778272;BudiAnggara_;https://twitter.com/BudiAnggara_/status/1709431791218778272
Wed Oct 04 04:54:30 +0000 2023;1709431778325430346;"Dukung Pembangunan Rempang Eco City, Syarikat Islam: jng Terpengaruh brita Hoaks https://t.co/JBzKTbeVOx";0;0;0;0;in;1676124967346503680;1709431778325430346;ainunshafa0;https://twitter.com/ainunshafa0/status/1709431778325430346
Wed Oct 04 04:54:16 +0000 2023;1709431718443471129;"Dukung Pembangunan Rempang Eco City, Syarikat Islam: jngan Terpengaruh brita Hoaks https://t.co/4NUtmZkEET";0;0;0;0;in;1675749913756569600;1709431718443471129;deliafirlianaa_;https://twitter.com/deliafirlianaa_/status/1709431718443471129
Wed Oct 04 04:54:02 +0000 2023;1709431662814380409;"Dukung Pembangunan Rempang Eco City, Syarikat Islam: djangan Terpengaruh brta Hoaks https://t.co/d2ffaCax59";0;0;0;0;in;1676076108310249472;1709431662814380409;eka_wina7;https://twitter.com/eka_wina7/status/1709431662814380409
Wed Oct 04 04:53:56 +0000 2023;1709431637463986413;"Dukung Pembangunan Rempang Eco City, Syarikat Islam: jngn Terpengaruh brita Hoaks https://t.co/79iEGLF4JX";0;0;0;0;in;1675723207423430656;1709431637463986413;nindaa_22;https://twitter.com/nindaa_22/status/1709431637463986413
Wed Oct 04 04:53:48 +0000 2023;1709431604891046292;"Dukung Pembangunan Rempang Eco City, Syarikat Islam: Jangan Terpengaruh Berita Hoaks https://t.co/KVHeKdyTMt";0;0;0;0;in;1675509227228635138;1709431604891046292;abiiifauzan;https://twitter.com/abiiifauzan/status/1709431604891046292
Wed Oct 04 04:53:25 +0000 2023;1709431504445882464;"Dukung Pembangunan Rempang Eco City, Syarikat Islam: jng Terpengaruh brita Hoaks https://t.co/3SaXb6ervw";0;0;0;0;in;1675417339934969857;1709431504445882464;aniadriani_;https://twitter.com/aniadriani_/status/1709431504445882464
Wed Oct 04 04:53:19 +0000 2023;1709431483197505746;"Dukung Pembangunan Rempang Eco City, Syarikat Islam: jgn Terpengaruh Berita Hoaks https://t.co/AO443C617R";0;0;0;0;in;1675772367946272768;1709431483197505746;elsaadelina002;https://twitter.com/elsaadelina002/status/1709431483197505746
Wed Oct 04 04:53:13 +0000 2023;1709431454546223281;"Dukung Pembangunan Rempang Eco City, Syarikat Islam: jngan Terpengaruh brita Hoaks https://t.co/3BWygFTB1j";0;0;0;0;in;1675765595521056768;1709431454546223281;YudhaYudistr;https://twitter.com/YudhaYudistr/status/1709431454546223281
Wed Oct 04 04:53:11 +0000 2023;1709431446098817027;"@GunRomli Pa @ganjarpranowo mohon dibuka pa data proyek Wadas, biar kereta cepat dan Rempang nanti nyusul dibuka";0;0;0;10;in;1160124435375853568;1709366641921069138;IwanLife;https://twitter.com/IwanLife/status/1709431446098817027
Wed Oct 04 04:53:08 +0000 2023;1709431434514247765;"Dukung Pembangunan Rempang Eco City, Syarikat Islam: jangn Terpengaruh Berita Hoaks https://t.co/AvmuaBAAh2";0;0;0;0;in;1675768389376311296;1709431434514247765;Irfannssr;https://twitter.com/Irfannssr/status/1709431434514247765
Wed Oct 04 04:53:05 +0000 2023;1709431422224859243;"Dukung Pembangunan Rempang Eco City, Syarikat Islam: djangan Terpengaruh brta Hoaks https://t.co/bPbbm8o0B8";0;0;0;0;in;1675747026670358530;1709431422224859243;Aditya_Maul06;https://twitter.com/Aditya_Maul06/status/1709431422224859243
Wed Oct 04 04:52:30 +0000 2023;1709431275860418594;"@jokowi Artinya investasi di #Rempang batal ya pak 👍🏻  Jal ngomong ngono ket mbiyen nggak perlu turunkan aparat di adu domba dengan rakyat";0;0;0;0;in;2518915579;1706257764459450504;tgh998;https://twitter.com/tgh998/status/1709431275860418594
Wed Oct 04 04:51:29 +0000 2023;1709431018867118550;"DIBONGKAR!!! TERNYATA XINYI HOBI OMDO DAN BANGUN "INVESTASI BODONG"  Ketua NCW Hanifa Sutrisna ternyata Xinyi hobi Omdo n bangun investasi tipu² sjk di Gresik n Babel. Di Rempang juga sama.  "Ini persekongkolan jahat ‘investasi bodong’" kata Hanifa.  https://t.co/gZ3sYaarKT";0;0;0;0;in;1657081541942734850;1709431018867118550;CAMERALIVE6849;https://twitter.com/CAMERALIVE6849/status/1709431018867118550
Wed Oct 04 04:49:52 +0000 2023;1709430614590718082;"@CutSarina5 Investornya #Rempang bosnya preman hasilnya seperti ini bukan rahasia lagi";0;0;0;0;in;1497407025650696194;1709011049347998169;HanserNalle;https://twitter.com/HanserNalle/status/1709430614590718082
Wed Oct 04 04:49:51 +0000 2023;1709430607133188347;"Buku Librari Ori - Haji Murad https://t.co/7qZDsgk7CV WR 1 Batik Air Kapolsek #AniesMuhaimin2024 Rempang Jenglot Al Kahfi #HongKongOpen2023 Putri KW Kamis Narnia https://t.co/ANehloDH1b https://t.co/gsn6DNBPHp";0;0;0;0;in;1692294948882923521;1709430607133188347;librari_alvabet;https://twitter.com/librari_alvabet/status/1709430607133188347
Wed Oct 04 04:49:20 +0000 2023;1709430478770766136;"meresahkan di rempang panglima pajaji hanya cari panggung    #BatamDamai  #pajajicaripanggung #rempang https://t.co/mD8wvweqAF";0;0;0;0;in;1691300686909325312;1709430478770766136;bambangmar41244;https://twitter.com/bambangmar41244/status/1709430478770766136
Wed Oct 04 04:49:15 +0000 2023;1709430457304232248;"Panglima pajaji hanya buat kerusuhan     #BatamDamai  #pajajicaripanggung #rempang https://t.co/QLSjHv0w5J";0;0;0;0;in;1691300686909325312;1709430457304232248;bambangmar41244;https://twitter.com/bambangmar41244/status/1709430457304232248
Wed Oct 04 04:49:05 +0000 2023;1709430416527306941;"Panglima Pajaji sangat meresahkan    #BatamDamai  #pajajicaripanggung #rempang https://t.co/xSYoR8ZZoY";0;0;0;0;in;1691300686909325312;1709430416527306941;bambangmar41244;https://twitter.com/bambangmar41244/status/1709430416527306941
Wed Oct 04 04:48:50 +0000 2023;1709430353352659183;"“Mereka yang saat ini ditahan akibat kejadian 11 September 2023 tsb karena wujud solidaritas untuk warga #Rempang. Upaya penangguhan atau pengalihan jenis penahanan ini juga merupakan langkah hukum yang diatur dalam undang-undang,”-- LBH Mawar Saron Batam  https://t.co/ezF1vbBnTs";0;0;0;0;in;124390203;1709430353352659183;beritaKBR;https://twitter.com/beritaKBR/status/1709430353352659183
Wed Oct 04 04:45:15 +0000 2023;1709429452688773465;"@KompasTV Tdk perlu penggusuran seperti di Rempang";0;0;0;0;in;1577556367396995072;1707707061143052345;Balihasbullah;https://twitter.com/Balihasbullah/status/1709429452688773465
Wed Oct 04 04:44:54 +0000 2023;1709429365124325559;"@jokowi Kirain mau nyusun kekuatan untuk ke Rempang pak";0;0;0;0;in;1431235359107477504;1709169871857373287;BLiliang;https://twitter.com/BLiliang/status/1709429365124325559
Wed Oct 04 04:44:32 +0000 2023;1709429271201280358;"Buku Librari Ori - Haji Murad https://t.co/7qZDsgk7CV WR 1 Batik Air Kapolsek #AniesMuhaimin2024 Rempang Jenglot Al Kahfi #HongKongOpen2023 Putri KW Kamis Narnia https://t.co/yux2jplACR https://t.co/NDL0Rh7Vvs";0;0;0;0;in;1692294948882923521;1709429271201280358;librari_alvabet;https://twitter.com/librari_alvabet/status/1709429271201280358
Wed Oct 04 04:44:12 +0000 2023;1709429186493026719;"@tvOneNews Bullshit, apa yg bisa dipercaya dari rezim ini. Rempang saja dikerahkan preman" berbaju dinas, padahal sblmnya sudah disepakati masyarakat adat tidak digusur tp realitanya?";0;0;0;0;in;977840655526379520;1709090055678247381;hand_oy;https://twitter.com/hand_oy/status/1709429186493026719
Wed Oct 04 04:40:29 +0000 2023;1709428250936750340;"Komisi VI DPR RI Minta Penyelesaian Secara Menyeluruh Masalah Investasi Rempang https://t.co/Z7jNXoQC20";0;0;0;0;in;1480918028;1709428250936750340;Kabarpolitikcom;https://twitter.com/Kabarpolitikcom/status/1709428250936750340
Wed Oct 04 04:39:14 +0000 2023;1709427937974583731;"Buku Librari Ori - Haji Murad https://t.co/7qZDsgk7CV WR 1 Batik Air Kapolsek #AniesMuhaimin2024 Rempang Jenglot Al Kahfi #HongKongOpen2023 Putri KW Kamis Narnia https://t.co/d6RmxZ2xJM https://t.co/wBH1PTY8AP";0;0;0;0;in;1692294948882923521;1709427937974583731;librari_alvabet;https://twitter.com/librari_alvabet/status/1709427937974583731
Wed Oct 04 04:38:38 +0000 2023;1709427787805987037;"DPR KALIAN GAWE YG BENER JGN MAU DIKIBULIN SAMA SI BAHLIL, RAKYAT REMPANG TDK MAU DIUSIR, REMPANG TANAH LELUHURNYA,  WAJIB DIPERTAHANKAN SBG CAGAR BUDAYA MELAYU https://t.co/dm1OOLWE6J";0;0;1;3;in;1168102826624483329;1709427787805987037;ENS53311139;https://twitter.com/ENS53311139/status/1709427787805987037
Wed Oct 04 04:38:34 +0000 2023;1709427770298872038;"@NenkMonica Indonesia sdh jadi jongos cina skg, liat aja yg berbau cina dikasih karpet merah dinegeri ini. Kasus rempang bukti nyata kejongosan tsb";0;0;0;1;in;1622212741493846018;1709136843953054037;papi_zia;https://twitter.com/papi_zia/status/1709427770298872038
Wed Oct 04 04:37:55 +0000 2023;1709427605903122457;"Tolak Bebaskan Warga Rempang yang Ditahan, Bahlil: Kalau Dibiarkan, Kita Jadi Negara Preman https://t.co/a70HtZZrn5";31;178;35;44;in;3319260420;1709427605903122457;geloraco;https://twitter.com/geloraco/status/1709427605903122457
Wed Oct 04 04:37:16 +0000 2023;1709427443340370392;"@HusinShihab Klo lo pinter bakal paham, rempang aja blm ada amdalnya..klo ga titipan udh selesai tuh amdal dr dl klo mau bgn proyek? Paham lo? Udh tau legal standing?🤣🤣🤣";0;0;0;1;in;894947689644699648;1709211422042071498;oposan007;https://twitter.com/oposan007/status/1709427443340370392
Wed Oct 04 04:34:02 +0000 2023;1709426628663910780;"@tvOneNews Khusus untuk Rempang, Bahlil harusnya melihat persoalan itu dari hulu, mereka itu hanya hilir";0;0;0;3;in;114452217;1709343143609688394;ballambinlove;https://twitter.com/ballambinlove/status/1709426628663910780
Wed Oct 04 04:32:34 +0000 2023;1709426259636449432;"Menteri Investasi/Kepala Badan Koordinasi Penanaman Modal (BKPM), Bahlil Lahadalia menyatakan warga Rempang tidak ingin ada aparat dalam proses pergeseran atau relokasi mereka dari tempat tinggalnya sekarang ke tempat yang baru.  #IDNTimesBusiness   https://t.co/AIWZVot6iZ https://t.co/6QTzSZhLhT";0;0;0;0;in;388190238;1709426259636449432;IDNTimes;https://twitter.com/IDNTimes/status/1709426259636449432
Wed Oct 04 04:30:50 +0000 2023;1709425823756026319;"Reaksi Melayu 5 Negara BP Batam, Bahlil Lahadalia Muhammad Rudi Pembohong ,Status Pengelolaan Pulang Rempang! https://t.co/oEaF7hzNH6";0;0;0;0;in;1469723124614660098;1709425823756026319;DIOtv_Portal;https://twitter.com/DIOtv_Portal/status/1709425823756026319
Wed Oct 04 04:31:09 +0000 2023;1709425902537564563;"@tvOneNews Ga ngaca si bahlul..proyek di Rempang aja asal maen serobot ga ada AMDAL nya...gaya preman dipake dongo.";0;0;0;0;in;1589309513106345984;1709343143609688394;semutrangrang80;https://twitter.com/semutrangrang80/status/1709425902537564563
Wed Oct 04 04:31:17 +0000 2023;1709425935298990233;"Indonesian villagers vow to resist Chinese-funded project, fearing ‘cultural genocide’ on Rempang Island. Joko Widodo's Govt wants 7,500 villagers to leave.  Govt claims residents are squatters, while locals insist they've lived there for 300 years.  https://t.co/ZlKChTbbTq";0;1;4;18;en;1311634481791393798;1709425935298990233;LarMusulman;https://twitter.com/LarMusulman/status/1709425935298990233
Wed Oct 04 04:29:56 +0000 2023;1709425595913031857;"Panglima Pajaji sangat meresahkan    #BatamDamai  #pajajicaripanggung #rempang https://t.co/CvGqlqh167";0;1;0;1;in;343945359;1709425595913031857;AlvinaAulya;https://twitter.com/AlvinaAulya/status/1709425595913031857
Wed Oct 04 04:28:32 +0000 2023;1709425243952218535;"Bahlil Tolak Bebaskan Warga Rempang: Kalau Dibiarkan, Negara Kita Jadi Negara Preman https://t.co/mIo85KrR2M";8;84;36;64;in;887743587579944960;1709425243952218535;OposisiCerdas;https://twitter.com/OposisiCerdas/status/1709425243952218535
Wed Oct 04 04:28:21 +0000 2023;1709425198586589596;"@tvOneNews Yg jelas depan mata, rempang warga yg hidup tenang selama puluhan tahun, bahkan sebelum Indonesia merdeka, diusik, tanah mau dirampas, di relokasi tanpa ada pengakuan pemilik tanah karena tanpa sertifikat.";0;1;3;53;in;1428997251301474307;1709256322955571656;MustaFEnerba;https://twitter.com/MustaFEnerba/status/1709425198586589596
Wed Oct 04 04:28:16 +0000 2023;1709425176943989166;"@tvOneNews Semakin Bahlil bersekukuh penjarakan warga Rempang yang telah di kurung. semakin tinggi ketidakpercayaan warga Rempang terhadap PSN.. Mereka saudara kami. Klu saudara kami di penjara,tentu kami tidak suka";0;0;0;0;in;1506195203564388356;1709343143609688394;Mustafa96991932;https://twitter.com/Mustafa96991932/status/1709425176943989166
Wed Oct 04 04:27:16 +0000 2023;1709424925239357778;"Bahlil Tolak Bebaskan Warga Rempang: Kalau Dibiarkan, Negara Kita Jadi Negara Preman  https://t.co/oz7nguVLsD";0;0;0;0;in;1636627729675337734;1709424925239357778;posaktualcom;https://twitter.com/posaktualcom/status/1709424925239357778
Wed Oct 04 04:25:53 +0000 2023;1709424575661171183;"Mereka bukan preman, bukan penjahat dan bukan koruptor.  Klian yg sudah jadi penjahat merampas hak dan mengusir warga Rempang.   Bebaskan Warga Rempang yg masih ditahan!!!  #SaveRempangBatam #BebaskanBangLong #TolakPenggusuranRempang  https://t.co/9igasMtHNc";0;11;57;103;in;1649686141757722626;1709424575661171183;AlnilamOmar;https://twitter.com/AlnilamOmar/status/1709424575661171183
Wed Oct 04 04:25:22 +0000 2023;1709424447298674978;"@papa_loren Dia gk sadar dg merebut tanah warga rempang, negara sdh bertindak layaknya preman";0;1;5;11;in;2403574648;1709403357943935400;asfan_warah;https://twitter.com/asfan_warah/status/1709424447298674978
Wed Oct 04 04:25:04 +0000 2023;1709424372270969279;"@sipil82 @RicKY_KCh loh...@sipil82 ngga up date nih, Demokrat menolak Omnibuslaw bersama PKS..Kita desak KPK kejar Harun Masiku waktu RDP dgn KPK. Rempang kita suruh hentikan penyiksaan pada rakyat..Demokrat BERSAMA RAKYAT https://t.co/ht6BPEuqbb";0;0;0;0;in;959232692133875712;1709195837291798965;MIrvanDarwin1;https://twitter.com/MIrvanDarwin1/status/1709424372270969279
Wed Oct 04 04:24:29 +0000 2023;1709424224698589346;"@B3l4K0nst1tus1_ Bayangkan kurang bajingan apa Bahlil kerakan pasukan buat usir Rakyat Rempang tanpa dasar ijin dan hukum yang jelas #BahlilMenteriPremanisme";0;0;3;6;in;1670971104813543425;1709382694780748241;RafiHasibu70974;https://twitter.com/RafiHasibu70974/status/1709424224698589346
Wed Oct 04 04:24:04 +0000 2023;1709424118763077745;"@MardaniAliSera Kok sekarang PKS bersuara setelah IKN udah dibangun, rempang apa pendirian PKS BPbatam telah melanggar SILA ke 5, mengusur kampung melayu";0;0;0;0;in;852594529;1709049803471306870;razakthaib19;https://twitter.com/razakthaib19/status/1709424118763077745
Wed Oct 04 04:22:17 +0000 2023;1709423670626767030;"Bismillah,  Rezim Jokowi sgt Afkir &amp  Kadaluarsa, Terlalu banyak issu &amp  kasus di negeri ini &amp  jd konsumsi rakyat yg arahnya perpecahan, hanya hitungan bulan saja issu rezim jokowi bikin tak tenang negeri ini, mulai cawe-cawe, rempang, kerja politis kpk dlm soal korupsi,dll, dll.";0;0;0;0;in;1663661519626997761;1709423670626767030;AssegafAlbar;https://twitter.com/AssegafAlbar/status/1709423670626767030
Wed Oct 04 04:21:45 +0000 2023;1709423537143070749;"@tvOneNews #BangsatBangsa Rezim jkw sangat arogan pd rakyatnya, klu pemenang presiden 2024 dr PDIP lg, tanah kita hanya menunggu giliran utk diambil paksa... Padahal pilpres 2019 @jokowi menang di Rempang";0;0;2;6;in;908873587024687110;1709343143609688394;Asan_Almadury;https://twitter.com/Asan_Almadury/status/1709423537143070749
Wed Oct 04 04:21:38 +0000 2023;1709423509146054933;"@jokowi Sudah akhir 10 th masa tugas dan tanggung jawab anda selaku presiden kok baru sekarang memikirkan penanggulangan kekeringan di pulau Jawa lagi, padahal kondisi ini setiap th terjadi. Kenapa tak seperti Rempang Eko City semangatmu investasi untuk rakyat?";0;0;0;1;in;1119551875404034053;1709169871857373287;herman284939026;https://twitter.com/herman284939026/status/1709423509146054933
Wed Oct 04 04:21:33 +0000 2023;1709423487994229068;"@OposisiCerdas @NanaMirzaty Reklamasi Pantai Nelayan Di Jakarta,IKN yang telah dimsuki banyak warga Tiongkok,semua PSN memfasilitsi pekerja yang jd migran,tak lama lagi REMPANG yang akan jadi migrasi rakyat Tiongkok. IKN ditawarkan kepada Rakyat Singapura. Tentu rakyat kita akan mulai terkepung lalu PUNAH";0;0;0;0;in;1506195203564388356;1709291707601399810;Mustafa96991932;https://twitter.com/Mustafa96991932/status/1709423487994229068
Wed Oct 04 04:21:21 +0000 2023;1709423436408537448;"Sementara 7.000 warga p.rempang akan digusur oleh rezim yg berkuasa utk keperluan investor china, kini 45.000 warga Air Bangis di Sumatera Barat juga resah atas tanah ulayat (tanah pusaka) seluas 30.162 Ha yg sdh mereka diami sejak ratusan thn juga akan digusur jika PSN berlaku.";0;1;1;0;in;1297659867117674496;1709423436408537448;Nazwar30452713;https://twitter.com/Nazwar30452713/status/1709423436408537448
Wed Oct 04 04:20:00 +0000 2023;1709423095734485022;"Bahlil Tolak Bebaskan Warga Yang Perjuangkan Rempang: Kalau Dibiarkan, Negara Kita Jadi Negara Preman! https://t.co/4uavXS5bsS";1;15;2;2;in;1243804423001763841;1709423095734485022;democrazymedia;https://twitter.com/democrazymedia/status/1709423095734485022
Wed Oct 04 04:19:44 +0000 2023;1709423028059390101;"@tvOneNews Tindakan yg dilakukan oleh Aparat di Rempang lebih biadab dari preman dan mereka pula yg memulai mengusik kehidupan dan ketenangan warga demi investor yang entah warga negara mana.";0;0;0;0;in;1018721899768000512;1709343143609688394;Bahana36723795;https://twitter.com/Bahana36723795/status/1709423028059390101
Wed Oct 04 04:18:21 +0000 2023;1709422682671075729;"Menko Perekonomian Airlangga Hartarto, mengunjungi warga dan terbuka menerima aspirasi - aspirasi yang disampaikan masyarakat di wilayah pulau rempang.  #airlanggahartarto #golkarindonesia #pulaurempang #polemikrempang #Rempang #batam #EKONOMİ #indonesiamaju #Jokowi #prabowo https://t.co/hiNv2Hr5r6";0;0;0;2;in;1592418480703541248;1709422682671075729;Selera_Milenial;https://twitter.com/Selera_Milenial/status/1709422682671075729
Wed Oct 04 04:18:15 +0000 2023;1709422656347582826;"#airlanggahartarto #pemimpin #golkarindonesia #prabowoairlangga #rempang https://t.co/MdHATMmCt2";0;0;0;0;qme;1594530988167610368;1709422656347582826;GenzReferensi;https://twitter.com/GenzReferensi/status/1709422656347582826
Wed Oct 04 04:17:55 +0000 2023;1709422570586698086;"meresahkan di rempang panglima pajaji hanya cari panggung      #BatamDamai  #pajajicaripanggung #rempang https://t.co/fFyrZYjyBV";0;0;0;1;in;1583818784078544899;1709422570586698086;BundaCorola;https://twitter.com/BundaCorola/status/1709422570586698086
Wed Oct 04 04:17:46 +0000 2023;1709422535430094875;"Panglima pajaji hanya buat kerusuhan       #BatamDamai  #pajajicaripanggung #rempang https://t.co/faU0IJG86e";0;0;0;1;in;1583818784078544899;1709422535430094875;BundaCorola;https://twitter.com/BundaCorola/status/1709422535430094875
Wed Oct 04 04:17:35 +0000 2023;1709422490320343221;"Panglima Pajaji sangat meresahkan      #BatamDamai  #pajajicaripanggung #rempang https://t.co/8rB4yLAqs8";0;0;0;1;in;1583818784078544899;1709422490320343221;BundaCorola;https://twitter.com/BundaCorola/status/1709422490320343221
Wed Oct 04 04:17:05 +0000 2023;1709422361748049966;"Komisi VI Minta Penyelesaian Menyeluruh Masalah Investasi Rempang https://t.co/LcSN6I5GG4";0;0;0;0;in;1090112460;1709422361748049966;jurnascom;https://twitter.com/jurnascom/status/1709422361748049966
Wed Oct 04 04:15:29 +0000 2023;1709421961305329798;"Anggota DPR berbicara soal rempang https://t.co/QXECSaNtd0";0;0;0;0;in;1246662107354918912;1709421961305329798;Diqa2001;https://twitter.com/Diqa2001/status/1709421961305329798
Wed Oct 04 04:15:24 +0000 2023;1709421939255853541;"#MutiaraHikmah 🎉  KH. Maimoen Zubair Pendiri PP. Al-Anwar Sarang Rembang  #SMAQurani #PondokPesantren #WalyatalaththofDarussalam #Kebumen https://t.co/7qw4NvTOBU";0;0;0;0;in;1683151964010606592;1709421939255853541;smaqurani;https://twitter.com/smaqurani/status/1709421939255853541
Wed Oct 04 04:15:00 +0000 2023;1709421840438079724;"#airlanggahartarto #pemimpin #golkarindonesia #prabowoairlangga #rempang https://t.co/zKmhxMBywe";0;0;0;1;qme;1539267337588985856;1709421840438079724;GImenang2024;https://twitter.com/GImenang2024/status/1709421840438079724
Wed Oct 04 04:14:15 +0000 2023;1709421650339598650;"#MutiaraHikmah 🎉  KH. Maimoen Zubair Pendiri PP. Al-Anwar Sarang Rembang  #SMAQurani #PondokPesantren #WalyatalaththofDarussalam #Kebumen https://t.co/1sxcuQgOsQ";0;0;0;0;in;1683151964010606592;1709421650339598650;smaqurani;https://twitter.com/smaqurani/status/1709421650339598650
Wed Oct 04 04:12:48 +0000 2023;1709421284461850640;"#MutiaraHikmah 🎉  KH. Maimoen Zubair Pendiri PP. Al-Anwar Sarang Rembang  #SMAQurani #PondokPesantren #WalyatalaththofDarussalam #Kebumen https://t.co/trJZnvsP1O";0;0;0;0;in;1683151964010606592;1709421284461850640;smaqurani;https://twitter.com/smaqurani/status/1709421284461850640
Wed Oct 04 04:07:27 +0000 2023;1709419940577771723;"Bermula dari Pulau Komodo, ada PSN dan penduduk Laboan bajo yg sdh menghuni ratusan tahun, digusur dan direlokasi yg membuat mati pencaharian mereka. Sekarang Rempang. Masih mau lanjut rezim @jokowi ?https://t.co/gy9N2b2MyU";0;0;0;0;in;1598285793940082690;1709419940577771723;didisupardi862;https://twitter.com/didisupardi862/status/1709419940577771723
Wed Oct 04 04:05:33 +0000 2023;1709419459604259050;""I’m focused on how to survive in the village we live in." Indonesian villagers vow to resist Chinese-funded project, fearing ‘cultural genocide’ on Rempang Island. Govt claims residents are squatters, while local insists they've lived there for 300 years https://t.co/zqzIacdh0m";0;0;5;13;en;1703773728;1709419459604259050;restyworo;https://twitter.com/restyworo/status/1709419459604259050
Wed Oct 04 04:03:36 +0000 2023;1709418968212279717;"@jokowi Anda, menteri dan aparat TNI POLRI telah zhoilm kepada warga Rempang dan Rakyat yg anda gusur demi investasi. Ingatlah ALLAH SWT berfirman: "dan perhatikanlah bagaimana kesudahan orang yang berbuat zholim". (Al Qoshosh: 40)";0;0;0;0;in;1461124387512283138;1709169871857373287;MNurBonar;https://twitter.com/MNurBonar/status/1709418968212279717
Wed Oct 04 04:02:13 +0000 2023;1709418620391166351;"@HusinShihab Kereta cepat, ikn, rempang contoh yg katanya psn tapi banyak masalah dl pelaksanaannya, Anies pasti tahu itu";0;0;0;0;in;1688509255111049216;1709211422042071498;arema7055;https://twitter.com/arema7055/status/1709418620391166351
Wed Oct 04 03:59:01 +0000 2023;1709417817181696319;"Berurai Air Mata, Keluarga Warga Rempang yang Ditangkap Polisi Minta Dibebaskan: Kami Hanya Berjuang Mempertahankan Kampung  https://t.co/BlI1k4rKvq";0;0;0;0;in;1636627729675337734;1709417817181696319;posaktualcom;https://twitter.com/posaktualcom/status/1709417817181696319
Wed Oct 04 03:57:54 +0000 2023;1709417533579858013;"@HusinShihab IKN dan Rempang emang bukan titipan itu sin";0;0;0;0;in;934357730428567552;1709211422042071498;Kosasih0706;https://twitter.com/Kosasih0706/status/1709417533579858013
Wed Oct 04 03:55:31 +0000 2023;1709416934088057067;"@Siti_Margareta Pajaji hanya cari panggung dan memperkeruh keadaan di rempang";0;0;0;0;in;1613807260060512259;1709415702158045291;Adit_Samorang;https://twitter.com/Adit_Samorang/status/1709416934088057067
Wed Oct 04 03:51:40 +0000 2023;1709415966915067988;"HENTIKAN RELOKASI DAN LINDUNGI HAK TINGGAL MASYARAKAT PULAU REMPANG, KEPULAUAN RIAU - Tandatangani Petisi! https://t.co/utdDE5a2Xk lewat @ChangeOrg_ID";0;0;0;0;in;60825058;1709415966915067988;vykhi_ra;https://twitter.com/vykhi_ra/status/1709415966915067988
Wed Oct 04 03:49:09 +0000 2023;1709415334833471829;"Permasalahan Rempang dijadikan panglima Pajaji sebagai panggung sensasi https://t.co/4jQ0az8Lwy";0;0;0;1;in;1602479321004003328;1709415329716441496;Melisa_Samorang;https://twitter.com/Melisa_Samorang/status/1709415334833471829
Wed Oct 04 03:48:27 +0000 2023;1709415156005126587;"Lapor boss, Pulau Rempang kena Badai Elchino dah tau belum?";0;0;0;0;in;1132347810135699456;1709415156005126587;AssaMaulana;https://twitter.com/AssaMaulana/status/1709415156005126587
Wed Oct 04 03:47:24 +0000 2023;1709414893303296129;"@tvOneNews Sungguh malang nasib warga rempang, padahal pemilu 2019 hampir semua pilih jokowi. Dijanjikan sertifikat tanah ternyata malah mau digusur dan dipenjara.";0;0;0;1;in;1614849597343674369;1709328515026591796;herizal_ijal;https://twitter.com/herizal_ijal/status/1709414893303296129
Wed Oct 04 03:46:11 +0000 2023;1709414588159246580;"@papa_loren Misal si moeldoko ngucap: Negara harus reschedule investor pulau rempang..!!!  Kira² apa ya.. Respon rakyat?";0;0;0;0;in;1316228375594192896;1705185211447914510;Sindroom7;https://twitter.com/Sindroom7/status/1709414588159246580
Wed Oct 04 03:42:58 +0000 2023;1709413776674771070;"Isak Tangis Warga Rempang Mohon Polisi Bebaskan Keluarga Mereka, Menteri Bahlil Menolak https://t.co/DZqZvIrPpp lewat @tribunnews #konflikrempang #kisruhRempang #Rempang #pulaurempang";0;0;0;0;in;1544145887290568705;1709413776674771070;WartaKota5;https://twitter.com/WartaKota5/status/1709413776674771070
Wed Oct 04 03:41:59 +0000 2023;1709413529760289216;"@AH_SiregarXIX Sekilas pernah baca catatan penting wawancara TW di Tempo yg menyebutkan yg dibutuhkan cuma 7500 ha dr 17k ha luas rempang..btw sisanya buat mainan siapa ini..ato Apkh benar sisanya itu buat pasang panel surya PLTS yg hasilnya dijual ke negeri singa spt orasi A. Khozinudin?";0;0;0;0;in;1707805562891808768;1709396859608010887;khol35435028;https://twitter.com/khol35435028/status/1709413529760289216
Wed Oct 04 03:41:47 +0000 2023;1709413477641805932;"Lawan debat mu @Hasbil_Lbs  .  Soal ijazah , utang , Rempang ,food estate , dan masih byk kasus2 lain yg masih hangat, dan itu semua REALITAS bukan DONGENG bung @Hasbil_Lbs .";0;0;1;0;in;1636648863909158912;1709413477641805932;BacutTchut42576;https://twitter.com/BacutTchut42576/status/1709413477641805932
Wed Oct 04 03:40:51 +0000 2023;1709413243087933563;"@Louis_chantika Ntar buat arena battlefield dulu.....di Rempang.......eehhh.....";0;0;0;0;in;1177743668905512960;1709398535513477190;kusiadelman;https://twitter.com/kusiadelman/status/1709413243087933563
Wed Oct 04 03:40:26 +0000 2023;1709413141090914568;"人權 Free West Papua 民運 South Maluku 自由 OPM/TPNPB 獨立 2003 Wamena Incident 多黨制 KM 50 Massacre of FPI 台灣 臺灣 Kidnapping of Activists 1997-1998 中華民國 Munir 西藏 土伯特 唐古特 Rempang 達賴喇嘛 Wadas and Kendeng Conflict 法輪功 2019 Papua Protests 新疆維吾爾自治區 The";0;1;0;4;zh;1630070009446952960;1709413138658123850;zhil_arf;https://twitter.com/zhil_arf/status/1709413141090914568
Wed Oct 04 03:39:48 +0000 2023;1709412979727532410;"Berurai Air Mata, Keluarga Warga Rempang yang Ditangkap Polisi Minta Dibebaskan: Kami Hanya Berjuang Mempertahankan Kampung https://t.co/MO4XKWRtUg";0;0;2;2;in;1021329195329179648;1709412979727532410;PresidenKopi;https://twitter.com/PresidenKopi/status/1709412979727532410
Wed Oct 04 03:39:03 +0000 2023;1709412790237356438;"@msobri99 Media adu domba, Anis bilang rentan jadi titipan tapi digoreng jd titipan. Klu mo jujur contoh kasus rempang, amdal dan hpl belum ada, yg investasi xinyi group. Di group ini perusahan siapa saja didlmnya, sebagai media mainstream hal2 ini yg harus ditelusuri agar tidak ada dusta";0;0;0;0;in;911882593477419009;1709211080415957147;SKakilima;https://twitter.com/SKakilima/status/1709412790237356438
Wed Oct 04 03:35:28 +0000 2023;1709411888168358353;"@RagilSemar @bkpm pak Bahlil, bukankah anda sdh akui pemerintah melakukan kesalahan/kekeliruan menangani Rempang. Jd dasar u/menahan mrk jg otomatis gugur, Krn mrk mempertahankan hak mrk &amp  pemerintah sdh salah menangani.  Trus knp hrs terus menahan mrk ??";0;0;0;5;in;1567388806118256640;1709389250154967054;bungr_herman18;https://twitter.com/bungr_herman18/status/1709411888168358353
Wed Oct 04 03:35:22 +0000 2023;1709411865162555675;"@tvOneNews Masyarakat terjebak dr kasus Rempang, tp TDK terpikir ini ada kejanggalan...";0;0;0;0;in;1275617193145716736;1709343143609688394;Spiderguns1;https://twitter.com/Spiderguns1/status/1709411865162555675
Wed Oct 04 03:35:13 +0000 2023;1709411826835099929;"Sampling Udara di salah satu perusahaan yang bergerak dalam bidang penyediaan dan pengoperasian fasilitas industri hilir minyak, gas dan fasilitas energi baru dan terbarukan yang berlokasi di Kab. Rembang dilaksanakan tanggal  29 September 2023. https://t.co/NRy7xXf4dw";0;0;0;5;in;1095718669831700480;1709411826835099929;bpl2hdlhkprovja;https://twitter.com/bpl2hdlhkprovja/status/1709411826835099929
Wed Oct 04 03:32:21 +0000 2023;1709411105452572965;"@reckykal @KakekHalal Ganjar di endors presiden tidak ada efek karena kasus REMPANG dan WADAS 🥱";0;0;0;2;in;1700531573479923712;1709148472077848661;jakariatangkari;https://twitter.com/jakariatangkari/status/1709411105452572965
Wed Oct 04 03:31:44 +0000 2023;1709410948828787163;"@msaid_didu Saya mau tanya sm bapak, kalo mau jelang pemilu biasanya langkah apa yg di lakukan pemerintah dan partai politik koalisinya..??? Terpikir TDK ada kejanggalan dr kasus Rempang ini di angkat di saat jelang pemilu..???";0;0;0;0;in;1275617193145716736;1708760017565020195;Spiderguns1;https://twitter.com/Spiderguns1/status/1709410948828787163
Wed Oct 04 03:30:52 +0000 2023;1709410732977393994;"Panglima Pajaji cari panggung diatas permasalahan di rempang.  #PanglimaPajaji #Rempang https://t.co/Nm9Aqp2QxI";0;0;0;0;in;1584935263158947840;1709410732977393994;IndrianaHana032;https://twitter.com/IndrianaHana032/status/1709410732977393994
Wed Oct 04 03:30:14 +0000 2023;1709410573006594544;"Buku Librari Ori - Reopening Muslim Minds https://t.co/63dl7wR5VH WR 1 Batik Air Kapolsek #AniesMuhaimin2024 Rempang Jenglot Putri KW Al Kahfi #MovingEp17 #HongKongOpen2023 Narnia https://t.co/8VY0camUVo https://t.co/vmlFZreGaa";0;0;0;0;in;1692294948882923521;1709410573006594544;librari_alvabet;https://twitter.com/librari_alvabet/status/1709410573006594544
Wed Oct 04 03:27:47 +0000 2023;1709409954560672017;"@HusinShihab Sin sin karena jadi penjilat dan benci banget sama orang yang tdk sejalan,  koq jadi tambah dungu ya komennya. Biasakan membaca dan mendengarkan biar tdk jadi fitnah. Masalah PSN (IKN, Kereta cepat, Rempang) itu sudah jelas banyak titipan dan bancakan korupsi.";0;0;0;0;in;300916232;1709211422042071498;wawn68;https://twitter.com/wawn68/status/1709409954560672017
Wed Oct 04 03:26:08 +0000 2023;1709409539156787678;"#NSTworld The Indonesian government recently told #Rempang island's 7,500 residents to pack their bags and leave by the end of September.  https://t.co/WBhBDshj6w  #China #Indonesia";0;0;1;0;en;55186601;1709409539156787678;NST_Online;https://twitter.com/NST_Online/status/1709409539156787678
Wed Oct 04 03:25:00 +0000 2023;1709409254484906280;"Ditahan Karena Ikut Demo Rempang, Rudi Minta Penahanan Anaknya Ditangguhkan https://t.co/RRlNGzynQh";0;0;0;0;in;60490875;1709409254484906280;BatamPos;https://twitter.com/BatamPos/status/1709409254484906280
Wed Oct 04 03:23:10 +0000 2023;1709408792839106565;"@qwertyrm @KompasTV Semoga kau tau sejarah masyarakat adat rempang";0;0;0;0;in;1208328421232635905;1708882988405317835;BudiSatriyono1;https://twitter.com/BudiSatriyono1/status/1709408792839106565
Wed Oct 04 03:19:24 +0000 2023;1709407847057092677;"@tvOneNews Demi cuang bela cukong bahlil sekuat tenaga membebaskan rempang";0;0;0;0;in;1506525756243202052;1709343143609688394;aankurnuaww;https://twitter.com/aankurnuaww/status/1709407847057092677
Wed Oct 04 03:19:17 +0000 2023;1709407816501580173;"DPR Dikritik Usai Sahkan Kilat RUU IKN |   Partai Buruh Bakal Uji Materi Undang-Undang Cipta Kerja |   Polisi Diminta Bebaskan 30 Warga Rempang  Selengkapnya di #BuletinPagi  https://t.co/YfsHIdinG7  #PodcastIndonesia https://t.co/aCYZ9mJ8Jt";0;0;0;0;in;124390203;1709407816501580173;beritaKBR;https://twitter.com/beritaKBR/status/1709407816501580173
Wed Oct 04 03:19:16 +0000 2023;1709407813250978092;"Tim Bantuan Hukum Ajukan Penangguhan Penahanan 30 Warga Terkait Konflik Rempang https://t.co/VPGSW3qrhv";0;0;2;2;in;978806873720700928;1709407813250978092;Redaksi_5News;https://twitter.com/Redaksi_5News/status/1709407813250978092
Wed Oct 04 03:17:37 +0000 2023;1709407398958682594;"@tvOneNews Inilah akibat klo pemimpin bodoh dalam hukum dan HAM.....emgnya kau menangkap WNI Rempang itu demi negara apa demi titipan?? BAJINGAN TOLOLL";0;0;0;0;in;1342516713263251460;1709343143609688394;ImamNganuu;https://twitter.com/ImamNganuu/status/1709407398958682594
Wed Oct 04 03:15:44 +0000 2023;1709406921575542884;"@tvOneNews Apakah cara yang dipakai aparat bukan premanisme?  Ingat warga Rempang Galang sudah ratusan tahun menempati tanah tersebut, sementara negara kujuk2 mengusir rakyat Rempang demi sebuah PSN. Bukankah cara perampasan ini mirip premanisme?";0;0;0;0;in;1500017775473217536;1709343143609688394;TnDargul;https://twitter.com/TnDargul/status/1709406921575542884
Wed Oct 04 03:14:58 +0000 2023;1709406732546634211;"Tragedi 07 September 2023  Sosok Pemuda Rempang Gagah dan Pemberani  Pemuda Rempang Ini Menantang Petugas Keamanan Berani Tidak Menghadapi Masyarakat Kalau Tidak Pakai Senj4ta. https://t.co/AO5qI9zBXl";1;1;11;20;in;1629291797250998272;1709406732546634211;Zer0Failed;https://twitter.com/Zer0Failed/status/1709406732546634211
Wed Oct 04 03:14:21 +0000 2023;1709406574186480004;"@tvOneNews Waduh framingnya malah rakyat rempang yg dikata preman, bisa gitu ya? 😅";0;0;0;0;in;1732341962;1709343143609688394;Anotherone92;https://twitter.com/Anotherone92/status/1709406574186480004
Wed Oct 04 03:14:17 +0000 2023;1709406559133217226;"Buku TRUTH : TEMUKAN RASA UTUHMU, TEMUKAN HIDUP by SOPHIE NAVITA https://t.co/Cy9S7qaiDb batik air Rempang Robin Chopper Pagiiii Melayu #AniesMuhaimin2024 Ocha Jenglot #MovingEp17 https://t.co/nCXCYG8Fhd https://t.co/Et3YZZcdxW";0;0;0;0;in;1692294948882923521;1709406559133217226;librari_alvabet;https://twitter.com/librari_alvabet/status/1709406559133217226
Wed Oct 04 03:13:03 +0000 2023;1709406249333481620;"REMPANG SDG DIHANCURKAN OLH SITUA BANGKA LUHUT BINSAR PENJAJAH BANGSA SENDIRI, YG TDK TAHU DIRI DAN TAK TAHU MALU, DIGAJI OLH RAKYAT MENGABDI PADA CINA   KAPOLRI FAHAM HUKUM TAPI MEMPERMAINKAN RAKYAT MENDUKUNG PARA PENJAJAH BANGSA SENDIRI https://t.co/kdYJC4Zmdx";0;0;5;4;in;1168102826624483329;1709406249333481620;ENS53311139;https://twitter.com/ENS53311139/status/1709406249333481620
Wed Oct 04 03:11:56 +0000 2023;1709405966633201762;"@never_alonely @BangferRiau Jgn sampe dgn Takhluk Melayu Rempang oleh #GerombolanPlongoCireng";0;0;0;0;in;1414014630507081731;1709253660382032041;Joxplalong;https://twitter.com/Joxplalong/status/1709405966633201762
Wed Oct 04 03:11:56 +0000 2023;1709405965655949404;"@tvOneNews Mereka harus dibebaskan tanpa syarat karna  mereka tdk bersalah, siapapn manusia didunia ini  jika ada yg mau mengganggu kehidupan hidup keluarganya se hari2 maka mereka akan marah &amp  melawan utk mempertahankan apa yg mereka miliki, ingat negara harus menghormati HAM warga Rempang";0;0;0;4;in;1566122619711004672;1709328515026591796;wawo_rizal;https://twitter.com/wawo_rizal/status/1709405965655949404
Wed Oct 04 03:11:54 +0000 2023;1709405958588494117;"@tvOneNews Jika rempang lolos, bisa jd esok lusa akan terjadi di daerah lain. Semoga pemimpin dan pemerintah selanjutnya amanah utk rakyat bkn amanah utk investor";0;0;0;1;in;86654218;1709328515026591796;sanyalkadrie;https://twitter.com/sanyalkadrie/status/1709405958588494117
Wed Oct 04 03:10:53 +0000 2023;1709405702404682007;"Kondisi Pulau Rempang Terkini: Perempuan Terus Suarakan Penolakan Penggusuran - Nasional https://t.co/dm2YKUoM9U https://t.co/FGIrUeWtX9";0;0;0;1;in;2615052722;1709405702404682007;HarrisBarus;https://twitter.com/HarrisBarus/status/1709405702404682007
Wed Oct 04 03:09:26 +0000 2023;1709405337349165371;"Preman &amp  Provokator di REMPANG - memang layak menerima hukumannya.... dan cari Mereka yang bertendensi MAKAR..... https://t.co/u5XsMQpNtd";0;0;0;0;in;890878178322898944;1709405337349165371;soboalasku;https://twitter.com/soboalasku/status/1709405337349165371
Wed Oct 04 03:08:18 +0000 2023;1709405053742883303;"Panglima Pajaji cari panggung diatas permasalahan di rempang https://t.co/FuVtAzWJvA";0;0;0;0;in;1535909550;1709405053742883303;jarrelnapod;https://twitter.com/jarrelnapod/status/1709405053742883303
Wed Oct 04 03:06:16 +0000 2023;1709404539500302494;"Panglima Pajaji cuma cari masalah rempang, waspada!! https://t.co/T1YvmqrJ6v";0;0;0;0;in;1700521084314120193;1709404539500302494;VaniaZerah;https://twitter.com/VaniaZerah/status/1709404539500302494
Wed Oct 04 03:06:00 +0000 2023;1709404473985208715;"Panglima Pajaji cari panggung diatas permasalahan di Rempang!! https://t.co/wAKlvHQ567";0;0;0;0;in;1700521084314120193;1709404473985208715;VaniaZerah;https://twitter.com/VaniaZerah/status/1709404473985208715
Wed Oct 04 03:05:40 +0000 2023;1709404391533588626;"Tak Serius di Gresik dan Babel, Masih Percaya Xinyi Investasi Rp 175 Triliun di Rempang? https://t.co/wrrOst0CYf";0;0;48;66;in;887743587579944960;1709404391533588626;OposisiCerdas;https://twitter.com/OposisiCerdas/status/1709404391533588626
Wed Oct 04 03:05:40 +0000 2023;1709404391269392456;"Panglima Pajaji seorang tokoh masyarakat yang memprovokasi permasalah di Rempang, Batam, terlihat mencari panggung!!!! https://t.co/zVLYEBFG6l";0;0;0;0;in;1700521084314120193;1709404391269392456;VaniaZerah;https://twitter.com/VaniaZerah/status/1709404391269392456
Wed Oct 04 03:02:59 +0000 2023;1709403714832962021;"@ganjarpranowo Bayangkan jika tanah nenek moyang kita dirampas seperti di wadas dan rempang oleh anjing2 penjaga oligarki cukong asing aseng asu berkedok investasi. https://t.co/kquEq8zTjI";0;0;0;0;in;1000443352486035456;1709386148148347227;BTrg58;https://twitter.com/BTrg58/status/1709403714832962021
Wed Oct 04 03:02:50 +0000 2023;1709403678237401468;"Sebagian besar warga di Pulau Rempang masih menolak rencana relokasi terkait proyek Rempang Eco City. Pemerintah diminta lebih dulu menjamin kepastian kompensasi dan rumah pengganti bagi warga. #Nusantara #AdadiKompas  https://t.co/whZpgtNfLC";0;0;0;0;in;79237556;1709403678237401468;kompasmuda;https://twitter.com/kompasmuda/status/1709403678237401468
Wed Oct 04 03:01:34 +0000 2023;1709403357943935400;"BAHLIL TOLAK BEBASKAN WARGA REMPANG: KALAU DIBIARKAN, NEGARA KITA JADI NEGARA PREMAN.  Pertanyaan: Lebih PREMAN mana dg PENGUASA yg menyuruh RAKYAT pindah dr tempat tinggalnya tanpa memberi HAK mrk terlebih dahulu? #mikir  https://t.co/iRswHMMROn";38;158;763;1533;in;1466651308102877187;1709403357943935400;papa_loren;https://twitter.com/papa_loren/status/1709403357943935400
Wed Oct 04 03:00:09 +0000 2023;1709403002635993269;"@a_yudhawastu @Widyarenee @temponewsroom Dibuatkan sertifikatnya di rempang itu?";0;1;0;0;in;1672115852584562688;1709065855861153950;acenk0421862189;https://twitter.com/acenk0421862189/status/1709403002635993269
Wed Oct 04 02:57:47 +0000 2023;1709402406835065147;"@adearmando61 Jalan Ninja PSI masih sebatas Orasi, Jalan Ninja Nusron wahid saat ke batam menyelidiki konflik Agraria di rempang Adalah wujud nyata keberpihakan kepada Rakyat...";0;0;0;1;in;1492358811453386752;1709350318734221693;IndonesiaINA6;https://twitter.com/IndonesiaINA6/status/1709402406835065147
Wed Oct 04 02:56:39 +0000 2023;1709402119655293152;"@tvOneNews Ngotot banget Mentri ini sama Luhut...muka penjahat..emang nya rempang punya bapak mu..";0;0;0;2;in;1693832842068054016;1709343143609688394;ElpianS86145;https://twitter.com/ElpianS86145/status/1709402119655293152
Wed Oct 04 02:56:22 +0000 2023;1709402047798255670;"Sebagian besar warga di Pulau Rempang masih menolak rencana relokasi terkait proyek Rempang Eco City. Pemerintah diminta lebih dulu menjamin kepastian kompensasi dan rumah pengganti bagi warga. #Nusantara #AdadiKompas  https://t.co/1PP0GackdK";0;0;1;0;in;155456716;1709402047798255670;KompasKlasika;https://twitter.com/KompasKlasika/status/1709402047798255670
Wed Oct 04 02:55:01 +0000 2023;1709401708697391193;"@tvOneNews Bawa ke pengadilan internasional, biar orang" terkait dapet blacklist dari beberapa negara.. *selama ada bukti kuat perlakuan mereka, dan sejarah Rempang yang sudah ada dari jaman Hindia Belanda.";0;0;0;1;in;1227083919025221632;1709328515026591796;Zeent29;https://twitter.com/Zeent29/status/1709401708697391193
