full_text,label,language,cleaned_text,is_metadata_only,word_count,contains_rempang
@tvOneNews Yg preman warga apa yg menyerbu warga....???  Yg bener aje nie... Gue nanya nie...bukan nuduh yee...  Kalo nuduh ntar gue bs di kandangin jg ame warga rempang...,,id,@tvOneNews Yg preman warga apa yg menyerbu warga....???  Yg bener aje nie... Gue nanya nie...bukan nuduh yee...  Kalo nuduh ntar gue bs di kandangin jg ame warga rempang...,False,29,True
"@ch_chotimah2 @jokowi @gibran_tweet @ganjarpranowo Saya 2x pilih lurah... Tp sejak kasus rempang sudah gak ada simpatik lagi k lurah. Demi cuan masuk, rakyat d gebukin n d tembaki gas air mata. Dan pak lurah sama sekalipuan gak ada statement. Tp klo k papua bisa berkali x",,id,"@ch_chotimah2 @jokowi @gibran_tweet @ganjarpranowo Saya 2x pilih lurah... Tp sejak kasus rempang sudah gak ada simpatik lagi k lurah. Demi cuan masuk, rakyat d gebukin n d tembaki gas air mata. Dan pak lurah sama sekalipuan gak ada statement. Tp klo k papua bisa berkali x",False,38,True
@MOHDAHL01728541 @CNNIndonesia penguasaan lahan sampai 190 tahun itu bagus karena di tolak PKS  omnibus Law bagus karena di tolak PKS  pengusiran warga rempang adalah tindakan bagus karena di tetang PKS  pennbangan andesit ilegal di wadas itu bagus karena di tentang PKS  BBM naik itu bagus karena di tolak pks,,id,@MOHDAHL01728541 @CNNIndonesia penguasaan lahan sampai 190 tahun itu bagus karena di tolak PKS  omnibus Law bagus karena di tolak PKS  pengusiran warga rempang adalah tindakan bagus karena di tetang PKS  pennbangan andesit ilegal di wadas itu bagus karena di tentang PKS  BBM naik itu bagus karena di tolak pks,False,49,True
"@detikcom Klo disini rakyat ngga salah digusur  yang penting no 1 investasi china nnti kan dpt komisi dari yang dijual tuh tanah rempang galang... Negara sdh di-CHINAKAN sama mukidi,cukup kaos di-lempar2 dari mobil spt zaman belanda klo ngasih ke rakyat yang dijajah di-lempar2..ngga sopan",,id,"@detikcom Klo disini rakyat ngga salah digusur  yang penting no 1 investasi china nnti kan dpt komisi dari yang dijual tuh tanah rempang galang... Negara sdh di-CHINAKAN sama mukidi,cukup kaos di-lempar2 dari mobil spt zaman belanda klo ngasih ke rakyat yang dijajah di-lempar2..ngga sopan",False,42,True
"Aku sangat optimis, Rempang akan menjadi mesin ekonomi baru Indonesia juga bakal meningkatkan pertumbuhan ekonomi daerah ke depannya. @DPR_RI @bahlillahadalia  Bahlil Kawal Investasi  #HIPMIRempang https://t.co/12rMvKr8WW",,id,"Aku sangat optimis, Rempang akan menjadi mesin ekonomi baru Indonesia juga bakal meningkatkan pertumbuhan ekonomi daerah ke depannya. @DPR_RI @bahlillahadalia  Bahlil Kawal Investasi  #HIPMIRempang https   t.co 12rMvKr8WW",False,25,True
"Keberhasilan investasi Rempang tak terlepas dari proaktifitas Menteri Bahlil. Dengan konsistensinya dalam memastikan kesepakatan yg adil, ia membuktikan bahwa investasi yg sukses memperhatikan kepentingan semua pihak. #HIPMIRempang Bahlil Kawal Investasi https://t.co/510sdTLyIm",,id,"Keberhasilan investasi Rempang tak terlepas dari proaktifitas Menteri Bahlil. Dengan konsistensinya dalam memastikan kesepakatan yg adil, ia membuktikan bahwa investasi yg sukses memperhatikan kepentingan semua pihak. #HIPMIRempang Bahlil Kawal Investasi https   t.co 510sdTLyIm",False,32,True
"@bd_baskoro Rating itu tidak bisa dibikin begitu saja, tapi di nilai dari semua aspek Dan penilainya itu masyarakat dunia, hasil kinerja, tingkah laku, sosial politik, dan kepentingan rakyat.  Ini rempang mau di kosong Wadas jg bgt Pemimpin model apa itu",,id,"@bd_baskoro Rating itu tidak bisa dibikin begitu saja, tapi di nilai dari semua aspek Dan penilainya itu masyarakat dunia, hasil kinerja, tingkah laku, sosial politik, dan kepentingan rakyat.  Ini rempang mau di kosong Wadas jg bgt Pemimpin model apa itu",False,39,True
"@msaid_didu @KompasTV @tvOneNews @BEMUI_Official @aniesbaswedan @mohmahfudmd @Metro_TV Goreng2masalah rempang, penggusuran oleh rezim, eh ini, PT BMS punya si chaplin bos nya @msaid_didu sama juga gusur lahan padi warga,yg dah lama ada disitu sama juga kek di rempang,ya  besaran dikit rempang,cuma ibarat maling sepeda komentarin maling mobil🤣👇 @sofiesyarief https://t.co/RZ8a8tlmqw",,id,"@msaid_didu @KompasTV @tvOneNews @BEMUI_Official @aniesbaswedan @mohmahfudmd @Metro_TV Goreng2masalah rempang, penggusuran oleh rezim, eh ini, PT BMS punya si chaplin bos nya @msaid_didu sama juga gusur lahan padi warga,yg dah lama ada disitu sama juga kek di rempang,ya  besaran dikit rempang,cuma ibarat maling sepeda komentarin maling mobil  @sofiesyarief https   t.co RZ8a8tlmqw",False,48,True
Buku Librari Ori - Muslimah Bukan Agen Moral https://t.co/h3DI4BteYD WR 1 Batik Air Kapolsek Rempang #AniesMuhaimin2024 Jenglot Miring #HongKongOpen2023 Narnia https://t.co/x2DPqfJKcN https://t.co/wWPqCwf4i4 https://t.co/rQmlspkoBA,,id,Buku Librari Ori - Muslimah Bukan Agen Moral https   t.co h3DI4BteYD WR 1 Batik Air Kapolsek Rempang #AniesMuhaimin2024 Jenglot Miring #HongKongOpen2023 Narnia https   t.co x2DPqfJKcN https   t.co wWPqCwf4i4 https   t.co rQmlspkoBA,False,25,True
"Keberlangsungan investasi di Rempang dinilai penting. Namun, publik juga menyoroti pentingnya mengedepankan aspek hak asasi manusia tanpa ada  kekerasan dalam penyelesaian konflik di sana. #Survei #AdadiKompas   https://t.co/LorULI41xk",,id,"Keberlangsungan investasi di Rempang dinilai penting. Namun, publik juga menyoroti pentingnya mengedepankan aspek hak asasi manusia tanpa ada  kekerasan dalam penyelesaian konflik di sana. #Survei #AdadiKompas   https   t.co LorULI41xk",False,28,True
Hipmi memberikan perhatian besar terhadap investasi Rempang Eco City yang terus dikawal oleh Menteri Investasi Bahlil Lahadalia dan  siap membantu menyukseskan investasi ini. prabowo @Gerindra @kompascom @corbuzier Bahlil Kawal Investasi  #HIPMIRempang https://t.co/81YMPsplGw,,id,Hipmi memberikan perhatian besar terhadap investasi Rempang Eco City yang terus dikawal oleh Menteri Investasi Bahlil Lahadalia dan  siap membantu menyukseskan investasi ini. prabowo @Gerindra @kompascom @corbuzier Bahlil Kawal Investasi  #HIPMIRempang https   t.co 81YMPsplGw,False,33,True
"@CNNIndonesia Polri kok gak tangkap pejabat ini orang, sdh jelas2 bukti dilapangan belum ada nya AMDAL, kok bs2 nya KLAIM sdh beres sehingga pengerahan POLRI/TNI terjadi kerugian masyarakat asli REMPANG",,id,"@CNNIndonesia Polri kok gak tangkap pejabat ini orang, sdh jelas2 bukti dilapangan belum ada nya AMDAL, kok bs2 nya KLAIM sdh beres sehingga pengerahan POLRI TNI terjadi kerugian masyarakat asli REMPANG",False,31,True
"@HusinShihab Kaga pake nalar tinggi. Data udah sekarung. Baca dong! Cari aja siapa yang diuntungkan.. Kok bisa investor kontrak sampai 190 tahun? tanpa Syarat? Gimana pergerakan Luhut ke Tiongkok? Kenapa jadi Rempang yang laku duluan?  maaf yee, pendukung AMIN punya modal kuota sendiri!!",,id,"@HusinShihab Kaga pake nalar tinggi. Data udah sekarung. Baca dong! Cari aja siapa yang diuntungkan.. Kok bisa investor kontrak sampai 190 tahun? tanpa Syarat? Gimana pergerakan Luhut ke Tiongkok? Kenapa jadi Rempang yang laku duluan?  maaf yee, pendukung AMIN punya modal kuota sendiri!!",False,43,True
@geloraco Duit BP Batam dari mana? Dari kantong pribadi? Woi.. @bahlillahadalia.. duit BP Batam itu dari APBN. Berbagai fasilitas dlm rangka menggusur masy Rempang itu atas beban APBN yg mau dilakukan utk kepentingan investor China dan mafia dunia hitam. Masih waraskah?,,id,@geloraco Duit BP Batam dari mana? Dari kantong pribadi? Woi.. @bahlillahadalia.. duit BP Batam itu dari APBN. Berbagai fasilitas dlm rangka menggusur masy Rempang itu atas beban APBN yg mau dilakukan utk kepentingan investor China dan mafia dunia hitam. Masih waraskah?,False,41,True
"@Aryprasetyo85 @007koteka @03__nakula @__AnakKolong @aan_muba @al_lasan @Anak__Ogi @GunRomli @Marbot_Udien @Miduk17 @seruanhl Terus yang buat Investasi di Rempang yang tidak sesuai Konstitusi, Pancasila, dan nilai budaya Trisakti juga dari luar negeri ya. Tidak pengin kesejahteraan dan keadilan bangsa terwujud?",,id,"@Aryprasetyo85 @007koteka @03__nakula @__AnakKolong @aan_muba @al_lasan @Anak__Ogi @GunRomli @Marbot_Udien @Miduk17 @seruanhl Terus yang buat Investasi di Rempang yang tidak sesuai Konstitusi, Pancasila, dan nilai budaya Trisakti juga dari luar negeri ya. Tidak pengin kesejahteraan dan keadilan bangsa terwujud?",False,32,True
"@6undul0h Maklum...dari awal Pak Presiden sudah menyebut ada masalah komunikasi"" soal Rempang ini... Wajar saja klo ada pejabat yg logika bahasanya aneh2 kyk gt... 🤣""",,id,@6undul0h Maklum...dari awal Pak Presiden sudah menyebut ada masalah komunikasi  soal Rempang ini... Wajar saja klo ada pejabat yg logika bahasanya aneh2 kyk gt...,False,25,True
@tukiman_sakti @ike_hw71 @kangdede78 @cakimiNOW gimana tdk tahu wong dia sendiri yang janji mau sertifikat tanah aja tdk di lakukan ..padahal di rempang pemilu dia sdh menang..tp janji ya tinggal janji lupa lupa lupa lupa lupa lupa terus,,id,@tukiman_sakti @ike_hw71 @kangdede78 @cakimiNOW gimana tdk tahu wong dia sendiri yang janji mau sertifikat tanah aja tdk di lakukan ..padahal di rempang pemilu dia sdh menang..tp janji ya tinggal janji lupa lupa lupa lupa lupa lupa terus,False,36,True
@tvOneNews Tindakan yg dilakukan oleh Aparat di Rempang lebih biadab dari preman dan mereka pula yg memulai mengusik kehidupan dan ketenangan warga demi investor yang entah warga negara mana.,,id,@tvOneNews Tindakan yg dilakukan oleh Aparat di Rempang lebih biadab dari preman dan mereka pula yg memulai mengusik kehidupan dan ketenangan warga demi investor yang entah warga negara mana.,False,29,True
"Buka mata buka hati pak @jokowi ? .. gunakan kekuasaan utk kesejahteraan rakyat..  Pak @bahlillahadalia jgn lah berpura-pura benar, bagaimana kalau Anda jd rakyat pulau Rempang.. ingat Semua yg Anda lakukan akan ada balasannya.. https://t.co/WEz8RqHI6A",,id,"Buka mata buka hati pak @jokowi ? .. gunakan kekuasaan utk kesejahteraan rakyat..  Pak @bahlillahadalia jgn lah berpura-pura benar, bagaimana kalau Anda jd rakyat pulau Rempang.. ingat Semua yg Anda lakukan akan ada balasannya.. https   t.co WEz8RqHI6A",False,33,True
"Optimalkan investasi, bangun masa depan! HIPMI memberikan apresiasi kepada Menteri Bahlil yang gigih mengawal proyek Rempang Eco Park. https://t.co/svgW2Zv59F @ganjarpranowo  Bahlil Kawal Investasi #HIPMIRempang",,id,"Optimalkan investasi, bangun masa depan! HIPMI memberikan apresiasi kepada Menteri Bahlil yang gigih mengawal proyek Rempang Eco Park. https   t.co svgW2Zv59F @ganjarpranowo  Bahlil Kawal Investasi #HIPMIRempang",False,25,True
"16 Warga Rempang Sudah Menempati Hunian Sementara BP Batam kembali memfasilitasi pemindahan terhadap enam Kepala Keluarga (KK) Asal Desa Pasir Panjang, Kelurahan Rempang Cate, ke hunian sementara. Selasa (3/10/2023) #bpbatam #batam #rempang #rempanggalang https://t.co/rKZsoaRJcX",,id,"16 Warga Rempang Sudah Menempati Hunian Sementara BP Batam kembali memfasilitasi pemindahan terhadap enam Kepala Keluarga  KK  Asal Desa Pasir Panjang, Kelurahan Rempang Cate, ke hunian sementara. Selasa  3 10 2023  #bpbatam #batam #rempang #rempanggalang https   t.co rKZsoaRJcX",False,36,True
Rempang Menulis Air Mata Luka Nestapa dalam Sejarah Kelam (Studi Kasus Proyek-PSN-Rempang Eco City-Xyni-China) Bagian 2 dari 4 Tulisan https://t.co/XaIsazcbje  #tjimanoek #tjimanoekcom #rempang #proyekstrategisnasional #wargarempang #investasi #china #xinyi #tiongkok,,id,Rempang Menulis Air Mata Luka Nestapa dalam Sejarah Kelam  Studi Kasus Proyek-PSN-Rempang Eco City-Xyni-China  Bagian 2 dari 4 Tulisan https   t.co XaIsazcbje  #tjimanoek #tjimanoekcom #rempang #proyekstrategisnasional #wargarempang #investasi #china #xinyi #tiongkok,False,26,True
"@lapen_melon @CNNIndonesia itulah peran pemerintah, harusnya bisa jadi penengah untuk memberikan solusi terbaik bagi warga terdampak dan juga investor, kasus yang ada di rempang mungkin bisa jadi contoh agar kedepannya proyek investasi bisa direncanakan dengan lebih baik",,id,"@lapen_melon @CNNIndonesia itulah peran pemerintah, harusnya bisa jadi penengah untuk memberikan solusi terbaik bagi warga terdampak dan juga investor, kasus yang ada di rempang mungkin bisa jadi contoh agar kedepannya proyek investasi bisa direncanakan dengan lebih baik",False,36,True
Bentuk keseriusan HIPMI dalam mendukung pembangunan proyek strategis nasional di Rempang adalah dengan memberikan pelatihan kewirausahaan untuk masyarakat Rempang. @DPR_RI @PartaiSocmed  Bahlil Kawal Investasi  #HIPMIRempang https://t.co/F3U7UCAHmm,,id,Bentuk keseriusan HIPMI dalam mendukung pembangunan proyek strategis nasional di Rempang adalah dengan memberikan pelatihan kewirausahaan untuk masyarakat Rempang. @DPR_RI @PartaiSocmed  Bahlil Kawal Investasi  #HIPMIRempang https   t.co F3U7UCAHmm,False,26,True
MASALAH PULAU REMPANG Konflik Pulau Rempang terjadi antara Pihak Penguasa dengan Masyarakat pulau Rempang yang mendiami 16 Kampung Tua yang berada dipesisir pulau tsb. Merupakan sebuah bentuk Gagal Paham dan tidak memahami terhadap historis Jejak jejak sejarah masa silam.  👇 https://t.co/2qk51MQHOS,,id,MASALAH PULAU REMPANG Konflik Pulau Rempang terjadi antara Pihak Penguasa dengan Masyarakat pulau Rempang yang mendiami 16 Kampung Tua yang berada dipesisir pulau tsb. Merupakan sebuah bentuk Gagal Paham dan tidak memahami terhadap historis Jejak jejak sejarah masa silam.   https   t.co 2qk51MQHOS,False,41,True
"@KakekHalal Lagian PSN tiba² muncul tanpa ada di Rencana Jangka Panjang dan Menengah. Malah PSN Tanjung Lesung yg ada di program sebelumnya sekarang malah ga dikebut pembangunan nya. Tiba² muncul Rempang jadi PSN, pembangunan kok suka². Saatnya Perubahan khususnya Birokrasi",,id,"@KakekHalal Lagian PSN tiba² muncul tanpa ada di Rencana Jangka Panjang dan Menengah. Malah PSN Tanjung Lesung yg ada di program sebelumnya sekarang malah ga dikebut pembangunan nya. Tiba² muncul Rempang jadi PSN, pembangunan kok suka². Saatnya Perubahan khususnya Birokrasi",False,40,True
Buku Librari Ori - Mati Sebelum Mati Buka Kesadaran Hakiki https://t.co/Z9NL5KJalm WR 1 Dajjal Batik Air Rempang Kapolsek #AniesMuhaimin2024 Jenglot Miring #HongKongOpen2023 https://t.co/1JFRq6cS3c https://t.co/iqWvErZI88,,id,Buku Librari Ori - Mati Sebelum Mati Buka Kesadaran Hakiki https   t.co Z9NL5KJalm WR 1 Dajjal Batik Air Rempang Kapolsek #AniesMuhaimin2024 Jenglot Miring #HongKongOpen2023 https   t.co 1JFRq6cS3c https   t.co iqWvErZI88,False,25,True
"Meng Atas nama kan Rakyat..  Ternyata Untuk Memperkaya Para Kingkong OLIGARKI.   👉Itulah yang PSN.   Rakyat sendiri Di Gusur, Di Usir.   Tetap Miskin.. Walaupun ada Ganti Rugi.  Xixixixi🤣🤣🤣.  Jaga Rempang.",,id,"Meng Atas nama kan Rakyat..  Ternyata Untuk Memperkaya Para Kingkong OLIGARKI.   Itulah yang PSN.   Rakyat sendiri Di Gusur, Di Usir.   Tetap Miskin.. Walaupun ada Ganti Rugi.  Xixixixi   .  Jaga Rempang.",False,29,True
"Dalam konteks Pulau Rempang, adanya #HIPMIRempang Eco City dengan sendirinya memudahkan warga di sana untuk tak perlu hijrah ke tempat lain  Bahlil Kawal Investasi  @mediaindonesia   https://t.co/S8tcGmvcA1",,id,"Dalam konteks Pulau Rempang, adanya #HIPMIRempang Eco City dengan sendirinya memudahkan warga di sana untuk tak perlu hijrah ke tempat lain  Bahlil Kawal Investasi  @mediaindonesia   https   t.co S8tcGmvcA1",False,27,True
@OmJ_JeNggot @alfatih212426 Rakyat Rempang Jangan mau di GESER apalagi di GUSUR.. Resiko makelar tanah yg sdh menjual Tanah tersebut tanpa persetujuan lebih dahulu kepada pemilik tanah Rempang. Rakyat harus melawan para makelar tanah siapa pun yg telah menjual tersebut… Kok enak ya jual2 tanah orang.. ✊💪,,id,@OmJ_JeNggot @alfatih212426 Rakyat Rempang Jangan mau di GESER apalagi di GUSUR.. Resiko makelar tanah yg sdh menjual Tanah tersebut tanpa persetujuan lebih dahulu kepada pemilik tanah Rempang. Rakyat harus melawan para makelar tanah siapa pun yg telah menjual tersebut  Kok enak ya jual2 tanah orang..,False,44,True
"@BangPakat misal nih, misal, kalo jokowi cuma jawab “masa urusan kayak gitu ke presiden, harusnya kapolri” seperti pada kasus rempang kemarin, kira kira anda gimana? xixixi",,id,"@BangPakat misal nih, misal, kalo jokowi cuma jawab  masa urusan kayak gitu ke presiden, harusnya kapolri  seperti pada kasus rempang kemarin, kira kira anda gimana? xixixi",False,26,True
"@Beritasatu Walah2 nyindir ney...tp ya bagai mana...ijazah, bagai mana koruptor, bagai mana rempang, bagai mana mafia2 sekarang...seperti nya mau nyindir2... sepertinya masih kureng jg siii...terakhir usia presiden bisa di setting ulang jg...",,id,"@Beritasatu Walah2 nyindir ney...tp ya bagai mana...ijazah, bagai mana koruptor, bagai mana rempang, bagai mana mafia2 sekarang...seperti nya mau nyindir2... sepertinya masih kureng jg siii...terakhir usia presiden bisa di setting ulang jg...",False,36,True
@IND0_Update @MataNajwa @Metro_TV @tvOneNews Wah selalu salut baget sama Pak menteri Bahlil Kawal Investasi yang totalitas dalam kinerjanya salah satunya dalam melakukan pendekatan humanis dengan warna rempang #HIPMIRempang,,id,@IND0_Update @MataNajwa @Metro_TV @tvOneNews Wah selalu salut baget sama Pak menteri Bahlil Kawal Investasi yang totalitas dalam kinerjanya salah satunya dalam melakukan pendekatan humanis dengan warna rempang #HIPMIRempang,False,26,True
"Menolak Konsultasi AMDAL, Warga Pulau Rempang Bentangkan Spanduk Penolakan: Kami Menangis!  Selasa Whoosh APBN Prabowo Takut Debat Fraksi PKS Macan Dear J Kades Laos Amanda Manopo Jodie Hamil Miftah Denny Caknan Enzy #AniesMuhaimin2024 #TembakauDizalimi https://t.co/FctyIX4Zx9",,id,"Menolak Konsultasi AMDAL, Warga Pulau Rempang Bentangkan Spanduk Penolakan  Kami Menangis!  Selasa Whoosh APBN Prabowo Takut Debat Fraksi PKS Macan Dear J Kades Laos Amanda Manopo Jodie Hamil Miftah Denny Caknan Enzy #AniesMuhaimin2024 #TembakauDizalimi https   t.co FctyIX4Zx9",False,35,True
@ardi_riau5 AYO PROTES OKNUM 2 LAM DI JAKARTA YANG BERTEMU DENGAN SI GANJAR...!!!!  AYO MASYARAKAT RIAU.... MARI SATUKAN TEKAD....!!! JANGAN KASIH KESEMPATAN SEDIKIT PUN KEPADA REZIM JKW DAN PDIP DAN ANTEK2 NYA ....!!! JAGA BUMI MELAYU...!!! INGAT REMPANG TANAH MELAYU ...!!!,,id,@ardi_riau5 AYO PROTES OKNUM 2 LAM DI JAKARTA YANG BERTEMU DENGAN SI GANJAR...!!!!  AYO MASYARAKAT RIAU.... MARI SATUKAN TEKAD....!!! JANGAN KASIH KESEMPATAN SEDIKIT PUN KEPADA REZIM JKW DAN PDIP DAN ANTEK2 NYA ....!!! JAGA BUMI MELAYU...!!! INGAT REMPANG TANAH MELAYU ...!!!,False,37,True
@IND0_Update @mediaindonesia @indozonemedia Inisiatif Bahlil di Pulau Rempang adalah contoh sempurna bagaimana investasi yang cerdas dapat mengubah komunitas. Sukses untuk proyek ini dan dampak positifnya! 🏗️✨ Rempang Aman  #DukungBahlil,,id,@IND0_Update @mediaindonesia @indozonemedia Inisiatif Bahlil di Pulau Rempang adalah contoh sempurna bagaimana investasi yang cerdas dapat mengubah komunitas. Sukses untuk proyek ini dan dampak positifnya!  Rempang Aman  #DukungBahlil,False,27,True
Kami teguh dalam mendukung investasi berkelanjutan! HIPMI mengucapkan terima kasih kepada Menteri Bahlil yang tekun mengawal proyek Rempang Eco Park. https://t.co/vN76usrbng @aniesbaswedan  Bahlil Kawal Investasi #HIPMIRempang,,id,Kami teguh dalam mendukung investasi berkelanjutan! HIPMI mengucapkan terima kasih kepada Menteri Bahlil yang tekun mengawal proyek Rempang Eco Park. https   t.co vN76usrbng @aniesbaswedan  Bahlil Kawal Investasi #HIPMIRempang,False,27,True
@SemutMerah2024 Dia sendiri premannya harus di uaut ini. Sama @KPK_RI malah uaut menteri pertanian yg ga ada hubungannya. Ini usut kasus investasi di pulau rempang pasti banyak itu yg korupsi. Harusnya masuk negara malah masuk kantong pribadi. Please yg amanah kerja pak/bu KPK,,id,@SemutMerah2024 Dia sendiri premannya harus di uaut ini. Sama @KPK_RI malah uaut menteri pertanian yg ga ada hubungannya. Ini usut kasus investasi di pulau rempang pasti banyak itu yg korupsi. Harusnya masuk negara malah masuk kantong pribadi. Please yg amanah kerja pak bu KPK,False,43,True
@shodiqmun @kohonussa_ @SoftWarNews Habis itu kalo Hamas Lenyap Israhell pindah ke Indonesia. !  Mau ?  Rempang nyatanya !  Israhell adalah bentuk Kapitalisme dunia barat yg mau menguasai dunia dengan Uang dan Senjata.,,id,@shodiqmun @kohonussa_ @SoftWarNews Habis itu kalo Hamas Lenyap Israhell pindah ke Indonesia. !  Mau ?  Rempang nyatanya !  Israhell adalah bentuk Kapitalisme dunia barat yg mau menguasai dunia dengan Uang dan Senjata.,False,28,True
"Ingat cerita jaman dulu, saat Indonesia di jajah, Rakyat bersatu bahu membahu untuk mengusir Penjajah, tujuannya hanya satu mempertahankan dan merebut Tanah ini"". #FreePalastine #Israel #Rempang #Seruyan #Malam #00.00 WIB #Mauuu #cpns #Rp 1 #DALEM SAYANG #Hamas""",,id,"Ingat cerita jaman dulu, saat Indonesia di jajah, Rakyat bersatu bahu membahu untuk mengusir Penjajah, tujuannya hanya satu mempertahankan dan merebut Tanah ini . #FreePalastine #Israel #Rempang #Seruyan #Malam #00.00 WIB #Mauuu #cpns #Rp 1 #DALEM SAYANG #Hamas",False,35,True
"Aparat suruhan Rezim Pekok yg tak tau malu, udah jelas² kl Warga Rempang menolak Relokasi tapi masih sj memaksa dan merampas lahan milik warga.....  Wajah² Perampok yg doyan menikmati yg haram 🙄 https://t.co/nOnkBpahv9",,id,"Aparat suruhan Rezim Pekok yg tak tau malu, udah jelas² kl Warga Rempang menolak Relokasi tapi masih sj memaksa dan merampas lahan milik warga.....  Wajah² Perampok yg doyan menikmati yg haram  https   t.co nOnkBpahv9",False,33,True
"@KompasTV Rempang apa kurang jelas lagi itu titipan siapa, warga digusur pdhal belum ada amdal, belum ada studi kelayakan, tempat relokasipun belum ada, hpl belum terbit,   katanya yg stuju 300kk pdhal hanya 3 kk, apalagi yg kau dustakan",,id,"@KompasTV Rempang apa kurang jelas lagi itu titipan siapa, warga digusur pdhal belum ada amdal, belum ada studi kelayakan, tempat relokasipun belum ada, hpl belum terbit,   katanya yg stuju 300kk pdhal hanya 3 kk, apalagi yg kau dustakan",False,37,True
"Hipmi telah  memberikan perhatian besar terhadap investasi Rempang Eco City yang terus dikawal oleh Menteri Investasi Bahlil Lahadalia sejak awal hingga saat ini dan siap membantu menyukseskan investasi ini, semoga bisa berjalan lancar &amp  bermanfaat utk semua pihak. #HIPMIRempang https://t.co/OoJK4SEzdd",,id,"Hipmi telah  memberikan perhatian besar terhadap investasi Rempang Eco City yang terus dikawal oleh Menteri Investasi Bahlil Lahadalia sejak awal hingga saat ini dan siap membantu menyukseskan investasi ini, semoga bisa berjalan lancar  amp  bermanfaat utk semua pihak. #HIPMIRempang https   t.co OoJK4SEzdd",False,41,True
"Bahlil Tolak Permintaan DPR dan Komnas HAM agar Peserta Demo Pulau Rempang Dibebaskan  Kalau dibiarkan, negara kita jadi negara preman,"" ujar Menteri Investasi Bahlil Lahadalia  https://t.co/XFKf8kq51E""",,id,"Bahlil Tolak Permintaan DPR dan Komnas HAM agar Peserta Demo Pulau Rempang Dibebaskan  Kalau dibiarkan, negara kita jadi negara preman,  ujar Menteri Investasi Bahlil Lahadalia  https   t.co XFKf8kq51E",False,27,True
Saya setuju dengan langkah-langkah yang telah dilakukan dan yang akan dilakukan oleh pemerintah terkait warga masyarakat di Pulau Rempang. prabowo @Gerindra @kompascom @corbuzier  Bahlil Kawal Investasi #HIPMIRempang https://t.co/QM3035E94K,,id,Saya setuju dengan langkah-langkah yang telah dilakukan dan yang akan dilakukan oleh pemerintah terkait warga masyarakat di Pulau Rempang. prabowo @Gerindra @kompascom @corbuzier  Bahlil Kawal Investasi #HIPMIRempang https   t.co QM3035E94K,False,28,True
riku kades keras suka amanda manopo gemes petualangan sherina 2 angel eyes kepsek cegil renjun perokok fisip ui bocah ice cold elfira ibu kota negara rempang udil pramuka fokus irene dante kiko gen z cilacap cpns kebayoran lama whoosh ✨Tas Selempang 🔗https://t.co/ku7HbmIVxf https://t.co/8ldNmKolSf,,id,riku kades keras suka amanda manopo gemes petualangan sherina 2 angel eyes kepsek cegil renjun perokok fisip ui bocah ice cold elfira ibu kota negara rempang udil pramuka fokus irene dante kiko gen z cilacap cpns kebayoran lama whoosh Tas Selempang https   t.co ku7HbmIVxf https   t.co 8ldNmKolSf,False,43,True
"DPR menaruh optimisme, kepercayaan besar pada Menteri Bahlil dalam upaya rempang aman dan sekaligus memberi masukan dan dukungan penting kepada Menteri Bahlil terkait investasi di Rempang. Selain itu, apa yang dilakukan Bahlil pun layak jadi percontohan ke depan #DukungBahlil https://t.co/uBe2fya68n",,id,"DPR menaruh optimisme, kepercayaan besar pada Menteri Bahlil dalam upaya rempang aman dan sekaligus memberi masukan dan dukungan penting kepada Menteri Bahlil terkait investasi di Rempang. Selain itu, apa yang dilakukan Bahlil pun layak jadi percontohan ke depan #DukungBahlil https   t.co uBe2fya68n",False,41,True
APBN disusun DPR &amp  Pemerintah. Pemerintah Ga boleh sembarangan ngeset semaunya  Berlaku buat KCJB juga Rempang. Enak saja main set sendiri.. emangnya DPR itu boneka?  Eh.. iya,,id,APBN disusun DPR  amp  Pemerintah. Pemerintah Ga boleh sembarangan ngeset semaunya  Berlaku buat KCJB juga Rempang. Enak saja main set sendiri.. emangnya DPR itu boneka?  Eh.. iya,False,27,True
"@IND0_Update @MataNajwa @Metro_TV @tvOneNews HIPMI melihat investasi Rempang sebagai peluang emas bagi pengembangan ekonomi nasional dan kesejahteraan masyarakat sekitar. Bersama Bahlil Lahadalia, kami mendukung penuh agar proyek ini mencapai hasil terbaik. #HIPMIRempang Bahlil Kawal Investasi",,id,"@IND0_Update @MataNajwa @Metro_TV @tvOneNews HIPMI melihat investasi Rempang sebagai peluang emas bagi pengembangan ekonomi nasional dan kesejahteraan masyarakat sekitar. Bersama Bahlil Lahadalia, kami mendukung penuh agar proyek ini mencapai hasil terbaik. #HIPMIRempang Bahlil Kawal Investasi",False,33,True
"Di Rempang Eco City, Hipmi dan Menteri Bahlil Lahadalia melukiskan cerita keberhasilan. Mereka bukan hanya membuka peluang kerja, tetapi juga membuka jalan bagi mimpi-mimpi masyarakat lokal. 💫🚀 Bahlil Kawal Investasi #HIPMIRempang https://t.co/iw96Dps7bd",,id,"Di Rempang Eco City, Hipmi dan Menteri Bahlil Lahadalia melukiskan cerita keberhasilan. Mereka bukan hanya membuka peluang kerja, tetapi juga membuka jalan bagi mimpi-mimpi masyarakat lokal.  Bahlil Kawal Investasi #HIPMIRempang https   t.co iw96Dps7bd",False,31,True
Percaya klo sdh ada bukti  Akan Dibangun Infrastruktur di Kampung Baru Pulau Rempang  Klik untuk baca: https://t.co/dBz9t7sCx6  Kompascom+ baca berita tanpa iklan: https://t.co/fTT43Drpw7 Download aplikasi: https://t.co/QsAvUPHXu8 https://t.co/dBz9t7sCx6,,id,Percaya klo sdh ada bukti  Akan Dibangun Infrastruktur di Kampung Baru Pulau Rempang  Klik untuk baca  https   t.co dBz9t7sCx6  Kompascom  baca berita tanpa iklan  https   t.co fTT43Drpw7 Download aplikasi  https   t.co QsAvUPHXu8 https   t.co dBz9t7sCx6,False,31,True
"@tvOneNews Apa kata bapak aja, Israel vs Palestina udh ditanggapi hingga cerita kenaikan BBM. Kasus Rempang dll yg ada ada ditanah Indonesia udah sampai dimana?",,id,"@tvOneNews Apa kata bapak aja, Israel vs Palestina udh ditanggapi hingga cerita kenaikan BBM. Kasus Rempang dll yg ada ada ditanah Indonesia udah sampai dimana?",False,25,True
Kita sangat banyak berharap kepada bahlil selaku menteri investasi agar terus mendorong kemajuan dan melahirkan kesejahteraan untuk rakyat Indonesia khususnya di pulau rempang Bahlil Kawal Investasi  #HIPMIRempang https://t.co/QI42cXj2JX,,id,Kita sangat banyak berharap kepada bahlil selaku menteri investasi agar terus mendorong kemajuan dan melahirkan kesejahteraan untuk rakyat Indonesia khususnya di pulau rempang Bahlil Kawal Investasi  #HIPMIRempang https   t.co QI42cXj2JX,False,29,True
"Wuuah ini sama seperti Zionis China yahudi garis keras di Indonesia,mrk menebar hoax di media bahwa 70% warga Rempang brsedia direlokasi namun di sana baru beberapa KK yg setuju relokasi,itupn warga pendatang, mrka ramai buat video ibu anu inu mau relokasi pdhl bkn warga Rempang",,id,"Wuuah ini sama seperti Zionis China yahudi garis keras di Indonesia,mrk menebar hoax di media bahwa 70  warga Rempang brsedia direlokasi namun di sana baru beberapa KK yg setuju relokasi,itupn warga pendatang, mrka ramai buat video ibu anu inu mau relokasi pdhl bkn warga Rempang",False,47,True
Investasi Rempang diyakini oleh Hipmi akan terlaksana sesuai harapan dan akan berdampak positif bagi kesejahteraan masyarakat sekitar serta perekonomian nasional dan juga daerah. Oleh sebab itu agar semuanya berjalan baik maka Pak Bahlil Kawal Investasi #HIPMIRempang https://t.co/YsQD9sM0CA,,id,Investasi Rempang diyakini oleh Hipmi akan terlaksana sesuai harapan dan akan berdampak positif bagi kesejahteraan masyarakat sekitar serta perekonomian nasional dan juga daerah. Oleh sebab itu agar semuanya berjalan baik maka Pak Bahlil Kawal Investasi #HIPMIRempang https   t.co YsQD9sM0CA,False,38,True
HIPMI Rempang ikut dukung Bahlil Kawal Investasi di proyek Rempang. Karena proyek tersebut dianggap akan berhasil dan menguntungkan baik pemerintah maupun warga Rempang sendiri.   #HIPMIRempang https://t.co/PvlmwHZAtC,,id,HIPMI Rempang ikut dukung Bahlil Kawal Investasi di proyek Rempang. Karena proyek tersebut dianggap akan berhasil dan menguntungkan baik pemerintah maupun warga Rempang sendiri.   #HIPMIRempang https   t.co PvlmwHZAtC,False,27,True
"Pulau Rempang dan Galang. Auditor negara juga seperti ayam menelan karet gelang. Nganga kagak jelas. Padahal ada proyek RS Khusus penderita Covid 19 di Pulau Galang yg konon menghabiskan biaya tidak sedikit, mengapa semua diam?",,id,"Pulau Rempang dan Galang. Auditor negara juga seperti ayam menelan karet gelang. Nganga kagak jelas. Padahal ada proyek RS Khusus penderita Covid 19 di Pulau Galang yg konon menghabiskan biaya tidak sedikit, mengapa semua diam?",False,35,True
"Solidaritas untuk Palestina, Papua, Rempang, Seruyan, dan seluruh umat manusia yang terjajah dan memutuskan untuk melawan dengan apa yang mereka punya, semoga saudaraku meraih kemenangan",,id,"Solidaritas untuk Palestina, Papua, Rempang, Seruyan, dan seluruh umat manusia yang terjajah dan memutuskan untuk melawan dengan apa yang mereka punya, semoga saudaraku meraih kemenangan",False,25,True
"Semangat investasi, harapan masa depan! HIPMI mengucapkan terima kasih kepada Menteri Bahlil yang memastikan kelancaran proyek Rempang Eco Park. @prabowo  Bahlil Kawal Investasi #HIPMIRempang https://t.co/tkK62CTJma",,id,"Semangat investasi, harapan masa depan! HIPMI mengucapkan terima kasih kepada Menteri Bahlil yang memastikan kelancaran proyek Rempang Eco Park. @prabowo  Bahlil Kawal Investasi #HIPMIRempang https   t.co tkK62CTJma",False,26,True
"Tim Advokasi Kemanusiaan Untuk Rempang mengajukan permohonan penangguhan penahanan 30 masyarakat yang ditahan dan ditetapkan sebagai tersangka pasca-aksi solidaritas yang berlangsung di Kantor BP Batam, 11 September 2023 lalu.  #IDNTimesSumut   https://t.co/rXpxPt7wHQ https://t.co/yyulw1I7XX",,id,"Tim Advokasi Kemanusiaan Untuk Rempang mengajukan permohonan penangguhan penahanan 30 masyarakat yang ditahan dan ditetapkan sebagai tersangka pasca-aksi solidaritas yang berlangsung di Kantor BP Batam, 11 September 2023 lalu.  #IDNTimesSumut   https   t.co rXpxPt7wHQ https   t.co yyulw1I7XX",False,33,True
"https://t.co/Wo2ZI8zhmd Bahlil jgn bentuk Tim. Baca saja tulisan ini. Rempang ini gampang ko. Sy selesaikan byk Kp Tua  Tj Uma dll tanpa pertumpahan darah . Masalahnya Bahlil sdh bicara hal2 teknis. KPK mesti periksa Pej pemda, KLH, Agraria &amp  BP Batam utk selaraskan otoritas.",,id,"https   t.co Wo2ZI8zhmd Bahlil jgn bentuk Tim. Baca saja tulisan ini. Rempang ini gampang ko. Sy selesaikan byk Kp Tua  Tj Uma dll tanpa pertumpahan darah . Masalahnya Bahlil sdh bicara hal2 teknis. KPK mesti periksa Pej pemda, KLH, Agraria  amp  BP Batam utk selaraskan otoritas.",False,44,True
"@DrEvaChaniago Krn dia bukan bangsa indonesia Negeri ini milik generasi berikutnya Lihat daerah yg d usik sept rempang, kalimantan dst apakah mrk rela tanah generasi d ambil oleh bgs asing??? Tdk akan  dan tdk akan rela. Kita butuh rakyat bersatu ✊🏽✊🏽✊🏽✊🏽✊🏽",,id,"@DrEvaChaniago Krn dia bukan bangsa indonesia Negeri ini milik generasi berikutnya Lihat daerah yg d usik sept rempang, kalimantan dst apakah mrk rela tanah generasi d ambil oleh bgs asing??? Tdk akan  dan tdk akan rela. Kita butuh rakyat bersatu",False,38,True
"Coba Kita Rakyat Indonesia Rasakan Bagimana SeandaiNya Tanah Negeri Kita Dirampas Oleh Tiongkok , Seperti Rempang Saat ini , Lihatlah Rakyat Palestina Yg NegaraNya Dirampas Paksa ZIONIS ISRAEL LAKNATULLAH 😢😢😢😢😢❤️❤️❤️🇵🇸🇵🇸🇵🇸🇵🇸🇵🇸🇵🇸🇵🇸",,id,"Coba Kita Rakyat Indonesia Rasakan Bagimana SeandaiNya Tanah Negeri Kita Dirampas Oleh Tiongkok , Seperti Rempang Saat ini , Lihatlah Rakyat Palestina Yg NegaraNya Dirampas Paksa ZIONIS ISRAEL LAKNATULLAH",False,27,True
"emindahan warga yang terdampak pengembangan Rempang Eco-City terus membuahkan hasil.  Terbaru, sebanyak 7 Kepala Keluarga (KK) pindah secara serentak ke hunian sementara, Minggu (1/10/2023).  https://t.co/U4aiWDr4AA",,id,"emindahan warga yang terdampak pengembangan Rempang Eco-City terus membuahkan hasil.  Terbaru, sebanyak 7 Kepala Keluarga  KK  pindah secara serentak ke hunian sementara, Minggu  1 10 2023 .  https   t.co U4aiWDr4AA",False,25,True
Petinggi PSI kabarkan Mama Mega Marah ke Ganjar karena Elektabilitasnya gak naik2 alias GAK LAKU....😅  Waduh gimana soal Rempang ini bs2 whoosh whoosh disikat isu begina begini melulu 😅😅😅 https://t.co/FsD37P0C4s,,id,Petinggi PSI kabarkan Mama Mega Marah ke Ganjar karena Elektabilitasnya gak naik2 alias GAK LAKU....  Waduh gimana soal Rempang ini bs2 whoosh whoosh disikat isu begina begini melulu  https   t.co FsD37P0C4s,False,30,True
"Menteri @bahlillahadalia jg konsisten memperjuangkan warga dilibatkan sbg subjek pembangunan dalam investasi Rempang, sejalan dengan regulasi yang ada bahwa investor harus merangkul UMKM dan menyerap tenaga kerja lokal. TOP!! @kumparan Bahlil Kawal Investasi  #HIPMIRempang https://t.co/AcKKayQcoi",,id,"Menteri @bahlillahadalia jg konsisten memperjuangkan warga dilibatkan sbg subjek pembangunan dalam investasi Rempang, sejalan dengan regulasi yang ada bahwa investor harus merangkul UMKM dan menyerap tenaga kerja lokal. TOP!! @kumparan Bahlil Kawal Investasi  #HIPMIRempang https   t.co AcKKayQcoi",False,36,True
"di wadas, di rempang, di pulau komodo di bagian manapun di indonesia yang dijajah para investor terutama aktor-aktor terlibat dalam jebakan utang cina, netizen selalu bela yang lemah. eh, giliran hari-hari orang palestina ditindas untuk sekedar bertani, tetap jadi ghoyyim zionis",,id,"di wadas, di rempang, di pulau komodo di bagian manapun di indonesia yang dijajah para investor terutama aktor-aktor terlibat dalam jebakan utang cina, netizen selalu bela yang lemah. eh, giliran hari-hari orang palestina ditindas untuk sekedar bertani, tetap jadi ghoyyim zionis",False,39,True
"@jokowi @mohmahfudmd @KementerianLHK @Yusrilihza_Mhd @puanmaharani_ri  @bpbatam Salam reformasi  kok bisa jadi blunder dan KELIRU , BPbatam telah menyerahkan 17 H p.rempang kepada PT MEG termasuk 10 ribu H hutan lindung atas dasar apa ngak JELAS? https://t.co/Kd6ug1eSCN",,id,"@jokowi @mohmahfudmd @KementerianLHK @Yusrilihza_Mhd @puanmaharani_ri  @bpbatam Salam reformasi  kok bisa jadi blunder dan KELIRU , BPbatam telah menyerahkan 17 H p.rempang kepada PT MEG termasuk 10 ribu H hutan lindung atas dasar apa ngak JELAS? https   t.co Kd6ug1eSCN",False,31,True
"Investasi Rempang Eco City adalah bukti nyata kerjasama yang berhasil antara Hipmi dan Menteri Investasi Bahlil Lahadalia. Bersama, kami membawa perubahan positif bagi masyarakat dan ekonomi lokal. Bahlil Kawal Investasi #HIPMIRempang https://t.co/RozV7YMrWc",,id,"Investasi Rempang Eco City adalah bukti nyata kerjasama yang berhasil antara Hipmi dan Menteri Investasi Bahlil Lahadalia. Bersama, kami membawa perubahan positif bagi masyarakat dan ekonomi lokal. Bahlil Kawal Investasi #HIPMIRempang https   t.co RozV7YMrWc",False,33,True
"@OposisiCerdas Kalau tidak ada TITIPAN, kenapa rezim Jokowi  paksakan eco city Rempang serta gembar-gemborkan Xinyi glass ?, naif jika ini tidak ada hubungan dengan proyek PLTS oligarki !",,id,"@OposisiCerdas Kalau tidak ada TITIPAN, kenapa rezim Jokowi  paksakan eco city Rempang serta gembar-gemborkan Xinyi glass ?, naif jika ini tidak ada hubungan dengan proyek PLTS oligarki !",False,25,True
DPR Dikritik Usai Sahkan Kilat RUU IKN |   Partai Buruh Bakal Uji Materi Undang-Undang Cipta Kerja |   Polisi Diminta Bebaskan 30 Warga Rempang  Selengkapnya di #BuletinPagi  https://t.co/YfsHIdinG7  #PodcastIndonesia https://t.co/aCYZ9mJ8Jt,,id,DPR Dikritik Usai Sahkan Kilat RUU IKN     Partai Buruh Bakal Uji Materi Undang-Undang Cipta Kerja     Polisi Diminta Bebaskan 30 Warga Rempang  Selengkapnya di #BuletinPagi  https   t.co YfsHIdinG7  #PodcastIndonesia https   t.co aCYZ9mJ8Jt,False,28,True
Keputusan Bahlil untuk mempercepat investasi di Pulau Rempang adalah dorongan positif bagi pengembangan daerah terpencil. Semoga proyek ini membawa kemajuan dan keberlanjutan. Rempang Aman  #DukungBahlil   https://t.co/JBjftAAlQT,,id,Keputusan Bahlil untuk mempercepat investasi di Pulau Rempang adalah dorongan positif bagi pengembangan daerah terpencil. Semoga proyek ini membawa kemajuan dan keberlanjutan. Rempang Aman  #DukungBahlil   https   t.co JBjftAAlQT,False,27,True
"@tvOneNews Tidak ada visi misi mentri, adanya visi misi presiden...  Pernyataan mentri tersebut seakan gambaran dari sikap atasannya. Dalam menyikapi kasus rempang.  Bahkan mungkin komentar atasannya bisa lebih absurd. Seperti.  (YNTKTS)",,id,"@tvOneNews Tidak ada visi misi mentri, adanya visi misi presiden...  Pernyataan mentri tersebut seakan gambaran dari sikap atasannya. Dalam menyikapi kasus rempang.  Bahkan mungkin komentar atasannya bisa lebih absurd. Seperti.   YNTKTS",False,31,True
Kinerja pak Bahlil yang melibatkan masyarakat dalam proyek eco city mendapatkan penghargaan dari DPR. Keberlanjutan proyek ini adalah prioritas kami Rempang Aman #DukungBahlil https://t.co/QggGbmvuMO,,id,Kinerja pak Bahlil yang melibatkan masyarakat dalam proyek eco city mendapatkan penghargaan dari DPR. Keberlanjutan proyek ini adalah prioritas kami Rempang Aman #DukungBahlil https   t.co QggGbmvuMO,False,25,True
"@rizahariati @liputan6dotcom Lah, rempang  dan papua beda bu sama palestina.  Iya terus kalau kata ibu gak bisa apa apa lantas bagaimana?  Ketika ada yang mencuri di rumah ibu, ibu diam saja gitu? Atau ibu berkata  Silahkan diambil dengan senang hati"" Gitu?""",,id,"@rizahariati @liputan6dotcom Lah, rempang  dan papua beda bu sama palestina.  Iya terus kalau kata ibu gak bisa apa apa lantas bagaimana?  Ketika ada yang mencuri di rumah ibu, ibu diam saja gitu? Atau ibu berkata  Silahkan diambil dengan senang hati  Gitu?",False,41,True
"@BennyHarmanID Suara kamu untuk rakyat rempang apa? Apakah nasib WARGA dapil kamu yg mengundi kamu BISA JADI anggota DPR? Apakah terbela nasib mereka, berapa orang yg nganggur anak2 mereka putus sekolah apakah bpk tau , or apakah seperti kacang lupa kulitnya",,id,"@BennyHarmanID Suara kamu untuk rakyat rempang apa? Apakah nasib WARGA dapil kamu yg mengundi kamu BISA JADI anggota DPR? Apakah terbela nasib mereka, berapa orang yg nganggur anak2 mereka putus sekolah apakah bpk tau , or apakah seperti kacang lupa kulitnya",False,40,True
"Maaf kalau boleh berkata kasar, perilaku polisi kita saat ini mirip-mirip polisi Yahudi dengan gampangnya menganiaya demonstran di Rempang dan bahkan di Kalimantan  ada yang tertembak mati.",,id,"Maaf kalau boleh berkata kasar, perilaku polisi kita saat ini mirip-mirip polisi Yahudi dengan gampangnya menganiaya demonstran di Rempang dan bahkan di Kalimantan  ada yang tertembak mati.",False,26,True
"Lihat video Ngofa Ngare! #TikTok https://t.co/CNk1AHv1ld makanta REMPANG mau di jadikan Daerah Terkaya d ke 2 setelah maluku Utara byk nolak. MALKU UTARA subur makmur,karana orang irang Maluku Utara tdk berulah seperti rempang.",,id,"Lihat video Ngofa Ngare! #TikTok https   t.co CNk1AHv1ld makanta REMPANG mau di jadikan Daerah Terkaya d ke 2 setelah maluku Utara byk nolak. MALKU UTARA subur makmur,karana orang irang Maluku Utara tdk berulah seperti rempang.",False,33,True
"@DisyaAgusti GaMau berubah ya pajak akan di berlakukan di semua lini , pertalite akan langka akhirnya wajib Pertamax , gas melon 🍈 bakal lenyap , kasus Wadas , kasus Rempang akan lanjut. Mau di lanjutkan??? Serius",,id,"@DisyaAgusti GaMau berubah ya pajak akan di berlakukan di semua lini , pertalite akan langka akhirnya wajib Pertamax , gas melon  bakal lenyap , kasus Wadas , kasus Rempang akan lanjut. Mau di lanjutkan??? Serius",False,31,True
"@Bravo_munte @tifsembiring Kunjungan seorng dubas tidak bisa menjadi ukuran.. kecuali anda membawa data perjanjian apa yg di hasilkan dari pertemuan itu.. semisal hgu 190 th di IKN misalnya, atau pabrik kaca di pulau rempang yg penuh kebohongan itu mislanya..🤷",,id,"@Bravo_munte @tifsembiring Kunjungan seorng dubas tidak bisa menjadi ukuran.. kecuali anda membawa data perjanjian apa yg di hasilkan dari pertemuan itu.. semisal hgu 190 th di IKN misalnya, atau pabrik kaca di pulau rempang yg penuh kebohongan itu mislanya..",False,38,True
Investasi tak hanya untuk pertumbuhan ekonomi Demokrat minta Pemerintah utamakan kepentingan rakyat di Rempang #demokrat #demokratjatim #demokratlumajang #DemokratS14P #demokrat14 #rempang #demokratbersamarakyat #demokratsolid #bakomstrademokrat #bakomstrajatim #bakomstralumajang https://t.co/SBybgOrTSS,,id,Investasi tak hanya untuk pertumbuhan ekonomi Demokrat minta Pemerintah utamakan kepentingan rakyat di Rempang #demokrat #demokratjatim #demokratlumajang #DemokratS14P #demokrat14 #rempang #demokratbersamarakyat #demokratsolid #bakomstrademokrat #bakomstrajatim #bakomstralumajang https   t.co SBybgOrTSS,False,27,True
"Sudah dijelasin kemaren, yg tanda tangan dan mau direlokasi bukan orang asli Rempang ! YLBHI harus cek KTP dan kartu keluarganya jika ingin bukti autentik.  Sehat selalu perjuangan ! 💪😎🇮🇩",,id,"Sudah dijelasin kemaren, yg tanda tangan dan mau direlokasi bukan orang asli Rempang ! YLBHI harus cek KTP dan kartu keluarganya jika ingin bukti autentik.  Sehat selalu perjuangan !",False,27,True
"HIPMI memiliki keyakinan bahwa investasi di Rempang akan menciptakan lapangan pekerjaan, meningkatkan pendapatan daerah, dan memberdayakan masyarakat. Dukungan Bahlil Lahadalia sangat berarti dalam mewujudkan visi ini. #HIPMIRempang Bahlil Kawal Investasi https://t.co/Zrhaw6bWCg",,id,"HIPMI memiliki keyakinan bahwa investasi di Rempang akan menciptakan lapangan pekerjaan, meningkatkan pendapatan daerah, dan memberdayakan masyarakat. Dukungan Bahlil Lahadalia sangat berarti dalam mewujudkan visi ini. #HIPMIRempang Bahlil Kawal Investasi https   t.co Zrhaw6bWCg",False,32,True
"Lalu bagaimana kasus Rempang? Pak Mahfud sebagai Menkopolhukam tentu bisa saja membela rakyat Rempang. Tapi pak Jokowi, menko marves dan menteri Investasi kan ingin ada investasi besar besaran di Indonesia. Presiden yang harusnya mikir apakah investasi ini merugikan rakyat.",,id,"Lalu bagaimana kasus Rempang? Pak Mahfud sebagai Menkopolhukam tentu bisa saja membela rakyat Rempang. Tapi pak Jokowi, menko marves dan menteri Investasi kan ingin ada investasi besar besaran di Indonesia. Presiden yang harusnya mikir apakah investasi ini merugikan rakyat.",False,39,True
"Secara tidak langsung bahlil menyatakan perang sama warga rempang, gak usah memperhalus kata dengan kata 'preman', mending lo urus tuh pemuda pancasila yang rill preman",,id,"Secara tidak langsung bahlil menyatakan perang sama warga rempang, gak usah memperhalus kata dengan kata  preman , mending lo urus tuh pemuda pancasila yang rill preman",False,25,True
"Dalam upaya mendukung investasi ini, Hipmi siap berkolaborasi nih dengan pemerintah untuk meningkatkan keterampilan warga Rempang lewat pelatihan. prabowo @Gerindra @kompascom @corbuzier  Bahlil Kawal Investasi #HIPMIRempang https://t.co/dyQLKjTcCL",,id,"Dalam upaya mendukung investasi ini, Hipmi siap berkolaborasi nih dengan pemerintah untuk meningkatkan keterampilan warga Rempang lewat pelatihan. prabowo @Gerindra @kompascom @corbuzier  Bahlil Kawal Investasi #HIPMIRempang https   t.co dyQLKjTcCL",False,28,True
mungkin Imajinasi bisa dikatakan bentuk kekuatan yang dapat dibuktikan dalam kehidupan nyata selama mau berusaha. demikian pula ide mengenai konsep pembangunan. mungkin salah satunya Eco city #rempang,,id,mungkin Imajinasi bisa dikatakan bentuk kekuatan yang dapat dibuktikan dalam kehidupan nyata selama mau berusaha. demikian pula ide mengenai konsep pembangunan. mungkin salah satunya Eco city #rempang,False,27,True
"@bianca01403 jika ini benar di rempang maka berSIAPlah buat oknum aparat di lapangan pilih perintah penguasa yg di dikte oligarki dan cinak komunis dan berhadapan dengan saudara sebangsamu yg mempertahankan HAK HIDUP mereka, *silahkan berkorban utk siapa di dunia, akhirat pengadilan pasti",,id,"@bianca01403 jika ini benar di rempang maka berSIAPlah buat oknum aparat di lapangan pilih perintah penguasa yg di dikte oligarki dan cinak komunis dan berhadapan dengan saudara sebangsamu yg mempertahankan HAK HIDUP mereka,  silahkan berkorban utk siapa di dunia, akhirat pengadilan pasti",False,42,True
"Tetep cermati kasus Rempang yg didalamnya ada UWT sebesar 3,6 T utk hak konsesi lahan 17 rb lebih  hektar dikalikan 21 rb lebih per m2 dan keberadaannya perlu dipertanyakan? Sudah disetor belum, atau sdh habis,",,id,"Tetep cermati kasus Rempang yg didalamnya ada UWT sebesar 3,6 T utk hak konsesi lahan 17 rb lebih  hektar dikalikan 21 rb lebih per m2 dan keberadaannya perlu dipertanyakan? Sudah disetor belum, atau sdh habis,",False,33,True
"#Rempang  @NSAGov @CIA #MSS  Kita menemukan Jejak Blackrock, Evergreen di kasus rempang, Clasified doc (TopSecret), yg di mulai sejak beberapa tahun lalu, di ketahui oleh Rockefeller, Bank Dunia, IMF.  Tp tdk hny di rempang, semua PSN ada jejaknya,khususnya IKN, KCJB, Rempang.",,id,"#Rempang  @NSAGov @CIA #MSS  Kita menemukan Jejak Blackrock, Evergreen di kasus rempang, Clasified doc  TopSecret , yg di mulai sejak beberapa tahun lalu, di ketahui oleh Rockefeller, Bank Dunia, IMF.  Tp tdk hny di rempang, semua PSN ada jejaknya,khususnya IKN, KCJB, Rempang.",False,42,True
"@tvOneNews Investasi itu memang bagus, tapi bukan sampai mengabaikan kepentingan, cagar budaya (tanah ulayat) dan kehidupan masyarakat di Rempang.  Yang herannya menteri ini koq ngotot sekali, hingga mengabaikan hak² masyarakat, ada apa ya...?",,id,"@tvOneNews Investasi itu memang bagus, tapi bukan sampai mengabaikan kepentingan, cagar budaya  tanah ulayat  dan kehidupan masyarakat di Rempang.  Yang herannya menteri ini koq ngotot sekali, hingga mengabaikan hak² masyarakat, ada apa ya...?",False,33,True
"@iwantarigan @msaid_didu Kalo saya curiga dgn Rempang ini, kok smdh itu pemerintah gusur menggusur pdhal ini musim politik, hrsnya menarik simpati rakyat, ada apa di blk ini..???  Logikanya kalo musim politik membuat org simpati..TDK terpikir kesitu kbnykan org..🫢🫢🫢",,id,"@iwantarigan @msaid_didu Kalo saya curiga dgn Rempang ini, kok smdh itu pemerintah gusur menggusur pdhal ini musim politik, hrsnya menarik simpati rakyat, ada apa di blk ini..???  Logikanya kalo musim politik membuat org simpati..TDK terpikir kesitu kbnykan org..",False,38,True
Kasus rempang adalah perampasan tanah rakyat berkedok investasi oleh para cukong bos pejabar² dan politisi partai. Dimana kah Suara orang² yg selalu teriak saya NKRI harga mati kini dipertanyakan @PdiperjuanganP https://t.co/lhN8BJ1RB0,,id,Kasus rempang adalah perampasan tanah rakyat berkedok investasi oleh para cukong bos pejabar² dan politisi partai. Dimana kah Suara orang² yg selalu teriak saya NKRI harga mati kini dipertanyakan @PdiperjuanganP https   t.co lhN8BJ1RB0,False,32,True
Instruksi dari presiden kepada pak Bahlil untuk menyelesaikan konflik di Rempang menunjukkan komitmen pemerintah dalam menciptakan perdamaian dan kesejahteraan masyarakat Rempang Aman #DukungBahlil https://t.co/kiCF0ufgNb,,id,Instruksi dari presiden kepada pak Bahlil untuk menyelesaikan konflik di Rempang menunjukkan komitmen pemerintah dalam menciptakan perdamaian dan kesejahteraan masyarakat Rempang Aman #DukungBahlil https   t.co kiCF0ufgNb,False,25,True
Buku Librari Ori - Dahulukan Akhlak Di Atas Fiqih (Republish 2023) https://t.co/eO0kIsCslL Dajjal Batik Air WR 1 Kapolsek Rempang #AniesMuhaimin2024 Jenglot Miring Kamis Fajar #HongKongOpen2023 https://t.co/i0oq7PTEaA https://t.co/jEeRPn8cw2,,id,Buku Librari Ori - Dahulukan Akhlak Di Atas Fiqih  Republish 2023  https   t.co eO0kIsCslL Dajjal Batik Air WR 1 Kapolsek Rempang #AniesMuhaimin2024 Jenglot Miring Kamis Fajar #HongKongOpen2023 https   t.co i0oq7PTEaA https   t.co jEeRPn8cw2,False,28,True
"HIPMI yakin bahwa investasi Rempang Eco City akan membuka peluang besar bagi pengusaha muda. Dengan dukungan Menteri Investasi Bahlil Lahadalia, proyek ini diawasi secara ketat, menjanjikan keberlanjutan dan keberhasilan. #HIPMIRempang Bahlil Kawal Investasi https://t.co/J3qOgPBBre",,id,"HIPMI yakin bahwa investasi Rempang Eco City akan membuka peluang besar bagi pengusaha muda. Dengan dukungan Menteri Investasi Bahlil Lahadalia, proyek ini diawasi secara ketat, menjanjikan keberlanjutan dan keberhasilan. #HIPMIRempang Bahlil Kawal Investasi https   t.co J3qOgPBBre",False,35,True
@Ganjar_Andika08 @Ganjar_Andika_8 Semua PARTAI juga dapat HIBAH dari DKI! Semua ormas juga dapat diatur oleh UU! Rempang emang kalian saja RADIKAL! Udah baca kalo perusahaan CHINA juga ga becus bikin pabrik di Gresik dan Belitung?,,id,@Ganjar_Andika08 @Ganjar_Andika_8 Semua PARTAI juga dapat HIBAH dari DKI! Semua ormas juga dapat diatur oleh UU! Rempang emang kalian saja RADIKAL! Udah baca kalo perusahaan CHINA juga ga becus bikin pabrik di Gresik dan Belitung?,False,33,True
"https://t.co/HBYycdbeWB  Kelompok HAM CIVICUS mengecam pemerintah Indonesia yang mencalonkan diri menjadi dewan HAM PBB.  Ini menyusul pelanggaran HAM oleh pemerintah di Papua, Rempang, Air Bangis, hingga Muaro Jambi.",,id,"https   t.co HBYycdbeWB  Kelompok HAM CIVICUS mengecam pemerintah Indonesia yang mencalonkan diri menjadi dewan HAM PBB.  Ini menyusul pelanggaran HAM oleh pemerintah di Papua, Rempang, Air Bangis, hingga Muaro Jambi.",False,29,True
"@RomeoWalker19 Kaya g tau maenanY s jk aja bro...denger2 rempang juga d acak2 ma s jk juga. yg pake bendera item dh pada kenyang, klo koar2 nti lapar lagi.",,id,"@RomeoWalker19 Kaya g tau maenanY s jk aja bro...denger2 rempang juga d acak2 ma s jk juga. yg pake bendera item dh pada kenyang, klo koar2 nti lapar lagi.",False,26,True
"Pemerintah terus memastikan hak-hak warga rempang terpenuhi seperti hunian sementara, uang bulanan perorangan, dan uang per KK untuk kontrakan.  @bahlillahadalia  @kompascom  Bahlil Kawal Investasi  #HIPMIRempang https://t.co/UMbRR5yKhH",,id,"Pemerintah terus memastikan hak-hak warga rempang terpenuhi seperti hunian sementara, uang bulanan perorangan, dan uang per KK untuk kontrakan.  @bahlillahadalia  @kompascom  Bahlil Kawal Investasi  #HIPMIRempang https   t.co UMbRR5yKhH",False,26,True
"Menteri Investasi/Kepala Badan Koordinasi Penanaman Modal (BKPM), Bahlil Lahadalia menyatakan warga Rempang tidak ingin ada aparat dalam proses pergeseran atau relokasi mereka dari tempat tinggalnya sekarang ke tempat yang baru.  #IDNTimesBusiness   https://t.co/AIWZVot6iZ https://t.co/6QTzSZhLhT",,id,"Menteri Investasi Kepala Badan Koordinasi Penanaman Modal  BKPM , Bahlil Lahadalia menyatakan warga Rempang tidak ingin ada aparat dalam proses pergeseran atau relokasi mereka dari tempat tinggalnya sekarang ke tempat yang baru.  #IDNTimesBusiness   https   t.co AIWZVot6iZ https   t.co 6QTzSZhLhT",False,36,True
"@narkosun Coba dibantah ini analisa nya. Kita bisa lihat di Rempang gimana contoh eksekusi PSN yg acak²an. Yang diuntungkan siapa? TW sebagai pemilik HGU,  Yang butuh PLTS? Luhut. Buat siapa listriknya? Singapura.  Sumber 1: https://t.co/NzkMHcDXlh https://t.co/U87nYY7bGI",,id,"@narkosun Coba dibantah ini analisa nya. Kita bisa lihat di Rempang gimana contoh eksekusi PSN yg acak²an. Yang diuntungkan siapa? TW sebagai pemilik HGU,  Yang butuh PLTS? Luhut. Buat siapa listriknya? Singapura.  Sumber 1  https   t.co NzkMHcDXlh https   t.co U87nYY7bGI",False,37,True
"@bianca01403 PKI tidak menginginkan hadirnya Islam.Mereka anggap Islam menggagalkan semua usaha PKI,yang menurut mereka ,apa yang di lakukan semua benar.Termasuk mengusir Penduduk tanah Rempang,bikin IKN dan merampas hak tanah milik rakyat di Mandalika.",,id,"@bianca01403 PKI tidak menginginkan hadirnya Islam.Mereka anggap Islam menggagalkan semua usaha PKI,yang menurut mereka ,apa yang di lakukan semua benar.Termasuk mengusir Penduduk tanah Rempang,bikin IKN dan merampas hak tanah milik rakyat di Mandalika.",False,33,True
Kami bersama memajukan investasi berkelanjutan! HIPMI memberikan apresiasi kepada Menteri Bahlil yang dengan tekun mengawal proyek Rempang Eco Park. @liputan6dotcom  Bahlil Kawal Investasi #HIPMIRempang https://t.co/F9TjwBuCrA,,id,Kami bersama memajukan investasi berkelanjutan! HIPMI memberikan apresiasi kepada Menteri Bahlil yang dengan tekun mengawal proyek Rempang Eco Park. @liputan6dotcom  Bahlil Kawal Investasi #HIPMIRempang https   t.co F9TjwBuCrA,False,26,True
"Bahlil Lahadalia Diduga Suruh  Sekelompok Preman Bubarkan Aksi Bela Rempang yang Dilakukan Aliansi HMI Jakarta  Aksi bela Rempang dilakukan HMI  di Depan Kantor Kementrian Investasi/BKPM Senin siang, 2 Oktober 2023.  https://t.co/aE2rPVICKI https://t.co/wv8E4FUhiF",,id,"Bahlil Lahadalia Diduga Suruh  Sekelompok Preman Bubarkan Aksi Bela Rempang yang Dilakukan Aliansi HMI Jakarta  Aksi bela Rempang dilakukan HMI  di Depan Kantor Kementrian Investasi BKPM Senin siang, 2 Oktober 2023.  https   t.co aE2rPVICKI https   t.co wv8E4FUhiF",False,33,True
"Masyarakat Rempang-Galang menagih janji Presiden Joko Widodo untuk memberikan sertifikat kepada masyarakat di kampung tua, Selasa 3 Oktober 2023.  🎥: DALIL HARAHAP #rempang #galang #batam #rempangecocity #sertifikat #presiden #jokowi #breakingnews  #batampos #wargarempang https://t.co/JrzVhRI4YX",,id,"Masyarakat Rempang-Galang menagih janji Presiden Joko Widodo untuk memberikan sertifikat kepada masyarakat di kampung tua, Selasa 3 Oktober 2023.    DALIL HARAHAP #rempang #galang #batam #rempangecocity #sertifikat #presiden #jokowi #breakingnews  #batampos #wargarempang https   t.co JrzVhRI4YX",False,30,True
"Top Isu, 02 Oktober 2023 1. Selamat Hari Batik Nasional 2. Jokowi Resmikan KCJB Whoosh 3. KPK Panggil Febri, Rasamala dan Donal 4. Konflik Rempang 5. Kenaikan Harga BBM 6. Judi Online Amanda Manopo 7. KCIC: Kereta Cepat Masih Gratis 8. MK Tolak Gugatan UU Cipta Kerja #issue #isu https://t.co/WFDNXSTXJp",,id,"Top Isu, 02 Oktober 2023 1. Selamat Hari Batik Nasional 2. Jokowi Resmikan KCJB Whoosh 3. KPK Panggil Febri, Rasamala dan Donal 4. Konflik Rempang 5. Kenaikan Harga BBM 6. Judi Online Amanda Manopo 7. KCIC  Kereta Cepat Masih Gratis 8. MK Tolak Gugatan UU Cipta Kerja #issue #isu https   t.co WFDNXSTXJp",False,43,True
"prestasi Pak Bahlil Kawal Investasi tuh keren bgt, tidak hanya pandai melihat peluang beliau juga pandai melakukan pendekatan yang humanis dan persuasif kpd warga Rempang. #HIPMIRempang @FiersaBesari https://t.co/TYlpElVJ6L",,id,"prestasi Pak Bahlil Kawal Investasi tuh keren bgt, tidak hanya pandai melihat peluang beliau juga pandai melakukan pendekatan yang humanis dan persuasif kpd warga Rempang. #HIPMIRempang @FiersaBesari https   t.co TYlpElVJ6L",False,29,True
"warga Rempang yg terkena dampak utk tdk khawatir dgn kompensasi yg diberikan pemerintah, pak @bahlillahadalia berikan perhatian serius warga Rempang sesuai dlm Perpres soal ganti rugi hak warga Rempang yg terkena dampak investasi. Bahlil Kawal Investasi  #HIPMIRempang https://t.co/XDUCywdO0h",,id,"warga Rempang yg terkena dampak utk tdk khawatir dgn kompensasi yg diberikan pemerintah, pak @bahlillahadalia berikan perhatian serius warga Rempang sesuai dlm Perpres soal ganti rugi hak warga Rempang yg terkena dampak investasi. Bahlil Kawal Investasi  #HIPMIRempang https   t.co XDUCywdO0h",False,39,True
Ternyata komunikasi itu sangat penting ya... Buktinya komunikasi yang dilakukan Pak Bahlil Kawal investasi dengan pendekatan Humanis perlahan tapi pasti Pengembangan Rempang EcoCity mendapat dukungan dari berbagai pihak khususnya warga rempang itu sendiri. #HIPMIRempang @CNN,,id,Ternyata komunikasi itu sangat penting ya... Buktinya komunikasi yang dilakukan Pak Bahlil Kawal investasi dengan pendekatan Humanis perlahan tapi pasti Pengembangan Rempang EcoCity mendapat dukungan dari berbagai pihak khususnya warga rempang itu sendiri. #HIPMIRempang @CNN,False,35,True
YANG JELAS IBLIS KOMUNIS CHINA SELUNDUPAN @jokowi CS ADALAH PENIPU RAKYAT INDONESIA! Para penjilat itu senang bisa dapatkan kekayaan hasil KONSPIRASI KEJAHATAN mereka menipu rakyat REMPANG atau di manapun di INDONESIA MAKA SATU KATA BUAT KALIAN L A W A N ! https://t.co/BLDLoWBXGN https://t.co/SfkLFKBmTm,,id,YANG JELAS IBLIS KOMUNIS CHINA SELUNDUPAN @jokowi CS ADALAH PENIPU RAKYAT INDONESIA! Para penjilat itu senang bisa dapatkan kekayaan hasil KONSPIRASI KEJAHATAN mereka menipu rakyat REMPANG atau di manapun di INDONESIA MAKA SATU KATA BUAT KALIAN L A W A N ! https   t.co BLDLoWBXGN https   t.co SfkLFKBmTm,False,40,True
Ini perlunya Posko yg aktif melakukan transfer Informasi untuk Publik. Agar Publik bisa ramein tindakan Offside lewat sosial media  Saat ini disinyalir Preman sudah mulai terjun di Rempang  https://t.co/FMf7s50ece https://t.co/Xzt7aUDWSK,,id,Ini perlunya Posko yg aktif melakukan transfer Informasi untuk Publik. Agar Publik bisa ramein tindakan Offside lewat sosial media  Saat ini disinyalir Preman sudah mulai terjun di Rempang  https   t.co FMf7s50ece https   t.co Xzt7aUDWSK,False,32,True
"Rempang Eco City: Dalam pelukan masyarakat, Menteri Bahlil menjalin koneksi emosional. Dia membuka pintu dialog, menghormati tradisi, dan membangun fondasi kuat untuk masa depan bersama. Dalam setiap langkahnya, ada kebijaksanaan dan keberanian.  Rempang Aman  #DukungBahlil https://t.co/Sszn6jIlA0",,id,"Rempang Eco City  Dalam pelukan masyarakat, Menteri Bahlil menjalin koneksi emosional. Dia membuka pintu dialog, menghormati tradisi, dan membangun fondasi kuat untuk masa depan bersama. Dalam setiap langkahnya, ada kebijaksanaan dan keberanian.  Rempang Aman  #DukungBahlil https   t.co Sszn6jIlA0",False,37,True
@PakJenggot___ @henkijm @yo2thok Contoh dekat2 rempang..warga udah berabad2 tinggal di rempang..sebelum nkri lahir mau di usir di relokasi demi kepuasan bisnis sesaat...akibatnya rakyat rempang melawan..sama palestina..dr eropa yahudi datang ..bantuan inggris .amerika..mencaplok tanah rakyat palestina...,,id,@PakJenggot___ @henkijm @yo2thok Contoh dekat2 rempang..warga udah berabad2 tinggal di rempang..sebelum nkri lahir mau di usir di relokasi demi kepuasan bisnis sesaat...akibatnya rakyat rempang melawan..sama palestina..dr eropa yahudi datang ..bantuan inggris .amerika..mencaplok tanah rakyat palestina...,False,39,True
Bagaimana kalau kita suruh Pak @bahlillahadalia mundur saja jadi mentri. Dia tidak perduli dg warga Rempang juga thd penyelidikan yg dilakukan @OmbudsmanRI137 #BahlilMenteriPremanisme #BahlilMenteriPremanisme https://t.co/EtqwkQxy1m,,id,Bagaimana kalau kita suruh Pak @bahlillahadalia mundur saja jadi mentri. Dia tidak perduli dg warga Rempang juga thd penyelidikan yg dilakukan @OmbudsmanRI137 #BahlilMenteriPremanisme #BahlilMenteriPremanisme https   t.co EtqwkQxy1m,False,26,True
"@tvOneNews Yg jelas depan mata, rempang warga yg hidup tenang selama puluhan tahun, bahkan sebelum Indonesia merdeka, diusik, tanah mau dirampas, di relokasi tanpa ada pengakuan pemilik tanah karena tanpa sertifikat.",,id,"@tvOneNews Yg jelas depan mata, rempang warga yg hidup tenang selama puluhan tahun, bahkan sebelum Indonesia merdeka, diusik, tanah mau dirampas, di relokasi tanpa ada pengakuan pemilik tanah karena tanpa sertifikat.",False,31,True
"@LapamusuUm21336 @msaid_didu Oh maaf ya,kalau saya tdk sopan, saya lihat dan rasakan  kondisi bangsa akhir akhir ini hati saya kemropok,dari kcic tanpa studi kelayakan,Rempang,Seruyan,beras mahal,MK,hutang menggunung dst,saya bayar pajak ratusan jt,tapi mreka tdk bermoral tdk beretika dg tugasnya",,id,"@LapamusuUm21336 @msaid_didu Oh maaf ya,kalau saya tdk sopan, saya lihat dan rasakan  kondisi bangsa akhir akhir ini hati saya kemropok,dari kcic tanpa studi kelayakan,Rempang,Seruyan,beras mahal,MK,hutang menggunung dst,saya bayar pajak ratusan jt,tapi mreka tdk bermoral tdk beretika dg tugasnya",False,46,True
jika pembangunan eco city #rempang terwujud maka Indonesia tidak kalah dengan Jepang kota Tokyo yang memiliki target tahun 2050 menjadi zero emission city . https://t.co/nTfJd7hDqY,,id,jika pembangunan eco city #rempang terwujud maka Indonesia tidak kalah dengan Jepang kota Tokyo yang memiliki target tahun 2050 menjadi zero emission city . https   t.co nTfJd7hDqY,False,25,True
"@strike_bravo_b Udah dibilang, investasi Xinyi Glass ini gak masuk akal, mereka katanya investasi ratusan triliun rupiah di Rempang doang tapi net worth mereka gak sampai sebanyak itu. Itu mereka mau investasi gitu berapa lama?  Hebatnya Kemenkomarves nya setuju ama hal yang gak masuk akal gini.",,id,"@strike_bravo_b Udah dibilang, investasi Xinyi Glass ini gak masuk akal, mereka katanya investasi ratusan triliun rupiah di Rempang doang tapi net worth mereka gak sampai sebanyak itu. Itu mereka mau investasi gitu berapa lama?  Hebatnya Kemenkomarves nya setuju ama hal yang gak masuk akal gini.",False,44,True
Bisa dilihat keseriusan pemerintah kepada warga Rempang terlihat dari langkah konkret Menteri @bahlillahadalia yg terus melakukan pendekatan dgn cara melakukan kunjungan berulang kali ke Rempang. Menteri yg benar2 turun langsung 👍 @MataNajwa Bahlil Kawal Investasi #HIPMIRempang https://t.co/FVlUXlln7Q,,id,Bisa dilihat keseriusan pemerintah kepada warga Rempang terlihat dari langkah konkret Menteri @bahlillahadalia yg terus melakukan pendekatan dgn cara melakukan kunjungan berulang kali ke Rempang. Menteri yg benar2 turun langsung  @MataNajwa Bahlil Kawal Investasi #HIPMIRempang https   t.co FVlUXlln7Q,False,37,True
Mari kita dukung Pulau Rempang  yang akan dijadikan Eco-City sehingga dapat memberikan manfaat lebih banyak untuk warga setempat seperti yang diharapkan #HIPMIRempang Bahlil Kawal Investasi @bahlillahadalia @jokowi,,id,Mari kita dukung Pulau Rempang  yang akan dijadikan Eco-City sehingga dapat memberikan manfaat lebih banyak untuk warga setempat seperti yang diharapkan #HIPMIRempang Bahlil Kawal Investasi @bahlillahadalia @jokowi,False,26,True
Solusi tuntas untuk segala macam kezaliman seperti di palestina Rempang Indonesia Dan lain lainnya hanyalah dengan penerapan syariat Islam Kaffa Apa yang datang dari Allah SWT kita kembalikan lagi Allah SWT,,id,Solusi tuntas untuk segala macam kezaliman seperti di palestina Rempang Indonesia Dan lain lainnya hanyalah dengan penerapan syariat Islam Kaffa Apa yang datang dari Allah SWT kita kembalikan lagi Allah SWT,False,31,True
"Tdk sadar atau pura2 tdk sadar pak, apakha pak @jokowi lupa dgn pulau rempang dan kereta cepat, Ekonomi makin buruk ulah siapa pak https://t.co/hurEW4nXSF",,id,"Tdk sadar atau pura2 tdk sadar pak, apakha pak @jokowi lupa dgn pulau rempang dan kereta cepat, Ekonomi makin buruk ulah siapa pak https   t.co hurEW4nXSF",False,25,True
Menteri Investasi Bahlil Lahadalia dan Hipmi bekerja bersama untuk menciptakan lingkungan investasi yang inklusif dan berkelanjutan di Rempang Eco City. Bersama kita membangun masa depan yang lebih baik untuk semua! Bahlil Kawal Investasi #HIPMIRempang https://t.co/wBZmrm2Ben,,id,Menteri Investasi Bahlil Lahadalia dan Hipmi bekerja bersama untuk menciptakan lingkungan investasi yang inklusif dan berkelanjutan di Rempang Eco City. Bersama kita membangun masa depan yang lebih baik untuk semua! Bahlil Kawal Investasi #HIPMIRempang https   t.co wBZmrm2Ben,False,36,True
@Nazarudin171 @AbidinIdris7 Sebenarnya bukan hanya Buzer Israel yg ada di Indonesia Tp Kekejaman Israel pun sdh di Import ke Indonesia.. Contoh kasus Rempang (Perampasan tanah milik rakyat oleh Rezim) sebagaimana Israel merampas tanah2 milik rakyat Pelestina.. Maka 2024 hrs ada perubahan/penggantian Rezim.,,id,@Nazarudin171 @AbidinIdris7 Sebenarnya bukan hanya Buzer Israel yg ada di Indonesia Tp Kekejaman Israel pun sdh di Import ke Indonesia.. Contoh kasus Rempang  Perampasan tanah milik rakyat oleh Rezim  sebagaimana Israel merampas tanah2 milik rakyat Pelestina.. Maka 2024 hrs ada perubahan penggantian Rezim.,False,43,True
"@ryaansop @HeyNopalll @don_julR @RandomWorldWar @SETYOELA Bagus warga lokal kesabaran setipis tisu, demokrasinya sehat.  Indonesia 130+ mati di Kanjuruhan, seklompok pemuda FPI dibunuh aparat, tanah Rempang digusur, pengadilan selesai tanpa bukti, pada diem semua, itu sabar apa dibodohi?",,id,"@ryaansop @HeyNopalll @don_julR @RandomWorldWar @SETYOELA Bagus warga lokal kesabaran setipis tisu, demokrasinya sehat.  Indonesia 130  mati di Kanjuruhan, seklompok pemuda FPI dibunuh aparat, tanah Rempang digusur, pengadilan selesai tanpa bukti, pada diem semua, itu sabar apa dibodohi?",False,36,True
"@prophetofzorck Ini kok kek debat nasab kyai Imad vs pro habaib,gelut antar ulama...pas kejadian Rempang malah ngancam HRS para kyai pro imad,apa twitt/X ini terinspirasi kejadian itu bang?",,id,"@prophetofzorck Ini kok kek debat nasab kyai Imad vs pro habaib,gelut antar ulama...pas kejadian Rempang malah ngancam HRS para kyai pro imad,apa twitt X ini terinspirasi kejadian itu bang?",False,31,True
"@msobri99 Contoh paling deket, Dibuatnya Proyek Strategis Nasional pabrik panel surya China dan Eco city Rempang biar bebas usir 16 Desa titipan siapa coy... Apa perlu sy jelaskan... 😅😅🤭🤭",,id,"@msobri99 Contoh paling deket, Dibuatnya Proyek Strategis Nasional pabrik panel surya China dan Eco city Rempang biar bebas usir 16 Desa titipan siapa coy... Apa perlu sy jelaskan...",False,28,True
"terima kasih kami ucapkan kepda bapak Kabaintelkam Polri yang telah ngasih bantuan sembako kepda kami, warga relokasi Rempang Batam... ibu Dedi, istri Bapak Dedi Yunhar... Hamas Gaza Hujan https://t.co/t5tzYyq4HH https://t.co/i9wAJJL6Td",,id,"terima kasih kami ucapkan kepda bapak Kabaintelkam Polri yang telah ngasih bantuan sembako kepda kami, warga relokasi Rempang Batam... ibu Dedi, istri Bapak Dedi Yunhar... Hamas Gaza Hujan https   t.co t5tzYyq4HH https   t.co i9wAJJL6Td",False,32,True
"@PDI_Perjuangan Pendekar hukum pembela wong cilik, sampe warga rempang mau digusur dan di buldoser pun mahfud diam gak berkutik... Banyak kasus hukum yg terjadi, tp pendekarnya jg gak berkutik...",,id,"@PDI_Perjuangan Pendekar hukum pembela wong cilik, sampe warga rempang mau digusur dan di buldoser pun mahfud diam gak berkutik... Banyak kasus hukum yg terjadi, tp pendekarnya jg gak berkutik...",False,28,True
"@NarasiNewsroom dg viral, min. hentikan sementara, prilaku² aneh"" yg dirasakan hati publik, dari apa yg dilakukan pengurus² negri,  sambo cs akhirnya dihkm berat (smntara😂), smpn 1 ponorogo menunda pungutan berdalih sumbangan (smntara😂), rempang dimanusiawikan (smntara😂),  stlh ga viral😔...""",,id,"@NarasiNewsroom dg viral, min. hentikan sementara, prilaku² aneh  yg dirasakan hati publik, dari apa yg dilakukan pengurus² negri,  sambo cs akhirnya dihkm berat  smntara , smpn 1 ponorogo menunda pungutan berdalih sumbangan  smntara , rempang dimanusiawikan  smntara ,  stlh ga viral...",False,37,True
"*Tak Cuma Bangun Pabrik Kaca di Pulau Rempang, Konglomerat China Ini Bakal Ekspor Pasir*  Klik di-sini: https://t.co/UEv179qjFD *_Investor pendatang mana mau hilang kesempatan, apa aja bisa jadi uang disikatnya_*",,id,"Tak Cuma Bangun Pabrik Kaca di Pulau Rempang, Konglomerat China Ini Bakal Ekspor Pasir   Klik di-sini  https   t.co UEv179qjFD  _Investor pendatang mana mau hilang kesempatan, apa aja bisa jadi uang disikatnya_",False,27,True
Belanda saja bisa diusir setelah ratusan tahun menjajah Apa lagi cuma Jokowi yg baru 10 th memimpin . Pertahankan rempang dengan darah dan nyawa https://t.co/p7tFh4BBSB,,id,Belanda saja bisa diusir setelah ratusan tahun menjajah Apa lagi cuma Jokowi yg baru 10 th memimpin . Pertahankan rempang dengan darah dan nyawa https   t.co p7tFh4BBSB,False,25,True
"Bermula dari Pulau Komodo, ada PSN dan penduduk Laboan bajo yg sdh menghuni ratusan tahun, digusur dan direlokasi yg membuat mati pencaharian mereka. Sekarang Rempang. Masih mau lanjut rezim @jokowi ?https://t.co/gy9N2b2MyU",,id,"Bermula dari Pulau Komodo, ada PSN dan penduduk Laboan bajo yg sdh menghuni ratusan tahun, digusur dan direlokasi yg membuat mati pencaharian mereka. Sekarang Rempang. Masih mau lanjut rezim @jokowi ?https   t.co gy9N2b2MyU",False,32,True
"Bahlil berbohong  Ombusman datang ke Rempang tdk ada rakyat yg mau di pindah kan   Clear yaa kebohongan Bahlil,   Menurut kepolisian kl berbohong didepan publik dapat dikenai hukuman 10th,  Bgmn dgn kasus bahlil yg berbohong?  https://t.co/0caviJtZH7",,id,"Bahlil berbohong  Ombusman datang ke Rempang tdk ada rakyat yg mau di pindah kan   Clear yaa kebohongan Bahlil,   Menurut kepolisian kl berbohong didepan publik dapat dikenai hukuman 10th,  Bgmn dgn kasus bahlil yg berbohong?  https   t.co 0caviJtZH7",False,36,True
"HATI...HATI  ADA  YG DATANG  KE REMPANG , IBU  KOTA  BARU  ATAU WADAS ,  DUA   KAPAL   SEP .INI  👇🏼 BACA  ! 👓 👇🏼  JAGA🤺  TANAH AIR 🇲🇨 KITA DARI  KESERAKAHAN   SI PHIT  THUNG  ! ☹️",,de,"HATI...HATI  ADA  YG DATANG  KE REMPANG , IBU  KOTA  BARU  ATAU WADAS ,  DUA   KAPAL   SEP .INI   BACA  !    JAGA   TANAH AIR  KITA DARI  KESERAKAHAN   SI PHIT  THUNG  !",False,25,True
"Bahlil Kawal Investasi  Rempang Eco City dengan cara merangkul warga sekitar melalui pendekatan humanis, untuk mendukung investasi ini #HIPMIRempang siap berkolaborasi dengan pemerintah untuk meningkatkan keterampilan warga Rempang lewat pelatihan https://t.co/kwRYfOU0gm",,id,"Bahlil Kawal Investasi  Rempang Eco City dengan cara merangkul warga sekitar melalui pendekatan humanis, untuk mendukung investasi ini #HIPMIRempang siap berkolaborasi dengan pemerintah untuk meningkatkan keterampilan warga Rempang lewat pelatihan https   t.co kwRYfOU0gm",False,32,True
"@tvOneNews Sudah kuduga kan, terus selidiki dan di hukum mati, , , terimakasih warga rempang telah melindungi tanah kelahiran Indonesia di rempang, perjuangan mu tidaklah sia-sia insyaallah dilindungi",,id,"@tvOneNews Sudah kuduga kan, terus selidiki dan di hukum mati, , , terimakasih warga rempang telah melindungi tanah kelahiran Indonesia di rempang, perjuangan mu tidaklah sia-sia insyaallah dilindungi",False,25,True
"@jokowi Mengheningkan cipta. Mudah2n jokowi cepat lengser, Dan cepat di ganti PAK ANIS, Agar kegaduhan di REMPANG dan kalimantan cepat selesai, Dan para korupsi bersih dari negara indonesia, Dan biar gk ada lagi kebohongan/ cawe-cawe, rakyatx yg lemah di tindas dan yg membela di pnjara https://t.co/qRf7CqwY0K",,id,"@jokowi Mengheningkan cipta. Mudah2n jokowi cepat lengser, Dan cepat di ganti PAK ANIS, Agar kegaduhan di REMPANG dan kalimantan cepat selesai, Dan para korupsi bersih dari negara indonesia, Dan biar gk ada lagi kebohongan  cawe-cawe, rakyatx yg lemah di tindas dan yg membela di pnjara https   t.co qRf7CqwY0K",False,46,True
"Rempang Eco City akan mendatangkan banyak investasi dari berbagai belahan dunia, sehingga lapangan pekerjaan pun akan dibuka dengan sangat luas kepada warga sekitar.  Bahlil Kawal Investasi  #HIPMIRempang",,id,"Rempang Eco City akan mendatangkan banyak investasi dari berbagai belahan dunia, sehingga lapangan pekerjaan pun akan dibuka dengan sangat luas kepada warga sekitar.  Bahlil Kawal Investasi  #HIPMIRempang",False,27,True
Panglima Pajaji abal-abal wkwkw. GELAR PANGLIMA itu buat mereka yang memikirkan rakyatnya !!! bukan cari panggung wkwk. WASPADA !!! Panglima Pajaji cuma cari panggung lewat rempang #rempang #carimuka https://t.co/dO7PHBJ86i,,id,Panglima Pajaji abal-abal wkwkw. GELAR PANGLIMA itu buat mereka yang memikirkan rakyatnya !!! bukan cari panggung wkwk. WASPADA !!! Panglima Pajaji cuma cari panggung lewat rempang #rempang #carimuka https   t.co dO7PHBJ86i,False,27,True
@nashirr27 @DivHumas_Polri @addtaufiq @AhlulQohwah @Aryprasetyo85 @03__nakula @007koteka @ilmi_roudhotul @tolakbigotnkri @MangJamet @seeksixsuck @Paltiwest Smoga ditangkapin saja orng orng yg mencoba memanfaatkan isu Rempang demi organisasi terlarangnya HTI dpat eksis kembali,,id,@nashirr27 @DivHumas_Polri @addtaufiq @AhlulQohwah @Aryprasetyo85 @03__nakula @007koteka @ilmi_roudhotul @tolakbigotnkri @MangJamet @seeksixsuck @Paltiwest Smoga ditangkapin saja orng orng yg mencoba memanfaatkan isu Rempang demi organisasi terlarangnya HTI dpat eksis kembali,False,26,True
HIPMI Memastikan kesejahteraan masyarakat akan meningkat dengan adanya investasi Rempang Eco City dan siap mendukung dan mensukseskan investasi Rempang Eco city. @ridwankamil @detikhot @FiersaBesari  Bahlil Kawal Investasi #HIPMIRempang Baca selengkapnya:  https://t.co/k6uE0SCecw,,id,HIPMI Memastikan kesejahteraan masyarakat akan meningkat dengan adanya investasi Rempang Eco City dan siap mendukung dan mensukseskan investasi Rempang Eco city. @ridwankamil @detikhot @FiersaBesari  Bahlil Kawal Investasi #HIPMIRempang Baca selengkapnya   https   t.co k6uE0SCecw,False,32,True
"FAKTA REMPANG.. Sampai detik ini warga Rempang yg terdiri 16kampung Tua berpenduduk 17,600jiwa masih MENOLAK adanya relokasi yg dijanjikan bahlil, BP Batam sendiri kabarnya tidak punya HPL apapun itu PSN yg dikerjakan dgn tdk transparan rakyatlah korbannya !! https://t.co/c3pxgM3DuO",,id,"FAKTA REMPANG.. Sampai detik ini warga Rempang yg terdiri 16kampung Tua berpenduduk 17,600jiwa masih MENOLAK adanya relokasi yg dijanjikan bahlil, BP Batam sendiri kabarnya tidak punya HPL apapun itu PSN yg dikerjakan dgn tdk transparan rakyatlah korbannya !! https   t.co c3pxgM3DuO",False,38,True
Bahlil Kawal Investasi di Pulau Rempang dan Juga ingin memanjukan UMKM lokal di pulau tersebut krn dg akan menarik investor yh bs menaikkan ekonomi di pulau tersebut #HIPMIRempang https://t.co/S23wkwSrqg,,id,Bahlil Kawal Investasi di Pulau Rempang dan Juga ingin memanjukan UMKM lokal di pulau tersebut krn dg akan menarik investor yh bs menaikkan ekonomi di pulau tersebut #HIPMIRempang https   t.co S23wkwSrqg,False,30,True
Tetap kawal saudara saudara kita di Seruyan dan Rempang yang sedang berjuang memperjuangkan HAK mereka........  Jangan sampai Memikirkan Negara Lain lupa memikirkan nasib negara sendiri.....,,id,Tetap kawal saudara saudara kita di Seruyan dan Rempang yang sedang berjuang memperjuangkan HAK mereka........  Jangan sampai Memikirkan Negara Lain lupa memikirkan nasib negara sendiri.....,False,25,True
"Rabu,4 okt 2023 Baiq.S.Rini Luhkan Kab Kukar.KUB Bunga Tanjung Desa Tanjung Batuq Harapan Kec Muara Muntai,panen ikan rempang/ kendia sebanyak https://t.co/DliTDfBfqf dengan Harga Rp 15.000. #GiatluhkanSatmingkalTegal #panen #Luhlapor https://t.co/z3htcr0Qyl",,id,"Rabu,4 okt 2023 Baiq.S.Rini Luhkan Kab Kukar.KUB Bunga Tanjung Desa Tanjung Batuq Harapan Kec Muara Muntai,panen ikan rempang  kendia sebanyak https   t.co DliTDfBfqf dengan Harga Rp 15.000. #GiatluhkanSatmingkalTegal #panen #Luhlapor https   t.co z3htcr0Qyl",False,28,True
"Beredar hoaks atau berita bohong ditengah pemerintah tengah melakukan upaya relokasi di Pulau Rempang. Informasi hoaks disebarkan oleh pihak tak bertanggung jawab, melalui pesan singkat di media sosial WhatsApp.  https://t.co/ZoPZUp045R",,id,"Beredar hoaks atau berita bohong ditengah pemerintah tengah melakukan upaya relokasi di Pulau Rempang. Informasi hoaks disebarkan oleh pihak tak bertanggung jawab, melalui pesan singkat di media sosial WhatsApp.  https   t.co ZoPZUp045R",False,31,True
PERGESERAN WARGA REMPANG KE TEMPAT RELOKASI SEMENTARA  @Li9ayaTalaChes4  Cawapres Panas Yusril Argo Semeru Ketua MK Islamophobic Citra Body Serum Dokter Jogja Mahasiswa UNS Paman #MakinEnek sohee Salma Salsabil BPJS Kesehatan Menteri Hukum Bekasi #NKRIMembangun #Rempang https://t.co/MnSeW05DII,,id,PERGESERAN WARGA REMPANG KE TEMPAT RELOKASI SEMENTARA  @Li9ayaTalaChes4  Cawapres Panas Yusril Argo Semeru Ketua MK Islamophobic Citra Body Serum Dokter Jogja Mahasiswa UNS Paman #MakinEnek sohee Salma Salsabil BPJS Kesehatan Menteri Hukum Bekasi #NKRIMembangun #Rempang https   t.co MnSeW05DII,False,37,True
@tempodotco Ditanya soal Rempang hal kayak gitu kog sampai presiden yang urusin. Giliran ditanya utang  tanya ke menteri. Lah jadi tugas mu sebagai presiden apa cuma gunting pita selfie. Bagi2 sertifikat. Lempar kaos. Memang manusia betul yang tidak ada kualitas nya. Kalibrasi itu ga sampai,,id,@tempodotco Ditanya soal Rempang hal kayak gitu kog sampai presiden yang urusin. Giliran ditanya utang  tanya ke menteri. Lah jadi tugas mu sebagai presiden apa cuma gunting pita selfie. Bagi2 sertifikat. Lempar kaos. Memang manusia betul yang tidak ada kualitas nya. Kalibrasi itu ga sampai,False,45,True
"Tumbuhkan investasi, bangun masa depan! HIPMI mengucapkan terima kasih kepada Menteri Bahlil yang aktif mengawal proyek Rempang Eco Park. https://t.co/bqyjh67gOU  Bahlil Kawal Investasi #HIPMIRempang",,id,"Tumbuhkan investasi, bangun masa depan! HIPMI mengucapkan terima kasih kepada Menteri Bahlil yang aktif mengawal proyek Rempang Eco Park. https   t.co bqyjh67gOU  Bahlil Kawal Investasi #HIPMIRempang",False,25,True
"@hc_poirot Bahlil mundur... yg lebih bahlul bakal maju dan pada akhirnya..., REMPANG lah yg tetap akan terusir. Bos si bahlil sih yg harus agak di tekan biar otak nya ada nge belain Rempang   #rempang",,id,"@hc_poirot Bahlil mundur... yg lebih bahlul bakal maju dan pada akhirnya..., REMPANG lah yg tetap akan terusir. Bos si bahlil sih yg harus agak di tekan biar otak nya ada nge belain Rempang   #rempang",False,33,True
BANDARA BARU DIKERJAKAN HANYA SETAHUN??? BAGAI CERITERA DONGENG KARENA AMDAL &amp  BERBAGAI KEGIATAN SEPERTI PEMBEBASAN LAHAN UNTUK MEMBANGUN INFRSTRUKTUR BUTUH WAKTU PANJANG SEBELUM PEMBANGUNAN DIMULAI. ATAUKAH GAYA PROYEK REMPANG AKAN DIGUNAKAN??? @myputun https://t.co/XpVDPV9mjS,,de,BANDARA BARU DIKERJAKAN HANYA SETAHUN??? BAGAI CERITERA DONGENG KARENA AMDAL  amp  BERBAGAI KEGIATAN SEPERTI PEMBEBASAN LAHAN UNTUK MEMBANGUN INFRSTRUKTUR BUTUH WAKTU PANJANG SEBELUM PEMBANGUNAN DIMULAI. ATAUKAH GAYA PROYEK REMPANG AKAN DIGUNAKAN??? @myputun https   t.co XpVDPV9mjS,False,34,True
@RagilSemar Andai warga Rempang dipaksa digusur sm pemerintah preman. Pengen sih semua rakyat kompak untuk turunkan pemerintah. Bodo amat mau dikatakan negara preman. Dulu para pejuang jg dikatakan sbg extrimis sm belanda &amp  sekarang kita katakan belanda sbg penjajah. Cc @bahlillahadalia,,id,@RagilSemar Andai warga Rempang dipaksa digusur sm pemerintah preman. Pengen sih semua rakyat kompak untuk turunkan pemerintah. Bodo amat mau dikatakan negara preman. Dulu para pejuang jg dikatakan sbg extrimis sm belanda  amp  sekarang kita katakan belanda sbg penjajah. Cc @bahlillahadalia,False,41,True
Dengan konsisitennya pemerintah dalam membangun Eco City HIMPI memberi dukungan dan ingin mengawal bersama demi keberlangsungn ekonomi Rempang  @bahlillahadalia   Bahlil Kawal Investasi  #HIPMIRempang https://t.co/osQQVB7zty,,id,Dengan konsisitennya pemerintah dalam membangun Eco City HIMPI memberi dukungan dan ingin mengawal bersama demi keberlangsungn ekonomi Rempang  @bahlillahadalia   Bahlil Kawal Investasi  #HIPMIRempang https   t.co osQQVB7zty,False,25,True
Tim bantuan hukum yang tergabung dalam Solidaritas Nasional untuk Rempang mengajukan penangguhan penahanan untuk 28 warga yang ditahan terkait kerusuhan yang terjadi di Gedung Badan Pengusahaan (BP) Batam pada 11 September 2023 lalu.  https://t.co/nqLYYRGDKq https://t.co/AeNdbpF9H4,,id,Tim bantuan hukum yang tergabung dalam Solidaritas Nasional untuk Rempang mengajukan penangguhan penahanan untuk 28 warga yang ditahan terkait kerusuhan yang terjadi di Gedung Badan Pengusahaan  BP  Batam pada 11 September 2023 lalu.  https   t.co nqLYYRGDKq https   t.co AeNdbpF9H4,False,37,True
"Dengan seiringnya waktu langkah ini terus berprogres secara aktif karena Pak Bahlil cukup memprioritaskan rempang city,patut kota berikan apresiasi untuknya. Bahlil Kawal Investasi #HIPMIRempang @KompasTV  @tvOneNews https://t.co/moZymAJ4QF",,id,"Dengan seiringnya waktu langkah ini terus berprogres secara aktif karena Pak Bahlil cukup memprioritaskan rempang city,patut kota berikan apresiasi untuknya. Bahlil Kawal Investasi #HIPMIRempang @KompasTV  @tvOneNews https   t.co moZymAJ4QF",False,29,True
@floreskekinian2 @MataNajwa @tvOneNews @karniilyas Pasti dukung dong. Dengan terlibatnya masyarakat Rempang pasti semua akan terwujud Rempang Aman dan juga damai dengan berhasilnya proyek ini  #DukungBahlil,,id,@floreskekinian2 @MataNajwa @tvOneNews @karniilyas Pasti dukung dong. Dengan terlibatnya masyarakat Rempang pasti semua akan terwujud Rempang Aman dan juga damai dengan berhasilnya proyek ini  #DukungBahlil,False,25,True
"@WilliamGuido3 @kumparan Dia mah kerja digaji ratusan juta bukan berkorban, lihat hasilnya warga rempang tergusur. Kl berkorban ky' pahlawan kemerdekaan sm korban G30/SPKi, TKI/TKW noh br disebut berkorban",,id,"@WilliamGuido3 @kumparan Dia mah kerja digaji ratusan juta bukan berkorban, lihat hasilnya warga rempang tergusur. Kl berkorban ky  pahlawan kemerdekaan sm korban G30 SPKi, TKI TKW noh br disebut berkorban",False,30,True
"Menko Perekonomian Airlangga Hartarto, mengunjungi warga dan terbuka menerima aspirasi - aspirasi yang disampaikan masyarakat di wilayah pulau rempang.  #airlanggahartarto #golkarindonesia #pulaurempang #polemikrempang #Rempang #batam #EKONOMİ #indonesiamaju #Jokowi #prabowo https://t.co/hiNv2Hr5r6",,id,"Menko Perekonomian Airlangga Hartarto, mengunjungi warga dan terbuka menerima aspirasi - aspirasi yang disampaikan masyarakat di wilayah pulau rempang.  #airlanggahartarto #golkarindonesia #pulaurempang #polemikrempang #Rempang #batam #EKONOMİ #indonesiamaju #Jokowi #prabowo https   t.co hiNv2Hr5r6",False,29,True
"investasi Rempang ini akan berjalan sesuai harapan, berdampak positif bagi perekonomian nasional dan daerah, serta bisa membawa kesejahteraan bagi masyarakat sekitar. Bahlil Kawal Investasi  #HIPMIRempang",,id,"investasi Rempang ini akan berjalan sesuai harapan, berdampak positif bagi perekonomian nasional dan daerah, serta bisa membawa kesejahteraan bagi masyarakat sekitar. Bahlil Kawal Investasi  #HIPMIRempang",False,25,True
"Kami yakin Bahlil Kawal Investasi #HIPMIRempang akan sukses, memberi berkah bagi ekonomi nasional, daerah, dan kesejahteraan masyarakat sekitar. Masa depan cerah di Rempang https://t.co/MAx8hgczLB",,id,"Kami yakin Bahlil Kawal Investasi #HIPMIRempang akan sukses, memberi berkah bagi ekonomi nasional, daerah, dan kesejahteraan masyarakat sekitar. Masa depan cerah di Rempang https   t.co MAx8hgczLB",False,25,True
@temponewsroom Presiden harus berani..tidak mau diatur negara lain.. Lah itu Rempang.. kok manut sama cina Lah IKN kok nurut teken hgu 190 thn.. Kereta cepat hrs pke Apbn.. kok nurut ja.. dimana beraninya ??,,id,@temponewsroom Presiden harus berani..tidak mau diatur negara lain.. Lah itu Rempang.. kok manut sama cina Lah IKN kok nurut teken hgu 190 thn.. Kereta cepat hrs pke Apbn.. kok nurut ja.. dimana beraninya ??,False,34,True
@tvOneNews Kalo Benar Pernyataan Wako Batam EX-OFFICIO Kepala BP bahwa Relokasi RAKYAT Rempang dibatalkan maka : 1. Segera Lepaskan RAKYAT Rempang &amp  Batam Yg masih ditahan di Polresta Barelang 2. Segera Proses JANJI Jokowi urus Sertifikat  RAKYAT Rempang atau Wako Batam cuma PEMBOHONG BESAR,,id,@tvOneNews Kalo Benar Pernyataan Wako Batam EX-OFFICIO Kepala BP bahwa Relokasi RAKYAT Rempang dibatalkan maka   1. Segera Lepaskan RAKYAT Rempang  amp  Batam Yg masih ditahan di Polresta Barelang 2. Segera Proses JANJI Jokowi urus Sertifikat  RAKYAT Rempang atau Wako Batam cuma PEMBOHONG BESAR,False,40,True
"terima kasih kami ucapkan kpd bapak Kabaintelkam Polri yang telah mberikan bantuan sembako kpd kami, warga relokasi Rempang Batam... nyokap Dedi, istri Bapak Dedi Yunhar... Hamas Gaza Hujan https://t.co/FqPXgFa6Tj https://t.co/9coSzaRbbz",,id,"terima kasih kami ucapkan kpd bapak Kabaintelkam Polri yang telah mberikan bantuan sembako kpd kami, warga relokasi Rempang Batam... nyokap Dedi, istri Bapak Dedi Yunhar... Hamas Gaza Hujan https   t.co FqPXgFa6Tj https   t.co 9coSzaRbbz",False,32,True
Bergerak maju bersama investasi! HIPMI mengucapkan terima kasih kepada Menteri Bahlil yang dengan penuh dedikasi mengawal proyek Rempang Eco Park. @PDI_Perjuangan  Bahlil Kawal Investasi #HIPMIRempang https://t.co/x5ZeWQjxXH,,id,Bergerak maju bersama investasi! HIPMI mengucapkan terima kasih kepada Menteri Bahlil yang dengan penuh dedikasi mengawal proyek Rempang Eco Park. @PDI_Perjuangan  Bahlil Kawal Investasi #HIPMIRempang https   t.co x5ZeWQjxXH,False,26,True
"@DokterTifa Makanya....ayo Rempang jangan menyerah...lawan semua kebathilan yg terjadi, adalah Hak kalian yg sudah turun temurun menempati pulau itu Kami turut berdoa untuk kebaikan dan kemenangan kalia... Semangaaat....💪",,id,"@DokterTifa Makanya....ayo Rempang jangan menyerah...lawan semua kebathilan yg terjadi, adalah Hak kalian yg sudah turun temurun menempati pulau itu Kami turut berdoa untuk kebaikan dan kemenangan kalia... Semangaaat....",False,30,True
@Stev3n_Peg3l Kondisi Rempang update   Sekarang datang dari PT MEG..besok Dateng lagi dari  PT MUG besoknya lagi Dateng dari PT MAG....  Yg punya Proyek xinyi 1 orang lagi Bedrest  Yg 1 orangnya lagi sibuk cawe2 agar tetap jadi Politik Dinasty  Yg 1 orangnya lagi asik nari2 pesta2,,id,@Stev3n_Peg3l Kondisi Rempang update   Sekarang datang dari PT MEG..besok Dateng lagi dari  PT MUG besoknya lagi Dateng dari PT MAG....  Yg punya Proyek xinyi 1 orang lagi Bedrest  Yg 1 orangnya lagi sibuk cawe2 agar tetap jadi Politik Dinasty  Yg 1 orangnya lagi asik nari2 pesta2,False,43,True
"@Ronnie_Rusli jadi disini XinYi dipakai sebagai Pion saja,  karena memang bukan tujuannya bikin industri kaca di Rempang sana ?  apa itu karenanya yang MoU yang disebut2 oleh Bahlil bukan dengan pabrikan Kaca China yang benar2 masuk dalam 10 besar Industri kaca Dunia seperti China Glass…",,id,"@Ronnie_Rusli jadi disini XinYi dipakai sebagai Pion saja,  karena memang bukan tujuannya bikin industri kaca di Rempang sana ?  apa itu karenanya yang MoU yang disebut2 oleh Bahlil bukan dengan pabrikan Kaca China yang benar2 masuk dalam 10 besar Industri kaca Dunia seperti China Glass",False,43,True
"Kebohongan Pejabat di Era Jokowi : agar mendapatkan cuan, jual negara berkedok INVESTASI, sampai bawa warga luar Rempang utk tanda tangan sb tanda setuju utk direlokasi dgn mengatas namakan warga Rempang-Galang.  Licik.... Picik.... Culas.... https://t.co/xcZ3zVOzzz",,id,"Kebohongan Pejabat di Era Jokowi   agar mendapatkan cuan, jual negara berkedok INVESTASI, sampai bawa warga luar Rempang utk tanda tangan sb tanda setuju utk direlokasi dgn mengatas namakan warga Rempang-Galang.  Licik.... Picik.... Culas.... https   t.co xcZ3zVOzzz",False,34,True
"@Naz_lira Abu janda bacot Lo tuh sok belain Yahudi...  Lo ikut aja jadi Relawan Perang Israel, berani ngak,jgn sok jdi Pahlawan utk orang Yahudi...  Di Indonesia aja Rakyat Rempang lagi di Zholimi oleh Rezim, knp ngak Lo belain,knp hrs Negara Israel yg Lo belain",,id,"@Naz_lira Abu janda bacot Lo tuh sok belain Yahudi...  Lo ikut aja jadi Relawan Perang Israel, berani ngak,jgn sok jdi Pahlawan utk orang Yahudi...  Di Indonesia aja Rakyat Rempang lagi di Zholimi oleh Rezim, knp ngak Lo belain,knp hrs Negara Israel yg Lo belain",False,45,True
"@geloraco Kenapa Jadi Begitu.? Kalau Dikaji Pemerintah Sendiri Yg Salah Tanpa Memberitahu Secara Jelas SebelumX Kepada Masyarakat Rempang. Jadi Kalau Terjadi Gejolak Setelah Itu, Itu Disebabkan Ulah Pemerintah Juga Yg SebelumX Yg Tidak Memberi Tahu Secara Jelas Kepada Masyarakat Rempang.",,id,"@geloraco Kenapa Jadi Begitu.? Kalau Dikaji Pemerintah Sendiri Yg Salah Tanpa Memberitahu Secara Jelas SebelumX Kepada Masyarakat Rempang. Jadi Kalau Terjadi Gejolak Setelah Itu, Itu Disebabkan Ulah Pemerintah Juga Yg SebelumX Yg Tidak Memberi Tahu Secara Jelas Kepada Masyarakat Rempang.",False,39,True
Bahlil Kawal Investasi Rempang dengan melakukan pendekatan secara humanis yg membuat warga mau sedikit demi sedikit mengikuti pemerintah untuk pindah ke tempat baru #HIPMIRempang https://t.co/pTRQGpJ6vr,,id,Bahlil Kawal Investasi Rempang dengan melakukan pendekatan secara humanis yg membuat warga mau sedikit demi sedikit mengikuti pemerintah untuk pindah ke tempat baru #HIPMIRempang https   t.co pTRQGpJ6vr,False,26,True
"terima kasih kmi ucapkan kepada bapak Kabaintelkam Polri yg telah memberikan bantuan sembako kepada kmi, wrga relokasi Rempang Batam... ibuk Dedi, isteri Bapak Dedi Yunhar... Hamas Gaza Hujan https://t.co/GHWnHUnHRX https://t.co/K1cbS5Ryd4",,id,"terima kasih kmi ucapkan kepada bapak Kabaintelkam Polri yg telah memberikan bantuan sembako kepada kmi, wrga relokasi Rempang Batam... ibuk Dedi, isteri Bapak Dedi Yunhar... Hamas Gaza Hujan https   t.co GHWnHUnHRX https   t.co K1cbS5Ryd4",False,32,True
"Rempang Eco City adalah cerita nyata tentang perubahan positif. Bersama Hipmi dan Menteri Bahlil Lahadalia, kami melangkah maju, membangun komunitas yang kuat dan mandiri. Bahlil Kawal Investasi #HIPMIRempang https://t.co/hLaTKHvEEB",,id,"Rempang Eco City adalah cerita nyata tentang perubahan positif. Bersama Hipmi dan Menteri Bahlil Lahadalia, kami melangkah maju, membangun komunitas yang kuat dan mandiri. Bahlil Kawal Investasi #HIPMIRempang https   t.co hLaTKHvEEB",False,30,True
"@VIVAcoid Tuan putri sibuk amat, amat sj gak sibuk urus Rempang, dan kekacauan di Kalimantan. Yg mana abdi negara nembak rakyat jelata. Urus negerimu yg amburadul, stelah beres baru bs urus negara laen",,id,"@VIVAcoid Tuan putri sibuk amat, amat sj gak sibuk urus Rempang, dan kekacauan di Kalimantan. Yg mana abdi negara nembak rakyat jelata. Urus negerimu yg amburadul, stelah beres baru bs urus negara laen",False,33,True
"@narkosun Rempang itu jelas proyek titipan,krn dijadikan mangkrak slama 18 tahun dan br april 2023 dijadikan PSN stlh ada pertrmuan TW DGN MENKO PEREKONOMIAN AIR LANGGA",,id,"@narkosun Rempang itu jelas proyek titipan,krn dijadikan mangkrak slama 18 tahun dan br april 2023 dijadikan PSN stlh ada pertrmuan TW DGN MENKO PEREKONOMIAN AIR LANGGA",False,27,True
"Itu kamu dan circle mu kali Rim.. Gwe ngga gitu.. Banyak temen gwe ga gitu.. Dulu waktu kasus Ahmadiyah, gw jg bersuara. Kasus Benoa, gwe jg bersuara. Kasus bukit duri, rempang &amp  kalbar, gwe bersuara. Elu dan circle lu kyknya yg malah ga pernah nyenggol kasus kasus seperti itu.",,id,"Itu kamu dan circle mu kali Rim.. Gwe ngga gitu.. Banyak temen gwe ga gitu.. Dulu waktu kasus Ahmadiyah, gw jg bersuara. Kasus Benoa, gwe jg bersuara. Kasus bukit duri, rempang  amp  kalbar, gwe bersuara. Elu dan circle lu kyknya yg malah ga pernah nyenggol kasus kasus seperti itu.",False,49,True
@RizkiAsihan 😀😀😀😀terus yg rampas tanah rempang loe sebut opo urus aja konflik dlm negri ingat byk tanah rakyat di Indonesia dirampas krn telah dijual ke negara lain terutama ke china,,id,@RizkiAsihan terus yg rampas tanah rempang loe sebut opo urus aja konflik dlm negri ingat byk tanah rakyat di Indonesia dirampas krn telah dijual ke negara lain terutama ke china,False,30,True
"DPR KALIAN GAWE YG BENER JGN MAU DIKIBULIN SAMA SI BAHLIL, RAKYAT REMPANG TDK MAU DIUSIR, REMPANG TANAH LELUHURNYA,  WAJIB DIPERTAHANKAN SBG CAGAR BUDAYA MELAYU https://t.co/dm1OOLWE6J",,de,"DPR KALIAN GAWE YG BENER JGN MAU DIKIBULIN SAMA SI BAHLIL, RAKYAT REMPANG TDK MAU DIUSIR, REMPANG TANAH LELUHURNYA,  WAJIB DIPERTAHANKAN SBG CAGAR BUDAYA MELAYU https   t.co dm1OOLWE6J",False,27,True
"“Mereka yang saat ini ditahan akibat kejadian 11 September 2023 tsb karena wujud solidaritas untuk warga #Rempang. Upaya penangguhan atau pengalihan jenis penahanan ini juga merupakan langkah hukum yang diatur dalam undang-undang,”-- LBH Mawar Saron Batam  https://t.co/ezF1vbBnTs",,id,"Mereka yang saat ini ditahan akibat kejadian 11 September 2023 tsb karena wujud solidaritas untuk warga #Rempang. Upaya penangguhan atau pengalihan jenis penahanan ini juga merupakan langkah hukum yang diatur dalam undang-undang, -- LBH Mawar Saron Batam  https   t.co ezF1vbBnTs",False,37,True
"@IND0_Update @MataNajwa @Metro_TV @tvOneNews Apresiasi tinggi untuk Dukung Investasi dan HIPMI yang mendukung proyek Rempang Eco Park. Langkah ini tidak hanya menciptakan peluang investasi, tetapi juga memperkuat pelestarian alam. Bahlil Kawal Investasi #HIPMIRempang",,id,"@IND0_Update @MataNajwa @Metro_TV @tvOneNews Apresiasi tinggi untuk Dukung Investasi dan HIPMI yang mendukung proyek Rempang Eco Park. Langkah ini tidak hanya menciptakan peluang investasi, tetapi juga memperkuat pelestarian alam. Bahlil Kawal Investasi #HIPMIRempang",False,31,True
DPR mengakui partisipasi masyarakat dalam proyek eco city yang dipimpin oleh pak Bahlil. Kolaborasi yang positif untuk mencapai pembangunan yang inklusif dan berkesinambungan Rempang Aman #DukungBahlil https://t.co/CDtuNGqErY,,id,DPR mengakui partisipasi masyarakat dalam proyek eco city yang dipimpin oleh pak Bahlil. Kolaborasi yang positif untuk mencapai pembangunan yang inklusif dan berkesinambungan Rempang Aman #DukungBahlil https   t.co CDtuNGqErY,False,28,True
"Hipmi berkomitmen untuk mendukung investasi Rempang Eco City dengan membantu meningkatkan keterampilan warga. Kolaborasi kami dengan pemerintah adalah kunci kesuksesan, membuka jalan bagi kemajuan bersama. Bahlil Kawal Investasi #HIPMIRempang https://t.co/eZlG0ZVwPR",,id,"Hipmi berkomitmen untuk mendukung investasi Rempang Eco City dengan membantu meningkatkan keterampilan warga. Kolaborasi kami dengan pemerintah adalah kunci kesuksesan, membuka jalan bagi kemajuan bersama. Bahlil Kawal Investasi #HIPMIRempang https   t.co eZlG0ZVwPR",False,31,True
DPR Minta Bahlil Lahadalia dan Muhammad Rudi Selesaikan Konflik Rempang secara Humanis  Selasa Whoosh APBN Prabowo Takut Debat Fraksi PKS Macan Dear J Kades Laos Amanda Manopo Jodie Hamil Miftah Denny Caknan Enzy #AniesMuhaimin2024 #TembakauDizalimi https://t.co/tPjW2Tc7Km,,id,DPR Minta Bahlil Lahadalia dan Muhammad Rudi Selesaikan Konflik Rempang secara Humanis  Selasa Whoosh APBN Prabowo Takut Debat Fraksi PKS Macan Dear J Kades Laos Amanda Manopo Jodie Hamil Miftah Denny Caknan Enzy #AniesMuhaimin2024 #TembakauDizalimi https   t.co tPjW2Tc7Km,False,36,True
"@ricardo_bobby @SoftWarNews Dikira yg rebut rebutan cmn islam doang? Zaman dlu hal bgt dah lumrah, bhkan skrg jga masih brlaku. Jgn jauh2 ke amerika rebut dri indian, ausi dari aborigin, di rempang aja masih berlaku",,id,"@ricardo_bobby @SoftWarNews Dikira yg rebut rebutan cmn islam doang? Zaman dlu hal bgt dah lumrah, bhkan skrg jga masih brlaku. Jgn jauh2 ke amerika rebut dri indian, ausi dari aborigin, di rempang aja masih berlaku",False,34,True
DPR memberikan apresiasi tulus terhadap upaya pak Bahlil dalam merelokasi warga Rempang. Keputusan warga yang ikhlas dan tanpa paksaan menjadi pijakan penting bagi pertumbuhan ekonomi Rempang yang lebih baik #WargaDukung  Rempang Eco City https://t.co/9LPLPVWodx,,id,DPR memberikan apresiasi tulus terhadap upaya pak Bahlil dalam merelokasi warga Rempang. Keputusan warga yang ikhlas dan tanpa paksaan menjadi pijakan penting bagi pertumbuhan ekonomi Rempang yang lebih baik #WargaDukung  Rempang Eco City https   t.co 9LPLPVWodx,False,35,True
HIPMI melihat investasi Rempang sebagai langkah maju dalam membangun ekonomi yang inklusif dan berkelanjutan. Kami mendukung penuh inisiatif Menteri Investasi Bahlil Lahadalia dalam memastikan keberhasilan proyek ini. #HIPMIRempang Bahlil Kawal Investasi https://t.co/nqT8nkvSkg,,id,HIPMI melihat investasi Rempang sebagai langkah maju dalam membangun ekonomi yang inklusif dan berkelanjutan. Kami mendukung penuh inisiatif Menteri Investasi Bahlil Lahadalia dalam memastikan keberhasilan proyek ini. #HIPMIRempang Bahlil Kawal Investasi https   t.co nqT8nkvSkg,False,33,True
DPR memberikan penghargaan pada kinerja pak Bahlil yang melibatkan masyarakat dalam proyek eco city. Pembebasan lahan akan diurus dengan efisien Rempang Aman #DukungBahlil https://t.co/Be1YJJkjP5,,id,DPR memberikan penghargaan pada kinerja pak Bahlil yang melibatkan masyarakat dalam proyek eco city. Pembebasan lahan akan diurus dengan efisien Rempang Aman #DukungBahlil https   t.co Be1YJJkjP5,False,25,True
"@JimlyAs Bagusnya Prof sekali-kali ingatkan presiden supaya menepati janjinya sama masyarakat... Kan tidak ada visi menteri semua Visi presiden, IKN proyek tidak urgen, kcjb, terakhir Rempang. Bersuaralah Prof langsung ke jantung kekuasaan dan si menteri segala urusan....",,id,"@JimlyAs Bagusnya Prof sekali-kali ingatkan presiden supaya menepati janjinya sama masyarakat... Kan tidak ada visi menteri semua Visi presiden, IKN proyek tidak urgen, kcjb, terakhir Rempang. Bersuaralah Prof langsung ke jantung kekuasaan dan si menteri segala urusan....",False,36,True
"Dukung penuh Pak Menteri Bahlil Kawal Investasi, pengembangan Kawasan Rempang Eco-City menjadi kawasan ekonomi baru dan dapat menyerap tenaga kerja bahkan ribuan tenaga kerja. #HIPMIRempang @ganjarpranowo @prabowo @anies",,id,"Dukung penuh Pak Menteri Bahlil Kawal Investasi, pengembangan Kawasan Rempang Eco-City menjadi kawasan ekonomi baru dan dapat menyerap tenaga kerja bahkan ribuan tenaga kerja. #HIPMIRempang @ganjarpranowo @prabowo @anies",False,27,True
@wujudaseli Wah parah lu bocil! Jangan sampai kata2 lu balik ke diri lu sendiri yaa!  Ttg warga rempang sebelum nya memang sudah mau buat direlokasi dg dikasih ganti untung kok. Tp ada penebar fitnah yg ksh info bohong mknya jd salah paham. Gitu lho!,,id,@wujudaseli Wah parah lu bocil! Jangan sampai kata2 lu balik ke diri lu sendiri yaa!  Ttg warga rempang sebelum nya memang sudah mau buat direlokasi dg dikasih ganti untung kok. Tp ada penebar fitnah yg ksh info bohong mknya jd salah paham. Gitu lho!,False,44,True
Buku Librari Ori - Mati Sebelum Mati Buka Kesadaran Hakiki https://t.co/Z9NL5KJalm WR 1 Dajjal Batik Air Rempang Kapolsek #AniesMuhaimin2024 Jenglot Miring #HongKongOpen2023 https://t.co/8PKAtKNVDQ https://t.co/6BwCe5aEGF,,id,Buku Librari Ori - Mati Sebelum Mati Buka Kesadaran Hakiki https   t.co Z9NL5KJalm WR 1 Dajjal Batik Air Rempang Kapolsek #AniesMuhaimin2024 Jenglot Miring #HongKongOpen2023 https   t.co 8PKAtKNVDQ https   t.co 6BwCe5aEGF,False,25,True
"Yg satu: Rakyat harus menang. Dukung tokoh perubahan.   Yg lain: Rakyat harus menang. Dukung tokoh lanjutan.  Jadi: IKN, Rempang, Wadas, KCIC, kebon singkong di lahan hutan... ini semua kemenangan rakyat?",,id,"Yg satu  Rakyat harus menang. Dukung tokoh perubahan.   Yg lain  Rakyat harus menang. Dukung tokoh lanjutan.  Jadi  IKN, Rempang, Wadas, KCIC, kebon singkong di lahan hutan... ini semua kemenangan rakyat?",False,30,True
"@13FreeStranger Hebat nian adik2 ini. Kita juga jadi paham, bedanya pemilik ijasah asli &amp  pemilik ijasah palsu. Pemilik ijasah asli ternyata menolak penggusuran/penggeseran warga Rempang. Beda bukan?! 😁",,id,"@13FreeStranger Hebat nian adik2 ini. Kita juga jadi paham, bedanya pemilik ijasah asli  amp  pemilik ijasah palsu. Pemilik ijasah asli ternyata menolak penggusuran penggeseran warga Rempang. Beda bukan?!",False,28,True
@DoankWarto Emang PDIP selama ini pakai etika politik?  Pakai moral?  Ngaku partai wong cilik fakta nya apa... Rempang dan masih banyak lainnya. PDIP semoga tidak memanen apa yg telah dikerjakannya.,,id,@DoankWarto Emang PDIP selama ini pakai etika politik?  Pakai moral?  Ngaku partai wong cilik fakta nya apa... Rempang dan masih banyak lainnya. PDIP semoga tidak memanen apa yg telah dikerjakannya.,False,30,True
keseriusan pemerintah kepada warga Rempang terlihat dari langkah-langkah konkret Pak Bahlil yang terus melakukan pendekatan dengan warga dengan cara melakukan kunjungan berulang kali ke Pulau Rempang. @bahlillahadalia  Bahlil Kawal Investasi  #HIPMIRempang https://t.co/eDPIigf1hX,,id,keseriusan pemerintah kepada warga Rempang terlihat dari langkah-langkah konkret Pak Bahlil yang terus melakukan pendekatan dengan warga dengan cara melakukan kunjungan berulang kali ke Pulau Rempang. @bahlillahadalia  Bahlil Kawal Investasi  #HIPMIRempang https   t.co eDPIigf1hX,False,32,True
"Spy bs amankan aset dn proyek nya dn opung yg sdg berjalan .Bgmn rempang pak @jokowi ,berantakan ya si @bahlillahadalia ,opung dah mamvus ituh,gak kenal uwong lg .",,id,"Spy bs amankan aset dn proyek nya dn opung yg sdg berjalan .Bgmn rempang pak @jokowi ,berantakan ya si @bahlillahadalia ,opung dah mamvus ituh,gak kenal uwong lg .",False,27,True
"HIPMI mendukung penuh pembangunan proyek Rempang Eco City, karena terdapat banyak manfaat yang akan dirasakan oleh Indonesia, khususnya warga di Pulau Rempang.  Bahlil Kawal Investasi #HIPMIRempang  @jpnncom  https://t.co/iFWRUtKFxQ",,id,"HIPMI mendukung penuh pembangunan proyek Rempang Eco City, karena terdapat banyak manfaat yang akan dirasakan oleh Indonesia, khususnya warga di Pulau Rempang.  Bahlil Kawal Investasi #HIPMIRempang  @jpnncom  https   t.co iFWRUtKFxQ",False,29,True
"Bapak2 komplek gue ngomongin kasus rempang sok iye banget “ekosistem iblis, orang iblis” gak ada argumentasi kuat kenapa iblis🤣  Semudah “feasibility study” dan “embezzlement” udah itu malah ngeluarin iblas iblis",,id,"Bapak2 komplek gue ngomongin kasus rempang sok iye banget  ekosistem iblis, orang iblis  gak ada argumentasi kuat kenapa iblis   Semudah  feasibility study  dan  embezzlement  udah itu malah ngeluarin iblas iblis",False,30,True
"@hc_poirot Nampaknya, Opsi Mundur itu lebih baik' dan Sangat Cocok Utk Pak Bahlil yang Bahlul....  Terimakasih, teman2 Anggota DPR RI, yg telah menyambung lidah bagi Saudara-saudaraku di Rempang-Batam. Semoga Proyek Investasi di Rempang-Batam di Batalkan...",,id,"@hc_poirot Nampaknya, Opsi Mundur itu lebih baik  dan Sangat Cocok Utk Pak Bahlil yang Bahlul....  Terimakasih, teman2 Anggota DPR RI, yg telah menyambung lidah bagi Saudara-saudaraku di Rempang-Batam. Semoga Proyek Investasi di Rempang-Batam di Batalkan...",False,31,True
@SammiSoh Lihat tampilannya sih kayanya stroke berat dan nggak ada harapan pulih. Akan begitu saja terus sampai tuhan memanggilnya. Lupakanlah niat mau membuldoser warga Rempang.,,id,@SammiSoh Lihat tampilannya sih kayanya stroke berat dan nggak ada harapan pulih. Akan begitu saja terus sampai tuhan memanggilnya. Lupakanlah niat mau membuldoser warga Rempang.,False,25,True
"@OposisiCerdas Tolong dipertegas, itu preman atau rakyat rempang yg berjuang untuk haknya terjebak terpancing bertindak anarkis??? Tolong dipertegas saat itu kapasitas pemerintahan untuk rakyat atau untuk oligarki?  Biarjelas,mana yg premannya,",,id,"@OposisiCerdas Tolong dipertegas, itu preman atau rakyat rempang yg berjuang untuk haknya terjebak terpancing bertindak anarkis??? Tolong dipertegas saat itu kapasitas pemerintahan untuk rakyat atau untuk oligarki?  Biarjelas,mana yg premannya,",False,31,True
"Masyarakat Rempang sudah mendukung Rempang EcoCity utk diteruskan, aspirasinya didengar &amp  mereka mendapat hak mereka, pak @bahlillahadalia jg akan kolaborasi buat pelatihan ke warga selama relokasi sementara, @detikcom Bahlil Kawal Investasi #HIPMIRempang  https://t.co/VNw2JiH9FP",,id,"Masyarakat Rempang sudah mendukung Rempang EcoCity utk diteruskan, aspirasinya didengar  amp  mereka mendapat hak mereka, pak @bahlillahadalia jg akan kolaborasi buat pelatihan ke warga selama relokasi sementara, @detikcom Bahlil Kawal Investasi #HIPMIRempang  https   t.co VNw2JiH9FP",False,34,True
Kita apresiasi langkah menteri @bahlillahadalia yg turun tangan mengawal proyek eco city dan selalu mengedepankan pendekatan humanis kepada warga rempang.  @jpnncom  @kompascom  Bahlil Kawal Investasi  #HIPMIRempang  https://t.co/MjPpWjSdrP,,id,Kita apresiasi langkah menteri @bahlillahadalia yg turun tangan mengawal proyek eco city dan selalu mengedepankan pendekatan humanis kepada warga rempang.  @jpnncom  @kompascom  Bahlil Kawal Investasi  #HIPMIRempang  https   t.co MjPpWjSdrP,False,28,True
"TEGAS! Soal Rempang, Muslim Arbi Desak Menteri Bahlil dan Panglima TNI Mundur  Selasa Siang Whoosh APBN Prabowo Takut Debat Dear J Kades Laos Perokok Amanda Manopo Congratulations Jennie Jodie Hamil Miftah Denny Caknan #AniesMuhaimin2024 #TembakauDizalimi https://t.co/4xOIHpm0mR",,id,"TEGAS! Soal Rempang, Muslim Arbi Desak Menteri Bahlil dan Panglima TNI Mundur  Selasa Siang Whoosh APBN Prabowo Takut Debat Dear J Kades Laos Perokok Amanda Manopo Congratulations Jennie Jodie Hamil Miftah Denny Caknan #AniesMuhaimin2024 #TembakauDizalimi https   t.co 4xOIHpm0mR",False,36,True
"@HusinShihab Husni, ga usah jauh2. Jawab dulu ini, pemerintah lewat Mentri Bahlil bilang proyek di Rempang sudah melakukan uji Amdal tetapi faktanya amdal baru mau dibahas. Ini kebohongan lho. Apa yg Anies sampaikan sudah media atau Jurnalis sampaikan juga. Pahami hoax itu apa. TOLOL",,id,"@HusinShihab Husni, ga usah jauh2. Jawab dulu ini, pemerintah lewat Mentri Bahlil bilang proyek di Rempang sudah melakukan uji Amdal tetapi faktanya amdal baru mau dibahas. Ini kebohongan lho. Apa yg Anies sampaikan sudah media atau Jurnalis sampaikan juga. Pahami hoax itu apa. TOLOL",False,44,True
"Proyek Strategis Nasional (PSN) Rempang Eco City bakal dibangun di Pulau Rempang dengan nilai investasi ratusan triliun rupiah. Nota kesepahaman itu ditandatangani Badan Pengusahaan Batam, Pemerintah Kota Batam, dan PT Makmur Elok Graha (MEG) pada 2004. #KonflikRempang…",,id,"Proyek Strategis Nasional  PSN  Rempang Eco City bakal dibangun di Pulau Rempang dengan nilai investasi ratusan triliun rupiah. Nota kesepahaman itu ditandatangani Badan Pengusahaan Batam, Pemerintah Kota Batam, dan PT Makmur Elok Graha  MEG  pada 2004. #KonflikRempang",False,37,True
@IND0_Update @MataNajwa @Metro_TV @tvOneNews HIPMI mengapresiasi peran Menteri Investasi Bahlil Lahadalia dalam pengawalan proyek Rempang Eco City. Keberhasilan investasi ini akan menciptakan lapangan pekerjaan dan memajukan ekonomi daerah. #HIPMIRempang Bahlil Kawal Investasi,,id,@IND0_Update @MataNajwa @Metro_TV @tvOneNews HIPMI mengapresiasi peran Menteri Investasi Bahlil Lahadalia dalam pengawalan proyek Rempang Eco City. Keberhasilan investasi ini akan menciptakan lapangan pekerjaan dan memajukan ekonomi daerah. #HIPMIRempang Bahlil Kawal Investasi,False,30,True
Saya selaku masyarakat Indonesia sangat mendukung pembangunan di Pulau rempang agar ke depan Pulau rempang semakin maju dan semakin sejahtera rakyatnya Bahlil Kawal Investasi  #HIPMIRempang,,id,Saya selaku masyarakat Indonesia sangat mendukung pembangunan di Pulau rempang agar ke depan Pulau rempang semakin maju dan semakin sejahtera rakyatnya Bahlil Kawal Investasi  #HIPMIRempang,False,25,True
"@anismatta Saya salut dan bangga terhadap Pak @prabowo yang simpatik terhadap Palestina,untuk itu di tahun 2024 saya akan tetap mendukung nya sepenuh hati untuk menjadi MenHan...  NB : KKB Papua dan Rempang...?",,id,"@anismatta Saya salut dan bangga terhadap Pak @prabowo yang simpatik terhadap Palestina,untuk itu di tahun 2024 saya akan tetap mendukung nya sepenuh hati untuk menjadi MenHan...  NB   KKB Papua dan Rempang...?",False,32,True
Same case rempang. Time rempang tgh panas out of nowhere media dorang naikkan isu ‘halo bandung’ padahal tgh ada konflik lagi teruk😂 and rakyatnya pon ikut sama la dungu lagi fokus kat isu ‘halo bandung’ dari isu rempang🤣 semudah itu je kena game dgn media sendiri🤣,,id,Same case rempang. Time rempang tgh panas out of nowhere media dorang naikkan isu  halo bandung  padahal tgh ada konflik lagi teruk and rakyatnya pon ikut sama la dungu lagi fokus kat isu  halo bandung  dari isu rempang  semudah itu je kena game dgn media sendiri,False,46,True
"@mohmahfudmd @RestyCayah bagaimana pernyataan bpk ttg plau rempang trsbt ketika 2022 investor dtg ternyata tanah trsebut sdh ditempati , kenyataannya masyarakat pulau rempang sdh menempati sblm indonesia terbentuk dan berdiri, dan bgaimana pernyataan yg ±300T tu wahai mahfud kan membuat keresahan rakyat""",,id,"@mohmahfudmd @RestyCayah bagaimana pernyataan bpk ttg plau rempang trsbt ketika 2022 investor dtg ternyata tanah trsebut sdh ditempati , kenyataannya masyarakat pulau rempang sdh menempati sblm indonesia terbentuk dan berdiri, dan bgaimana pernyataan yg  300T tu wahai mahfud kan membuat keresahan rakyat",False,41,True
Tragedi 07 September 2023  Sosok Pemuda Rempang Gagah dan Pemberani  Pemuda Rempang Ini Menantang Petugas Keamanan Berani Tidak Menghadapi Masyarakat Kalau Tidak Pakai Senj4ta. https://t.co/AO5qI9zBXl,,id,Tragedi 07 September 2023  Sosok Pemuda Rempang Gagah dan Pemberani  Pemuda Rempang Ini Menantang Petugas Keamanan Berani Tidak Menghadapi Masyarakat Kalau Tidak Pakai Senj4ta. https   t.co AO5qI9zBXl,False,26,True
"UMMAT LEADERS' CLUB PRESENTS  Webinar: Class Action_ Warga Rempang : Menggugat Pemerintah Salah Urus Rakyat""  Hari/Tgl. : Rabu, 11 Oktober 2023  Pukul : 16.00 s.d. 18. 00  Keynote Speaker :_ Prof. Dr. M. Amien Rais, MA (Ketua Majlis Syura Partai Ummat) https://t.co/KPVltXWuYT""",,id,"UMMAT LEADERS  CLUB PRESENTS  Webinar  Class Action_ Warga Rempang   Menggugat Pemerintah Salah Urus Rakyat   Hari Tgl.   Rabu, 11 Oktober 2023  Pukul   16.00 s.d. 18. 00  Keynote Speaker  _ Prof. Dr. M. Amien Rais, MA  Ketua Majlis Syura Partai Ummat  https   t.co KPVltXWuYT",False,34,True
"Kita sangat optimis bahwa dengan adanya pengembangan Rempang maka akan menjadikan mesin ekonomi baru di Indonesia, dan hal itu mampu terealisasi dengan baik. Bahlil Kawal Investasi  #HIPMIRempang",,id,"Kita sangat optimis bahwa dengan adanya pengembangan Rempang maka akan menjadikan mesin ekonomi baru di Indonesia, dan hal itu mampu terealisasi dengan baik. Bahlil Kawal Investasi  #HIPMIRempang",False,27,True
@GessyHGanie @GibraltarNc @HukumDan @NenkMonica @MCAOps @Aline_Y_Tan @logikapolitikid @PartaiSocmed @Benk299120211 @RevolusiAkhlaq2 @NIAS2013 @Nicho_Silalahi @MprAldo @Ilen_Srg @t3luuur @HelmiFelis_ @fadlizon @Asan_Almadury @GubernurPribumi @tvOneNews @BEMUI_Official @sema_stei @mahasiswaunj Ini yg mau buldoser warga yg tolak Rempang Eco City? Semoga gk bangun lagi.,,id,@GessyHGanie @GibraltarNc @HukumDan @NenkMonica @MCAOps @Aline_Y_Tan @logikapolitikid @PartaiSocmed @Benk299120211 @RevolusiAkhlaq2 @NIAS2013 @Nicho_Silalahi @MprAldo @Ilen_Srg @t3luuur @HelmiFelis_ @fadlizon @Asan_Almadury @GubernurPribumi @tvOneNews @BEMUI_Official @sema_stei @mahasiswaunj Ini yg mau buldoser warga yg tolak Rempang Eco City? Semoga gk bangun lagi.,False,30,True
"True that👍 Kemerdekaan itu ialah hak segala bangsa"" Ga tega liat temlen😭  Hanya mampu berdoa &amp  turut berduka 🙏 Ini bentuk solidaritasku bt warga Palestina/Wadas/Rempang/Seruyan dll  Untuk semua yg terjajah zionis &amp   oligarki lalu memutuskan untuk melawan dg sgl kemampuan🤍💫 https://t.co/U6NuW7gbxP""",,id,True that Kemerdekaan itu ialah hak segala bangsa  Ga tega liat temlen  Hanya mampu berdoa  amp  turut berduka  Ini bentuk solidaritasku bt warga Palestina Wadas Rempang Seruyan dll  Untuk semua yg terjajah zionis  amp   oligarki lalu memutuskan untuk melawan dg sgl kemampuan  https   t.co U6NuW7gbxP,False,44,True
"Ingat bahwa @mohmahfudmd menganggap sebagian daerah yg dianggap fanatik dg Islam adalah daerah aliran keras. Iblis memang suka berperan seolah2 bagaikan malaikat yg baik, namun sebaliknya dia adalah makhluk yg paling kejam sehingga mampu melihat rakyat di Rempang terus menderita",,id,"Ingat bahwa @mohmahfudmd menganggap sebagian daerah yg dianggap fanatik dg Islam adalah daerah aliran keras. Iblis memang suka berperan seolah2 bagaikan malaikat yg baik, namun sebaliknya dia adalah makhluk yg paling kejam sehingga mampu melihat rakyat di Rempang terus menderita",False,40,True
"@CNNIndonesia Saat kampanye nginap di rumah warga Saat berkuasa gusur rumah warga Kasus rempang, wadas, kemdeng, kampung aquarium menunjukkan sikap penguasa yg sokmerakyat saat kampanye",,id,"@CNNIndonesia Saat kampanye nginap di rumah warga Saat berkuasa gusur rumah warga Kasus rempang, wadas, kemdeng, kampung aquarium menunjukkan sikap penguasa yg sokmerakyat saat kampanye",False,25,True
"Cukong menginginkan Tanah rakyat / tanah adat membodohi pejabat gila materi agar mengatasnamakan tanah milik negara, sudah bukan rahasia umum di era repormasi kebablasan, seperti Rempang dll . https://t.co/bdWYv66HHH",,id,"Cukong menginginkan Tanah rakyat   tanah adat membodohi pejabat gila materi agar mengatasnamakan tanah milik negara, sudah bukan rahasia umum di era repormasi kebablasan, seperti Rempang dll . https   t.co bdWYv66HHH",False,28,True
"@NikoAkmal yg bohong di siang bolong seperti itu, kenapa ga dilaporkan aja ke polisi! kan gampang, suruh dia hadirkan tuh 70% warga rempang klo dia ga bohong!",,id,"@NikoAkmal yg bohong di siang bolong seperti itu, kenapa ga dilaporkan aja ke polisi! kan gampang, suruh dia hadirkan tuh 70  warga rempang klo dia ga bohong!",False,27,True
"Dengan kebohongan yg bertumpuk spt itu, menteri @bahlillahadalia msh jg mengatakan menolak membebaskan warga Rempang dgn alasan kalau dibiarkan negara kita akan jadi negara preman"". Padahal faktanya, pemerintahlah yg kerjanya lebih buruk dari preman.  https://t.co/haYlMIYHRM""",,id,"Dengan kebohongan yg bertumpuk spt itu, menteri @bahlillahadalia msh jg mengatakan menolak membebaskan warga Rempang dgn alasan kalau dibiarkan negara kita akan jadi negara preman . Padahal faktanya, pemerintahlah yg kerjanya lebih buruk dari preman.  https   t.co haYlMIYHRM",False,36,True
"Begitu Rakyat Rempang bro, lagi melawan penjajah baru, antek cukong properti yg prilakunya sudah kayak kompeni. Kita pasti sudah bisa merasakan betapa menyakitkannya terusir dari tanah lelulur.  #SavePalestine  #SaveRempang",,id,"Begitu Rakyat Rempang bro, lagi melawan penjajah baru, antek cukong properti yg prilakunya sudah kayak kompeni. Kita pasti sudah bisa merasakan betapa menyakitkannya terusir dari tanah lelulur.  #SavePalestine  #SaveRempang",False,29,True
"HIPMI turut mendukung investasi Rempang Eco City yang digawangi oleh Menteri Investasi Bahlil Lahadalia. Keberhasilan proyek ini bukan hanya sekadar investasi, tapi juga peningkatan kesejahteraan bagi masyarakat lokal. #HIPMIRempang Bahlil Kawal Investasi https://t.co/VqgfESZKvr",,id,"HIPMI turut mendukung investasi Rempang Eco City yang digawangi oleh Menteri Investasi Bahlil Lahadalia. Keberhasilan proyek ini bukan hanya sekadar investasi, tapi juga peningkatan kesejahteraan bagi masyarakat lokal. #HIPMIRempang Bahlil Kawal Investasi https   t.co VqgfESZKvr",False,34,True
"@HusinShihab @ganjarpranowo Belum ada, tapi sudah ada yg turun ke gorong² main lumpur toh tetap nindas rakyat... Contohnya warga rempang, itu presiden dari petugas partai... #2024NoPresidenPetugasPartai",,id,"@HusinShihab @ganjarpranowo Belum ada, tapi sudah ada yg turun ke gorong² main lumpur toh tetap nindas rakyat... Contohnya warga rempang, itu presiden dari petugas partai... #2024NoPresidenPetugasPartai",False,26,True
Kami bersatu untuk mendorong investasi yang berkelanjutan! HIPMI mengucapkan terima kasih kepada Menteri Bahlil yang tekun mengawasi proyek Rempang Eco Park.  https://t.co/zbh2569WY8  Bahlil Kawal Investasi #HIPMIRempang,,id,Kami bersatu untuk mendorong investasi yang berkelanjutan! HIPMI mengucapkan terima kasih kepada Menteri Bahlil yang tekun mengawasi proyek Rempang Eco Park.  https   t.co zbh2569WY8  Bahlil Kawal Investasi #HIPMIRempang,False,27,True
"HIPMI sudah dukung penuh untuk Rempang, apalagi Pak Bahlil Kawal Investasi dengan #HIPMIRempang demi masa depan rakyat Rempang di pulaunya itu selalu bikin kagum   https://t.co/S2I5uiVack",,id,"HIPMI sudah dukung penuh untuk Rempang, apalagi Pak Bahlil Kawal Investasi dengan #HIPMIRempang demi masa depan rakyat Rempang di pulaunya itu selalu bikin kagum   https   t.co S2I5uiVack",False,26,True
"Halah ! Sudahlah media sekarang sama ja dibayar buat bikin hoax! Mau Australi Belanda Singapure China atau negara manapun, intinya rakyat Rempang gak mau di relokasi  Udah gak usah dipaksa!"" Kalian ini investor apa penjajah ? Kok maksa amat ?! https://t.co/XP7DThXwB1""",,id,"Halah ! Sudahlah media sekarang sama ja dibayar buat bikin hoax! Mau Australi Belanda Singapure China atau negara manapun, intinya rakyat Rempang gak mau di relokasi  Udah gak usah dipaksa!  Kalian ini investor apa penjajah ? Kok maksa amat ?! https   t.co XP7DThXwB1",False,39,True
"@pitung_zorro Dia merasa pernah tour dan berburu di Rempang tahun 1980, katanya tidak pernah lihat ada kampung disana. Pertanyaannya apakah mata TW yg jadi standard, mata orang lain yg jelas lahir, tinggal disitu bukan ukuran?",,id,"@pitung_zorro Dia merasa pernah tour dan berburu di Rempang tahun 1980, katanya tidak pernah lihat ada kampung disana. Pertanyaannya apakah mata TW yg jadi standard, mata orang lain yg jelas lahir, tinggal disitu bukan ukuran?",False,34,True
"@Muslim_AntiPKI9 @geloraco Hei...Bpk kakak beradik, Pak Yakult dan Yai Cimori...Knp kalian berdua tdk prnh bersuara ktka Rempang ditindas, Mandalika ditindas, dll ditindas? mrka2 ini tinggal di negara Pancasila yg kalian gembor2kan dan melanggar hukum, tdk prnh tolak Pancasila tapi kalian abaikan?? Kenapa?",,id,"@Muslim_AntiPKI9 @geloraco Hei...Bpk kakak beradik, Pak Yakult dan Yai Cimori...Knp kalian berdua tdk prnh bersuara ktka Rempang ditindas, Mandalika ditindas, dll ditindas? mrka2 ini tinggal di negara Pancasila yg kalian gembor2kan dan melanggar hukum, tdk prnh tolak Pancasila tapi kalian abaikan?? Kenapa?",False,43,True
"@CNNIndonesia Macam jokowi. Saat kampanye butuh suara, dari masuk gorong gorong sampai janji segunung dilakukan. Giliran sudah berkuasa, banyak bohong dan lupa rakyat. Lihat saja warga wadas, rempang dll. Warga wadas ke kantor gubernur bukan ditemui malah dihalangi kawat berduri.",,id,"@CNNIndonesia Macam jokowi. Saat kampanye butuh suara, dari masuk gorong gorong sampai janji segunung dilakukan. Giliran sudah berkuasa, banyak bohong dan lupa rakyat. Lihat saja warga wadas, rempang dll. Warga wadas ke kantor gubernur bukan ditemui malah dihalangi kawat berduri.",False,40,True
Kita apresiasi upaya yg terus dilakukan menteri @bahlillahadalia dalam memberikan hak warga rempang yg terdampak proyek strategis nasional.  @jawapos  @liputan6dotcom  Bahlil Kawal Investasi  #HIPMIRempang  https://t.co/ki2bYQAUrk,,id,Kita apresiasi upaya yg terus dilakukan menteri @bahlillahadalia dalam memberikan hak warga rempang yg terdampak proyek strategis nasional.  @jawapos  @liputan6dotcom  Bahlil Kawal Investasi  #HIPMIRempang  https   t.co ki2bYQAUrk,False,26,True
"wahai para JENDRAL, TENTARA,TNI,Sungguh HARAM MEMBIARKAN PALESTINA TANPA PENOLONG, Kalianlah orang yg paling bertanggung jawab , Kalianlah orang yang pertama ditanya kelak, Kalianlah yg telah kami percayakan senjata dan amunisi ,kirimkan TNI,POLRI KE PALESTINA,BUKAN KE REMPANG, https://t.co/J910MCJevS",,id,"wahai para JENDRAL, TENTARA,TNI,Sungguh HARAM MEMBIARKAN PALESTINA TANPA PENOLONG, Kalianlah orang yg paling bertanggung jawab , Kalianlah orang yang pertama ditanya kelak, Kalianlah yg telah kami percayakan senjata dan amunisi ,kirimkan TNI,POLRI KE PALESTINA,BUKAN KE REMPANG, https   t.co J910MCJevS",False,41,True
"@msaid_didu Musim politik kok pemerintah mau gusur, logikanya kan mencari simpati rakyat...merugikan partai koalisi kalo bgini apalagi mslh gusur... ada apa sbnrnya di balik ini..?? Rencana apa di buat pemerintah dgn mengangkat kasus ini.?? Apa yg laen TDK curiga dgn kasus Rempang ini..?",,id,"@msaid_didu Musim politik kok pemerintah mau gusur, logikanya kan mencari simpati rakyat...merugikan partai koalisi kalo bgini apalagi mslh gusur... ada apa sbnrnya di balik ini..?? Rencana apa di buat pemerintah dgn mengangkat kasus ini.?? Apa yg laen TDK curiga dgn kasus Rempang ini..?",False,42,True
"@bianca01403 Dengan cara busuk pemerintah menggusur rakyat rempang, 1, dengan menghentikan layanan kesehatan, 2, menghentikan pendidikan,   Biadab kalian semua, kenapa rakyat sudah gak mau digusur atau di beli tanahnya, kenapa kalian bunuh mereka dengan cara menghentikan layanan kshatan?",,id,"@bianca01403 Dengan cara busuk pemerintah menggusur rakyat rempang, 1, dengan menghentikan layanan kesehatan, 2, menghentikan pendidikan,   Biadab kalian semua, kenapa rakyat sudah gak mau digusur atau di beli tanahnya, kenapa kalian bunuh mereka dengan cara menghentikan layanan kshatan?",False,36,True
@IND0_Update @mediaindonesia @indozonemedia Investasi yang dipercepat oleh Bahlil di Pulau Rempang adalah contoh nyata bahwa pembangunan inklusif dan berkelanjutan adalah kunci untuk memajukan daerah. Sukses terus untuk perubahan yang lebih baik! Rempang Aman  #DukungBahlil,,id,@IND0_Update @mediaindonesia @indozonemedia Investasi yang dipercepat oleh Bahlil di Pulau Rempang adalah contoh nyata bahwa pembangunan inklusif dan berkelanjutan adalah kunci untuk memajukan daerah. Sukses terus untuk perubahan yang lebih baik! Rempang Aman  #DukungBahlil,False,33,True
"@brother_djon Saya pilih Orang yg tdk punya cacat akhlak di masa lalu, dan bebas dari perkacungan aseng dan asing , apalagi Dikacungin sama nenek tua...  Orangnya cerdas, tegas, berpihak pada rakyat , tdk menindas rakyat rempang,wadas, dan yg lainnya dgn alasan investasi dan tata kota ...",,id,"@brother_djon Saya pilih Orang yg tdk punya cacat akhlak di masa lalu, dan bebas dari perkacungan aseng dan asing , apalagi Dikacungin sama nenek tua...  Orangnya cerdas, tegas, berpihak pada rakyat , tdk menindas rakyat rempang,wadas, dan yg lainnya dgn alasan investasi dan tata kota ...",False,43,True
"Hipmi mendukung penuh investasi Rempang Eco City yang diperjuangkan oleh Menteri Investasi Bahlil Lahadalia. Bersama-sama, kami siap membantu mewujudkan masa depan cerah bagi masyarakat dan perekonomian Indonesia. Bahlil Kawal Investasi  #HIPMIRempang  https://t.co/5DcPbZbtQ1",,id,"Hipmi mendukung penuh investasi Rempang Eco City yang diperjuangkan oleh Menteri Investasi Bahlil Lahadalia. Bersama-sama, kami siap membantu mewujudkan masa depan cerah bagi masyarakat dan perekonomian Indonesia. Bahlil Kawal Investasi  #HIPMIRempang  https   t.co 5DcPbZbtQ1",False,32,True
@narkosun Trauma Wadas dan Rempang kita cari Bu Negara yang punya rasa kasihan gak tega lihat Mbah di geser / dikosongkan.. biarkan Mbah Mbah kita aman nyaman tentram rukun dikampung,,id,@narkosun Trauma Wadas dan Rempang kita cari Bu Negara yang punya rasa kasihan gak tega lihat Mbah di geser   dikosongkan.. biarkan Mbah Mbah kita aman nyaman tentram rukun dikampung,False,29,True
@tvOneNews Jangan mau warga Rempang.  Mari sama2 menahan diri. Musyawarah dan mufakat harus kita kedepankan. Begitu kira2 pak moeldoko. Jangan proyek besar2 aja di gagas. Mentang2 akhir periode sudah mendekat. Hihi,,id,@tvOneNews Jangan mau warga Rempang.  Mari sama2 menahan diri. Musyawarah dan mufakat harus kita kedepankan. Begitu kira2 pak moeldoko. Jangan proyek besar2 aja di gagas. Mentang2 akhir periode sudah mendekat. Hihi,False,31,True
"@Naz_lira Setuju banget buk, kita bisa lihat dari kasus wadas,dan Rempang. Bapak2 itu kayaknya tdk punya hati jika menurut dia atas nama negara. Dan lagi bapk  mprof itu berguna buat membungkam suara kritis umat islam itulah kayaknya mengapa beliau yg diambil. Mudah2 an pak Anis yg mimpin",,id,"@Naz_lira Setuju banget buk, kita bisa lihat dari kasus wadas,dan Rempang. Bapak2 itu kayaknya tdk punya hati jika menurut dia atas nama negara. Dan lagi bapk  mprof itu berguna buat membungkam suara kritis umat islam itulah kayaknya mengapa beliau yg diambil. Mudah2 an pak Anis yg mimpin",False,47,True
Elo mau jual apa lagi ke China jok ❓❓ Juli lalu elo ke China jualin Pulau Rempang ke perusahaan China disana yg bikin susah Rakyat di Rempang 🤬🤬 https://t.co/PZWHXDNmKu,,id,Elo mau jual apa lagi ke China jok  Juli lalu elo ke China jualin Pulau Rempang ke perusahaan China disana yg bikin susah Rakyat di Rempang    https   t.co PZWHXDNmKu,False,28,True
"Menteri @bahlillahadalia jg konsisten memperjuangkan warga dilibatkan sbg subjek pembangunan dalam investasi Rempang, sejalan dengan regulasi yang ada bahwa investor harus merangkul UMKM dan menyerap tenaga kerja lokal. TOP!! @kumparan Bahlil Kawal Investasi  #HIPMIRempang https://t.co/RIu8H154Oo",,id,"Menteri @bahlillahadalia jg konsisten memperjuangkan warga dilibatkan sbg subjek pembangunan dalam investasi Rempang, sejalan dengan regulasi yang ada bahwa investor harus merangkul UMKM dan menyerap tenaga kerja lokal. TOP!! @kumparan Bahlil Kawal Investasi  #HIPMIRempang https   t.co RIu8H154Oo",False,36,True
"Sy berharap @aniesbaswedan punya tim hukum yg faham ttg hukum tanah Indonesia (agraria) utk bisa membantu pemahaman masalah Rempang. Krn tentu suatu saat akan kesana dan bicara dg masy disana, yg tentu pendapat ttg hal itu akan dinilai masy serta diperbandingkan dg rivalnya.",,id,"Sy berharap @aniesbaswedan punya tim hukum yg faham ttg hukum tanah Indonesia  agraria  utk bisa membantu pemahaman masalah Rempang. Krn tentu suatu saat akan kesana dan bicara dg masy disana, yg tentu pendapat ttg hal itu akan dinilai masy serta diperbandingkan dg rivalnya.",False,43,True
"Hingga saat ini upaya Pak Menteri Bahlil Kawal Investasi di Rempang Eco-City tetap konsisten memberikan hak² warga yang terdampak seperti Rumah Hunian, uang saku danlain2 dan itu mendapat dukungan dr @DPR_RI  @jawapos @CNN https://t.co/35zhUflNpg",,id,"Hingga saat ini upaya Pak Menteri Bahlil Kawal Investasi di Rempang Eco-City tetap konsisten memberikan hak² warga yang terdampak seperti Rumah Hunian, uang saku danlain2 dan itu mendapat dukungan dr @DPR_RI  @jawapos @CNN https   t.co 35zhUflNpg",False,33,True
"@floreskekinian2 Betul betul betul, beneran Pak Bahlil Kawal Investasi #HIPMIRempang yang sebelumnya sempat kemakan trust Issue tentang Rempang Eco City, tapi alhamdulillah dilanjutkan kembali proyeknya sampe dapat apresiasi lagi",,id,"@floreskekinian2 Betul betul betul, beneran Pak Bahlil Kawal Investasi #HIPMIRempang yang sebelumnya sempat kemakan trust Issue tentang Rempang Eco City, tapi alhamdulillah dilanjutkan kembali proyeknya sampe dapat apresiasi lagi",False,29,True
"#HIPMIRempang yakin dengan masa depan yang cerah dari investasi Rempang, berharap proyek ini akan memberi manfaat bagi ekonomi nasional dan daerah serta kesejahteraan masyarakat akhirnya Bahlil Kawal Investasi   https://t.co/lV841flwQT https://t.co/RlbSpUhJr2",,id,"#HIPMIRempang yakin dengan masa depan yang cerah dari investasi Rempang, berharap proyek ini akan memberi manfaat bagi ekonomi nasional dan daerah serta kesejahteraan masyarakat akhirnya Bahlil Kawal Investasi   https   t.co lV841flwQT https   t.co RlbSpUhJr2",False,32,True
"@psi_id Kalau begini2an nanti saja. Belum bikin simpati dan nambah elektabilitas. Ayo dibawa Ketum PSI ke Rempang, Kalsel atau Maluku dsb.  Buktikan patriotisme Pemuda itu bukan generasi jingkrak atau picnic unfaedah. Bisa nggak PSI rangkul Rakyat yang didzalimi?",,id,"@psi_id Kalau begini2an nanti saja. Belum bikin simpati dan nambah elektabilitas. Ayo dibawa Ketum PSI ke Rempang, Kalsel atau Maluku dsb.  Buktikan patriotisme Pemuda itu bukan generasi jingkrak atau picnic unfaedah. Bisa nggak PSI rangkul Rakyat yang didzalimi?",False,37,True
"@gendut71teng2 Yaa pastinya begitu, karena anggaran untuk pembangunan perumahan rakyat belum tentu ada, sebelum pengolahan pabrik berjalan atau export pasir kuarsa dari lepas Pantai Rempang dan sekitarnya. 🤫🤭 https://t.co/uyDAqLMlmR",,id,"@gendut71teng2 Yaa pastinya begitu, karena anggaran untuk pembangunan perumahan rakyat belum tentu ada, sebelum pengolahan pabrik berjalan atau export pasir kuarsa dari lepas Pantai Rempang dan sekitarnya.    https   t.co uyDAqLMlmR",False,29,True
Sosialisasi dan pendataan terhadap warga terdampak proyek pengembangan Rempang Eco-City masih terus berlangsung. Menurut data BP Batam sudah ada 300 KK yang bersedia dari sekitar 900 KK.  Source : https://t.co/ifpM89qaS9  #Rempang #NKRI #RempangEcoCity https://t.co/DrrRlSDoLl,,id,Sosialisasi dan pendataan terhadap warga terdampak proyek pengembangan Rempang Eco-City masih terus berlangsung. Menurut data BP Batam sudah ada 300 KK yang bersedia dari sekitar 900 KK.  Source   https   t.co ifpM89qaS9  #Rempang #NKRI #RempangEcoCity https   t.co DrrRlSDoLl,False,34,True
"@IND0_Update @MataNajwa @Metro_TV @tvOneNews Semakin byk yg mendukung pak Bahlil Kawal Investasi di Rempang Eco City, semakin cepat realisasinya. Dan makin meningkat kesejahteraan ekonomi rakyat disana.  #HIPMIRempang",,id,"@IND0_Update @MataNajwa @Metro_TV @tvOneNews Semakin byk yg mendukung pak Bahlil Kawal Investasi di Rempang Eco City, semakin cepat realisasinya. Dan makin meningkat kesejahteraan ekonomi rakyat disana.  #HIPMIRempang",False,25,True
"Selain memberikan Apresiasi kepada Menteri Bahlil Kawal Investasi atas pendekatan Pak Bahlil melakukan sosialisasi, #HIPMIRempang siap memberikan pelatihan Wirausaha untuk warga Rempang yg terdampak. @sandiuno  @ridwan",,id,"Selain memberikan Apresiasi kepada Menteri Bahlil Kawal Investasi atas pendekatan Pak Bahlil melakukan sosialisasi, #HIPMIRempang siap memberikan pelatihan Wirausaha untuk warga Rempang yg terdampak. @sandiuno  @ridwan",False,26,True
"Bahlil Tolak Bebaskan Warga Rempang: Sudah Kami Bantu 8 Orang, tapi yang Anarkis Tetap Diproses.  RAKYAT BERPERILAKU PREMAN DIKARENAKAN KEBIJAKAN YANG DIBUAT BAGAI KEKUASAAN PREMAN TERHADAP PEMILIK KEDAULATAN NEGARA YAITU RAKYAT"" @myputun https://t.co/zhHi3TrnWo""",,id,"Bahlil Tolak Bebaskan Warga Rempang  Sudah Kami Bantu 8 Orang, tapi yang Anarkis Tetap Diproses.  RAKYAT BERPERILAKU PREMAN DIKARENAKAN KEBIJAKAN YANG DIBUAT BAGAI KEKUASAAN PREMAN TERHADAP PEMILIK KEDAULATAN NEGARA YAITU RAKYAT  @myputun https   t.co zhHi3TrnWo",False,33,True
"@sindoe @AzzamIzzulhaq Kalem aja gak usah nge-gas anda mau dukung pemerintah ya monggo, anda mau bilang pembangunan pabrik di rempang dan KCIC kerjasama dengan China ya monggo gwa cuma concern sama utang nya aja bro",,id,"@sindoe @AzzamIzzulhaq Kalem aja gak usah nge-gas anda mau dukung pemerintah ya monggo, anda mau bilang pembangunan pabrik di rempang dan KCIC kerjasama dengan China ya monggo gwa cuma concern sama utang nya aja bro",False,34,True
langkah dari menteri Bahlil dalam investasi proyek rempang eco park mendapat dukungan dari himpunan pengusaha muda Indonesia (HIPMI) agar terus membangun dan memperjuangkan kesejahteraan masyarakat sekitar yang menjanjikan. Bahlil Kawal Investasi #HIPMIRempang https://t.co/VojStUqHIz,,id,langkah dari menteri Bahlil dalam investasi proyek rempang eco park mendapat dukungan dari himpunan pengusaha muda Indonesia  HIPMI  agar terus membangun dan memperjuangkan kesejahteraan masyarakat sekitar yang menjanjikan. Bahlil Kawal Investasi #HIPMIRempang https   t.co VojStUqHIz,False,34,True
"Bismillah  Belasan warga Rempang Ibu² &amp  anaknya didampingi Tim advokat Ke Mapolresta Barelang.  Mereka kesana mengajukan permohonan pembebasan 30 orang keluarganya yg ditahan Polisi, yg terakhir kabarnya sdh dijadikan tersangka (03/10/2023)  Astaghfirullah 😔  #SaveRempangBatam https://t.co/O58HIHS422",,id,"Bismillah  Belasan warga Rempang Ibu²  amp  anaknya didampingi Tim advokat Ke Mapolresta Barelang.  Mereka kesana mengajukan permohonan pembebasan 30 orang keluarganya yg ditahan Polisi, yg terakhir kabarnya sdh dijadikan tersangka  03 10 2023   Astaghfirullah   #SaveRempangBatam https   t.co O58HIHS422",False,37,True
"HATI..HATI  CINO  MENGUASAI  TANAH AIR  KITA. REMPANG  TETAP LAH  BERJUANG . KALAU  REMPANG  MENANG , INSYAALLAH SELAMAT  LAH WILAYAH  LAIN. BELAJAR  DARI  PENGALAN RAKYAT  PALESTINA ..YG WILAYAH  NYA  TERUUUS  DI AMBIL  MUSUH 👺KITA  MESTI SEKUAT  TENAGA  MENJAGA TANAH  KITA 🇲🇨",,de,"HATI..HATI  CINO  MENGUASAI  TANAH AIR  KITA. REMPANG  TETAP LAH  BERJUANG . KALAU  REMPANG  MENANG , INSYAALLAH SELAMAT  LAH WILAYAH  LAIN. BELAJAR  DARI  PENGALAN RAKYAT  PALESTINA ..YG WILAYAH  NYA  TERUUUS  DI AMBIL  MUSUH KITA  MESTI SEKUAT  TENAGA  MENJAGA TANAH  KITA",False,38,True
Kasus Pulau Rempang masih bergulir. Tim Advokasi Solidaritas Nasional untuk Rempang memasukkan gugatan praperadilan terhadap kepolisian terkait 30 warga yang masih ditahan sejak 11 September. #VideoBerita #AdadiKompas   https://t.co/vYjz68LaBR,,id,Kasus Pulau Rempang masih bergulir. Tim Advokasi Solidaritas Nasional untuk Rempang memasukkan gugatan praperadilan terhadap kepolisian terkait 30 warga yang masih ditahan sejak 11 September. #VideoBerita #AdadiKompas   https   t.co vYjz68LaBR,False,29,True
"@ganjarpranowo Lagi ngadrun ya.. cari dukungan dari suku Melayu.. coba aja pak lanjutkan ke Rempang.. cari suara dan dukungan, buat rakyat dan penduduk Riau harus berhati-hati.",,id,"@ganjarpranowo Lagi ngadrun ya.. cari dukungan dari suku Melayu.. coba aja pak lanjutkan ke Rempang.. cari suara dan dukungan, buat rakyat dan penduduk Riau harus berhati-hati.",False,25,True
"Tumbuhkan investasi, wujudkan perubahan! HIPMI mengucapkan terima kasih kepada Menteri Bahlil yang dengan tekun mengawal proyek Rempang Eco Park. @liputan6dotcom  Bahlil Kawal Investasi #HIPMIRempang https://t.co/MzeMxu8rOh",,id,"Tumbuhkan investasi, wujudkan perubahan! HIPMI mengucapkan terima kasih kepada Menteri Bahlil yang dengan tekun mengawal proyek Rempang Eco Park. @liputan6dotcom  Bahlil Kawal Investasi #HIPMIRempang https   t.co MzeMxu8rOh",False,26,True
@MichelAdam7__ @NHastom Trs Dokternya blg  mulai sekarang Pak Luhut tdk boleh Kerja apapun hrs Istirahat total minimal 5 thn  Si Kakek Luhut blg Siap Dokter  Kemungkinan besar nti dlm Istirahat dia akan dpt bisikan ghoib blg : Luhut sumbangkan semua uangmu utk Rakyat Rempang Kata Luhut : Siiiaaappp,,id,@MichelAdam7__ @NHastom Trs Dokternya blg  mulai sekarang Pak Luhut tdk boleh Kerja apapun hrs Istirahat total minimal 5 thn  Si Kakek Luhut blg Siap Dokter  Kemungkinan besar nti dlm Istirahat dia akan dpt bisikan ghoib blg   Luhut sumbangkan semua uangmu utk Rakyat Rempang Kata Luhut   Siiiaaappp,False,44,True
"Maksud w tuh kek??? Mikir bjir udah gede, gua aja sampw gumoh baca berita lokal pusing banget stress argghhh. Setiap akun punya hal yang mereka up masing masing, kalo lu mantengin berita timteng ya gabakal nongol nama rempang di sana",,id,"Maksud w tuh kek??? Mikir bjir udah gede, gua aja sampw gumoh baca berita lokal pusing banget stress argghhh. Setiap akun punya hal yang mereka up masing masing, kalo lu mantengin berita timteng ya gabakal nongol nama rempang di sana",False,39,True
@kompascom XINYI INVESTASI BODONG DI REMPANG PENELITI NCW. MUFAKAT JAHAT GRUOP XINYI. TERBUKTI DI BANGKA. DI JATIM   CASFLOW NYA $31 dan Aset juga dikit. Saham Xinyi jua jatuh di Bursa Hongkong,,id,@kompascom XINYI INVESTASI BODONG DI REMPANG PENELITI NCW. MUFAKAT JAHAT GRUOP XINYI. TERBUKTI DI BANGKA. DI JATIM   CASFLOW NYA  31 dan Aset juga dikit. Saham Xinyi jua jatuh di Bursa Hongkong,False,31,True
"terima kasih kami ucapkan kepada bapak Kabaintelkam Polri yang telah memberikan bantuan sembako kepada kami, warga relokasi Rempang Batam...ibu Dedi, istri Bapak Dedi Yunhar... Hamas Gaza Hujan https://t.co/QP2mBxjM1I https://t.co/yNwOw8Glcp",,id,"terima kasih kami ucapkan kepada bapak Kabaintelkam Polri yang telah memberikan bantuan sembako kepada kami, warga relokasi Rempang Batam...ibu Dedi, istri Bapak Dedi Yunhar... Hamas Gaza Hujan https   t.co QP2mBxjM1I https   t.co yNwOw8Glcp",False,32,True
"Siapa yg menerima setoran UWT sebanyak itu? Rakyat Rempang yg dikorbankan sementara ada yg berpesta pora menerima uang sewa.  Menyewakan tanah orang lain lagi, smg perutnya pecah krn makan uang yg bukan haknya.",,id,"Siapa yg menerima setoran UWT sebanyak itu? Rakyat Rempang yg dikorbankan sementara ada yg berpesta pora menerima uang sewa.  Menyewakan tanah orang lain lagi, smg perutnya pecah krn makan uang yg bukan haknya.",False,33,True
Kami bersama untuk mendukung investasi berkelanjutan! HIPMI memberikan apresiasi kepada Menteri Bahlil yang dengan tekun mengawal proyek Rempang Eco Park. @bahlillahadalia  Bahlil Kawal Investasi #HIPMIRempang,,id,Kami bersama untuk mendukung investasi berkelanjutan! HIPMI memberikan apresiasi kepada Menteri Bahlil yang dengan tekun mengawal proyek Rempang Eco Park. @bahlillahadalia  Bahlil Kawal Investasi #HIPMIRempang,False,25,True
"Dengan penempatan masyarakat Rempang yang ada di hunian sementara, dalam memastikan pak Bahlil Kawal Investasi dengan baik hak-hak masyarakat Rempang pun harus terpenuhi  #HIPMIRempang https://t.co/Zf4AwDTYlt",,id,"Dengan penempatan masyarakat Rempang yang ada di hunian sementara, dalam memastikan pak Bahlil Kawal Investasi dengan baik hak-hak masyarakat Rempang pun harus terpenuhi  #HIPMIRempang https   t.co Zf4AwDTYlt",False,25,True
@CNNIndonesia HAY MENTRI VAHLUL LO KIRA TANAH NENEK MOTANG REMPANG KSU SIAPA MAUKERHA SAMA  CHINA KOMUNIS ITU JAMI RAH6AT MELAYU TIDAK AKAN MEMBERIKAN TANAH JAMI SEJENGKAL PUN PADA PENGIKUT OLIGARKY,,id,@CNNIndonesia HAY MENTRI VAHLUL LO KIRA TANAH NENEK MOTANG REMPANG KSU SIAPA MAUKERHA SAMA  CHINA KOMUNIS ITU JAMI RAH6AT MELAYU TIDAK AKAN MEMBERIKAN TANAH JAMI SEJENGKAL PUN PADA PENGIKUT OLIGARKY,False,30,True
"TVR 120- Komisi II DPR RI: Kejelasan Status Kampung Tua Di Pulau Rempang  Pembangunan Proyek Strategis Nasional Rempang Eco City, memerlukan koordinasi yang sinergi &amp  terpadu antara BP Batam dengan Pemerintah Daerah Kota Batam #tvrparlemen #dprri #tvr120 https://t.co/SZ6cduvg6X",,id,"TVR 120- Komisi II DPR RI  Kejelasan Status Kampung Tua Di Pulau Rempang  Pembangunan Proyek Strategis Nasional Rempang Eco City, memerlukan koordinasi yang sinergi  amp  terpadu antara BP Batam dengan Pemerintah Daerah Kota Batam #tvrparlemen #dprri #tvr120 https   t.co SZ6cduvg6X",False,38,True
"@floreskekinian2 Dari awal Pak Bahlil Kawal Investasi di pulau rempang keren banget sih... Untuk pendekatannya yang humanis, mendengarkan apa yang di inginkan rakyat. Salut banget #HIPMIRempang",,id,"@floreskekinian2 Dari awal Pak Bahlil Kawal Investasi di pulau rempang keren banget sih... Untuk pendekatannya yang humanis, mendengarkan apa yang di inginkan rakyat. Salut banget #HIPMIRempang",False,26,True
"@Amienstein Keponakanku baca ini ngakak, jgn2 kau bukan orang indonesia yg jarang baca dan liat berita bekal, anak bunuh ortu, rempang digusur, papua dll. Mungkin kau gak tau dari sblm jaman majapahit jg banyak perang. Sana belajar yg rajin kau",,id,"@Amienstein Keponakanku baca ini ngakak, jgn2 kau bukan orang indonesia yg jarang baca dan liat berita bekal, anak bunuh ortu, rempang digusur, papua dll. Mungkin kau gak tau dari sblm jaman majapahit jg banyak perang. Sana belajar yg rajin kau",False,40,True
"@tvOneNews Jika rempang lolos, bisa jd esok lusa akan terjadi di daerah lain. Semoga pemimpin dan pemerintah selanjutnya amanah utk rakyat bkn amanah utk investor",,id,"@tvOneNews Jika rempang lolos, bisa jd esok lusa akan terjadi di daerah lain. Semoga pemimpin dan pemerintah selanjutnya amanah utk rakyat bkn amanah utk investor",False,25,True
Hal ini juga dapat memperoleh kesempatan kerja yang layak di daerahnya sendiri. Rempang akan semakin tertata rapi dan maju.   Bahlil Kawal Investasi  #HIPMIRempang  https://t.co/v2OmEW6NOE,,id,Hal ini juga dapat memperoleh kesempatan kerja yang layak di daerahnya sendiri. Rempang akan semakin tertata rapi dan maju.   Bahlil Kawal Investasi  #HIPMIRempang  https   t.co v2OmEW6NOE,False,25,True
"Pemerintah klaim 300 dari 900 KK setuju relokasi (geser). Ini kebohongan besar. Kami mendengar langsung ketika bertemu warga, mereka mengatakan tidak betul klaim tsb. Video2 sbb ini dikirim oleh tim di lapangan. #rempang https://t.co/KEuEMauzwb",,id,"Pemerintah klaim 300 dari 900 KK setuju relokasi  geser . Ini kebohongan besar. Kami mendengar langsung ketika bertemu warga, mereka mengatakan tidak betul klaim tsb. Video2 sbb ini dikirim oleh tim di lapangan. #rempang https   t.co KEuEMauzwb",False,35,True
@KompasTV Bukti pencaplokan Zionis. Kok dibela?  Yg bela  Israel orang paling tolol. Siapapun kalau diambil tanahnya akan pasti berontak. Demikian jg dgn kita di rempang dan wilayah lainnya. https://t.co/OxvwLYa596,,id,@KompasTV Bukti pencaplokan Zionis. Kok dibela?  Yg bela  Israel orang paling tolol. Siapapun kalau diambil tanahnya akan pasti berontak. Demikian jg dgn kita di rempang dan wilayah lainnya. https   t.co OxvwLYa596,False,30,True
"Yes, saya juga mendukung #HIPMIRempang, dengan nilai investasi   yg ditaksir 381 T Rempang EcoCity melalui Bahlil Kawal Investasi diyakini dapat memberikan  ekslasi bagipleningkatan kualitas hidup&amp  kesejahteraan warga rempang. @poskotanetwork @kumparan https://t.co/YkzRINHY8R",,id,"Yes, saya juga mendukung #HIPMIRempang, dengan nilai investasi   yg ditaksir 381 T Rempang EcoCity melalui Bahlil Kawal Investasi diyakini dapat memberikan  ekslasi bagipleningkatan kualitas hidup amp  kesejahteraan warga rempang. @poskotanetwork @kumparan https   t.co YkzRINHY8R",False,32,True
Investasi yang dipercepat oleh Bahlil di Pulau Rempang adalah contoh nyata bahwa pembangunan inklusif dan berkelanjutan adalah kunci untuk memajukan daerah. Sukses terus untuk perubahan yang lebih baik! Rempang Aman  #DukungBahlil https://t.co/WcdB1nYtNt,,id,Investasi yang dipercepat oleh Bahlil di Pulau Rempang adalah contoh nyata bahwa pembangunan inklusif dan berkelanjutan adalah kunci untuk memajukan daerah. Sukses terus untuk perubahan yang lebih baik! Rempang Aman  #DukungBahlil https   t.co WcdB1nYtNt,False,33,True
"@abwnews_ Ayo bantu up, share ke semua media yang ada. Kita tidak bisa bantu hadir di rempang untuk bela saudara2 kita yang ada di sana. Tapi setidaknya kita bisa suarakan, rasa prihatin kita dengan bantu up video ini dan share ke semua sosmed. ☹️☹️☹️ https://t.co/ogAW1BbaGW",,id,"@abwnews_ Ayo bantu up, share ke semua media yang ada. Kita tidak bisa bantu hadir di rempang untuk bela saudara2 kita yang ada di sana. Tapi setidaknya kita bisa suarakan, rasa prihatin kita dengan bantu up video ini dan share ke semua sosmed.  https   t.co ogAW1BbaGW",False,44,True
"Himpunan Pengusaha Muda Indonesia (HIPMI) dukung Investasi dan apresiasi tindakan Bahlil Kawal Investasi Rempang Eco City. Upaya dukungan atas proyek ini, HIPMI siap kolaborasi dengan pemerintah untuk meningkatkan keterampilan dan integritas warga melalui pelatihan #HIPMIRempang",,id,"Himpunan Pengusaha Muda Indonesia  HIPMI  dukung Investasi dan apresiasi tindakan Bahlil Kawal Investasi Rempang Eco City. Upaya dukungan atas proyek ini, HIPMI siap kolaborasi dengan pemerintah untuk meningkatkan keterampilan dan integritas warga melalui pelatihan #HIPMIRempang",False,35,True
HIMPI memberikan perhatian besar terhadap investasi Rempang Eco City yg terus dikawal oleh Menteri Investasi @bahlillahadalia sejak awal hingga saat ini dan siap membantu menyukseskan investasi ini. @detikcom  Bahlil Kawal Investasi  #HIPMIRempang  https://t.co/5Fzs9w8JIb,,id,HIMPI memberikan perhatian besar terhadap investasi Rempang Eco City yg terus dikawal oleh Menteri Investasi @bahlillahadalia sejak awal hingga saat ini dan siap membantu menyukseskan investasi ini. @detikcom  Bahlil Kawal Investasi  #HIPMIRempang  https   t.co 5Fzs9w8JIb,False,34,True
"#live   Saat ini sedang berlangsung dialog dengan topik: BKPM Sebut Ada WNA Provokasi Warga Rempang bersama Habib Syakur Ali Mahdi - Inisiator Gerakan Nurani Kebangsaan (GNK) yang dipandu oleh Amira Arief   Selengkapnya dengarkan di 88,8FM &amp  RRI Digital.            #IMPagi -MAK https://t.co/BDETi4cllL",,id,"#live   Saat ini sedang berlangsung dialog dengan topik  BKPM Sebut Ada WNA Provokasi Warga Rempang bersama Habib Syakur Ali Mahdi - Inisiator Gerakan Nurani Kebangsaan  GNK  yang dipandu oleh Amira Arief   Selengkapnya dengarkan di 88,8FM  amp  RRI Digital.            #IMPagi -MAK https   t.co BDETi4cllL",False,39,True
"@m_husni_m @Ratat4x @deddysitorus @elisa_jkt @NasDem Ini statement beliau tentang rempang, bagian mananya yg menurut ente mendukung aksi anarkis aparat? Mending ente tanya tuh ketua DPW nasdem Kepri yg juga walikota Batam, kenapa masalah Rempang begitu runyam! https://t.co/nQMgAsYM0p",,id,"@m_husni_m @Ratat4x @deddysitorus @elisa_jkt @NasDem Ini statement beliau tentang rempang, bagian mananya yg menurut ente mendukung aksi anarkis aparat? Mending ente tanya tuh ketua DPW nasdem Kepri yg juga walikota Batam, kenapa masalah Rempang begitu runyam! https   t.co nQMgAsYM0p",False,36,True
"Iya patut kita berikan Apresiasi kepada Pak Bahlil selaku aktor penting dalam berjalannya #HIPMIRempang ini,perlahan-lahan masyarakat rempang akan sangat tertarik dengan adanya suatu yang baru dan kebutuhan yg baru. Bahlil Kawal Investasi @MetroTVToday  https://t.co/7QPlFUu2ae",,id,"Iya patut kita berikan Apresiasi kepada Pak Bahlil selaku aktor penting dalam berjalannya #HIPMIRempang ini,perlahan-lahan masyarakat rempang akan sangat tertarik dengan adanya suatu yang baru dan kebutuhan yg baru. Bahlil Kawal Investasi @MetroTVToday  https   t.co 7QPlFUu2ae",False,35,True
"@tempodotco Negara ini jadi apaan sih..terang benerang utak atik! Parah @mohmahfudmd @Fahrihamzah , entah pada kemana, yg sebelah sana utak atik unu, sebelah sana jor jor an IKN, sebelah sana Bbm naik, seblah sino rempang investor bla bla sbelah sono ini itu, porsi rakyat na manaa woii",,id,"@tempodotco Negara ini jadi apaan sih..terang benerang utak atik! Parah @mohmahfudmd @Fahrihamzah , entah pada kemana, yg sebelah sana utak atik unu, sebelah sana jor jor an IKN, sebelah sana Bbm naik, seblah sino rempang investor bla bla sbelah sono ini itu, porsi rakyat na manaa woii",False,47,True
HIPMI optimis bahwa investasi Rempang akan menjadi pendorong pertumbuhan ekonomi nasional. Dukungan Menteri Investasi Bahlil Lahadalia sangat berarti dalam memastikan proyek ini sukses dan memberikan manfaat bagi semua. #HIPMIRempang Bahlil Kawal Investasi https://t.co/H7CKImn3eD,,id,HIPMI optimis bahwa investasi Rempang akan menjadi pendorong pertumbuhan ekonomi nasional. Dukungan Menteri Investasi Bahlil Lahadalia sangat berarti dalam memastikan proyek ini sukses dan memberikan manfaat bagi semua. #HIPMIRempang Bahlil Kawal Investasi https   t.co H7CKImn3eD,False,34,True
Bahlil Kawal Investasi yg terjadi di Pulau Rempang dan memastikan bahwa pemerintah benar-benar memberikan jaminan hak kepada rakyat Rempang yg terkena dampak pembangunan proyek Rempang Eco Park #HIPMIRempang https://t.co/6PijV4Url4,,id,Bahlil Kawal Investasi yg terjadi di Pulau Rempang dan memastikan bahwa pemerintah benar-benar memberikan jaminan hak kepada rakyat Rempang yg terkena dampak pembangunan proyek Rempang Eco Park #HIPMIRempang https   t.co 6PijV4Url4,False,29,True
"Rame-rame Proyek Strategi Nasional (PSN) di Rempang, sebenarnya ada apa ya?  Episode 1 Siaga Bicara mengundang Dewi Kartika, Sekjen KPA untuk berbicara mengenai penggusuran di Pulau Rempang.  Selengkapnya di: https://t.co/Qpa6QFE4VK  #RempangEcoCity #PSN #Penggusuran #SiagaBicara",,id,"Rame-rame Proyek Strategi Nasional  PSN  di Rempang, sebenarnya ada apa ya?  Episode 1 Siaga Bicara mengundang Dewi Kartika, Sekjen KPA untuk berbicara mengenai penggusuran di Pulau Rempang.  Selengkapnya di  https   t.co Qpa6QFE4VK  #RempangEcoCity #PSN #Penggusuran #SiagaBicara",False,33,True
"Investasi Rempang bisa jadi contoh utk kedepan, Kondusifitas investasi di Indonesia yg sedang tinggi harus dijaga, karena kita juga berkompetisi dengan negara lain dalam menarik FDI, @detikcom @bahlillahadalia Bahlil Kawal Investasi  #HIPMIRempang https://t.co/nNE7PSOdYm",,id,"Investasi Rempang bisa jadi contoh utk kedepan, Kondusifitas investasi di Indonesia yg sedang tinggi harus dijaga, karena kita juga berkompetisi dengan negara lain dalam menarik FDI, @detikcom @bahlillahadalia Bahlil Kawal Investasi  #HIPMIRempang https   t.co nNE7PSOdYm",False,34,True
"Nah Lo ! .. ini berlaku juga di tiap proyek strategis nasional ntah di IKN, Rempang ECO city maupun PSN lainnya yg mengijinkan investor untuk membawa karyawannya orang² sendiri, jadi dengan alasan tersebut pekerja lokal gak guna, maka jadilah PROYEK STRATEGI NASIONAL.",,id,"Nah Lo ! .. ini berlaku juga di tiap proyek strategis nasional ntah di IKN, Rempang ECO city maupun PSN lainnya yg mengijinkan investor untuk membawa karyawannya orang² sendiri, jadi dengan alasan tersebut pekerja lokal gak guna, maka jadilah PROYEK STRATEGI NASIONAL.",False,40,True
"terima kasih kami ucapkan kepda bapak Kabaintelkam Polri yang telah ngasih bantuan sembako kepda kami, warga relokasi Rempang Batam... ibu Dedi, istri Bapak Dedi Yunhar... Hamas Gaza Hujan https://t.co/I48jHe73n1 https://t.co/QbISKXUqht",,id,"terima kasih kami ucapkan kepda bapak Kabaintelkam Polri yang telah ngasih bantuan sembako kepda kami, warga relokasi Rempang Batam... ibu Dedi, istri Bapak Dedi Yunhar... Hamas Gaza Hujan https   t.co I48jHe73n1 https   t.co QbISKXUqht",False,32,True
"DEMOCRAZY News | Berita &amp  Politik Indonesia: Terungkap Korupsi Setoran UWT Rempang Eco City Rp ... https://t.co/tB0511hBFp      BAH LOH NGOTOT AMAT SEBABNYA UTU. JELASKAN BAHLUL, LUHUT",,id,"DEMOCRAZY News   Berita  amp  Politik Indonesia  Terungkap Korupsi Setoran UWT Rempang Eco City Rp ... https   t.co tB0511hBFp      BAH LOH NGOTOT AMAT SEBABNYA UTU. JELASKAN BAHLUL, LUHUT",False,25,True
@awemany 54 kursi di DPR Bau kentutnya saja tdk lagi terdengar  Harga2 naik beras  Telur  Susu  BBM  Masalah :  Rempang Wadas Ikn UU obl UU kes  Minta maaf ke PKI  kalian kurang greget terlalu vokus AHY hrs cawapres  Sebaiknya cepat gabung Ki lurah agar jelas posisi @PDemokrat https://t.co/XzoRVCsNgs,,id,@awemany 54 kursi di DPR Bau kentutnya saja tdk lagi terdengar  Harga2 naik beras  Telur  Susu  BBM  Masalah    Rempang Wadas Ikn UU obl UU kes  Minta maaf ke PKI  kalian kurang greget terlalu vokus AHY hrs cawapres  Sebaiknya cepat gabung Ki lurah agar jelas posisi @PDemokrat https   t.co XzoRVCsNgs,False,48,True
"Bebaskan tahanan demo Rempang, mereka mempertahankan tanah yg mereka tempati sejak abad 18. Fahami Kemanusiaan Yang Adil Dan BERADAB.   Bukan Kemanusiaan Yang Sesat Mengsengsarakan Rakyat.  @mohmahfudmd  @ListyoSigitP  @DPDRI  @DPR_RI  @YLBHI  @KomnasHAM  https://t.co/MB7GZ5NNCV",,id,"Bebaskan tahanan demo Rempang, mereka mempertahankan tanah yg mereka tempati sejak abad 18. Fahami Kemanusiaan Yang Adil Dan BERADAB.   Bukan Kemanusiaan Yang Sesat Mengsengsarakan Rakyat.  @mohmahfudmd  @ListyoSigitP  @DPDRI  @DPR_RI  @YLBHI  @KomnasHAM  https   t.co MB7GZ5NNCV",False,31,True
Buzzer mau bikin trending pakai bot gini pakai duit rakyat apa bukan?  Sementara kita sibuk soal urusan lain.. Pemerintah di sana asik agitasi Masyarakat Rempang yg pertahankan Haknya  Mohon tenangkan Masyarakat di Rempang yg bertahan @YLBHI   #TolakPenggusuranRempang https://t.co/5ar9yjljeP,,id,Buzzer mau bikin trending pakai bot gini pakai duit rakyat apa bukan?  Sementara kita sibuk soal urusan lain.. Pemerintah di sana asik agitasi Masyarakat Rempang yg pertahankan Haknya  Mohon tenangkan Masyarakat di Rempang yg bertahan @YLBHI   #TolakPenggusuranRempang https   t.co 5ar9yjljeP,False,39,True
"Kehadirannya juga sekaligus memberikan pemahaman atas isu miring yg beredar di publik terkait pengembangan Rempang Eco-City. Sehingga, ikhtiar pemerintah utk membangun daerah dapat berjalan baik &amp  bermuara kepada ekonomi masyarakat. @Li9ayaTalaChes4  @DaengWahidin2  By : BATAMPOS https://t.co/iy2P3SMgP0",,id,"Kehadirannya juga sekaligus memberikan pemahaman atas isu miring yg beredar di publik terkait pengembangan Rempang Eco-City. Sehingga, ikhtiar pemerintah utk membangun daerah dapat berjalan baik  amp  bermuara kepada ekonomi masyarakat. @Li9ayaTalaChes4  @DaengWahidin2  By   BATAMPOS https   t.co iy2P3SMgP0",False,35,True
"@NataliusPigai2 @kamila72040 BKPMI = BAHLIL KRIMINAL PENJAHAT MEMBAHAYAKAN INDONESIA, MENUDUH RAKYAT MELAYU REMPANG &amp  BATAM SBG PREMAN, KRN MELAKUKAN SERANGAN BALASAN DEMI MEMBELA RAKYAT MEMPERTAHANKAN HAK NYA SETELAH DISERANG PASUKAN GABUNGAN TNI-POLRI BERSENJATA LENGKAP &amp  GAS AIR MATA SECARA DIAM² &amp  TIBA²",,tl,"@NataliusPigai2 @kamila72040 BKPMI   BAHLIL KRIMINAL PENJAHAT MEMBAHAYAKAN INDONESIA, MENUDUH RAKYAT MELAYU REMPANG  amp  BATAM SBG PREMAN, KRN MELAKUKAN SERANGAN BALASAN DEMI MEMBELA RAKYAT MEMPERTAHANKAN HAK NYA SETELAH DISERANG PASUKAN GABUNGAN TNI-POLRI BERSENJATA LENGKAP  amp  GAS AIR MATA SECARA DIAM²  amp  TIBA²",False,40,True
"@never_alonely Pasca Aceh Damai, Peristiwa keji spt ini byk terjadi di Aceh, Rakyat meminta Keadilan dgn Demo malah di Bantai dgn Kekerasan Sampai Kehilangan Nyawa,Bulan lalu Pak Jokowi Minta maaf pd Rakyat Aceh,Kini di Rempang Aparat Negara msh bersikap Arogan trhdp Rakyatnya 😭😭",,id,"@never_alonely Pasca Aceh Damai, Peristiwa keji spt ini byk terjadi di Aceh, Rakyat meminta Keadilan dgn Demo malah di Bantai dgn Kekerasan Sampai Kehilangan Nyawa,Bulan lalu Pak Jokowi Minta maaf pd Rakyat Aceh,Kini di Rempang Aparat Negara msh bersikap Arogan trhdp Rakyatnya",False,43,True
"Warga Rempang menolak Relokasi, diGusur diGeser... Menteri Bahlil dan Kepala BP Batam mengunjungi pulau Rempang pd Jumat (6/10/2023).  Mrk disambut dgn demo oleh masyarakat Rempang yg tetap menolak relokasi ataupun pergeseran.  Dasar muka tembok https://t.co/DyWgoohXtA",,id,"Warga Rempang menolak Relokasi, diGusur diGeser... Menteri Bahlil dan Kepala BP Batam mengunjungi pulau Rempang pd Jumat  6 10 2023 .  Mrk disambut dgn demo oleh masyarakat Rempang yg tetap menolak relokasi ataupun pergeseran.  Dasar muka tembok https   t.co DyWgoohXtA",False,37,True
"@Naz_lira Sadarlah wahai rakyat indo belalah terlebih dahulu hak rakyat yang lagi menderita di rempang mereka mau kemana kalau digusur,jangan lihat penderitaan negara lain sedang penderitaan negaramu kau tutup matamu,jangan pura pura suci",,id,"@Naz_lira Sadarlah wahai rakyat indo belalah terlebih dahulu hak rakyat yang lagi menderita di rempang mereka mau kemana kalau digusur,jangan lihat penderitaan negara lain sedang penderitaan negaramu kau tutup matamu,jangan pura pura suci",False,34,True
"Ga hanya Himpi yg berterima kasih dn ucapkan apresiasi, saya sbg masyarakat jg demikian, investasi ini baik utk masa depan Rempang utk bisa punya daya saing spt kota2 besar dinegara tetangga @bahlillahadalia @detikcom Bahlil Kawal Investasi  #HIPMIRempang https://t.co/exJjIpH6t5",,id,"Ga hanya Himpi yg berterima kasih dn ucapkan apresiasi, saya sbg masyarakat jg demikian, investasi ini baik utk masa depan Rempang utk bisa punya daya saing spt kota2 besar dinegara tetangga @bahlillahadalia @detikcom Bahlil Kawal Investasi  #HIPMIRempang https   t.co exJjIpH6t5",False,39,True
"@John72994853 @WagimanDeep212_ Mereka mah micek bin mbudeg dengan apa2 yg yerjadi di Rembang, Wadas... sebagaimana pendahulunya yang sama2 micek bin mbudeg soal Rempang, Komodo, dan yg terakhir kmarin",,id,"@John72994853 @WagimanDeep212_ Mereka mah micek bin mbudeg dengan apa2 yg yerjadi di Rembang, Wadas... sebagaimana pendahulunya yang sama2 micek bin mbudeg soal Rempang, Komodo, dan yg terakhir kmarin",False,27,True
"Perkiraan tentang masa depan Investasi Rempang sangat menjanjikan, Himpunan Pengusaha Muda Indonesia bersama Bahlil Kawal Investasi Rempang Eco City dan selalu memastikan bahwa Investasi ini akan berjalan sesuai dengan harapan #HIPMIRempang",,id,"Perkiraan tentang masa depan Investasi Rempang sangat menjanjikan, Himpunan Pengusaha Muda Indonesia bersama Bahlil Kawal Investasi Rempang Eco City dan selalu memastikan bahwa Investasi ini akan berjalan sesuai dengan harapan #HIPMIRempang",False,31,True
Hilma foto sawah gk disapa? omBaik @sherpa701 ini ddpn makam ayah hilma 😣🙇🏼‍♀🙏🏻😔 :)  kitabisa com di bio.  Panjang umur kebaikan  rempang allahu akbar hujan imam mahdi nabi isa Bali gempa panas Limpo prabowo kaesang Ganjar anies jokowi jessica netflix gibran hamas israel IKN https://t.co/Xg29wfjHai,,id,Hilma foto sawah gk disapa? omBaik @sherpa701 ini ddpn makam ayah hilma       kitabisa com di bio.  Panjang umur kebaikan  rempang allahu akbar hujan imam mahdi nabi isa Bali gempa panas Limpo prabowo kaesang Ganjar anies jokowi jessica netflix gibran hamas israel IKN https   t.co Xg29wfjHai,False,44,True
"Cara Santun Warga Melayu Rempang Tolak Relokasi, Dari Pantun Hingga Sholawat  Isnur juga memastikan kalau aksi solidaritas warga ini secara langsung membantah klaim Bahlil Lahadalia yang menyatakan bahwa ada 70 persen warga yang setuju untuk direlokasi. https://t.co/iSBrPpsBVO",,id,"Cara Santun Warga Melayu Rempang Tolak Relokasi, Dari Pantun Hingga Sholawat  Isnur juga memastikan kalau aksi solidaritas warga ini secara langsung membantah klaim Bahlil Lahadalia yang menyatakan bahwa ada 70 persen warga yang setuju untuk direlokasi. https   t.co iSBrPpsBVO",False,38,True
"Bismillah  Kabar baru nih dari emak² tangguh di Kampung Tua Rempang.  Tetap Semangat mempertahankan Kampung Tua Mereka. Pokoknya... No Oligarki‼️ Oligarki tidak boleh masuk Rempang, begitu kata mereka. (19/10/2023)  Allahu Akbar ☝️ https://t.co/qecn24KbDX",,id,"Bismillah  Kabar baru nih dari emak² tangguh di Kampung Tua Rempang.  Tetap Semangat mempertahankan Kampung Tua Mereka. Pokoknya... No Oligarki  Oligarki tidak boleh masuk Rempang, begitu kata mereka.  19 10 2023   Allahu Akbar  https   t.co qecn24KbDX",False,35,True
"HIPMI yakin investasi Rempang akan menciptakan efek domino positif dalam pertumbuhan ekonomi nasional. Kami bangga menjadi bagian dari dukungan ini bersama Menteri Investasi Bahlil Lahadalia. Bersama, kita wujudkan masa depan yang lebih cerah. #HIPMIRempang Bahlil Kawal Investasi https://t.co/CzkUHdVZ20",,id,"HIPMI yakin investasi Rempang akan menciptakan efek domino positif dalam pertumbuhan ekonomi nasional. Kami bangga menjadi bagian dari dukungan ini bersama Menteri Investasi Bahlil Lahadalia. Bersama, kita wujudkan masa depan yang lebih cerah. #HIPMIRempang Bahlil Kawal Investasi https   t.co CzkUHdVZ20",False,39,True
Pertemuan dan dialog langsung Airlangga dengan masyarakat Tanjung Banon berlangsung dalam suasana akrab serta diliputi dengan harapan-harapan yang disampaikan oleh masyarakat. #GolkarIndonesia #AirlanggaHartarto #Jokowi #rempang #beritaterkini https://t.co/ntRmxlrBjM,,id,Pertemuan dan dialog langsung Airlangga dengan masyarakat Tanjung Banon berlangsung dalam suasana akrab serta diliputi dengan harapan-harapan yang disampaikan oleh masyarakat. #GolkarIndonesia #AirlanggaHartarto #Jokowi #rempang #beritaterkini https   t.co ntRmxlrBjM,False,27,True
"@Ridwan_noer @VIVAcoid Sama yg rempang jelas banget Mou baru juli, amdal ga ada, studi kelayakan ga ada, hpl belum terbit , ngusir warga udah duluan tp tempat relokasi belum ada.",,id,"@Ridwan_noer @VIVAcoid Sama yg rempang jelas banget Mou baru juli, amdal ga ada, studi kelayakan ga ada, hpl belum terbit , ngusir warga udah duluan tp tempat relokasi belum ada.",False,28,True
"@Kanseulir @Miduk17 Mungkin hitungannya 140/280jt yg tidak puas, selebihnya puas gitu. Tp belum hitung yg di Rempang, dan tempat-tempat lainnya. Belum lagi yg kena imbas omnibus law tenaga kerja, pengangguran, dll.",,id,"@Kanseulir @Miduk17 Mungkin hitungannya 140 280jt yg tidak puas, selebihnya puas gitu. Tp belum hitung yg di Rempang, dan tempat-tempat lainnya. Belum lagi yg kena imbas omnibus law tenaga kerja, pengangguran, dll.",False,31,True
"@Dandhy_Laksono Ternyata ancaman di copot, pantes aja pihak Kepolisian tega melakukan tindakan keras terhadap rakyat pulau Rempang,  Pak @jokowi mohon untuk tidak meninggalkan jejak kinerja buruk pak,   Dan ini 👇 Akibat aturan Dari Bpk Jokowi https://t.co/T3wwU1Wti5",,id,"@Dandhy_Laksono Ternyata ancaman di copot, pantes aja pihak Kepolisian tega melakukan tindakan keras terhadap rakyat pulau Rempang,  Pak @jokowi mohon untuk tidak meninggalkan jejak kinerja buruk pak,   Dan ini  Akibat aturan Dari Bpk Jokowi https   t.co T3wwU1Wti5",False,35,True
DPR memberikan apresiasi atas kinerja pak Bahlil yang menggandeng masyarakat dalam proyek eco city. Kerjasama yang baik akan memajukan pembangunan daerah Rempang Aman #DukungBahlil https://t.co/AFPbCtVdu7,,id,DPR memberikan apresiasi atas kinerja pak Bahlil yang menggandeng masyarakat dalam proyek eco city. Kerjasama yang baik akan memajukan pembangunan daerah Rempang Aman #DukungBahlil https   t.co AFPbCtVdu7,False,26,True
Humanity above everything.   Silakan cuap-cuap bersimpati terhadap Palestina &amp  alangkah makin ciamik kalo peduli juga isu-isu lokal seperti perampasan tanah di Rempang misalnya atau Dago Elos/Seruyan/Wadas mungkin.  😁🫶🏻😁🫶🏻😁🫶🏻😁,,id,Humanity above everything.   Silakan cuap-cuap bersimpati terhadap Palestina  amp  alangkah makin ciamik kalo peduli juga isu-isu lokal seperti perampasan tanah di Rempang misalnya atau Dago Elos Seruyan Wadas mungkin.,False,27,True
@BayuAngora Lalu kenapa congormu tak pernah sekalipun membahas Rempang? Apakah Rempang tidak kau anggap sebagai saudara negeri sendiri?  Atau bayaran nasbung tidak dialokasikan utk bahas Rempang? https://t.co/BqjU532BzT,,id,@BayuAngora Lalu kenapa congormu tak pernah sekalipun membahas Rempang? Apakah Rempang tidak kau anggap sebagai saudara negeri sendiri?  Atau bayaran nasbung tidak dialokasikan utk bahas Rempang? https   t.co BqjU532BzT,False,28,True
"@floreskekinian2 @CNBC @BreakingNews Semua kalangan mendapatkan imbas positif dari adanya proyek yang ada di pulau rempang, menteri kita Peduli Usaha Kecil supaya merata keadilan yang didapat  #BahlilUMK",,id,"@floreskekinian2 @CNBC @BreakingNews Semua kalangan mendapatkan imbas positif dari adanya proyek yang ada di pulau rempang, menteri kita Peduli Usaha Kecil supaya merata keadilan yang didapat  #BahlilUMK",False,27,True
"Menteri Investasi/Kepala BKPM, Bahlil Lahadalia, turun lagi ke Rempang,  Kota Batam pada Jumat, 6 Oktober 2023, disambut mobilisasi warga dari pulau sekitar untuk menolak relokasi. https://t.co/7sMbi2YJnZ #rempang #batam",,id,"Menteri Investasi Kepala BKPM, Bahlil Lahadalia, turun lagi ke Rempang,  Kota Batam pada Jumat, 6 Oktober 2023, disambut mobilisasi warga dari pulau sekitar untuk menolak relokasi. https   t.co 7sMbi2YJnZ #rempang #batam",False,29,True
"Konflik Agraria terus merebak. Pasaman Sumbar, Rempang Riau, Gorontalo, Lampung, Seruyan terupdate di media nasional. Sebenarnya jika dipublikasikan secara massif, aksi massa rakyat (petani) menuntut soal-soal agraria tak akan ada habisnya.   https://t.co/XviAO0yEcN",,id,"Konflik Agraria terus merebak. Pasaman Sumbar, Rempang Riau, Gorontalo, Lampung, Seruyan terupdate di media nasional. Sebenarnya jika dipublikasikan secara massif, aksi massa rakyat  petani  menuntut soal-soal agraria tak akan ada habisnya.   https   t.co XviAO0yEcN",False,32,True
Kepolisian didesak membebaskan 30 warga yang terlibat unjuk rasa terkait konflik agraria di Pulau Rempang. Sejumlah warga yang ditahan itu merupakan tulang punggung keluarga. #Nusantara #AdadiKompas    https://t.co/kgI8z718sj,,id,Kepolisian didesak membebaskan 30 warga yang terlibat unjuk rasa terkait konflik agraria di Pulau Rempang. Sejumlah warga yang ditahan itu merupakan tulang punggung keluarga. #Nusantara #AdadiKompas    https   t.co kgI8z718sj,False,28,True
"BAHLIL TOLAK BEBASKAN WARGA REMPANG: KALAU DIBIARKAN, NEGARA KITA JADI NEGARA PREMAN.  Pertanyaan: Lebih PREMAN mana dg PENGUASA yg menyuruh RAKYAT pindah dr tempat tinggalnya tanpa memberi HAK mrk terlebih dahulu? #mikir  https://t.co/iRswHMMROn",,id,"BAHLIL TOLAK BEBASKAN WARGA REMPANG  KALAU DIBIARKAN, NEGARA KITA JADI NEGARA PREMAN.  Pertanyaan  Lebih PREMAN mana dg PENGUASA yg menyuruh RAKYAT pindah dr tempat tinggalnya tanpa memberi HAK mrk terlebih dahulu? #mikir  https   t.co iRswHMMROn",False,34,True
"PERISTIWA YG DIALAMI SAUDARA KITA DI REMPANG GALANG AKIBAT KLAIM SEPIHAK KAWASAN HUTAN NEGARA SECARA SEPIHAK ATAS TANAH ULAYAT / RAKYAT, KEMUDIAN DIPERTEGAS OLEH ATR / BPN, JADI 2 INSTANSI ITU BIANG KEROK WAJIB DIBENAHI PRESIDEN.  https://t.co/DB331i2Y8G",,de,"PERISTIWA YG DIALAMI SAUDARA KITA DI REMPANG GALANG AKIBAT KLAIM SEPIHAK KAWASAN HUTAN NEGARA SECARA SEPIHAK ATAS TANAH ULAYAT   RAKYAT, KEMUDIAN DIPERTEGAS OLEH ATR   BPN, JADI 2 INSTANSI ITU BIANG KEROK WAJIB DIBENAHI PRESIDEN.  https   t.co DB331i2Y8G",False,35,True
warga Pulau Rempang yang terkena dampak pembangunan  Rempang Eco City untuk tidak khawatir dengan kompensasi yang diberikan pemerintah.  Bahlil Kawal Investasi #HIPMIRempang  @PoskotaJ @poskota_jateng  https://t.co/myP67s3dD3,,id,warga Pulau Rempang yang terkena dampak pembangunan  Rempang Eco City untuk tidak khawatir dengan kompensasi yang diberikan pemerintah.  Bahlil Kawal Investasi #HIPMIRempang  @PoskotaJ @poskota_jateng  https   t.co myP67s3dD3,False,25,True
@floreskekinian2 @MataNajwa @tvOneNews @karniilyas Yuk kapan lagi ada proyek Rempang eco city #DukungBahlil semoga masyarakat mau terlibat agar proyek Rempang ini berjalan lancar dan Aman untuk segera ditempati,,id,@floreskekinian2 @MataNajwa @tvOneNews @karniilyas Yuk kapan lagi ada proyek Rempang eco city #DukungBahlil semoga masyarakat mau terlibat agar proyek Rempang ini berjalan lancar dan Aman untuk segera ditempati,False,28,True
"Penjajahan berganti dari Pusat ke Pemprov!! Mirip rempang ya?pusat nya Binjai. Setelah ditinggal Gub gini, Plt gk ada yg bagus kutengok. Mending ksh Sekda/Asekda. Yg angkat Kementrian yg ganti Pemprov, mo jadikan apalagi itu.hati2 medali internasional ditarik kembali!!!😲😲😲",,id,"Penjajahan berganti dari Pusat ke Pemprov!! Mirip rempang ya?pusat nya Binjai. Setelah ditinggal Gub gini, Plt gk ada yg bagus kutengok. Mending ksh Sekda Asekda. Yg angkat Kementrian yg ganti Pemprov, mo jadikan apalagi itu.hati2 medali internasional ditarik kembali!!!",False,39,True
"Temuan NCW terkait kasus Rempang menunjukkan, kebohongan pemerintah bertumpuk2 dlm proyek Rempang:  1. Pemerintah menyatakan, Xinyi Group (XG) perusahaan kelas dunia dgn jangkauan pasar global. Faktanya, XG bukan perusahaan kelas dunia. https://t.co/kIshWJDW5x",,id,"Temuan NCW terkait kasus Rempang menunjukkan, kebohongan pemerintah bertumpuk2 dlm proyek Rempang   1. Pemerintah menyatakan, Xinyi Group  XG  perusahaan kelas dunia dgn jangkauan pasar global. Faktanya, XG bukan perusahaan kelas dunia. https   t.co kIshWJDW5x",False,32,True
"Nasional Corruption Watch (NCW) menyangsikan realisasi proyek Rempang Eco-City. Sebab, Xinyi Glass Holding Limited selaku investor proyek tersebut dikatakan telah beberapa kali tidak menjalankan komitmen investasinya.  https://t.co/3AiTl4N0a1",,id,"Nasional Corruption Watch  NCW  menyangsikan realisasi proyek Rempang Eco-City. Sebab, Xinyi Glass Holding Limited selaku investor proyek tersebut dikatakan telah beberapa kali tidak menjalankan komitmen investasinya.  https   t.co 3AiTl4N0a1",False,27,True
"Dalam gerakan Bahlil Kawal Investasi DPR beri dukungan untuk memberikan hak warga Rempang yang terdampak oleh investasi,dengan emberikan ganti rugi kepada warga Pulau Rempang yang terdampak Proyek Strategis Nasional (PSN) Rempang Eco City. #HIPMIRempang https://t.co/wxgGPhPTy4",,id,"Dalam gerakan Bahlil Kawal Investasi DPR beri dukungan untuk memberikan hak warga Rempang yang terdampak oleh investasi,dengan emberikan ganti rugi kepada warga Pulau Rempang yang terdampak Proyek Strategis Nasional  PSN  Rempang Eco City. #HIPMIRempang https   t.co wxgGPhPTy4",False,37,True
"@jokowi Anda, menteri dan aparat TNI POLRI telah zhoilm kepada warga Rempang dan Rakyat yg anda gusur demi investasi. Ingatlah ALLAH SWT berfirman: dan perhatikanlah bagaimana kesudahan orang yang berbuat zholim"". (Al Qoshosh: 40)""",,id,"@jokowi Anda, menteri dan aparat TNI POLRI telah zhoilm kepada warga Rempang dan Rakyat yg anda gusur demi investasi. Ingatlah ALLAH SWT berfirman  dan perhatikanlah bagaimana kesudahan orang yang berbuat zholim .  Al Qoshosh  40",False,34,True
@DjogdjaKembali @Nicho_Silalahi @jokowi Anj*** selalu menjilat kaki tuannya dan akan menggonggong kencang jika ada yg berusaha mengusik majikannya. Masyarakat rempang adalah saudara kami hanya anj*** yg tidak punya saudara.,,id,@DjogdjaKembali @Nicho_Silalahi @jokowi Anj    selalu menjilat kaki tuannya dan akan menggonggong kencang jika ada yg berusaha mengusik majikannya. Masyarakat rempang adalah saudara kami hanya anj    yg tidak punya saudara.,False,28,True
pendekatan secara humanis oleh bapak bahlil pada warga rempang sungguh sangat bagus. semoga rencana ini bisa berjalan dengan lancar.  Bahlil Kawal Investasi #HIPMIRempang https://t.co/O8ILtmF9Z5,,id,pendekatan secara humanis oleh bapak bahlil pada warga rempang sungguh sangat bagus. semoga rencana ini bisa berjalan dengan lancar.  Bahlil Kawal Investasi #HIPMIRempang https   t.co O8ILtmF9Z5,False,25,True
"@gm_gm Sudahlah om, kami org kecil biasa dilecehkan! Bukan hanya perkara policik kekuasaan macam ini saja.  Sejak Omnimbuslaw disahkan, UU Minerba, diskon hukuman maling (koruptor), pembunuh dll. Rempang, dsb. 😊",,id,"@gm_gm Sudahlah om, kami org kecil biasa dilecehkan! Bukan hanya perkara policik kekuasaan macam ini saja.  Sejak Omnimbuslaw disahkan, UU Minerba, diskon hukuman maling  koruptor , pembunuh dll. Rempang, dsb.",False,28,True
@AndiSinulingga sampai detik ini wan imigran belum pernah bilang.. 1. he ntikan pnggusuran rempang 2. Hentikan ikn 3 . hentikan kereta cepat. padahal slogannya perubhan.. para cecunguknya ngaku paling melawan. tapi pujaannya mingkem.. 🤭,,id,@AndiSinulingga sampai detik ini wan imigran belum pernah bilang.. 1. he ntikan pnggusuran rempang 2. Hentikan ikn 3 . hentikan kereta cepat. padahal slogannya perubhan.. para cecunguknya ngaku paling melawan. tapi pujaannya mingkem..,False,29,True
"Hipmi menghadirkan harapan bagi masyarakat Rempang dengan pelatihan keterampilan dan peluang kerja. Dalam sinergi dengan pemerintah, kami membuka pintu bagi pertumbuhan ekonomi yang adil dan berkesinambungan. Bahlil Kawal Investasi #HIPMIRempang https://t.co/rI3vpAkjDf",,id,"Hipmi menghadirkan harapan bagi masyarakat Rempang dengan pelatihan keterampilan dan peluang kerja. Dalam sinergi dengan pemerintah, kami membuka pintu bagi pertumbuhan ekonomi yang adil dan berkesinambungan. Bahlil Kawal Investasi #HIPMIRempang https   t.co rI3vpAkjDf",False,32,True
"Semua pihak yg terlibat emang perlu dirangkul, diajak musyawarah terutama masyarakat sekitar. Semoga proyek ini kedepannya memberikan masa depan yg baik  untuk Rempang aman aaamiin #dukungBahlil   https://t.co/yxKe5X4SC4",,id,"Semua pihak yg terlibat emang perlu dirangkul, diajak musyawarah terutama masyarakat sekitar. Semoga proyek ini kedepannya memberikan masa depan yg baik  untuk Rempang aman aaamiin #dukungBahlil   https   t.co yxKe5X4SC4",False,28,True
Masih soal JANJI. Sekian tahun blm tuntas pula lahan yg dipakai buat Mandalika  Track record Pemerintah amat buruk urusan tunaikan janji. Di Seruyan bahkan sudah bertahun tak ditunaikan &amp  malah jatuh korban  Apa Masyarakat Rempang mau alami hal serupa?  https://t.co/lXujSQACcf,,id,Masih soal JANJI. Sekian tahun blm tuntas pula lahan yg dipakai buat Mandalika  Track record Pemerintah amat buruk urusan tunaikan janji. Di Seruyan bahkan sudah bertahun tak ditunaikan  amp  malah jatuh korban  Apa Masyarakat Rempang mau alami hal serupa?  https   t.co lXujSQACcf,False,41,True
"@SukoharjoTf @willsarana Justru dari semua yang udah pasti maju, dua orang ini yang paling banyak bermasalah, wadas? Kanjuruan yang gak ada kabar? Rempang? 349 T? Masih banyak masalah lainnya kalo mau diinget2",,id,"@SukoharjoTf @willsarana Justru dari semua yang udah pasti maju, dua orang ini yang paling banyak bermasalah, wadas? Kanjuruan yang gak ada kabar? Rempang? 349 T? Masih banyak masalah lainnya kalo mau diinget2",False,31,True
"Bahlil Kawal Investasi untuk pembangunan di Rempang. Dengan berkomitmen untuk memperkuat keterampilan warga, pak Bahlil mendirikan UKM center untuk para warga Rempang  #HIPMIRempang https://t.co/5hyxH931cB",,id,"Bahlil Kawal Investasi untuk pembangunan di Rempang. Dengan berkomitmen untuk memperkuat keterampilan warga, pak Bahlil mendirikan UKM center untuk para warga Rempang  #HIPMIRempang https   t.co 5hyxH931cB",False,25,True
"@estananto Kan bukan sedang ngutang di bank, sehingga takut bila didatangi ke rumah, tapi lebih ke sudut pandang warga rempang batam. Berpuluh tahun dihujani bom, tidak mungkin anda bisa berada di posisi sudut pandang tsb. Lebih ke komentator sepak bola tarkam",,id,"@estananto Kan bukan sedang ngutang di bank, sehingga takut bila didatangi ke rumah, tapi lebih ke sudut pandang warga rempang batam. Berpuluh tahun dihujani bom, tidak mungkin anda bisa berada di posisi sudut pandang tsb. Lebih ke komentator sepak bola tarkam",False,41,True
Tanggapan ade armando tentang Channel Youth-TV  Panas Virly Virginia Bromo Indonesia Adulting Majalah Bobo Lucas KDRT Rempang BECKY IS COMING HOME Yesus Kristus Berkedut   #YTVPSI https://t.co/JCbH8LAOWL,,id,Tanggapan ade armando tentang Channel Youth-TV  Panas Virly Virginia Bromo Indonesia Adulting Majalah Bobo Lucas KDRT Rempang BECKY IS COMING HOME Yesus Kristus Berkedut   #YTVPSI https   t.co JCbH8LAOWL,False,26,True
HIPMI mengapresiasi menteri Bahlil dalam proyek Rempang Eco Park dan meyakini bahwa investasi akan berjalan lancar dan mensejahterakan warga sekitar Bahlil Kawal Investasi #HIPMIRempang https://t.co/0l2gn4sMQB,,id,HIPMI mengapresiasi menteri Bahlil dalam proyek Rempang Eco Park dan meyakini bahwa investasi akan berjalan lancar dan mensejahterakan warga sekitar Bahlil Kawal Investasi #HIPMIRempang https   t.co 0l2gn4sMQB,False,26,True
"Lagi dn terulang lgi,blm hilang ingatan kita tragedi Rempang, kali ini terjadi lg menimpa warga Bangkal Seruyan Raya Kalteng. Kriminalisasi dn tindak kekerasan oleh aparat kepolisian. Pak Presiden @jokowi dimana keadilan bagi seluruh rakyat, pak @ListyoSigitP apa ini prosedurnya? https://t.co/pVFgVWVNBz",,id,"Lagi dn terulang lgi,blm hilang ingatan kita tragedi Rempang, kali ini terjadi lg menimpa warga Bangkal Seruyan Raya Kalteng. Kriminalisasi dn tindak kekerasan oleh aparat kepolisian. Pak Presiden @jokowi dimana keadilan bagi seluruh rakyat, pak @ListyoSigitP apa ini prosedurnya? https   t.co pVFgVWVNBz",False,42,True
"@IND0_Update @mediaindonesia @indozonemedia langkah yang di ambil pak bahlil memang sangat tepat, kita sebagai warga yang baik sudah seharusnya #DukungBahlil supaya situasi Rempang Aman dan terkendali",,id,"@IND0_Update @mediaindonesia @indozonemedia langkah yang di ambil pak bahlil memang sangat tepat, kita sebagai warga yang baik sudah seharusnya #DukungBahlil supaya situasi Rempang Aman dan terkendali",False,25,True
Kami teguh dalam mendukung investasi berkelanjutan! HIPMI mengucapkan terima kasih kepada Menteri Bahlil yang tekun mengawal proyek Rempang Eco Park. @prabowo  Bahlil Kawal Investasi #HIPMIRempang https://t.co/1BQzENVrde,,id,Kami teguh dalam mendukung investasi berkelanjutan! HIPMI mengucapkan terima kasih kepada Menteri Bahlil yang tekun mengawal proyek Rempang Eco Park. @prabowo  Bahlil Kawal Investasi #HIPMIRempang https   t.co 1BQzENVrde,False,27,True
Setuju sekali dengan pak Bahlil yang melakukan pendekatan humanis dalam proyek Rempang kali ini. Memang penerintahpun harus memanusiakan masyarakat Bahlil Kawal Investasi #HIPMIRempang https://t.co/lk9r0ek5sd,,id,Setuju sekali dengan pak Bahlil yang melakukan pendekatan humanis dalam proyek Rempang kali ini. Memang penerintahpun harus memanusiakan masyarakat Bahlil Kawal Investasi #HIPMIRempang https   t.co lk9r0ek5sd,False,25,True
"@acGA__ Kalau satu paket sembako  Rp100.000 x100 pas 10 juta,berarti sdh bisa membantu 100 Kepala Keluarga di Pulau Rempang,Galang,mereka masih membutuhkan dan masih Bertahan di tanah Leluhur mereka..",,id,"@acGA__ Kalau satu paket sembako  Rp100.000 x100 pas 10 juta,berarti sdh bisa membantu 100 Kepala Keluarga di Pulau Rempang,Galang,mereka masih membutuhkan dan masih Bertahan di tanah Leluhur mereka..",False,29,True
"@Twitkustik @MurtadhaOne1 Ya ya, penuh canda, Naikin bbm ngumpet, ngusir warga rempang, Naikin pajak, gadaikan apbn buat KCIC , enteng aja! Nyebong nye dungukan diri? Enteng aja! Emang enak jadi rakyat mukidi Men cebong kan diri",,id,"@Twitkustik @MurtadhaOne1 Ya ya, penuh canda, Naikin bbm ngumpet, ngusir warga rempang, Naikin pajak, gadaikan apbn buat KCIC , enteng aja! Nyebong nye dungukan diri? Enteng aja! Emang enak jadi rakyat mukidi Men cebong kan diri",False,35,True
"DIRAMPAS! WARGA DI USIR DARI TANAHNYA! APA YANG ANDA LAKUKAN! APA BUKTI YANG ANDA UCAPKAN! RAKYAT REMPANG WARGA PERKEBUNAN SAWIT DI MANA2 MEREKA HARUS TINGGALKAN KARENA HARUS BERHADAPAN DENGAN APARAT BERSERAGAM DAN BERPAKAIAN SIPIL DENGAN PAKSA! DIMANA ANDA? JANGAN BOHONG PAK!""""",,de,DIRAMPAS! WARGA DI USIR DARI TANAHNYA! APA YANG ANDA LAKUKAN! APA BUKTI YANG ANDA UCAPKAN! RAKYAT REMPANG WARGA PERKEBUNAN SAWIT DI MANA2 MEREKA HARUS TINGGALKAN KARENA HARUS BERHADAPAN DENGAN APARAT BERSERAGAM DAN BERPAKAIAN SIPIL DENGAN PAKSA! DIMANA ANDA? JANGAN BOHONG PAK!,False,41,True
@IND0_Update @MataNajwa @Metro_TV @tvOneNews Apresiasi tinggi untuk HIPMI yang mendukung investasi ini dengan penuh semangat! Kerja keras Menteri Bahlil dalam mengawal realisasi proyek Rempang Eco Park patut diacungi jempol. Bahlil Kawal Investasi #HIPMIRempang,,id,@IND0_Update @MataNajwa @Metro_TV @tvOneNews Apresiasi tinggi untuk HIPMI yang mendukung investasi ini dengan penuh semangat! Kerja keras Menteri Bahlil dalam mengawal realisasi proyek Rempang Eco Park patut diacungi jempol. Bahlil Kawal Investasi #HIPMIRempang,False,31,True
"Salah satu contoh media berita yg dikuasai China, yg terjadi dilapangan HMI bela rempang, tiba2 dateng preman sebagai masa tandingan, sama seperti demo aliansi buruh, dicegat masa partai buruh dan preman !  Ah benci amat kalian pada mahasiswa !",,id,"Salah satu contoh media berita yg dikuasai China, yg terjadi dilapangan HMI bela rempang, tiba2 dateng preman sebagai masa tandingan, sama seperti demo aliansi buruh, dicegat masa partai buruh dan preman !  Ah benci amat kalian pada mahasiswa !",False,37,True
IBU2 WARGA MELAYU REMPANG-GALANG Lempar muka BAHLIL dan ANJING2 KOMUNIS BERSERAGAM dengan telur busuk! Dan kalian yg laki2 lawan perjuangan kalian dengan bergerilya menggunakan senjata apapun BUKAN WAKTUNYA LAGI BERSIKAP LEMBUT! https://t.co/hTiCl0MPPZ https://t.co/WaEY5qI1Ue,,id,IBU2 WARGA MELAYU REMPANG-GALANG Lempar muka BAHLIL dan ANJING2 KOMUNIS BERSERAGAM dengan telur busuk! Dan kalian yg laki2 lawan perjuangan kalian dengan bergerilya menggunakan senjata apapun BUKAN WAKTUNYA LAGI BERSIKAP LEMBUT! https   t.co hTiCl0MPPZ https   t.co WaEY5qI1Ue,False,34,True
"@nashirr27 @DivHumas_Polri @addtaufiq @AhlulQohwah @Aryprasetyo85 @03__nakula @007koteka @ilmi_roudhotul @tolakbigotnkri @MangJamet @seeksixsuck @Paltiwest HTI sama sekali tidak punya andil dalam perjuangan kemerdekaan dan merintis berdirinya NKRI. Namun anehnya, organisasi inilah yang paling getol ingin merobohkan sendi-sendi NKRI dan menggantinya dengan khilafah serta membuat isu tentang sengketa tanah di Rempang.",,id,"@nashirr27 @DivHumas_Polri @addtaufiq @AhlulQohwah @Aryprasetyo85 @03__nakula @007koteka @ilmi_roudhotul @tolakbigotnkri @MangJamet @seeksixsuck @Paltiwest HTI sama sekali tidak punya andil dalam perjuangan kemerdekaan dan merintis berdirinya NKRI. Namun anehnya, organisasi inilah yang paling getol ingin merobohkan sendi-sendi NKRI dan menggantinya dengan khilafah serta membuat isu tentang sengketa tanah di Rempang.",False,44,True
"Menteri Investasi dan Kepala Badan Koordinasi Penanaman Modal Bahlil Lahadalia mengklaim Sekitar 70% warga Pasir Panjang, Rempang, Batam, Kepulauan Riau siap dipindahkan ke Tanjung Banun.  #SmartNews @KATADATAcoid https://t.co/RW89D84GIW",,id,"Menteri Investasi dan Kepala Badan Koordinasi Penanaman Modal Bahlil Lahadalia mengklaim Sekitar 70  warga Pasir Panjang, Rempang, Batam, Kepulauan Riau siap dipindahkan ke Tanjung Banun.  #SmartNews @KATADATAcoid https   t.co RW89D84GIW",False,29,True
@kompascom admin @kompascom  ngga sekalian menyebut pejuang kemerdekaan RI atau masyarakat Rempang sbg teroris? Orang2 yg mempertahankan hak2 dan tanah air nya kalian labeli sbg teroris. Sampah banget ya! Admin @kompascom pendukung Zionis!!,,id,@kompascom admin @kompascom  ngga sekalian menyebut pejuang kemerdekaan RI atau masyarakat Rempang sbg teroris? Orang2 yg mempertahankan hak2 dan tanah air nya kalian labeli sbg teroris. Sampah banget ya! Admin @kompascom pendukung Zionis!!,False,33,True
"@lonely_ranger93 @ahmahmNiam @zhil_arf Ya tapi banyak kasus lain yang ngambang di bawah dia, spt rempang, kanjuruhan, dll. Aparat penegak hukum kan kewenangan beliau tapi ya tahu apa saya soal 🤷‍♂️",,id,"@lonely_ranger93 @ahmahmNiam @zhil_arf Ya tapi banyak kasus lain yang ngambang di bawah dia, spt rempang, kanjuruhan, dll. Aparat penegak hukum kan kewenangan beliau tapi ya tahu apa saya soal",False,27,True
"@msaid_didu Saya mau tanya sm bapak, kalo mau jelang pemilu biasanya langkah apa yg di lakukan pemerintah dan partai politik koalisinya..??? Terpikir TDK ada kejanggalan dr kasus Rempang ini di angkat di saat jelang pemilu..???",,id,"@msaid_didu Saya mau tanya sm bapak, kalo mau jelang pemilu biasanya langkah apa yg di lakukan pemerintah dan partai politik koalisinya..??? Terpikir TDK ada kejanggalan dr kasus Rempang ini di angkat di saat jelang pemilu..???",False,34,True
Sebagai rakyat biasa gua juga mau dukung Pak Bahlil Kawal Investasi di Rempang supaya masyarakat juga bisa merasakan dampak positif dari adanya project tersebut  #HIPMIRempang https://t.co/VJpa0mPayq,,id,Sebagai rakyat biasa gua juga mau dukung Pak Bahlil Kawal Investasi di Rempang supaya masyarakat juga bisa merasakan dampak positif dari adanya project tersebut  #HIPMIRempang https   t.co VJpa0mPayq,False,27,True
"https://t.co/GOHCr0NiyP JOKOWI PIMPIN RAPAT SOAL PSN, CUMA PENTINGKAN ANGKA-ANGKA, TK PEDULI RAKYAT TERGUSUR https://t.co/doSFLm3Hkq Warga 16 Kampung Tua Adang Mobil Menteri Bahlil Saat Kunjungi Pulau Rempang #JanganJualIndonesia #GerakanPribumiBangkit #TolakPenjajahChinaKomunis",,id,"https   t.co GOHCr0NiyP JOKOWI PIMPIN RAPAT SOAL PSN, CUMA PENTINGKAN ANGKA-ANGKA, TK PEDULI RAKYAT TERGUSUR https   t.co doSFLm3Hkq Warga 16 Kampung Tua Adang Mobil Menteri Bahlil Saat Kunjungi Pulau Rempang #JanganJualIndonesia #GerakanPribumiBangkit #TolakPenjajahChinaKomunis",False,30,True
"@YLBHI @ListyoSigitP Awalnya warga pulau komodo lanjut Rempang dan  blm selesai menyusul Seruyan  terus sampai kapan rakyat bisa damai sejahtera, katanya negara ini gemah Ripah loh jinawi ttp kenyataanya beras pun import, dan saran pak Tito rakyat di suruh makan ubi karena harga beras mahal, https://t.co/X76vEMVMlO",,id,"@YLBHI @ListyoSigitP Awalnya warga pulau komodo lanjut Rempang dan  blm selesai menyusul Seruyan  terus sampai kapan rakyat bisa damai sejahtera, katanya negara ini gemah Ripah loh jinawi ttp kenyataanya beras pun import, dan saran pak Tito rakyat di suruh makan ubi karena harga beras mahal, https   t.co X76vEMVMlO",False,47,True
"Masyarakat #rempang yang tinggal lama di wilayah Rempang dan ingin berpindah ke lokasi baru yang disediakan oleh BP Batam, mendapatkan manfaat yg dijanjikan oleh pemerintah.  Pemeritah selalu memperhatikan kondisi &amp  kebutuhan masyarakat Rempang Batam.  @jokowi @bahlillahadalia",,id,"Masyarakat #rempang yang tinggal lama di wilayah Rempang dan ingin berpindah ke lokasi baru yang disediakan oleh BP Batam, mendapatkan manfaat yg dijanjikan oleh pemerintah.  Pemeritah selalu memperhatikan kondisi  amp  kebutuhan masyarakat Rempang Batam.  @jokowi @bahlillahadalia",False,36,True
"Kekhawatiran Anies ini bukan tanpa alasan. Karena secara penalaran awam saja, beberapa PSN itu dalam pelaksanaannya tidak mencerminkan untuk kepentingan rakyatnya. Tapi lebih kepada personal atau golongan tertentu saja. Sebagai contoh: proyek di Rempang.",,id,"Kekhawatiran Anies ini bukan tanpa alasan. Karena secara penalaran awam saja, beberapa PSN itu dalam pelaksanaannya tidak mencerminkan untuk kepentingan rakyatnya. Tapi lebih kepada personal atau golongan tertentu saja. Sebagai contoh  proyek di Rempang.",False,34,True
"@Rheny_Prihaty29 @Dennysiregar7 eh bloon,kau kurang wacana ato fanatik buta trhadap presiden? kau buta tdk bs melihat kasus rempang dimana itu adalah PSN yg notabene ambisi politik presiden yg berbuntut pelanggaran HAM? yg hoax itu isi kepalamu karna kurang wacana!",,id,"@Rheny_Prihaty29 @Dennysiregar7 eh bloon,kau kurang wacana ato fanatik buta trhadap presiden? kau buta tdk bs melihat kasus rempang dimana itu adalah PSN yg notabene ambisi politik presiden yg berbuntut pelanggaran HAM? yg hoax itu isi kepalamu karna kurang wacana!",False,39,True
"@tyoojani @SamSoegi @akbarfaizal68 Sebagai ketua TGIPF kasus Kanjuruhan melempem dia...truss kasus Rempang banyak blundernya juga,,kasus yg triliunan yg dia bongkar muaranya gak jelas...ntahlahh kita liat aja besok",,id,"@tyoojani @SamSoegi @akbarfaizal68 Sebagai ketua TGIPF kasus Kanjuruhan melempem dia...truss kasus Rempang banyak blundernya juga,,kasus yg triliunan yg dia bongkar muaranya gak jelas...ntahlahh kita liat aja besok",False,29,True
@msaid_didu Pernyataan Bahlil tentang ada campur tangan negara lain agar Rempang gagal. Saya kira itu cuma sukuzon di Bahlil aj. Yang benar masyarakat Melayu Rempang g mau daerah itu d masuki Tiongkok. Ngerti g tu si Bahlil,,id,@msaid_didu Pernyataan Bahlil tentang ada campur tangan negara lain agar Rempang gagal. Saya kira itu cuma sukuzon di Bahlil aj. Yang benar masyarakat Melayu Rempang g mau daerah itu d masuki Tiongkok. Ngerti g tu si Bahlil,False,33,True
"Gak usah beri pesan  Bercerminlah dgn semua bisnismu yg menggurita di dlm pemerintah, kebijakanmu yg menguntungkan kaum kaya &amp  merugikan rakyat, menghalalkan segala cara utk mencapai tujuan, &amp  kezaliman kpd warga yg lemah (misal, warga Rempang)",,id,"Gak usah beri pesan  Bercerminlah dgn semua bisnismu yg menggurita di dlm pemerintah, kebijakanmu yg menguntungkan kaum kaya  amp  merugikan rakyat, menghalalkan segala cara utk mencapai tujuan,  amp  kezaliman kpd warga yg lemah  misal, warga Rempang",False,36,True
"Kekerasan di Rempang, Seruyan dan di tempat2 lokasi investasi lainnya itu bukan perkara komunikasi tapi perkara konsekuensi logis dari kebijakan investasi yg mengabaikan hak hidup dan ruang hidup rakyat. Ke depan kerja polisi&amp  tentara akan lbh bnyk berperang dng rakyat sendiri",,id,"Kekerasan di Rempang, Seruyan dan di tempat2 lokasi investasi lainnya itu bukan perkara komunikasi tapi perkara konsekuensi logis dari kebijakan investasi yg mengabaikan hak hidup dan ruang hidup rakyat. Ke depan kerja polisi amp  tentara akan lbh bnyk berperang dng rakyat sendiri",False,42,True
"Eh  Di 2023 ini, distraksi terbesar sebenernya bukan rempang, tapi ada dua yg terjadi dekat G30S  - penahanan artis kena Judi Online dan kasus duta judol, ini terjadi stlh issue Rempang agak mereda - tiktok shop",,id,"Eh  Di 2023 ini, distraksi terbesar sebenernya bukan rempang, tapi ada dua yg terjadi dekat G30S  - penahanan artis kena Judi Online dan kasus duta judol, ini terjadi stlh issue Rempang agak mereda - tiktok shop",False,34,True
"Rasanya tak mungkin ada pembicaraan kondusif sebab penduduk rempang &amp  rakyat RI sdh kecewa berat. Apalagi tahu itu untuk objek pemindahan puluhan ribuan TKA vangke. #GantungMatiAnjingPeking  #GantungMatiAnjingPeking Investasi itu duit aja bukan orangnya ikut pindah, dasar idiot.",,id,"Rasanya tak mungkin ada pembicaraan kondusif sebab penduduk rempang  amp  rakyat RI sdh kecewa berat. Apalagi tahu itu untuk objek pemindahan puluhan ribuan TKA vangke. #GantungMatiAnjingPeking  #GantungMatiAnjingPeking Investasi itu duit aja bukan orangnya ikut pindah, dasar idiot.",False,37,True
@IND0_Update @MataNajwa @Metro_TV @tvOneNews Proyek Rempang Eco Park adalah contoh bagaimana investasi dapat menjadi alat untuk melestarikan alam sambil menciptakan lapangan kerja dan pertumbuhan ekonomi. Bahlil Kawal Investasi #HIPMIRempang,,id,@IND0_Update @MataNajwa @Metro_TV @tvOneNews Proyek Rempang Eco Park adalah contoh bagaimana investasi dapat menjadi alat untuk melestarikan alam sambil menciptakan lapangan kerja dan pertumbuhan ekonomi. Bahlil Kawal Investasi #HIPMIRempang,False,27,True
"yuk kapan orang ini kita selesaikan? rakyat Rempang adalah saudaraku, banyak umat Islam juga disana, mari bantu yang tertindas disana, kuncinya kita hidup adalah yang teraniaya wajib kita bela, sedangkan orang satu ini justru membantu penindas rakyat",,id,"yuk kapan orang ini kita selesaikan? rakyat Rempang adalah saudaraku, banyak umat Islam juga disana, mari bantu yang tertindas disana, kuncinya kita hidup adalah yang teraniaya wajib kita bela, sedangkan orang satu ini justru membantu penindas rakyat",False,37,True
@hc_poirot Perlu di ingat kan Rempang itu harus di pertahan kan oleh Rakyat Rempang jika tidak nanti akan menyesal sb jika di bangun proyek eco siti maka akan terjadi lh penjajahan lokal oleh china dgn dalih imvestasi melalui mantri jkw,,id,@hc_poirot Perlu di ingat kan Rempang itu harus di pertahan kan oleh Rakyat Rempang jika tidak nanti akan menyesal sb jika di bangun proyek eco siti maka akan terjadi lh penjajahan lokal oleh china dgn dalih imvestasi melalui mantri jkw,False,39,True
Wooiiii mantri @bkpm  #Bakhil_Bin_Bakhul Kau lapor Lah ke Bohir2 yg suruh Kau. Jgn serba #Fitnah_Ada_IntelAsing.. [Sontoloyo Kau.] #REMPANG  Jgn lupa #Kau_Akan_Pindah_KTP #Alm_Bakhil_Bakhul di Barzah [#SengsaraKan_WNRI_melayu]  Kasian Emak Kau. https://t.co/z7f76vvEtZ,,id,Wooiiii mantri @bkpm  #Bakhil_Bin_Bakhul Kau lapor Lah ke Bohir2 yg suruh Kau. Jgn serba #Fitnah_Ada_IntelAsing..  Sontoloyo Kau.  #REMPANG  Jgn lupa #Kau_Akan_Pindah_KTP #Alm_Bakhil_Bakhul di Barzah  #SengsaraKan_WNRI_melayu   Kasian Emak Kau. https   t.co z7f76vvEtZ,False,25,True
"@hc_poirot harusnya KAPOLRI menangkap pejabat satu ini atas ulahnya Anggota TNI POLRI berhadapan scr brutal dg warga masyarakat rempang, gak pakai lama.  #KPK #PPATK #MAKI #Kapolri #PanglimaTNI #KomnasHam #Ombudsman #KPAI",,id,"@hc_poirot harusnya KAPOLRI menangkap pejabat satu ini atas ulahnya Anggota TNI POLRI berhadapan scr brutal dg warga masyarakat rempang, gak pakai lama.  #KPK #PPATK #MAKI #Kapolri #PanglimaTNI #KomnasHam #Ombudsman #KPAI",False,29,True
"Bismillah  Bahlil Sebut 70 % Warga Pasir Panjang Pulau Rempang Setuju Digeser..🤔  Vd 1: Warga Sembulang Mengklarifikasi bahwa Pernyataan BahLiL itu tdk benar‼️  Vd 2: Kesaksian Warga yg di datangi Preman yg membawa Parang itu benar adanya, &amp  mengaku dr PT MEG‼️  9 Oktober 2023 https://t.co/foeg9PVVfi",,id,"Bismillah  Bahlil Sebut 70   Warga Pasir Panjang Pulau Rempang Setuju Digeser..   Vd 1  Warga Sembulang Mengklarifikasi bahwa Pernyataan BahLiL itu tdk benar   Vd 2  Kesaksian Warga yg di datangi Preman yg membawa Parang itu benar adanya,  amp  mengaku dr PT MEG   9 Oktober 2023 https   t.co foeg9PVVfi",False,43,True
"@hc_poirot Wahai rakyat rempang ..maju terus pantang mundur ..habisi semua aparat tni yg jd anteknya, Londo Erengnya, dan Budaknya para OLIGARKI Cukong China Komunis.@puanmaharani_ri @jokowi @mohmahfudmd @DPR_RI @DivHumas_Polri",,id,"@hc_poirot Wahai rakyat rempang ..maju terus pantang mundur ..habisi semua aparat tni yg jd anteknya, Londo Erengnya, dan Budaknya para OLIGARKI Cukong China Komunis.@puanmaharani_ri @jokowi @mohmahfudmd @DPR_RI @DivHumas_Polri",False,25,True
Setelah pak Prabowo bergabung dg rezim apakah berkurang ketidakadilannya? Beliau bilang bergabung dg rezim agar bisa berjuang dari dalam krn kalau oposisi tdk signifikan. Tapi hasilnya sama saja. Yg terbaru kasus Rempang 😫,,id,Setelah pak Prabowo bergabung dg rezim apakah berkurang ketidakadilannya? Beliau bilang bergabung dg rezim agar bisa berjuang dari dalam krn kalau oposisi tdk signifikan. Tapi hasilnya sama saja. Yg terbaru kasus Rempang,False,32,True
"@tvOneNews Pak... di desa kami juga terancam.. mau nambah lahan , tapi hutan/belukar sudah di blok perusahaan yg mendapat izin permintah.  Perjuangan masyrakat rempang adalah kesadaran buat kami.",,id,"@tvOneNews Pak... di desa kami juga terancam.. mau nambah lahan , tapi hutan belukar sudah di blok perusahaan yg mendapat izin permintah.  Perjuangan masyrakat rempang adalah kesadaran buat kami.",False,28,True
@CNNIndonesia Mau laporan Si Luhut lagi sakit' parah... Proyek kereta cepat Jakarta Surabaya di tunda.. dan Rempang Galang blm bisa di gusur.. Biadabb laknatullah rezim Rungkad..,,id,@CNNIndonesia Mau laporan Si Luhut lagi sakit  parah... Proyek kereta cepat Jakarta Surabaya di tunda.. dan Rempang Galang blm bisa di gusur.. Biadabb laknatullah rezim Rungkad..,False,26,True
"Memposisikan kesalahan ada pada investor di pembangunan #rempang , kurang bijak rasanya.   Strategi pembangunan untuk kemajuan negara harusnya menjadi permasalahan bersama hingga mencapai solusi dari pelbagai permasalahan #rempang",,id,"Memposisikan kesalahan ada pada investor di pembangunan #rempang , kurang bijak rasanya.   Strategi pembangunan untuk kemajuan negara harusnya menjadi permasalahan bersama hingga mencapai solusi dari pelbagai permasalahan #rempang",False,27,True
DPR mengapresiasi langkah pak Bahlil yang melibatkan masyarakat dalam proyek eco city. Pembebasan lahan akan diselesaikan secepatnya sesuai instruksi presiden Rempang Aman #DukungBahlil https://t.co/KXg75wMJ0u,,id,DPR mengapresiasi langkah pak Bahlil yang melibatkan masyarakat dalam proyek eco city. Pembebasan lahan akan diselesaikan secepatnya sesuai instruksi presiden Rempang Aman #DukungBahlil https   t.co KXg75wMJ0u,False,25,True
"@msobri99 Media adu domba, Anis bilang rentan jadi titipan tapi digoreng jd titipan. Klu mo jujur contoh kasus rempang, amdal dan hpl belum ada, yg investasi xinyi group. Di group ini perusahan siapa saja didlmnya, sebagai media mainstream hal2 ini yg harus ditelusuri agar tidak ada dusta",,id,"@msobri99 Media adu domba, Anis bilang rentan jadi titipan tapi digoreng jd titipan. Klu mo jujur contoh kasus rempang, amdal dan hpl belum ada, yg investasi xinyi group. Di group ini perusahan siapa saja didlmnya, sebagai media mainstream hal2 ini yg harus ditelusuri agar tidak ada dusta",False,47,True
"@Ronnie_Rusli TRAGEDI REMPANG sdh masuk ke komisi HAM PBB juga jika lihat beritanya prof, February sdh pilpres dan pileg, hitungan 4 BLN aja rezim ini BERKUASA, mungkin???🤦🤦🤦🙏🙏🙏",,id,"@Ronnie_Rusli TRAGEDI REMPANG sdh masuk ke komisi HAM PBB juga jika lihat beritanya prof, February sdh pilpres dan pileg, hitungan 4 BLN aja rezim ini BERKUASA, mungkin???",False,25,True
@BossToukeeIsa @aniesbaswedan @NasDem @PKSejahtera @DPP_PKB @DPP_PartaiUmmat @cakimiNOW Bro yg tukang ngibul itu pakde joko udah jelas byk yg udah dia omongin eh skrg kenyataannya berbanding terbalik.. Dulu mau buat sertifikat buat org rempang eh malah digusur.. Dasar pinokio,,id,@BossToukeeIsa @aniesbaswedan @NasDem @PKSejahtera @DPP_PKB @DPP_PartaiUmmat @cakimiNOW Bro yg tukang ngibul itu pakde joko udah jelas byk yg udah dia omongin eh skrg kenyataannya berbanding terbalik.. Dulu mau buat sertifikat buat org rempang eh malah digusur.. Dasar pinokio,False,36,True
@IND0_Update @MataNajwa @Metro_TV @tvOneNews HIPMI memperlihatkan komitmen nyata terhadap investasi dan pembangunan ekonomi dengan mendukung proyek Rempang Eco Park dan menghargai kerja keras Menteri Bahlil.  Bahlil Kawal Investasi #HIPMIRempang,,id,@IND0_Update @MataNajwa @Metro_TV @tvOneNews HIPMI memperlihatkan komitmen nyata terhadap investasi dan pembangunan ekonomi dengan mendukung proyek Rempang Eco Park dan menghargai kerja keras Menteri Bahlil.  Bahlil Kawal Investasi #HIPMIRempang,False,27,True
"Dengan adanya proyek Rempang Eco Park warga lokal mendapat kesempatan untuj kerja,HIPMI dan pemerintah akan berkolaborasi agar warga bisa mendapatkan pelatihan Bahlil Kawal Investasi #HIPMIRempang https://t.co/F74GHzt24B",,id,"Dengan adanya proyek Rempang Eco Park warga lokal mendapat kesempatan untuj kerja,HIPMI dan pemerintah akan berkolaborasi agar warga bisa mendapatkan pelatihan Bahlil Kawal Investasi #HIPMIRempang https   t.co F74GHzt24B",False,28,True
@Gank_Of_Petojo @bahlillahadalia @DPR_RI Entah terbukti atau tidak tp sejak awal mencuat masalah perampasan Rempang ini ada semacam keyakinan dalam diri ini bahwa segala kengeyelan itu ujungnya pasti duit BESAR.,,id,@Gank_Of_Petojo @bahlillahadalia @DPR_RI Entah terbukti atau tidak tp sejak awal mencuat masalah perampasan Rempang ini ada semacam keyakinan dalam diri ini bahwa segala kengeyelan itu ujungnya pasti duit BESAR.,False,27,True
"Lewat pendekatan humanis Bahlil, pemerintah dan warga satu suara soal investasi Rempang Eco City. manfaat besar yang akan dirasakan oleh masyarakat Rempang dari keberadaan dan hidupnya ekonomi   Bahlil Kawal Investasi  #HIPMIRempang @detikcom   https://t.co/WTHARYPgF0",,id,"Lewat pendekatan humanis Bahlil, pemerintah dan warga satu suara soal investasi Rempang Eco City. manfaat besar yang akan dirasakan oleh masyarakat Rempang dari keberadaan dan hidupnya ekonomi   Bahlil Kawal Investasi  #HIPMIRempang @detikcom   https   t.co WTHARYPgF0",False,34,True
"BP Batam jg terus  memfasilitasi perpindahan Warga Rempang ke Batam, yg saat ini terus  bertambah. Lokasi relokasi sementara ini beragam, mulai dri Perumahan  Cipta Buana Tembesi, Perumahan Cipta Asri, Perumahan Anggara Graha,  Rusun Muka Kuning, Perumahan Bida 3 Sambau &amp  lain2. https://t.co/N2O67LCTtx",,id,"BP Batam jg terus  memfasilitasi perpindahan Warga Rempang ke Batam, yg saat ini terus  bertambah. Lokasi relokasi sementara ini beragam, mulai dri Perumahan  Cipta Buana Tembesi, Perumahan Cipta Asri, Perumahan Anggara Graha,  Rusun Muka Kuning, Perumahan Bida 3 Sambau  amp  lain2. https   t.co N2O67LCTtx",False,42,True
"@Malika6027 Alhamdulillah yg di tungu2 telah tiba, mudah2n luhut cepat di cabut ye Allah, biar tau betapa tersiksax kalau warga rempang mau di gusur pakek buldoser. Luhut benar2 meresahkan masyarakatx/ rakyat indonesia.",,id,"@Malika6027 Alhamdulillah yg di tungu2 telah tiba, mudah2n luhut cepat di cabut ye Allah, biar tau betapa tersiksax kalau warga rempang mau di gusur pakek buldoser. Luhut benar2 meresahkan masyarakatx  rakyat indonesia.",False,32,True
"Menteri Investasi Bahlil Lahadalia dan Hipmi berkolaborasi membangun Rempang Eco City. Keberhasilan investasi ini tak hanya untuk investor, tapi juga bagi warga lokal. Mari bersama-sama menciptakan kesejahteraan! Bahlil Kawal Investasi #HIPMIRempang https://t.co/1C81yOZv0W",,id,"Menteri Investasi Bahlil Lahadalia dan Hipmi berkolaborasi membangun Rempang Eco City. Keberhasilan investasi ini tak hanya untuk investor, tapi juga bagi warga lokal. Mari bersama-sama menciptakan kesejahteraan! Bahlil Kawal Investasi #HIPMIRempang https   t.co 1C81yOZv0W",False,32,True
"https://t.co/yNtX8TUv7D   Aksi demonstrasi yang terjadi di Pulau Rempang, Batam saat kedatangan Menteri Investasi dan Kepala BPM Bahlil Lahadalia, Jumat (6/10) kemarin, dicurigai dibiayai oleh pengusaha asal Singapura.  #infoalur #singapura",,id,"https   t.co yNtX8TUv7D   Aksi demonstrasi yang terjadi di Pulau Rempang, Batam saat kedatangan Menteri Investasi dan Kepala BPM Bahlil Lahadalia, Jumat  6 10  kemarin, dicurigai dibiayai oleh pengusaha asal Singapura.  #infoalur #singapura",False,30,True
"Menteri @bahlillahadalia menggunakan kata geser"" untuk memperhalus kata ""gusur"" bagi masyarakat Rempang. Justru di situ orang yakin bahwa geser yang Anda maksud, itu gusur. Gusur itu saudara sepupu dari rampas, rampok.""",,id,"Menteri @bahlillahadalia menggunakan kata geser  untuk memperhalus kata  gusur  bagi masyarakat Rempang. Justru di situ orang yakin bahwa geser yang Anda maksud, itu gusur. Gusur itu saudara sepupu dari rampas, rampok.",False,31,True
Komitmen kuat untuk investasi berkelanjutan! HIPMI memberikan penghargaan kepada Menteri Bahlil yang tekun mengawal proyek Rempang Eco Park. @kompascom  Bahlil Kawal Investasi #HIPMIRempang https://t.co/JCMDGYX7iG,,id,Komitmen kuat untuk investasi berkelanjutan! HIPMI memberikan penghargaan kepada Menteri Bahlil yang tekun mengawal proyek Rempang Eco Park. @kompascom  Bahlil Kawal Investasi #HIPMIRempang https   t.co JCMDGYX7iG,False,25,True
"Menjalankan komitmennya perihal investasi Rempang Pak Bahlil Kawal Investasi agar bisa berjalan dengan baik dan juga sesuai yang diharapkan, semuanya dilakukan beliau melalui pendekatan serta merangkul warga di wilayah sekitar yang terdampak #HIPMIRempang https://t.co/a9O4kNr5u9",,id,"Menjalankan komitmennya perihal investasi Rempang Pak Bahlil Kawal Investasi agar bisa berjalan dengan baik dan juga sesuai yang diharapkan, semuanya dilakukan beliau melalui pendekatan serta merangkul warga di wilayah sekitar yang terdampak #HIPMIRempang https   t.co a9O4kNr5u9",False,35,True
"HIPMI, Ketua Bidang Maritim, Kelautan, dan Perikanan BPP, Fathul Nugroho, bersiap untuk mendukung investasi Rempang dgn menggelar pelatihan keterampilan bagi warga. Kolaborasi ini menjadi langkah nyata dalam membangun keberlanjutan investasi. #HIPMIRempang Bahlil Kawal Investasi https://t.co/inJr2lpSCK",,id,"HIPMI, Ketua Bidang Maritim, Kelautan, dan Perikanan BPP, Fathul Nugroho, bersiap untuk mendukung investasi Rempang dgn menggelar pelatihan keterampilan bagi warga. Kolaborasi ini menjadi langkah nyata dalam membangun keberlanjutan investasi. #HIPMIRempang Bahlil Kawal Investasi https   t.co inJr2lpSCK",False,36,True
"@blank0429 Ya saya berharap warga rempang jgn tergiur bujuk rayu penguasa,karna pasti akan menyesal seperti saudara² kita yg sudah duluan berurusan dgn penguasa.            #     MIKIR.     #",,id,"@blank0429 Ya saya berharap warga rempang jgn tergiur bujuk rayu penguasa,karna pasti akan menyesal seperti saudara² kita yg sudah duluan berurusan dgn penguasa.            #     MIKIR.     #",False,25,True
"Ustadz Bachtiar Nasir bocorkan dukungan Umat untuk Capres 2024. Menurutnya Anies, Ganjar, Prabowo jangan menjadi teladan kemusyrikan.  . Saksikan selengkapnya di youtube Abraham Samad SPEAK UP. . https://t.co/0x6etwHgqu . #AbrahamSamad #pilpres2024 #ustadzbactiarnasir #rempang https://t.co/RWN3y4yQQU",,id,"Ustadz Bachtiar Nasir bocorkan dukungan Umat untuk Capres 2024. Menurutnya Anies, Ganjar, Prabowo jangan menjadi teladan kemusyrikan.  . Saksikan selengkapnya di youtube Abraham Samad SPEAK UP. . https   t.co 0x6etwHgqu . #AbrahamSamad #pilpres2024 #ustadzbactiarnasir #rempang https   t.co RWN3y4yQQU",False,32,True
"terima kasih kami ucapkan kpd bapak Kabaintelkam Polri yang telah mberikan bantuan sembako kpd kami, warga relokasi Rempang Batam... nyokap Dedi, istri Bapak Dedi Yunhar... Hamas Gaza Hujan https://t.co/COF8z093Tg https://t.co/sddDM54xMF",,id,"terima kasih kami ucapkan kpd bapak Kabaintelkam Polri yang telah mberikan bantuan sembako kpd kami, warga relokasi Rempang Batam... nyokap Dedi, istri Bapak Dedi Yunhar... Hamas Gaza Hujan https   t.co COF8z093Tg https   t.co sddDM54xMF",False,32,True
Kepolisian didesak membebaskan 30 warga yang terlibat unjuk rasa terkait konflik agraria di Pulau Rempang. Sejumlah warga yang ditahan itu merupakan tulang punggung keluarga. #Nusantara #AdadiKompas  https://t.co/9Um0T5qP3H,,id,Kepolisian didesak membebaskan 30 warga yang terlibat unjuk rasa terkait konflik agraria di Pulau Rempang. Sejumlah warga yang ditahan itu merupakan tulang punggung keluarga. #Nusantara #AdadiKompas  https   t.co 9Um0T5qP3H,False,28,True
"Bahlil kawal  infestasi rempang supaya berdampak baik bagi ekonomi nasional dan daerah, dan dapat membawa kesejahteraan bagi masyarakat rempang dan sekitarnya.  Bahlil kawal infestasi #HIPMIRempang https://t.co/pk4LhrXruN",,id,"Bahlil kawal  infestasi rempang supaya berdampak baik bagi ekonomi nasional dan daerah, dan dapat membawa kesejahteraan bagi masyarakat rempang dan sekitarnya.  Bahlil kawal infestasi #HIPMIRempang https   t.co pk4LhrXruN",False,27,True
"PERISTIWA YANG DIALAMI SAUDARA KITA DI REMPANG GALANG AKIBAT KERAKUSAN KLAIM WILAYAH PERUNTUKAN. BERAWAL DARI KLAIM SEPIHAK KAWASAN HUTAN NEGARA SECARA SEPIHAK ATAS TANAH ULAYAT / RAKYAT .. KEMUDIAN YANG DIPERTEGAS OLEH ATR / BPN, JADI 2 INSTANSI ITU YANG WAJIB DIBENAHI PRESIDEN.",,de,"PERISTIWA YANG DIALAMI SAUDARA KITA DI REMPANG GALANG AKIBAT KERAKUSAN KLAIM WILAYAH PERUNTUKAN. BERAWAL DARI KLAIM SEPIHAK KAWASAN HUTAN NEGARA SECARA SEPIHAK ATAS TANAH ULAYAT   RAKYAT .. KEMUDIAN YANG DIPERTEGAS OLEH ATR   BPN, JADI 2 INSTANSI ITU YANG WAJIB DIBENAHI PRESIDEN.",False,39,True
"@SammiSoh Gila ternyata dampak buruk dari tersebarnya pulau2 nusantara adalah, tenggang rasa dan rasa saling memiliki yg juga redup. Egosentris dan ke sukuan menyumbang sedikit. Saudara kita se tanah air ditembaki di dayak, bulan lalu benteok di rempang. Kita masih bisa tidur nyenyak",,id,"@SammiSoh Gila ternyata dampak buruk dari tersebarnya pulau2 nusantara adalah, tenggang rasa dan rasa saling memiliki yg juga redup. Egosentris dan ke sukuan menyumbang sedikit. Saudara kita se tanah air ditembaki di dayak, bulan lalu benteok di rempang. Kita masih bisa tidur nyenyak",False,43,True
DPR @DPR_RI akan dukung terus langkah pak bahlil @bahlillahadalia yang akan berikan hak warga rempang yang terdampak investasi.  Keren pak bahlil tidak melupakan hak-hak warga yang terdampak investasi.  @jokowi @Gerindra @pandji @tribunnews  Bahlil Kawal Investasi  #HIPMIRempang https://t.co/oZxYAkrARU,,id,DPR @DPR_RI akan dukung terus langkah pak bahlil @bahlillahadalia yang akan berikan hak warga rempang yang terdampak investasi.  Keren pak bahlil tidak melupakan hak-hak warga yang terdampak investasi.  @jokowi @Gerindra @pandji @tribunnews  Bahlil Kawal Investasi  #HIPMIRempang https   t.co oZxYAkrARU,False,36,True
Menteri Investasi/Kepala Badan Koordinasi Penanaman Modal (BKPM) Bahlil Lahadalia meninjau langsung hunian sementara yang telah dihuni oleh beberapa warga Rempang yang setuju melakukan pergeseran sehubungan dengan pembangunan Rempang Eco City  @Li9ayaTalaChes4  #NKRIMembangun https://t.co/LikhJT8tn7,,id,Menteri Investasi Kepala Badan Koordinasi Penanaman Modal  BKPM  Bahlil Lahadalia meninjau langsung hunian sementara yang telah dihuni oleh beberapa warga Rempang yang setuju melakukan pergeseran sehubungan dengan pembangunan Rempang Eco City  @Li9ayaTalaChes4  #NKRIMembangun https   t.co LikhJT8tn7,False,35,True
"Karena dengan pemikiran yang luas untuk kesejahteraan masyarakat rempang Pak Bahlil Kawal Investasi dan terjun langsung untuk mengantisipasinya,karena dengan tindakan ini juga akan baik untuk sebuah kebutuhan masyarakat rempang. #HIPMIRempang @officialinews_  @liputan6dotcom https://t.co/njC43P9ZUb",,id,"Karena dengan pemikiran yang luas untuk kesejahteraan masyarakat rempang Pak Bahlil Kawal Investasi dan terjun langsung untuk mengantisipasinya,karena dengan tindakan ini juga akan baik untuk sebuah kebutuhan masyarakat rempang. #HIPMIRempang @officialinews_  @liputan6dotcom https   t.co njC43P9ZUb",False,34,True
@cakyono3 @ekowboy2 Mosok?...trus taunya apa saja? Semua kputusan dlm mengambil kebijahkan ada sm beliau.salah satu contohnya soa tanahl rempang..dia tahu apa ngak soal ada konglonerat sperti Tommy winata?🤔😁,,id,@cakyono3 @ekowboy2 Mosok?...trus taunya apa saja? Semua kputusan dlm mengambil kebijahkan ada sm beliau.salah satu contohnya soa tanahl rempang..dia tahu apa ngak soal ada konglonerat sperti Tommy winata?,False,29,True
"@msaid_didu Kan udah bukan rahasia lagi dijamannya, ada tim pelapor ada juga tim yg menerima laporan,  Ada penggugat ada pula yg menerima mengabulkan gugatan,  Sementara kita lupa dengan rempang galang dan IKN, Selesaikan apa yg menjadikan semua itu terjadi, akhiri yg menjadikan itu terjadi",,id,"@msaid_didu Kan udah bukan rahasia lagi dijamannya, ada tim pelapor ada juga tim yg menerima laporan,  Ada penggugat ada pula yg menerima mengabulkan gugatan,  Sementara kita lupa dengan rempang galang dan IKN, Selesaikan apa yg menjadikan semua itu terjadi, akhiri yg menjadikan itu terjadi",False,43,True
"Maka bahlil lah pengkhianat rakyat sebenarnya, memang orang licik selalu berpenampilan bagaikan malaikat. Cari dan adili bahlil saat rezim laknat ini runtuh, jadikan dia sbg sasaran utama sbg pihak yg Paling bertanggung jawab atas penderitaan rakyat di Rempang",,id,"Maka bahlil lah pengkhianat rakyat sebenarnya, memang orang licik selalu berpenampilan bagaikan malaikat. Cari dan adili bahlil saat rezim laknat ini runtuh, jadikan dia sbg sasaran utama sbg pihak yg Paling bertanggung jawab atas penderitaan rakyat di Rempang",False,38,True
"@KepaArgawinata2 Woi hti dan fpi kontol urus tu konflik warga rempang, warga papua jgn sok paten kau. Kl kau punya nyali berangkat kau ke Palestina",,id,"@KepaArgawinata2 Woi hti dan fpi kontol urus tu konflik warga rempang, warga papua jgn sok paten kau. Kl kau punya nyali berangkat kau ke Palestina",False,25,True
riku kades megumi firli guru gemes petualangan sherina 2 angel eyes himawari minion cegil renjun hotel sultan fisip ui bocah kpai ibu kota negara rempang school 2015 pramuka fokus real life capres  🔗https://t.co/ggoYoLQWnb https://t.co/7Jn8o4ouXw,,id,riku kades megumi firli guru gemes petualangan sherina 2 angel eyes himawari minion cegil renjun hotel sultan fisip ui bocah kpai ibu kota negara rempang school 2015 pramuka fokus real life capres  https   t.co ggoYoLQWnb https   t.co 7Jn8o4ouXw,False,35,True
"Nasional Corruption Watch Temui 7 Kejanggalan di Proyek Pulau Rempang, Apa Saja?  Selasa Siang Whoosh APBN Prabowo Takut Debat Dear J Kades Laos Perokok Amanda Manopo  Jennie Jodie Hamil Miftah Denny Caknan #AniesMuhaimin2024 #TembakauDizalimi https://t.co/E5jjPSxrCP",,id,"Nasional Corruption Watch Temui 7 Kejanggalan di Proyek Pulau Rempang, Apa Saja?  Selasa Siang Whoosh APBN Prabowo Takut Debat Dear J Kades Laos Perokok Amanda Manopo  Jennie Jodie Hamil Miftah Denny Caknan #AniesMuhaimin2024 #TembakauDizalimi https   t.co E5jjPSxrCP",False,34,True
"Liat nih liciknya media barat. Iya, ini media yg sama yg kmrn2 ikut ngomporin Rempang. Dan no no, mereka tdk pernah berada di tengah. Media mainstream sejak awal kelahirannya memang tdk bertujuan utk objektif mengabarkan berita, tp sbg alat cuci otak &amp  propaganda.",,id,"Liat nih liciknya media barat. Iya, ini media yg sama yg kmrn2 ikut ngomporin Rempang. Dan no no, mereka tdk pernah berada di tengah. Media mainstream sejak awal kelahirannya memang tdk bertujuan utk objektif mengabarkan berita, tp sbg alat cuci otak  amp  propaganda.",False,43,True
@detikcom Kmana luhut pnjahitan yg katanya hebat itu??? Kampung sndiri trbengkalai sok mengatur rempang... dana trilyunan sdh habis ke toba tp tdak ada sumbangsih bt negara dan rkyat wlyah ln,,id,@detikcom Kmana luhut pnjahitan yg katanya hebat itu??? Kampung sndiri trbengkalai sok mengatur rempang... dana trilyunan sdh habis ke toba tp tdak ada sumbangsih bt negara dan rkyat wlyah ln,False,30,True
"Peningkatan keterampilan warga lokal Rempang melalui program upskilling merupakan investasi jangka panjang. Dengan keterampilan yang tinggi, mereka menjadi sumber daya manusia yang sangat bernilai bagi investor. #HIPMIRempang Bahlil Kawal Investasi https://t.co/rvhQKN8y4e",,id,"Peningkatan keterampilan warga lokal Rempang melalui program upskilling merupakan investasi jangka panjang. Dengan keterampilan yang tinggi, mereka menjadi sumber daya manusia yang sangat bernilai bagi investor. #HIPMIRempang Bahlil Kawal Investasi https   t.co rvhQKN8y4e",False,32,True
"Saya juga setuju dengan langkah pak Bahlil terkait masyarakat warga di Pulau Rempang yang terkena dampak langsung dari rencana investasi Eco City, terutama terkait dengan apa yang disebut uang tunggu dan uang sewa. #HIPMIRempang Bahlil Kawal Investasi @pks https://t.co/XdQytbSUG6",,id,"Saya juga setuju dengan langkah pak Bahlil terkait masyarakat warga di Pulau Rempang yang terkena dampak langsung dari rencana investasi Eco City, terutama terkait dengan apa yang disebut uang tunggu dan uang sewa. #HIPMIRempang Bahlil Kawal Investasi @pks https   t.co XdQytbSUG6",False,40,True
"@geloraco pasca prngakuan kesalahan proses dalam case rempang, maka semua harusnya dibebaskan tanpa syarat  bukan mereka pemicu PMH, tp pemerintah sendiri dan juga sudah diakui  jadi kapan mau dibebaskan pak @ListyoSigitP ?",,id,"@geloraco pasca prngakuan kesalahan proses dalam case rempang, maka semua harusnya dibebaskan tanpa syarat  bukan mereka pemicu PMH, tp pemerintah sendiri dan juga sudah diakui  jadi kapan mau dibebaskan pak @ListyoSigitP ?",False,31,True
Kami solid dalam mendukung investasi berkelanjutan! HIPMI memberikan apresiasi kepada Menteri Bahlil yang dengan tekun mengawal proyek Rempang Eco Park. @detikcom  Bahlil Kawal Investasi #HIPMIRempang https://t.co/L7hZlwOsrR,,id,Kami solid dalam mendukung investasi berkelanjutan! HIPMI memberikan apresiasi kepada Menteri Bahlil yang dengan tekun mengawal proyek Rempang Eco Park. @detikcom  Bahlil Kawal Investasi #HIPMIRempang https   t.co L7hZlwOsrR,False,27,True
@jokowi  pak kadang kadang komentar bapak yang buat pecah belah rakyat pak. Lihat bapak mau kasih sertifikat warga rempang. Tapi sekarang kok mau di ambil.,,id,@jokowi  pak kadang kadang komentar bapak yang buat pecah belah rakyat pak. Lihat bapak mau kasih sertifikat warga rempang. Tapi sekarang kok mau di ambil.,False,25,True
Teruslah berjuang Bersama @plalestina dari mulai hal terkecil yg bisa saudaraku lakukan. Bila ada tamu asing tak dikenal masuk rumah kalian apa yg kalian lakukan ???  Seperti itu israel datang ke palestina tamu mengusir pribumi .. sama hal rempang https://t.co/CNOXpTuYWY,,id,Teruslah berjuang Bersama @plalestina dari mulai hal terkecil yg bisa saudaraku lakukan. Bila ada tamu asing tak dikenal masuk rumah kalian apa yg kalian lakukan ???  Seperti itu israel datang ke palestina tamu mengusir pribumi .. sama hal rempang https   t.co CNOXpTuYWY,False,39,True
"Rempang eco city akan berdampak positif bagi perekonomian nasional maupun daerah, serta bisa membawa kesejahteraan bagi masyarakat sekitar.  @bahlillahadalia  @tribunnews  Bahlil Kawal Investasi  #HIPMIRempang https://t.co/lS2gy2StZW",,id,"Rempang eco city akan berdampak positif bagi perekonomian nasional maupun daerah, serta bisa membawa kesejahteraan bagi masyarakat sekitar.  @bahlillahadalia  @tribunnews  Bahlil Kawal Investasi  #HIPMIRempang https   t.co lS2gy2StZW",False,26,True
Bahlil Kawal Investasi Rempang karena dengan kebijakan dan langkah2 untuk proyek tersebut dg mengutamakan hak2 warga Rempang yg tidak  ad yg perlu dirugikan bagi Pemerintah maupun Warga Rempang tsb. #HIPMIRempang https://t.co/mkcXevAI7N,,id,Bahlil Kawal Investasi Rempang karena dengan kebijakan dan langkah2 untuk proyek tersebut dg mengutamakan hak2 warga Rempang yg tidak  ad yg perlu dirugikan bagi Pemerintah maupun Warga Rempang tsb. #HIPMIRempang https   t.co mkcXevAI7N,False,32,True
"Sebagai mana tulisan yang diunggah oleh ibu Hj. Azlaini Agus,,, Dalam Kitab Tuhfat An-Nafis yang ditulis Sang Pujangga Melayu yang tersohor itu... Raja Ali Haji... terbit tahun 1890. bahwa Penduduk pulau Rempang, Galang dan Bulang adalah keturunan dari Prajurit/ https://t.co/ebxUXNGCTH",,id,"Sebagai mana tulisan yang diunggah oleh ibu Hj. Azlaini Agus,,, Dalam Kitab Tuhfat An-Nafis yang ditulis Sang Pujangga Melayu yang tersohor itu... Raja Ali Haji... terbit tahun 1890. bahwa Penduduk pulau Rempang, Galang dan Bulang adalah keturunan dari Prajurit  https   t.co ebxUXNGCTH",False,39,True
"#Copas  DEMO BELA REMPANG, MAHASISWA HMI DIANIAYA PREMAN SURUHAN BAHLIL  Aksi Solidaritas untuk warga Rempang dilakukan oleh Himpunan Mahasiswa Islam Cabang Jakarta Timur, Cabang Jakarta Raya dan Cabang Jakarta Pusat- Utara.  [Pukul : 15.00 WIB] Sebelum aksi dimulai, massa aksi… https://t.co/9VZXHyWlo8",,id,"#Copas  DEMO BELA REMPANG, MAHASISWA HMI DIANIAYA PREMAN SURUHAN BAHLIL  Aksi Solidaritas untuk warga Rempang dilakukan oleh Himpunan Mahasiswa Islam Cabang Jakarta Timur, Cabang Jakarta Raya dan Cabang Jakarta Pusat- Utara.   Pukul   15.00 WIB  Sebelum aksi dimulai, massa aksi  https   t.co 9VZXHyWlo8",False,39,True
25 KK sudah tempati Hunian Baru  @Li9ayaTalaChes4  @NinzExe07  @DPP_PartaiUmmat  Ariel Ngelunjak Hamas Kompas Running Man Gaza Mauuu Perpanjang Alwi Iran Karni Ilyas Yahudi Israel Ferrari Terobos Kompas #tolakintoleransi #tolakradikalisme #tolakterorisme #NKRI #Rempang https://t.co/VyrTfLZIgf,,id,25 KK sudah tempati Hunian Baru  @Li9ayaTalaChes4  @NinzExe07  @DPP_PartaiUmmat  Ariel Ngelunjak Hamas Kompas Running Man Gaza Mauuu Perpanjang Alwi Iran Karni Ilyas Yahudi Israel Ferrari Terobos Kompas #tolakintoleransi #tolakradikalisme #tolakterorisme #NKRI #Rempang https   t.co VyrTfLZIgf,False,33,True
"Dalam upaya mendukung investasi ini, Hipmi siap berkolaborasi dengan pemerintah @bahlillahadalia utk meningkatkan keterampilan warga Rempang lewat pelatihan. Ini langkah yg bagus utk warga yg berdampak, saya sngt mendukung, @detikcom Bahlil Kawal Investasi  #HIPMIRempang https://t.co/7k2IwRp7Mk",,id,"Dalam upaya mendukung investasi ini, Hipmi siap berkolaborasi dengan pemerintah @bahlillahadalia utk meningkatkan keterampilan warga Rempang lewat pelatihan. Ini langkah yg bagus utk warga yg berdampak, saya sngt mendukung, @detikcom Bahlil Kawal Investasi  #HIPMIRempang https   t.co 7k2IwRp7Mk",False,36,True
"Warga Yang Ditangkap Karena Mempertahankan Tanah Leluhur Rempang Dianggap Sebagai Preman. Sementara  Digedung Kementerian Bahlil Ada Sekelompok Preman Brutal Menyerang Peserta Aksi Bela Rempang, Siapa Yang Mengirim Preman2 Ini ?  Preman Teriak Preman....? https://t.co/zRxRdPszqR",,id,"Warga Yang Ditangkap Karena Mempertahankan Tanah Leluhur Rempang Dianggap Sebagai Preman. Sementara  Digedung Kementerian Bahlil Ada Sekelompok Preman Brutal Menyerang Peserta Aksi Bela Rempang, Siapa Yang Mengirim Preman2 Ini ?  Preman Teriak Preman....? https   t.co zRxRdPszqR",False,34,True
@liputan6dotcom Kereta Cepat : Whoosh pake utang Utang Meroket : Whoosh kecekek Janji Tidak Impor : Whoosh Ngibul Janji Tidak Bagi2 Kursi : Whoosh lupa Janji Sstifikat Rempang : Whoosh belaga Pilon,,id,@liputan6dotcom Kereta Cepat   Whoosh pake utang Utang Meroket   Whoosh kecekek Janji Tidak Impor   Whoosh Ngibul Janji Tidak Bagi2 Kursi   Whoosh lupa Janji Sstifikat Rempang   Whoosh belaga Pilon,False,27,True
"@acenk0421862189 @Widyarenee @temponewsroom Saya dari Kepulauan Riau btw...emang Jokowi menang kok di Rempang, dia keliling Riau jualan kampanye bagi bagi sertifikat tanah gratis, karena di Batam Bintan ini rawan konflik antar perusahaan dan masyarakat adat",,id,"@acenk0421862189 @Widyarenee @temponewsroom Saya dari Kepulauan Riau btw...emang Jokowi menang kok di Rempang, dia keliling Riau jualan kampanye bagi bagi sertifikat tanah gratis, karena di Batam Bintan ini rawan konflik antar perusahaan dan masyarakat adat",False,36,True
DPR dukung langkah Bahlil Kawal Investasi ECO city di pulau Rempang dengan memberikan hak warga terdampak investasi yakni uang sewa dan uang tunggu #HIPMIRempang https://t.co/cLSvMdPTHF,,id,DPR dukung langkah Bahlil Kawal Investasi ECO city di pulau Rempang dengan memberikan hak warga terdampak investasi yakni uang sewa dan uang tunggu #HIPMIRempang https   t.co cLSvMdPTHF,False,26,True
"Waduh... Bapak aparat, apa gak ingat akhirat??? Mana lord dkk ayo mari di buldoser lagi, yang penting ASENG atau AYONG senang biar rakyat saja yang susah #kalimantan #rempang",,id,"Waduh... Bapak aparat, apa gak ingat akhirat??? Mana lord dkk ayo mari di buldoser lagi, yang penting ASENG atau AYONG senang biar rakyat saja yang susah #kalimantan #rempang",False,28,True
"Himpunan Pengusaha Muda Indonesia (HIMPI) beserta Bahlil Kawal Investasi guna mendukung penuh pembangunan proyek Rempang Eco City karena dirasa memiliki banyak manfaatnya, diantaranya bagi masyarakat Rempang #HIPMIRempang https://t.co/aPhcYTPbp6",,id,"Himpunan Pengusaha Muda Indonesia  HIMPI  beserta Bahlil Kawal Investasi guna mendukung penuh pembangunan proyek Rempang Eco City karena dirasa memiliki banyak manfaatnya, diantaranya bagi masyarakat Rempang #HIPMIRempang https   t.co aPhcYTPbp6",False,29,True
@CSzipel_ Investasi Rempang Eco City ini dapet dukungan kuat dari #HIPMIRempang dan Menteri Bahlil Kawal Investasi dengan fokus pada peningkatan keterampilan warga setempat untuk mencapai manfaat ekonomi dan sosial yang lebih besar,,id,@CSzipel_ Investasi Rempang Eco City ini dapet dukungan kuat dari #HIPMIRempang dan Menteri Bahlil Kawal Investasi dengan fokus pada peningkatan keterampilan warga setempat untuk mencapai manfaat ekonomi dan sosial yang lebih besar,False,31,True
"@Radjahoki_pro polisi ngapain itu? saat demo soal rempang di kantor si bahlil, org hmi diserang preman polisi kok bisa diam2 aja? apakah polisi sudah bersekutu dengan preman?",,id,"@Radjahoki_pro polisi ngapain itu? saat demo soal rempang di kantor si bahlil, org hmi diserang preman polisi kok bisa diam2 aja? apakah polisi sudah bersekutu dengan preman?",False,26,True
"Sebenernya aneh gak sih, hari raya politik harusnya menjadi tahun mencari simpatik kpd rakyat, nah ini justeru pemerintah memaksa pengambilan paksa tanah Rempang dengan alasan ada yg mau investasi,belakangan diketahui klaim Bahlil bkn hanya xinyi yg akan investasi, ada apa ini ? https://t.co/LbD8KmevDs",,id,"Sebenernya aneh gak sih, hari raya politik harusnya menjadi tahun mencari simpatik kpd rakyat, nah ini justeru pemerintah memaksa pengambilan paksa tanah Rempang dengan alasan ada yg mau investasi,belakangan diketahui klaim Bahlil bkn hanya xinyi yg akan investasi, ada apa ini ? https   t.co LbD8KmevDs",False,44,True
Janji pemerintah melalui kementerian @bkpm @bahlillahadalia terhadap warga yg terdampak proyek rempang eco city pasti terpenuhi hak mereka.  @jawapos  @tempodotco  Bahlil Kawal Investasi  #HIPMIRempang  https://t.co/reBJTcSqas,,id,Janji pemerintah melalui kementerian @bkpm @bahlillahadalia terhadap warga yg terdampak proyek rempang eco city pasti terpenuhi hak mereka.  @jawapos  @tempodotco  Bahlil Kawal Investasi  #HIPMIRempang  https   t.co reBJTcSqas,False,26,True
"@Dennysiregar7 Mahfud MD blom apa2 aja udah mmbela wong licik, bukan wong cilik.. Klopp dahh, capresnya gk bisa slsaikan kasus wadas. Cawapresnya gemblung di kasus pulau Rempang.  Kyk 2 biji yg dempet.. https://t.co/XinDpvFHlB",,id,"@Dennysiregar7 Mahfud MD blom apa2 aja udah mmbela wong licik, bukan wong cilik.. Klopp dahh, capresnya gk bisa slsaikan kasus wadas. Cawapresnya gemblung di kasus pulau Rempang.  Kyk 2 biji yg dempet.. https   t.co XinDpvFHlB",False,33,True
"@hc_poirot bener kan diancam mundur kalo rempang gagal..emang sadis rezim kalo nggak sesuai maunya diamputasi kalo terjerat hukum yg borok asal organisasi atau partai,  yg beri perintah bersih , toh KPK dibawah telunjuknya.",,id,"@hc_poirot bener kan diancam mundur kalo rempang gagal..emang sadis rezim kalo nggak sesuai maunya diamputasi kalo terjerat hukum yg borok asal organisasi atau partai,  yg beri perintah bersih , toh KPK dibawah telunjuknya.",False,32,True
"Sudah saatnya warga Pulau Rempang bersinergi dgn pemerintah @bahlillahadalia dlm mendukung pertumbuhan ekonomi. kitapun harus terus menjaga iklim investasi Indonesia yg sedang tinggi, momentum yg sngt bagus  @kumparan Bahlil Kawal Investasi  #HIPMIRempang https://t.co/J6VIttQ7e1",,id,"Sudah saatnya warga Pulau Rempang bersinergi dgn pemerintah @bahlillahadalia dlm mendukung pertumbuhan ekonomi. kitapun harus terus menjaga iklim investasi Indonesia yg sedang tinggi, momentum yg sngt bagus  @kumparan Bahlil Kawal Investasi  #HIPMIRempang https   t.co J6VIttQ7e1",False,34,True
Sebagai perwakilan pemerintah Bahlil Kawal Investasi  Rempang Eco City dengan konsisten  dan selalu memastikan investasi ini bisa berjalan dengan baik. #HIPMIRempang yakin bahwa investasi Rempang ini akan berdampak positif bagi perekonomian nasional dan daerah https://t.co/J1p0KrLj7s,,id,Sebagai perwakilan pemerintah Bahlil Kawal Investasi  Rempang Eco City dengan konsisten  dan selalu memastikan investasi ini bisa berjalan dengan baik. #HIPMIRempang yakin bahwa investasi Rempang ini akan berdampak positif bagi perekonomian nasional dan daerah https   t.co J1p0KrLj7s,False,36,True
"HIPMI mendukung penuh langkah Menteri Investasi Bahlil Lahadalia dalam mengawal investasi Rempang Eco City. Bersama-sama, kita membangun masa depan yang berkelanjutan dan memberi dampak positif bagi perekonomian lokal. #HIPMIRempang Bahlil Kawal Investasi  https://t.co/q2dnUOUxmO",,id,"HIPMI mendukung penuh langkah Menteri Investasi Bahlil Lahadalia dalam mengawal investasi Rempang Eco City. Bersama-sama, kita membangun masa depan yang berkelanjutan dan memberi dampak positif bagi perekonomian lokal. #HIPMIRempang Bahlil Kawal Investasi  https   t.co q2dnUOUxmO",False,33,True
Seorang pria terlihat marah kepada para aparat yg sering menembakkan senjata di #Rempang dan ada seorang anak buta karenanya  Dia menantang aparat utk melawan Masyarakat tanpa senjata https://t.co/soD6elLQch,,id,Seorang pria terlihat marah kepada para aparat yg sering menembakkan senjata di #Rempang dan ada seorang anak buta karenanya  Dia menantang aparat utk melawan Masyarakat tanpa senjata https   t.co soD6elLQch,False,29,True
@papa_loren Jahat banget dia sama rakyat rempang Orang gini kok jadi pejabat publik Kurang sadis apa rezim ini sama rakyat Gara2 gagal gusur rakyat terus dia drndam sama rakyat Bahlil apa bahlul ini orang,,id,@papa_loren Jahat banget dia sama rakyat rempang Orang gini kok jadi pejabat publik Kurang sadis apa rezim ini sama rakyat Gara2 gagal gusur rakyat terus dia drndam sama rakyat Bahlil apa bahlul ini orang,False,33,True
DPR mengapresiasi langkah pak Bahlil yang melibatkan masyarakat dalam proyek eco city. Pembebasan lahan akan diselesaikan secepatnya sesuai instruksi presiden Rempang Aman #DukungBahlil https://t.co/3C48Xfi5QZ,,id,DPR mengapresiasi langkah pak Bahlil yang melibatkan masyarakat dalam proyek eco city. Pembebasan lahan akan diselesaikan secepatnya sesuai instruksi presiden Rempang Aman #DukungBahlil https   t.co 3C48Xfi5QZ,False,25,True
"Bersama Bahlil Kawal Investasi, HIPMI menunjukkan dukungannya atas proyek Rempang Eco City. Saat ini warga telah tersedia mengikuti arahan pemerintah untuk menempati kampung baru Tanjung Banun, dan sebaliknya, pemerintah memastikan hak warga terpenuhi. #HIPMIRempang https://t.co/ikS3Hpf5Yt",,id,"Bersama Bahlil Kawal Investasi, HIPMI menunjukkan dukungannya atas proyek Rempang Eco City. Saat ini warga telah tersedia mengikuti arahan pemerintah untuk menempati kampung baru Tanjung Banun, dan sebaliknya, pemerintah memastikan hak warga terpenuhi. #HIPMIRempang https   t.co ikS3Hpf5Yt",False,36,True
"Kalian haus perang?! Ayo para kesatria, drpd ngebantai saudaramu sendiri demi mereka cukong2 anjing yg berkedok investasi di rempang &amp  kalimantan, mending klean berangkat bantu rakyat palestina yg sedang bertempur mempertahankan kemerdekaanya, ayo jgn jd PENGHIANAT BANGSA! 💪😎",,id,"Kalian haus perang?! Ayo para kesatria, drpd ngebantai saudaramu sendiri demi mereka cukong2 anjing yg berkedok investasi di rempang  amp  kalimantan, mending klean berangkat bantu rakyat palestina yg sedang bertempur mempertahankan kemerdekaanya, ayo jgn jd PENGHIANAT BANGSA!",False,37,True
riku kades keras suka amanda manopo gemes petualangan sherina 2 angel eyes kepsek cegil renjun perokok fisip ui bocah ice cold elfira ibu kota negara rempang udil pramuka fokus irene dante kiko gen z cilacap cpns kebayoran lama whoosh  🛒https://t.co/gFtIk8SZa3 https://t.co/LZyIPKCfuF,,id,riku kades keras suka amanda manopo gemes petualangan sherina 2 angel eyes kepsek cegil renjun perokok fisip ui bocah ice cold elfira ibu kota negara rempang udil pramuka fokus irene dante kiko gen z cilacap cpns kebayoran lama whoosh  https   t.co gFtIk8SZa3 https   t.co LZyIPKCfuF,False,41,True
"DPR menaruh optimisme, kepercayaan besar kepada Menteri BKPM dalam upaya rempang aman dan sekaligus memberi masukan dan dukungan penting kepada Menteri Bahlil terkait investasi di Rempang. Selain itu, apa yang dilakukan Bahlil pun layak jadi percontohan ke depan. #DukungBahlil https://t.co/wRusVaboU4",,id,"DPR menaruh optimisme, kepercayaan besar kepada Menteri BKPM dalam upaya rempang aman dan sekaligus memberi masukan dan dukungan penting kepada Menteri Bahlil terkait investasi di Rempang. Selain itu, apa yang dilakukan Bahlil pun layak jadi percontohan ke depan. #DukungBahlil https   t.co wRusVaboU4",False,41,True
"Setiap Bpk Presiden ke China, saya selalu was-was apalagi milik rakyat yg akan diserahkan ke China atau beban utang apalagi yg akan bertambah. Sebelumnya sdh banyak yg diserahkan spt KA-Cepat, tambang, IKN, pulau Rempang dll",,id,"Setiap Bpk Presiden ke China, saya selalu was-was apalagi milik rakyat yg akan diserahkan ke China atau beban utang apalagi yg akan bertambah. Sebelumnya sdh banyak yg diserahkan spt KA-Cepat, tambang, IKN, pulau Rempang dll",False,33,True
"https://t.co/OtVjUWBMVh Jadi Proyek Strategis Nasional (PSN) apa namanya setelah dirilis  MOUnya? Apa akan spt kasus Rempang, Wadas,P. Komodo,Seruyan,dll ?  Siap² dag dig dug dwuuaarrr..💣💣💣",,id,"https   t.co OtVjUWBMVh Jadi Proyek Strategis Nasional  PSN  apa namanya setelah dirilis  MOUnya? Apa akan spt kasus Rempang, Wadas,P. Komodo,Seruyan,dll ?  Siap² dag dig dug dwuuaarrr..",False,26,True
@tvOneNews aneh sekarang sj sudah jd negara preman kok bukan krn warga rempang......gak percaya tuuu dri wakil rakyatnya..partai politiknya smeua cara preman yg digunakan...perbaiki dulu,,id,@tvOneNews aneh sekarang sj sudah jd negara preman kok bukan krn warga rempang......gak percaya tuuu dri wakil rakyatnya..partai politiknya smeua cara preman yg digunakan...perbaiki dulu,False,28,True
"Tumbuhkan investasi, bangun masa depan! HIPMI memberikan apresiasi kepada Menteri Bahlil yang tekun mengawal proyek Rempang Eco Park. https://t.co/o8i1stR8YP @Gerindra  Bahlil Kawal Investasi #HIPMIRempang",,id,"Tumbuhkan investasi, bangun masa depan! HIPMI memberikan apresiasi kepada Menteri Bahlil yang tekun mengawal proyek Rempang Eco Park. https   t.co o8i1stR8YP @Gerindra  Bahlil Kawal Investasi #HIPMIRempang",False,25,True
Walang Bacarita - Baru-baru ini Himpunan Mahasiswa Islam (HMI) menggelar aksi bela masyarakat Rempang. Namun aksi yang dilakukan HMI justru dihadang oleh sekelompok oknum preman yang diduga suruhan  Menteri Investasi Bahlil Lahadalia. #walangbacarita🇮🇩 #walangbacaritaupdate🇮🇩 https://t.co/v9bq1lNtT8,,id,Walang Bacarita - Baru-baru ini Himpunan Mahasiswa Islam  HMI  menggelar aksi bela masyarakat Rempang. Namun aksi yang dilakukan HMI justru dihadang oleh sekelompok oknum preman yang diduga suruhan  Menteri Investasi Bahlil Lahadalia. #walangbacarita #walangbacaritaupdate https   t.co v9bq1lNtT8,False,34,True
"@musniumar Mengapa anda tdk belajar sejarah , berapa ribu meter tanah asli milik negara yg sudah beralih dan di kuasai pihak lain tanpa proses yg benar , selama orde baru sampai saat ini berapa yg di hasilkan oleh mereka , lebih kasian yg di Rempang pak Mus , Krn itu tanah leluhur mereka ,",,id,"@musniumar Mengapa anda tdk belajar sejarah , berapa ribu meter tanah asli milik negara yg sudah beralih dan di kuasai pihak lain tanpa proses yg benar , selama orde baru sampai saat ini berapa yg di hasilkan oleh mereka , lebih kasian yg di Rempang pak Mus , Krn itu tanah leluhur mereka ,",False,49,True
"Jangan lupa  tanah warga melayu Rempang,itu milik mereka sejak abad 18. Lebih Baik Mati Berdiri Daripada Hidup Berlutut. Takkan Hilang Warga Melayu Di Bumi. “Diam kita ditindas, kita harus bergerak utk menyelamatkan Bangsa Negara Indonesia ini” https://t.co/BKlny6EJM9",,id,"Jangan lupa  tanah warga melayu Rempang,itu milik mereka sejak abad 18. Lebih Baik Mati Berdiri Daripada Hidup Berlutut. Takkan Hilang Warga Melayu Di Bumi.  Diam kita ditindas, kita harus bergerak utk menyelamatkan Bangsa Negara Indonesia ini  https   t.co BKlny6EJM9",False,38,True
Selamat pagi Sahabat Kompas. Hari ini kami menyuguhkan #LiputanTematik Konflik Rempang. Pembangunan PSN Rempang Eco City dinilai dilakukan secara terburu-buru. Baca selengkapnya di harian Kompas (https://t.co/Z6bhYbEJRg).  #AdadiKompas https://t.co/7mTDfGve2S,,id,Selamat pagi Sahabat Kompas. Hari ini kami menyuguhkan #LiputanTematik Konflik Rempang. Pembangunan PSN Rempang Eco City dinilai dilakukan secara terburu-buru. Baca selengkapnya di harian Kompas  https   t.co Z6bhYbEJRg .  #AdadiKompas https   t.co 7mTDfGve2S,False,29,True
@IND0_Update @mediaindonesia @indozonemedia Keputusan Bahlil untuk mempercepat investasi di Pulau Rempang adalah dorongan positif bagi pengembangan daerah terpencil. Semoga proyek ini membawa kemajuan dan keberlanjutan. Rempang Aman  #DukungBahlil,,id,@IND0_Update @mediaindonesia @indozonemedia Keputusan Bahlil untuk mempercepat investasi di Pulau Rempang adalah dorongan positif bagi pengembangan daerah terpencil. Semoga proyek ini membawa kemajuan dan keberlanjutan. Rempang Aman  #DukungBahlil,False,27,True
@narkosun Katanya yg akan investsi di Rempang pabrik kaca no.2 terbesar di dunia dari China.. Gak ada tuh namanya... Ini salah satu indikasi titipan https://t.co/zFTbnxgCHk,,id,@narkosun Katanya yg akan investsi di Rempang pabrik kaca no.2 terbesar di dunia dari China.. Gak ada tuh namanya... Ini salah satu indikasi titipan https   t.co zFTbnxgCHk,False,25,True
"Selasa Sore Nusron Wahid : Apa bedanya BP BATAM dg VOC ‼️  X ini sy sangat sependapat dengan kang Ucon 🔥 - 2 Oktober #PemimpinCerdas #SaveRempangBatam #Rempang #Rempang #SaveRempang #AniesMuhaimin2024 #AMINIndonesiaLebihBaik #AMIN2024 #AsianGames2023 #AsianGames #earthquake https://t.co/N9JTqUY5hL""",,id,Selasa Sore Nusron Wahid   Apa bedanya BP BATAM dg VOC    X ini sy sangat sependapat dengan kang Ucon  - 2 Oktober #PemimpinCerdas #SaveRempangBatam #Rempang #Rempang #SaveRempang #AniesMuhaimin2024 #AMINIndonesiaLebihBaik #AMIN2024 #AsianGames2023 #AsianGames #earthquake https   t.co N9JTqUY5hL,False,31,True
"knp? pdhl mereka tdk akan berbuat demo/melawan aparat"" mereka hanya mempertahankan yg mereka anggap hak nya sebelunnya kan di p rempang baik2 saja tdk ada pergolakan nga mungkin ada asap kalau tdk ada api? 🤔""",,id,knp? pdhl mereka tdk akan berbuat demo melawan aparat  mereka hanya mempertahankan yg mereka anggap hak nya sebelunnya kan di p rempang baik2 saja tdk ada pergolakan nga mungkin ada asap kalau tdk ada api?,False,34,True
"Majlis Syura Partai Ummat)   📝Sambutan dan Pengantar Diskusi : Dr. Ing. Ridho Rahmadi, https://t.co/QcOn2ml2Pn. (Ketua Umum Partai Ummat)  📣Nara Sumber : 1️⃣ Syaed Lukman (Ketua Tim Advokasi Rempang Partai Ummat)  2️⃣ Kazzaini KS (Pengamat Masyarakat Melayu Rempang)",,id,"Majlis Syura Partai Ummat    Sambutan dan Pengantar Diskusi   Dr. Ing. Ridho Rahmadi, https   t.co QcOn2ml2Pn.  Ketua Umum Partai Ummat   Nara Sumber   1  Syaed Lukman  Ketua Tim Advokasi Rempang Partai Ummat   2  Kazzaini KS  Pengamat Masyarakat Melayu Rempang",False,33,True
"@tempodotco Soal APBN jadi jaminan utang : Tanyakan ke Bu Menkeu"" Soal Rempang : ""Masa urusan begitu harus sampai Presiden ?"" Ditanya wartawan asing : ""I want to test again my Foreign Minister, Please (sambil nunjuk Bu Retno)"" 😁""",,id,"@tempodotco Soal APBN jadi jaminan utang   Tanyakan ke Bu Menkeu  Soal Rempang    Masa urusan begitu harus sampai Presiden ?  Ditanya wartawan asing    I want to test again my Foreign Minister, Please  sambil nunjuk Bu Retno",False,33,True
Komitmen Pak Menteri Bahlil Kawal Investasi di Kawasan Rempang mendapat dukungan dari HIPMI (Himpunan Pengusaha Muda Indonesia) menilai pengembangan Rempang EcoCity dapat memberikan banyak manfaat bagi ekonomi baru indonesia. #HIPMIRempang @bahlillahadalia @luhut,,id,Komitmen Pak Menteri Bahlil Kawal Investasi di Kawasan Rempang mendapat dukungan dari HIPMI  Himpunan Pengusaha Muda Indonesia  menilai pengembangan Rempang EcoCity dapat memberikan banyak manfaat bagi ekonomi baru indonesia. #HIPMIRempang @bahlillahadalia @luhut,False,32,True
"Salah satu PSN yang memunculkan konflik yang melibatkan masyarakat dan pemerintah adalah pembangunan Rempang Eco City di Pulau Rempang, Batam, Kep. Riau.   Untuk itu penting untuk mengetahui mengapa konflik tersebut bisa terjadi dan bagaimana seharusnya kebijakan pembangunannya?",,id,"Salah satu PSN yang memunculkan konflik yang melibatkan masyarakat dan pemerintah adalah pembangunan Rempang Eco City di Pulau Rempang, Batam, Kep. Riau.   Untuk itu penting untuk mengetahui mengapa konflik tersebut bisa terjadi dan bagaimana seharusnya kebijakan pembangunannya?",False,37,True
@setiyocobenk @SoftWarNews Wkwkwk heran soal menghilangkan nyawa aja masih di banding bandingkan mau di rempang bangkal israel sama aja cm skrg fokusnya lg ke sana karna disana pembantaian agresi militer,,id,@setiyocobenk @SoftWarNews Wkwkwk heran soal menghilangkan nyawa aja masih di banding bandingkan mau di rempang bangkal israel sama aja cm skrg fokusnya lg ke sana karna disana pembantaian agresi militer,False,30,True
"Kedatangan Menteri Investasi dan BKPM RI, Bahlil Lahadalia bersama rombongan Gubernur Kepri, Ansar Ahmad dan Kepala BP Batam, Muhammad Rudi ke Tanjung Banon Pulau Rempang didemo warga. Warga melakukan unjuk rasa di depan Masjid Al-Ihsan Tanjung Banun.  https://t.co/ChLc7Thpw0",,id,"Kedatangan Menteri Investasi dan BKPM RI, Bahlil Lahadalia bersama rombongan Gubernur Kepri, Ansar Ahmad dan Kepala BP Batam, Muhammad Rudi ke Tanjung Banon Pulau Rempang didemo warga. Warga melakukan unjuk rasa di depan Masjid Al-Ihsan Tanjung Banun.  https   t.co ChLc7Thpw0",False,38,True
Pembangunan PSN Rempang Eco City dinilai dilakukan secara terburu-buru. Warga diminta meninggalkan kampungnya sementara pembangunan rumah relokasi belum dimulai dan dokumen amdal masih dalam penyusunan. #Nusantara #AdadiKompas  https://t.co/uFDFv3Nunt,,id,Pembangunan PSN Rempang Eco City dinilai dilakukan secara terburu-buru. Warga diminta meninggalkan kampungnya sementara pembangunan rumah relokasi belum dimulai dan dokumen amdal masih dalam penyusunan. #Nusantara #AdadiKompas  https   t.co uFDFv3Nunt,False,28,True
Hendrick Lewerissa anggota komisi VI DPR sangat menyetujui langkah yang dilakukan oleh menteri Bahlil Kawal Investasi terkait warga yang terkena dampak Rempang eco city #HIPMIRempang https://t.co/RNTSY9G7cz,,id,Hendrick Lewerissa anggota komisi VI DPR sangat menyetujui langkah yang dilakukan oleh menteri Bahlil Kawal Investasi terkait warga yang terkena dampak Rempang eco city #HIPMIRempang https   t.co RNTSY9G7cz,False,27,True
"Menteri Investasi/Kepala BKPM Bahlil Lahadalia mengeluarkan pernyataan tidak berdasar. Pada konferensi pers (25/09/2023), Bahlil yang  mengatasnamakan dirinya sebagai orang kampung mengklaim masyarakat Rempang bersedia dipindahkan ke lokasi lain di pulau yang sama secara sukarela https://t.co/dcSNfe6OhI",,id,"Menteri Investasi Kepala BKPM Bahlil Lahadalia mengeluarkan pernyataan tidak berdasar. Pada konferensi pers  25 09 2023 , Bahlil yang  mengatasnamakan dirinya sebagai orang kampung mengklaim masyarakat Rempang bersedia dipindahkan ke lokasi lain di pulau yang sama secara sukarela https   t.co dcSNfe6OhI",False,39,True
Begini ya kelakuan PEMUDA PANCASILA YAPTO cuma mampu pamer dengan uang hasil malak pedagang pasar dan terminal? Mana jiwa PANCASILA-nya? REMPANG-GALANG bermasalah malah diam saja malah jadi penjilat IBLIS KOMUNIS CHINA SELUNDUPAN DAN ANAK2 KOMUNIS PKI https://t.co/CRqpIKcukT https://t.co/Ri7eXEH8Fh,,id,Begini ya kelakuan PEMUDA PANCASILA YAPTO cuma mampu pamer dengan uang hasil malak pedagang pasar dan terminal? Mana jiwa PANCASILA-nya? REMPANG-GALANG bermasalah malah diam saja malah jadi penjilat IBLIS KOMUNIS CHINA SELUNDUPAN DAN ANAK2 KOMUNIS PKI https   t.co CRqpIKcukT https   t.co Ri7eXEH8Fh,False,38,True
"@Dandhy_Laksono selalu ada perlawanan thd penjajah   dimana mana banyak kekerasan  Semoga Alloh berikan kesejahteraan utk Palestina, Rempang, Papua,Seruyan dan siapapun yg terjajah dlm berbagai hal dan kebijakan  Aamiin Aamiin",,id,"@Dandhy_Laksono selalu ada perlawanan thd penjajah   dimana mana banyak kekerasan  Semoga Alloh berikan kesejahteraan utk Palestina, Rempang, Papua,Seruyan dan siapapun yg terjajah dlm berbagai hal dan kebijakan  Aamiin Aamiin",False,29,True
"68% penjualan XG di pasar lokal China. XG pernah lakukan investasi yg sama di Gresik dan Babel, tapi tdk jelas ujungnya.  2. Pemerintah menyatakan 80% warga rempang tanahnya tdk bersertifikat dan mereka sdh setuju utk direlokasi. Faktanya, 80% warga Rempang memiliki alas hak SHM",,id,"68  penjualan XG di pasar lokal China. XG pernah lakukan investasi yg sama di Gresik dan Babel, tapi tdk jelas ujungnya.  2. Pemerintah menyatakan 80  warga rempang tanahnya tdk bersertifikat dan mereka sdh setuju utk direlokasi. Faktanya, 80  warga Rempang memiliki alas hak SHM",False,43,True
"Investasi Rempang yang akhirnya bisa berjalan dengan baik tentunya berkat kinerja Pak Bahlil Kawal Investasi di wilayah tersebut &amp  kondisi disanapun kini sudah jauh lebih baik, masyarakat di sekitarpun secara perlahan bersedia untuk mengikuti arahan dari pemerintah #HIPMIRempang https://t.co/HudHlltbkR",,id,"Investasi Rempang yang akhirnya bisa berjalan dengan baik tentunya berkat kinerja Pak Bahlil Kawal Investasi di wilayah tersebut  amp  kondisi disanapun kini sudah jauh lebih baik, masyarakat di sekitarpun secara perlahan bersedia untuk mengikuti arahan dari pemerintah #HIPMIRempang https   t.co HudHlltbkR",False,40,True
"Pelajaran bagi orang orang  yg berkuasa di Pemerintahan. Janganlah zholim kpd rakyat, sayangilah rakyat.  Rakyat tdk meminta makan, rakyat hanya meminta keadilan"".   Peristiwa Rempang belum hilang dr ingatan kita. Doa2 yg dipanjatkan adalah doa2 org yg terzholimi. https://t.co/93rcpUZfGS""",,id,"Pelajaran bagi orang orang  yg berkuasa di Pemerintahan. Janganlah zholim kpd rakyat, sayangilah rakyat.  Rakyat tdk meminta makan, rakyat hanya meminta keadilan .   Peristiwa Rempang belum hilang dr ingatan kita. Doa2 yg dipanjatkan adalah doa2 org yg terzholimi. https   t.co 93rcpUZfGS",False,39,True
"Menteri Investasi Bahlil, telah memastikan pemerintah akan berikan jaminan hak bagi warga pulau Rempang yang terkena dampak pembangunan proyek Rempang Eco City. Bahlil Kawal Investasi #HIPMIRempang https://t.co/uWk3Fv2Jqg",,id,"Menteri Investasi Bahlil, telah memastikan pemerintah akan berikan jaminan hak bagi warga pulau Rempang yang terkena dampak pembangunan proyek Rempang Eco City. Bahlil Kawal Investasi #HIPMIRempang https   t.co uWk3Fv2Jqg",False,28,True
@DeHoutman_id Kalau masalah ini dimisalkan dengan masyarakat di Pulau Rempang - Batam yang telah hidup turun temurun didaerah tersebut kemudian tiba-tiba diusir untuk pembangunan Eco City  Dipihak mana kamu?,,id,@DeHoutman_id Kalau masalah ini dimisalkan dengan masyarakat di Pulau Rempang - Batam yang telah hidup turun temurun didaerah tersebut kemudian tiba-tiba diusir untuk pembangunan Eco City  Dipihak mana kamu?,False,26,True
"Sebaiknya kl tidak mampu menjadi pemimpin yg benar dan arif, KAPOLRI SEBAIKNYA MUNDUR, daripada menjadi perpanjangan tangan para penjajah  NKRI yg mengatas namakan proyek negara. Yg mengambil Hak sepenuhnya tanah rakyat di REMPANG &amp  dimanapun yg jd target https://t.co/NWsJ7eHqgU",,id,"Sebaiknya kl tidak mampu menjadi pemimpin yg benar dan arif, KAPOLRI SEBAIKNYA MUNDUR, daripada menjadi perpanjangan tangan para penjajah  NKRI yg mengatas namakan proyek negara. Yg mengambil Hak sepenuhnya tanah rakyat di REMPANG  amp  dimanapun yg jd target https   t.co NWsJ7eHqgU",False,40,True
"Pemimpin kedepan harus sudah mempunyai wawasan  Standard ESG (Environment Social &amp  governance)  tanpa pedoman itu  maka proyek macam Rempang itulah jadinya  investor mana mau masuk dengan kondisi penindasan HAM spt ini?????  entah ada korupsi atau tidak""",,id,Pemimpin kedepan harus sudah mempunyai wawasan  Standard ESG  Environment Social  amp  governance   tanpa pedoman itu  maka proyek macam Rempang itulah jadinya  investor mana mau masuk dengan kondisi penindasan HAM spt ini?????  entah ada korupsi atau tidak,False,36,True
"@KambingBosss @dapitnih @SBYudhoyono Saya kira anda masih kurang paham soal liberasi salah satunya karena itu bisa digunakan untuk meningkatkan arus modal dan apa kamu kira jokowi ga liberasi juga? Tanya nikel di morowali dan pemutihan kawasan hutan oleh para perambah bahkan lebih ngeri, kasus rempang contoh nyata",,id,"@KambingBosss @dapitnih @SBYudhoyono Saya kira anda masih kurang paham soal liberasi salah satunya karena itu bisa digunakan untuk meningkatkan arus modal dan apa kamu kira jokowi ga liberasi juga? Tanya nikel di morowali dan pemutihan kawasan hutan oleh para perambah bahkan lebih ngeri, kasus rempang contoh nyata",False,47,True
"Pengen ke Israel belain Hamas biar diliput Kompas, tapi sodara sendiri di Rempang mau digusur colonizer eh.. investor belum sempat dibelain, duh.. pilihan yang sulit.",,id,"Pengen ke Israel belain Hamas biar diliput Kompas, tapi sodara sendiri di Rempang mau digusur colonizer eh.. investor belum sempat dibelain, duh.. pilihan yang sulit.",False,25,True
"@tvOneNews Yang kemarin koar2 kalau masyarakat Rempang yang tidak bersalah dibebaskan  khawatir indonesia jadi negara 'preman', Apa kabar anda, melihat perilaku teman sejawat anda jadi tukang palak, Lil..??!!",,id,"@tvOneNews Yang kemarin koar2 kalau masyarakat Rempang yang tidak bersalah dibebaskan  khawatir indonesia jadi negara  preman , Apa kabar anda, melihat perilaku teman sejawat anda jadi tukang palak, Lil..??!!",False,28,True
Negara tdk bisa membedakan mana tanah yg bisa di akui sebagai tanah negara dan mana yg tidak   BP Batam di kasus #Rempang sdh seperti VOC   *Kawal terus kasus Rempang dan penyerobotan lahan oleh pemerintah di seluruh wilayah NKRI https://t.co/nYJ0hBFipt,,id,Negara tdk bisa membedakan mana tanah yg bisa di akui sebagai tanah negara dan mana yg tidak   BP Batam di kasus #Rempang sdh seperti VOC    Kawal terus kasus Rempang dan penyerobotan lahan oleh pemerintah di seluruh wilayah NKRI https   t.co nYJ0hBFipt,False,40,True
Investasi proyek eco city di rempang manfaatnya akan dirasakan warga rempang secara khusus karena akan membantu mengurangi pengangguran.  @GATRA_com  @liputan6dotcom  Bahlil Kawal Investasi  #HIPMIRempang  https://t.co/meiRNhRy7q,,id,Investasi proyek eco city di rempang manfaatnya akan dirasakan warga rempang secara khusus karena akan membantu mengurangi pengangguran.  @GATRA_com  @liputan6dotcom  Bahlil Kawal Investasi  #HIPMIRempang  https   t.co meiRNhRy7q,False,25,True
"Buku TRUTH : TEMUKAN RASA UTUHMU, TEMUKAN HIDUP by SOPHIE NAVITA https://t.co/Cy9S7qaiDb batik air Rempang Robin Chopper Pagiiii Melayu #AniesMuhaimin2024 Ocha Jenglot #MovingEp17 https://t.co/nCXCYG8Fhd https://t.co/Et3YZZcdxW",,id,"Buku TRUTH   TEMUKAN RASA UTUHMU, TEMUKAN HIDUP by SOPHIE NAVITA https   t.co Cy9S7qaiDb batik air Rempang Robin Chopper Pagiiii Melayu #AniesMuhaimin2024 Ocha Jenglot #MovingEp17 https   t.co nCXCYG8Fhd https   t.co Et3YZZcdxW",False,27,True
"HIPMI berkomitmen utk mendukung investasi Rempang Eco City yg dikawal oleh Menteri Investasi Bahlil Lahadalia. Dgn kerjasama yg solid, proyek ini akan menciptakan dampak yg signifikan bagi masyarakat dan pengusaha muda. #HIPMIRempang Bahlil Kawal Investasi https://t.co/KmTdfiMY9Z",,id,"HIPMI berkomitmen utk mendukung investasi Rempang Eco City yg dikawal oleh Menteri Investasi Bahlil Lahadalia. Dgn kerjasama yg solid, proyek ini akan menciptakan dampak yg signifikan bagi masyarakat dan pengusaha muda. #HIPMIRempang Bahlil Kawal Investasi https   t.co KmTdfiMY9Z",False,37,True
Masyarakat Pulau Rempang tidak menolak investasi. Sebagian besar masyarakat telah menyadari pentingnya membuka pintu masuk investasi untuk kemajuan Pulau Rempang.  #RempangEcoCity #RempangBatam #InvestasiRempang #RempangDamai #RempangMaju #RempangNaikKelas #InvestasiUntukRakyat https://t.co/eccH07geDC,,id,Masyarakat Pulau Rempang tidak menolak investasi. Sebagian besar masyarakat telah menyadari pentingnya membuka pintu masuk investasi untuk kemajuan Pulau Rempang.  #RempangEcoCity #RempangBatam #InvestasiRempang #RempangDamai #RempangMaju #RempangNaikKelas #InvestasiUntukRakyat https   t.co eccH07geDC,False,29,True
"@tvOneNews Otak lu gak bisa dipake mikir bener yaa, Lil..??!! Bila lu punya fikiran SEHAT dan PERASAAN, lu pasti MALU bahkan KHAWATIR atas diri elu dari  Do'a2 para warga Rempang yang di dzolimi elu dan Penguasa Lalim ini!!  #TegakkanHukum #TegakkanKedaulatanRakyat ☝️🇮🇩",,id,"@tvOneNews Otak lu gak bisa dipake mikir bener yaa, Lil..??!! Bila lu punya fikiran SEHAT dan PERASAAN, lu pasti MALU bahkan KHAWATIR atas diri elu dari  Do a2 para warga Rempang yang di dzolimi elu dan Penguasa Lalim ini!!  #TegakkanHukum #TegakkanKedaulatanRakyat",False,41,True
"@jokowi makanya pak jngn bikin tol mulu, jngn ngbabat hutan buat dijadiin tambang mulu, jngan maksa warga rempang bwt pergi demi investasi, jangan ekspor pasir dll.. intinya JANGAN RUSAK LINGKUNGAN buat kpentingan pribadi semata. bpk sarjana kehutanan tpi gak cinta lingkungan. mengheran.",,id,"@jokowi makanya pak jngn bikin tol mulu, jngn ngbabat hutan buat dijadiin tambang mulu, jngan maksa warga rempang bwt pergi demi investasi, jangan ekspor pasir dll.. intinya JANGAN RUSAK LINGKUNGAN buat kpentingan pribadi semata. bpk sarjana kehutanan tpi gak cinta lingkungan. mengheran.",False,42,True
"@sahabatalaqsha #BreakingNews Hingga saat ini, lebih dari 1.000 orang penjajah israel tewas sejak penyerbuan ke permukiman penjajah israel di sekitar Jalur Gaza (sumber lansiran sumber Ibrani) Sumber: Ar-Risalah  Semoga Penjajah Indonesia di Rempang, Kalimantan,  bisa kita usir. #FreePalastine https://t.co/8xuFwcI94N",,id,"@sahabatalaqsha #BreakingNews Hingga saat ini, lebih dari 1.000 orang penjajah israel tewas sejak penyerbuan ke permukiman penjajah israel di sekitar Jalur Gaza  sumber lansiran sumber Ibrani  Sumber  Ar-Risalah  Semoga Penjajah Indonesia di Rempang, Kalimantan,  bisa kita usir. #FreePalastine https   t.co 8xuFwcI94N",False,38,True
"Dengan peningkatan keterampilan, maka warga lokal Rempang akan memperoleh kesempatan yang lebih besar dalam penyerapan kerja yang tersedia dengan keberadaan investasi ini. prabowo @Gerindra @kompascom @corbuzier Bahlil Kawal Investasi  #HIPMIRempang https://t.co/wvmmC2IKBF",,id,"Dengan peningkatan keterampilan, maka warga lokal Rempang akan memperoleh kesempatan yang lebih besar dalam penyerapan kerja yang tersedia dengan keberadaan investasi ini. prabowo @Gerindra @kompascom @corbuzier Bahlil Kawal Investasi  #HIPMIRempang https   t.co wvmmC2IKBF",False,32,True
*VIRALKAN 📢📢📢* Selamat *Untuk  Fahri  Lubis                          Dan Team  Advokasi Untuk Rempang🙏 dengan Berhasil  Membawa Permasalahan Rempang Ke Perserikatan Bangsa Bangsa (PBB )  Kini Rempang Sudah Menjadi Sorotan Dunia👍🇲🇨🇲🇨 Power Of Allah* https://t.co/MmsrcFfmiY,,id,VIRALKAN   Selamat  Untuk  Fahri  Lubis                          Dan Team  Advokasi Untuk Rempang dengan Berhasil  Membawa Permasalahan Rempang Ke Perserikatan Bangsa Bangsa  PBB    Kini Rempang Sudah Menjadi Sorotan Dunia Power Of Allah  https   t.co MmsrcFfmiY,False,31,True
Dengan #DukungBahlil untuk pembangunan Rempang Eco City adalah merupakan suatu sikap kerja sama yang memberikan masukan yang konstruktif yang sangat diperlukan untuk menghadirkan Rempang Aman bagi warga dan investasi https://t.co/xAop1da9RU,,id,Dengan #DukungBahlil untuk pembangunan Rempang Eco City adalah merupakan suatu sikap kerja sama yang memberikan masukan yang konstruktif yang sangat diperlukan untuk menghadirkan Rempang Aman bagi warga dan investasi https   t.co xAop1da9RU,False,31,True
"@HusinShihab Fakta cebong sekaum penjajah Israil .. dik..dik junjungan ente lagi pencitraan cari suara muslim jangan justru menunjukkan cebong sekaum bela Israil. Mending bantuan Ganjar pencitraan cari simpati suara muslim , rempang di jajah China cebongpun bela RRC https://t.co/5H2bvXjRqa",,id,"@HusinShihab Fakta cebong sekaum penjajah Israil .. dik..dik junjungan ente lagi pencitraan cari suara muslim jangan justru menunjukkan cebong sekaum bela Israil. Mending bantuan Ganjar pencitraan cari simpati suara muslim , rempang di jajah China cebongpun bela RRC https   t.co 5H2bvXjRqa",False,39,True
"yg digugat itukan juga produk politis dri parlemen. harusnya mk sprti gugatan pt 0% tolak, bilang bukan ranahnya, knp utk produk sejenis malah dikabulkan.?  tetap waspada, jgn meleng. jgn lupakan rempang dkk.",,id,"yg digugat itukan juga produk politis dri parlemen. harusnya mk sprti gugatan pt 0  tolak, bilang bukan ranahnya, knp utk produk sejenis malah dikabulkan.?  tetap waspada, jgn meleng. jgn lupakan rempang dkk.",False,30,True
"terima kasih kami ucapkan kpd bapak Kabaintelkam Polri yang telah mberikan bantuan sembako kpd kami, warga relokasi Rempang Batam... nyokap Dedi, istri Bapak Dedi Yunhar... Hamas Gaza Hujan https://t.co/hF4PIeVaf9 https://t.co/IrG3Y7Idm1",,id,"terima kasih kami ucapkan kpd bapak Kabaintelkam Polri yang telah mberikan bantuan sembako kpd kami, warga relokasi Rempang Batam... nyokap Dedi, istri Bapak Dedi Yunhar... Hamas Gaza Hujan https   t.co hF4PIeVaf9 https   t.co IrG3Y7Idm1",False,32,True
"@never_alonely Di dalam Alinea 4 Pembukaan UUD 1945 tertulis bahwa salah satu tugas Pemerintah adalah Melindungi Segenap Bangsa Indonesia dan Seluruh Tumpah Darah Indonesia....selain 3 tugas utama lainnya  Sangat jelas dan tegas  Peristiwa di Rempang, Seruyan dan lain...mencederai amanat tsb",,id,"@never_alonely Di dalam Alinea 4 Pembukaan UUD 1945 tertulis bahwa salah satu tugas Pemerintah adalah Melindungi Segenap Bangsa Indonesia dan Seluruh Tumpah Darah Indonesia....selain 3 tugas utama lainnya  Sangat jelas dan tegas  Peristiwa di Rempang, Seruyan dan lain...mencederai amanat tsb",False,39,True
"semua bukan soal aturan/Kepres/Investasi..  Ini semua soal HIDEN DEBT yang harus segera di lunasi,  Kalau nggak lunas sebelum lengser PIDANA pastinya..  Lalu ada Cukong mau kasih Uang Besar tapi mintanya harus  Pulau REMPANG..  Inilah awalnya.😁  @jokowi   https://t.co/9RWVmTUosT",,id,"semua bukan soal aturan Kepres Investasi..  Ini semua soal HIDEN DEBT yang harus segera di lunasi,  Kalau nggak lunas sebelum lengser PIDANA pastinya..  Lalu ada Cukong mau kasih Uang Besar tapi mintanya harus  Pulau REMPANG..  Inilah awalnya.  @jokowi   https   t.co 9RWVmTUosT",False,40,True
"Tak lupa juga saudara di rempang, Afghanistan. Rempang tu bukan kata jauh pun dekat ja. Sama-sama kita titipkan doa pada mereka baca yasin lepas solat etc",,id,"Tak lupa juga saudara di rempang, Afghanistan. Rempang tu bukan kata jauh pun dekat ja. Sama-sama kita titipkan doa pada mereka baca yasin lepas solat etc",False,25,True
"Iya tahun depan (selesai). Butuh waktu 6- 7 bulan,"" terang Bahlil pada Selasa (10/10).  Download #MetroTVXtend sekarang di Play Store &amp  App Store.  #BahlilLahadalia #MenteriInvestasi #Relokasi #Pulau #Rempang #Batam #Riau https://t.co/TFtbFVBzmi""",,id,"Iya tahun depan  selesai . Butuh waktu 6- 7 bulan,  terang Bahlil pada Selasa  10 10 .  Download #MetroTVXtend sekarang di Play Store  amp  App Store.  #BahlilLahadalia #MenteriInvestasi #Relokasi #Pulau #Rempang #Batam #Riau https   t.co TFtbFVBzmi",False,31,True
@democrazymedia bongkar...audit smuanya biar jls.Jgn2 ada korupsi besar2an dsini.KPK hrs telusuri dn periksa BP Batam.Kmana tuh uang UWT...Knpa msh mnta Pempus lg dg nilai trilyunan.Rempang jgn diapa2in dlu.Biar wrga ttp ad dsna.,,id,@democrazymedia bongkar...audit smuanya biar jls.Jgn2 ada korupsi besar2an dsini.KPK hrs telusuri dn periksa BP Batam.Kmana tuh uang UWT...Knpa msh mnta Pempus lg dg nilai trilyunan.Rempang jgn diapa2in dlu.Biar wrga ttp ad dsna.,False,29,True
@korantempo Di rempang warganya menolak skrang warga sepaku kesulitan mndapatka  sertifikat..sblumnya jg warga wadas..pembagunan berkeadilan yg diharapkan yg ada protes dr warga..yg diutungkan ujung Cukong jg😏,,id,@korantempo Di rempang warganya menolak skrang warga sepaku kesulitan mndapatka  sertifikat..sblumnya jg warga wadas..pembagunan berkeadilan yg diharapkan yg ada protes dr warga..yg diutungkan ujung Cukong jg,False,29,True
Kami solid untuk mendorong investasi berkelanjutan! HIPMI mengucapkan terima kasih kepada Menteri Bahlil yang dengan tekun mengawal proyek Rempang Eco Park. @prabowo  Bahlil Kawal Investasi #HIPMIRempang,,id,Kami solid untuk mendorong investasi berkelanjutan! HIPMI mengucapkan terima kasih kepada Menteri Bahlil yang dengan tekun mengawal proyek Rempang Eco Park. @prabowo  Bahlil Kawal Investasi #HIPMIRempang,False,26,True
Pemaksaan pengosongan lahan msh terus di lakukan oleh tim gabungan di #Rempang ada 2 dari TNI dan petugas PTPN mendatangi warga melakukan intimidasi terhadap warga utk segera mengosongkan rumah2 mereka https://t.co/63sdsnQtDT,,id,Pemaksaan pengosongan lahan msh terus di lakukan oleh tim gabungan di #Rempang ada 2 dari TNI dan petugas PTPN mendatangi warga melakukan intimidasi terhadap warga utk segera mengosongkan rumah2 mereka https   t.co 63sdsnQtDT,False,31,True
"@Li9ayaTalaChes4 Rempang harus solid dan bersatu menjaga kedaulatan tanah adat dan tanah sejarah bangsa ini, bukan menolak pembangunan kami hanya menolak investor asing yg sewenang-wenang terhadap  hak rakyat ! Dan menolak pengakuan hak asing terhadap tanah moyang kami ! 💪😎🇮🇩 https://t.co/MlHAHo4SKO",,id,"@Li9ayaTalaChes4 Rempang harus solid dan bersatu menjaga kedaulatan tanah adat dan tanah sejarah bangsa ini, bukan menolak pembangunan kami hanya menolak investor asing yg sewenang-wenang terhadap  hak rakyat ! Dan menolak pengakuan hak asing terhadap tanah moyang kami !  https   t.co MlHAHo4SKO",False,38,True
@Ivatcci @jokowi @bahlillahadalia @bkpm ayoo gais kita #DukungBahlil semngat pak karna dipercaya sama pak jokowi dan pasti bapak bisa menjalankan amanah dan tanggung jawab sebaik mungkin agar Rempang Aman,,id,@Ivatcci @jokowi @bahlillahadalia @bkpm ayoo gais kita #DukungBahlil semngat pak karna dipercaya sama pak jokowi dan pasti bapak bisa menjalankan amanah dan tanggung jawab sebaik mungkin agar Rempang Aman,False,29,True
"@Catatan_ali7 Yang di rempang dah mulai pada pindah ke hunian sementara( perumahan sambau, rusun muka kuning dan ruko buana park)...kayaknya negosiasi pemerintah dan masyarakat rempang berhasil mendapatkan kesempatan...",,id,"@Catatan_ali7 Yang di rempang dah mulai pada pindah ke hunian sementara  perumahan sambau, rusun muka kuning dan ruko buana park ...kayaknya negosiasi pemerintah dan masyarakat rempang berhasil mendapatkan kesempatan...",False,28,True
"Ehh presiden sini malah ngurus perang negara lain yg bukan urusannya. Omdo pula 😂  Bela Palestina silahkan, tapi konkrit ga?  IKN belum kelar, rempang ancur.. IQ masyarakat jg tambah ancur.. Ngapain presiden urus kayak gituan.. Cukup menteri aja, atau jubir Kemlu",,id,"Ehh presiden sini malah ngurus perang negara lain yg bukan urusannya. Omdo pula   Bela Palestina silahkan, tapi konkrit ga?  IKN belum kelar, rempang ancur.. IQ masyarakat jg tambah ancur.. Ngapain presiden urus kayak gituan.. Cukup menteri aja, atau jubir Kemlu",False,40,True
Pak Bahlil menjadikan partisipasi warga dan UMKM sebagai fokus utama dalam investasi Rempang. Kemitraan yang erat ini menciptakan pertumbuhan ekonomi yang merata dan berkelanjutan bagi seluruh komunitas lokal. #HIPMIRempang Bahlil Kawal Investasi https://t.co/Ez9RQdLzNK,,id,Pak Bahlil menjadikan partisipasi warga dan UMKM sebagai fokus utama dalam investasi Rempang. Kemitraan yang erat ini menciptakan pertumbuhan ekonomi yang merata dan berkelanjutan bagi seluruh komunitas lokal. #HIPMIRempang Bahlil Kawal Investasi https   t.co Ez9RQdLzNK,False,34,True
"@msaid_didu @bahlillahadalia Jgn liat mslh gusur, investor dll..tapi lhtlah kasus Rempang ini muncul saat di musim politik...keanehan...apa kah partai koalisi mau melepas simpati warga Rempang dgn ada kasus penggusuran ini..??? Org yg bru maen politik saja pasti dia ber baik2 hati utk mencari simpati...🤔🤔",,id,"@msaid_didu @bahlillahadalia Jgn liat mslh gusur, investor dll..tapi lhtlah kasus Rempang ini muncul saat di musim politik...keanehan...apa kah partai koalisi mau melepas simpati warga Rempang dgn ada kasus penggusuran ini..??? Org yg bru maen politik saja pasti dia ber baik2 hati utk mencari simpati...",False,46,True
"@tvOneNews #BangsatBangsa Rezim jkw sangat arogan pd rakyatnya, klu pemenang presiden 2024 dr PDIP lg, tanah kita hanya menunggu giliran utk diambil paksa... Padahal pilpres 2019 @jokowi menang di Rempang",,id,"@tvOneNews #BangsatBangsa Rezim jkw sangat arogan pd rakyatnya, klu pemenang presiden 2024 dr PDIP lg, tanah kita hanya menunggu giliran utk diambil paksa... Padahal pilpres 2019 @jokowi menang di Rempang",False,30,True
"HIPMI memiliki keyakinan bahwa investasi Rempang ini akan berjalan sesuai harapan, berdampak positif bagi perekonomian nasional dan daerah, serta bisa membawa kesejahteraan bagi masyarakat sekitar. @bahlillahadalia @detikcom  Bahlil Kawal Investasi  #HIPMIRempang",,id,"HIPMI memiliki keyakinan bahwa investasi Rempang ini akan berjalan sesuai harapan, berdampak positif bagi perekonomian nasional dan daerah, serta bisa membawa kesejahteraan bagi masyarakat sekitar. @bahlillahadalia @detikcom  Bahlil Kawal Investasi  #HIPMIRempang",False,31,True
"@Dennysiregar7 Ngaku Sumatra, saudaranya di Rempang di usir gak bersuara, dahlah... anda tidak fanatik Jokowi,PDIP ataupun Ganjar. Anda itu Fanatik dengan cukong yg dibelakang calon manapun yg di dukung Cukong.",,id,"@Dennysiregar7 Ngaku Sumatra, saudaranya di Rempang di usir gak bersuara, dahlah... anda tidak fanatik Jokowi,PDIP ataupun Ganjar. Anda itu Fanatik dengan cukong yg dibelakang calon manapun yg di dukung Cukong.",False,31,True
Kami komitmen untuk mendukung investasi berkelanjutan! HIPMI menghargai Menteri Bahlil yang telah mengawal proyek Rempang Eco Park dengan penuh dedikasi. https://t.co/PBiynTbDiY  Bahlil Kawal Investasi #HIPMIRempang,,id,Kami komitmen untuk mendukung investasi berkelanjutan! HIPMI menghargai Menteri Bahlil yang telah mengawal proyek Rempang Eco Park dengan penuh dedikasi. https   t.co PBiynTbDiY  Bahlil Kawal Investasi #HIPMIRempang,False,26,True
@Migran_TV_7777 @jokowi Ingatlah ketika kecil tinggal dipinggir Kali pepe tergusur opo ora sedih Pak @jokowi ?  Demikian pula warga asli rempang tanah tumpah darah leluhurnya mau digusur China Tiongkok dengan collaborator pedagang encek2 yang hanya mengandalkan bekingan saja untuk mengeruk keuntungan.,,id,@Migran_TV_7777 @jokowi Ingatlah ketika kecil tinggal dipinggir Kali pepe tergusur opo ora sedih Pak @jokowi ?  Demikian pula warga asli rempang tanah tumpah darah leluhurnya mau digusur China Tiongkok dengan collaborator pedagang encek2 yang hanya mengandalkan bekingan saja untuk mengeruk keuntungan.,False,39,True
"@nongandah @masbutet 🤣🤣🤣, Ini lucu. Yg bikin sedih gerombolan babi bukan ketidakadilan seperti kejadian Rempang tapi justru karena berpalingnya sang idola   Elu sok sedih nyet tapi Jokowinye 👇 https://t.co/bIqzozfYqo",,id,"@nongandah @masbutet    , Ini lucu. Yg bikin sedih gerombolan babi bukan ketidakadilan seperti kejadian Rempang tapi justru karena berpalingnya sang idola   Elu sok sedih nyet tapi Jokowinye  https   t.co bIqzozfYqo",False,28,True
"Jika seluruh lapisan masyarakat bergerak bela rempang maka peluang @aniesbaswedan menang makin tinggi krn satu2nya capres yg tdk setuju rempang adalah AMIN,  ayo terus gelorakan penolakan rempang",,id,"Jika seluruh lapisan masyarakat bergerak bela rempang maka peluang @aniesbaswedan menang makin tinggi krn satu2nya capres yg tdk setuju rempang adalah AMIN,  ayo terus gelorakan penolakan rempang",False,27,True
Jangan tercengang pernyataan ini krn BP Batam hanya pelaksana dari penetapan Pulau Rempang sdg Proyek Strategis Nasional yg ditandatangani oleh Menko Perekonomian Pak Airlangga yg juga Ketum Partai Golkar. Pak Nusron wakil Partai Golkar.,,id,Jangan tercengang pernyataan ini krn BP Batam hanya pelaksana dari penetapan Pulau Rempang sdg Proyek Strategis Nasional yg ditandatangani oleh Menko Perekonomian Pak Airlangga yg juga Ketum Partai Golkar. Pak Nusron wakil Partai Golkar.,False,34,True
"terima kasih kami ucapkan kpd bapak Kabaintelkam Polri yang telah mberikan bantuan sembako kpd kami, warga relokasi Rempang Batam... nyokap Dedi, istri Bapak Dedi Yunhar... Hamas Gaza Hujan https://t.co/gUuwSZZpsH https://t.co/VStDHEfKeM",,id,"terima kasih kami ucapkan kpd bapak Kabaintelkam Polri yang telah mberikan bantuan sembako kpd kami, warga relokasi Rempang Batam... nyokap Dedi, istri Bapak Dedi Yunhar... Hamas Gaza Hujan https   t.co gUuwSZZpsH https   t.co VStDHEfKeM",False,32,True
riku kades keras suka amanda manopo gemes petualangan sherina 2 angel eyes kepsek cegil renjun perokok fisip ui bocah ice cold elfira ibu kota negara rempang udil pramuka fokus irene dante kiko gen z cilacap cpns kebayoran lama whoosh ✨Jaket Varsity https://t.co/bKbVPJQ5cF https://t.co/41bUeE4qih,,id,riku kades keras suka amanda manopo gemes petualangan sherina 2 angel eyes kepsek cegil renjun perokok fisip ui bocah ice cold elfira ibu kota negara rempang udil pramuka fokus irene dante kiko gen z cilacap cpns kebayoran lama whoosh Jaket Varsity https   t.co bKbVPJQ5cF https   t.co 41bUeE4qih,False,43,True
@IND0_Update @MataNajwa @Metro_TV @tvOneNews Bahlil Lahadalia adalah contoh nyata pemimpin proaktif yang selalu berada di garis depan untuk memastikan investasi Rempang berjalan baik. Dukungan dan dedikasinya membawa dampak positif bagi masyarakat dan investor. #HIPMIRempang Bahlil Kawal Investasi,,id,@IND0_Update @MataNajwa @Metro_TV @tvOneNews Bahlil Lahadalia adalah contoh nyata pemimpin proaktif yang selalu berada di garis depan untuk memastikan investasi Rempang berjalan baik. Dukungan dan dedikasinya membawa dampak positif bagi masyarakat dan investor. #HIPMIRempang Bahlil Kawal Investasi,False,35,True
BP Batam Siapkan Beasiswa &amp  Pelatihan untuk Warga Rempang  @Li9ayaTalaChes4 Cawapres Panas Yusril Argo Semeru Ketua MK Islamophobic Citra Body Serum Dokter Jogja Mahasiswa UNS Paman #MakinEnek sohee Salma Salsabil BPJS Kesehatan Menteri Hukum Bekasi #NKRIMembangun #Rempang https://t.co/GWzl049Omi,,id,BP Batam Siapkan Beasiswa  amp  Pelatihan untuk Warga Rempang  @Li9ayaTalaChes4 Cawapres Panas Yusril Argo Semeru Ketua MK Islamophobic Citra Body Serum Dokter Jogja Mahasiswa UNS Paman #MakinEnek sohee Salma Salsabil BPJS Kesehatan Menteri Hukum Bekasi #NKRIMembangun #Rempang https   t.co GWzl049Omi,False,39,True
"@febridiansyah @PartaiSocmed @prabowo @susipudjiastuti Anies bnyk Retrolika, kurang ketegasan.  Imin mencla menclo mencari keuntungan diri sendiri&amp Pendukungnya  Ganjar Pemendam Emosi, yg suatu saat akan lebih brutal dari saat ini yg sedang kita alami! Iya2 didepan mata, dibelakang bisa main tangan. dia mesin PDIP! rempang nasibnya?!",,id,"@febridiansyah @PartaiSocmed @prabowo @susipudjiastuti Anies bnyk Retrolika, kurang ketegasan.  Imin mencla menclo mencari keuntungan diri sendiri amp Pendukungnya  Ganjar Pemendam Emosi, yg suatu saat akan lebih brutal dari saat ini yg sedang kita alami! Iya2 didepan mata, dibelakang bisa main tangan. dia mesin PDIP! rempang nasibnya?!",False,46,True
"Semangat investasi, harapan masa depan! HIPMI mengucapkan terima kasih kepada Menteri Bahlil yang memastikan kelancaran proyek Rempang Eco Park.  https://t.co/bx8NjzTZlX  Bahlil Kawal Investasi #HIPMIRempang",,id,"Semangat investasi, harapan masa depan! HIPMI mengucapkan terima kasih kepada Menteri Bahlil yang memastikan kelancaran proyek Rempang Eco Park.  https   t.co bx8NjzTZlX  Bahlil Kawal Investasi #HIPMIRempang",False,25,True
"@gamegg15112976 @Mantanmontir22 @aniesbaswedan @NassPur_ Makanya kalo gak tau gak usah sotoy, Rempang dan galang itu masuk dalam kawasan batam, itu sebab derahnya dinamakan barelang (batam, rempang, galang), semua daerah itu dibawah pemerintahan PB BATAM (wali kota), provinsi kepri, Sampe sini faham lu dul ?",,id,"@gamegg15112976 @Mantanmontir22 @aniesbaswedan @NassPur_ Makanya kalo gak tau gak usah sotoy, Rempang dan galang itu masuk dalam kawasan batam, itu sebab derahnya dinamakan barelang  batam, rempang, galang , semua daerah itu dibawah pemerintahan PB BATAM  wali kota , provinsi kepri, Sampe sini faham lu dul ?",False,42,True
"Thohir ato gibran? Thohir gerak di blkng. Jika cebong pingin bgt, maju gibran, thohir ttp d blkg ngerjain semua urusan luhut. Reklamasi, moblis, hybrid pangan, proyek kanker dgn alasan cuaca panas &lt ------ berhubungan dgn rempang",,id,"Thohir ato gibran? Thohir gerak di blkng. Jika cebong pingin bgt, maju gibran, thohir ttp d blkg ngerjain semua urusan luhut. Reklamasi, moblis, hybrid pangan, proyek kanker dgn alasan cuaca panas  lt ------ berhubungan dgn rempang",False,34,True
"@Asiknyaapaya @AyaniMel rempang sampai tahun 2000 an tidak berpenghuni, tanahnya milik otorita batam. begitu ada investor tiba2 ada penduduk asli dan para simpatisan yang membela dan menyerang jokowi. ndak tau hubungannya dimana ya.",,id,"@Asiknyaapaya @AyaniMel rempang sampai tahun 2000 an tidak berpenghuni, tanahnya milik otorita batam. begitu ada investor tiba2 ada penduduk asli dan para simpatisan yang membela dan menyerang jokowi. ndak tau hubungannya dimana ya.",False,33,True
"@susipudjiastuti Kenapa baru kali ini melawan pak Jokowi? kenapa gak ktika di suruh mengambil kebijakan soal tanah Rempang atau ktika 14x kenaikan BBM ?, Sapa suruh datang Jakarta kalo omnibus law yg ngatur ketua partai, anda pun gak tahu kenapa harus import beras padahal negara ini agraria luas.",,id,"@susipudjiastuti Kenapa baru kali ini melawan pak Jokowi? kenapa gak ktika di suruh mengambil kebijakan soal tanah Rempang atau ktika 14x kenaikan BBM ?, Sapa suruh datang Jakarta kalo omnibus law yg ngatur ketua partai, anda pun gak tahu kenapa harus import beras padahal negara ini agraria luas.",False,47,True
warga rempang mendapat pelatihan ketrampilan dengan agar nantinya bisa bekerja pada proyek investasi ini merupakan salah satu solusi yang dihadirkan. Bahlil Kawal Investasi #HIPMIRempang https://t.co/euud3Ihrc2,,id,warga rempang mendapat pelatihan ketrampilan dengan agar nantinya bisa bekerja pada proyek investasi ini merupakan salah satu solusi yang dihadirkan. Bahlil Kawal Investasi #HIPMIRempang https   t.co euud3Ihrc2,False,26,True
"Bahlil Tolak Bebaskan Warga Rempang: Kalau Dibiarkan, Negara Kita Jadi Negara Preman. Netizen: Bahlil Sudah Kayak Kepala Preman Yang Dibiarkan Merajalela Oleh Negara. https://t.co/cBBif1LmgA",,id,"Bahlil Tolak Bebaskan Warga Rempang  Kalau Dibiarkan, Negara Kita Jadi Negara Preman. Netizen  Bahlil Sudah Kayak Kepala Preman Yang Dibiarkan Merajalela Oleh Negara. https   t.co cBBif1LmgA",False,25,True
"Ada beberapa biaya yang akan diberikan pemerintah untuk warga Rempang terdampak, seperti uang tunggu dan uang sewa rumah atau kontrakan.  Bahlil Kawal Investasi  #HIPMIRempang  @jawapos  https://t.co/6gCBqsWF0f",,id,"Ada beberapa biaya yang akan diberikan pemerintah untuk warga Rempang terdampak, seperti uang tunggu dan uang sewa rumah atau kontrakan.  Bahlil Kawal Investasi  #HIPMIRempang  @jawapos  https   t.co 6gCBqsWF0f",False,27,True
"Bahlil berhasil meyakinkan dan merangkul warga rempang bahwa kepastian investasi ini akan membawa berkah ‘ekonomi’ kepada mereka. Dalam proses dan pendekatannya, Bahlil patut diacungi jempol lantaran dia konsisten dengan pendekatan humanisnya. Bahlil Kawal Investasi #HIPMIRempang",,id,"Bahlil berhasil meyakinkan dan merangkul warga rempang bahwa kepastian investasi ini akan membawa berkah  ekonomi  kepada mereka. Dalam proses dan pendekatannya, Bahlil patut diacungi jempol lantaran dia konsisten dengan pendekatan humanisnya. Bahlil Kawal Investasi #HIPMIRempang",False,35,True
"@ecosocrights PT.XINYI bukan perusahaan 10 besar dunia itu bohong, investasi di Gresik tidak jalan lalu kita mau menerima Investasi Bodong di Rempang....hanya orang bodoh yg mau menerima",,id,"@ecosocrights PT.XINYI bukan perusahaan 10 besar dunia itu bohong, investasi di Gresik tidak jalan lalu kita mau menerima Investasi Bodong di Rempang....hanya orang bodoh yg mau menerima",False,27,True
"@t_yudehis wkwkw biasalah dia kan fansya si penguasa, ga ada tuh tweet dia soal isu sosial di rezim ini apalagi soal rempang, emang dia keknya mau giring opini kek yang disebutin di atas",,id,"@t_yudehis wkwkw biasalah dia kan fansya si penguasa, ga ada tuh tweet dia soal isu sosial di rezim ini apalagi soal rempang, emang dia keknya mau giring opini kek yang disebutin di atas",False,32,True
"Setuju bgt sih sama HIPMI yg mendukung penuh proyek Rempang Eco City, bersama2 bersinergi dengan pemerintah dalam mendukung pertumbuhan ekonomi  Bahlil Kawal Investasi #HIPMIRempang https://t.co/VLF7Zj0cca",,id,"Setuju bgt sih sama HIPMI yg mendukung penuh proyek Rempang Eco City, bersama2 bersinergi dengan pemerintah dalam mendukung pertumbuhan ekonomi  Bahlil Kawal Investasi #HIPMIRempang https   t.co VLF7Zj0cca",False,26,True
"@IGKGARNAWA2 @IwanPmana87 @ekowboy2 Anda krg jeli mlihat Rempang, Batam itu lokasinya strategis mknya di incar cina, kedoknya pabrik kaca, tp yg di incar jalur msk dr brg cina. Stlh brhasil mrk akan minta imunitas di daerah itu,free lain2nya. Mending klo cuma brg,lha klo yg msk narkoba,tentara,tka, gak bahaya ta?🙏",,id,"@IGKGARNAWA2 @IwanPmana87 @ekowboy2 Anda krg jeli mlihat Rempang, Batam itu lokasinya strategis mknya di incar cina, kedoknya pabrik kaca, tp yg di incar jalur msk dr brg cina. Stlh brhasil mrk akan minta imunitas di daerah itu,free lain2nya. Mending klo cuma brg,lha klo yg msk narkoba,tentara,tka, gak bahaya ta?",False,53,True
"@tvOneNews Mereka harus dibebaskan tanpa syarat karna  mereka tdk bersalah, siapapn manusia didunia ini  jika ada yg mau mengganggu kehidupan hidup keluarganya se hari2 maka mereka akan marah &amp  melawan utk mempertahankan apa yg mereka miliki, ingat negara harus menghormati HAM warga Rempang",,id,"@tvOneNews Mereka harus dibebaskan tanpa syarat karna  mereka tdk bersalah, siapapn manusia didunia ini  jika ada yg mau mengganggu kehidupan hidup keluarganya se hari2 maka mereka akan marah  amp  melawan utk mempertahankan apa yg mereka miliki, ingat negara harus menghormati HAM warga Rempang",False,43,True
"@tvOneNews Ayo masyarakat rempang dan melayu seluruhnya..mari brrsama2galang solidaritas utk.mendukung para saudara kita yg ditahan rezim..enak betul ni rezim, giliran rakyat di proses..ktk aparat yg bertindak brutal kagak di proses..asem tenan.!",,id,"@tvOneNews Ayo masyarakat rempang dan melayu seluruhnya..mari brrsama2galang solidaritas utk.mendukung para saudara kita yg ditahan rezim..enak betul ni rezim, giliran rakyat di proses..ktk aparat yg bertindak brutal kagak di proses..asem tenan.!",False,34,True
DPR menghargai kolaborasi pak Bahlil dengan masyarakat dalam proyek eco city. Kami berkomitmen untuk memastikan pembebasan lahan selesai dengan cepat Rempang Aman #DukungBahlil https://t.co/fNEjvFEA26,,id,DPR menghargai kolaborasi pak Bahlil dengan masyarakat dalam proyek eco city. Kami berkomitmen untuk memastikan pembebasan lahan selesai dengan cepat Rempang Aman #DukungBahlil https   t.co fNEjvFEA26,False,25,True
"Kasus Rempang, Direktur Rumah Inspirasi Perubahan: Ada Indikasi Pemerintah Menggunakan Domein Verklaring  https://t.co/h1XrD9n8rN - Menganggapi kebijakan Rezim terhadap kasus Rempang, Direktur Rumah Inspirasi Perubahan Probolinggo Ustaz Indra Fakhruddin #JalanMenujuIslamKaffah https://t.co/JPxHwbMC8b",,id,"Kasus Rempang, Direktur Rumah Inspirasi Perubahan  Ada Indikasi Pemerintah Menggunakan Domein Verklaring  https   t.co h1XrD9n8rN - Menganggapi kebijakan Rezim terhadap kasus Rempang, Direktur Rumah Inspirasi Perubahan Probolinggo Ustaz Indra Fakhruddin #JalanMenujuIslamKaffah https   t.co JPxHwbMC8b",False,31,True
"Bahlil nekat tapi gapake nalar. Akut!  Guru Besar UI Prof. Ronnie: Xinyi di Rempang bukan cuma soal pasir kuarsa, tapi soal Strategic location arahan pemerintah China https://t.co/RQuzTRTdzu",,id,"Bahlil nekat tapi gapake nalar. Akut!  Guru Besar UI Prof. Ronnie  Xinyi di Rempang bukan cuma soal pasir kuarsa, tapi soal Strategic location arahan pemerintah China https   t.co RQuzTRTdzu",False,27,True
@MalaysiaGazette mmg bagus... x kisah kerajaan or pembangkang... sama je... nnt masuk kt medsos sembang rempang diorng je... yg menyokong brsorak x tentu pasal... bukan reti nk tengok video prsidangan yg full... haha,,id,@MalaysiaGazette mmg bagus... x kisah kerajaan or pembangkang... sama je... nnt masuk kt medsos sembang rempang diorng je... yg menyokong brsorak x tentu pasal... bukan reti nk tengok video prsidangan yg full... haha,False,31,True
"@habibgenit @wawananwar12 @JihaanGita Rempang hoax nya di mana? Terbukti kan pemerintah melunak soal Rempang ? Artinya ada yg salah pola investasi di Rempang, shg dibutuhkan cara baru pendekatan kepd rakyat",,id,"@habibgenit @wawananwar12 @JihaanGita Rempang hoax nya di mana? Terbukti kan pemerintah melunak soal Rempang ? Artinya ada yg salah pola investasi di Rempang, shg dibutuhkan cara baru pendekatan kepd rakyat",False,29,True
"Ada juga yg mendoakan. Tapi bukan doa kesembuhan.Netizen berdoa agar disegerakan.  Luhut mau membuldozer warga Rempang. Semoga dia segera dibuldoser malaikat mau,""  Sadis, ya? Tapi ada lagi yg lebih sadis. Netizen berdoa agar sakaratul mautnya dibuat lama https://t.co/C7IPepWJas""",,id,"Ada juga yg mendoakan. Tapi bukan doa kesembuhan.Netizen berdoa agar disegerakan.  Luhut mau membuldozer warga Rempang. Semoga dia segera dibuldoser malaikat mau,   Sadis, ya? Tapi ada lagi yg lebih sadis. Netizen berdoa agar sakaratul mautnya dibuat lama https   t.co C7IPepWJas",False,38,True
"Jika anda sudah tahu nasib rakyat saat ini makin sengsara, kemudian anda masih mendukung regime penguasa.  Maka sebenarnya anda bukan lagi mendukung, melainkan anda telah membunuh nurani anda sendiri.  Menteri Investasi, Bahlil mendatangi pulau Rempang siang ini (6/10/23). https://t.co/4WjjOc16nZ",,id,"Jika anda sudah tahu nasib rakyat saat ini makin sengsara, kemudian anda masih mendukung regime penguasa.  Maka sebenarnya anda bukan lagi mendukung, melainkan anda telah membunuh nurani anda sendiri.  Menteri Investasi, Bahlil mendatangi pulau Rempang siang ini  6 10 23 . https   t.co 4WjjOc16nZ",False,41,True
"@zoelfick Apanya akhir yg manis?  TGIPF Kanjuruhan? Revisi UU KPK? UU omnibuslaw? Represi aparat hukum?  Penyelesaian konflik Papua? Rempang?  349T?  Ribut mulu, akhirnya cuman jadi pengamat. Mentei rasa pengamat. Saat nyalon baru curhat kalo hukum peelu ditegakan, haduh.  Ini saja dulu",,id,"@zoelfick Apanya akhir yg manis?  TGIPF Kanjuruhan? Revisi UU KPK? UU omnibuslaw? Represi aparat hukum?  Penyelesaian konflik Papua? Rempang?  349T?  Ribut mulu, akhirnya cuman jadi pengamat. Mentei rasa pengamat. Saat nyalon baru curhat kalo hukum peelu ditegakan, haduh.  Ini saja dulu",False,41,True
"@NinzExe07 Rakyat Rempang punya potensi besar bisa hidup lebih HEBAT dari singapura. Kenapa tdk diberdayakan ? Kenapa harus gusur geser ? Dasar rezim korup pesta pora foya2 bermegah2 aman makmur sejahtera diatas penderitaan rakyat, sudah pasti miskin moral &amp  ide. Otak kosong  . . . !! 🙏🙏",,id,"@NinzExe07 Rakyat Rempang punya potensi besar bisa hidup lebih HEBAT dari singapura. Kenapa tdk diberdayakan ? Kenapa harus gusur geser ? Dasar rezim korup pesta pora foya2 bermegah2 aman makmur sejahtera diatas penderitaan rakyat, sudah pasti miskin moral  amp  ide. Otak kosong  . . . !!",False,40,True
"@choymarkochoy Mengapa harus dengan membujuk ya ?   Paksa saja...tinggal perintahkan aparat unt membawa mereka ke sana..lagi pula sdh disediakan semua fasilitasnya   Di Rempang, Wadas dll nya bisa",,id,"@choymarkochoy Mengapa harus dengan membujuk ya ?   Paksa saja...tinggal perintahkan aparat unt membawa mereka ke sana..lagi pula sdh disediakan semua fasilitasnya   Di Rempang, Wadas dll nya bisa",False,28,True
"Selamat pagi penyuara Kebenaran dan Keadilan, Para Pandu Ibu Pertiwi.   Soal Palestina bkn soal Agama, tapi yg lbh penting soal kemanusiaan. Perampasan tanah &amp  penindasan pendatang thd penduduk asli. Rempang saja kita tak Rela. Apalagi Rakyat Palestina terhadap Negaranya. https://t.co/HaFqg7FK8x",,id,"Selamat pagi penyuara Kebenaran dan Keadilan, Para Pandu Ibu Pertiwi.   Soal Palestina bkn soal Agama, tapi yg lbh penting soal kemanusiaan. Perampasan tanah  amp  penindasan pendatang thd penduduk asli. Rempang saja kita tak Rela. Apalagi Rakyat Palestina terhadap Negaranya. https   t.co HaFqg7FK8x",False,41,True
"@IND0_Update @MataNajwa @Metro_TV @tvOneNews Dgn ketekunan &amp  dedikasi, Menteri Investasi Bahlil Lahadalia terus mengawal investasi Rempang untuk memberikan manfaat maksimal kpd masyarakat dan investor. Kami mengapresiasi proaktifnya dalam menciptakan solusi yg menguntungkan semua pihak. #HIPMIRempang Bahlil Kawal Investasi",,id,"@IND0_Update @MataNajwa @Metro_TV @tvOneNews Dgn ketekunan  amp  dedikasi, Menteri Investasi Bahlil Lahadalia terus mengawal investasi Rempang untuk memberikan manfaat maksimal kpd masyarakat dan investor. Kami mengapresiasi proaktifnya dalam menciptakan solusi yg menguntungkan semua pihak. #HIPMIRempang Bahlil Kawal Investasi",False,36,True
"Kalian pertahankan Rempang, sudah tinggal beranak pinak ratusan tahun.  Di belakang Rempang itu China, jangan sampai kejadian seperti Rohingya diusir karena napsu serakah investasi.  Investasi harus melihat dan melibatkan rakyat sebagai stake holder kawasan. Jangan mematikan mrk",,id,"Kalian pertahankan Rempang, sudah tinggal beranak pinak ratusan tahun.  Di belakang Rempang itu China, jangan sampai kejadian seperti Rohingya diusir karena napsu serakah investasi.  Investasi harus melihat dan melibatkan rakyat sebagai stake holder kawasan. Jangan mematikan mrk",False,37,True
@geloraco Warga rempang yg ditahan itu bereaksi krn membela hak2nya yg mau dirampas. Tidak bisa disamakan dgn preman atau krininal lainnya. Jika pemikiran pak bahlil yg dipakai maka akan semakin banyak demonstran yg akan dipenjarakan,,id,@geloraco Warga rempang yg ditahan itu bereaksi krn membela hak2nya yg mau dirampas. Tidak bisa disamakan dgn preman atau krininal lainnya. Jika pemikiran pak bahlil yg dipakai maka akan semakin banyak demonstran yg akan dipenjarakan,False,35,True
"@BosPurwa @mohmahfudmd 17 ribu pulau dan konon kabarnya ribuan pulau merupakan pulau kosong, kenapa ga bangun pulau kosong, kenapa malah gusur warga Rempang. Situ sihat ke?",,id,"@BosPurwa @mohmahfudmd 17 ribu pulau dan konon kabarnya ribuan pulau merupakan pulau kosong, kenapa ga bangun pulau kosong, kenapa malah gusur warga Rempang. Situ sihat ke?",False,26,True
"@bahlillahadalia Menurut saya, langkah persuasif menteri @bahlillahadalia kepada masyarakat Rempang dapat menjadi percontontohan kepala daerah lainnya. Insya Allah konsolidasi aman terkendali dan sukses sebelum akhir 2023 ini #DukungBahlil",,id,"@bahlillahadalia Menurut saya, langkah persuasif menteri @bahlillahadalia kepada masyarakat Rempang dapat menjadi percontontohan kepala daerah lainnya. Insya Allah konsolidasi aman terkendali dan sukses sebelum akhir 2023 ini #DukungBahlil",False,28,True
#HIPMIRempang investasi di Rempang Eco-City menarik minat besar negara ASEAN karena dampak positif dari investasi ini adalah mampu menyerap 30rb tenaga kerja secara langsung. Bahlil Kawal Investasi @hnurwahid @dedimul,,id,#HIPMIRempang investasi di Rempang Eco-City menarik minat besar negara ASEAN karena dampak positif dari investasi ini adalah mampu menyerap 30rb tenaga kerja secara langsung. Bahlil Kawal Investasi @hnurwahid @dedimul,False,28,True
"@JHPrabowo Yang udah jelas jadi hunian rakyat Rempang aja dengan mudahnya menerjunkan personil keamanan buat usir rakyat.  Iya, sejarah kejahatan selalu berulang. Kali ini dikomandani si plonga-plongo melalui anak buahnya.",,id,"@JHPrabowo Yang udah jelas jadi hunian rakyat Rempang aja dengan mudahnya menerjunkan personil keamanan buat usir rakyat.  Iya, sejarah kejahatan selalu berulang. Kali ini dikomandani si plonga-plongo melalui anak buahnya.",False,29,True
"Luhut mau membuldozer warga Rempang. Semoga dia segera dibuldoser malaikat mau,"" cubit netizen.  Sadis, ya? Tapi ada lagi yg lebih sadis. Netizen berdoa agar sakaratul mautnya dibuat lama, minimal sebulan. Biar menderita, katanya.   Kenapa respon netizen terhadap LBP begitu, ya?""",,id,"Luhut mau membuldozer warga Rempang. Semoga dia segera dibuldoser malaikat mau,  cubit netizen.  Sadis, ya? Tapi ada lagi yg lebih sadis. Netizen berdoa agar sakaratul mautnya dibuat lama, minimal sebulan. Biar menderita, katanya.   Kenapa respon netizen terhadap LBP begitu, ya?",False,40,True
Rempang Eco-City akan buka Ratusan ribu Lapangan pekerjaan dan #HIPMIRempang siap untuk melaksanakan pelatihan kewirausahaan untuk warga yg terdampak pengembangan Rempang Eco-City. Bahlil Kawal Investasi Cc @PartaiSocmed @Partai,,id,Rempang Eco-City akan buka Ratusan ribu Lapangan pekerjaan dan #HIPMIRempang siap untuk melaksanakan pelatihan kewirausahaan untuk warga yg terdampak pengembangan Rempang Eco-City. Bahlil Kawal Investasi Cc @PartaiSocmed @Partai,False,26,True
Instruksi dari presiden kepada pak Bahlil untuk menyelesaikan konflik di Rempang menunjukkan komitmen pemerintah dalam menciptakan perdamaian dan kesejahteraan masyarakat Rempang Aman #DukungBahlil https://t.co/7tBtW4YpU9,,id,Instruksi dari presiden kepada pak Bahlil untuk menyelesaikan konflik di Rempang menunjukkan komitmen pemerintah dalam menciptakan perdamaian dan kesejahteraan masyarakat Rempang Aman #DukungBahlil https   t.co 7tBtW4YpU9,False,25,True
@IND0_Update @mediaindonesia @indozonemedia Apresiasi untuk Bahlil karena usahanya mempercepat investasi di Pulau Rempang! Langkah ini akan membuka peluang baru dan menciptakan pertumbuhan ekonomi yang berkelanjutan. Rempang Aman  #DukungBahlil,,id,@IND0_Update @mediaindonesia @indozonemedia Apresiasi untuk Bahlil karena usahanya mempercepat investasi di Pulau Rempang! Langkah ini akan membuka peluang baru dan menciptakan pertumbuhan ekonomi yang berkelanjutan. Rempang Aman  #DukungBahlil,False,27,True
"@TeddGus Eeh botol, wong kasat mata begitu. Rempang titipan tommy winata, belum ada amdal, ngak ada hpl, tiba2 jokowi ngusir penduduk yang sudah turun temurun tinggal disitu. Sudah deh kau jgn banyak bacot, kau kira2 kite2 goblok kayak kau.",,id,"@TeddGus Eeh botol, wong kasat mata begitu. Rempang titipan tommy winata, belum ada amdal, ngak ada hpl, tiba2 jokowi ngusir penduduk yang sudah turun temurun tinggal disitu. Sudah deh kau jgn banyak bacot, kau kira2 kite2 goblok kayak kau.",False,39,True
Menteri Bahlil menegaskan bahwa beliau mendukung penuh agar segala proses penanganan yang dilakukan dalam kasus Rempang ini agar bisa dilaksanakan dengan cara tanpa kekerasan sedikit pun. Bahlil Kawal Investasi  #HIPMIRempang,,id,Menteri Bahlil menegaskan bahwa beliau mendukung penuh agar segala proses penanganan yang dilakukan dalam kasus Rempang ini agar bisa dilaksanakan dengan cara tanpa kekerasan sedikit pun. Bahlil Kawal Investasi  #HIPMIRempang,False,30,True
"Salah satu warga, Amlah (105), mengatakan, satu jengkal pun tidak akan bergeser dari tempat tinggalnya di Kampung Pasir Panjang, Pulau Rempang. Pasir Panjang adalah salah satu dari lima kampung tua yang akan terdampak pembangunan tahap I. #KonflikRempang #AdadiKompas",,id,"Salah satu warga, Amlah  105 , mengatakan, satu jengkal pun tidak akan bergeser dari tempat tinggalnya di Kampung Pasir Panjang, Pulau Rempang. Pasir Panjang adalah salah satu dari lima kampung tua yang akan terdampak pembangunan tahap I. #KonflikRempang #AdadiKompas",False,37,True
"Preman Bubarkan Aksi HMI Bela Rempang di Kementerian Investasi, GPI: Itu Tindakan Barbar  Selasa Siang Whoosh APBN Prabowo Takut Debat Dear J Kades Laos Perokok Amanda Manopo Jennie Jodie Hamil Miftah Denny Caknan #AniesMuhaimin2024 #TembakauDizalimi https://t.co/QgO8o5J6Mn",,id,"Preman Bubarkan Aksi HMI Bela Rempang di Kementerian Investasi, GPI  Itu Tindakan Barbar  Selasa Siang Whoosh APBN Prabowo Takut Debat Dear J Kades Laos Perokok Amanda Manopo Jennie Jodie Hamil Miftah Denny Caknan #AniesMuhaimin2024 #TembakauDizalimi https   t.co QgO8o5J6Mn",False,36,True
Ini Kabar 35 Warga Didemo Rempang yang Belum Dibebaskan  Selasa Whoosh APBN Prabowo Takut Debat Fraksi PKS Macan Dear J Kades Laos Amanda Manopo Jodie Hamil Miftah Denny Caknan Enzy #AniesMuhaimin2024 #TembakauDizalimi https://t.co/gewbHCU2M2,,id,Ini Kabar 35 Warga Didemo Rempang yang Belum Dibebaskan  Selasa Whoosh APBN Prabowo Takut Debat Fraksi PKS Macan Dear J Kades Laos Amanda Manopo Jodie Hamil Miftah Denny Caknan Enzy #AniesMuhaimin2024 #TembakauDizalimi https   t.co gewbHCU2M2,False,33,True
"Banyak yg ikut menyerukan mendukung Investasi @bahlillahadalia salah satunya HIPMI, HIMPI percaya pertumbuhan ekonomi &amp  penyerapan lapangan kerja akan buat Rempang maju, @detikcom  Bahlil Kawal Investasi  #HIPMIRempang https://t.co/7z4ai4C8TX",,id,"Banyak yg ikut menyerukan mendukung Investasi @bahlillahadalia salah satunya HIPMI, HIMPI percaya pertumbuhan ekonomi  amp  penyerapan lapangan kerja akan buat Rempang maju, @detikcom  Bahlil Kawal Investasi  #HIPMIRempang https   t.co 7z4ai4C8TX",False,29,True
@narkosun @ganjarpranowo Klau dia menang Jawa bisa jdi kaya Rempang karena dia akan melanjutkan yg skrg LG berjalan JD Indonesia sama aaja ga akan berubah,,id,@narkosun @ganjarpranowo Klau dia menang Jawa bisa jdi kaya Rempang karena dia akan melanjutkan yg skrg LG berjalan JD Indonesia sama aaja ga akan berubah,False,25,True
"Ini kabar terbaru dari 35 tahanan aksi bela #Rempang , salah satunya bang long   Sebagian sdh di proses hukum boleh  di jenguk keluarga Senin Kamis jam 10 -4 sore,   Bang long sedang di upayakan penangguhan penahanan di dampingi tim advokasi keliatan bang long dlm kondisi sehat https://t.co/0THz5Fugyz",,id,"Ini kabar terbaru dari 35 tahanan aksi bela #Rempang , salah satunya bang long   Sebagian sdh di proses hukum boleh  di jenguk keluarga Senin Kamis jam 10 -4 sore,   Bang long sedang di upayakan penangguhan penahanan di dampingi tim advokasi keliatan bang long dlm kondisi sehat https   t.co 0THz5Fugyz",False,46,True
"M.Ismail Yusanto: “Di tengah gemerlapnya Freeport, ada banyak rakyat yang jauh dari fasilitas pendidikan, kesejahteraan. Kalau itu dipaksakan, sangat mungkin terjadi juga di Rempang.” #KebijakanLalimSengsarakanRempang   #RempangKorbanKapitalisme   #IslamSelamatkanPerempuanRempang",,id,"M.Ismail Yusanto   Di tengah gemerlapnya Freeport, ada banyak rakyat yang jauh dari fasilitas pendidikan, kesejahteraan. Kalau itu dipaksakan, sangat mungkin terjadi juga di Rempang.  #KebijakanLalimSengsarakanRempang   #RempangKorbanKapitalisme   #IslamSelamatkanPerempuanRempang",False,26,True
"Walaupun begitu, ramai penduduk di 3 kawasan / negara ini menyokong / menerima kedaulatan 🇵🇸🇮🇱 bersamaan, belum lagi di Batam, Riau bulan lalu ada rusuhan pertahankan penduduk pulau Rempang. Batam dan Riau lainnya ini sebenarnya adalah 1 kawasan Urban Liberal di Asia Pacific.",,id,"Walaupun begitu, ramai penduduk di 3 kawasan   negara ini menyokong   menerima kedaulatan  bersamaan, belum lagi di Batam, Riau bulan lalu ada rusuhan pertahankan penduduk pulau Rempang. Batam dan Riau lainnya ini sebenarnya adalah 1 kawasan Urban Liberal di Asia Pacific.",False,38,True
"Warga rempang jangan khawatir atas kompensasi yg terdampak proyek strategis nasional, karena menteri @bahlillahadalia akan memenuhi hak warga yg terkena proyek eco city.  @jpnncom  @rmol_id  Bahlil Kawal Investasi  #HIPMIRempang  https://t.co/3r0Lcwg9Lg",,id,"Warga rempang jangan khawatir atas kompensasi yg terdampak proyek strategis nasional, karena menteri @bahlillahadalia akan memenuhi hak warga yg terkena proyek eco city.  @jpnncom  @rmol_id  Bahlil Kawal Investasi  #HIPMIRempang  https   t.co 3r0Lcwg9Lg",False,30,True
DPR mengakui upaya pak Bahlil yang melibatkan masyarakat dalam proyek eco city. Langkah inklusif untuk memastikan keberlanjutan dan keberhasilan proyek Rempang Aman #DukungBahlil https://t.co/0HWGMhi3aD,,id,DPR mengakui upaya pak Bahlil yang melibatkan masyarakat dalam proyek eco city. Langkah inklusif untuk memastikan keberlanjutan dan keberhasilan proyek Rempang Aman #DukungBahlil https   t.co 0HWGMhi3aD,False,25,True
Dengan peningkatan keterampilan maka warga rempang akan memperoleh kesempatan yg lebih besar dalam penyerapan kerja yg tersedia dg keberadaan investasi.  @detikcom  @bahlillahadalia  Bahlil Kawal Investasi  #HIPMIRempang  https://t.co/nS8PzIgkUN,,id,Dengan peningkatan keterampilan maka warga rempang akan memperoleh kesempatan yg lebih besar dalam penyerapan kerja yg tersedia dg keberadaan investasi.  @detikcom  @bahlillahadalia  Bahlil Kawal Investasi  #HIPMIRempang  https   t.co nS8PzIgkUN,False,28,True
"Hampir Semua Proyek di Era Jokowi Meninggalkan Effek Negatif yg jelas Merugikan Negara dan Rakyat. Lihat Proyek IKN yg  mencapai 190 thn, menyerupai lama waktu penjajahan Belanda. KCJB ka cpt ninggalin hutang tak terbayar. Mandalika hutang Rp. 4,6 T Pulau Rempang..😢 Byk lg🥺",,id,"Hampir Semua Proyek di Era Jokowi Meninggalkan Effek Negatif yg jelas Merugikan Negara dan Rakyat. Lihat Proyek IKN yg  mencapai 190 thn, menyerupai lama waktu penjajahan Belanda. KCJB ka cpt ninggalin hutang tak terbayar. Mandalika hutang Rp. 4,6 T Pulau Rempang.. Byk lg",False,41,True
"Bukan hanya sekedar dukungan pada investasi yang dijalankan, tapi Bahlil Kawal Investasi dan merangkul, meyakinkan warga, dan mengusahakan yang terbaik agar warga Rempang mendapat hak mereka #HIPMIRempang https://t.co/zjtTWERXoH",,id,"Bukan hanya sekedar dukungan pada investasi yang dijalankan, tapi Bahlil Kawal Investasi dan merangkul, meyakinkan warga, dan mengusahakan yang terbaik agar warga Rempang mendapat hak mereka #HIPMIRempang https   t.co zjtTWERXoH",False,29,True
Buku Librari Ori - Muslimah Bukan Agen Moral https://t.co/h3DI4BteYD WR 1 Batik Air Kapolsek Rempang #AniesMuhaimin2024 Jenglot Miring #HongKongOpen2023 Narnia https://t.co/CxVLTbTmew https://t.co/lAUoGfenud https://t.co/c0m2GZzH5D,,id,Buku Librari Ori - Muslimah Bukan Agen Moral https   t.co h3DI4BteYD WR 1 Batik Air Kapolsek Rempang #AniesMuhaimin2024 Jenglot Miring #HongKongOpen2023 Narnia https   t.co CxVLTbTmew https   t.co lAUoGfenud https   t.co c0m2GZzH5D,False,25,True
DPR mengakui partisipasi masyarakat dalam proyek eco city yang dipimpin oleh pak Bahlil. Kolaborasi yang positif untuk mencapai pembangunan yang inklusif dan berkesinambungan Rempang Aman #DukungBahlil https://t.co/jwHFqOKHpS,,id,DPR mengakui partisipasi masyarakat dalam proyek eco city yang dipimpin oleh pak Bahlil. Kolaborasi yang positif untuk mencapai pembangunan yang inklusif dan berkesinambungan Rempang Aman #DukungBahlil https   t.co jwHFqOKHpS,False,28,True
"HIPMI dan pemerintah bekerja keras dalam upskilling warga lokal Rempang. Dengan keterampilan yg lebih baik, mereka tidak hanya memiliki kesempatan kerja yg lebih besar tetapi juga memberikan kontribusi lebih besar dalam pertumbuhan investasi. #HIPMIRempang Bahlil Kawal Investasi https://t.co/azMhEfdCcv",,id,"HIPMI dan pemerintah bekerja keras dalam upskilling warga lokal Rempang. Dengan keterampilan yg lebih baik, mereka tidak hanya memiliki kesempatan kerja yg lebih besar tetapi juga memberikan kontribusi lebih besar dalam pertumbuhan investasi. #HIPMIRempang Bahlil Kawal Investasi https   t.co azMhEfdCcv",False,39,True
Himpunan Pengusaha Muda Indonesia (HIPMI) dukung penuh pak @bahlillahadalia sebagai perwakilan pemerintah untuk mengembangkan pulau rempang yang punya potensi besar untuk ekonomi baru Indonesia. #HIPMIRempang Bahlil Kawal Investasi @jokowi @pak,,id,Himpunan Pengusaha Muda Indonesia  HIPMI  dukung penuh pak @bahlillahadalia sebagai perwakilan pemerintah untuk mengembangkan pulau rempang yang punya potensi besar untuk ekonomi baru Indonesia. #HIPMIRempang Bahlil Kawal Investasi @jokowi @pak,False,30,True
"@STresnowat101 Solidaritas untuk Palestina, Papua, Rempang, Seruyan, dan seluruh umat manusia yang terjajah dan memutuskan untuk melawan dengan apa yang mereka punya, semoga saudaraku meraih kemenangan",,id,"@STresnowat101 Solidaritas untuk Palestina, Papua, Rempang, Seruyan, dan seluruh umat manusia yang terjajah dan memutuskan untuk melawan dengan apa yang mereka punya, semoga saudaraku meraih kemenangan",False,26,True
"@adearmando61 Jalan Ninja PSI masih sebatas Orasi, Jalan Ninja Nusron wahid saat ke batam menyelidiki konflik Agraria di rempang Adalah wujud nyata keberpihakan kepada Rakyat...",,id,"@adearmando61 Jalan Ninja PSI masih sebatas Orasi, Jalan Ninja Nusron wahid saat ke batam menyelidiki konflik Agraria di rempang Adalah wujud nyata keberpihakan kepada Rakyat...",False,25,True
"@6undul0h Pk mentri warga rempang wajar mempertahankan tanah kelahirannya,tanah air Indonesia bukan preman yg preman tuch yg mengambil tanah air Indonesia,yg mnjual ke negara lain",,id,"@6undul0h Pk mentri warga rempang wajar mempertahankan tanah kelahirannya,tanah air Indonesia bukan preman yg preman tuch yg mengambil tanah air Indonesia,yg mnjual ke negara lain",False,27,True
@AH_SiregarXIX Sekilas pernah baca catatan penting wawancara TW di Tempo yg menyebutkan yg dibutuhkan cuma 7500 ha dr 17k ha luas rempang..btw sisanya buat mainan siapa ini..ato Apkh benar sisanya itu buat pasang panel surya PLTS yg hasilnya dijual ke negeri singa spt orasi A. Khozinudin?,,id,@AH_SiregarXIX Sekilas pernah baca catatan penting wawancara TW di Tempo yg menyebutkan yg dibutuhkan cuma 7500 ha dr 17k ha luas rempang..btw sisanya buat mainan siapa ini..ato Apkh benar sisanya itu buat pasang panel surya PLTS yg hasilnya dijual ke negeri singa spt orasi A. Khozinudin?,False,46,True
@enzocedo @PartaiSocmed Apa lagi yg maunya cina yg lain bakal dipatuhi?  Apbn dah tergadaikan.  Nikel juga gitu?. Masyarakat rempang dlm proses diusir dari tanahnya sendiri.  Apa lagi berikutnya?,,id,@enzocedo @PartaiSocmed Apa lagi yg maunya cina yg lain bakal dipatuhi?  Apbn dah tergadaikan.  Nikel juga gitu?. Masyarakat rempang dlm proses diusir dari tanahnya sendiri.  Apa lagi berikutnya?,False,28,True
@democrazymedia Luar biasa napa.gak sekalian aja kasih seumur hidup sampai 7 turunan. Jangan kayak rempang wkt kampanye janji shm 3 bulan jadi skrg malahan dinusir ... yg boong siapa ???,,id,@democrazymedia Luar biasa napa.gak sekalian aja kasih seumur hidup sampai 7 turunan. Jangan kayak rempang wkt kampanye janji shm 3 bulan jadi skrg malahan dinusir ... yg boong siapa ???,False,25,True
@Indramajid8 @hc_poirot Emang ad sebagian kcl yg setuju tp itu rata2 pendatang bkan warga asli cman u know lah mrka pnya media akhirnya dibuat headline seolah2 smua wrga rempang se7 direlokasi biar meredam aksi warga diluar rempang.,,id,@Indramajid8 @hc_poirot Emang ad sebagian kcl yg setuju tp itu rata2 pendatang bkan warga asli cman u know lah mrka pnya media akhirnya dibuat headline seolah2 smua wrga rempang se7 direlokasi biar meredam aksi warga diluar rempang.,False,35,True
"untuk proyek rempang eco city Bahlil Kawal Investasi secara langsung agar berjalan dengan lancar, hak juga akan diberikan kepada warga yang terdampak #HIPMIRempang https://t.co/1R7VymDNW7",,id,"untuk proyek rempang eco city Bahlil Kawal Investasi secara langsung agar berjalan dengan lancar, hak juga akan diberikan kepada warga yang terdampak #HIPMIRempang https   t.co 1R7VymDNW7",False,25,True
Bahlil berhasil meyakinkan dan merangkul warga rempang bahwa investasi ini bakal membawa dampak baik bagi mereka. Bahkan mendapatkan acungan jempol dari Himpunan Pemuda Indonesia (HIPMI).  Bahlil Kawal Investasi #HIPMIRempang https://t.co/zVAznRnLh1,,id,Bahlil berhasil meyakinkan dan merangkul warga rempang bahwa investasi ini bakal membawa dampak baik bagi mereka. Bahkan mendapatkan acungan jempol dari Himpunan Pemuda Indonesia  HIPMI .  Bahlil Kawal Investasi #HIPMIRempang https   t.co zVAznRnLh1,False,31,True
"KENAPA tidak dibawa kesidang DPR, kenapa HARUS ditutup jika pajak dll dibayar, bagaimana nanti nasib karwannya, ini HARUS dipelajari , hati2 dgn rempang SEBELUM di Kasi ke PT MEG, jgn TERJADI SAMA dgn perkara Hotel sultan , KELIRU BLUNDER",,id,"KENAPA tidak dibawa kesidang DPR, kenapa HARUS ditutup jika pajak dll dibayar, bagaimana nanti nasib karwannya, ini HARUS dipelajari , hati2 dgn rempang SEBELUM di Kasi ke PT MEG, jgn TERJADI SAMA dgn perkara Hotel sultan , KELIRU BLUNDER",False,37,True
"terima kasih kami ucapkan kepada bapak Kabaintelkam Polri yang telah memberikan bantuan sembako kepada kami, warga relokasi Rempang Batam...ibu Dedi, istri Bapak Dedi Yunhar... Hamas Gaza Hujan https://t.co/efAl60R8lS https://t.co/UK0NKiS45p",,id,"terima kasih kami ucapkan kepada bapak Kabaintelkam Polri yang telah memberikan bantuan sembako kepada kami, warga relokasi Rempang Batam...ibu Dedi, istri Bapak Dedi Yunhar... Hamas Gaza Hujan https   t.co efAl60R8lS https   t.co UK0NKiS45p",False,32,True
gilbran guru orang baik pilih orang baik mamat link shopee gofud capres mohaimin iskandar sore pengangguran ibu kota negara rempang school 2015 pramuka fokus real life pagi-pagi gen z cilacap cpns kebayoran lama whoosh 🔗https://t.co/z1FpIafA1R https://t.co/dxDqQGPKBo,,id,gilbran guru orang baik pilih orang baik mamat link shopee gofud capres mohaimin iskandar sore pengangguran ibu kota negara rempang school 2015 pramuka fokus real life pagi-pagi gen z cilacap cpns kebayoran lama whoosh https   t.co z1FpIafA1R https   t.co dxDqQGPKBo,False,36,True
@titiknol_jogja @txtdrMagelang @DivHumas_Polri mana kekuatan saat menghadapi orang #rempang  dan saat di #kanjuruhan  ? Selalu lemah lembut kalau urusannya sama ormas.  Kenapa? -takut? -ngga ada duitnya? -takut dan ngga ada duitnya?  Pak @ListyoSigitP anda ini diluar nurul,,id,@titiknol_jogja @txtdrMagelang @DivHumas_Polri mana kekuatan saat menghadapi orang #rempang  dan saat di #kanjuruhan  ? Selalu lemah lembut kalau urusannya sama ormas.  Kenapa? -takut? -ngga ada duitnya? -takut dan ngga ada duitnya?  Pak @ListyoSigitP anda ini diluar nurul,False,31,True
"@IND0_Update @MataNajwa @Metro_TV @tvOneNews banyak yg mendukung pak Bahlil Kawal Investasi proyek rempang ini, dan semoga kolaborasi dengan himpi juga bisa meningkatkan keterampilan masyarakat untuk meningkatkan perekonomian #HIPMIRempang",,id,"@IND0_Update @MataNajwa @Metro_TV @tvOneNews banyak yg mendukung pak Bahlil Kawal Investasi proyek rempang ini, dan semoga kolaborasi dengan himpi juga bisa meningkatkan keterampilan masyarakat untuk meningkatkan perekonomian #HIPMIRempang",False,26,True
"Ckckck, Tukang Hasut Bayaran @Dennysiregar7 mmg bermulut besar. Koar demi tegaknya hukum di negara demokrasi ini. Lupa dg usulnya @jokowi tambah 1 periode bila perlu Seumur Hidup. Demokrasi ala Tukang Hasut? Lalu sembunyikan fakta kasus Rempang &amp  Wadas di era @jokowi? Waras dab? https://t.co/GoX1VVAW1b""",,id,"Ckckck, Tukang Hasut Bayaran @Dennysiregar7 mmg bermulut besar. Koar demi tegaknya hukum di negara demokrasi ini. Lupa dg usulnya @jokowi tambah 1 periode bila perlu Seumur Hidup. Demokrasi ala Tukang Hasut? Lalu sembunyikan fakta kasus Rempang  amp  Wadas di era @jokowi? Waras dab? https   t.co GoX1VVAW1b",False,44,True
"Hipmi memiliki keyakinan bahwa investasi Rempang ini akan berjalan sesuai harapan, berdampak positif bagi perekonomian nasional dan daerah sejalan komitmen Bahlil Kawal Investasi #HIPMIRempang https://t.co/sYJTEx9H95",,id,"Hipmi memiliki keyakinan bahwa investasi Rempang ini akan berjalan sesuai harapan, berdampak positif bagi perekonomian nasional dan daerah sejalan komitmen Bahlil Kawal Investasi #HIPMIRempang https   t.co sYJTEx9H95",False,26,True
"@Heraloebss kasus kanjuruan aja blm jelas sapa pelakunya sekarang ada lagi 😔 rempang apa kabar, apa masih melawan atau sudah takluk ditangan tuan penguasa yg punya uang.",,id,"@Heraloebss kasus kanjuruan aja blm jelas sapa pelakunya sekarang ada lagi  rempang apa kabar, apa masih melawan atau sudah takluk ditangan tuan penguasa yg punya uang.",False,26,True
"Menolak Konsultasi AMDAL, Warga Pulau Rempang Bentangkan Spanduk Penolakan: Kami Menangis!  Selasa Siang Whoosh APBN Prabowo Takut Debat Dear J Kades Laos Perokok Amanda Manopo Jennie Jodie Hamil Miftah Denny Caknan #AniesMuhaimin2024 #TembakauDizalimi https://t.co/FctyIX4Zx9",,id,"Menolak Konsultasi AMDAL, Warga Pulau Rempang Bentangkan Spanduk Penolakan  Kami Menangis!  Selasa Siang Whoosh APBN Prabowo Takut Debat Dear J Kades Laos Perokok Amanda Manopo Jennie Jodie Hamil Miftah Denny Caknan #AniesMuhaimin2024 #TembakauDizalimi https   t.co FctyIX4Zx9",False,34,True
"@rmol_id Itu kalian bukan sedang membela masyarakat rempang,tapi sekedar hura2 demo aja...masyarakat rempangnya udah siap direlokasi kok kalian masih ribut .nanti di gebukin aparat bilangnya kriminalisasi demokrasi...rakyat tidak butuh mahasiswa seperti kalian..",,id,"@rmol_id Itu kalian bukan sedang membela masyarakat rempang,tapi sekedar hura2 demo aja...masyarakat rempangnya udah siap direlokasi kok kalian masih ribut .nanti di gebukin aparat bilangnya kriminalisasi demokrasi...rakyat tidak butuh mahasiswa seperti kalian..",False,33,True
"Opung pernah bilang mau mem bulduzor penduduk pulau Rempang, jika tdk mau digusur  guna mengosongkan pulau Rempang itu agar Investor China bisa masuk kepulau tersebut  Mudahan ucapan  opung itu tdk terjadi""",,id,"Opung pernah bilang mau mem bulduzor penduduk pulau Rempang, jika tdk mau digusur  guna mengosongkan pulau Rempang itu agar Investor China bisa masuk kepulau tersebut  Mudahan ucapan  opung itu tdk terjadi",False,31,True
@batamtoday Memang Miskomunikasi.  Untung Aku Cepat Publikasikan Di Twitter Ini. Aku Jelaskan Sejelas-jelasnya. Baru Reda Dikit!  Orang2 Yang Dendam Terhadap Pemerintah &amp  China Menjadi Provokator &amp  Menyulut Api Hati Warga Rempang.😏  @jokowi  @bahlillahadalia  @luhut_binsar  @TjahjantoHadi,,id,@batamtoday Memang Miskomunikasi.  Untung Aku Cepat Publikasikan Di Twitter Ini. Aku Jelaskan Sejelas-jelasnya. Baru Reda Dikit!  Orang2 Yang Dendam Terhadap Pemerintah  amp  China Menjadi Provokator  amp  Menyulut Api Hati Warga Rempang.  @jokowi  @bahlillahadalia  @luhut_binsar  @TjahjantoHadi,False,33,True
@bianca01403 @joserasyid Sepertinya mrk sudah berserah diri kpd Alloh swt dan telah siap dgn apa pun yg terjadi. Kt hanya bs mendoakan... Allohummansur muslimina fi Rempang... Allohummansur mujahidina fi kulli makaan...🤲,,id,@bianca01403 @joserasyid Sepertinya mrk sudah berserah diri kpd Alloh swt dan telah siap dgn apa pun yg terjadi. Kt hanya bs mendoakan... Allohummansur muslimina fi Rempang... Allohummansur mujahidina fi kulli makaan...,False,31,True
@IND0_Update @MataNajwa @Metro_TV @tvOneNews HIPMI bangga melihat perhatian Menteri Investasi Bahlil Lahadalia terhadap proyek Rempang Eco City. Kami siap berkolaborasi untuk menciptakan lingkungan bisnis yang kondusif dan berdaya saing. #HIPMIRempang Bahlil Kawal Investasi,,id,@IND0_Update @MataNajwa @Metro_TV @tvOneNews HIPMI bangga melihat perhatian Menteri Investasi Bahlil Lahadalia terhadap proyek Rempang Eco City. Kami siap berkolaborasi untuk menciptakan lingkungan bisnis yang kondusif dan berdaya saing. #HIPMIRempang Bahlil Kawal Investasi,False,31,True
@STresnowat101 di demo buruh kabur naik kereta cepat  di demo rempang joged ke IKN  di demo MK kabur ke china (itu pilotnya knp gak belokin ke Jalur Gaza aja yaa?),,id,@STresnowat101 di demo buruh kabur naik kereta cepat  di demo rempang joged ke IKN  di demo MK kabur ke china  itu pilotnya knp gak belokin ke Jalur Gaza aja yaa?,False,30,True
https://t.co/X5X2FneUme ada ratusan bahkan ribuan kasus perampasan tanah'lahan milik pribumi di REZIM INI semoga saudara2ku rempang.kalteng dan berapa banyak lagi yg bakal menyusul KALIAN HARUS MELAWAN https://t.co/G15GRgoizJ #GerakanNasionalPribumiBangkit #TurunkanRezimOligarki,,id,https   t.co X5X2FneUme ada ratusan bahkan ribuan kasus perampasan tanah lahan milik pribumi di REZIM INI semoga saudara2ku rempang.kalteng dan berapa banyak lagi yg bakal menyusul KALIAN HARUS MELAWAN https   t.co G15GRgoizJ #GerakanNasionalPribumiBangkit #TurunkanRezimOligarki,False,31,True
"Bahlil Tolak Bebaskan Warga Rempang: Kalau Dibiarkan, Negara Kita Jadi Negara Preman  You Say P You Say A You Say N I Say T I Say E I Say.....   Come on Bray...  Make it burn....  ✊✊  https://t.co/iTRkUHpgVK",,id,"Bahlil Tolak Bebaskan Warga Rempang  Kalau Dibiarkan, Negara Kita Jadi Negara Preman  You Say P You Say A You Say N I Say T I Say E I Say.....   Come on Bray...  Make it burn....    https   t.co iTRkUHpgVK",False,29,True
"Lah hutan we di babat abis , pulau Rempang we didol . Tambang emas we infestor asing , pie to iki pak mud Ki . Lagi peyok PO yo",,id,"Lah hutan we di babat abis , pulau Rempang we didol . Tambang emas we infestor asing , pie to iki pak mud Ki . Lagi peyok PO yo",False,25,True
"@wahabi92013848 @BangPino__ oh yg ke sandi ya, aman tuh dah lunas sesuai perjanjian. si den bokep malah kudu nerusin rencana jkw jual2in pulau buat lunasi hutang, ada 1700 kasus argria contoh rempang dll, udh jualm pulau korupsi pula, makanya gak pernah den bokep dpt penghargaan BPK",,id,"@wahabi92013848 @BangPino__ oh yg ke sandi ya, aman tuh dah lunas sesuai perjanjian. si den bokep malah kudu nerusin rencana jkw jual2in pulau buat lunasi hutang, ada 1700 kasus argria contoh rempang dll, udh jualm pulau korupsi pula, makanya gak pernah den bokep dpt penghargaan BPK",False,45,True
DPR memberikan penghargaan pada proyek eco city yang melibatkan masyarakat di bawah pimpinan pak Bahlil. Pembebasan lahan akan dijalankan dengan cepat dan efisien Rempang Aman #DukungBahlil https://t.co/7RexRRYrxr,,id,DPR memberikan penghargaan pada proyek eco city yang melibatkan masyarakat di bawah pimpinan pak Bahlil. Pembebasan lahan akan dijalankan dengan cepat dan efisien Rempang Aman #DukungBahlil https   t.co 7RexRRYrxr,False,28,True
"Dalam upaya mendukung investasi rempang, #HIPMIRempang siap melakukan kolaborasi dengan pemerintah untuk meningkatkan keterampilan warga rempang lewat pelatihan.  @bahlillahadalia  @mediaindonesia  Bahlil Kawal Investasi https://t.co/B5XqMJF8Zl",,id,"Dalam upaya mendukung investasi rempang, #HIPMIRempang siap melakukan kolaborasi dengan pemerintah untuk meningkatkan keterampilan warga rempang lewat pelatihan.  @bahlillahadalia  @mediaindonesia  Bahlil Kawal Investasi https   t.co B5XqMJF8Zl",False,25,True
"@tvOneNews Yang di tahan pendemo yang bukan warga rempang,,, Juga bukan sanak saudara warga rempang,,,  Juga tidak bekerja di sekitaran rempang,,,, Mereka2 provokator / orang2 bayaran proxy eropa dan amerika,,, Jadi nggak perlu di bebaskan Masukkan aja ke kawah merapi atawa akrakatau",,id,"@tvOneNews Yang di tahan pendemo yang bukan warga rempang,,, Juga bukan sanak saudara warga rempang,,,  Juga tidak bekerja di sekitaran rempang,,,, Mereka2 provokator   orang2 bayaran proxy eropa dan amerika,,, Jadi nggak perlu di bebaskan Masukkan aja ke kawah merapi atawa akrakatau",False,41,True
DPR memberikan penghargaan pada pendekatan pak Bahlil yang melibatkan masyarakat dalam proyek eco city. Inklusi adalah kunci menuju pembangunan yang berkelanjutan Rempang Aman #DukungBahlil https://t.co/u2tjIcWenK,,id,DPR memberikan penghargaan pada pendekatan pak Bahlil yang melibatkan masyarakat dalam proyek eco city. Inklusi adalah kunci menuju pembangunan yang berkelanjutan Rempang Aman #DukungBahlil https   t.co u2tjIcWenK,False,26,True
"list mentri yang paling tidak saya suka setelah opung. semenjak kasus rempang, sekarang #tiktokshop. bikin kebijakan seenaknya aja, gak mendengarkan dari sisi kedua belah pihak dan membuat solusi terbaik, langsung main cut aja.",,id,"list mentri yang paling tidak saya suka setelah opung. semenjak kasus rempang, sekarang #tiktokshop. bikin kebijakan seenaknya aja, gak mendengarkan dari sisi kedua belah pihak dan membuat solusi terbaik, langsung main cut aja.",False,33,True
"Adanya proyek Rempang Eco City itu juga akan semakin membuka lapangan pekerjaan batu untuk seluruh masyarakat di Kepulauan Riau, utamanya adalah masyarakat di sekitaran kawasan industri itu. Bahlil Kawal Investasi  #HIPMIRempang",,id,"Adanya proyek Rempang Eco City itu juga akan semakin membuka lapangan pekerjaan batu untuk seluruh masyarakat di Kepulauan Riau, utamanya adalah masyarakat di sekitaran kawasan industri itu. Bahlil Kawal Investasi  #HIPMIRempang",False,31,True
@AntoManto86 @ZainAris @ShenoWirang Lu kira IKN jelas? Lu kira Rempang Jelas? Mau gua sebutin lagi Proyek2 yg masih Abu2? Caramu membela seseorang kok mencari kesalahan Orang lain. Urusan SBY dulu gak ada Konteks dengan Topik pembahasan Bos. Fokus aja dengan Topik. Atau gak minum aqua Dulu..,,id,@AntoManto86 @ZainAris @ShenoWirang Lu kira IKN jelas? Lu kira Rempang Jelas? Mau gua sebutin lagi Proyek2 yg masih Abu2? Caramu membela seseorang kok mencari kesalahan Orang lain. Urusan SBY dulu gak ada Konteks dengan Topik pembahasan Bos. Fokus aja dengan Topik. Atau gak minum aqua Dulu..,False,46,True
"@tvOneNews Jangan sampai terjadi gejolak di masyarakat seperti yg ada di rempang sekarang, jangan sampai terjadi juga masalah di masyarakat seperti tahun 1998, PIKIRKAN ITU!!!",,id,"@tvOneNews Jangan sampai terjadi gejolak di masyarakat seperti yg ada di rempang sekarang, jangan sampai terjadi juga masalah di masyarakat seperti tahun 1998, PIKIRKAN ITU!!!",False,25,True
"@JulianiMadinah ada hukum rimba sdh disana, maka hrs dilawan dg siapapun yg akan mengusir warga rempang disana, lawan dan usir semua, apapun jabatannya dan bentuknya spt apa lawan dan usir‼️",,id,"@JulianiMadinah ada hukum rimba sdh disana, maka hrs dilawan dg siapapun yg akan mengusir warga rempang disana, lawan dan usir semua, apapun jabatannya dan bentuknya spt apa lawan dan usir",False,30,True
"Gw curiga aja ma @bahlillahadalia kok bsa Sebegitunya bela investor cina, luh dapat apa ? Kok bsa2nya Rkyat rempang dikorbanin 😬😬 Cc @muhammadiyah @MUIPusat @PBHMI_1947 @BEMUI_Official @Metro_TV @NasDem @PKSejahtera @DPP_PKB @atr_bpn @Puspen_TNI @kemendagri @jokowi @syahganda",,id,"Gw curiga aja ma @bahlillahadalia kok bsa Sebegitunya bela investor cina, luh dapat apa ? Kok bsa2nya Rkyat rempang dikorbanin  Cc @muhammadiyah @MUIPusat @PBHMI_1947 @BEMUI_Official @Metro_TV @NasDem @PKSejahtera @DPP_PKB @atr_bpn @Puspen_TNI @kemendagri @jokowi @syahganda",False,27,True
"Penyerobotan Tanah Warga Rempang, Nusron Wahid: Apa Bedanya BP Batam dengan VOC?  Selasa Whoosh APBN Ibu Kota Negara Fraksi PKS Siam Paragon TikTok Shop Apri Laos Amanda Manopo Jodie Hamil Denny Caknan Enzy #AniesMuhaimin2024 #TembakauDizalimi  https://t.co/MG7oO45I2K",,id,"Penyerobotan Tanah Warga Rempang, Nusron Wahid  Apa Bedanya BP Batam dengan VOC?  Selasa Whoosh APBN Ibu Kota Negara Fraksi PKS Siam Paragon TikTok Shop Apri Laos Amanda Manopo Jodie Hamil Denny Caknan Enzy #AniesMuhaimin2024 #TembakauDizalimi  https   t.co MG7oO45I2K",False,37,True
Kontribusi Pak Bahlil Kawal Investasi di wilayah Rempang telah mendapatkan banyak apresiasi sebab beliau sudah berhasil meyakinkan dan merangkul warga serta memastikan bahwa investasi tersebut akan membawa berkah ekonomi kepada mereka. Salut kepada Bapak #HIPMIRempang https://t.co/8g4dJNd23m,,id,Kontribusi Pak Bahlil Kawal Investasi di wilayah Rempang telah mendapatkan banyak apresiasi sebab beliau sudah berhasil meyakinkan dan merangkul warga serta memastikan bahwa investasi tersebut akan membawa berkah ekonomi kepada mereka. Salut kepada Bapak #HIPMIRempang https   t.co 8g4dJNd23m,False,37,True
"@GomarusBudiatn4 @tvOneNews @jokowi Ini kenyataannya: 1. Rempang=ribut macam masalah 2. KCIC=biaya membengkak, pakai APBN, Bunga naik 3. IKN=HGU 190 th. 4. BTS=Korupsi Menteri pem. Jokowi 5. Tol=Korupsi 6. Wadas=problem dg warga 7. Food estate=gagal  Masih banyak lagi nih...",,id,"@GomarusBudiatn4 @tvOneNews @jokowi Ini kenyataannya  1. Rempang ribut macam masalah 2. KCIC biaya membengkak, pakai APBN, Bunga naik 3. IKN HGU 190 th. 4. BTS Korupsi Menteri pem. Jokowi 5. Tol Korupsi 6. Wadas problem dg warga 7. Food estate gagal  Masih banyak lagi nih...",False,38,True
DENGARKAN SAUDARAKU MELAYU REMPANG! Anjing2 KOMUNIS anak2 PKI penjilat CHINA selundupan @jokowi CS itu sudah tidak bisa bersikap baik pada kalian! Kalian harus melawan mereka dengan keras juga! #SaveRempang #LAWANanjingKomunis #LAWANkedzaliman #Berjuanglah https://t.co/XMS8gbDaxl https://t.co/e2BushMfKf,,id,DENGARKAN SAUDARAKU MELAYU REMPANG! Anjing2 KOMUNIS anak2 PKI penjilat CHINA selundupan @jokowi CS itu sudah tidak bisa bersikap baik pada kalian! Kalian harus melawan mereka dengan keras juga! #SaveRempang #LAWANanjingKomunis #LAWANkedzaliman #Berjuanglah https   t.co XMS8gbDaxl https   t.co e2BushMfKf,False,36,True
Kita berkomitmen untuk terus mendukung investasi berkelanjutan! HIPMI mengucapkan terima kasih kepada Menteri Bahlil yang telah memantau proyek Rempang Eco Park dengan tekun.    Bahlil Kawal Investasi #HIPMIRempang https://t.co/RiAyXEoFpD,,id,Kita berkomitmen untuk terus mendukung investasi berkelanjutan! HIPMI mengucapkan terima kasih kepada Menteri Bahlil yang telah memantau proyek Rempang Eco Park dengan tekun.    Bahlil Kawal Investasi #HIPMIRempang https   t.co RiAyXEoFpD,False,29,True
"@Resty_J_Cayah @Miduk17 Buldozer mana buldozer. Penderitaan ribuan warga Rempang lbih parah, dri pda sakitnya opung.. Do'a-do'a orang yg terzolimi tembut langsung ke ars.. selamat menikmati keserakahan opung👏👏👏👏",,id,"@Resty_J_Cayah @Miduk17 Buldozer mana buldozer. Penderitaan ribuan warga Rempang lbih parah, dri pda sakitnya opung.. Do a-do a orang yg terzolimi tembut langsung ke ars.. selamat menikmati keserakahan opung",False,26,True
"terima kasih kami ucapkan kpd bapak Kabaintelkam Polri yang telah mberikan bantuan sembako kpd kami, warga relokasi Rempang Batam... nyokap Dedi, istri Bapak Dedi Yunhar... Hamas Gaza Hujan https://t.co/Q5DDRIoShZ https://t.co/UH8hs3fOrn",,id,"terima kasih kami ucapkan kpd bapak Kabaintelkam Polri yang telah mberikan bantuan sembako kpd kami, warga relokasi Rempang Batam... nyokap Dedi, istri Bapak Dedi Yunhar... Hamas Gaza Hujan https   t.co Q5DDRIoShZ https   t.co UH8hs3fOrn",False,32,True
"Wajib bgt di apresiasi kinerja pak pak Bahlil, semoga Terealisasi ya pak untuk Investasi pembangunan Eco Park di Rempang segera selesai Agar perekonomian disana makin stabil #HIPMIRempang https://t.co/FFKOVfTf6c",,id,"Wajib bgt di apresiasi kinerja pak pak Bahlil, semoga Terealisasi ya pak untuk Investasi pembangunan Eco Park di Rempang segera selesai Agar perekonomian disana makin stabil #HIPMIRempang https   t.co FFKOVfTf6c",False,29,True
putri ariani kades keras kdrt lesti x please petualangan sherina 2 angel eyes kepsek megumi perokok fisip ui bocah ice cold es krimnya taka gaji rempang niki ciuman pagi-pagi irene dante kiko cctv cilacap cpns gojo mba nana ✨Gamis Polos 🔗https://t.co/wCUuioSahm https://t.co/v2WA3LVFIz,,id,putri ariani kades keras kdrt lesti x please petualangan sherina 2 angel eyes kepsek megumi perokok fisip ui bocah ice cold es krimnya taka gaji rempang niki ciuman pagi-pagi irene dante kiko cctv cilacap cpns gojo mba nana Gamis Polos https   t.co wCUuioSahm https   t.co v2WA3LVFIz,False,41,True
"@Heraloebss @KejaksaanRI Andai saja sering kita menyaksikan peristiwa2 spt ini, tentang pedulinya pejabat2 publik, elite2 kita terhadap derita rakyatnya, dr pada yg akhir2 ini kita lihat mereka2 itu ribet dg kekuasaanya atau malah joget2 saat Rempang, Kalteng dll bergejolak, betapa damainya republik ini",,id,"@Heraloebss @KejaksaanRI Andai saja sering kita menyaksikan peristiwa2 spt ini, tentang pedulinya pejabat2 publik, elite2 kita terhadap derita rakyatnya, dr pada yg akhir2 ini kita lihat mereka2 itu ribet dg kekuasaanya atau malah joget2 saat Rempang, Kalteng dll bergejolak, betapa damainya republik ini",False,43,True
"Tragedi Rempang- Pemerintah yang taat pada Pancasila dan UUD 1945, selalu memiliki pilihan keadilan sosial dan kemanusiaan dalam setiap investasi. Itulah bedanya negara Pancasila dengan VOC ! https://t.co/1MJ23g3rue",,id,"Tragedi Rempang- Pemerintah yang taat pada Pancasila dan UUD 1945, selalu memiliki pilihan keadilan sosial dan kemanusiaan dalam setiap investasi. Itulah bedanya negara Pancasila dengan VOC ! https   t.co 1MJ23g3rue",False,27,True
"@hc_poirot Klu target waktu yg ditetapkan pemerintah, dlm hal ini menteri ybs utk mengosongkan p.rempang sdh lewat waktu, artinya gagal yg ditandai warga set4 msh bertahan, maaf sebaiknya menteri ybs &amp  pejabat set4 mundur. Empatilah dgn aparat yg sdh berhari2 pasang badan vs warga set4.",,id,"@hc_poirot Klu target waktu yg ditetapkan pemerintah, dlm hal ini menteri ybs utk mengosongkan p.rempang sdh lewat waktu, artinya gagal yg ditandai warga set4 msh bertahan, maaf sebaiknya menteri ybs  amp  pejabat set4 mundur. Empatilah dgn aparat yg sdh berhari2 pasang badan vs warga set4.",False,43,True
"Hipmi telah  memberikan perhatian besar terhadap investasi Rempang Eco City yang terus dikawal oleh Menteri Investasi Bahlil Lahadalia sejak awal hingga saat ini dan siap membantu menyukseskan investasi ini, semoga bisa berjalan lancar &amp  bermanfaat utk semua pihak. #HIPMIRempang https://t.co/kdKSVrlNKG",,id,"Hipmi telah  memberikan perhatian besar terhadap investasi Rempang Eco City yang terus dikawal oleh Menteri Investasi Bahlil Lahadalia sejak awal hingga saat ini dan siap membantu menyukseskan investasi ini, semoga bisa berjalan lancar  amp  bermanfaat utk semua pihak. #HIPMIRempang https   t.co kdKSVrlNKG",False,41,True
Buku Librari Ori - Haji Murad https://t.co/7qZDsgk7CV WR 1 Batik Air Kapolsek #AniesMuhaimin2024 Rempang Jenglot Al Kahfi #HongKongOpen2023 Putri KW Kamis Narnia https://t.co/yux2jplACR https://t.co/NDL0Rh7Vvs,,id,Buku Librari Ori - Haji Murad https   t.co 7qZDsgk7CV WR 1 Batik Air Kapolsek #AniesMuhaimin2024 Rempang Jenglot Al Kahfi #HongKongOpen2023 Putri KW Kamis Narnia https   t.co yux2jplACR https   t.co NDL0Rh7Vvs,False,25,True
@jokowi Elo mau jual apa lagi ke China jok ❓❓ Juli lalu elo ke China jualin Pulau Rempang ke perusahaan China disana yg bikin susah Rakyat di Rempang 🤬🤬 https://t.co/hqJJkYiKkq,,id,@jokowi Elo mau jual apa lagi ke China jok  Juli lalu elo ke China jualin Pulau Rempang ke perusahaan China disana yg bikin susah Rakyat di Rempang    https   t.co hqJJkYiKkq,False,29,True
BIADAB! Bahlil Tolak Bebaskan Warga Rempang  Rahmat Erwin Abdullah Whoosh Amanda Manopo jodie hamil Gen Z Pernah WO Laos pks tolak revisi uu ikn menuju masa depan #AniesMuhaimin2024 #PemimpinCerdas https://t.co/Xvxc2U8k4I,,id,BIADAB! Bahlil Tolak Bebaskan Warga Rempang  Rahmat Erwin Abdullah Whoosh Amanda Manopo jodie hamil Gen Z Pernah WO Laos pks tolak revisi uu ikn menuju masa depan #AniesMuhaimin2024 #PemimpinCerdas https   t.co Xvxc2U8k4I,False,30,True
"Ramah ke investor, kejam ke rakyat. Yang sudah mulai muncul di Wadas, Rempang, Seruyan. Dan pasti akan mulai bermunculan kasus2 yang sama. Sementara kontribusi dari investor ke republik ini apa ...  Kerusakan ekosistem jelas.",,id,"Ramah ke investor, kejam ke rakyat. Yang sudah mulai muncul di Wadas, Rempang, Seruyan. Dan pasti akan mulai bermunculan kasus2 yang sama. Sementara kontribusi dari investor ke republik ini apa ...  Kerusakan ekosistem jelas.",False,33,True
"Mereka mempertahankan hak. Justru yg mau menggusur mereka itu negara preman  Bahlil Tolak Bebaskan Warga Rempang: Kalau Dibiarkan, Negara Kita Jadi Negara Preman https://t.co/mIFP3HNPNC",,id,"Mereka mempertahankan hak. Justru yg mau menggusur mereka itu negara preman  Bahlil Tolak Bebaskan Warga Rempang  Kalau Dibiarkan, Negara Kita Jadi Negara Preman https   t.co mIFP3HNPNC",False,25,True
Bahlil Kawal Investasi di Rempang Eco City mulai dari ide awal hingga pelaksanaannya diyakini merupakan hal yang positif dan diharapkan dapat berjalan sesuai dengan yang diinginkan #HIPMIRempang https://t.co/tnGvVgWdMn,,id,Bahlil Kawal Investasi di Rempang Eco City mulai dari ide awal hingga pelaksanaannya diyakini merupakan hal yang positif dan diharapkan dapat berjalan sesuai dengan yang diinginkan #HIPMIRempang https   t.co tnGvVgWdMn,False,29,True
"terima kasih kami ucapkan kepda bapak Kabaintelkam Polri yang telah ngasih bantuan sembako kepda kami, warga relokasi Rempang Batam... ibu Dedi, istri Bapak Dedi Yunhar... Hamas Gaza Hujan https://t.co/bg4YKWKk3p https://t.co/FETFvz0Gaa",,id,"terima kasih kami ucapkan kepda bapak Kabaintelkam Polri yang telah ngasih bantuan sembako kepda kami, warga relokasi Rempang Batam... ibu Dedi, istri Bapak Dedi Yunhar... Hamas Gaza Hujan https   t.co bg4YKWKk3p https   t.co FETFvz0Gaa",False,32,True
"Proses pembangunan proyek Rempang Eco City ini tetap memikirkan perekonomian warga Rempang, dalam hal ini Bahlil Kawal Investasi dengan menyiapkan UKM Center untuk meningkatkan ketrampilan masyarakat #HIPMIRempang https://t.co/Pzlbsc46Vh",,id,"Proses pembangunan proyek Rempang Eco City ini tetap memikirkan perekonomian warga Rempang, dalam hal ini Bahlil Kawal Investasi dengan menyiapkan UKM Center untuk meningkatkan ketrampilan masyarakat #HIPMIRempang https   t.co Pzlbsc46Vh",False,29,True
"@Tengkode1 @Ratat4x @deddysitorus @elisa_jkt @NasDem Ini bkn lg ngomongin tanggung jawab siapa, tp lg ngomongin pak mahfud ngapain dan berada di pihak siapa, di rempang itu jls pelanggaran ham, tp statement pak mahfud malah dukung aksi yg dilakukan aparat",,id,"@Tengkode1 @Ratat4x @deddysitorus @elisa_jkt @NasDem Ini bkn lg ngomongin tanggung jawab siapa, tp lg ngomongin pak mahfud ngapain dan berada di pihak siapa, di rempang itu jls pelanggaran ham, tp statement pak mahfud malah dukung aksi yg dilakukan aparat",False,38,True
"Berharap ada akibat dari kasus rempang, dan akibat itu semoga sumatra merdeka spy lbh terhormat fan bermartabat krn skg sdh di acak2 olh penjahat yg jd penguasa",,id,"Berharap ada akibat dari kasus rempang, dan akibat itu semoga sumatra merdeka spy lbh terhormat fan bermartabat krn skg sdh di acak2 olh penjahat yg jd penguasa",False,27,True
"@AgusYudhoyono Pejajahan berkedok Investasi juga ada tum. Rempang, Seruyan dan lainnya giman ni Tum.. klo yang jauh kita hanya mampu memberikan do'a dan dukungan. tapi di negara Indonesia dgn status oposisi saat ini apakah gak minat bersuara? seruyan baru makan korban kmarin mw tunggu dmn lg.?",,id,"@AgusYudhoyono Pejajahan berkedok Investasi juga ada tum. Rempang, Seruyan dan lainnya giman ni Tum.. klo yang jauh kita hanya mampu memberikan do a dan dukungan. tapi di negara Indonesia dgn status oposisi saat ini apakah gak minat bersuara? seruyan baru makan korban kmarin mw tunggu dmn lg.?",False,46,True
#HIPMIRempang mengapresiasi Menteri Bahlil yang telah beberapa kali turun secara langsung ke Pulau Rempang untuk melakukan pendekatan secara humanis ke warga untuk secara sukarela bergeser ke lokasi baru. Bahlil Kawal Investasi @Batamne https://t.co/27eamu5Et1,,id,#HIPMIRempang mengapresiasi Menteri Bahlil yang telah beberapa kali turun secara langsung ke Pulau Rempang untuk melakukan pendekatan secara humanis ke warga untuk secara sukarela bergeser ke lokasi baru. Bahlil Kawal Investasi @Batamne https   t.co 27eamu5Et1,False,34,True
"@tvOneNews Ayolah pak @ListyoSigitP, pemerintah sdh mengaku salah. Kesalahan pemerintah ini yg membuat rakyat Rempang marah karena tdk ada dasar @DivHumas_Polri utk bertindak represif. Pihak @bp_batam tdk punya HPL, tdk ada AMDAL &amp  investornya ga jelas &amp  punya rekam jejak yg kurang baik...",,id,"@tvOneNews Ayolah pak @ListyoSigitP, pemerintah sdh mengaku salah. Kesalahan pemerintah ini yg membuat rakyat Rempang marah karena tdk ada dasar @DivHumas_Polri utk bertindak represif. Pihak @bp_batam tdk punya HPL, tdk ada AMDAL  amp  investornya ga jelas  amp  punya rekam jejak yg kurang baik...",False,41,True
"@RagilSemar @bkpm pak Bahlil, bukankah anda sdh akui pemerintah melakukan kesalahan/kekeliruan menangani Rempang. Jd dasar u/menahan mrk jg otomatis gugur, Krn mrk mempertahankan hak mrk &amp  pemerintah sdh salah menangani.  Trus knp hrs terus menahan mrk ??",,id,"@RagilSemar @bkpm pak Bahlil, bukankah anda sdh akui pemerintah melakukan kesalahan kekeliruan menangani Rempang. Jd dasar u menahan mrk jg otomatis gugur, Krn mrk mempertahankan hak mrk  amp  pemerintah sdh salah menangani.  Trus knp hrs terus menahan mrk ??",False,37,True
"@dee_jacobus @Bro_Lucky86 @MardaniAliSera klo ge jawab gak ada agresi disana, tapi faktanya ada. Bong got 🐸🔨👊 gw mau tanya, apa tujuan anjing polisi dan teeni keparat ada di Rempang, jumlahnya ribuan lagi, jawab bong got 🐸🔨👊",,id,"@dee_jacobus @Bro_Lucky86 @MardaniAliSera klo ge jawab gak ada agresi disana, tapi faktanya ada. Bong got  gw mau tanya, apa tujuan anjing polisi dan teeni keparat ada di Rempang, jumlahnya ribuan lagi, jawab bong got",False,32,True
@tvOneNews Org yg membela tanah leluhur nya d sebut preman. Jika sprt itu...maka wajarlah jika rakyat rempang menyebut pemerintah saat ni sbgai penjajah dgn dalih investasi. Belanda jg gitu dulunya.,,id,@tvOneNews Org yg membela tanah leluhur nya d sebut preman. Jika sprt itu...maka wajarlah jika rakyat rempang menyebut pemerintah saat ni sbgai penjajah dgn dalih investasi. Belanda jg gitu dulunya.,False,30,True
"Aliansi Mahasiswa Kota Batam dn Warga Rempang-Galang bersatu  Menolak keras adanya Relokasi.  Jd kl ada Video atau berita² kl warga stuju utk direlokasi itu HOAX, Bohong.  #MahasiswaMelayuMelawan https://t.co/gFXc2Ekczj",,id,"Aliansi Mahasiswa Kota Batam dn Warga Rempang-Galang bersatu  Menolak keras adanya Relokasi.  Jd kl ada Video atau berita² kl warga stuju utk direlokasi itu HOAX, Bohong.  #MahasiswaMelayuMelawan https   t.co gFXc2Ekczj",False,28,True
"Bagaimana wadas purworejo mempertahankan haknya,  Sekarang Rempang,  Sementara berbondong bondong TKA China masuk Indonesia , bahkan diduga berseragam sesuatu ??  Ada apa dengan Negeri kita hari ini ??  Waspadalah terhadap  Neo PKI  dan  TKA China ?",,id,"Bagaimana wadas purworejo mempertahankan haknya,  Sekarang Rempang,  Sementara berbondong bondong TKA China masuk Indonesia , bahkan diduga berseragam sesuatu ??  Ada apa dengan Negeri kita hari ini ??  Waspadalah terhadap  Neo PKI  dan  TKA China ?",False,32,True
"Masyarakat #rempang yang telah menempatkan lokasi baru, lokasi masyarakat Rempang digeser ke lokasi baru yang disediakan oleh BP Batam.  Semua yang telah  dijanjikan oleh pemerintah, telah diterima oleh masyarakat Rempang Batam   Situasi keamanan di Rempang kondusif https://t.co/vPO9XZ5TEh",,id,"Masyarakat #rempang yang telah menempatkan lokasi baru, lokasi masyarakat Rempang digeser ke lokasi baru yang disediakan oleh BP Batam.  Semua yang telah  dijanjikan oleh pemerintah, telah diterima oleh masyarakat Rempang Batam   Situasi keamanan di Rempang kondusif https   t.co vPO9XZ5TEh",False,38,True
"@creepylogy_ Masalahnya atmosfer lingkungannya yg gak baik. Polisi baik pun jika atasan nyuruh mereka melawan warga seperti penonton kanjuruhan, warga wadas dan warga rempang otomatis mereka perlahan² ikut menjadi penjahat.",,id,"@creepylogy_ Masalahnya atmosfer lingkungannya yg gak baik. Polisi baik pun jika atasan nyuruh mereka melawan warga seperti penonton kanjuruhan, warga wadas dan warga rempang otomatis mereka perlahan² ikut menjadi penjahat.",False,29,True
"@akbarfaizal68 @jokowi STOPPPPP....cukup 10 tahun Indonesia dipimpin sama presiden ini, korupsi makin gila',politik transaksional,saling Sandra,pecah belah,penegakan hukum GK adil tumpul Kpda yg pro/kawan,tajam Kpda yg kontra/lawan.TKAcina makin merajalela,merampas tanah rakyat Rempang dgn paksa",,id,"@akbarfaizal68 @jokowi STOPPPPP....cukup 10 tahun Indonesia dipimpin sama presiden ini, korupsi makin gila ,politik transaksional,saling Sandra,pecah belah,penegakan hukum GK adil tumpul Kpda yg pro kawan,tajam Kpda yg kontra lawan.TKAcina makin merajalela,merampas tanah rakyat Rempang dgn paksa",False,41,True
"Bentrokan di pulau Rempang makan korban, Demokrat : Pemerintah jangan aniaya rakyat.  Pemerintah jangan menggunakan aparat keamanan unutk menganiaya rakyat dengan mengatasnamakan Proyek Strategis Nasional (PSN)"". . #demokrat #ahy #ahypemipinperubahan #jatim #demokratjatim https://t.co/4XUcLwJJsp""",,id,"Bentrokan di pulau Rempang makan korban, Demokrat   Pemerintah jangan aniaya rakyat.  Pemerintah jangan menggunakan aparat keamanan unutk menganiaya rakyat dengan mengatasnamakan Proyek Strategis Nasional  PSN  . . #demokrat #ahy #ahypemipinperubahan #jatim #demokratjatim https   t.co 4XUcLwJJsp",False,32,True
@NinzExe07 yg ngotot pulau rempang hrs di kosongkan utk pabrik kaca itu!! itu dia!! penjahatnya!!! dialah sumber malh di rempang!! krn dia punya keoentingan pribadi dan golonganya disana!!! penghianat bangsat sebenarnya mereka‼️,,id,@NinzExe07 yg ngotot pulau rempang hrs di kosongkan utk pabrik kaca itu!! itu dia!! penjahatnya!!! dialah sumber malh di rempang!! krn dia punya keoentingan pribadi dan golonganya disana!!! penghianat bangsat sebenarnya mereka,False,32,True
"Dalam upaya mendukung investasi Rempang, Hipmi siap berkolaborasi dengan pemerintah untuk meningkatkan keterampilan warga Rempang lewat pelatihan. Hal ini ditegaskan oleh Ketua Bidang Maritim, Kelautan, dan Perikanan BPP Hipmi Fathul Nugroho. Bahlil Kawal Investasi #HIPMIRempang",,id,"Dalam upaya mendukung investasi Rempang, Hipmi siap berkolaborasi dengan pemerintah untuk meningkatkan keterampilan warga Rempang lewat pelatihan. Hal ini ditegaskan oleh Ketua Bidang Maritim, Kelautan, dan Perikanan BPP Hipmi Fathul Nugroho. Bahlil Kawal Investasi #HIPMIRempang",False,35,True
"Anak ini belum tahu apa2. Tdk ada campur tangan asing. Justru Thailand &amp  Malaysia mau bangun Terusan antara laut Andaman &amp  Teluk Siam di Provinsi Hatyai &amp  Patani , Selat Melaka Mati. Singapura siap2 jd  Financial Centre spt Swiss. Bilang saja Anda tdk sanggup urus  Rempang. https://t.co/710naK4ydu",,id,"Anak ini belum tahu apa2. Tdk ada campur tangan asing. Justru Thailand  amp  Malaysia mau bangun Terusan antara laut Andaman  amp  Teluk Siam di Provinsi Hatyai  amp  Patani , Selat Melaka Mati. Singapura siap2 jd  Financial Centre spt Swiss. Bilang saja Anda tdk sanggup urus  Rempang. https   t.co 710naK4ydu",False,47,True
@Subur0204 Semoga malaikat datang dg bawa buldozer spt yg dia mau lakukan kpd warga Rempang yg menolak penggusuran. Pesan ke malaikat : pelan2 aja biar spt Ariel Sharon...🤣🤭,,id,@Subur0204 Semoga malaikat datang dg bawa buldozer spt yg dia mau lakukan kpd warga Rempang yg menolak penggusuran. Pesan ke malaikat   pelan2 aja biar spt Ariel Sharon...,False,27,True
"DPR menaruh optimisme, kepercayaan besar kepada Menteri Bahlil dalam upaya rempang aman dan sekaligus memberi masukan dan dukungan penting kepada Menteri Bahlil terkait investasi di Rempang. Selain itu, apa yang dilakukan Bahlil pun layak jadi percontohan ke depan. #DukungBahlil https://t.co/l76mGotZdX",,id,"DPR menaruh optimisme, kepercayaan besar kepada Menteri Bahlil dalam upaya rempang aman dan sekaligus memberi masukan dan dukungan penting kepada Menteri Bahlil terkait investasi di Rempang. Selain itu, apa yang dilakukan Bahlil pun layak jadi percontohan ke depan. #DukungBahlil https   t.co l76mGotZdX",False,41,True
@IND0_Update @MataNajwa @Metro_TV @tvOneNews HIPMI bangga melihat perhatian Menteri Investasi Bahlil Lahadalia terhadap proyek Rempang Eco City. Keterlibatan aktifnya dalam pengawasan proyek ini menunjukkan komitmen pemerintah dalam mendukung investasi berkelanjutan. #HIPMIRempang Bahlil Kawal Investasi,,id,@IND0_Update @MataNajwa @Metro_TV @tvOneNews HIPMI bangga melihat perhatian Menteri Investasi Bahlil Lahadalia terhadap proyek Rempang Eco City. Keterlibatan aktifnya dalam pengawasan proyek ini menunjukkan komitmen pemerintah dalam mendukung investasi berkelanjutan. #HIPMIRempang Bahlil Kawal Investasi,False,32,True
"HIPMI melihat masa depan cerah dalam investasi Rempang. Proyek ini tidak hanya membawa kemajuan ekonomi, tetapi juga meningkatkan kesejahteraan masyarakat sekitar. Bersama, kita menjadikan visi ini menjadi kenyataan. #HIPMIRempang Bahlil Kawal Investasi https://t.co/1XlQcyto2R",,id,"HIPMI melihat masa depan cerah dalam investasi Rempang. Proyek ini tidak hanya membawa kemajuan ekonomi, tetapi juga meningkatkan kesejahteraan masyarakat sekitar. Bersama, kita menjadikan visi ini menjadi kenyataan. #HIPMIRempang Bahlil Kawal Investasi https   t.co 1XlQcyto2R",False,34,True
"Berpihak pada tamu negara. Bukan pd tuan rumah. Sedihnya, mrk tega mengusir ibu kandung mrk yakni rakyat demi sebuah clandestine project di depan pintu Selat Malaka (P Rempang) demi membela perusahaan kaca yg gak jelas kontribusinya jika dibandingkan dgn pengorbanan penddk asli..",,id,"Berpihak pada tamu negara. Bukan pd tuan rumah. Sedihnya, mrk tega mengusir ibu kandung mrk yakni rakyat demi sebuah clandestine project di depan pintu Selat Malaka  P Rempang  demi membela perusahaan kaca yg gak jelas kontribusinya jika dibandingkan dgn pengorbanan penddk asli..",False,41,True
"Tetep berisik.. klo berenti berisik, mrk pikir kita tidur.  Dg berisik mrk takut mo macem' thd kehidupan bernegara. Contoh masalah Rempang kendor. MK nolak gugatan usia ca(wa)pres",,id,"Tetep berisik.. klo berenti berisik, mrk pikir kita tidur.  Dg berisik mrk takut mo macem  thd kehidupan bernegara. Contoh masalah Rempang kendor. MK nolak gugatan usia ca wa pres",False,29,True
"relokasi pengembangan Rempang Eco City akan diberikan rumah tipe 45 senilai Rp120 juta. Namun, jika warga memiliki rumah yang nilainya lebih besar atas penilaian dari Kantor Jasa Penilai Publik (KJPP), maka akan diberikan tambahan sesuai dengan selisih nilai rumah",,id,"relokasi pengembangan Rempang Eco City akan diberikan rumah tipe 45 senilai Rp120 juta. Namun, jika warga memiliki rumah yang nilainya lebih besar atas penilaian dari Kantor Jasa Penilai Publik  KJPP , maka akan diberikan tambahan sesuai dengan selisih nilai rumah",False,39,True
Buku Librari Ori - Haji Murad https://t.co/UicgNbHewX WR 1 Batik Air Kapolsek #AniesMuhaimin2024 Rempang Jenglot Al Kahfi #HongKongOpen2023 Putri KW Kamis Narnia https://t.co/7g5VS6jCtu https://t.co/bJMZ40lrry https://t.co/zRbGQkjjuS,,id,Buku Librari Ori - Haji Murad https   t.co UicgNbHewX WR 1 Batik Air Kapolsek #AniesMuhaimin2024 Rempang Jenglot Al Kahfi #HongKongOpen2023 Putri KW Kamis Narnia https   t.co 7g5VS6jCtu https   t.co bJMZ40lrry https   t.co zRbGQkjjuS,False,27,True
Para preman yang diduga mengintimidasi warga (7-8 okt 23) di #Rempang diduga suruhan dari oknum BP Batam.   Karena PT MEG belum melakukan aktivitas/kegiatan apapun di #rempang guys   https://t.co/bxWECTA9Hr,,id,Para preman yang diduga mengintimidasi warga  7-8 okt 23  di #Rempang diduga suruhan dari oknum BP Batam.   Karena PT MEG belum melakukan aktivitas kegiatan apapun di #rempang guys   https   t.co bxWECTA9Hr,False,29,True
"@OposisiCerdas Pak Presiden @jokowi , dari hasil audit NCW proyek pulau Rempang penuh aroma bangsat dan bajingan.  Sudah begini telak kenapa pak Bahlil masih ngotot mau menggusur warga? Ada apa?",,id,"@OposisiCerdas Pak Presiden @jokowi , dari hasil audit NCW proyek pulau Rempang penuh aroma bangsat dan bajingan.  Sudah begini telak kenapa pak Bahlil masih ngotot mau menggusur warga? Ada apa?",False,29,True
@VIVAcoid Kamu teriak2 serangan brutal..ini membela diri..karena ketidakadilan..penjajah.mencaplok wilayah..di rempang juga membara gara2 mau di caplok investasi pake alat negara..apalagi palestina berabad2 tanah di caplok...kemaren2 s israel nyerang palestina lebih brutal..,,id,@VIVAcoid Kamu teriak2 serangan brutal..ini membela diri..karena ketidakadilan..penjajah.mencaplok wilayah..di rempang juga membara gara2 mau di caplok investasi pake alat negara..apalagi palestina berabad2 tanah di caplok...kemaren2 s israel nyerang palestina lebih brutal..,False,35,True
"@syueb2011 @DeHoutman_id Maaf, Pak. Tdk usah jadi provokator soal Rempang. Urusan soal Rempang sdh diselesaikan dgn baik. Masyarakat Rempang juga sdh bisa menerima hasil keputusan bersama antara masyarakat Rempang dgn Pemerintah.",,id,"@syueb2011 @DeHoutman_id Maaf, Pak. Tdk usah jadi provokator soal Rempang. Urusan soal Rempang sdh diselesaikan dgn baik. Masyarakat Rempang juga sdh bisa menerima hasil keputusan bersama antara masyarakat Rempang dgn Pemerintah.",False,30,True
Tenanglah kau duhai..Yahya Staquf ttg negara kesatuan &amp  Pancasila itu kt rkyat Indonesia mmg mngakuiny Final ! Semangatmu bgitu berapi2 saat Ucapkan itu.. Klo bgtu sy mau lihat jg Jiwa Pancasila kau Coba kau lihat Rakyat Rempang Silahkan mulutmu..Bicaralah! #UsirTKAChinaUnfaedah,,id,Tenanglah kau duhai..Yahya Staquf ttg negara kesatuan  amp  Pancasila itu kt rkyat Indonesia mmg mngakuiny Final ! Semangatmu bgitu berapi2 saat Ucapkan itu.. Klo bgtu sy mau lihat jg Jiwa Pancasila kau Coba kau lihat Rakyat Rempang Silahkan mulutmu..Bicaralah! #UsirTKAChinaUnfaedah,False,41,True
"@IND0_Update @MataNajwa @Metro_TV @tvOneNews Proaktifitas Menteri Investasi Bahlil Lahadalia sangat menginspirasi. Ia tidak hanya memantau investasi Rempang, tetapi juga membawa semangat baru dalam menciptakan solusi yang adil dan berkelanjutan bagi semua pihak yang terlibat. #HIPMIRempang Bahlil Kawal Investasi",,id,"@IND0_Update @MataNajwa @Metro_TV @tvOneNews Proaktifitas Menteri Investasi Bahlil Lahadalia sangat menginspirasi. Ia tidak hanya memantau investasi Rempang, tetapi juga membawa semangat baru dalam menciptakan solusi yang adil dan berkelanjutan bagi semua pihak yang terlibat. #HIPMIRempang Bahlil Kawal Investasi",False,36,True
@iwantarigan @msaid_didu Kasus Rempang ini TDK masuk akal di musim politik bgini...membuat masyarakat bertambah TDK simpatik jelas merugikan..pdhal strategi politik ini menarik simpati masyarakat sebanyk2nya... ada apa di balik ini semua.?,,id,@iwantarigan @msaid_didu Kasus Rempang ini TDK masuk akal di musim politik bgini...membuat masyarakat bertambah TDK simpatik jelas merugikan..pdhal strategi politik ini menarik simpati masyarakat sebanyk2nya... ada apa di balik ini semua.?,False,32,True
The Montessori Toddler https://t.co/x9WcC68RPU Putri KW Conjuring 1 Jenglot Kayak Bayi YOSHI BLACK HAIR Narnia #KIMJIWOONG Kapolsek #TXTxDior Arhan Rempang https://t.co/q9TzlKtPV0 https://t.co/rKwepc1csp https://t.co/JPIhlauM4J,,id,The Montessori Toddler https   t.co x9WcC68RPU Putri KW Conjuring 1 Jenglot Kayak Bayi YOSHI BLACK HAIR Narnia #KIMJIWOONG Kapolsek #TXTxDior Arhan Rempang https   t.co q9TzlKtPV0 https   t.co rKwepc1csp https   t.co JPIhlauM4J,False,26,True
@BosPurwa Jangan mati dulu tulang...tunggu siksa dunia ....mungkin ini doa orang warga Rempang (yg terzolimi)...ingat tulang doa orang yg terzolimi akan tembus langsung ke Arsy Allah ...di terima langsung sama Allah .JD ingat omongan nya. siapapun yg menghalangi investasi akan di BULDOZER.,,id,@BosPurwa Jangan mati dulu tulang...tunggu siksa dunia ....mungkin ini doa orang warga Rempang  yg terzolimi ...ingat tulang doa orang yg terzolimi akan tembus langsung ke Arsy Allah ...di terima langsung sama Allah .JD ingat omongan nya. siapapun yg menghalangi investasi akan di BULDOZER.,False,43,True
"@ernestprakasa Sama kayak cawapres yang berjanji menegakkan hukum disaat Masih Dan sudah jabat menkopolhukam 5 tahun, disisi lain harun masiki aja ga di senggol, tragedi kanjuruhan nguap, rempang di anggap pengosongan, konflik agraria, omnibus law, kasus triliyunan yang cuma di spill. Prestasi",,id,"@ernestprakasa Sama kayak cawapres yang berjanji menegakkan hukum disaat Masih Dan sudah jabat menkopolhukam 5 tahun, disisi lain harun masiki aja ga di senggol, tragedi kanjuruhan nguap, rempang di anggap pengosongan, konflik agraria, omnibus law, kasus triliyunan yang cuma di spill. Prestasi",False,41,True
@adrian_jordian @Kayakuwek2 @KangManto123 @Almudattsir @Resty_J_Cayah @aniesbaswedan Rempang itu udah ada sejak thn 2001... ga ada urusannya ama pakde Warga rempang baik2 aja kok... insya Allah win win 👍,,id,@adrian_jordian @Kayakuwek2 @KangManto123 @Almudattsir @Resty_J_Cayah @aniesbaswedan Rempang itu udah ada sejak thn 2001... ga ada urusannya ama pakde Warga rempang baik2 aja kok... insya Allah win win,False,25,True
"Sama halnya dengan propaganda rakyat oleh media terhadap Rempang, dikatakan bahwa 70% rakyat menyetujui relokasi untuk kepentingan PSN, namun Pd kenyataannya masih banyak veteran  Sudirman "" berjuang mempertahankan kadaulatan tanah Rempang.""",,id,"Sama halnya dengan propaganda rakyat oleh media terhadap Rempang, dikatakan bahwa 70  rakyat menyetujui relokasi untuk kepentingan PSN, namun Pd kenyataannya masih banyak veteran  Sudirman   berjuang mempertahankan kadaulatan tanah Rempang.",False,30,True
Buku Librari Ori - Mati Sebelum Mati Buka Kesadaran Hakiki https://t.co/Z9NL5KJalm WR 1 Dajjal Batik Air Rempang Kapolsek #AniesMuhaimin2024 Jenglot Miring #HongKongOpen2023 https://t.co/tNgkrZMZwX https://t.co/yfQiH4u6Kc,,id,Buku Librari Ori - Mati Sebelum Mati Buka Kesadaran Hakiki https   t.co Z9NL5KJalm WR 1 Dajjal Batik Air Rempang Kapolsek #AniesMuhaimin2024 Jenglot Miring #HongKongOpen2023 https   t.co tNgkrZMZwX https   t.co yfQiH4u6Kc,False,25,True
"@hc_poirot Gmn mo d bayar, lah proyek balapannya aja merugi setiap d adakan…. Sabar utk yg blom d bayar, banyak proyek infrastruktur yg dbuat tp tdk slesai dlm pembelian tanahnya… Apakabar rempang dll",,id,"@hc_poirot Gmn mo d bayar, lah proyek balapannya aja merugi setiap d adakan . Sabar utk yg blom d bayar, banyak proyek infrastruktur yg dbuat tp tdk slesai dlm pembelian tanahnya  Apakabar rempang dll",False,29,True
Sinergi dan kolaborasi antara Hipmi dan pemerintah saya yakin akan membawa dampak positif bagi investasi di Rempang. prabowo @Gerindra @kompascom @corbuzier Bahlil Kawal Investasi  #HIPMIRempang https://t.co/hjbcuhZvlA,,id,Sinergi dan kolaborasi antara Hipmi dan pemerintah saya yakin akan membawa dampak positif bagi investasi di Rempang. prabowo @Gerindra @kompascom @corbuzier Bahlil Kawal Investasi  #HIPMIRempang https   t.co hjbcuhZvlA,False,27,True
"Tentang tanah. Narasi yg disuarakan ternyata sama: sejak dulu itu bukan tanah milik mereka, dulu mereka tidak ada disana, mereka tidak punya hak atas tempat itu sebab itu tanah milik pemerintah, dst  Sama: Palestina, Rempang, dll",,id,"Tentang tanah. Narasi yg disuarakan ternyata sama  sejak dulu itu bukan tanah milik mereka, dulu mereka tidak ada disana, mereka tidak punya hak atas tempat itu sebab itu tanah milik pemerintah, dst  Sama  Palestina, Rempang, dll",False,36,True
Pembangunan Rempang eco city ini juga sangat membawa dampak baik untuk warga krna pemerintah merencanakan untuk meningkatkan keterampilan warga Bahlil Kawal Investasi #HIPMIRempang https://t.co/4yX0lWmsiY,,id,Pembangunan Rempang eco city ini juga sangat membawa dampak baik untuk warga krna pemerintah merencanakan untuk meningkatkan keterampilan warga Bahlil Kawal Investasi #HIPMIRempang https   t.co 4yX0lWmsiY,False,25,True
"Jangan lupa  tanah warga melayu Rempang,itu milik mereka sejak abad 18. Lebih Baik Mati Berdiri Daripada Hidup Berlutut. Takkan Hilang Warga Melayu Di Bumi Indonesia. Esa Hilang Dua Terbilang. “Diam kita ditindas, kita harus bergerak utk menyelamatkan Bangsa Negara Indonesia ini”",,id,"Jangan lupa  tanah warga melayu Rempang,itu milik mereka sejak abad 18. Lebih Baik Mati Berdiri Daripada Hidup Berlutut. Takkan Hilang Warga Melayu Di Bumi Indonesia. Esa Hilang Dua Terbilang.  Diam kita ditindas, kita harus bergerak utk menyelamatkan Bangsa Negara Indonesia ini",False,41,True
"Kalau satu paket sembako  Rp100.000 x100 pas 10 juta,berarti sdh bisa membantu 100 Kepala Keluarga di Pulau Rempang,Galang,mereka masih membutuhkan dan masih Bertahan di tanah Leluhur mereka..",,id,"Kalau satu paket sembako  Rp100.000 x100 pas 10 juta,berarti sdh bisa membantu 100 Kepala Keluarga di Pulau Rempang,Galang,mereka masih membutuhkan dan masih Bertahan di tanah Leluhur mereka..",False,29,True
"kan aku bilang apa, habis suku Melayu di Rempang, dayak juga bakal diusir 😒, tuh dayak yg bela2 IKN mana neh? bentar lagi juga ke usirlah, jadi panglima yg satu itu sepertinya mendengar juga prediksi aku",,id,"kan aku bilang apa, habis suku Melayu di Rempang, dayak juga bakal diusir , tuh dayak yg bela2 IKN mana neh? bentar lagi juga ke usirlah, jadi panglima yg satu itu sepertinya mendengar juga prediksi aku",False,35,True
Panglima Pajaji abal-abal wkwkw. GELAR PANGLIMA itu buat mereka yang memikirkan rakyatnya !!! bukan cari panggung wkwk. WASPADA !!! Panglima Pajaji cuma cari panggung lewat rempang #rempang #carimuka https://t.co/ckvOX3zEmW,,id,Panglima Pajaji abal-abal wkwkw. GELAR PANGLIMA itu buat mereka yang memikirkan rakyatnya !!! bukan cari panggung wkwk. WASPADA !!! Panglima Pajaji cuma cari panggung lewat rempang #rempang #carimuka https   t.co ckvOX3zEmW,False,27,True
"investasi di #Rempang, termasuk wilayah Batam secara  keseluruhan sangat menarik bagi para investor karena aksesnya sudah  terbuka secara keseluruhan, mulai dari darat, laut, dan udara."" Kepala BP Batam Muhammad Rudi dalam program Power Lunch CNBC Indonesia. (15/9/2023)""",,id,"investasi di #Rempang, termasuk wilayah Batam secara  keseluruhan sangat menarik bagi para investor karena aksesnya sudah  terbuka secara keseluruhan, mulai dari darat, laut, dan udara.  Kepala BP Batam Muhammad Rudi dalam program Power Lunch CNBC Indonesia.  15 9 2023",False,38,True
@Miduk17 @danz_sympony Jual calon presiden kok jual orang  miskin..  Jual calon presiden itu jual prestasi..   Walopun calonnya tajir melintir kalo rekan jejak bagus yg jadi pilihan..   Jojowi dulu ceritanya miskin di gusur..  Sekarang malah gusur REMPANG..  Gusur WADAS..   Jangan bodoh permanen,,id,@Miduk17 @danz_sympony Jual calon presiden kok jual orang  miskin..  Jual calon presiden itu jual prestasi..   Walopun calonnya tajir melintir kalo rekan jejak bagus yg jadi pilihan..   Jojowi dulu ceritanya miskin di gusur..  Sekarang malah gusur REMPANG..  Gusur WADAS..   Jangan bodoh permanen,False,40,True
"@reginaphee @hasyimmah Ya kalo kamu mau bela2 salah satu dari negara itu ya terserah aja. Toh ini udah 75thn tetep aja tu dua negara sampai sekarang milih perang  Iye, UUD bilang gitu, tp kita punya Papua... Belum lagi noh konflik yg kmrn di pulau rempang",,id,"@reginaphee @hasyimmah Ya kalo kamu mau bela2 salah satu dari negara itu ya terserah aja. Toh ini udah 75thn tetep aja tu dua negara sampai sekarang milih perang  Iye, UUD bilang gitu, tp kita punya Papua... Belum lagi noh konflik yg kmrn di pulau rempang",False,45,True
@UmarSyadatHsb__ Nb : Perubahan sangat Solid krn emg sdh hmpir 10 th sptnya di buat Gaduh. Spt Rempang akn diratakan e e lom terlaksana aktornya dah khoid duluan. Doa' org yg tersisihkan kekuatan mahadasyat.,,id,@UmarSyadatHsb__ Nb   Perubahan sangat Solid krn emg sdh hmpir 10 th sptnya di buat Gaduh. Spt Rempang akn diratakan e e lom terlaksana aktornya dah khoid duluan. Doa  org yg tersisihkan kekuatan mahadasyat.,False,30,True
"بِسْمِ اللهِ الرَّحْمٰنِ الرَّحِيْم  *UMMAT LEADERS' CLUB PRESENTS*  Webinar : *_Class Action_ Warga Rempang : Menggugat Pemerintah Salah Urus Rakyat""*  🗓️ Hari/Tgl. : Rabu, 11 Oktober 2023  🕓 Pukul : 16.00 s.d. 18. 00  🎤 _Keynote Speaker :_ Prof. Dr. M. Amien Rais, MA (Ketua https://t.co/IOq9xwb6RT""",,id,"ب س م  الله  الر  ح م ن  الر  ح ي م   UMMAT LEADERS  CLUB PRESENTS   Webinar    _Class Action_ Warga Rempang   Menggugat Pemerintah Salah Urus Rakyat     Hari Tgl.   Rabu, 11 Oktober 2023   Pukul   16.00 s.d. 18. 00   _Keynote Speaker  _ Prof. Dr. M. Amien Rais, MA  Ketua https   t.co IOq9xwb6RT",False,31,True
@democrazymedia Kepelbagaian prilaku dan tindak tunduk kepemimpinan negara ini selalu jelas mengusik nurani rakyat. Atau kah sebuah hati itu telah kering dari cahaya perikemanusiaan yang adil dan beradab ??? Rempang dan sejenisnya. UU ciptakerja dan berbagai nya . Kejenuhan itu mbw dampak,,id,@democrazymedia Kepelbagaian prilaku dan tindak tunduk kepemimpinan negara ini selalu jelas mengusik nurani rakyat. Atau kah sebuah hati itu telah kering dari cahaya perikemanusiaan yang adil dan beradab ??? Rempang dan sejenisnya. UU ciptakerja dan berbagai nya . Kejenuhan itu mbw dampak,False,40,True
"Investasi Tak Hanya untuk Pertumbuhan Ekonomi, Demokrat Minta Pemerintah Utamakan Kepentingan Rakyat di Rempang  Pemerintah harus mengutamakan kepentingan rakyat di sna (Rempang). Kalaupun kemudian rakyat bisa berdampingan dengan investor dengan pembangunan di sana, biarkan… https://t.co/tovaZCdGsQ""",,id,"Investasi Tak Hanya untuk Pertumbuhan Ekonomi, Demokrat Minta Pemerintah Utamakan Kepentingan Rakyat di Rempang  Pemerintah harus mengutamakan kepentingan rakyat di sna  Rempang . Kalaupun kemudian rakyat bisa berdampingan dengan investor dengan pembangunan di sana, biarkan  https   t.co tovaZCdGsQ",False,36,True
Pencapaian pengembangan Rempang Eco-City tidak lepas dari upaya Pak Bahlil Kawal Investasi yg proaktif melakukan pendekatan yg humanis dan persuasif mendapatkan apresiasi dari #HIPMIRempang @PartaiPerindo @Nasde,,id,Pencapaian pengembangan Rempang Eco-City tidak lepas dari upaya Pak Bahlil Kawal Investasi yg proaktif melakukan pendekatan yg humanis dan persuasif mendapatkan apresiasi dari #HIPMIRempang @PartaiPerindo @Nasde,False,25,True
"@Dennysiregar7 @__AnakKolong @cokro_tv @2045Tv Ayo berjuang untuk rakyat, lihat Rempang, lihat Komodo, lihat Wadas, lihat Lombok, dan banyak lagi, ternyata reformasi hanya untuk meruntuhkan dan belajar dari orde baru untuk lebih parah menindas rakyat, ayo bentuk perlawanan baru melawan penindasan kepada rakyat",,id,"@Dennysiregar7 @__AnakKolong @cokro_tv @2045Tv Ayo berjuang untuk rakyat, lihat Rempang, lihat Komodo, lihat Wadas, lihat Lombok, dan banyak lagi, ternyata reformasi hanya untuk meruntuhkan dan belajar dari orde baru untuk lebih parah menindas rakyat, ayo bentuk perlawanan baru melawan penindasan kepada rakyat",False,40,True
"Tau ga sih, langkah investasi pemerintah @balillahadalia jg didukung oleh Himpunan Pengusaha Muda Indonesia (HIPMI), Pasalnya, terdapat banyak manfaat yang akan dirasakan oleh Indonesia, khususnya warga di Pulau Rempang. @kumparan Bahlil Kawal Investasi  #HIPMIRempang https://t.co/Mhsl7X1FcI",,id,"Tau ga sih, langkah investasi pemerintah @balillahadalia jg didukung oleh Himpunan Pengusaha Muda Indonesia  HIPMI , Pasalnya, terdapat banyak manfaat yang akan dirasakan oleh Indonesia, khususnya warga di Pulau Rempang. @kumparan Bahlil Kawal Investasi  #HIPMIRempang https   t.co Mhsl7X1FcI",False,36,True
"KONFLIK REMPANG: HARUSKAH INVESTASI MELUKAI RAKYAT SENDIRI?  Baru-baru ini, terjadi bentrok antara petugas gabungan dengan warga lokal Rempang, Kota Batam, Kepulauan Riau. Bentrok itu terjadi saat petugas gabungan datang untuk melakukan pengukuran lahan di Pulau Rempang. https://t.co/hT44UFSpGk",,id,"KONFLIK REMPANG  HARUSKAH INVESTASI MELUKAI RAKYAT SENDIRI?  Baru-baru ini, terjadi bentrok antara petugas gabungan dengan warga lokal Rempang, Kota Batam, Kepulauan Riau. Bentrok itu terjadi saat petugas gabungan datang untuk melakukan pengukuran lahan di Pulau Rempang. https   t.co hT44UFSpGk",False,37,True
"Menteri Investasi Bahlil Lahadalia telah membuktikan proaktifitasnya dalam mengawal investasi Rempang. Keberhasilan ini adalah hasil dari kerja keras, komitmen, dan kesungguhan beliau dalam menciptakan kesepakatan yang adil dan berkelanjutan. #HIPMIRempang Bahlil Kawal Investasi https://t.co/EA0P2M8SS1",,id,"Menteri Investasi Bahlil Lahadalia telah membuktikan proaktifitasnya dalam mengawal investasi Rempang. Keberhasilan ini adalah hasil dari kerja keras, komitmen, dan kesungguhan beliau dalam menciptakan kesepakatan yang adil dan berkelanjutan. #HIPMIRempang Bahlil Kawal Investasi https   t.co EA0P2M8SS1",False,35,True
@tvOneNews Provokator dan yg gak paham apa2 saat ini byk komen soal Rempang. Nah yg kosong mudah terprovokasi.  Boys Jakarta saja seperti kawasan Mal &amp  Perkantoran Arta Gading dan Komplek Gedung SCBD Sudirman siapa yg bangun ?  Kok gak ada suara selama ini ? Diam aja selama ini kok ?!,,id,@tvOneNews Provokator dan yg gak paham apa2 saat ini byk komen soal Rempang. Nah yg kosong mudah terprovokasi.  Boys Jakarta saja seperti kawasan Mal  amp  Perkantoran Arta Gading dan Komplek Gedung SCBD Sudirman siapa yg bangun ?  Kok gak ada suara selama ini ? Diam aja selama ini kok ?!,False,47,True
"Gua salut sama kerja keras Pak @bahlillahadalia , beliau berhasil meyakinkan &amp  merangkul warga bahwa kepastian investasi ini akan membawa berkah ekonomi kpd mereka. Rempang Eco Park bisa membuka ekonomi baru @detikcom  Bahlil Kawal Investasi  #HIPMIRempang https://t.co/BZER31xppR",,id,"Gua salut sama kerja keras Pak @bahlillahadalia , beliau berhasil meyakinkan  amp  merangkul warga bahwa kepastian investasi ini akan membawa berkah ekonomi kpd mereka. Rempang Eco Park bisa membuka ekonomi baru @detikcom  Bahlil Kawal Investasi  #HIPMIRempang https   t.co BZER31xppR",False,37,True
"Menteri Investasi Bahlil Lahadalia (@bahlillahadalia) mengatakan proses pembangunan rumah untuk relokasi warga di Pulau Rempang, Batam, Provinsi Kepulauan Riau akan selesai pada tahun depan. Hal itu ia sampaikan saat ditanya soal janji pemerintah yang memberikan hunian serta… https://t.co/VtPMKfCGK1",,id,"Menteri Investasi Bahlil Lahadalia  @bahlillahadalia  mengatakan proses pembangunan rumah untuk relokasi warga di Pulau Rempang, Batam, Provinsi Kepulauan Riau akan selesai pada tahun depan. Hal itu ia sampaikan saat ditanya soal janji pemerintah yang memberikan hunian serta  https   t.co VtPMKfCGK1",False,39,True
"Di Pulau Rempang rencananya akan di bangun Rempang Eco City yang di targetkan dapat menarik investasi senilai Rp380 triliun pada tahun 2080.  Lantas, apakah investasi itu justru malah melukai rakyatnya sendiri? Yuk, simak postingan berikut untuk informasi selengkapnya! https://t.co/xW7tFB33YN",,id,"Di Pulau Rempang rencananya akan di bangun Rempang Eco City yang di targetkan dapat menarik investasi senilai Rp380 triliun pada tahun 2080.  Lantas, apakah investasi itu justru malah melukai rakyatnya sendiri? Yuk, simak postingan berikut untuk informasi selengkapnya! https   t.co xW7tFB33YN",False,39,True
"Proyek Rempang Ecocity ini banyak menuai kontroversi. Selain di Rempang, masih ada proyek-proyek yang dikerjakan pemerintah itu selalu diwarnai kritik dan demontrasi. Ini artinya, bahwa pemerintah telah gagal mediasi dengan warga mengenai PSN itu.",,id,"Proyek Rempang Ecocity ini banyak menuai kontroversi. Selain di Rempang, masih ada proyek-proyek yang dikerjakan pemerintah itu selalu diwarnai kritik dan demontrasi. Ini artinya, bahwa pemerintah telah gagal mediasi dengan warga mengenai PSN itu.",False,33,True
"@Nicho_Silalahi Idiot melebihi kerbau ini anak babi hutan, yg mengusir orang rempang dr tanah mrk sapa anjing idiot🙄 Kau itu cuma smpah peduli apa dgn warga rempang",,id,"@Nicho_Silalahi Idiot melebihi kerbau ini anak babi hutan, yg mengusir orang rempang dr tanah mrk sapa anjing idiot Kau itu cuma smpah peduli apa dgn warga rempang",False,26,True
Amien Rais Kembali Kunjungi Rempang - Riaunews https://t.co/nmZ83ZxUpB  Kedatangan yang kedua ini sekaligus memenuhi janji untuk kembali lagi dan memastikan terus mendampingi warga setempat yang terdampak langsung proyek strategis nasional (psn) Rempang Eco City.,,id,Amien Rais Kembali Kunjungi Rempang - Riaunews https   t.co nmZ83ZxUpB  Kedatangan yang kedua ini sekaligus memenuhi janji untuk kembali lagi dan memastikan terus mendampingi warga setempat yang terdampak langsung proyek strategis nasional  psn  Rempang Eco City.,False,34,True
"@sosmedkeras Bener pak, kita sdh terjajah ekonomi. Gmn tdk? Mulai dr batik, sepatu, tas dr cina bahkan IKN,kereta cepat jg dr cina, yg terakhir beras jg. Tp kita berhasil mengekspor rempang ke cina. War byaszah...",,id,"@sosmedkeras Bener pak, kita sdh terjajah ekonomi. Gmn tdk? Mulai dr batik, sepatu, tas dr cina bahkan IKN,kereta cepat jg dr cina, yg terakhir beras jg. Tp kita berhasil mengekspor rempang ke cina. War byaszah...",False,36,True
"@Dennysiregar7 Anjing kurap penjilat mendukung selalu untuk kepentingan periok nasinya jgn bocor, bukan mikir kepentingan rakyat coba aja lihat kasus rempang galang si deni dan anjing kurap lainnya mingkem",,id,"@Dennysiregar7 Anjing kurap penjilat mendukung selalu untuk kepentingan periok nasinya jgn bocor, bukan mikir kepentingan rakyat coba aja lihat kasus rempang galang si deni dan anjing kurap lainnya mingkem",False,29,True
"Perjanjian sepihak apa lagi yg dibuat ke CHINA Pak @jokowi?  terakhir Kemaren hampir 200 Tahun #Rempang di kasih ke China  Sekarang Wilayah Indonesia mana lagi yg sampean sodorin  untuk di Kusain CHINA??  Mending tidur pak, Daripada kerja nggak ada hasilnya.. https://t.co/9rqJK1Csl5",,id,"Perjanjian sepihak apa lagi yg dibuat ke CHINA Pak @jokowi?  terakhir Kemaren hampir 200 Tahun #Rempang di kasih ke China  Sekarang Wilayah Indonesia mana lagi yg sampean sodorin  untuk di Kusain CHINA??  Mending tidur pak, Daripada kerja nggak ada hasilnya.. https   t.co 9rqJK1Csl5",False,42,True
"@papasito_OF @CNNIndonesia Ya tinggal di rumah warga rempang juga , tinggal di rumah warga yg dekat dengan sirkuit Mandalika yg lahanya masih ada yg belum di bayar.  @ganjarpranowo .",,id,"@papasito_OF @CNNIndonesia Ya tinggal di rumah warga rempang juga , tinggal di rumah warga yg dekat dengan sirkuit Mandalika yg lahanya masih ada yg belum di bayar.  @ganjarpranowo .",False,26,True
"kerenn banget kalau hipmi mau bantu juga untuk Investasi yang Bahlil Kawal ini, maka kesempatan untuk mewujudkan kesejahteraan di rempang akan semakin cepat #HIPMIRempang https://t.co/g2IpMHuoYj",,id,"kerenn banget kalau hipmi mau bantu juga untuk Investasi yang Bahlil Kawal ini, maka kesempatan untuk mewujudkan kesejahteraan di rempang akan semakin cepat #HIPMIRempang https   t.co g2IpMHuoYj",False,26,True
@papa_loren @DidikYanto5 Justru yg preman si Bahlil tanpa punya AMDAL dan sertifikat HPL mau merampas tanah warga Rempang seharusnya si Bahlil dan rezim Jokowi dilaporkan ke aparat penegak hukum mau merampok tanah warga,,id,@papa_loren @DidikYanto5 Justru yg preman si Bahlil tanpa punya AMDAL dan sertifikat HPL mau merampas tanah warga Rempang seharusnya si Bahlil dan rezim Jokowi dilaporkan ke aparat penegak hukum mau merampok tanah warga,False,32,True
"@IND0_Update @MataNajwa @Metro_TV @tvOneNews Selamat kepada Dukung Investasi, HIPMI, dan Menteri Bahlil atas kolaborasi yang luar biasa dalam mengawal proyek Rempang Eco Park. Bahlil Kawal Investasi #HIPMIRempang",,id,"@IND0_Update @MataNajwa @Metro_TV @tvOneNews Selamat kepada Dukung Investasi, HIPMI, dan Menteri Bahlil atas kolaborasi yang luar biasa dalam mengawal proyek Rempang Eco Park. Bahlil Kawal Investasi #HIPMIRempang",False,25,True
"Tumbuhkan investasi, bangun masa depan! HIPMI memberikan apresiasi kepada Menteri Bahlil yang tekun mengawal proyek Rempang Eco Park.  @MataNajwa  Bahlil Kawal Investasi #HIPMIRempang https://t.co/LOeesal5Lb",,id,"Tumbuhkan investasi, bangun masa depan! HIPMI memberikan apresiasi kepada Menteri Bahlil yang tekun mengawal proyek Rempang Eco Park.  @MataNajwa  Bahlil Kawal Investasi #HIPMIRempang https   t.co LOeesal5Lb",False,25,True
Kami komitmen untuk mendukung investasi berkelanjutan! HIPMI menghargai Menteri Bahlil yang telah mengawal proyek Rempang Eco Park dengan penuh dedikasi. @liputan6dotcom  Bahlil Kawal Investasi #HIPMIRempang,,id,Kami komitmen untuk mendukung investasi berkelanjutan! HIPMI menghargai Menteri Bahlil yang telah mengawal proyek Rempang Eco Park dengan penuh dedikasi. @liputan6dotcom  Bahlil Kawal Investasi #HIPMIRempang,False,25,True
"@Heraloebss Yg mnjadi pertanyaan knapa berita2 tentang jessica wongso itu dibuka lagi mndekati pemilu,ramainya soal tanah warga rempang hingga soal KCIC..knapa tdk di waktu tenang sblum2nya..jk memang dirasakan ada kejanggalan dlm kasus kopi.Sianida???..apakah krn difilmkan jd ramai.lagi?🤔",,id,"@Heraloebss Yg mnjadi pertanyaan knapa berita2 tentang jessica wongso itu dibuka lagi mndekati pemilu,ramainya soal tanah warga rempang hingga soal KCIC..knapa tdk di waktu tenang sblum2nya..jk memang dirasakan ada kejanggalan dlm kasus kopi.Sianida???..apakah krn difilmkan jd ramai.lagi?",False,39,True
"Perang? Ga Damai aja?  Di semua tempat, timteng, Indonesia, Rempang, dll.. damai memiliki syarat!  1. Keadilan 2. Kebebasan 3. Kemerdekaan  Jika tidak ada kedamaian di sana, berarti ada salah satu pihak yang tidak berbuat adil (zolim), mengungkung, dan menjajah...",,id,"Perang? Ga Damai aja?  Di semua tempat, timteng, Indonesia, Rempang, dll.. damai memiliki syarat!  1. Keadilan 2. Kebebasan 3. Kemerdekaan  Jika tidak ada kedamaian di sana, berarti ada salah satu pihak yang tidak berbuat adil  zolim , mengungkung, dan menjajah...",False,36,True
"Pemerintah sangat mendukung langkah2 yg dilakukan bahlil untuk proyek Rempang, krn kebijakan tsb warga pulau Rempang akhirnya berbalik mendukung proyek di Pulau Rempang tersebut Bahlil Kawal Investasi #HIPMIRempang https://t.co/R4brlW7tyy",,id,"Pemerintah sangat mendukung langkah2 yg dilakukan bahlil untuk proyek Rempang, krn kebijakan tsb warga pulau Rempang akhirnya berbalik mendukung proyek di Pulau Rempang tersebut Bahlil Kawal Investasi #HIPMIRempang https   t.co R4brlW7tyy",False,30,True
"@memelord_666666 Meme ini benar, karna memang warga indonesia menaruh perhatian ke konflik di middle east tp tetap saja jd bagian dan tetap pegangan tgn dgn konflik di papua, rempang ataupun isu2 lainnya di tanah air, solidaritas itu tetap ada kok",,id,"@memelord_666666 Meme ini benar, karna memang warga indonesia menaruh perhatian ke konflik di middle east tp tetap saja jd bagian dan tetap pegangan tgn dgn konflik di papua, rempang ataupun isu2 lainnya di tanah air, solidaritas itu tetap ada kok",False,39,True
@HutajuluP27080 @STresnowat101 Orang yg bela Palestina rata2 sangat vokal bela kasus rempang. Yang sinis/diam masalah Palestina umumnya juga sinis/diam dalam masalah Rempang. Coba perhatikan. Mereka berada dalam sisi yang sama.,,id,@HutajuluP27080 @STresnowat101 Orang yg bela Palestina rata2 sangat vokal bela kasus rempang. Yang sinis diam masalah Palestina umumnya juga sinis diam dalam masalah Rempang. Coba perhatikan. Mereka berada dalam sisi yang sama.,False,32,True
"@jokowi Jokowi mau pergi kemana? Di panggil pengadilan di suruh buktikan ijasahx, kok kerjax keluyuran gk jelas, mau cari mangsa ya, yg mau di jajah seperti di pulau rempang itu ya? Kalau takut untuk menunjuk ijasahx mending mudur aja, indonesia tampa jokowi aman dn makmur dn jaya rakytx https://t.co/G1SCS99av0",,id,"@jokowi Jokowi mau pergi kemana? Di panggil pengadilan di suruh buktikan ijasahx, kok kerjax keluyuran gk jelas, mau cari mangsa ya, yg mau di jajah seperti di pulau rempang itu ya? Kalau takut untuk menunjuk ijasahx mending mudur aja, indonesia tampa jokowi aman dn makmur dn jaya rakytx https   t.co G1SCS99av0",False,50,True
"@kurniawanaghil Lihat muka yg teriak2 minta borgol.  Tampakkan kemarahan. Maklum kl sdh jd penegak hukum tp sekaligus penghamba cuan. Lihat kelakuan mrk di Rempang, Sulawesi, Lampung, dll. Sama semua.",,id,"@kurniawanaghil Lihat muka yg teriak2 minta borgol.  Tampakkan kemarahan. Maklum kl sdh jd penegak hukum tp sekaligus penghamba cuan. Lihat kelakuan mrk di Rempang, Sulawesi, Lampung, dll. Sama semua.",False,29,True
@ganjarpranowo Mari rapatkan barisan dukung pasangan Amin untuk perubahan yg adil makmur di bumi indonesia Bila ganjar dipastikan rakyat akan di tindas contohnya wadas selanjutnya rempang.,,id,@ganjarpranowo Mari rapatkan barisan dukung pasangan Amin untuk perubahan yg adil makmur di bumi indonesia Bila ganjar dipastikan rakyat akan di tindas contohnya wadas selanjutnya rempang.,False,26,True
"@jokowi Jangan terlalu percaya diri, Pak.  China juga menunggu, apakah Anies Baswedan akan melanjutkan program Bisnis Indonesia ini. Reklamasi gagal. Rempang tertunda.  Rakyat lapar, marahnya bedda",,id,"@jokowi Jangan terlalu percaya diri, Pak.  China juga menunggu, apakah Anies Baswedan akan melanjutkan program Bisnis Indonesia ini. Reklamasi gagal. Rempang tertunda.  Rakyat lapar, marahnya bedda",False,26,True
Kami bersama untuk mendorong investasi berkelanjutan! HIPMI memberikan penghargaan kepada Menteri Bahlil yang memantau proyek Rempang Eco Park dengan tekun. https://t.co/kJET8TsRL6 @kumparan  Bahlil Kawal Investasi #HIPMIRempang,,id,Kami bersama untuk mendorong investasi berkelanjutan! HIPMI memberikan penghargaan kepada Menteri Bahlil yang memantau proyek Rempang Eco Park dengan tekun. https   t.co kJET8TsRL6 @kumparan  Bahlil Kawal Investasi #HIPMIRempang,False,27,True
"@DoankWarto Sebagian besar rakyat mau dukung AMIN krn inginkan perubahan,nggak mau lagi harga² kebutuhan mahal diteruskan,bbm,listrik,pajak mahal dilanjutkan,hutang ugal²an,kejadian² warga wadas,p rempang diteruskan...sebagian besar Rakyat sdh bulat tekad akan mewujudkan Perubahan",,id,"@DoankWarto Sebagian besar rakyat mau dukung AMIN krn inginkan perubahan,nggak mau lagi harga² kebutuhan mahal diteruskan,bbm,listrik,pajak mahal dilanjutkan,hutang ugal²an,kejadian² warga wadas,p rempang diteruskan...sebagian besar Rakyat sdh bulat tekad akan mewujudkan Perubahan",False,38,True
"@HusinShihab Lucunya pembela rejim ini... cb tanyakn ke mentri bahlul mu, mnuduh asing bermain di rempang jg tdak dgn data.. mahmud md mnuduh 375T jg tdak jlas pelakunya.. bahlull dan asbun entee",,id,"@HusinShihab Lucunya pembela rejim ini... cb tanyakn ke mentri bahlul mu, mnuduh asing bermain di rempang jg tdak dgn data.. mahmud md mnuduh 375T jg tdak jlas pelakunya.. bahlull dan asbun entee",False,32,True
@IND0_Update @MataNajwa @Metro_TV @tvOneNews Kami sangat bangga dengan inisiatif pro-investasi yang diambil oleh Menteri Bahlil dan pihak HIPMI. Proyek Rempang Eco Park adalah bukti nyata bahwa investasi dapat memberikan manfaat jangka panjang bagi lingkungan dan masyarakat. Bahlil Kawal Investasi #HIPMIRempang,,id,@IND0_Update @MataNajwa @Metro_TV @tvOneNews Kami sangat bangga dengan inisiatif pro-investasi yang diambil oleh Menteri Bahlil dan pihak HIPMI. Proyek Rempang Eco Park adalah bukti nyata bahwa investasi dapat memberikan manfaat jangka panjang bagi lingkungan dan masyarakat. Bahlil Kawal Investasi #HIPMIRempang,False,37,True
"Semangat investasi, harapan masa depan! HIPMI memberikan penghargaan kepada Menteri Bahlil yang dengan tekun mengawasi proyek Rempang Eco Park. https://t.co/2y4u6InRpH  @ganjarpranowo  Bahlil Kawal Investasi #HIPMIRempang",,id,"Semangat investasi, harapan masa depan! HIPMI memberikan penghargaan kepada Menteri Bahlil yang dengan tekun mengawasi proyek Rempang Eco Park. https   t.co 2y4u6InRpH  @ganjarpranowo  Bahlil Kawal Investasi #HIPMIRempang",False,26,True
Belasan Warga Rempang yg didampingi Tim Advokat mendatangi Mapolresta Barelang utk mengajukn surat permohonan thd 30 org keluarganya yg ditahan Polisi &amp  sdh ditetapkn menjd tersangka dlm kasus Aksi Demo  Rempang di Kantor BP Batam yg lalu..... . Update Rempang 03 Oktober 2023 https://t.co/sn2hbFc7VQ,,id,Belasan Warga Rempang yg didampingi Tim Advokat mendatangi Mapolresta Barelang utk mengajukn surat permohonan thd 30 org keluarganya yg ditahan Polisi  amp  sdh ditetapkn menjd tersangka dlm kasus Aksi Demo  Rempang di Kantor BP Batam yg lalu..... . Update Rempang 03 Oktober 2023 https   t.co sn2hbFc7VQ,False,44,True
"Awal Mula Konflik Rempang, Ini Klarifikasi Menteri Bahlil  Prabowo Gibran PDIP #KamiMuak Muntilan #FreePalestine Jokowi Pagiii Projo Dipendem Sidoarjo Minggu #PalestineGenocide Senin #ArusPerubahanAMIN #StrongGirlNamSoonEp4 shawn mendes Onic Pecco Miya https://t.co/iQQW3QaHcj",,id,"Awal Mula Konflik Rempang, Ini Klarifikasi Menteri Bahlil  Prabowo Gibran PDIP #KamiMuak Muntilan #FreePalestine Jokowi Pagiii Projo Dipendem Sidoarjo Minggu #PalestineGenocide Senin #ArusPerubahanAMIN #StrongGirlNamSoonEp4 shawn mendes Onic Pecco Miya https   t.co iQQW3QaHcj",False,31,True
"Menyuarakan harapan, membangun masa depan di Rempang Eco City. Bersama, mereka bukan hanya menciptakan investasi, tetapi juga membawa kemakmuran untuk semua. 🌟 Bahlil Kawal Investasi #HIPMIRempang https://t.co/UTX1qO7CwC",,id,"Menyuarakan harapan, membangun masa depan di Rempang Eco City. Bersama, mereka bukan hanya menciptakan investasi, tetapi juga membawa kemakmuran untuk semua.  Bahlil Kawal Investasi #HIPMIRempang https   t.co UTX1qO7CwC",False,27,True
HIMPI memberikan perhatian besar terhadap investasi Rempang Eco City yg terus  dikawal oleh Menteri Investasi @bahlillahadalia sejak awal hingga saat ini dan siap membantu menyukseskan investasi ini. @detikcom  Bahlil Kawal Investasi  #HIPMIRempang  https://t.co/89rYoIFTJO,,id,HIMPI memberikan perhatian besar terhadap investasi Rempang Eco City yg terus  dikawal oleh Menteri Investasi @bahlillahadalia sejak awal hingga saat ini dan siap membantu menyukseskan investasi ini. @detikcom  Bahlil Kawal Investasi  #HIPMIRempang  https   t.co 89rYoIFTJO,False,34,True
Dari awal kita yakin bahwa investasi yg ada di pulau rempang akan sangat membantu pertumbuhan ekonomi warga rempang.  @poskota  @rmol_id  Bahlil Kawal Investasi  #HIPMIRempang  https://t.co/MX1ssTTgdt,,id,Dari awal kita yakin bahwa investasi yg ada di pulau rempang akan sangat membantu pertumbuhan ekonomi warga rempang.  @poskota  @rmol_id  Bahlil Kawal Investasi  #HIPMIRempang  https   t.co MX1ssTTgdt,False,25,True
setuju sih dengan rencana nya untuk melibatkan masyarakat lokal. karna mau ga mau mereka yang mendiami pulau tersebut agar benar-benar tercipta Rempang Aman  #DukungBahlil https://t.co/LjlHQ44TgW,,id,setuju sih dengan rencana nya untuk melibatkan masyarakat lokal. karna mau ga mau mereka yang mendiami pulau tersebut agar benar-benar tercipta Rempang Aman  #DukungBahlil https   t.co LjlHQ44TgW,False,25,True
Yuk mari sama² kita bersinergi mendukung pengembangan Rempang Ecocity untuk meningkatkan sosial ekonomi  masyarakat kota batam dan khususnya pulau rempang. #HIPMIRempang Bahlil Kawal Investasi @ridwankamil @mohmahfudmd,,id,Yuk mari sama² kita bersinergi mendukung pengembangan Rempang Ecocity untuk meningkatkan sosial ekonomi  masyarakat kota batam dan khususnya pulau rempang. #HIPMIRempang Bahlil Kawal Investasi @ridwankamil @mohmahfudmd,False,26,True
"Kami mengapresiasi Menteri @bahlillahadalia yg telah beberapa kali turun langsung ke Rempang melakukan pendekatan humanis ke warga, smpai akhirnya warga setujui &amp  ikut mendukung investasi lanjut, @jokowi Bahlil Kawal Investasi  #HIPMIRempang  https://t.co/UCZFbicaq6",,id,"Kami mengapresiasi Menteri @bahlillahadalia yg telah beberapa kali turun langsung ke Rempang melakukan pendekatan humanis ke warga, smpai akhirnya warga setujui  amp  ikut mendukung investasi lanjut, @jokowi Bahlil Kawal Investasi  #HIPMIRempang  https   t.co UCZFbicaq6",False,33,True
"Kasus Rempang, Kecamatan Galang, Kota Batam, makin berlarut-larut. Setelah target pemerintah untuk mengosongkan Rempang dari warga pada 28 September gagal, kini masih banyak warga yang menolak relokasi. https://t.co/SzHDi2QCNy #rempang #batam",,id,"Kasus Rempang, Kecamatan Galang, Kota Batam, makin berlarut-larut. Setelah target pemerintah untuk mengosongkan Rempang dari warga pada 28 September gagal, kini masih banyak warga yang menolak relokasi. https   t.co SzHDi2QCNy #rempang #batam",False,30,True
"@YoezZar Jangan lupa  tanah warga melayu Rempang,itu milik mereka sejak abad 18. Lebih Baik Mati Berdiri Daripada Hidup Berlutut. Takkan Hilang Warga Melayu Di Bumi Indonesia. Esa Hilang Dua Terbilang. “Diam kita ditindas, kita harus bergerak utk menyelamatkan Bangsa Negara Indonesia ini” https://t.co/II2wbxlxKl",,id,"@YoezZar Jangan lupa  tanah warga melayu Rempang,itu milik mereka sejak abad 18. Lebih Baik Mati Berdiri Daripada Hidup Berlutut. Takkan Hilang Warga Melayu Di Bumi Indonesia. Esa Hilang Dua Terbilang.  Diam kita ditindas, kita harus bergerak utk menyelamatkan Bangsa Negara Indonesia ini  https   t.co II2wbxlxKl",False,44,True
Melihat fakta : Km50  Korban Mei 2019 130 mati di Kanjuruhan Terusiknya warga Rempang dan warga Kalimantan demi konglomerat layaknya melihat tentara Israel memopor anak Palestine yang hanya memegang batu demi pertahankan hak atas tanah leluhur. Tapi kabur melihat  KKB. BANCI.,,id,Melihat fakta   Km50  Korban Mei 2019 130 mati di Kanjuruhan Terusiknya warga Rempang dan warga Kalimantan demi konglomerat layaknya melihat tentara Israel memopor anak Palestine yang hanya memegang batu demi pertahankan hak atas tanah leluhur. Tapi kabur melihat  KKB. BANCI.,False,40,True
"Bismillah  MasyaAllah Tabaraqallah 😍 Indah nya Pulau Rempang dan Galang.  Pulau begini cantik bisa rusaklah jika ada pabrik kaca, astaghfirullah 😔 Tenggelam nanti pulaunya, habis pasirnya di keruk bikin kaca!!  Rusak nanti alam nih.. Hadeh... Otak dimana otak‼️  #SaveRempang https://t.co/Yc3FiXp4Xd",,id,"Bismillah  MasyaAllah Tabaraqallah  Indah nya Pulau Rempang dan Galang.  Pulau begini cantik bisa rusaklah jika ada pabrik kaca, astaghfirullah  Tenggelam nanti pulaunya, habis pasirnya di keruk bikin kaca!!  Rusak nanti alam nih.. Hadeh... Otak dimana otak   #SaveRempang https   t.co Yc3FiXp4Xd",False,39,True
"@QianzyZ @prabowo Yang didapat anda ternyata mendukung jokowi tidak hanya bergabung di kabinet nya, bahkan hingga saat ini pun anda tetap menyokong penuh program program jokowi.  Bukan kita anti jokowi, tp apakah program jokowi itu pro rakyat? Rempang, import massive disaat panen, UU ciptaker, dll",,id,"@QianzyZ @prabowo Yang didapat anda ternyata mendukung jokowi tidak hanya bergabung di kabinet nya, bahkan hingga saat ini pun anda tetap menyokong penuh program program jokowi.  Bukan kita anti jokowi, tp apakah program jokowi itu pro rakyat? Rempang, import massive disaat panen, UU ciptaker, dll",False,45,True
putri ariani kades keras kdrt lesti x please petualangan sherina 2 angel eyes kepsek megumi perokok fisip ui bocah ice cold es krimnya taka gaji rempang niki ciuman pagi-pagi irene dante kiko cctv cilacap cpns gojo mba nana ✨Outer Wanita Premium https://t.co/tpXDwCJHV1 https://t.co/4yzRiamJ7T,,id,putri ariani kades keras kdrt lesti x please petualangan sherina 2 angel eyes kepsek megumi perokok fisip ui bocah ice cold es krimnya taka gaji rempang niki ciuman pagi-pagi irene dante kiko cctv cilacap cpns gojo mba nana Outer Wanita Premium https   t.co tpXDwCJHV1 https   t.co 4yzRiamJ7T,False,42,True
"Menteri ATR/BPN menjelaskan di DPR bahwa penduduk Pulau Rempang, Batam, yang akan direlokasi tidak punya sertifikat tanah. Betulkah negara memiliki tanah ? Siapa pemilik tanah di negara Indonesia? #Opini #AdadiKompas   https://t.co/kZBIppUgqF",,id,"Menteri ATR BPN menjelaskan di DPR bahwa penduduk Pulau Rempang, Batam, yang akan direlokasi tidak punya sertifikat tanah. Betulkah negara memiliki tanah ? Siapa pemilik tanah di negara Indonesia? #Opini #AdadiKompas   https   t.co kZBIppUgqF",False,32,True
"@AndiSinulingga Melayu dan Papua saudara. Tapi, dgn kelakukan Bahlil sebagai makelar investadi dan project besar yg  wakili"" pemerintah, keluar kata kesal dan jengkel dari  kawan2 Melayu, "" eh Bahlil kamu orang papua tak paham Melayu"" kata tokoh masy Rempang.""",,id,"@AndiSinulingga Melayu dan Papua saudara. Tapi, dgn kelakukan Bahlil sebagai makelar investadi dan project besar yg  wakili  pemerintah, keluar kata kesal dan jengkel dari  kawan2 Melayu,   eh Bahlil kamu orang papua tak paham Melayu  kata tokoh masy Rempang.",False,38,True
"Inilah yg saya twittkan sejak awal tragedi rempang muncul,gaungkan secara internasional. Ini juga yg saya twittkan ke rekan perjuangan pulau komodo untuk menggaungkan secara internasional https://t.co/dmBS9fwNqJ",,id,"Inilah yg saya twittkan sejak awal tragedi rempang muncul,gaungkan secara internasional. Ini juga yg saya twittkan ke rekan perjuangan pulau komodo untuk menggaungkan secara internasional https   t.co dmBS9fwNqJ",False,28,True
Menteri @bahlillahadalia terus membuat terobosan guna membantu warga yg terdampak proyek rempang eco city dengan perkuat keterampilan warga.  @liputan6dotcom  @tribunnews  Bahlil Kawal Investasi  #HIPMIRempang https://t.co/QfmJwU4kLn,,id,Menteri @bahlillahadalia terus membuat terobosan guna membantu warga yg terdampak proyek rempang eco city dengan perkuat keterampilan warga.  @liputan6dotcom  @tribunnews  Bahlil Kawal Investasi  #HIPMIRempang https   t.co QfmJwU4kLn,False,26,True
"@Humairah_922 @tonichan157 Mendo'akan orang yang menzalimi rakyat,bangsa &amp  negaranya ndiri hukumnya sunnah yang terlupakan,mosok jual2 asset negara,rakyat digusur spt menggusur ayam? Demi investasi china? Smw serba china, bukan rempang doang tp jg desa seruyan di kaltim,rakyat justru ditembak sampe mati https://t.co/GRVsF06Z2S",,id,"@Humairah_922 @tonichan157 Mendo akan orang yang menzalimi rakyat,bangsa  amp  negaranya ndiri hukumnya sunnah yang terlupakan,mosok jual2 asset negara,rakyat digusur spt menggusur ayam? Demi investasi china? Smw serba china, bukan rempang doang tp jg desa seruyan di kaltim,rakyat justru ditembak sampe mati https   t.co GRVsF06Z2S",False,46,True
"@SoftWarNews yg penting kita tau, pendukung agressor dari kelompok mana, termasuk mereka yg mendukung penjajahan di rempang, seruyan, dan bungkam atas kematian 135+ arek malang.   mereka org dan kelompok yg sama.",,id,"@SoftWarNews yg penting kita tau, pendukung agressor dari kelompok mana, termasuk mereka yg mendukung penjajahan di rempang, seruyan, dan bungkam atas kematian 135  arek malang.   mereka org dan kelompok yg sama.",False,31,True
"REMPANG SDG DIHANCURKAN OLH SITUA BANGKA LUHUT BINSAR PENJAJAH BANGSA SENDIRI, YG TDK TAHU DIRI DAN TAK TAHU MALU, DIGAJI OLH RAKYAT MENGABDI PADA CINA   KAPOLRI FAHAM HUKUM TAPI MEMPERMAINKAN RAKYAT MENDUKUNG PARA PENJAJAH BANGSA SENDIRI https://t.co/kdYJC4Zmdx",,de,"REMPANG SDG DIHANCURKAN OLH SITUA BANGKA LUHUT BINSAR PENJAJAH BANGSA SENDIRI, YG TDK TAHU DIRI DAN TAK TAHU MALU, DIGAJI OLH RAKYAT MENGABDI PADA CINA   KAPOLRI FAHAM HUKUM TAPI MEMPERMAINKAN RAKYAT MENDUKUNG PARA PENJAJAH BANGSA SENDIRI https   t.co kdYJC4Zmdx",False,38,True
Inikah gambaran negara agraria yang gak berdaulat pangan karena tidak bisa mengoptimalkan produktifitas pertaniannya ?   Urusan perut jgn diperlakukan kaya org rempang lah yg udah lama hidup disana tiba2 suruh pindah lokasi 🤪  https://t.co/p7hbIZWhbX,,id,Inikah gambaran negara agraria yang gak berdaulat pangan karena tidak bisa mengoptimalkan produktifitas pertaniannya ?   Urusan perut jgn diperlakukan kaya org rempang lah yg udah lama hidup disana tiba2 suruh pindah lokasi    https   t.co p7hbIZWhbX,False,33,True
"@tvOneNews Warga Rempang Persis Hidup dlm Penjajahan Kolonial Belanda dan VOC,cuma bedanya Rempah-rempah dan skr Invetasi sebagai kedok Penjajahan dan itu akan berlanjut ke daerah lain di Indonesia... https://t.co/WmVwgKLoAx",,id,"@tvOneNews Warga Rempang Persis Hidup dlm Penjajahan Kolonial Belanda dan VOC,cuma bedanya Rempah-rempah dan skr Invetasi sebagai kedok Penjajahan dan itu akan berlanjut ke daerah lain di Indonesia... https   t.co WmVwgKLoAx",False,30,True
HIPMI Mendorong Pembangunan Rempang Eco Park Himpunan Pengusaha Muda Indonesia (HIPMI) dengan penuh semangat mendukung investasi dalam proyek Rempang Eco Park. Bahlil Kawal Investasi #HIPMIRempang https://t.co/uFPgNiOwBJ,,id,HIPMI Mendorong Pembangunan Rempang Eco Park Himpunan Pengusaha Muda Indonesia  HIPMI  dengan penuh semangat mendukung investasi dalam proyek Rempang Eco Park. Bahlil Kawal Investasi #HIPMIRempang https   t.co uFPgNiOwBJ,False,27,True
"@Malika6027 Jd keinget ada kasus penghinaan ayat alquran sbelum naik pilkada DKI, skrg ada kasus rempang... semesta mendukung, panjang umur org baik, smoga ind lebih baik dg adanya perubahan,,, at least anak cucu gw hidupnya nanti tenang ga aneh2 kyk skrg",,id,"@Malika6027 Jd keinget ada kasus penghinaan ayat alquran sbelum naik pilkada DKI, skrg ada kasus rempang... semesta mendukung, panjang umur org baik, smoga ind lebih baik dg adanya perubahan,,, at least anak cucu gw hidupnya nanti tenang ga aneh2 kyk skrg",False,41,True
"@Okta_Roza @tijabar masa? pura2 memperjuangkan Pancasila, ujung2nya khilafuck kan?? nih contohnya saat kisruh di pulau rempang. gk usah nipu di balik agama. saya tanya negara mana yg makmur dengan penerapan khilafuck?? sebutkan satu saja. https://t.co/GWjsTTB3hj",,id,"@Okta_Roza @tijabar masa? pura2 memperjuangkan Pancasila, ujung2nya khilafuck kan?? nih contohnya saat kisruh di pulau rempang. gk usah nipu di balik agama. saya tanya negara mana yg makmur dengan penerapan khilafuck?? sebutkan satu saja. https   t.co GWjsTTB3hj",False,35,True
"@aminudinarif69 @Catatan_ali7 Tukang mebel yang suka bohong klo omong sll terbalik,sll ingkar janji, jual pasir laut,IKN DIJUAL DGN HGB 190TH+BEBAS PAJAK 30TH,REMPANG DIJUAL,RAKYAT SERUYAN MINTA HAK 20% HGU YANG DIJANJIKAN JUSTRU DITEMBAK DGN PELURU TAJAM,WADAS JG MSH BLOM BERES,begini kok PD merapat https://t.co/ouc9kuzSf7",,id,"@aminudinarif69 @Catatan_ali7 Tukang mebel yang suka bohong klo omong sll terbalik,sll ingkar janji, jual pasir laut,IKN DIJUAL DGN HGB 190TH BEBAS PAJAK 30TH,REMPANG DIJUAL,RAKYAT SERUYAN MINTA HAK 20  HGU YANG DIJANJIKAN JUSTRU DITEMBAK DGN PELURU TAJAM,WADAS JG MSH BLOM BERES,begini kok PD merapat https   t.co ouc9kuzSf7",False,50,True
@IND0_Update @mediaindonesia @indozonemedia DPR memberikan apresiasi atas kinerja pak Bahlil yang menggandeng masyarakat dalam proyek eco city. Kerjasama yang baik akan memajukan pembangunan daerah Rempang Aman #DukungBahlil,,id,@IND0_Update @mediaindonesia @indozonemedia DPR memberikan apresiasi atas kinerja pak Bahlil yang menggandeng masyarakat dalam proyek eco city. Kerjasama yang baik akan memajukan pembangunan daerah Rempang Aman #DukungBahlil,False,26,True
"DPR optimis , dan menaruh kepercayaan yang besar untuk selalu #DukungBahlil  karena akibat pendekatan Menteri Bahlil yg down to earth membuat Rempang Aman dan bisa menpercepat investasi Rempang Eco City https://t.co/A96PJPvKlj",,id,"DPR optimis , dan menaruh kepercayaan yang besar untuk selalu #DukungBahlil  karena akibat pendekatan Menteri Bahlil yg down to earth membuat Rempang Aman dan bisa menpercepat investasi Rempang Eco City https   t.co A96PJPvKlj",False,31,True
"dengan bantuan yang hipmi berikan yaitu peningkatan keterampilan, maka warga lokal rempang akan memperoleh kesempatan lebih dalam penyerapan kerja dengan Investasi yang Bahlil Kawal ini #HIPMIRempang https://t.co/8OUFP7LNMo",,id,"dengan bantuan yang hipmi berikan yaitu peningkatan keterampilan, maka warga lokal rempang akan memperoleh kesempatan lebih dalam penyerapan kerja dengan Investasi yang Bahlil Kawal ini #HIPMIRempang https   t.co 8OUFP7LNMo",False,28,True
"Ada beberapa hal yang menjadi alasan besarnya dukungan untuk bahlil terkait  percepatan Rempang Eco City lantaran beberapa hal. Salah satunya adalah Menteri Bahlil menggunakan pendekatan yang ‘down to earth’, membumi, melebur dan menggunakan bahasa yang merakyat. #DukungBahlil https://t.co/1z7yPQyuPw",,id,"Ada beberapa hal yang menjadi alasan besarnya dukungan untuk bahlil terkait  percepatan Rempang Eco City lantaran beberapa hal. Salah satunya adalah Menteri Bahlil menggunakan pendekatan yang  down to earth , membumi, melebur dan menggunakan bahasa yang merakyat. #DukungBahlil https   t.co 1z7yPQyuPw",False,39,True
"@tvOneNews Yg bilang Pak Anies cuman omong doang ditanya data ga ada. Sini” kita kasih contoh noh Rempang. Amdal blm ada, sertifikat hpl Batam blm ada, tiba” dlm waktu yg sangat kilat udah jadi PSN. Sosialisasi ga ada, tiba” dah main gusur aja 😂 Disinilah kadang letak sisi gelap PSN wkwkwk",,id,"@tvOneNews Yg bilang Pak Anies cuman omong doang ditanya data ga ada. Sini  kita kasih contoh noh Rempang. Amdal blm ada, sertifikat hpl Batam blm ada, tiba  dlm waktu yg sangat kilat udah jadi PSN. Sosialisasi ga ada, tiba  dah main gusur aja  Disinilah kadang letak sisi gelap PSN wkwkwk",False,50,True
"Hipmi dan Menteri Investasi Bahlil Lahadalia menggandeng tangan untuk membawa keberkahan investasi Rempang ke masyarakat. Dengan peningkatan keterampilan, kami membuka pintu kesempatan bagi semua. Bahlil Kawal Investasi #HIPMIRempang https://t.co/LP96lfhe5H",,id,"Hipmi dan Menteri Investasi Bahlil Lahadalia menggandeng tangan untuk membawa keberkahan investasi Rempang ke masyarakat. Dengan peningkatan keterampilan, kami membuka pintu kesempatan bagi semua. Bahlil Kawal Investasi #HIPMIRempang https   t.co LP96lfhe5H",False,30,True
Siapa pun pemilik perusahaan yg akan mendirikan usaha di Rempang WAJIB DI CABUT IJIN USAHANYA.  TDK ADA KONSESI DIMANA ADA RAKYATNYA YG MENOLAK...   DARIPADA DICABUT NYAWA LBH BAIK CABUT IJIN USAHANYA  https://t.co/L6oZqGe2vl,,id,Siapa pun pemilik perusahaan yg akan mendirikan usaha di Rempang WAJIB DI CABUT IJIN USAHANYA.  TDK ADA KONSESI DIMANA ADA RAKYATNYA YG MENOLAK...   DARIPADA DICABUT NYAWA LBH BAIK CABUT IJIN USAHANYA  https   t.co L6oZqGe2vl,False,33,True
"@HusinShihab Sin sin karena jadi penjilat dan benci banget sama orang yang tdk sejalan,  koq jadi tambah dungu ya komennya. Biasakan membaca dan mendengarkan biar tdk jadi fitnah. Masalah PSN (IKN, Kereta cepat, Rempang) itu sudah jelas banyak titipan dan bancakan korupsi.",,id,"@HusinShihab Sin sin karena jadi penjilat dan benci banget sama orang yang tdk sejalan,  koq jadi tambah dungu ya komennya. Biasakan membaca dan mendengarkan biar tdk jadi fitnah. Masalah PSN  IKN, Kereta cepat, Rempang  itu sudah jelas banyak titipan dan bancakan korupsi.",False,42,True
"Bismillah,  Rezim Jokowi sgt Afkir &amp  Kadaluarsa, Terlalu banyak issu &amp  kasus di negeri ini &amp  jd konsumsi rakyat yg arahnya perpecahan, hanya hitungan bulan saja issu rezim jokowi bikin tak tenang negeri ini, mulai cawe-cawe, rempang, kerja politis kpk dlm soal korupsi,dll, dll.",,id,"Bismillah,  Rezim Jokowi sgt Afkir  amp  Kadaluarsa, Terlalu banyak issu  amp  kasus di negeri ini  amp  jd konsumsi rakyat yg arahnya perpecahan, hanya hitungan bulan saja issu rezim jokowi bikin tak tenang negeri ini, mulai cawe-cawe, rempang, kerja politis kpk dlm soal korupsi,dll, dll.",False,44,True
"@psi_id Tahun depan lengser, masih saja ngumpulin relawan. Buat apa coba ? Mending urus rakyat rempang yang digusur karena proyek PSN mu, atau rakyat dayak yang kemaren tertembak mati.",,id,"@psi_id Tahun depan lengser, masih saja ngumpulin relawan. Buat apa coba ? Mending urus rakyat rempang yang digusur karena proyek PSN mu, atau rakyat dayak yang kemaren tertembak mati.",False,27,True
"terima kasih kami ucapkan kepda bapak Kabaintelkam Polri yang telah ngasih bantuan sembako kepda kami, warga relokasi Rempang Batam... ibu Dedi, istri Bapak Dedi Yunhar... Hamas Gaza Hujan https://t.co/NrY0S8474f https://t.co/cQPW34wfQW",,id,"terima kasih kami ucapkan kepda bapak Kabaintelkam Polri yang telah ngasih bantuan sembako kepda kami, warga relokasi Rempang Batam... ibu Dedi, istri Bapak Dedi Yunhar... Hamas Gaza Hujan https   t.co NrY0S8474f https   t.co cQPW34wfQW",False,32,True
"@tvOneNews Lah prilaku preman rezim yg memulai &amp  mencontohkan di Rempang. Tanpa AMDAL &amp  MoU yg sdh kadaluwarsa, hak rakyat atas tempat tinggal diusir paksa melalui tangan aparat &amp  tentara🤔",,id,"@tvOneNews Lah prilaku preman rezim yg memulai  amp  mencontohkan di Rempang. Tanpa AMDAL  amp  MoU yg sdh kadaluwarsa, hak rakyat atas tempat tinggal diusir paksa melalui tangan aparat  amp  tentara",False,30,True
"@Dededarmamuh @strike_bravo_b Populer sih populer, tapi ya cuma di wilayah basis NU doang sekarang, gak kek dulu yang emang se Indonesia.  Sejak Rempang malah orang orang Melayu pada mau hantam pala dia. Belum blunder lainnya.  Andai NU sekritis Muhammadiyah...",,id,"@Dededarmamuh @strike_bravo_b Populer sih populer, tapi ya cuma di wilayah basis NU doang sekarang, gak kek dulu yang emang se Indonesia.  Sejak Rempang malah orang orang Melayu pada mau hantam pala dia. Belum blunder lainnya.  Andai NU sekritis Muhammadiyah...",False,38,True
"@HusinShihab @Abu_Nafstami Masyarakat awam ga sebodoh kau sin, Kita tahu banget apa maksud pak Anies ttg PSN titipan, itu rempang contohnya, investasi swasta tp lebih galak pemerintah ke rakyat, bukannya bela hak2 rakyat malah bela investor asing, tega mengusir rakyat dari tanahnya demi seorang Tomi winata",,id,"@HusinShihab @Abu_Nafstami Masyarakat awam ga sebodoh kau sin, Kita tahu banget apa maksud pak Anies ttg PSN titipan, itu rempang contohnya, investasi swasta tp lebih galak pemerintah ke rakyat, bukannya bela hak2 rakyat malah bela investor asing, tega mengusir rakyat dari tanahnya demi seorang Tomi winata",False,45,True
"Ahh kata siapa. Bagi saya, korban warga sipil, di Palestina, Israel, Ukraina, Russia, Papua, Rempang, Seruyan, Papua, warga korban gusuran di Jakarta itu sama pentingnya. Nyawa warga sipil tidak boleh jadi korban buat negaranya.",,id,"Ahh kata siapa. Bagi saya, korban warga sipil, di Palestina, Israel, Ukraina, Russia, Papua, Rempang, Seruyan, Papua, warga korban gusuran di Jakarta itu sama pentingnya. Nyawa warga sipil tidak boleh jadi korban buat negaranya.",False,34,True
Sebenarnya ada pejabat sangat dekat sama investor china masih bersikukuh ke pulau rempang karena fee cukup besar..Sedangkan pulau rempang itu perlu dilestarikan krn itu kekayaan alam dari Tuhan  https://t.co/KFVoaAr3WR,,id,Sebenarnya ada pejabat sangat dekat sama investor china masih bersikukuh ke pulau rempang karena fee cukup besar..Sedangkan pulau rempang itu perlu dilestarikan krn itu kekayaan alam dari Tuhan  https   t.co KFVoaAr3WR,False,31,True
Pelatihan kewirausahaan untuk masyarakat Rempang bisa disesuaikan dengan kemauan dan potensi yang ada di sana. HIPMI siap membantu masyarakat Rempang. @aniesbaswedan @DPP_PKB  Bahlil Kawal Investasi  #HIPMIRempang https://t.co/CZa4yALYPp,,id,Pelatihan kewirausahaan untuk masyarakat Rempang bisa disesuaikan dengan kemauan dan potensi yang ada di sana. HIPMI siap membantu masyarakat Rempang. @aniesbaswedan @DPP_PKB  Bahlil Kawal Investasi  #HIPMIRempang https   t.co CZa4yALYPp,False,27,True
*VIRALKAN 📢📢📢* Selamat *Untuk  Fahri  Lubis  dan Team  Advokasi Untuk Rempang🙏 dengan Berhasil  Membawa Permasalahan Rempang Ke Perserikatan Bangsa Bangsa (PBB )  Kini Rempang Sudah Menjadi Sorotan Dunia👍🇲🇨🇲🇨 Power Of Allah* https://t.co/AFodEZhnZe,,id,VIRALKAN   Selamat  Untuk  Fahri  Lubis  dan Team  Advokasi Untuk Rempang dengan Berhasil  Membawa Permasalahan Rempang Ke Perserikatan Bangsa Bangsa  PBB    Kini Rempang Sudah Menjadi Sorotan Dunia Power Of Allah  https   t.co AFodEZhnZe,False,31,True
"@savicali Aku biasa aja, Cak Lha gak ada terobosan berarti kok Tlg tanyakan ke semua capres - cawapres yg ada nantinya terkait omnibus law, Rempang, perpanjangan masa jabatan komisioner KPK, soal twk KPK n Kanjuruhan",,id,"@savicali Aku biasa aja, Cak Lha gak ada terobosan berarti kok Tlg tanyakan ke semua capres - cawapres yg ada nantinya terkait omnibus law, Rempang, perpanjangan masa jabatan komisioner KPK, soal twk KPK n Kanjuruhan",False,33,True
"@tempodotco Itu perjuangkan saudara kita yg dirempang yg mau di usir dari tanah kelahirannya,oleh israel2 yg serumpun di indonesia yg mereka menjabat di negri ini,perjuangkan rakyat rempang itu yg utama saudara setan ah air,satu agama🤔🤔🤔",,id,"@tempodotco Itu perjuangkan saudara kita yg dirempang yg mau di usir dari tanah kelahirannya,oleh israel2 yg serumpun di indonesia yg mereka menjabat di negri ini,perjuangkan rakyat rempang itu yg utama saudara setan ah air,satu agama",False,38,True
Kepastian hak-hak masyarakat Pulau Rempang diharapkan dapat terealisasi dengan cepat demi kesejahteraan dan kenyamanan rakyat. Kita doakan semoga pemenuhan hak masyarakat Pulau Rempang dapat berjalan lancar menuju masyarakat yang adil dan sejahtera. Aamiin YRA https://t.co/T4zvDcHeO6,,id,Kepastian hak-hak masyarakat Pulau Rempang diharapkan dapat terealisasi dengan cepat demi kesejahteraan dan kenyamanan rakyat. Kita doakan semoga pemenuhan hak masyarakat Pulau Rempang dapat berjalan lancar menuju masyarakat yang adil dan sejahtera. Aamiin YRA https   t.co T4zvDcHeO6,False,35,True
@titaniumarse @fransisca_ning wumao model @fransisca_ning ini kalo kita kritis sama RRC akan dibelokin sama dia kalo kita pro USA. Gw rasa @aditya_ptr97 temen2 dia jg. Cuitan akun bodong dia jadiin kesimpulan peran besar USA di rempang hadeeeuuuhhh,,id,@titaniumarse @fransisca_ning wumao model @fransisca_ning ini kalo kita kritis sama RRC akan dibelokin sama dia kalo kita pro USA. Gw rasa @aditya_ptr97 temen2 dia jg. Cuitan akun bodong dia jadiin kesimpulan peran besar USA di rempang hadeeeuuuhhh,False,34,True
"Belum tuntasnya penyelesaian konflik agraria yang terjadi di Pulau Rempang mendapat perhatian masyarakat. Di satu sisi, publik tetap memandang pentingnya aspek keberlangsungan investasi. @RanggaEkaSakti1 #Survei #AdadiKompas  https://t.co/o2rQi58Pi4",,id,"Belum tuntasnya penyelesaian konflik agraria yang terjadi di Pulau Rempang mendapat perhatian masyarakat. Di satu sisi, publik tetap memandang pentingnya aspek keberlangsungan investasi. @RanggaEkaSakti1 #Survei #AdadiKompas  https   t.co o2rQi58Pi4",False,28,True
Kami kompak untuk mendukung investasi berkelanjutan! Terima kasih Menteri Bahlil atas peran krusial dalam memantau proyek Rempang Eco Park. https://t.co/BQayMG89tL @aniesbaswedan  Bahlil Kawal Investasi #HIPMIRempang,,id,Kami kompak untuk mendukung investasi berkelanjutan! Terima kasih Menteri Bahlil atas peran krusial dalam memantau proyek Rempang Eco Park. https   t.co BQayMG89tL @aniesbaswedan  Bahlil Kawal Investasi #HIPMIRempang,False,26,True
"@PDI_Perjuangan Apa? Pembela wong cilik? kM 50, Wadas, Rempang, semua ttg nistanya jadi wong cilik yg ditindas penguasa dan Mahfud ikut menginjak mereka dengan legal opionnya. Jangan mengolok-olok hukum dengan menyebutnya sebagai pendekar hukum ya!",,id,"@PDI_Perjuangan Apa? Pembela wong cilik? kM 50, Wadas, Rempang, semua ttg nistanya jadi wong cilik yg ditindas penguasa dan Mahfud ikut menginjak mereka dengan legal opionnya. Jangan mengolok-olok hukum dengan menyebutnya sebagai pendekar hukum ya!",False,33,True
Sinergi dan kolaborasi antara #HIPMIRempang dan pemerintah diharapkan akan menghasilkan hasil positif untuk proyek investasi Rempang dan apresiasi untuk Bahlil Kawal Investasi  #HIPMIRempang  https://t.co/Jj7Yfzzxwl https://t.co/5LEPkWcSRS,,id,Sinergi dan kolaborasi antara #HIPMIRempang dan pemerintah diharapkan akan menghasilkan hasil positif untuk proyek investasi Rempang dan apresiasi untuk Bahlil Kawal Investasi  #HIPMIRempang  https   t.co Jj7Yfzzxwl https   t.co 5LEPkWcSRS,False,27,True
"Seorang Menteri,alangkah indah &amp  sejuk jk beliau bertutur santun,penuh persuasi &amp  motivasi ditengah nasib warga Rempang yg bingung &amp  penuh ketidak-pastian akan nasibny  krn  P.Rempang tanpa sepemgetahuan mrk di 2001 tlh dialhkan ke Taipan TW..@DrEvaChaniago https://t.co/boq1N5fFDt",,id,"Seorang Menteri,alangkah indah  amp  sejuk jk beliau bertutur santun,penuh persuasi  amp  motivasi ditengah nasib warga Rempang yg bingung  amp  penuh ketidak-pastian akan nasibny  krn  P.Rempang tanpa sepemgetahuan mrk di 2001 tlh dialhkan ke Taipan TW..@DrEvaChaniago https   t.co boq1N5fFDt",False,38,True
Justru yg harus diusut itu apa dasar Hukumnya Aparat gabungan turun ke #Rempang tempo hari secara arogan mengintimidasi &amp  menyerang Masyarakat #Rempang yg hingga detik ini masih menolak Relokasi/penggeseran atau bahasa Hantu Belau apalah dari Penguasa Bahlul. https://t.co/TesmQXoa24,,id,Justru yg harus diusut itu apa dasar Hukumnya Aparat gabungan turun ke #Rempang tempo hari secara arogan mengintimidasi  amp  menyerang Masyarakat #Rempang yg hingga detik ini masih menolak Relokasi penggeseran atau bahasa Hantu Belau apalah dari Penguasa Bahlul. https   t.co TesmQXoa24,False,40,True
"Sebutan Preman atau pemberontak bagi  warga yg membela hak nya ini biasa di ucapan VOC ..❓  Bahlil Tolak Bebaskan Warga Rempang: Kalau Dibiarkan, Negara Kita Jadi Negara Preman https://t.co/3I8MsSGPGF",,id,"Sebutan Preman atau pemberontak bagi  warga yg membela hak nya ini biasa di ucapan VOC ..  Bahlil Tolak Bebaskan Warga Rempang  Kalau Dibiarkan, Negara Kita Jadi Negara Preman https   t.co 3I8MsSGPGF",False,29,True
@Indonesiaguyub @KompasTV Wapres ora mutu. Rakyat indonesia gk goblok. Dia yg selama ini merem terhadap pelanggaran HAM termasuk rempang. Malah menyalahkan penduduk Rempang yg notabene sudah jadi masyarakat adat turun temurun.,,id,@Indonesiaguyub @KompasTV Wapres ora mutu. Rakyat indonesia gk goblok. Dia yg selama ini merem terhadap pelanggaran HAM termasuk rempang. Malah menyalahkan penduduk Rempang yg notabene sudah jadi masyarakat adat turun temurun.,False,31,True
Kinerja pak Bahlil yang melibatkan masyarakat dalam proyek eco city mendapatkan penghargaan dari DPR. Keberlanjutan proyek ini adalah prioritas kami Rempang Aman #DukungBahlil https://t.co/X7ZoCUwqsJ,,id,Kinerja pak Bahlil yang melibatkan masyarakat dalam proyek eco city mendapatkan penghargaan dari DPR. Keberlanjutan proyek ini adalah prioritas kami Rempang Aman #DukungBahlil https   t.co X7ZoCUwqsJ,False,25,True
"Menyokong investasi, membangun masa depan! HIPMI memberikan apresiasi kepada Menteri Bahlil yang gigih mengawal proyek Rempang Eco Park. @jokowi  Bahlil Kawal Investasi #HIPMIRempang https://t.co/cVxhWJ7Gim",,id,"Menyokong investasi, membangun masa depan! HIPMI memberikan apresiasi kepada Menteri Bahlil yang gigih mengawal proyek Rempang Eco Park. @jokowi  Bahlil Kawal Investasi #HIPMIRempang https   t.co cVxhWJ7Gim",False,25,True
"@kanda__S41D Tragedi Rempang baru slh satu bukti, blm bukti2 yg lain bhw Indonesia sdh dikuwasi oligarki china melalui jongo2nya. Maka jika Bangsa ini berteriak selamatkan Indonesia, pertanyaannya: mana buktinya ?? Sedih rasanya rakyat bawah yg sdh tak berdaya.",,id,"@kanda__S41D Tragedi Rempang baru slh satu bukti, blm bukti2 yg lain bhw Indonesia sdh dikuwasi oligarki china melalui jongo2nya. Maka jika Bangsa ini berteriak selamatkan Indonesia, pertanyaannya  mana buktinya ?? Sedih rasanya rakyat bawah yg sdh tak berdaya.",False,36,True
"Saya dukung terus langkah pak Bahlil, apalagi soal berikan hak kepada warga rempang yang terdampak. prabowo @Gerindra @kompascom @corbuzier Bahlil Kawal Investasi  #HIPMIRempang https://t.co/EkdoirjPPr",,id,"Saya dukung terus langkah pak Bahlil, apalagi soal berikan hak kepada warga rempang yang terdampak. prabowo @Gerindra @kompascom @corbuzier Bahlil Kawal Investasi  #HIPMIRempang https   t.co EkdoirjPPr",False,25,True
"katanya demokrasi itu kedaulatan berasal dari rakyat, untuk rakyat, oleh rakyat. tapi nyatanya apa yg terjadi pada #Rempang ?Bukan rakyat yang berdaulat, tetapi pemilik modal yang berdaulat. Negara dipakai sebagai alat untuk mencapai kepentingan ekonomi dan politik mereka",,id,"katanya demokrasi itu kedaulatan berasal dari rakyat, untuk rakyat, oleh rakyat. tapi nyatanya apa yg terjadi pada #Rempang ?Bukan rakyat yang berdaulat, tetapi pemilik modal yang berdaulat. Negara dipakai sebagai alat untuk mencapai kepentingan ekonomi dan politik mereka",False,38,True
"@Dennysiregar7 @Yusrilihza_Mhd Baru nyadar ya Hukum di kangkangi..hahaha Udah Lama Tapi Kemaren2 Soal Rempang,Wadas kok diem giliran soal yg berhungan dg Jalannya ganjar karena khawatir anak pak lurah d calonkan Kok ribut ya.hahah",,id,"@Dennysiregar7 @Yusrilihza_Mhd Baru nyadar ya Hukum di kangkangi..hahaha Udah Lama Tapi Kemaren2 Soal Rempang,Wadas kok diem giliran soal yg berhungan dg Jalannya ganjar karena khawatir anak pak lurah d calonkan Kok ribut ya.hahah",False,32,True
Himpunan Pengusaha Muda Indonesia (Hipmi) memberikan perhatian besar terhadap investasi Rempang Eco City yang terus dikawal oleh Menteri Investasi Bahlil Lahadalia sejak awal hingga saat ini dan siap membantu menyukseskan investasi ini. #HIPMIRempang https://t.co/OFs5JYaun2,,id,Himpunan Pengusaha Muda Indonesia  Hipmi  memberikan perhatian besar terhadap investasi Rempang Eco City yang terus dikawal oleh Menteri Investasi Bahlil Lahadalia sejak awal hingga saat ini dan siap membantu menyukseskan investasi ini. #HIPMIRempang https   t.co OFs5JYaun2,False,35,True
Bahlil Kawal Investasi #HIPMIRempang  HIPMI memberikan perhatian besar terhadap investasi Rempang Eco City yang terus dikawal oleh Menteri Investasi Lahadalia sejak awal hingga saat ini dan siap membantu menyukseskan investasi ini. Intinya investasi di Rempang ini menjanjikan. https://t.co/J1ribErNnC,,id,Bahlil Kawal Investasi #HIPMIRempang  HIPMI memberikan perhatian besar terhadap investasi Rempang Eco City yang terus dikawal oleh Menteri Investasi Lahadalia sejak awal hingga saat ini dan siap membantu menyukseskan investasi ini. Intinya investasi di Rempang ini menjanjikan. https   t.co J1ribErNnC,False,39,True
"@asom_naniura @kakilangitimur @__SudutPandang @muchlis_ar @emerson_yuntho Yg punya tanah boleh dong bertahan atau ambil paksa tanahnya, yg dirampas secara tidak sah itu. Meski dg jalan perang skalipun.  Yaaa macem  di Rempang itu...",,id,"@asom_naniura @kakilangitimur @__SudutPandang @muchlis_ar @emerson_yuntho Yg punya tanah boleh dong bertahan atau ambil paksa tanahnya, yg dirampas secara tidak sah itu. Meski dg jalan perang skalipun.  Yaaa macem  di Rempang itu...",False,27,True
"@AmaniLalaland tanah tak bertuan"" dari hongkong... pemukim Palestina itu punya Surat Tanah .. sama aja kau sama Luhut/Jokowi... warga rempang tak punya sertifikat tanah ... layak diusir 🤢🤮 asli mau muntah gua https://t.co/VRDSDTQPLI""",,id,@AmaniLalaland tanah tak bertuan  dari hongkong... pemukim Palestina itu punya Surat Tanah .. sama aja kau sama Luhut Jokowi... warga rempang tak punya sertifikat tanah ... layak diusir    asli mau muntah gua https   t.co VRDSDTQPLI,False,32,True
"Keputusan ikhlas dan tanpa paksaan dari warga Rempang untuk relokasi adalah contoh nyata dari semangat komunitas yang kuat. Bersama, mereka membangun pondasi ekonomi yang kokoh untuk Rempang #WargaDukung  Rempang Eco City https://t.co/p3iPXFVhrI",,id,"Keputusan ikhlas dan tanpa paksaan dari warga Rempang untuk relokasi adalah contoh nyata dari semangat komunitas yang kuat. Bersama, mereka membangun pondasi ekonomi yang kokoh untuk Rempang #WargaDukung  Rempang Eco City https   t.co p3iPXFVhrI",False,33,True
"LBP, JKW, MULDOKO,BAHLIL HARUS BERTANGGUNG JAWAB TERHADAP KONFLIK PULAU REMPANG.  Persekongkolan Jahat ‘Investasi Bodong’ Xinyi Grup Asal China Diungkap NCW: Adanya Dugaan Korupsi dan Pengaturan Nilai Investasi 👇👇👇👇 https://t.co/tH5Le68Myb",,id,"LBP, JKW, MULDOKO,BAHLIL HARUS BERTANGGUNG JAWAB TERHADAP KONFLIK PULAU REMPANG.  Persekongkolan Jahat  Investasi Bodong  Xinyi Grup Asal China Diungkap NCW  Adanya Dugaan Korupsi dan Pengaturan Nilai Investasi  https   t.co tH5Le68Myb",False,30,True
@PartaiSocmed Bukan yg teratas tapi salah satu dr yg ada di atas.  Konsorsium mereka membuka waralaba. Bayar sekitar 3M kita bisa dapet satu situs plus jaminan keamanan dr penggerebekan dan perlindungan² lainnya  Clue: rempang,,id,@PartaiSocmed Bukan yg teratas tapi salah satu dr yg ada di atas.  Konsorsium mereka membuka waralaba. Bayar sekitar 3M kita bisa dapet satu situs plus jaminan keamanan dr penggerebekan dan perlindungan² lainnya  Clue  rempang,False,34,True
"@tvOneNews @G03NT03R_ Masih ingat ? HOAX video emak2 yg marah &amp  menangis saat penertiban warung remang², dikemas diberitakan seolah kejadian di rempang. Cara licik &amp  biadab utk diskreditkan Pem. Salahkah klo rkyat mnilai inilah aslinya GENG BAJINGAN !!",,id,"@tvOneNews @G03NT03R_ Masih ingat ? HOAX video emak2 yg marah  amp  menangis saat penertiban warung remang², dikemas diberitakan seolah kejadian di rempang. Cara licik  amp  biadab utk diskreditkan Pem. Salahkah klo rkyat mnilai inilah aslinya GENG BAJINGAN !!",False,35,True
"HIPMI yakin investasi Rempang akan membawa dampak positif besar bagi ekonomi nasional dan daerah. Dengan keyakinan ini, kita bersama mendukung agar proyek ini sukses dan masyarakat sekitar dapat merasakan manfaatnya. #HIPMIRempang Bahlil Kawal Investasi https://t.co/ZtZu1pEafJ",,id,"HIPMI yakin investasi Rempang akan membawa dampak positif besar bagi ekonomi nasional dan daerah. Dengan keyakinan ini, kita bersama mendukung agar proyek ini sukses dan masyarakat sekitar dapat merasakan manfaatnya. #HIPMIRempang Bahlil Kawal Investasi https   t.co ZtZu1pEafJ",False,36,True
"@Dennysiregar7 Kalo dituding niat menyerang, ya mending itu dilakukan dengan 'menyiram bensin' waktu momen-momen krisis saat Covid, Omnibus law &amp  Rempang kemarin.  Tetapi apa faktanya di setiap momen kritis begitu? Justru bersikap sebaliknya, di setiap momentum kritis seperti itu, SELALU…",,id,"@Dennysiregar7 Kalo dituding niat menyerang, ya mending itu dilakukan dengan  menyiram bensin  waktu momen-momen krisis saat Covid, Omnibus law  amp  Rempang kemarin.  Tetapi apa faktanya di setiap momen kritis begitu? Justru bersikap sebaliknya, di setiap momentum kritis seperti itu, SELALU",False,39,True
"@ArieMutyara Baru muncul si janda. Masalah rakyat zionis israel sangat peka, sgt peduli.  Eeh... masalah rakyat Rempang-Galang buta bin tuli.  Nama ini di catat ya dalam sejarah kalian.",,id,"@ArieMutyara Baru muncul si janda. Masalah rakyat zionis israel sangat peka, sgt peduli.  Eeh... masalah rakyat Rempang-Galang buta bin tuli.  Nama ini di catat ya dalam sejarah kalian.",False,27,True
"@DrEvaChaniago Si Bandit Itam ngomongin org Preman, padahal dia sendiri yg pake Preman utk menghadang anak²/adik² HMI yg demo masalah Rempang. Dasar Bangsat Itam.",,id,"@DrEvaChaniago Si Bandit Itam ngomongin org Preman, padahal dia sendiri yg pake Preman utk menghadang anak² adik² HMI yg demo masalah Rempang. Dasar Bangsat Itam.",False,25,True
Hendrick Lewerissa anggota komisi VI DPR sangat menyetujui langkah yang dilakukan oleh menteri Bahlil Kawal Investasi terkait warga yang terkena dampak Rempang eco city #HIPMIRempang https://t.co/Kvs0jVV5mv,,id,Hendrick Lewerissa anggota komisi VI DPR sangat menyetujui langkah yang dilakukan oleh menteri Bahlil Kawal Investasi terkait warga yang terkena dampak Rempang eco city #HIPMIRempang https   t.co Kvs0jVV5mv,False,27,True
"Ribut soal MK Rempang diem diem d caplok Bbm naek yg akan berimbas k harga bahan pokok adem Dan bnyk daerah dlm kasus plus pejabat korup makin leluasa jarah  🇮🇩 NKRI harga mati !!! Toosss✋️☕️✌️ https://t.co/d51wdNmrJD""",,id,Ribut soal MK Rempang diem diem d caplok Bbm naek yg akan berimbas k harga bahan pokok adem Dan bnyk daerah dlm kasus plus pejabat korup makin leluasa jarah   NKRI harga mati !!! Toosss https   t.co d51wdNmrJD,False,33,True
"@BSbukit @anton_harjo Warga melayu pun pendatang di rempang. Sebelum jembatan balerang jadi di tahun 98, pulang  itu sedikit yg tinggal dan semuanya rumah liar. Entah kenapa sekarang jadi banyak dan tetap saja semuanya tidak punya sertifikat tanah karena mereka menempati tanah yg bukan milik mereka",,id,"@BSbukit @anton_harjo Warga melayu pun pendatang di rempang. Sebelum jembatan balerang jadi di tahun 98, pulang  itu sedikit yg tinggal dan semuanya rumah liar. Entah kenapa sekarang jadi banyak dan tetap saja semuanya tidak punya sertifikat tanah karena mereka menempati tanah yg bukan milik mereka",False,44,True
Berupaya memberikan layanan terbaik bagi pertumbuhan indonesia dalam jangka panjang. DPR Dukung Upaya Bahlil Berikan Hak Warga Terdampak Proyek Rempang Eco City  https://t.co/WIcUQ3lKPz Bahlil Kawal Investasi  #HIPMIRempang,,id,Berupaya memberikan layanan terbaik bagi pertumbuhan indonesia dalam jangka panjang. DPR Dukung Upaya Bahlil Berikan Hak Warga Terdampak Proyek Rempang Eco City  https   t.co WIcUQ3lKPz Bahlil Kawal Investasi  #HIPMIRempang,False,28,True
@tempodotco Bener kata pak Jokowi dan sebaiknya kata beliau di sampaikan ke presiden Indonesia..agar kondisikan dulu Seruyan dan Rempang...baru bicara perang Palestina dan Israel..,,id,@tempodotco Bener kata pak Jokowi dan sebaiknya kata beliau di sampaikan ke presiden Indonesia..agar kondisikan dulu Seruyan dan Rempang...baru bicara perang Palestina dan Israel..,False,26,True
"terima kasih kmi ucapkan kepada bapak Kabaintelkam Polri yg telah memberikan bantuan sembako kepada kmi, wrga relokasi Rempang Batam... ibuk Dedi, isteri Bapak Dedi Yunhar... Hamas Gaza Hujan https://t.co/3YGwgbUApx https://t.co/G60roPeIKM",,id,"terima kasih kmi ucapkan kepada bapak Kabaintelkam Polri yg telah memberikan bantuan sembako kepada kmi, wrga relokasi Rempang Batam... ibuk Dedi, isteri Bapak Dedi Yunhar... Hamas Gaza Hujan https   t.co 3YGwgbUApx https   t.co G60roPeIKM",False,32,True
@geloraco Bahlil alias bahlul lebih baik henti kan aja ambisi jelek nya bahlil dan jkw.ngotot mau bikin proyek di pulau Rempang kalian enak dapat uang P nya Rakyat Rempang yg menanggung penderitaan nya seumur hidup,,id,@geloraco Bahlil alias bahlul lebih baik henti kan aja ambisi jelek nya bahlil dan jkw.ngotot mau bikin proyek di pulau Rempang kalian enak dapat uang P nya Rakyat Rempang yg menanggung penderitaan nya seumur hidup,False,33,True
"Mantap !!! Indonesia semakin melangkah, Sinergi dan kolaborasi antara Hipmi dan pemerintah @bahlillahadalia diyakini akan membawa dampak positif bagi investasi di Rempang. @detikcom Bahlil Kawal Investasi  #HIPMIRempang  https://t.co/Bmrawczw2w",,id,"Mantap !!! Indonesia semakin melangkah, Sinergi dan kolaborasi antara Hipmi dan pemerintah @bahlillahadalia diyakini akan membawa dampak positif bagi investasi di Rempang. @detikcom Bahlil Kawal Investasi  #HIPMIRempang  https   t.co Bmrawczw2w",False,28,True
"@geloraco Pemilu itu jg bkn untung rugi, yg penting dapat pemimpin hebat. Harusnya. Kita habis triliunan rupiah unt pemilu itu tidak untuk dapat pemimpin yg cm pintar berkelit. Rugi, rakyat di bawa2. Knp unt Rempang tdk berpikir yg sama unt melayani rakyat? Knp hrs ada rakyat yg didzalimi?",,id,"@geloraco Pemilu itu jg bkn untung rugi, yg penting dapat pemimpin hebat. Harusnya. Kita habis triliunan rupiah unt pemilu itu tidak untuk dapat pemimpin yg cm pintar berkelit. Rugi, rakyat di bawa2. Knp unt Rempang tdk berpikir yg sama unt melayani rakyat? Knp hrs ada rakyat yg didzalimi?",False,48,True
"@OposisiCerdas IKN, KCIC .... jgn malah pura2 bego.... Rempang saja ngapain ada tentara dan polisi ngusir rakyat dari tanah mereka klo tanpa ada titipan cina2 bangsat itu",,id,"@OposisiCerdas IKN, KCIC .... jgn malah pura2 bego.... Rempang saja ngapain ada tentara dan polisi ngusir rakyat dari tanah mereka klo tanpa ada titipan cina2 bangsat itu",False,26,True
Kita harus berterima kasih kepada menteri Bahlil yg berhasil meyakinkan warga rempang bahwa investasi Rempang Eco City akan berdampak positif terhadap ekonomi warga setempat.  Bahlil Kawal Investasi  #HIPMIRempang,,id,Kita harus berterima kasih kepada menteri Bahlil yg berhasil meyakinkan warga rempang bahwa investasi Rempang Eco City akan berdampak positif terhadap ekonomi warga setempat.  Bahlil Kawal Investasi  #HIPMIRempang,False,28,True
"Asik seorang menteri pkai cara preman, sampai² seorang menteri sewa preman untuk bubarkan aksi HMI yg bela rempang gmn yg lainnya ya ada yg buzzer Rp untuk menjatuhkan lwn politik nya ada pkt elit kekuasaan nya untuk menyingkirkan rakyat nya seperti polisi TNI KPK kejaksaan dll",,id,"Asik seorang menteri pkai cara preman, sampai² seorang menteri sewa preman untuk bubarkan aksi HMI yg bela rempang gmn yg lainnya ya ada yg buzzer Rp untuk menjatuhkan lwn politik nya ada pkt elit kekuasaan nya untuk menyingkirkan rakyat nya seperti polisi TNI KPK kejaksaan dll",False,46,True
"@nizaminz @tempodotco Lah terus Mau Lu siapa ? Hansip gitu ? Aneh juga pemikiran Lu, mereka TNi Polri itu ya melaksanakan tugasnya sebagai Pengamanan, justru itu agar Halal gajinya mereka karena Bekerja sesuai bidangnya, coba gimana kalo gada yg ngamanin ? Bisa hancur lebur tuh Rempang, kacau Balau",,id,"@nizaminz @tempodotco Lah terus Mau Lu siapa ? Hansip gitu ? Aneh juga pemikiran Lu, mereka TNi Polri itu ya melaksanakan tugasnya sebagai Pengamanan, justru itu agar Halal gajinya mereka karena Bekerja sesuai bidangnya, coba gimana kalo gada yg ngamanin ? Bisa hancur lebur tuh Rempang, kacau Balau",False,45,True
"Masyaakat kita ini ky gini: Jgn komen ttg israel vs palestina, kejauhan."" ""Jgn ikut2an komen ttg papua. Itu cm politik.' 'Jgn sok tau ttg rempang. Bkn urusanmu."" ""Jgn ikut campur urusan kdrt rumah lain."" Smp ada mayat tetangganya udah bau. ""Jgn kepo. Urus diri sendiri aja.""""",,id,"Masyaakat kita ini ky gini  Jgn komen ttg israel vs palestina, kejauhan.   Jgn ikut2an komen ttg papua. Itu cm politik.   Jgn sok tau ttg rempang. Bkn urusanmu.   Jgn ikut campur urusan kdrt rumah lain.  Smp ada mayat tetangganya udah bau.  Jgn kepo. Urus diri sendiri aja.",False,46,True
Buku Librari Ori - Haji Murad https://t.co/7qZDsgk7CV WR 1 Batik Air Kapolsek #AniesMuhaimin2024 Rempang Jenglot Al Kahfi #HongKongOpen2023 Putri KW Kamis Narnia https://t.co/d6RmxZ2xJM https://t.co/wBH1PTY8AP,,id,Buku Librari Ori - Haji Murad https   t.co 7qZDsgk7CV WR 1 Batik Air Kapolsek #AniesMuhaimin2024 Rempang Jenglot Al Kahfi #HongKongOpen2023 Putri KW Kamis Narnia https   t.co d6RmxZ2xJM https   t.co wBH1PTY8AP,False,25,True
@OposisiCerdas Kalian sendiri yg preman uang P nya sudah di terima oleh bahlil dan jkw Rp3.6 T maka nya dia ngotot mau menggusur Rakyat Rempang dan sekarang semua kejahatan bahlil sudah di ketahwi publik,,id,@OposisiCerdas Kalian sendiri yg preman uang P nya sudah di terima oleh bahlil dan jkw Rp3.6 T maka nya dia ngotot mau menggusur Rakyat Rempang dan sekarang semua kejahatan bahlil sudah di ketahwi publik,False,31,True
"@BiLLRaY2019 Jangan pilih yg suka bagi² sembako,,krn pasti modalnya dari oligarki,,nanti stlh berkuasa mrk akan berusaha balikin modal,trus main proyek,akibatnya bbm mahal,pendidikan,kesehatan smakin mahal,keadilan makin sulit didapat,warga wadas,rempang adlh bukti nyata...waspadalah",,id,"@BiLLRaY2019 Jangan pilih yg suka bagi² sembako,,krn pasti modalnya dari oligarki,,nanti stlh berkuasa mrk akan berusaha balikin modal,trus main proyek,akibatnya bbm mahal,pendidikan,kesehatan smakin mahal,keadilan makin sulit didapat,warga wadas,rempang adlh bukti nyata...waspadalah",False,39,True
"Dlm mendukung investasi proyek Rempang Eco Park, pak Bahlil Kawal Investasi dan HIMPI yg berkolaborasi dgn pemerintah siap untuk menjngkatkan keterampilan masyarakat Rempang setempat #HIPMIRempang https://t.co/ZTIAynBWBQ",,id,"Dlm mendukung investasi proyek Rempang Eco Park, pak Bahlil Kawal Investasi dan HIMPI yg berkolaborasi dgn pemerintah siap untuk menjngkatkan keterampilan masyarakat Rempang setempat #HIPMIRempang https   t.co ZTIAynBWBQ",False,27,True
"Ya seperti kita ketahui Abu Janda ini ada di kubu PS dan KIM (Koalisi Indonesia Maju). Apakah ini merepresentasikan pandangan koalisi? Pro zionis, pro penjajahan.  Jadi gmn nasib Rempang, Wadas, Seruyan, dan tanah2 rakyat yg sedang dijajah di negeri sndr klo terpilih?  #AMIN2024",,id,"Ya seperti kita ketahui Abu Janda ini ada di kubu PS dan KIM  Koalisi Indonesia Maju . Apakah ini merepresentasikan pandangan koalisi? Pro zionis, pro penjajahan.  Jadi gmn nasib Rempang, Wadas, Seruyan, dan tanah2 rakyat yg sedang dijajah di negeri sndr klo terpilih?  #AMIN2024",False,43,True
Investasi Bodong ...???🤔 Jadi bagaimana nasib masyarakat Rempang ... #kepri #batam #melayu #SaveRempang  Persekongkolan Jahat ‘Investasi Bodong’ Xinyi Grup Asal China Diungkap NCW: Adanya Dugaan Korupsi dan Pengaturan Nilai Investasi https://t.co/21fEJQHKpA,,id,Investasi Bodong ...???  Jadi bagaimana nasib masyarakat Rempang ... #kepri #batam #melayu #SaveRempang  Persekongkolan Jahat  Investasi Bodong  Xinyi Grup Asal China Diungkap NCW  Adanya Dugaan Korupsi dan Pengaturan Nilai Investasi https   t.co 21fEJQHKpA,False,30,True
"Kasus Rempang ini secara logika TDK masuk akal di musim politik ini di munculkan, jelas2 pasti merugikan dr sisi politiknya utk capres dan partai politik, blom menjadi bahan lawan politik utk mencari simpati..politik itu kan mencari simpati sebanyaknya.. ntahlah ada apa sbnrnya..",,id,"Kasus Rempang ini secara logika TDK masuk akal di musim politik ini di munculkan, jelas2 pasti merugikan dr sisi politiknya utk capres dan partai politik, blom menjadi bahan lawan politik utk mencari simpati..politik itu kan mencari simpati sebanyaknya.. ntahlah ada apa sbnrnya..",False,43,True
Pembangunan PSN Rempang Eco City dinilai dilakukan secara terburu-buru. Warga diminta meninggalkan kampungnya sementara pembangunan rumah relokasi belum dimulai dan dokumen amdal masih dalam penyusunan. #Nusantara #AdadiKompas  https://t.co/vIXLbMO8XB,,id,Pembangunan PSN Rempang Eco City dinilai dilakukan secara terburu-buru. Warga diminta meninggalkan kampungnya sementara pembangunan rumah relokasi belum dimulai dan dokumen amdal masih dalam penyusunan. #Nusantara #AdadiKompas  https   t.co vIXLbMO8XB,False,28,True
"@IND0_Update @MataNajwa @Metro_TV @tvOneNews Keberlanjutan investasi Rempang adalah hasil dari dedikasi Pak Bahlil dlm merangkul warga &amp  UMKM sebagai rekan penting dalam proses pembangunan. Dengan pendekatan inklusif ini, proyek ini menjadi contoh inspiratif bagi investasi di Indonesia. #HIPMIRempang Bahlil Kawal Investasi",,id,"@IND0_Update @MataNajwa @Metro_TV @tvOneNews Keberlanjutan investasi Rempang adalah hasil dari dedikasi Pak Bahlil dlm merangkul warga  amp  UMKM sebagai rekan penting dalam proses pembangunan. Dengan pendekatan inklusif ini, proyek ini menjadi contoh inspiratif bagi investasi di Indonesia. #HIPMIRempang Bahlil Kawal Investasi",False,39,True
"Keberlangsungan investasi di Rempang dinilai penting. Namun, publik juga menyoroti pentingnyamengedepankan aspek hak asasi manusia tanpa ada kekerasan dalam penyelesaian konflik di sana. #Survei #AdadiKompas   https://t.co/isCFJ6EZWe",,id,"Keberlangsungan investasi di Rempang dinilai penting. Namun, publik juga menyoroti pentingnyamengedepankan aspek hak asasi manusia tanpa ada kekerasan dalam penyelesaian konflik di sana. #Survei #AdadiKompas   https   t.co isCFJ6EZWe",False,27,True
"@Naz_lira Korupsi Kolusi Nepotisme ternyata Kerja Kerja Nyata mereka yang gak merasa takut sedikitpun akan segala macam pelanggaran Undang2 &amp  Hukum di NKRI ini.  Apakabar kasus2 semua korupsi, Kematian Harun Al Rasyid, 6 Syuhada, 600 anggota KPPS, perebutan lahan (Rempang dsb),,?",,id,"@Naz_lira Korupsi Kolusi Nepotisme ternyata Kerja Kerja Nyata mereka yang gak merasa takut sedikitpun akan segala macam pelanggaran Undang2  amp  Hukum di NKRI ini.  Apakabar kasus2 semua korupsi, Kematian Harun Al Rasyid, 6 Syuhada, 600 anggota KPPS, perebutan lahan  Rempang dsb ,,?",False,39,True
"Bahlil adalah citra arogansi pemerintah terhadap rakyat di Rempang, banyak pihak yg dibohongi termasuk presiden kalau proyek Eco city sudah memiliki ijin (AMDAL), padahal belum jadi dibuat, PB Batam diharap jangan maksa rakyat untuk relokasi, ECO city adalah bentuk penjajahan.",,id,"Bahlil adalah citra arogansi pemerintah terhadap rakyat di Rempang, banyak pihak yg dibohongi termasuk presiden kalau proyek Eco city sudah memiliki ijin  AMDAL , padahal belum jadi dibuat, PB Batam diharap jangan maksa rakyat untuk relokasi, ECO city adalah bentuk penjajahan.",False,40,True
Memang strategi Pak Bahlil Kawal Investasi di Rempang ini keren sekali. Warga pun pasti juga menyambutnya dengan sukarela pula. Sukses ya pak. #HIPMIRempang https://t.co/S8zWzuOnsK,,id,Memang strategi Pak Bahlil Kawal Investasi di Rempang ini keren sekali. Warga pun pasti juga menyambutnya dengan sukarela pula. Sukses ya pak. #HIPMIRempang https   t.co S8zWzuOnsK,False,25,True
"@joko_maryadi Contohnya, pabrik kaca panel Surya dan Eco city yg akan dibangun di Rempang, itu distempel proyek strategis Nasional, pdahal bukan punya Pemerintah/BUMN, 16 desa harus digusur...Opo kwe mudeng dul... Bedul... Kwi contone dul, ojo mung ngeyel, nyerang pribadi ning plonga plongo.",,id,"@joko_maryadi Contohnya, pabrik kaca panel Surya dan Eco city yg akan dibangun di Rempang, itu distempel proyek strategis Nasional, pdahal bukan punya Pemerintah BUMN, 16 desa harus digusur...Opo kwe mudeng dul... Bedul... Kwi contone dul, ojo mung ngeyel, nyerang pribadi ning plonga plongo.",False,43,True
@kompascom Eco city investor terbesar di Rempang apa yg diuntungkan untuk negara selama ini tdk pernah terungkap pd masyarakat ya?. Kalau di Vietnam jelas comtohnya ppn selama paling sedikit 10th..pedapatan investor selama 20 th 85% tdk boleh diambil dibawa keluar negeri,,id,@kompascom Eco city investor terbesar di Rempang apa yg diuntungkan untuk negara selama ini tdk pernah terungkap pd masyarakat ya?. Kalau di Vietnam jelas comtohnya ppn selama paling sedikit 10th..pedapatan investor selama 20 th 85  tdk boleh diambil dibawa keluar negeri,False,42,True
"Kapan TNI-Polri akan melindungi rakyatnya ? Koq bisa Pajak Rakyat (APBN) digunakan untuk GAJI, PERALATAN PERANG DAN FASILITAS POLRI, malah TNI-Polri dgn kejam dan bengis memukuli rakyat Rempang tuk kepentingan TW dan RRC? #UsutSkandalKejahatanLuhut  #UsutSkandalKejahatanLuhut https://t.co/PRFO5ePLWl",,id,"Kapan TNI-Polri akan melindungi rakyatnya ? Koq bisa Pajak Rakyat  APBN  digunakan untuk GAJI, PERALATAN PERANG DAN FASILITAS POLRI, malah TNI-Polri dgn kejam dan bengis memukuli rakyat Rempang tuk kepentingan TW dan RRC? #UsutSkandalKejahatanLuhut  #UsutSkandalKejahatanLuhut https   t.co PRFO5ePLWl",False,34,True
"Kekhawatiran yang menyelimuti penduduk Pulau Rempang belum padam.   Sebab, Badan Pengusahaan (BP) Batam tetap melanjutkan rencana relokasi penduduk yang terkena dampak pembangunan Rempang Eco-City.  #KoranTempo  https://t.co/DUF5lIpbpc",,id,"Kekhawatiran yang menyelimuti penduduk Pulau Rempang belum padam.   Sebab, Badan Pengusahaan  BP  Batam tetap melanjutkan rencana relokasi penduduk yang terkena dampak pembangunan Rempang Eco-City.  #KoranTempo  https   t.co DUF5lIpbpc",False,26,True
"Bismillah  Kemerdekaan mana yg di dapat Warga Rempang jika mereka terusir dari Tanah Nenek Moyang Mereka.  Kemerdekaan apa yg didapat Warga Rempang jika yg berjuang demi mempertahankan Kampung Tua, malah ditangkap &amp  dijadikan tersangka!!  Indonesiaku 😔  #BebaskanBangLong https://t.co/e6yPFjfDRh",,id,"Bismillah  Kemerdekaan mana yg di dapat Warga Rempang jika mereka terusir dari Tanah Nenek Moyang Mereka.  Kemerdekaan apa yg didapat Warga Rempang jika yg berjuang demi mempertahankan Kampung Tua, malah ditangkap  amp  dijadikan tersangka!!  Indonesiaku   #BebaskanBangLong https   t.co e6yPFjfDRh",False,38,True
"@tempodotco Untuk pelabuhan di rempang sepertinya tidak akan pernah masuk ke pantai pulau kecil mereka, jadi tidak akan berdampak pada terumbu karang pulau kecil mereka, dampak hanya sekitar pelabuhan yang di bangun saja. Ini provokator kok hobi membodohi rakyat ya, terlalu ...",,id,"@tempodotco Untuk pelabuhan di rempang sepertinya tidak akan pernah masuk ke pantai pulau kecil mereka, jadi tidak akan berdampak pada terumbu karang pulau kecil mereka, dampak hanya sekitar pelabuhan yang di bangun saja. Ini provokator kok hobi membodohi rakyat ya, terlalu ...",False,41,True
"@OposisiCerdas yg 2 periode lalu,berarti g masuk kategori itu dong? digertak G DIUTANGI lg aja ciut! mknya,tanah tumpah darah RAKYAT REMPANG berani dikorbanin!klo pemimpin bernyali n g ciut digertak,g mgkn bela2in perusahaan dr negeri penggertak itu kan? yg berani BATALkan proyek cukong siapa?",,id,"@OposisiCerdas yg 2 periode lalu,berarti g masuk kategori itu dong? digertak G DIUTANGI lg aja ciut! mknya,tanah tumpah darah RAKYAT REMPANG berani dikorbanin!klo pemimpin bernyali n g ciut digertak,g mgkn bela2in perusahaan dr negeri penggertak itu kan? yg berani BATALkan proyek cukong siapa?",False,41,True
Di sisi lain warga juga sangat bersyukur atas pembangunan Rempang eco city karna adanya lapangan pekerjaan untuk masyarakat dan bisa meningkatkan skill Bahlil Kawal Investasi #HIPMIRempang https://t.co/fZgN0bm4ae,,id,Di sisi lain warga juga sangat bersyukur atas pembangunan Rempang eco city karna adanya lapangan pekerjaan untuk masyarakat dan bisa meningkatkan skill Bahlil Kawal Investasi #HIPMIRempang https   t.co fZgN0bm4ae,False,28,True
"Kami mengapresiasi Menteri @bahlillahadalia yg telah beberapa kali turun langsung ke Rempang melakukan pendekatan humanis ke warga, smpai akhirnya warga setujui &amp  ikut mendukung investasi lanjut, @jokowi Bahlil Kawal Investasi  #HIPMIRempang https://t.co/VQZofCuOkx",,id,"Kami mengapresiasi Menteri @bahlillahadalia yg telah beberapa kali turun langsung ke Rempang melakukan pendekatan humanis ke warga, smpai akhirnya warga setujui  amp  ikut mendukung investasi lanjut, @jokowi Bahlil Kawal Investasi  #HIPMIRempang https   t.co VQZofCuOkx",False,33,True
"#HIPMIRempang berkomitmen untuk berkolaborasi dengan pemerintah dalam meningkatkan keterampilan penduduk Rempang melalui pelatihan, menawarkan lebih banyak peluang kerja didukung dengan Bahlil Kawal Investasi  #HIPMIRempang  https://t.co/SfRPKiOuHJ https://t.co/ttjUWohJCm",,id,"#HIPMIRempang berkomitmen untuk berkolaborasi dengan pemerintah dalam meningkatkan keterampilan penduduk Rempang melalui pelatihan, menawarkan lebih banyak peluang kerja didukung dengan Bahlil Kawal Investasi  #HIPMIRempang  https   t.co SfRPKiOuHJ https   t.co ttjUWohJCm",False,28,True
"@tempodotco Tanyakan ke Bu Mentri .. Setiap pertanyaan yang ruwet bin mumet, atau menyangkut nyawa Rakyatnya.. Seorang presiden seolah tidak mampu menjawabnya.. 🫠 Contohnya: Kanjuruhan               rempang https://t.co/wKEqpMM7Q9",,id,"@tempodotco Tanyakan ke Bu Mentri .. Setiap pertanyaan yang ruwet bin mumet, atau menyangkut nyawa Rakyatnya.. Seorang presiden seolah tidak mampu menjawabnya..   Contohnya  Kanjuruhan               rempang https   t.co wKEqpMM7Q9",False,26,True
"Luar biasa, banyak pihak yang mendukung penuh pembangunan proyek Rempang Eco City. Pasalnya, terdapat banyak manfaat yang akan dirasakan oleh Indonesia, khususnya warga di Pulau Rempang. Bahlil Kawal Investasi  #HIPMIRempang https://t.co/Z5ZRO64A6S",,id,"Luar biasa, banyak pihak yang mendukung penuh pembangunan proyek Rempang Eco City. Pasalnya, terdapat banyak manfaat yang akan dirasakan oleh Indonesia, khususnya warga di Pulau Rempang. Bahlil Kawal Investasi  #HIPMIRempang https   t.co Z5ZRO64A6S",False,32,True
"@Dennysiregar7 @officialMKRI Bukannya tujuannya emang keributan Den? Biasanya pengalihan isue apa gitu, misal biar masyarakat lupa REMPANG atau SERUYAN. Atau biar Dito Cs ga lagi terbahas. Atau KCJB yg kosong penumpang ga terlihat. Wkwk",,id,"@Dennysiregar7 @officialMKRI Bukannya tujuannya emang keributan Den? Biasanya pengalihan isue apa gitu, misal biar masyarakat lupa REMPANG atau SERUYAN. Atau biar Dito Cs ga lagi terbahas. Atau KCJB yg kosong penumpang ga terlihat. Wkwk",False,34,True
"@slamet_nasib @RagilSemar Bpk kau lah yg kau puji puji jokowidodo ngutang ke China  tanah rakyat dijual ke China, konflik di rempang tdk ada persatuan umat islam demo bela warga muslim rempang 👎👎👎👎👎🖕🖕🖕",,id,"@slamet_nasib @RagilSemar Bpk kau lah yg kau puji puji jokowidodo ngutang ke China  tanah rakyat dijual ke China, konflik di rempang tdk ada persatuan umat islam demo bela warga muslim rempang",False,30,True
Ssstts..! Bahlil Ungkap Peran Tomy Winata di Proyek Rempang  Selasa Siang Whoosh APBN Prabowo Takut Debat Dear J Kades Laos Perokok Amanda Manopo KLIK LINKNYA Sekarang Congratulations Jennie Jodie Hamil Miftah Caknan #AniesMuhaimin2024 #TembakauDizalimi https://t.co/1358jgVY7q,,id,Ssstts..! Bahlil Ungkap Peran Tomy Winata di Proyek Rempang  Selasa Siang Whoosh APBN Prabowo Takut Debat Dear J Kades Laos Perokok Amanda Manopo KLIK LINKNYA Sekarang Congratulations Jennie Jodie Hamil Miftah Caknan #AniesMuhaimin2024 #TembakauDizalimi https   t.co 1358jgVY7q,False,35,True
"DPR menaruh optimisme, kepercayaan besar kepada Menteri Bahlil dalam upaya rempang aman dan sekaligus memberi masukan dan dukungan penting kepada Menteri Bahlil terkait investasi di Rempang. Selain itu, apa yang dilakukan Bahlil pun layak jadi percontohan ke depan. #DukungBahlil https://t.co/Sm1z5gJ1Zo",,id,"DPR menaruh optimisme, kepercayaan besar kepada Menteri Bahlil dalam upaya rempang aman dan sekaligus memberi masukan dan dukungan penting kepada Menteri Bahlil terkait investasi di Rempang. Selain itu, apa yang dilakukan Bahlil pun layak jadi percontohan ke depan. #DukungBahlil https   t.co Sm1z5gJ1Zo",False,41,True
"justru negara ini semakin HANCUR"" kalau otak pejabatnya seperti bedebah ini!  Bahlil Tolak Bebaskan Warga Rempang: Kalau Dibiarkan, Negara Kita Jadi Negara Preman https://t.co/7ryAQq22UT""",,id,"justru negara ini semakin HANCUR  kalau otak pejabatnya seperti bedebah ini!  Bahlil Tolak Bebaskan Warga Rempang  Kalau Dibiarkan, Negara Kita Jadi Negara Preman https   t.co 7ryAQq22UT",False,25,True
Lama saya duduk berbicara dengan bang burhan sore itu.  Saya bertanya apa rasanya memenjarakan mantan Gubernur pak ismeth om?  Dan apa rasanya menjadi maestro perlawanan rempang? Beliau jawab panggilan hati 😆,,id,Lama saya duduk berbicara dengan bang burhan sore itu.  Saya bertanya apa rasanya memenjarakan mantan Gubernur pak ismeth om?  Dan apa rasanya menjadi maestro perlawanan rempang? Beliau jawab panggilan hati,False,30,True
"Jelas bahwa dengan pelaksanaan pengembangan Kawasan Rempang akan disertai dengan penciptaan banyaknya lapangan pekerjaan, yang mana menjadikan masyarakat sekitar memiliki pendapatan yang meningkat. Bahlil Kawal Investasi  #HIPMIRempang",,id,"Jelas bahwa dengan pelaksanaan pengembangan Kawasan Rempang akan disertai dengan penciptaan banyaknya lapangan pekerjaan, yang mana menjadikan masyarakat sekitar memiliki pendapatan yang meningkat. Bahlil Kawal Investasi  #HIPMIRempang",False,27,True
"@tvOneNews Awalnya Pulau Rempang minta dikosongkan, stlh ditolak berganti menjadi digeser.   Yg menjadi pertanyaan blm terjawab, pulau Rempang luas 17.000 ha: 1. Kenapa pabrik hrs dibangun dipemukiman warga? 2. Kenapa tdk pabriknya yg dibangun diluar pemukiman warga?  Aneh 🤔🤔🤔",,id,"@tvOneNews Awalnya Pulau Rempang minta dikosongkan, stlh ditolak berganti menjadi digeser.   Yg menjadi pertanyaan blm terjawab, pulau Rempang luas 17.000 ha  1. Kenapa pabrik hrs dibangun dipemukiman warga? 2. Kenapa tdk pabriknya yg dibangun diluar pemukiman warga?  Aneh",False,35,True
@BANGSAygSUJUD @Chaves1305 @bengkeldodo @alextham878 @Lembayung071 @Ndons_Back @PaPaBowo_2024 @Ndaxwz @Minietweets_ @mpoklela7 @Kimberley_2024 Waaah.... Bagaimana dengan kasus Rempang boss Apa pantas seorang presiden berbicara seperti ini.dilain tempat banyak Rakyat yg menderita.yg dikatakan sebagai Investasi Namun sebenarnya invasi,,id,@BANGSAygSUJUD @Chaves1305 @bengkeldodo @alextham878 @Lembayung071 @Ndons_Back @PaPaBowo_2024 @Ndaxwz @Minietweets_ @mpoklela7 @Kimberley_2024 Waaah.... Bagaimana dengan kasus Rempang boss Apa pantas seorang presiden berbicara seperti ini.dilain tempat banyak Rakyat yg menderita.yg dikatakan sebagai Investasi Namun sebenarnya invasi,False,29,True
"@fawh2022 @msaid_didu Minimal ada dua orang dari yg diatas sdh bikin rakyat Rempang susah, bikin  beras mahal, minyak goreng sempat hilang, sekolah dan kerja susah. Masih mau percaya?? Gila lu ndro...",,id,"@fawh2022 @msaid_didu Minimal ada dua orang dari yg diatas sdh bikin rakyat Rempang susah, bikin  beras mahal, minyak goreng sempat hilang, sekolah dan kerja susah. Masih mau percaya?? Gila lu ndro...",False,30,True
@SeriDianawati @Gr4sssss @ghezi19 @sabar_setiabudi @Budi6gmail32922 @MOHDAHL01728541 Soal ijazah sembunyi tangan. Soal Utang berpangku tangan. Koruptor kaki tangannya. Soal Rempang lepas tangan. Soal Food estate cuci tangan.   Siapa dia? Pasti Sudah tahu semuanya.,,id,@SeriDianawati @Gr4sssss @ghezi19 @sabar_setiabudi @Budi6gmail32922 @MOHDAHL01728541 Soal ijazah sembunyi tangan. Soal Utang berpangku tangan. Koruptor kaki tangannya. Soal Rempang lepas tangan. Soal Food estate cuci tangan.   Siapa dia? Pasti Sudah tahu semuanya.,False,31,True
"@SyaikhuMochtar Harapan rakyat TNI lbh baik jaga NKRI dari ancaman  pihak asing,bkn seperti kelakuan oknum TNI menyuruh PITING warga Pulau Rempang yg demo mempertahankan tanah milik adat melayu yg sdh mrk huni sejak abad 18,yg akan di gusur rezim penguasa.  TNI bkn jongos pengusaha dan penguasa. https://t.co/65haJp1s2h",,id,"@SyaikhuMochtar Harapan rakyat TNI lbh baik jaga NKRI dari ancaman  pihak asing,bkn seperti kelakuan oknum TNI menyuruh PITING warga Pulau Rempang yg demo mempertahankan tanah milik adat melayu yg sdh mrk huni sejak abad 18,yg akan di gusur rezim penguasa.  TNI bkn jongos pengusaha dan penguasa. https   t.co 65haJp1s2h",False,50,True
"Investasi Rempang Eco City  terus mendapatkan perhatian  dari Himpunan Pengusaha Muda Indonesia (Hipmi) sertapun Pak Bahlil Kawal Investasi tersebut, hal itu guna membantu menyukseskan investasi ini agar bisa berjalan dengan baik dan sesuai harapan #HIPMIRempang https://t.co/gHsfqvtseN",,id,"Investasi Rempang Eco City  terus mendapatkan perhatian  dari Himpunan Pengusaha Muda Indonesia  Hipmi  sertapun Pak Bahlil Kawal Investasi tersebut, hal itu guna membantu menyukseskan investasi ini agar bisa berjalan dengan baik dan sesuai harapan #HIPMIRempang https   t.co gHsfqvtseN",False,37,True
"@JulianiMadinah Jangan lupa  tanah warga melayu Rempang,itu milik mereka sejak abad 18. Lebih Baik Mati Berdiri Daripada Hidup Berlutut. Takkan Hilang Warga Melayu Di Bumi Indonesia. Esa Hilang Dua Terbilang. “Diam kita ditindas, kita harus bergerak utk menyelamatkan Bangsa Negara Indonesia ini” https://t.co/y5QBG3X4Ne",,id,"@JulianiMadinah Jangan lupa  tanah warga melayu Rempang,itu milik mereka sejak abad 18. Lebih Baik Mati Berdiri Daripada Hidup Berlutut. Takkan Hilang Warga Melayu Di Bumi Indonesia. Esa Hilang Dua Terbilang.  Diam kita ditindas, kita harus bergerak utk menyelamatkan Bangsa Negara Indonesia ini  https   t.co y5QBG3X4Ne",False,44,True
"Kasus kampung Rempang itu konsekwensi dari perjanjian hutang-piutang dengan Tiongkok :   Loe pinjem duit ke gue boleh, tapi gue mau investasi di negara loe, di wilayah mana aja yang gue inginkan, gak peduli harus menggusur rakyat loe sendiri""....🤣🤣🤣""",,id,"Kasus kampung Rempang itu konsekwensi dari perjanjian hutang-piutang dengan Tiongkok     Loe pinjem duit ke gue boleh, tapi gue mau investasi di negara loe, di wilayah mana aja yang gue inginkan, gak peduli harus menggusur rakyat loe sendiri ....",False,36,True
"Menteri Bahlil juga konsisten memperjuangkan warga dilibatkan sebagai subjek pembangunan dalam investasi Rempang, sejalan dengan regulasi yang ada bahwa investor harus merangkul mitra usaha lokal (UMKM) dan menyerap tenaga kerja lokal. #HIPMIRempang https://t.co/aPZ8fH7b5Z",,id,"Menteri Bahlil juga konsisten memperjuangkan warga dilibatkan sebagai subjek pembangunan dalam investasi Rempang, sejalan dengan regulasi yang ada bahwa investor harus merangkul mitra usaha lokal  UMKM  dan menyerap tenaga kerja lokal. #HIPMIRempang https   t.co aPZ8fH7b5Z",False,34,True
@HukumDan MCD @McDonalds_ID seharusnya bantu warga #Rempang  ##Wadas &amp  korban2 Pergusuran lain yg terjadi di Indonesia lebih jahat dari Israel vs Hamas. Saya tetap makan Mcd tunggu discnya.. bisa kah mcd buka cabang di Rempang.,,id,@HukumDan MCD @McDonalds_ID seharusnya bantu warga #Rempang  ##Wadas  amp  korban2 Pergusuran lain yg terjadi di Indonesia lebih jahat dari Israel vs Hamas. Saya tetap makan Mcd tunggu discnya.. bisa kah mcd buka cabang di Rempang.,False,34,True
"Ini lagi negeri sendiri. Kita punya hak tanah, tp terusir dr bumi sendiri buat kepentingan saku para penguasa.  Dari wadas, Kinipan, Kendeng, Dago Elos dan Rempang.",,id,"Ini lagi negeri sendiri. Kita punya hak tanah, tp terusir dr bumi sendiri buat kepentingan saku para penguasa.  Dari wadas, Kinipan, Kendeng, Dago Elos dan Rempang.",False,26,True
omeprazole LebihAdem LebihPakbowo imroatus alphard pagiii skck milkuat gilbran guru orang baik pilih orang baik mamat link shopee gofud capres angel eyes cegil renjun hotel sultan fisip ui bocah kpai ibu kota negara rempang  🛒https://t.co/dTeHTprilT https://t.co/l8KcOuGHgl,,id,omeprazole LebihAdem LebihPakbowo imroatus alphard pagiii skck milkuat gilbran guru orang baik pilih orang baik mamat link shopee gofud capres angel eyes cegil renjun hotel sultan fisip ui bocah kpai ibu kota negara rempang  https   t.co dTeHTprilT https   t.co l8KcOuGHgl,False,38,True
"@BosPurwa @faizalassegaf Menjelang pemilu semua NU. Pulau Rempang NU, Wadas NU, Kendang NU. Tapi begitu berkuasa NU nya hilang. Rempang bukan NU, Wadas bukan NU, Kendang bukan NU. Mereka ditindas, seakan yg ditindas bukan warga NU.",,id,"@BosPurwa @faizalassegaf Menjelang pemilu semua NU. Pulau Rempang NU, Wadas NU, Kendang NU. Tapi begitu berkuasa NU nya hilang. Rempang bukan NU, Wadas bukan NU, Kendang bukan NU. Mereka ditindas, seakan yg ditindas bukan warga NU.",False,36,True
Selalu amazed dengan kerja nyata pak Bahlil yang secara langsung ke Pulau Rempang untuk melakukan pendekatan ke warga agar warga mengerti dan secara sukarela pindah ke lokasi baru yang disediakan oleh pemerintah. Mari kita dukung dan kawal inivestasi ini. #HIPMIRempang https://t.co/cT2aqybRhT,,id,Selalu amazed dengan kerja nyata pak Bahlil yang secara langsung ke Pulau Rempang untuk melakukan pendekatan ke warga agar warga mengerti dan secara sukarela pindah ke lokasi baru yang disediakan oleh pemerintah. Mari kita dukung dan kawal inivestasi ini. #HIPMIRempang https   t.co cT2aqybRhT,False,42,True
The Montessori Toddler https://t.co/x9WcC68RPU Putri KW Conjuring 1 Jenglot Kayak Bayi YOSHI BLACK HAIR Narnia #KIMJIWOONG Kapolsek #TXTxDior Arhan Rempang https://t.co/q9TzlKtPV0 https://t.co/T714nP53Fr https://t.co/sJPLA8SpWN,,id,The Montessori Toddler https   t.co x9WcC68RPU Putri KW Conjuring 1 Jenglot Kayak Bayi YOSHI BLACK HAIR Narnia #KIMJIWOONG Kapolsek #TXTxDior Arhan Rempang https   t.co q9TzlKtPV0 https   t.co T714nP53Fr https   t.co sJPLA8SpWN,False,26,True
"@syueb2011 @DeHoutman_id kalau diusir spt model jaman orba, pasti kami dukung warga rempang. tp kan ga ada perampasan lahan model orba? Pasti tukar guling/kompensasi yg menguntungkan. Lihat tuh bbrp waktu lalu rakyat bbrp desa jd milyarder. Dari ribuan jln tol aja, mana ada masalah ganti rugi tanah?",,id,"@syueb2011 @DeHoutman_id kalau diusir spt model jaman orba, pasti kami dukung warga rempang. tp kan ga ada perampasan lahan model orba? Pasti tukar guling kompensasi yg menguntungkan. Lihat tuh bbrp waktu lalu rakyat bbrp desa jd milyarder. Dari ribuan jln tol aja, mana ada masalah ganti rugi tanah?",False,47,True
"Miris, belum kering luka saudara rempang yang dijajah oleh negara sendiri. sudah luka lagi saudara kami di Palestina, yang dijajah israel.  masih banyak negeri - negeri muslim lain yang masih dijajah.",,id,"Miris, belum kering luka saudara rempang yang dijajah oleh negara sendiri. sudah luka lagi saudara kami di Palestina, yang dijajah israel.  masih banyak negeri - negeri muslim lain yang masih dijajah.",False,30,True
"Lah kasus hutang kereta cepat ke cina dan khususnya kasus Rempang untuk investor cina itu bukan penjajahan yang endors pejabat publik?  Untuk masyarakat Luas? Bullshit! Uangnya lari ke kantong kalian-kalian juga, makanya banyak yang nolak. https://t.co/TMAHYog684",,id,"Lah kasus hutang kereta cepat ke cina dan khususnya kasus Rempang untuk investor cina itu bukan penjajahan yang endors pejabat publik?  Untuk masyarakat Luas? Bullshit! Uangnya lari ke kantong kalian-kalian juga, makanya banyak yang nolak. https   t.co TMAHYog684",False,36,True
INGAT  WARGA  REMPANG  USAHA  KAN SI  BAHLUL  MUKA  HITAM  MASUK  PENJARA  GIMANA  PUN  CARA  NYA  !  USAHA  KAN  SI BAHLUL  PENGHIANAT  KKB  ! HANCUR KAN !  HARUS  DI MANDUL  KAN  SEGERA  !  INI  ORANG  SI  BAHLUL  MUSUH RAKYAT  YG  TER BUSUUUK !  PERSIS  D.N AIDIT .( PKI ),,de,INGAT  WARGA  REMPANG  USAHA  KAN SI  BAHLUL  MUKA  HITAM  MASUK  PENJARA  GIMANA  PUN  CARA  NYA  !  USAHA  KAN  SI BAHLUL  PENGHIANAT  KKB  ! HANCUR KAN !  HARUS  DI MANDUL  KAN  SEGERA  !  INI  ORANG  SI  BAHLUL  MUSUH RAKYAT  YG  TER BUSUUUK !  PERSIS  D.N AIDIT .  PKI,False,40,True
"@susipudjiastuti lg pada sibuk projek IKN, Rempang. lebih bikin ""kenyang"";0;0;0;0;in;1508832553704505350;1709187956446277986;BobyGosal;https://twitter.com/BobyGosal/status/1709331698985697612
Tue Oct 03 22:15:53 +0000 2023;1709331463299330518;@abu_waras @SemutMerah2024 Ditunjuk rempang jg pasti ngeles. Manusia itu kl gak ngibul ya ngeles. Dr mulai ijazah, esemka, stop impor, ekonomi meroket, anak gak berpolitik, stop tka, kcic non apbn, ikn non apbn...  Mbelgedhes, nggedabrus""",,id,"@susipudjiastuti lg pada sibuk projek IKN, Rempang. lebih bikin  kenyang  0 0 0 0 in 1508832553704505350 1709187956446277986 BobyGosal https   twitter.com BobyGosal status 1709331698985697612
Tue Oct 03 22 15 53  0000 2023 1709331463299330518 @abu_waras @SemutMerah2024 Ditunjuk rempang jg pasti ngeles. Manusia itu kl gak ngibul ya ngeles. Dr mulai ijazah, esemka, stop impor, ekonomi meroket, anak gak berpolitik, stop tka, kcic non apbn, ikn non apbn...  Mbelgedhes, nggedabrus",False,61,True
UCAPAN TERIMAKASIH DAN HARAPAN WARGA REMPANG YANG SUDAH DI RELOKASI KEPADA BP BATAM  Warga Rempang (Pasir Panjang) yang terdampak Proyek Relokasi kini sudah ditempat dihunian yang nyaman dan layak @Li9ayaTalaChes4  @YLBHI  #NKRI #Rempang #indonesiaterusmaju #RempangGalang https://t.co/93uFuDTPZz,,id,UCAPAN TERIMAKASIH DAN HARAPAN WARGA REMPANG YANG SUDAH DI RELOKASI KEPADA BP BATAM  Warga Rempang  Pasir Panjang  yang terdampak Proyek Relokasi kini sudah ditempat dihunian yang nyaman dan layak @Li9ayaTalaChes4  @YLBHI  #NKRI #Rempang #indonesiaterusmaju #RempangGalang https   t.co 93uFuDTPZz,False,37,True
@Sitampa21656009 @Paltiwest Giliran palestina yg diserang lu jg bacot pasti giliran kyk gini lu sok2 an ngomongin rempang..ehh klo gt lo ga usah jauh2 ngomongin rempang di bekasi noh byk yg bubarin gereja lo dimana???? Ga usah lo sok belain teroris hamas,,id,@Sitampa21656009 @Paltiwest Giliran palestina yg diserang lu jg bacot pasti giliran kyk gini lu sok2 an ngomongin rempang..ehh klo gt lo ga usah jauh2 ngomongin rempang di bekasi noh byk yg bubarin gereja lo dimana???? Ga usah lo sok belain teroris hamas,False,43,True
"@MichelAdam7__ @AndyYan00254926 Rakyat Indonesia semua di suntik - suntikin vaksin covid di suruh Lu....t Rakyat Rempang di Usir- usir di suruh Lu...t  juga  Sekarang Luhut di suruh Bedrest di suruh Yang Maha Kuasa  Manusia cuma bisa berusaha tapi Rencana Allah lebih Indah, dan Manusia tidak berdaya dan upaya",,id,"@MichelAdam7__ @AndyYan00254926 Rakyat Indonesia semua di suntik - suntikin vaksin covid di suruh Lu....t Rakyat Rempang di Usir- usir di suruh Lu...t  juga  Sekarang Luhut di suruh Bedrest di suruh Yang Maha Kuasa  Manusia cuma bisa berusaha tapi Rencana Allah lebih Indah, dan Manusia tidak berdaya dan upaya",False,45,True
"@mantriss siapa kita? termasuk rakyat rempang, wadas? termasuk utangan cina?  TKA? Kenapa kalau nga ada interest kok terus terang cawe cawe? hadeh gimana ni kok omongan sampeyan bertolak belakang ma kenyataan ya?",,id,"@mantriss siapa kita? termasuk rakyat rempang, wadas? termasuk utangan cina?  TKA? Kenapa kalau nga ada interest kok terus terang cawe cawe? hadeh gimana ni kok omongan sampeyan bertolak belakang ma kenyataan ya?",False,32,True
"@CSzipel_ @aniesbaswedan @ganjarpranowo @prabowo Klo diliat dari hasil kerjanya setelah nyelesain masalah di Pulau Rempang, gw yakin aja sih proyek Rempang Aman dan hasilnya akan baik.  #DukungBahlil",,id,"@CSzipel_ @aniesbaswedan @ganjarpranowo @prabowo Klo diliat dari hasil kerjanya setelah nyelesain masalah di Pulau Rempang, gw yakin aja sih proyek Rempang Aman dan hasilnya akan baik.  #DukungBahlil",False,26,True
@elisa_jkt sepakat sis  maput hanya sangar di sosmed SEBELUM dia menjabat menkopolhukam  saat dia menjabat Menkopolhukam... hadoooo  MLEMPEM  intimidasi minoritas rempang kanjuruhan dll termasuk yg cw lawan pemda sumatra kapan hari itu  payah payah,,id,@elisa_jkt sepakat sis  maput hanya sangar di sosmed SEBELUM dia menjabat menkopolhukam  saat dia menjabat Menkopolhukam... hadoooo  MLEMPEM  intimidasi minoritas rempang kanjuruhan dll termasuk yg cw lawan pemda sumatra kapan hari itu  payah payah,False,33,True
"Melanjutkan arahan dari Presiden Joko Widodo, Menko Perekonomian yang juga Ketum Partai Golkar Airlangga Hartarto menegaskan kepada masyarakat Pulau Rempang bahwa pemerintah akan memenuhi hak-hak masyarakat. https://t.co/ZBkmtgEsYI",,id,"Melanjutkan arahan dari Presiden Joko Widodo, Menko Perekonomian yang juga Ketum Partai Golkar Airlangga Hartarto menegaskan kepada masyarakat Pulau Rempang bahwa pemerintah akan memenuhi hak-hak masyarakat. https   t.co ZBkmtgEsYI",False,27,True
"Banyak yg ikut menyerukan mendukung Investasi @bahlillahadalia salah satunya HIPMI, HIMPI percaya pertumbuhan ekonomi &amp  penyerapan lapangan kerja akan buat Rempang maju, @detikcom  Bahlil Kawal Investasi  #HIPMIRempang https://t.co/pzTByZTeYH",,id,"Banyak yg ikut menyerukan mendukung Investasi @bahlillahadalia salah satunya HIPMI, HIMPI percaya pertumbuhan ekonomi  amp  penyerapan lapangan kerja akan buat Rempang maju, @detikcom  Bahlil Kawal Investasi  #HIPMIRempang https   t.co pzTByZTeYH",False,29,True
"Bahlil Kawal Investasi pulau rempang, pak bahlil pun akan memberikan hak warga rempang yang terkena dampak, seperti uang tunggu dan uang sewa rumah yang masing 1,2juta perorang dan 1,2juta untuk sewa rumah perkepala keluarga. #HIPMIRempang https://t.co/SVt566VHJw""",,id,"Bahlil Kawal Investasi pulau rempang, pak bahlil pun akan memberikan hak warga rempang yang terkena dampak, seperti uang tunggu dan uang sewa rumah yang masing 1,2juta perorang dan 1,2juta untuk sewa rumah perkepala keluarga. #HIPMIRempang https   t.co SVt566VHJw",False,35,True
@BosPurwa bro jgn mentang2 kusno bela palestina anti israel kau sekarang belain kusno ingat siapa yg undang pki ke istana itu kusno bapaknya megachan. pakdhe @jokowi 2 periode jauh lebih terhormat presiden w batalkan proyek rempang mega tw. mataram majapahit vs pki ccp jucheidea https://t.co/9Fq1s0G6Gs,,id,@BosPurwa bro jgn mentang2 kusno bela palestina anti israel kau sekarang belain kusno ingat siapa yg undang pki ke istana itu kusno bapaknya megachan. pakdhe @jokowi 2 periode jauh lebih terhormat presiden w batalkan proyek rempang mega tw. mataram majapahit vs pki ccp jucheidea https   t.co 9Fq1s0G6Gs,False,44,True
"@azdn_twider Kamu bawa2 Rempang mulu pdhl Rempang tidak ada isu2 pendanaan separatisme. Sengketa agraria di Indonesia itu bukan baru terjadi dan bukan hanya Rempang 😂. Natuna diklaim Cina, yakali makai isu Rempang. Pdhl sudah jelas Natuna akan jadi basis militer di Indonesia kedepan.",,id,"@azdn_twider Kamu bawa2 Rempang mulu pdhl Rempang tidak ada isu2 pendanaan separatisme. Sengketa agraria di Indonesia itu bukan baru terjadi dan bukan hanya Rempang . Natuna diklaim Cina, yakali makai isu Rempang. Pdhl sudah jelas Natuna akan jadi basis militer di Indonesia kedepan.",False,41,True
Kita berkomitmen untuk mendukung investasi berkelanjutan! HIPMI mengucapkan terima kasih kepada Menteri Bahlil yang telah memantau proyek Rempang Eco Park dengan tekun. @ganjarpranowo  Bahlil Kawal Investasi #HIPMIRempang https://t.co/4KUYCQApYq,,id,Kita berkomitmen untuk mendukung investasi berkelanjutan! HIPMI mengucapkan terima kasih kepada Menteri Bahlil yang telah memantau proyek Rempang Eco Park dengan tekun. @ganjarpranowo  Bahlil Kawal Investasi #HIPMIRempang https   t.co 4KUYCQApYq,False,29,True
"@hc_poirot Ayo bantu up, share ke semua media yang ada. Kita tidak bisa bantu hadir di rempang untuk bela saudara2 kita yang ada di sana. Tapi setidaknya kita bisa suarakan, rasa prihatin kita dengan bantu up video ini dan share ke semua sosmed. 🥺☹️🙏 https://t.co/kEhsIKs3tF",,id,"@hc_poirot Ayo bantu up, share ke semua media yang ada. Kita tidak bisa bantu hadir di rempang untuk bela saudara2 kita yang ada di sana. Tapi setidaknya kita bisa suarakan, rasa prihatin kita dengan bantu up video ini dan share ke semua sosmed.   https   t.co kEhsIKs3tF",False,44,True
Usaha pendekatan kepada warga lokal Rempang yang dilakukan Bahlil sukses mendapatkan kepercayaan warga  bahwa investasi ini akan berdampak positif terhadap ekonomi para warga  Bahlil kawal investasi #HIPMIRempang https://t.co/FPGH7pd21g,,id,Usaha pendekatan kepada warga lokal Rempang yang dilakukan Bahlil sukses mendapatkan kepercayaan warga  bahwa investasi ini akan berdampak positif terhadap ekonomi para warga  Bahlil kawal investasi #HIPMIRempang https   t.co FPGH7pd21g,False,29,True
RESMI MELAYU MALAYSIA SAUDARA JAUH ARAB SIBUKNYA BUKAN KEPALANG TAK ENDAH KESENGSARAAN SAUDARA MELAYU PALING DEKAT DI PULAU BATAM REMPANG  #RITMA #PUISI #SASTRA https://t.co/vkgxiWEL6Q,,de,RESMI MELAYU MALAYSIA SAUDARA JAUH ARAB SIBUKNYA BUKAN KEPALANG TAK ENDAH KESENGSARAAN SAUDARA MELAYU PALING DEKAT DI PULAU BATAM REMPANG  #RITMA #PUISI #SASTRA https   t.co vkgxiWEL6Q,False,25,True
"@IamBOQYES @wahyoe_affandy Dimanfaatkan siapa ?? Orang Palestina lbh suka mati sahid drpd diusir dari tanah airnya sendiri. Jgnkan tanah Palestina yg ada masjid sucinya, orang Rempang aja gak mau direlokasi (ini kl orang waras). Mrk membela dn cinta Hamas bukan Saudi, Iran, Irak, Suriah dll",,id,"@IamBOQYES @wahyoe_affandy Dimanfaatkan siapa ?? Orang Palestina lbh suka mati sahid drpd diusir dari tanah airnya sendiri. Jgnkan tanah Palestina yg ada masjid sucinya, orang Rempang aja gak mau direlokasi  ini kl orang waras . Mrk membela dn cinta Hamas bukan Saudi, Iran, Irak, Suriah dll",False,43,True
"Tumbuhkan investasi, bangun masa depan! HIPMI memberikan apresiasi kepada Menteri Bahlil yang dengan tekun mengawasi proyek Rempang Eco Park. https://t.co/4LTezwKmTI @kumparan  Bahlil Kawal Investasi #HIPMIRempang",,id,"Tumbuhkan investasi, bangun masa depan! HIPMI memberikan apresiasi kepada Menteri Bahlil yang dengan tekun mengawasi proyek Rempang Eco Park. https   t.co 4LTezwKmTI @kumparan  Bahlil Kawal Investasi #HIPMIRempang",False,26,True
"Ada beberapa hal yang menjadi alasan besarnya dukungan untuk bahlil terkait  percepatan Rempang Eco City. Salah satunya adalah Menteri Bahlil berhasil menggunakan pendekatan yang ‘down to earth’, membumi, melebur dan menggunakan bahasa yang merakyat. #DukungBahlil https://t.co/hsIGWZ1S8Y",,id,"Ada beberapa hal yang menjadi alasan besarnya dukungan untuk bahlil terkait  percepatan Rempang Eco City. Salah satunya adalah Menteri Bahlil berhasil menggunakan pendekatan yang  down to earth , membumi, melebur dan menggunakan bahasa yang merakyat. #DukungBahlil https   t.co hsIGWZ1S8Y",False,37,True
"Bismillah  Kami tdk akan melupakan kalian wahai saudaraku Bangsa Melayu di Rempang.  Dukungan pun kini datang dari Aceh utk saudara kita di Rempang (17/10/2023)  Tak kan melayu Hilang dibumi, Bumi bertuah Negeri beradat""‼️  #saverempang  Dari Aceh Untuk REMPANG  Allahu Akbar ☝️ https://t.co/SXHn7ffg2O""",,id,"Bismillah  Kami tdk akan melupakan kalian wahai saudaraku Bangsa Melayu di Rempang.  Dukungan pun kini datang dari Aceh utk saudara kita di Rempang  17 10 2023   Tak kan melayu Hilang dibumi, Bumi bertuah Negeri beradat    #saverempang  Dari Aceh Untuk REMPANG  Allahu Akbar  https   t.co SXHn7ffg2O",False,44,True
"@kh_notodiputro @ekowboy2 @mohmahfudmd Mahfud cuma caper sama rakyat seolah2 dia the best, mana tindakan dia masalah rempang? Justru membela rezim agar mega perhatian kesia utk jd  cawapres ganjar🤣🤣🤣 ngaca",,id,"@kh_notodiputro @ekowboy2 @mohmahfudmd Mahfud cuma caper sama rakyat seolah2 dia the best, mana tindakan dia masalah rempang? Justru membela rezim agar mega perhatian kesia utk jd  cawapres ganjar    ngaca",False,28,True
@YLBHI @jokowi Ternyata mengirim TNI ke rempang itu afalah bagian dr komunikasi  yg dibangun oleh pemerintah jadi sekarang ini alat2 komunilasi atau sarana komunikasi iti salah satunya mengirim TNI,,id,@YLBHI @jokowi Ternyata mengirim TNI ke rempang itu afalah bagian dr komunikasi  yg dibangun oleh pemerintah jadi sekarang ini alat2 komunilasi atau sarana komunikasi iti salah satunya mengirim TNI,False,29,True
"Konflik Rempang Eco-city terus berlanjut. Saat ini penolakan tidak hanya datang dari warga kampung tua asli yang terdampak relokasi, namun juga dari para nelayan. https://t.co/xYKYiBbvpQ",,id,"Konflik Rempang Eco-city terus berlanjut. Saat ini penolakan tidak hanya datang dari warga kampung tua asli yang terdampak relokasi, namun juga dari para nelayan. https   t.co xYKYiBbvpQ",False,25,True
"@opposite6892 tampang sdh persis londo ireng , itu pengkhianat bangsa. @bahlillahadalia  nantinbuku sejarah yg akan datang , dia akan  tertulis sbg pengkhianat &amp  penindas rakyat. yg malu anak cucu keturunannya. dia semangat banget ngegusur eh ngegeser rakyat Rempang. kira2 dpt cuan brp ya ?",,id,"@opposite6892 tampang sdh persis londo ireng , itu pengkhianat bangsa. @bahlillahadalia  nantinbuku sejarah yg akan datang , dia akan  tertulis sbg pengkhianat  amp  penindas rakyat. yg malu anak cucu keturunannya. dia semangat banget ngegusur eh ngegeser rakyat Rempang. kira2 dpt cuan brp ya ?",False,41,True
"@Widyarenee @a_yudhawastu @temponewsroom Kami dulu memilih jokowi tante, tapi merasa kecewa bolehkan?? Masalahnya ini soal negara indonesia yg luas,, sy perhatikan janji buatkan sertifikat masyarakat rempang dalam 3bulan kok malah di gusur juga, nyata2 lagi omongannya terbalik",,id,"@Widyarenee @a_yudhawastu @temponewsroom Kami dulu memilih jokowi tante, tapi merasa kecewa bolehkan?? Masalahnya ini soal negara indonesia yg luas,, sy perhatikan janji buatkan sertifikat masyarakat rempang dalam 3bulan kok malah di gusur juga, nyata2 lagi omongannya terbalik",False,36,True
DPR mengakui partisipasi masyarakat dalam proyek eco city yang dipimpin oleh pak Bahlil. Kolaborasi yang positif untuk mencapai pembangunan yang inklusif dan berkesinambungan Rempang Aman #DukungBahlil https://t.co/ATFgr02gYa,,id,DPR mengakui partisipasi masyarakat dalam proyek eco city yang dipimpin oleh pak Bahlil. Kolaborasi yang positif untuk mencapai pembangunan yang inklusif dan berkesinambungan Rempang Aman #DukungBahlil https   t.co ATFgr02gYa,False,28,True
"@davidnurbianto Gila ternyata dampak buruk dari tersebarnya pulau2 nusantara adalah, tenggang rasa dan rasa saling memiliki yg juga redup. Egosentris dan ke sukuan menyumbang sedikit. Saudara kita se tanah air ditembaki di dayak, bulan lalu benteok di rempang. Kita masih bisa tidur nyenyak",,id,"@davidnurbianto Gila ternyata dampak buruk dari tersebarnya pulau2 nusantara adalah, tenggang rasa dan rasa saling memiliki yg juga redup. Egosentris dan ke sukuan menyumbang sedikit. Saudara kita se tanah air ditembaki di dayak, bulan lalu benteok di rempang. Kita masih bisa tidur nyenyak",False,43,True
"DIBONGKAR!!! TERNYATA XINYI HOBI OMDO DAN BANGUN INVESTASI BODONG""  Ketua NCW Hanifa Sutrisna ternyata Xinyi hobi Omdo n bangun investasi tipu² sjk di Gresik n Babel. Di Rempang juga sama.  ""Ini persekongkolan jahat ‘investasi bodong’"" kata Hanifa.  https://t.co/gZ3sYaarKT""",,id,DIBONGKAR!!! TERNYATA XINYI HOBI OMDO DAN BANGUN INVESTASI BODONG   Ketua NCW Hanifa Sutrisna ternyata Xinyi hobi Omdo n bangun investasi tipu² sjk di Gresik n Babel. Di Rempang juga sama.   Ini persekongkolan jahat  investasi bodong   kata Hanifa.  https   t.co gZ3sYaarKT,False,37,True
"Anies justru mengaca dari kasus P. Rempang yg menyakitkan hati rakyat Indonesia dan tahu siapa dibalik ngototnya Menteri L dan B menggusur rakyat Rempang dan tentunya atas perintah"" (bukan titipan lagi) taipan yang dikenal banyak punya hak2 atas  tanah di Banten,  Lampung, Riau""",,id,"Anies justru mengaca dari kasus P. Rempang yg menyakitkan hati rakyat Indonesia dan tahu siapa dibalik ngototnya Menteri L dan B menggusur rakyat Rempang dan tentunya atas perintah   bukan titipan lagi  taipan yang dikenal banyak punya hak2 atas  tanah di Banten,  Lampung, Riau",False,40,True
@IND0_Update @mediaindonesia @indozonemedia DPR memberikan penghargaan pada proyek eco city yang melibatkan masyarakat di bawah pimpinan pak Bahlil. Pembebasan lahan akan dijalankan dengan cepat dan efisien Rempang Aman #DukungBahlil,,id,@IND0_Update @mediaindonesia @indozonemedia DPR memberikan penghargaan pada proyek eco city yang melibatkan masyarakat di bawah pimpinan pak Bahlil. Pembebasan lahan akan dijalankan dengan cepat dan efisien Rempang Aman #DukungBahlil,False,28,True
"@eegoiii Kata siapa bang, kalau punya mulut jangan asal jeplak, kasus rempang dan seruyan dukung rakyat yg mempertahankan tanahnya, pas kasus brigadir J kasusnya janggal kita semua teriak meminta keadilan, penembakan di tol km 56 banyak koq bersuara, Palestina dijajah selama 70 tahun juga",,id,"@eegoiii Kata siapa bang, kalau punya mulut jangan asal jeplak, kasus rempang dan seruyan dukung rakyat yg mempertahankan tanahnya, pas kasus brigadir J kasusnya janggal kita semua teriak meminta keadilan, penembakan di tol km 56 banyak koq bersuara, Palestina dijajah selama 70 tahun juga",False,43,True
Pendekatan Menteri Investasi memang luar biasa bagus di dalam upaya menyelesaikan masalah Rempang secara humanis dan memastikan investasi di sana berjalan dengan baik.  Bahlil Kawal Investasi  #HIPMIRempang @kompascom   https://t.co/FRyaDc349S,,id,Pendekatan Menteri Investasi memang luar biasa bagus di dalam upaya menyelesaikan masalah Rempang secara humanis dan memastikan investasi di sana berjalan dengan baik.  Bahlil Kawal Investasi  #HIPMIRempang @kompascom   https   t.co FRyaDc349S,False,30,True
Buku Librari Ori - Dahulukan Akhlak Di Atas Fiqih (Republish 2023) https://t.co/eO0kIsCslL Dajjal Batik Air WR 1 Kapolsek Rempang #AniesMuhaimin2024 Jenglot Miring Kamis Fajar #HongKongOpen2023 https://t.co/1qgjIxqPiy https://t.co/PpNx2GZSLr,,id,Buku Librari Ori - Dahulukan Akhlak Di Atas Fiqih  Republish 2023  https   t.co eO0kIsCslL Dajjal Batik Air WR 1 Kapolsek Rempang #AniesMuhaimin2024 Jenglot Miring Kamis Fajar #HongKongOpen2023 https   t.co 1qgjIxqPiy https   t.co PpNx2GZSLr,False,28,True
"Ternyata Investasi Xinyi di Gresik dan Babel Gagal...""  Tiba2 tersiar kabar mo invest di Rempang  ratusan triliun Dan demi invest tsb, pulau rempang pernah hrs dikosongkan.  Warga penghuninya akan direlokasi  https://t.co/uDjEj5JvOA""",,id,"Ternyata Investasi Xinyi di Gresik dan Babel Gagal...   Tiba2 tersiar kabar mo invest di Rempang  ratusan triliun Dan demi invest tsb, pulau rempang pernah hrs dikosongkan.  Warga penghuninya akan direlokasi  https   t.co uDjEj5JvOA",False,32,True
Semoga terealisasi pak untuk program investasi dan pembangunan Eco Park di Rempang! Semangat terus pak sampe tuntas biar ekonomi di sana makin membaik dan stabil  #HIPMIRempang https://t.co/vw5K6NORp1,,id,Semoga terealisasi pak untuk program investasi dan pembangunan Eco Park di Rempang! Semangat terus pak sampe tuntas biar ekonomi di sana makin membaik dan stabil  #HIPMIRempang https   t.co vw5K6NORp1,False,28,True
"NAHLOH! NCW Ungkap Ada Indikasi Korupsi dalam Pembangunan Rempang ECO City, Ini Hasil Penyelidikannya Selasa Siang Whoosh APBN Prabowo Takut Debat Dear J Kades Laos Perokok Amanda Manopo Jodie Hamil Miftah Denny Caknan #AniesMuhaimin2024 #TembakauDizalimi https://t.co/pYYeMJrhPv",,id,"NAHLOH! NCW Ungkap Ada Indikasi Korupsi dalam Pembangunan Rempang ECO City, Ini Hasil Penyelidikannya Selasa Siang Whoosh APBN Prabowo Takut Debat Dear J Kades Laos Perokok Amanda Manopo Jodie Hamil Miftah Denny Caknan #AniesMuhaimin2024 #TembakauDizalimi https   t.co pYYeMJrhPv",False,36,True
"Berdasarkan latar belakang tersebut, Pusat Riset Politik BRIN akan mengadakan webinar dengan topik *“Konflik PSN Rempang Eco City: Mengejar Investasi, Meninggalkan Masyarakat Sendiri?”*, yang akan diselenggarakan pada:",,id,"Berdasarkan latar belakang tersebut, Pusat Riset Politik BRIN akan mengadakan webinar dengan topik   Konflik PSN Rempang Eco City  Mengejar Investasi, Meninggalkan Masyarakat Sendiri?  , yang akan diselenggarakan pada",False,27,True
"@stroberidandel tadinya aku pengen kumpulin semua qrt wadas, kanjuruhan, rempang, dsb yang ga kusebut keywordnya langsung, plus ig story, plus postingan2 di @logos_id tentang hak adat  tapi kayakny percuma, niat mereka emang mau jahat aja 😂",,id,"@stroberidandel tadinya aku pengen kumpulin semua qrt wadas, kanjuruhan, rempang, dsb yang ga kusebut keywordnya langsung, plus ig story, plus postingan2 di @logos_id tentang hak adat  tapi kayakny percuma, niat mereka emang mau jahat aja",False,34,True
"Rempang 5 kali kiamat"" nggak akan maju kalau gak ada investasi, seperti dikutip Menteri Bahlil dari seorang tetua di pulau itu, saat Menteri Bahlil berdiskusi soal investasi Rempang Eco City.. Hmmm https://t.co/JbyAFY2UXR""",,id,"Rempang 5 kali kiamat  nggak akan maju kalau gak ada investasi, seperti dikutip Menteri Bahlil dari seorang tetua di pulau itu, saat Menteri Bahlil berdiskusi soal investasi Rempang Eco City.. Hmmm https   t.co JbyAFY2UXR",False,32,True
"Keberlangsungan investasi di Rempang dinilai penting. Namun, publik juga menyoroti pentingnya mengedepankan aspek hak asasi manusia tanpa ada  kekerasan dalam penyelesaian konflik di sana. #Survei #AdadiKompas  https://t.co/CnC76jbVME",,id,"Keberlangsungan investasi di Rempang dinilai penting. Namun, publik juga menyoroti pentingnya mengedepankan aspek hak asasi manusia tanpa ada  kekerasan dalam penyelesaian konflik di sana. #Survei #AdadiKompas  https   t.co CnC76jbVME",False,28,True
"Reklamasi Benoa, gwe bersuara. Reklamasi jakarta, gwe bersuara. Kendeng, gwe bersuara. Kanjuruhan gwe bersuara, Km 50 gwe bersuara. Wadas, gwe bersuara. Rohingya gwe bersuara. Uighur gwe bersuara. Rempang, gwe bersuara. Kalbar jg.   Konsistensi menunjukkan asli tidaknya kita.",,id,"Reklamasi Benoa, gwe bersuara. Reklamasi jakarta, gwe bersuara. Kendeng, gwe bersuara. Kanjuruhan gwe bersuara, Km 50 gwe bersuara. Wadas, gwe bersuara. Rohingya gwe bersuara. Uighur gwe bersuara. Rempang, gwe bersuara. Kalbar jg.   Konsistensi menunjukkan asli tidaknya kita.",False,37,True
"HIPMI menyampaikan Rempang Eco City merupakan win-win solution dikarenakan diprediksi akan berhasil dan sukses. Selain itu Bahlil Kawal Investasi dari awal ide ini muncul bahkan sampai sekarang pelaksanaannya, sehingga akan berhasil sesuai dengan apa yang diharapkan #HIPMIRempang https://t.co/PRQ7lUIVbL",,id,"HIPMI menyampaikan Rempang Eco City merupakan win-win solution dikarenakan diprediksi akan berhasil dan sukses. Selain itu Bahlil Kawal Investasi dari awal ide ini muncul bahkan sampai sekarang pelaksanaannya, sehingga akan berhasil sesuai dengan apa yang diharapkan #HIPMIRempang https   t.co PRQ7lUIVbL",False,38,True
"Pandangan Para Ulama Aswaja Tapal Kuda Probolinggo Terkait Kasus Rempang  https://t.co/h1XrD9n8rN - Menanggapi kasus Rempang Kepulaun Riau, bentrok antara warga dengan aparat keamanan akibat kebijakan rezim yang menginstruksikan supaya Masyarakat setempat  #JalanMenujuIslamKaffah https://t.co/mSycYv5DCY",,id,"Pandangan Para Ulama Aswaja Tapal Kuda Probolinggo Terkait Kasus Rempang  https   t.co h1XrD9n8rN - Menanggapi kasus Rempang Kepulaun Riau, bentrok antara warga dengan aparat keamanan akibat kebijakan rezim yang menginstruksikan supaya Masyarakat setempat  #JalanMenujuIslamKaffah https   t.co mSycYv5DCY",False,34,True
"Ternyata Xinyi makelar tanah juga, bisnis antara makelar dengan makelar  Kalau hanya untuk nambang pasir , masyarakat Rempang juga bisa ... Lain halnya jika para makelar itu memang ingin dapat 'bagian' juga😂 #Rempang #kepri #batam #melayu #SaveRempang https://t.co/5MhH3RpCmT",,id,"Ternyata Xinyi makelar tanah juga, bisnis antara makelar dengan makelar  Kalau hanya untuk nambang pasir , masyarakat Rempang juga bisa ... Lain halnya jika para makelar itu memang ingin dapat  bagian  juga #Rempang #kepri #batam #melayu #SaveRempang https   t.co 5MhH3RpCmT",False,37,True
HIPMI optimis bahwa investasi Rempang Eco City yang dipantau secara ketat oleh Menteri Investasi Bahlil Lahadalia akan menjadi pendorong pertumbuhan ekonomi lokal. Dukungan penuh untuk keberlanjutan proyek ini! #HIPMIRempang Bahlil Kawal Investasi https://t.co/LMW9Gefp64,,id,HIPMI optimis bahwa investasi Rempang Eco City yang dipantau secara ketat oleh Menteri Investasi Bahlil Lahadalia akan menjadi pendorong pertumbuhan ekonomi lokal. Dukungan penuh untuk keberlanjutan proyek ini! #HIPMIRempang Bahlil Kawal Investasi https   t.co LMW9Gefp64,False,34,True
"@tvOneNews Rempang jadi rempong krn kurang pas pendekatan dan komunikasi kpd rkyt. Prog strategi nas hrs jalan, krn untuk kepentingan rkyt, bgs dan neg. Jelaskan gamblang prog itu bukan Pem jajah rkyt. Bukan untuk kepentingan investor asing. Jika neg mampu lakukan mandiri tak perlu asing.",,id,"@tvOneNews Rempang jadi rempong krn kurang pas pendekatan dan komunikasi kpd rkyt. Prog strategi nas hrs jalan, krn untuk kepentingan rkyt, bgs dan neg. Jelaskan gamblang prog itu bukan Pem jajah rkyt. Bukan untuk kepentingan investor asing. Jika neg mampu lakukan mandiri tak perlu asing.",False,45,True
"@Dara_Cega @jokowi @ListyoSigitP @mohmahfudmd @DivHumas_Polri Setelah banyaknya kejadian seperti ini mulai dari rempang,bangkal, dll. orang-orang dayak yg mendukung IKN  APAKAH tk pernah berfikir bahwa kejadian seperti ini akan terjadi &amp  menimpa masyarakat adat dan dayak Kaltim?  Sertifikat masyarakat di persulit, Untuk pengusaha gampang.",,id,"@Dara_Cega @jokowi @ListyoSigitP @mohmahfudmd @DivHumas_Polri Setelah banyaknya kejadian seperti ini mulai dari rempang,bangkal, dll. orang-orang dayak yg mendukung IKN  APAKAH tk pernah berfikir bahwa kejadian seperti ini akan terjadi  amp  menimpa masyarakat adat dan dayak Kaltim?  Sertifikat masyarakat di persulit, Untuk pengusaha gampang.",False,41,True
"Tak Serius di Gresik dan Babel, Masih Percaya Xinyi Investasi Rp 175 Triliun di Rempang?  Rahmat Erwin Abdullah Whoosh Amanda Manopo jodie hamil Gen Z Pernah WO Laos pks tolak revisi uu ikn menuju masa depan #AniesMuhaimin2024 #PemimpinCerdas https://t.co/jYRJNvpiCX",,id,"Tak Serius di Gresik dan Babel, Masih Percaya Xinyi Investasi Rp 175 Triliun di Rempang?  Rahmat Erwin Abdullah Whoosh Amanda Manopo jodie hamil Gen Z Pernah WO Laos pks tolak revisi uu ikn menuju masa depan #AniesMuhaimin2024 #PemimpinCerdas https   t.co jYRJNvpiCX",False,39,True
Rekomendasi Floral dress https://t.co/pgV9W67hBU  t. Ldii you and me by jennie cianjur laura basuki thank you taeyong nescafe seduh na pd jorji na jaemin you did well firli blasteran pbsi gen z fajri investasi rempang angga cheol beckham jambu pilih aku kpai shameless onana https://t.co/Y8XvdtAPBp,,id,Rekomendasi Floral dress https   t.co pgV9W67hBU  t. Ldii you and me by jennie cianjur laura basuki thank you taeyong nescafe seduh na pd jorji na jaemin you did well firli blasteran pbsi gen z fajri investasi rempang angga cheol beckham jambu pilih aku kpai shameless onana https   t.co Y8XvdtAPBp,False,45,True
@floreskekinian2 Pak Bahlil Kawal Investasi di Rempang ini sangat baik dari mulai pendekatan hingga memberikan solusi terbaik bagi masyarakat sekitar. Semangat dan sukses selalu pak #HIPMIRempang,,id,@floreskekinian2 Pak Bahlil Kawal Investasi di Rempang ini sangat baik dari mulai pendekatan hingga memberikan solusi terbaik bagi masyarakat sekitar. Semangat dan sukses selalu pak #HIPMIRempang,False,26,True
"@PresidenKopi Dari cara memaksa warga Rempang harus kosongkan. Dan dengan cara paksa saja kita bisa curiga,.kenapa begitu ngotot dan ambisi buat warga Rempang menderita,.tidak mungkin jika tidak ada CUAN sebagai komisi pembebasan Tanah,.tanah perkotaan saja mau dibangun mall banyak makelarnya",,id,"@PresidenKopi Dari cara memaksa warga Rempang harus kosongkan. Dan dengan cara paksa saja kita bisa curiga,.kenapa begitu ngotot dan ambisi buat warga Rempang menderita,.tidak mungkin jika tidak ada CUAN sebagai komisi pembebasan Tanah,.tanah perkotaan saja mau dibangun mall banyak makelarnya",False,40,True
Buku Librari Ori - Haji Murad https://t.co/7qZDsgk7CV WR 1 Batik Air Kapolsek #AniesMuhaimin2024 Rempang Jenglot Al Kahfi #HongKongOpen2023 Putri KW Kamis Narnia https://t.co/ANehloDH1b https://t.co/gsn6DNBPHp,,id,Buku Librari Ori - Haji Murad https   t.co 7qZDsgk7CV WR 1 Batik Air Kapolsek #AniesMuhaimin2024 Rempang Jenglot Al Kahfi #HongKongOpen2023 Putri KW Kamis Narnia https   t.co ANehloDH1b https   t.co gsn6DNBPHp,False,25,True
"Bahlil Kawal Investasi tuh emang harus didukung banget di masa-masa kek gini, nah dgn memberikan hak² warga rempang pengembangan ini  dapat berjalan dgn lancar.  #HIPMIRempang @bahlillahadalia  @Ganjar https://t.co/qjLfTA7PRa",,id,"Bahlil Kawal Investasi tuh emang harus didukung banget di masa-masa kek gini, nah dgn memberikan hak² warga rempang pengembangan ini  dapat berjalan dgn lancar.  #HIPMIRempang @bahlillahadalia  @Ganjar https   t.co qjLfTA7PRa",False,28,True
"Himpunan Pengusaha Muda Indonesia (HIPMI) yakin jika Rempang Eco City akan berhasil dan berjalan sesuai dengan yang diharapkan, hal ini dikarenakan Bahlil Kawal Investasi tersebut #HIPMIRempang https://t.co/wET4IOBDW5",,id,"Himpunan Pengusaha Muda Indonesia  HIPMI  yakin jika Rempang Eco City akan berhasil dan berjalan sesuai dengan yang diharapkan, hal ini dikarenakan Bahlil Kawal Investasi tersebut #HIPMIRempang https   t.co wET4IOBDW5",False,28,True
"Konflik Rempang menjadi satu dari sekian konflik agraria yang memarginalkan masyarakat adat yang memiliki hak untuk mengelola wilayah mereka sesuai dengan kearifan lokal di sana. Namun , marjinalisasi masyarakat dalam konflik agraria tidak hanya berdampak pada suku-suku asli -c",,id,"Konflik Rempang menjadi satu dari sekian konflik agraria yang memarginalkan masyarakat adat yang memiliki hak untuk mengelola wilayah mereka sesuai dengan kearifan lokal di sana. Namun , marjinalisasi masyarakat dalam konflik agraria tidak hanya berdampak pada suku-suku asli -c",False,36,True
"Pada tahap pertama proyek Rempang Eco City, akan dibangun industri kaca. Proyek ini sendiri merupakan bagian dari program hilirisasi nasional untuk bahan pasir kuarsa dan silika.  #KonflikRempang #AdadiKompas",,id,"Pada tahap pertama proyek Rempang Eco City, akan dibangun industri kaca. Proyek ini sendiri merupakan bagian dari program hilirisasi nasional untuk bahan pasir kuarsa dan silika.  #KonflikRempang #AdadiKompas",False,28,True
"@HusinShihab Wong cilik mana? Wadas? Kendeng? Rempang? Cian amat wong cilik dieksploitasi buat cari suara. Giliran udah berkuasa, kerjaannya nyaplok tanah, nggusur, neror wong cilik. Shame on you",,id,"@HusinShihab Wong cilik mana? Wadas? Kendeng? Rempang? Cian amat wong cilik dieksploitasi buat cari suara. Giliran udah berkuasa, kerjaannya nyaplok tanah, nggusur, neror wong cilik. Shame on you",False,28,True
"Pembangunan PSN Rempang Eco City dinilai dilakukan secara terburu-buru. Warga diminta meninggalkan kampungnya, sementara pembangunan rumah relokasi belum dimulai. Simak #LiputanTematik #KonflikRempang dalam utas berikut. #AdadiKompas  https://t.co/TtdaG0bVPv",,id,"Pembangunan PSN Rempang Eco City dinilai dilakukan secara terburu-buru. Warga diminta meninggalkan kampungnya, sementara pembangunan rumah relokasi belum dimulai. Simak #LiputanTematik #KonflikRempang dalam utas berikut. #AdadiKompas  https   t.co TtdaG0bVPv",False,27,True
HIPMI bersama Menteri Investasi Bahlil Lahadalia siap mendukung proyek Rempang Eco City. Keberhasilan investasi ini akan membuka peluang baru bagi pengusaha muda dan mendukung pertumbuhan ekonomi regional. #HIPMIRempang Bahlil Kawal Investasi https://t.co/BeMkRy9GuD,,id,HIPMI bersama Menteri Investasi Bahlil Lahadalia siap mendukung proyek Rempang Eco City. Keberhasilan investasi ini akan membuka peluang baru bagi pengusaha muda dan mendukung pertumbuhan ekonomi regional. #HIPMIRempang Bahlil Kawal Investasi https   t.co BeMkRy9GuD,False,33,True
"Ayo bantu up, share ke semua media yang ada. Kita gk bisa bantu hadir di rempang untuk bela saudara2 kita, tapi setidaknya kita bisa suarakan dengan bantu up video ini dan share ke semua. https://t.co/e4ViKGEhrF",,id,"Ayo bantu up, share ke semua media yang ada. Kita gk bisa bantu hadir di rempang untuk bela saudara2 kita, tapi setidaknya kita bisa suarakan dengan bantu up video ini dan share ke semua. https   t.co e4ViKGEhrF",False,36,True
*VIRALKAN 📢📢📢* Selamat *Untuk  Fahri  Lubis  dan Team  Advokasi Untuk Rempang🙏 dengan Berhasil  Membawa Permasalahan Rempang Ke Perserikatan Bangsa Bangsa (PBB )  Kini Rempang Sudah Menjadi Sorotan Dunia👍🇲🇨🇲🇨 Power Of Allah* https://t.co/kfp5vvOUy1,,id,VIRALKAN   Selamat  Untuk  Fahri  Lubis  dan Team  Advokasi Untuk Rempang dengan Berhasil  Membawa Permasalahan Rempang Ke Perserikatan Bangsa Bangsa  PBB    Kini Rempang Sudah Menjadi Sorotan Dunia Power Of Allah  https   t.co kfp5vvOUy1,False,31,True
"بِسْمِ اللهِ الرَّحْمٰنِ الرَّحِيْم  *UMMAT LEADERS' CLUB PRESENTS*  Webinar : *_Class Action_ Warga Rempang : Menggugat Pemerintah Salah Urus Rakyat""*   Daftar ke nomor whatsapp 0813 8897 2424 Atau Klik ini = https://t.co/xqGliLZCK7 https://t.co/JoJIRApc6s""",,id,ب س م  الله  الر  ح م ن  الر  ح ي م   UMMAT LEADERS  CLUB PRESENTS   Webinar    _Class Action_ Warga Rempang   Menggugat Pemerintah Salah Urus Rakyat     Daftar ke nomor whatsapp 0813 8897 2424 Atau Klik ini   https   t.co xqGliLZCK7 https   t.co JoJIRApc6s,False,29,True
Warga Rempang mengucapkan rasa syukur dan terima kasih kepada pemerintah. selengkapnya: https://t.co/YM0goTr2M3  Trending -&gt  putusan MK breaking news projo mahkamah keluarga aaliyah risih #liachat beijing ditolak masuk #arusperubahanamin https://t.co/O8tGqOxGs4,,id,Warga Rempang mengucapkan rasa syukur dan terima kasih kepada pemerintah. selengkapnya  https   t.co YM0goTr2M3  Trending - gt  putusan MK breaking news projo mahkamah keluarga aaliyah risih #liachat beijing ditolak masuk #arusperubahanamin https   t.co O8tGqOxGs4,False,31,True
"@arrahmah #BreakingNews Hingga kini, lebih dari 1.000 orang penjajah israel tewas sejak penyerbuan ke permukiman penjajah israel di sekitar Jalur Gaza (menurut lansiran sumber Ibrani) Sumber: Ar-Risalah  Semoga Penjajah Indonesia di Rempang, Kalimantan,  bisa kita usir. #FreePalastine",,id,"@arrahmah #BreakingNews Hingga kini, lebih dari 1.000 orang penjajah israel tewas sejak penyerbuan ke permukiman penjajah israel di sekitar Jalur Gaza  menurut lansiran sumber Ibrani  Sumber  Ar-Risalah  Semoga Penjajah Indonesia di Rempang, Kalimantan,  bisa kita usir. #FreePalastine",False,35,True
@ganjarpranowo Bayangkan jika tanah nenek moyang kita dirampas seperti di wadas dan rempang oleh anjing2 penjaga oligarki cukong asing aseng asu berkedok investasi. https://t.co/kquEq8zTjI,,id,@ganjarpranowo Bayangkan jika tanah nenek moyang kita dirampas seperti di wadas dan rempang oleh anjing2 penjaga oligarki cukong asing aseng asu berkedok investasi. https   t.co kquEq8zTjI,False,25,True
"@TeddGus Nanti klo di buktikan pada kepanasan, ga usah jauh jauh yg masih hangat berita Rempang , malah balik nuduh, ijazah palsu jg  sebenrnya bener ada pemimpin pakai ijazah palsu, ketahuan langsung di pecat ko🤣🤣🤣, jgn kepanasan deh ..eh cebong  PKI loe semua itu pada ngumpet .",,id,"@TeddGus Nanti klo di buktikan pada kepanasan, ga usah jauh jauh yg masih hangat berita Rempang , malah balik nuduh, ijazah palsu jg  sebenrnya bener ada pemimpin pakai ijazah palsu, ketahuan langsung di pecat ko   , jgn kepanasan deh ..eh cebong  PKI loe semua itu pada ngumpet .",False,45,True
"Pulau Rempang, Batam menjadi sorotan dalam beberapa waktu terakhir karena konflik agraria antara warga dan proyek strategi nasional (PSN) Eco-City. Berikut lini masa polemik konflik agraria yang terjadi di Rempang. https://t.co/AetOklFbVD #Infografis #CNNIndonesia https://t.co/ldYtM1YTQr",,id,"Pulau Rempang, Batam menjadi sorotan dalam beberapa waktu terakhir karena konflik agraria antara warga dan proyek strategi nasional  PSN  Eco-City. Berikut lini masa polemik konflik agraria yang terjadi di Rempang. https   t.co AetOklFbVD #Infografis #CNNIndonesia https   t.co ldYtM1YTQr",False,35,True
"DPR menaruh optimisme, kepercayaan besar kepada Menteri BKPM dalam upaya rempang aman dan sekaligus memberi masukan dan dukungan penting kepada Menteri Bahlil terkait investasi di Rempang #DukungBahlil https://t.co/WZUgcfpqHy",,id,"DPR menaruh optimisme, kepercayaan besar kepada Menteri BKPM dalam upaya rempang aman dan sekaligus memberi masukan dan dukungan penting kepada Menteri Bahlil terkait investasi di Rempang #DukungBahlil https   t.co WZUgcfpqHy",False,29,True
"@aly_benzema Memang sih pak rasa keadilan di negri ini benar2 hilang ketika rakyat di gusur dari tanah kelahirannya demi proyek oligarki. Seperti Wadas, kendeng, Rempang, dll",,id,"@aly_benzema Memang sih pak rasa keadilan di negri ini benar2 hilang ketika rakyat di gusur dari tanah kelahirannya demi proyek oligarki. Seperti Wadas, kendeng, Rempang, dll",False,25,True
Kinerja pak Bahlil dalam proyek eco city disambut baik oleh DPR. Pembebasan lahan yang cepat adalah komitmen kami sesuai instruksi presiden Rempang Aman #DukungBahlil https://t.co/XujKX2U1uD,,id,Kinerja pak Bahlil dalam proyek eco city disambut baik oleh DPR. Pembebasan lahan yang cepat adalah komitmen kami sesuai instruksi presiden Rempang Aman #DukungBahlil https   t.co XujKX2U1uD,False,26,True
"@kumparan Ayooo, kader @psi_id , beranilah bersuara, kritisilah:  1. Utang yg menggunung 2. KPK yg dilemahkan  3. Korupsi yg merajalela 4. Pemerintahan yg korup (6 menteri) korupsi 5. Proyek yg bermasalah: Rempang, KCIC, IKN, Bts, Wadas, dll",,id,"@kumparan Ayooo, kader @psi_id , beranilah bersuara, kritisilah   1. Utang yg menggunung 2. KPK yg dilemahkan  3. Korupsi yg merajalela 4. Pemerintahan yg korup  6 menteri  korupsi 5. Proyek yg bermasalah  Rempang, KCIC, IKN, Bts, Wadas, dll",False,29,True
Sebagian besar warga di Pulau Rempang masih menolak rencana relokasi terkait proyek Rempang Eco City. Pemerintah diminta lebih dulu menjamin kepastian kompensasi dan rumah pengganti bagi warga. #Nusantara #AdadiKompas  https://t.co/1PP0GackdK,,id,Sebagian besar warga di Pulau Rempang masih menolak rencana relokasi terkait proyek Rempang Eco City. Pemerintah diminta lebih dulu menjamin kepastian kompensasi dan rumah pengganti bagi warga. #Nusantara #AdadiKompas  https   t.co 1PP0GackdK,False,31,True
"@Dennysiregar7 Saat pres bikin kesalahan kok gak di kritik waktu lalu... Contohnya masalah pulau rempang..., Giliran pilihan politik malah koar²... 💩 Lah kalau soal kritik ente wan",,id,"@Dennysiregar7 Saat pres bikin kesalahan kok gak di kritik waktu lalu... Contohnya masalah pulau rempang..., Giliran pilihan politik malah koar²...  Lah kalau soal kritik ente wan",False,26,True
Demi keamanan dan kenyamanan di pulau rempang bahlil selaku menteri investasi terjun langsung ke lapangan untuk memastikan jalannya proyek di pulau rempang Rempang Aman  #DukungBahlil,,id,Demi keamanan dan kenyamanan di pulau rempang bahlil selaku menteri investasi terjun langsung ke lapangan untuk memastikan jalannya proyek di pulau rempang Rempang Aman  #DukungBahlil,False,25,True
"@msaid_didu @mohmahfudmd @Yusrilihza_Mhd Negara dibuat rusak tatanan oleh orang yang tdk punya ijazah asli,dan sll berbohong pulak,tp smw kok bs tidak BERKUTIK Aneh bin ghoib kan? Persis hasil PEMILU 2019 SMW BS TUNDUK,pdhl negara DARURAT HUTANG &amp  DICHINAKAN ASSET NEGARA DIJUALI spt IKN,REMPANG,KOK ngga da yang PROTES?",,id,"@msaid_didu @mohmahfudmd @Yusrilihza_Mhd Negara dibuat rusak tatanan oleh orang yang tdk punya ijazah asli,dan sll berbohong pulak,tp smw kok bs tidak BERKUTIK Aneh bin ghoib kan? Persis hasil PEMILU 2019 SMW BS TUNDUK,pdhl negara DARURAT HUTANG  amp  DICHINAKAN ASSET NEGARA DIJUALI spt IKN,REMPANG,KOK ngga da yang PROTES?",False,50,True
"@rianernesto Gila ternyata dampak buruk dari tersebarnya pulau2 nusantara adalah, tenggang rasa dan rasa saling memiliki yg juga redup. Egosentris dan ke sukuan menyumbang sedikit. Saudara kita se tanah air ditembaki di dayak, bulan lalu benteok di rempang. Kita masih bisa tidur nyenyak",,id,"@rianernesto Gila ternyata dampak buruk dari tersebarnya pulau2 nusantara adalah, tenggang rasa dan rasa saling memiliki yg juga redup. Egosentris dan ke sukuan menyumbang sedikit. Saudara kita se tanah air ditembaki di dayak, bulan lalu benteok di rempang. Kita masih bisa tidur nyenyak",False,43,True
"Tolonglah rakyat itu, Rempang Pak, 'hikmat kebijaksanaan', bukan 'hikmat kebijakan'. Itulah pedoman kita,"" Kata JK...  Komentar :  Mengasihani rakyat bukanlah solusi, apalagi hanya sekedar ucap belaka. Sebab kerusakan negeri ini dan #jalanmenujuislamkaffah #maulidnabi https://t.co/L5cwlLl5dc""",,id,"Tolonglah rakyat itu, Rempang Pak,  hikmat kebijaksanaan , bukan  hikmat kebijakan . Itulah pedoman kita,  Kata JK...  Komentar    Mengasihani rakyat bukanlah solusi, apalagi hanya sekedar ucap belaka. Sebab kerusakan negeri ini dan #jalanmenujuislamkaffah #maulidnabi https   t.co L5cwlLl5dc",False,34,True
"@ekowboy2 sorry to say bro @Adiprayitno_20 anda tbukti bego..kapal ini jd berlayar kami tdk mw ngikutin anda krn tdk mau indo jd termiskin, terstunting,tertinggi putus skolah,upah buruh kecil sbgm data BPS.kami mw skandal 349T yg diungkap mahfud (skrg kicep) tuntas,Rempang ckup yg trakhir!",,id,"@ekowboy2 sorry to say bro @Adiprayitno_20 anda tbukti bego..kapal ini jd berlayar kami tdk mw ngikutin anda krn tdk mau indo jd termiskin, terstunting,tertinggi putus skolah,upah buruh kecil sbgm data BPS.kami mw skandal 349T yg diungkap mahfud  skrg kicep  tuntas,Rempang ckup yg trakhir!",False,45,True
"@eriemrn @Aryprasetyo85 @007koteka @03__nakula @__AnakKolong @aan_muba @al_lasan @Anak__Ogi @GunRomli @Marbot_Udien @Miduk17 @seruanhl Masa, kasus rempang gag ada hubungannya dgn singapur, ini mah murni akal akalan pejabat cr cuan, kayak gg th aja🤭🤭",,id,"@eriemrn @Aryprasetyo85 @007koteka @03__nakula @__AnakKolong @aan_muba @al_lasan @Anak__Ogi @GunRomli @Marbot_Udien @Miduk17 @seruanhl Masa, kasus rempang gag ada hubungannya dgn singapur, ini mah murni akal akalan pejabat cr cuan, kayak gg th aja",False,26,True
"@Rafilsafat Gila ternyata dampak buruk dari tersebarnya pulau2 nusantara adalah, tenggang rasa dan rasa saling memiliki yg juga redup. Egosentris dan ke sukuan menyumbang sedikit. Saudara kita se tanah air ditembaki di dayak, bulan lalu benteok di rempang. Kita masih bisa tidur nyenyak",,id,"@Rafilsafat Gila ternyata dampak buruk dari tersebarnya pulau2 nusantara adalah, tenggang rasa dan rasa saling memiliki yg juga redup. Egosentris dan ke sukuan menyumbang sedikit. Saudara kita se tanah air ditembaki di dayak, bulan lalu benteok di rempang. Kita masih bisa tidur nyenyak",False,43,True
"Investasi Rempang bisa jadi contoh utk kedepan, Kondusifitas investasi di Indonesia yg sedang tinggi harus dijaga, karena kita juga berkompetisi dengan negara lain dalam menarik FDI, @detikcom @bahlillahadalia Bahlil Kawal Investasi  #HIPMIRempang https://t.co/y6qNd05elO",,id,"Investasi Rempang bisa jadi contoh utk kedepan, Kondusifitas investasi di Indonesia yg sedang tinggi harus dijaga, karena kita juga berkompetisi dengan negara lain dalam menarik FDI, @detikcom @bahlillahadalia Bahlil Kawal Investasi  #HIPMIRempang https   t.co y6qNd05elO",False,34,True
"Sodara sodariku sebangsa dan setanah air, selagi nyawa masih dikandung badan JANGAN PERNAH lupakan wajah orang ini. Kalau perlu ceritakan ke anak cucu bahwa orang ini berwawasan luas seluas PULAU REMPANG.  . . . JASMERAH https://t.co/Ospj7gqbMW",,id,"Sodara sodariku sebangsa dan setanah air, selagi nyawa masih dikandung badan JANGAN PERNAH lupakan wajah orang ini. Kalau perlu ceritakan ke anak cucu bahwa orang ini berwawasan luas seluas PULAU REMPANG.  . . . JASMERAH https   t.co Ospj7gqbMW",False,34,True
"Senang lihat Rempang skrng aman dan kembali kondusif, pak @bahlillahadalia menjalankan tugas dngn baik, dgn ttp memperjuangkan hak2 warga, banyk yg apresiasi &amp  mendukung hingga siap kolaborasi spt HIMPI  @detikcom  Bahlil Kawal Investasi  #HIPMIRempang https://t.co/NK0heI3vCH",,id,"Senang lihat Rempang skrng aman dan kembali kondusif, pak @bahlillahadalia menjalankan tugas dngn baik, dgn ttp memperjuangkan hak2 warga, banyk yg apresiasi  amp  mendukung hingga siap kolaborasi spt HIMPI  @detikcom  Bahlil Kawal Investasi  #HIPMIRempang https   t.co NK0heI3vCH",False,36,True
"Pemerintah akan memindahkan 950 keluarga di lima kampung tua tersebut ke Kampung Tanjung Banun yang juga terletak di Pulau Rempang. Namun, sampai sekarang pembangunan perumahan relokasi belum juga dimulai. #KonflikRempang #AdadiKompas   https://t.co/D3sagmo9cE",,id,"Pemerintah akan memindahkan 950 keluarga di lima kampung tua tersebut ke Kampung Tanjung Banun yang juga terletak di Pulau Rempang. Namun, sampai sekarang pembangunan perumahan relokasi belum juga dimulai. #KonflikRempang #AdadiKompas   https   t.co D3sagmo9cE",False,33,True
"@tvOneNews Bullshit, apa yg bisa dipercaya dari rezim ini. Rempang saja dikerahkan preman berbaju dinas, padahal sblmnya sudah disepakati masyarakat adat tidak digusur tp realitanya?""",,id,"@tvOneNews Bullshit, apa yg bisa dipercaya dari rezim ini. Rempang saja dikerahkan preman berbaju dinas, padahal sblmnya sudah disepakati masyarakat adat tidak digusur tp realitanya?",False,25,True
"@PDemokrat pada saat @PDemokrat nanti menang maka mereka akan mengiyakan apa yang dilakukan @jokowi di rempang, Seruyan, Kebumen dll,  akhirnya kemunafikan itu tampak jelas.. demi jabatan dan kekuasaan.. demi seorang, mulai saat ini jangan teriak lagi jargon perubahan..",,id,"@PDemokrat pada saat @PDemokrat nanti menang maka mereka akan mengiyakan apa yang dilakukan @jokowi di rempang, Seruyan, Kebumen dll,  akhirnya kemunafikan itu tampak jelas.. demi jabatan dan kekuasaan.. demi seorang, mulai saat ini jangan teriak lagi jargon perubahan..",False,38,True
DPR mengakui upaya pak Bahlil yang melibatkan masyarakat dalam proyek eco city. Langkah inklusif untuk memastikan keberlanjutan dan keberhasilan proyek Rempang Aman #DukungBahlil https://t.co/5zdi1PoAWr,,id,DPR mengakui upaya pak Bahlil yang melibatkan masyarakat dalam proyek eco city. Langkah inklusif untuk memastikan keberlanjutan dan keberhasilan proyek Rempang Aman #DukungBahlil https   t.co 5zdi1PoAWr,False,25,True
"@HutajuluP27080 @STresnowat101 Rempang dan kalimantan tetap saya bela karna saya cinta Indonesia ,klw palestina itu pangilan agama kami sebagai muslim cinta pakestine jangan kau bilang bodoh klw kami bela palestina",,id,"@HutajuluP27080 @STresnowat101 Rempang dan kalimantan tetap saya bela karna saya cinta Indonesia ,klw palestina itu pangilan agama kami sebagai muslim cinta pakestine jangan kau bilang bodoh klw kami bela palestina",False,30,True
Gak ada yg manfaat utk rakyat boro2 bela sdr2 kita di Rempang malah disuruh serahkan tanah tumpah darah mrk .. klo jadi pemimpin makin zolim sm rakyat,,id,Gak ada yg manfaat utk rakyat boro2 bela sdr2 kita di Rempang malah disuruh serahkan tanah tumpah darah mrk .. klo jadi pemimpin makin zolim sm rakyat,False,26,True
"@6undul0h Katanya PSN ada 2... Pertama yang dibiayai negara seperti jalan tol .. Ok, saya setuju, karena pasti nya jalan tol adalah access semua masyarakat.  Tapi di Rempang, ini adalah PSS, proyek strategis swasta.. Karena milik swasta dan tanahnya tanah rakyat daerah tapi dikuasai asing",,id,"@6undul0h Katanya PSN ada 2... Pertama yang dibiayai negara seperti jalan tol .. Ok, saya setuju, karena pasti nya jalan tol adalah access semua masyarakat.  Tapi di Rempang, ini adalah PSS, proyek strategis swasta.. Karena milik swasta dan tanahnya tanah rakyat daerah tapi dikuasai asing",False,43,True
"Pelajaran utk para pendukung capres @aniesbaswedan @prabowo dan @ganjarpranowo jgn memanfaatkan kjadian yg mnimpa sdr² kita di #Palestine dan sdr kita di #rempang utk tujuan kmpanye, mnaikan elektabilitas,  dan Mnarik simpati dr netizens, sungguh tdk elok bila itu dilakukan",,id,"Pelajaran utk para pendukung capres @aniesbaswedan @prabowo dan @ganjarpranowo jgn memanfaatkan kjadian yg mnimpa sdr² kita di #Palestine dan sdr kita di #rempang utk tujuan kmpanye, mnaikan elektabilitas,  dan Mnarik simpati dr netizens, sungguh tdk elok bila itu dilakukan",False,39,True
"Gila ternyata dampak buruk dari tersebarnya pulau2 nusantara adalah, tenggang rasa dan rasa saling memiliki yg juga redup. Egosentris dan ke sukuan menyumbang sedikit. Saudara kita se tanah air ditembaki di dayak, bulan lalu benteok di rempang. Kita masih bisa tidur nyenyak",,id,"Gila ternyata dampak buruk dari tersebarnya pulau2 nusantara adalah, tenggang rasa dan rasa saling memiliki yg juga redup. Egosentris dan ke sukuan menyumbang sedikit. Saudara kita se tanah air ditembaki di dayak, bulan lalu benteok di rempang. Kita masih bisa tidur nyenyak",False,42,True
"Unt anak bangsa  sendiri sj HGU hanya 30th, HGU unt CINA HINGGA 190 tahun  MENTERI AGRARIA/BPN APAKAH ANDA WARAS?? APAKAH ANDA MMG SENGAJA BERKHIANAT KPD KEDAULATAN NKRI,  SEMENTARA KPD WARGA MELAYU REMPANG PUN KAU AMBIL HAK RAKYAT,  PUNYA NALAR TIDAK?  https://t.co/6tjFCSRVMm",,id,"Unt anak bangsa  sendiri sj HGU hanya 30th, HGU unt CINA HINGGA 190 tahun  MENTERI AGRARIA BPN APAKAH ANDA WARAS?? APAKAH ANDA MMG SENGAJA BERKHIANAT KPD KEDAULATAN NKRI,  SEMENTARA KPD WARGA MELAYU REMPANG PUN KAU AMBIL HAK RAKYAT,  PUNYA NALAR TIDAK?  https   t.co 6tjFCSRVMm",False,43,True
"sebenernya kalo emang bener bener mau perang lawan penindasan mah gausa jauh jauh ke palestina. yang serumah dulu aja coba ke dago elos, rempang, bara baraya, dan daerah lainnya di Indonesia yang sama sama mengalami penindasan.",,id,"sebenernya kalo emang bener bener mau perang lawan penindasan mah gausa jauh jauh ke palestina. yang serumah dulu aja coba ke dago elos, rempang, bara baraya, dan daerah lainnya di Indonesia yang sama sama mengalami penindasan.",False,36,True
Kami bangga mendukung investasi berkelanjutan! HIPMI mengucapkan terima kasih kepada Menteri Bahlil yang dengan tekun mengawal proyek Rempang Eco Park.  @kumparan  Bahlil Kawal Investasi #HIPMIRempang https://t.co/2wokmNJ0WM,,id,Kami bangga mendukung investasi berkelanjutan! HIPMI mengucapkan terima kasih kepada Menteri Bahlil yang dengan tekun mengawal proyek Rempang Eco Park.  @kumparan  Bahlil Kawal Investasi #HIPMIRempang https   t.co 2wokmNJ0WM,False,27,True
"obat msh belom habis, balik lagi kontrol dan ngambil hasil tes Lab, hr sabtu bsk 😣🙇🏼‍♀  . . tp bocahku tkt jenuh mau main dkt rmh 1 km,  rempang gempa Gen z panas vvip putri kw sukabumi Limpo Amanda manopo prabowo pdi kaesang Ganjar anies jokowi jessica mirna gibran whoosh https://t.co/rMLn0MZuB5",,id,"obat msh belom habis, balik lagi kontrol dan ngambil hasil tes Lab, hr sabtu bsk    . . tp bocahku tkt jenuh mau main dkt rmh 1 km,  rempang gempa Gen z panas vvip putri kw sukabumi Limpo Amanda manopo prabowo pdi kaesang Ganjar anies jokowi jessica mirna gibran whoosh https   t.co rMLn0MZuB5",False,47,True
"Pak Bahlil Kawal Investasi selalu konsisten dan selalu pantau agar berjalan dengan baik.. ditambah pendekatan dgn masyrakat Rempang jg hangat. Salut pak, sukses terus! #HIPMIRempang https://t.co/Xnh086T6Zb",,id,"Pak Bahlil Kawal Investasi selalu konsisten dan selalu pantau agar berjalan dengan baik.. ditambah pendekatan dgn masyrakat Rempang jg hangat. Salut pak, sukses terus! #HIPMIRempang https   t.co Xnh086T6Zb",False,27,True
"@VIVAcoid Wealah to mbak @puanmaharani_ri ... wacana  Nya bagus sih, tapi apa gak pada ketawa negara lain,, ngatasi Rempang aja pakai TNI POLRI,, ngatasi protes sawit aja pakai tembak mati. Sepertinya problem negeriku lebih kompleks dari perang gaza",,id,"@VIVAcoid Wealah to mbak @puanmaharani_ri ... wacana  Nya bagus sih, tapi apa gak pada ketawa negara lain,, ngatasi Rempang aja pakai TNI POLRI,, ngatasi protes sawit aja pakai tembak mati. Sepertinya problem negeriku lebih kompleks dari perang gaza",False,36,True
"Invetasi di Rempang jadi berjalan Aman karena tahap penyelesaian berupa pendekatan yang dilakukan oleh Pak Bahlil, mari terus dukung supaya bisa berjalan sesuai harapan  #DukungBahlil https://t.co/a3s4P65THr",,id,"Invetasi di Rempang jadi berjalan Aman karena tahap penyelesaian berupa pendekatan yang dilakukan oleh Pak Bahlil, mari terus dukung supaya bisa berjalan sesuai harapan  #DukungBahlil https   t.co a3s4P65THr",False,27,True
"Kementrian tdk berhak menahan warga rempang. Mereka bukan kriminal, koruptor, aplgi pengedar obat2 terlarang. Mereka hnya ingin mempertahankan hak2 tanah mereka ! Lepaskan ! Kalian digaji dan diberikan fasilitas dari pajak rakyat !",,id,"Kementrian tdk berhak menahan warga rempang. Mereka bukan kriminal, koruptor, aplgi pengedar obat2 terlarang. Mereka hnya ingin mempertahankan hak2 tanah mereka ! Lepaskan ! Kalian digaji dan diberikan fasilitas dari pajak rakyat !",False,30,True
@Ibas @titiknol_jogja @txtdrMagelang @PoldaJogja @polresjogja APA YANG BISA DIHARAPKAN DARI POLISI? KALAU URUSANNYA SAMA ORMAS?   POLISI NGGA PUNYA NYALI HANYA BERANI SAMA PENONTON BOLA DAN PETANI  #REMPANG #KANJURUHAN,,et,@Ibas @titiknol_jogja @txtdrMagelang @PoldaJogja @polresjogja APA YANG BISA DIHARAPKAN DARI POLISI? KALAU URUSANNYA SAMA ORMAS?   POLISI NGGA PUNYA NYALI HANYA BERANI SAMA PENONTON BOLA DAN PETANI  #REMPANG #KANJURUHAN,False,27,True
Hipmi atau Himpunan Pengusaha Muda Indonesia bersama dengan Bahlil Kawal investasi Rempang. Mereka yakin bahwa investasi ini akan berjalan dengan baik dan memberikan dampak positif bagi beberapa aspek terutama perekonomian nasional dan daerah #HIPMIRempang,,id,Hipmi atau Himpunan Pengusaha Muda Indonesia bersama dengan Bahlil Kawal investasi Rempang. Mereka yakin bahwa investasi ini akan berjalan dengan baik dan memberikan dampak positif bagi beberapa aspek terutama perekonomian nasional dan daerah #HIPMIRempang,False,34,True
"Bahlil kembali klaim kl 70% Warga Rempang stuju direlokasi. . Masyarakat Rempang menanggapi kl itu BOHONG.  Lgpula mn ada Meterai 6 ribu, jd ketahuan banget bohongnya 🤦🏼 https://t.co/DrSBqlkPuy",,id,"Bahlil kembali klaim kl 70  Warga Rempang stuju direlokasi. . Masyarakat Rempang menanggapi kl itu BOHONG.  Lgpula mn ada Meterai 6 ribu, jd ketahuan banget bohongnya   https   t.co DrSBqlkPuy",False,26,True
@musniumar Aduuh.. Kok tolol amat kamu ini mus.. Masyarakat rempang justru menerima.  Kamu lihat sana mereka gak ada masalah.. Yg rusuh itu pelaku anarkis dari luar rempang.. Benar² goblok kamu musni,,id,@musniumar Aduuh.. Kok tolol amat kamu ini mus.. Masyarakat rempang justru menerima.  Kamu lihat sana mereka gak ada masalah.. Yg rusuh itu pelaku anarkis dari luar rempang.. Benar² goblok kamu musni,False,31,True
@ardi_riau5 Manusia2 goblog aja...udah tahu melayu lagi di zholimi di rempang eh kok jilat2 capres yg di dukung rezim penzholim....coba ga kurang goblog apa alagi tuh,,id,@ardi_riau5 Manusia2 goblog aja...udah tahu melayu lagi di zholimi di rempang eh kok jilat2 capres yg di dukung rezim penzholim....coba ga kurang goblog apa alagi tuh,False,27,True
"@DoankWarto ciri khas buzzeRp Ganjar nih!!! di Rempang mereka memihak oligarki dan investor.. Di Palestina mereka jadi zionis pesek!!! mereka itu aslinya islamphobia, narasi ga jauh dari radikal radikul... biar masyarakat Indonesia yg nilai kelakuan zerRp ini!",,id,"@DoankWarto ciri khas buzzeRp Ganjar nih!!! di Rempang mereka memihak oligarki dan investor.. Di Palestina mereka jadi zionis pesek!!! mereka itu aslinya islamphobia, narasi ga jauh dari radikal radikul... biar masyarakat Indonesia yg nilai kelakuan zerRp ini!",False,37,True
"@IND0_Update @mediaindonesia @indozonemedia Terobosan investasi Bahlil di Pulau Rempang membawa angin segar, membuka pintu kesempatan baru dan menciptakan masa depan yang lebih cerah untuk penduduk setempat. 💼✨ Rempang Aman  #DukungBahlil",,id,"@IND0_Update @mediaindonesia @indozonemedia Terobosan investasi Bahlil di Pulau Rempang membawa angin segar, membuka pintu kesempatan baru dan menciptakan masa depan yang lebih cerah untuk penduduk setempat.  Rempang Aman  #DukungBahlil",False,28,True
"Rakyat punya hak atas tanah nya.. Otak dipakai..  Jangan benturkan aparat dengan rakyat... Kejar itu yg telah menjual Rempang . Ada indikasi BP Batam melanggar hukum dan HAM,  cek lagi HPL nya. Apakah ada dan masih berlaku ?..   #SaveRempang",,id,"Rakyat punya hak atas tanah nya.. Otak dipakai..  Jangan benturkan aparat dengan rakyat... Kejar itu yg telah menjual Rempang . Ada indikasi BP Batam melanggar hukum dan HAM,  cek lagi HPL nya. Apakah ada dan masih berlaku ?..   #SaveRempang",False,37,True
DPR RI Budeq &amp  Tuli soal Rempang pdhal kasus ini berpotensi disintegrasi Bangsa. Bangsa Melayu marah P. SUMATERA BISA MERDEKA. Wakil Rakyat berasal dari P. Sumatera kalian jgn Onani aja. Bicara dan bantu Rakyat.,,id,DPR RI Budeq  amp  Tuli soal Rempang pdhal kasus ini berpotensi disintegrasi Bangsa. Bangsa Melayu marah P. SUMATERA BISA MERDEKA. Wakil Rakyat berasal dari P. Sumatera kalian jgn Onani aja. Bicara dan bantu Rakyat.,False,32,True
"@toe_giman Penggiringan opini deh keknya. Lawan dengan video² aksi penolakan masyarakat pulau rempang, sebab klo didiamkan hoaks yg dilontarkannya akan dianggap seakan warga rempang betul setuju relokasi.",,id,"@toe_giman Penggiringan opini deh keknya. Lawan dengan video² aksi penolakan masyarakat pulau rempang, sebab klo didiamkan hoaks yg dilontarkannya akan dianggap seakan warga rempang betul setuju relokasi.",False,26,True
"@henrysubiakto Kasus Rempang saja bukti dia tidak memihak kepada Rakyat... Sekarang bicara keadilan hukum buat rakyat, padahal dia masih menjabat Menkopolhukam. Tapi nanti klu sdh duduk lupa lagi bilang rakyat bukan digusur tapi digeser...""",,id,"@henrysubiakto Kasus Rempang saja bukti dia tidak memihak kepada Rakyat... Sekarang bicara keadilan hukum buat rakyat, padahal dia masih menjabat Menkopolhukam. Tapi nanti klu sdh duduk lupa lagi bilang rakyat bukan digusur tapi digeser...",False,34,True
"@geloraco Klw gw jd org rempang yg ditahan,gw janji setelah jd org biasa ni org dan masih dipulau jawa nnt gw buat hitung2an ama dy.akan ad wktnya lo.",,id,"@geloraco Klw gw jd org rempang yg ditahan,gw janji setelah jd org biasa ni org dan masih dipulau jawa nnt gw buat hitung2an ama dy.akan ad wktnya lo.",False,28,True
Sebagian besar warga di Pulau Rempang masih menolak rencana relokasi terkait proyek Rempang Eco City. Pemerintah diminta lebih dulu menjamin kepastian kompensasi dan rumah pengganti bagi warga. #Nusantara #AdadiKompas  https://t.co/whZpgtNfLC,,id,Sebagian besar warga di Pulau Rempang masih menolak rencana relokasi terkait proyek Rempang Eco City. Pemerintah diminta lebih dulu menjamin kepastian kompensasi dan rumah pengganti bagi warga. #Nusantara #AdadiKompas  https   t.co whZpgtNfLC,False,31,True
Jenis2 ganti rugi yang ditawarkan pemerintah kepada warga Rempang  @Li9ayaTalaChes4  @NinzExe07   Ariel Ngelunjak Hamas Kompas Running Man Gaza Mauuu Perpanjang Alwi Iran Karni Ilyas Yahudi Israel Ferrari Terobos Israhell  #tolakintoleransi #tolakradikalisme #tolakterorisme https://t.co/RsNheN9aF8,,id,Jenis2 ganti rugi yang ditawarkan pemerintah kepada warga Rempang  @Li9ayaTalaChes4  @NinzExe07   Ariel Ngelunjak Hamas Kompas Running Man Gaza Mauuu Perpanjang Alwi Iran Karni Ilyas Yahudi Israel Ferrari Terobos Israhell  #tolakintoleransi #tolakradikalisme #tolakterorisme https   t.co RsNheN9aF8,False,34,True
densi mah gk jelas kgk usah di gubris lah bos @Partono_ADjem. bersatunya majapahit mataram solo jogja ayah @prabowo @gibran_tweet @GibranRakabumi @kaesangp @SBYudhoyono @AgusYudhoyono pakdhe @jokowi jauh lebih terhormat ketimbang penjual pulau megachan. rempang resmi dibatalkan,,id,densi mah gk jelas kgk usah di gubris lah bos @Partono_ADjem. bersatunya majapahit mataram solo jogja ayah @prabowo @gibran_tweet @GibranRakabumi @kaesangp @SBYudhoyono @AgusYudhoyono pakdhe @jokowi jauh lebih terhormat ketimbang penjual pulau megachan. rempang resmi dibatalkan,False,33,True
@tvOneNews Lah..  selama ini kan emang isinya anak anak muda...  Anak anak muda penghamba kekuasaan kah??  Bukan anak anak muda yang kritis terhadap kekuasaan. Bukan anak anak muda yg bersuara lantang membela rakyat rempang.,,id,@tvOneNews Lah..  selama ini kan emang isinya anak anak muda...  Anak anak muda penghamba kekuasaan kah??  Bukan anak anak muda yang kritis terhadap kekuasaan. Bukan anak anak muda yg bersuara lantang membela rakyat rempang.,False,34,True
"@IND0_Update @MataNajwa @Metro_TV @tvOneNews Sangat menggembirakan melihat Dukung Investasi dan HIPMI bersatu dalam apresiasi terhadap Menteri Bahlil, yang dengan tekunnya mengawal realisasi proyek Rempang Eco Park. Bahlil Kawal Investasi #HIPMIRempang",,id,"@IND0_Update @MataNajwa @Metro_TV @tvOneNews Sangat menggembirakan melihat Dukung Investasi dan HIPMI bersatu dalam apresiasi terhadap Menteri Bahlil, yang dengan tekunnya mengawal realisasi proyek Rempang Eco Park. Bahlil Kawal Investasi #HIPMIRempang",False,28,True
"@IND0_Update @MataNajwa @Metro_TV @tvOneNews Kerjasama antara Dukung Investasi, HIPMI, dan Menteri Bahlil dalam mengawal realisasi proyek Rempang Eco Park adalah bukti nyata bahwa investasi dan pelestarian lingkungan bisa berjalan seiring. Bahlil Kawal Investasi #HIPMIRempang",,id,"@IND0_Update @MataNajwa @Metro_TV @tvOneNews Kerjasama antara Dukung Investasi, HIPMI, dan Menteri Bahlil dalam mengawal realisasi proyek Rempang Eco Park adalah bukti nyata bahwa investasi dan pelestarian lingkungan bisa berjalan seiring. Bahlil Kawal Investasi #HIPMIRempang",False,32,True
"@Stev3n_Peg3l Jokowi ngak mau melindungi Rakyat Rempang sih  Suatu hari kamu sendiri nti yg di usir oleh Proses Alam dri rumah kamu  Harusnya di Masa Akhir tugasmu, buktikan pada Rakyat, klo kamu Pemimpin yg Amanah bsa menjaga, Melindungi dan Menghormati seluruh Rakyat Indonesia 🇮🇩🇮🇩🇮🇩",,id,"@Stev3n_Peg3l Jokowi ngak mau melindungi Rakyat Rempang sih  Suatu hari kamu sendiri nti yg di usir oleh Proses Alam dri rumah kamu  Harusnya di Masa Akhir tugasmu, buktikan pada Rakyat, klo kamu Pemimpin yg Amanah bsa menjaga, Melindungi dan Menghormati seluruh Rakyat Indonesia",False,42,True
Teguh dalam mendukung investasi berkelanjutan! HIPMI menghargai Menteri Bahlil yang memantau proyek Rempang Eco Park dengan penuh komitmen. @ganjarpranowo  Bahlil Kawal Investasi #HIPMIRempang https://t.co/Vk3gQdB2UX,,id,Teguh dalam mendukung investasi berkelanjutan! HIPMI menghargai Menteri Bahlil yang memantau proyek Rempang Eco Park dengan penuh komitmen. @ganjarpranowo  Bahlil Kawal Investasi #HIPMIRempang https   t.co Vk3gQdB2UX,False,25,True
"Dari dampak ini kita bisa melihat betapa antusiasnya yang lain juga mendukung progres ini,peran Pak Bahlil Kawal Investasi dalam rempang cuukup vital sekali. #HIPMIRempang @TVRINasional  @CNNIndonesia https://t.co/c2LrF5GPiX",,id,"Dari dampak ini kita bisa melihat betapa antusiasnya yang lain juga mendukung progres ini,peran Pak Bahlil Kawal Investasi dalam rempang cuukup vital sekali. #HIPMIRempang @TVRINasional  @CNNIndonesia https   t.co c2LrF5GPiX",False,29,True
"@zizuzee @ganjarpranowo Lo kagak liat kasus rempang skrg udh kelar masalahnya. Cuma miss komunikasi antara pemerintah &amp  rakyat. Dan lo bisanya jadi provokator doank ,  Jangan kebanyakan baca yg hoax² jd otak lo isinya hoax doank!!!!!!!!!!",,id,"@zizuzee @ganjarpranowo Lo kagak liat kasus rempang skrg udh kelar masalahnya. Cuma miss komunikasi antara pemerintah  amp  rakyat. Dan lo bisanya jadi provokator doank ,  Jangan kebanyakan baca yg hoax² jd otak lo isinya hoax doank!!!!!!!!!!",False,35,True
"@jokowi Maaf pak,jokowi rakyat negara lain bpk perihatin, rakyat bpk yg menangis,tertindas di rempang,galang dan di daerah lain yg mengalami hal yg sama  bpk tdk peduli dimana hati nurani bpk 🙏🙏🙏",,id,"@jokowi Maaf pak,jokowi rakyat negara lain bpk perihatin, rakyat bpk yg menangis,tertindas di rempang,galang dan di daerah lain yg mengalami hal yg sama  bpk tdk peduli dimana hati nurani bpk",False,33,True
"Win-win solution yang diutarakan bukan hanya sekedar janji belaka, tapi nyatanya Bahlil Kawal Investasi dan bantu berikan hak warga Rempang yang terkena dampaknya #HIPMIRempang https://t.co/lhcCPkRoMs",,id,"Win-win solution yang diutarakan bukan hanya sekedar janji belaka, tapi nyatanya Bahlil Kawal Investasi dan bantu berikan hak warga Rempang yang terkena dampaknya #HIPMIRempang https   t.co lhcCPkRoMs",False,25,True
"⁦@bahlillahadalia⁩ bagusnya cepat2 panggil bp batam untuk menjelaskan  Atau ⁦@DPR_RI⁩ panggil ⁦@bahlillahadalia⁩ menjelaskan  Jangan main2, ini bukan hanya urusan uang tp juga kelangsungan hidup rakyat di Rempang!!!  https://t.co/T365uG3PWZ",,id,"@bahlillahadalia  bagusnya cepat2 panggil bp batam untuk menjelaskan  Atau  @DPR_RI  panggil  @bahlillahadalia  menjelaskan  Jangan main2, ini bukan hanya urusan uang tp juga kelangsungan hidup rakyat di Rempang!!!  https   t.co T365uG3PWZ",False,28,True
"@tvOneNews Lah bukannya negara kita emang piara preman dari dulu ya? Kayak yang baru2 ini minta lahan parkir. Lagian warga rempang cuma mempertahankan tanah mereka, kok dikata preman. Bahlul lo bahlil",,id,"@tvOneNews Lah bukannya negara kita emang piara preman dari dulu ya? Kayak yang baru2 ini minta lahan parkir. Lagian warga rempang cuma mempertahankan tanah mereka, kok dikata preman. Bahlul lo bahlil",False,31,True
@yusuf_dumdum Yakin bos....sekelas Jokowi aja ga kelar² masalah pelanggan HAM....yg lagi hangat aja REMPANG sampai dimana dan KANJURUAN....hayoo sampai mana penyelesaian kasus tsb,,id,@yusuf_dumdum Yakin bos....sekelas Jokowi aja ga kelar² masalah pelanggan HAM....yg lagi hangat aja REMPANG sampai dimana dan KANJURUAN....hayoo sampai mana penyelesaian kasus tsb,False,25,True
"@tvOneNews Mulaikkkk, petugas partai yg dulu juga bilang dulu miskin &amp  pernah digusur eehhh rempang juga digusur mana lebih kejam smpe tutup akses sekolah &amp  kesehatan",,id,"@tvOneNews Mulaikkkk, petugas partai yg dulu juga bilang dulu miskin  amp  pernah digusur eehhh rempang juga digusur mana lebih kejam smpe tutup akses sekolah  amp  kesehatan",False,26,True
"@floreskekinian2 @MataNajwa @tvOneNews @karniilyas Sejatinya proyek strategis nasional di rempang akan berdampak positif bagi warga rempang, karena akan membantu meningkatkan perekonomian mereka.  Rempang Aman  #DukungBahlil",,id,"@floreskekinian2 @MataNajwa @tvOneNews @karniilyas Sejatinya proyek strategis nasional di rempang akan berdampak positif bagi warga rempang, karena akan membantu meningkatkan perekonomian mereka.  Rempang Aman  #DukungBahlil",False,25,True
"Sementara 7.000 warga p.rempang akan digusur oleh rezim yg berkuasa utk keperluan investor china, kini 45.000 warga Air Bangis di Sumatera Barat juga resah atas tanah ulayat (tanah pusaka) seluas 30.162 Ha yg sdh mereka diami sejak ratusan thn juga akan digusur jika PSN berlaku.",,id,"Sementara 7.000 warga p.rempang akan digusur oleh rezim yg berkuasa utk keperluan investor china, kini 45.000 warga Air Bangis di Sumatera Barat juga resah atas tanah ulayat  tanah pusaka  seluas 30.162 Ha yg sdh mereka diami sejak ratusan thn juga akan digusur jika PSN berlaku.",False,41,True
@SammiSoh Ini para Bajingan provokator di Rempang Riau asuuu si Mimin tua Bangka bau tanah semoga parte ini tengelam dan di laknatullah karena sifat hasutan dan provokasi adalah dosa besar yg membawa kehancuran umat😡😡😡😡👎👎👎👎,,id,@SammiSoh Ini para Bajingan provokator di Rempang Riau asuuu si Mimin tua Bangka bau tanah semoga parte ini tengelam dan di laknatullah karena sifat hasutan dan provokasi adalah dosa besar yg membawa kehancuran umat,False,34,True
"Ga hanya Himpi yg berterima kasih dn ucapkan apresiasi, saya sbg masyarakat jg demikian, investasi ini baik utk masa depan Rempang utk bisa punya daya saing spt kota2 besar dinegara tetangga @bahlillahadalia @detikcom Bahlil Kawal Investasi  #HIPMIRempang https://t.co/ZDEGHe13SN",,id,"Ga hanya Himpi yg berterima kasih dn ucapkan apresiasi, saya sbg masyarakat jg demikian, investasi ini baik utk masa depan Rempang utk bisa punya daya saing spt kota2 besar dinegara tetangga @bahlillahadalia @detikcom Bahlil Kawal Investasi  #HIPMIRempang https   t.co ZDEGHe13SN",False,39,True
Pembangunan PSN Rempang Eco City dinilai dilakukan secara terburu-buru. Warga diminta meninggalkan kampungnya sementara pembangunan rumah relokasi belum dimulai dan dokumen amdal masih dalam penyusunan. #Nusantara #AdadiKompas    https://t.co/bBxzRmg5YQ,,id,Pembangunan PSN Rempang Eco City dinilai dilakukan secara terburu-buru. Warga diminta meninggalkan kampungnya sementara pembangunan rumah relokasi belum dimulai dan dokumen amdal masih dalam penyusunan. #Nusantara #AdadiKompas    https   t.co bBxzRmg5YQ,False,28,True
"bb palingbnyk 43,5 kg itupun proses naikin ny 3 tahun.  . . sakit baru 5 hari  turun 2,5 kg 🥺 dahlah . . 🙇🏼‍♀ #EmakHiLma  rempang gempa Gen z sukabumi Limpo Amanda manopo prabowo pdi kaesang Ganjar anies jokowi jessica mirna gibran whoosh",,id,"bb palingbnyk 43,5 kg itupun proses naikin ny 3 tahun.  . . sakit baru 5 hari  turun 2,5 kg   dahlah . .   #EmakHiLma  rempang gempa Gen z sukabumi Limpo Amanda manopo prabowo pdi kaesang Ganjar anies jokowi jessica mirna gibran whoosh",False,32,True
"@Bambangmulyonoo Mau dipoles spt apapun ,sebagian rakyat sdh gak mungkin  percaya lagi...wadas ,rempang dn msih bnyk yg lain cm senyap dari liputan media... https://t.co/kroPxyo2oY",,id,"@Bambangmulyonoo Mau dipoles spt apapun ,sebagian rakyat sdh gak mungkin  percaya lagi...wadas ,rempang dn msih bnyk yg lain cm senyap dari liputan media... https   t.co kroPxyo2oY",False,26,True
"Bahlil Tolak Permintaan DPR dan Komnas HAM agar Peserta Demo Pulau Rempang Dibebaskan  Kalau dibiarkan, negara kita jadi negara preman,"" ujar Menteri Investasi Bahlil Lahadalia  https://t.co/Pk7bNugNQG""",,id,"Bahlil Tolak Permintaan DPR dan Komnas HAM agar Peserta Demo Pulau Rempang Dibebaskan  Kalau dibiarkan, negara kita jadi negara preman,  ujar Menteri Investasi Bahlil Lahadalia  https   t.co Pk7bNugNQG",False,27,True
"Jangan lupa  tanah warga melayu Rempang,itu milik mereka sejak abad 18. Lebih Baik Mati Berdiri Daripada Hidup Berlutut. Takkan Hilang Warga Melayu Di Bumi Indonesia. Esa Hilang Dua Terbilang. “Diam kita ditindas, kita harus bergerak utk menyelamatkan Bangsa Negara Indonesia ini” https://t.co/blF9hskRCb",,id,"Jangan lupa  tanah warga melayu Rempang,itu milik mereka sejak abad 18. Lebih Baik Mati Berdiri Daripada Hidup Berlutut. Takkan Hilang Warga Melayu Di Bumi Indonesia. Esa Hilang Dua Terbilang.  Diam kita ditindas, kita harus bergerak utk menyelamatkan Bangsa Negara Indonesia ini  https   t.co blF9hskRCb",False,43,True
"Upaya ini ditempuh setelah beberapa upaya hukum dilakukan sebelumnya, salah satunya permohonan penangguhan penahanan. Namun upaya tersebut belum dapat respon sampai saat ini.  #rempang  https://t.co/tIauUKIgxY",,id,"Upaya ini ditempuh setelah beberapa upaya hukum dilakukan sebelumnya, salah satunya permohonan penangguhan penahanan. Namun upaya tersebut belum dapat respon sampai saat ini.  #rempang  https   t.co tIauUKIgxY",False,26,True
